2024 RANK,2023 RANK,SIZE,FOCUS,RES.,AGE,STATUS,Academic Reputation Score,Academic Reputation Rank,Employer Reputation Score,Employer Reputation Rank,Faculty Student Score,Faculty Student Rank,Citations per Faculty Score,Citations per Faculty Rank,International Faculty Score,International Faculty Rank,International Students Score,International Students Rank,International Research Network Score,International Research Network Rank,Employment Outcomes Score,Employment Outcomes Rank,Sustainability Score,Sustainability Rank,Overall SCORE,rank_order,rank,scores_overall,scores_overall_rank,scores_teaching,scores_teaching_rank,scores_research,scores_research_rank,scores_citations,scores_citations_rank,scores_industry_income,scores_industry_income_rank,scores_international_outlook,scores_international_outlook_rank,stats_number_students,stats_student_staff_ratio,stats_pc_intl_students,female_student_pct,stats_proportion_of_isr,subjects_offered,University_Name,Master_Country
336.0,330.0,L,FC,VH,3,A,20.0,442.0,22.2,424.0,31.5,500.0,42.4,317,76.4,244.0,18.2,570.0,79.2,151.0,14.7,569.0,35.8,393.0,32.2,2020.0,225.5,0.0,2020.0,33.7,509.0,45.0,187.0,83.0,260.0,80.6,256.0,72.4,372.0,17275.0,14.9,12.0,54.0,34.0,"Art, Performing Arts & Design,Electrical & Electronic Engineering,Politics & International Studies (incl Development Studies),Computer Science,Chemical Engineering,Law,Civil Engineering,Geography,Languages, Literature & Linguistics,Mechanical & Aerospace Engineering,Geology, Environmental, Earth & Marine Sciences,Economics & Econometrics,General Engineering,Chemistry,Accounting & Finance,Other Health,Biological Sciences,Communication & Media Studies,Agriculture & Forestry,Sociology,Medicine & Dentistry,Mathematics & Statistics,Education,Architecture,Physics & Astronomy,Business & Management,History, Philosophy & Theology,Sport Science,Psychology",Aalborg University,Denmark
109.0,116.0,L,FO,VH,2,A,44.6,187.0,41.8,223.0,40.2,391.0,79.4,112,95.5,147.0,37.7,363.0,56.2,277.0,88.9,39.0,95.0,53.0,58.7,2030.0,225.5,0.0,2030.0,42.0,261.0,43.1,208.0,79.7,326.0,87.2,184.0,81.8,225.0,14427.0,20.4,23.0,39.0,46.0,"Electrical & Electronic Engineering,Art, Performing Arts & Design,Education,Business & Management,Computer Science,Communication & Media Studies,Accounting & Finance,Chemistry,Mathematics & Statistics,Physics & Astronomy,Architecture,Economics & Econometrics,Psychology,Chemical Engineering,Mechanical & Aerospace Engineering,Civil Engineering,General Engineering",Aalto University,Finland
143.0,161.0,L,FC,VH,4,A,55.8,140.0,24.7,387.0,32.5,490.0,54.1,238,90.3,181.0,13.1,661.0,94.8,56.0,45.1,156.0,98.4,18.0,52.0,1090.0,109.0,65.9,1090.0,44.9,205.0,59.0,89.0,86.3,186.0,98.7,75.0,76.3,307.0,26996.0,13.5,9.0,56.0,25.0,"Other Health,Sport Science,Law,Computer Science,Mathematics & Statistics,Education,Veterinary Science,Geography,Economics & Econometrics,Electrical & Electronic Engineering,Communication & Media Studies,Biological Sciences,Politics & International Studies (incl Development Studies),Archaeology,Physics & Astronomy,Accounting & Finance,Languages, Literature & Linguistics,Chemical Engineering,Business & Management,Medicine & Dentistry,Agriculture & Forestry,Geology, Environmental, Earth & Marine Sciences,History, Philosophy & Theology,Civil Engineering,Psychology,Art, Performing Arts & Design,Mechanical & Aerospace Engineering,Chemistry",Aarhus University,Denmark
665.5,675.5,M,CO,VH,5,A,9.5,601.0,6.4,601.0,19.5,680.0,23.5,507,46.1,374.0,49.5,300.0,27.1,482.0,10.5,701.0,9.6,678.0,0.0,5040.0,550.5,0.0,5040.0,26.3,919.0,23.0,685.0,68.5,594.0,62.4,604.0,87.3,161.0,6180.0,15.6,23.0,51.0,30.0,"Economics & Econometrics,Communication & Media Studies,Electrical & Electronic Engineering,Sport Science,Education,History, Philosophy & Theology,Law,Business & Management,Mathematics & Statistics,Veterinary Science,Biological Sciences,Accounting & Finance,Physics & Astronomy,Sociology,Agriculture & Forestry,Politics & International Studies (incl Development Studies),Geography,Other Health,Geology, Environmental, Earth & Marine Sciences,Computer Science,Art, Performing Arts & Design,Languages, Literature & Linguistics,Psychology",Aberystwyth University,United Kingdom
580.0,675.5,S,SP,Unknown,2,C,11.5,601.0,17.9,490.0,12.6,701.0,12.4,689,100.0,5.0,99.9,32.0,1.2,701.0,11.3,701.0,1.1,701.0,20.4,2500.0,275.5,0.0,2500.0,40.8,281.0,30.0,471.0,85.8,192.0,25.5,1316.0,97.8,9.0,2506.0,10.9,60.0,51.0,36.0,"Psychology,Communication & Media Studies,Business & Management,Sport Science,Agriculture & Forestry,Economics & Econometrics,Mathematics & Statistics,Accounting & Finance,Other Health,Art, Performing Arts & Design,Chemical Engineering,General Engineering,Education,Physics & Astronomy,Biological Sciences,Archaeology,Medicine & Dentistry,Languages, Literature & Linguistics,History, Philosophy & Theology,Chemistry,Architecture,Veterinary Science,Politics & International Studies (incl Development Studies),Law,Civil Engineering,Geography,Computer Science,Sociology",Abu Dhabi University,United Arab Emirates
735.5,900.5,L,CO,VH,5,A,15.8,554.0,8.7,601.0,29.7,523.0,5.0,701,7.0,701.0,7.0,701.0,59.5,247.0,12.6,689.0,38.4,373.0,0.0,10040.0,1100.5,0.0,10040.0,19.7,1397.0,28.4,506.0,43.5,1155.0,29.6,1194.0,37.8,1205.0,33268.0,25.0,6.0,68.0,28.0,"History, Philosophy & Theology,Law,Chemistry,Sociology,Psychology,Computer Science,Archaeology,Politics & International Studies (incl Development Studies),Biological Sciences,Geology, Environmental, Earth & Marine Sciences,Geography,Communication & Media Studies,Mathematics & Statistics,Art, Performing Arts & Design,Business & Management,Languages, Literature & Linguistics,Physics & Astronomy,Education","Adam Mickiewicz University, Poznań",Poland
387.0,490.0,XL,FC,VH,5,A,36.1,241.0,4.5,601.0,8.3,701.0,26.5,468,18.5,609.0,19.9,549.0,99.4,13.0,11.3,701.0,64.5,228.0,28.3,3520.0,375.5,0.0,3520.0,43.0,237.0,27.2,533.0,71.9,509.0,63.2,583.0,76.3,308.0,72946.0,17.3,14.0,60.0,26.0,"Geography,Other Health,Medicine & Dentistry,Languages, Literature & Linguistics,Economics & Econometrics,Biological Sciences,General Engineering,Mathematics & Statistics,Civil Engineering,Sport Science,Law,Chemical Engineering,Education,Architecture,History, Philosophy & Theology,Mechanical & Aerospace Engineering,Business & Management,Physics & Astronomy,Politics & International Studies (incl Development Studies),Sociology,Communication & Media Studies,Chemistry,Computer Science,Accounting & Finance,Electrical & Electronic Engineering,Archaeology,Geology, Environmental, Earth & Marine Sciences,Psychology,Art, Performing Arts & Design",Aix-Marseille University,France
1300.5,1300.5,XL,CO,VH,4,A,11.2,601.0,6.8,601.0,11.1,701.0,1.3,701,1.5,701.0,10.4,701.0,5.2,701.0,13.6,628.0,1.2,701.0,0.0,8070.0,900.5,0.0,8070.0,19.2,1449.0,10.9,1534.0,69.2,576.0,20.4,1516.0,57.4,634.0,269733.0,22.0,9.0,42.0,24.0,"Chemistry,Geology, Environmental, Earth & Marine Sciences,Electrical & Electronic Engineering,Mathematics & Statistics,Psychology,Languages, Literature & Linguistics,Sport Science,Accounting & Finance,General Engineering,Civil Engineering,Other Health,Physics & Astronomy,Business & Management,Computer Science,Veterinary Science,Agriculture & Forestry,Economics & Econometrics,Biological Sciences,Chemical Engineering,Medicine & Dentistry,Mechanical & Aerospace Engineering",Al-Azhar University,Egypt
1401.0,1300.5,L,FC,MD,3,A,5.0,601.0,6.7,601.0,4.3,701.0,2.4,701,3.8,701.0,1.8,701.0,2.0,701.0,7.6,701.0,1.0,701.0,0.0,10090.0,1100.5,0.0,10090.0,12.0,1876.0,13.6,1236.0,59.2,802.0,22.5,1417.0,39.3,1140.0,27973.0,27.3,2.0,59.0,36.0,"Accounting & Finance,Medicine & Dentistry,Business & Management,Law,Chemical Engineering,Physics & Astronomy,Biological Sciences,Chemistry,General Engineering,Electrical & Electronic Engineering,Mathematics & Statistics,Computer Science,Education,Languages, Literature & Linguistics,Mechanical & Aerospace Engineering,Psychology,Sociology,Other Health,Civil Engineering,Agriculture & Forestry,Architecture,Economics & Econometrics",Al-Balqa Applied University,Jordan
230.0,150.0,L,FC,HI,4,A,51.4,155.0,74.9,85.0,98.9,38.0,1.4,701,28.8,497.0,34.0,386.0,12.0,634.0,11.5,701.0,5.1,701.0,41.6,12090.0,1350.5,0.0,12090.0,24.8,1014.0,11.1,1509.0,27.1,1517.0,25.3,1325.0,72.5,371.0,24303.0,5.9,10.0,59.0,37.0,"Electrical & Electronic Engineering,Law,Sport Science,Communication & Media Studies,Accounting & Finance,Biological Sciences,Geology, Environmental, Earth & Marine Sciences,Economics & Econometrics,Other Health,Physics & Astronomy,Business & Management,Medicine & Dentistry,General Engineering,Chemistry,Archaeology,Chemical Engineering,Psychology,Computer Science,Politics & International Studies (incl Development Studies),Mechanical & Aerospace Engineering,Sociology,History, Philosophy & Theology,Mathematics & Statistics,Geography,Languages, Literature & Linguistics,Civil Engineering,Education",Al-Farabi Kazakh National University,Kazakhstan
1300.5,1300.5,L,FO,VH,5,A,8.0,601.0,8.0,601.0,5.3,701.0,2.9,701,3.6,701.0,10.9,693.0,1.8,701.0,8.0,701.0,1.2,701.0,0.0,15210.0,1501.0,0.0,15210.0,16.5,1659.0,12.1,1396.0,31.6,1409.0,18.3,1642.0,40.2,1111.0,25443.0,22.3,8.0,56.0,33.0,"Economics & Econometrics,Psychology,Languages, Literature & Linguistics,Geography,Chemistry,Communication & Media Studies,Politics & International Studies (incl Development Studies),Accounting & Finance,Archaeology,Biological Sciences,Sociology,Geology, Environmental, Earth & Marine Sciences,Computer Science,Education,Mathematics & Statistics,Business & Management,Law,Physics & Astronomy,History, Philosophy & Theology,Sport Science",Alexandru Ioan Cuza University,Romania
735.5,675.5,S,FO,VH,2,B,3.9,601.0,3.2,601.0,23.9,594.0,10.7,701,100.0,26.0,89.4,120.0,1.1,701.0,9.2,701.0,1.2,701.0,0.0,5080.0,550.5,0.0,5080.0,24.1,1073.0,15.2,1103.0,72.7,489.0,42.1,935.0,97.7,11.0,3274.0,10.8,32.0,56.0,14.0,"Mechanical & Aerospace Engineering,Business & Management,Other Health,Law,Biological Sciences,Medicine & Dentistry,Accounting & Finance,Electrical & Electronic Engineering,General Engineering",Alfaisal University,Saudi Arabia
1100.5,1100.5,L,CO,VH,5,A,9.7,601.0,2.5,601.0,20.8,651.0,10.2,701,1.2,701.0,1.7,701.0,5.0,701.0,6.1,701.0,17.1,579.0,0.0,6110.0,700.5,0.0,6110.0,41.1,276.0,14.0,1203.0,61.6,741.0,34.3,1105.0,38.2,1182.0,20428.0,12.0,1.0,40.0,34.0,"Geography,Accounting & Finance,Sport Science,Psychology,History, Philosophy & Theology,Chemistry,Biological Sciences,Electrical & Electronic Engineering,Architecture,Politics & International Studies (incl Development Studies),Law,Mechanical & Aerospace Engineering,Chemical Engineering,Languages, Literature & Linguistics,General Engineering,Geology, Environmental, Earth & Marine Sciences,Agriculture & Forestry,Education,Medicine & Dentistry,Art, Performing Arts & Design,Civil Engineering,Economics & Econometrics,Sociology,Communication & Media Studies,Physics & Astronomy,Business & Management,Mathematics & Statistics,Computer Science,Other Health",Aligarh Muslim University,India
705.5,525.5,M,FO,VH,4,A,10.0,601.0,3.7,601.0,84.4,110.0,1.4,701,6.7,701.0,69.9,212.0,1.0,701.0,7.6,701.0,6.1,701.0,0.0,15220.0,1501.0,0.0,15220.0,20.5,1335.0,16.5,1004.0,15.2,1763.0,25.2,1331.0,64.4,497.0,9271.0,19.0,27.0,56.0,17.0,"Agriculture & Forestry,Communication & Media Studies,Languages, Literature & Linguistics,Mathematics & Statistics,Archaeology,Physics & Astronomy,Business & Management,Computer Science,Geography,Electrical & Electronic Engineering,Education,Civil Engineering,Chemistry,Accounting & Finance,Chemical Engineering,Politics & International Studies (incl Development Studies),History, Philosophy & Theology,Sport Science,Law,Economics & Econometrics,Art, Performing Arts & Design,Biological Sciences,Sociology,General Engineering,Geology, Environmental, Earth & Marine Sciences",Altai State University,Russia
795.5,725.5,M,CO,HI,5,B,16.2,542.0,22.8,418.0,30.0,522.0,4.1,701,3.0,701.0,15.6,610.0,1.2,701.0,33.3,231.0,3.0,701.0,0.0,6130.0,700.5,0.0,6130.0,35.2,454.0,17.1,960.0,57.2,844.0,38.5,1011.0,46.5,916.0,12771.0,12.0,12.0,62.0,19.0,"Law,Other Health,Economics & Econometrics,Computer Science,Accounting & Finance,Medicine & Dentistry,Sociology,Politics & International Studies (incl Development Studies),Art, Performing Arts & Design,Chemistry,Physics & Astronomy,Business & Management,Geology, Environmental, Earth & Marine Sciences,Languages, Literature & Linguistics,Communication & Media Studies,Mathematics & Statistics,History, Philosophy & Theology,Education,Sport Science,Psychology,Biological Sciences",American University,United States
364.0,369.0,S,CO,VH,3,B,20.0,438.0,39.1,243.0,20.7,653.0,20.0,559,100.0,2.0,100.0,6.0,6.4,701.0,36.9,202.0,3.0,701.0,30.3,6140.0,700.5,0.0,6140.0,24.5,1041.0,26.3,561.0,57.9,826.0,27.9,1237.0,88.6,142.0,4737.0,12.5,74.0,54.0,40.0,"Biological Sciences,Art, Performing Arts & Design,Mechanical & Aerospace Engineering,Economics & Econometrics,Chemical Engineering,Psychology,General Engineering,Geology, Environmental, Earth & Marine Sciences,Civil Engineering,Sociology,Electrical & Electronic Engineering,Chemistry,Mathematics & Statistics,Business & Management,Languages, Literature & Linguistics,Physics & Astronomy,Accounting & Finance,Architecture,Politics & International Studies (incl Development Studies),Computer Science,Communication & Media Studies",American University of Sharjah,United Arab Emirates
375.0,443.0,M,FO,VH,4,A,4.1,601.0,33.4,295.0,5.1,701.0,99.8,13,15.9,652.0,2.8,701.0,9.5,681.0,10.3,701.0,16.5,586.0,29.5,3530.0,375.5,0.0,3530.0,34.8,468.0,33.7,385.0,77.0,395.0,85.1,207.0,38.8,1159.0,9859.0,20.2,3.0,35.0,47.0,"Computer Science,Geology, Environmental, Earth & Marine Sciences,Chemical Engineering,Physics & Astronomy,Business & Management,Electrical & Electronic Engineering,Chemistry,General Engineering,Civil Engineering,Mathematics & Statistics,Mechanical & Aerospace Engineering",Amirkabir University of Technology,"Iran, Islamic Republic of"
1100.5,1100.5,L,CO,VH,2,B,8.5,601.0,7.6,601.0,10.6,701.0,5.9,701,3.8,701.0,21.8,519.0,22.4,524.0,9.1,701.0,1.9,701.0,0.0,8120.0,900.5,0.0,8120.0,23.6,1103.0,14.0,1204.0,62.3,725.0,20.0,1528.0,31.1,1459.0,30989.0,17.1,7.0,52.0,34.0,"Communication & Media Studies,Mechanical & Aerospace Engineering,Civil Engineering,Art, Performing Arts & Design,Biological Sciences,Other Health,Mathematics & Statistics,Law,Politics & International Studies (incl Development Studies),Geology, Environmental, Earth & Marine Sciences,Economics & Econometrics,Chemical Engineering,Architecture,Geography,General Engineering,Sociology,Accounting & Finance,Business & Management,Sport Science,Chemistry,History, Philosophy & Theology,Psychology,Electrical & Electronic Engineering,Computer Science,Physics & Astronomy,Agriculture & Forestry,Education,Languages, Literature & Linguistics",Amity University,India
1100.5,1100.5,L,FC,VH,2,B,4.8,601.0,4.1,601.0,25.3,579.0,5.2,701,37.0,438.0,1.7,701.0,1.4,701.0,4.5,701.0,1.1,701.0,0.0,8130.0,900.5,0.0,8130.0,28.4,780.0,20.5,787.0,60.8,763.0,41.1,953.0,36.9,1246.0,22085.0,11.8,5.0,54.0,42.0,"Mechanical & Aerospace Engineering,Chemical Engineering,Electrical & Electronic Engineering,Accounting & Finance,Business & Management,Economics & Econometrics,Medicine & Dentistry,Mathematics & Statistics,History, Philosophy & Theology,Biological Sciences,Geology, Environmental, Earth & Marine Sciences,Languages, Literature & Linguistics,Civil Engineering,General Engineering,Physics & Astronomy,Computer Science,Agriculture & Forestry,Chemistry,Other Health",Amrita Vishwa Vidyapeetham,India
1100.5,1100.5,L,FC,MD,4,A,6.4,601.0,16.5,518.0,7.3,701.0,2.2,701,36.2,446.0,25.0,473.0,1.3,701.0,10.9,701.0,3.1,701.0,0.0,10120.0,1100.5,0.0,10120.0,13.3,1830.0,9.8,1666.0,65.4,668.0,21.0,1479.0,61.2,556.0,24835.0,21.7,11.0,66.0,27.0,"History, Philosophy & Theology,Veterinary Science,Other Health,Economics & Econometrics,Sociology,Sport Science,Archaeology,Geography,Business & Management,Mechanical & Aerospace Engineering,Medicine & Dentistry,Psychology,Mathematics & Statistics,General Engineering,Physics & Astronomy,Agriculture & Forestry,Architecture,Law,Electrical & Electronic Engineering,Education,Politics & International Studies (incl Development Studies),Accounting & Finance,Biological Sciences,Communication & Media Studies,Chemical Engineering,Geology, Environmental, Earth & Marine Sciences,Computer Science,Art, Performing Arts & Design,Languages, Literature & Linguistics,Civil Engineering",An-Najah National University,"Palestinian Territory, Occupied"
1300.5,1300.5,L,FO,VH,4,A,4.0,601.0,4.0,601.0,13.8,701.0,2.9,701,1.9,701.0,3.1,701.0,1.4,701.0,10.6,701.0,1.1,701.0,0.0,12130.0,1350.5,0.0,12130.0,22.3,1200.0,11.8,1422.0,41.2,1197.0,22.0,1438.0,32.7,1397.0,21491.0,17.0,8.0,53.0,22.0,"Sociology,Languages, Literature & Linguistics,Law,Business & Management,Archaeology,Chemistry,History, Philosophy & Theology,Education,Economics & Econometrics,Biological Sciences,Accounting & Finance,Politics & International Studies (incl Development Studies),Other Health,Psychology,Art, Performing Arts & Design,Communication & Media Studies",Anadolu University,Turkey
1300.5,1300.5,L,CO,MD,4,B,6.9,601.0,12.3,601.0,5.4,701.0,2.0,701,16.3,648.0,2.7,701.0,1.0,701.0,11.4,701.0,1.0,701.0,0.0,15330.0,1501.0,0.0,15330.0,20.0,1371.0,8.9,1808.0,10.4,1851.0,22.2,1431.0,36.2,1267.0,19692.0,12.2,3.0,49.0,39.0,"Chemical Engineering,Biological Sciences,Physics & Astronomy,Sport Science,General Engineering,Computer Science,Geography,Education,Mechanical & Aerospace Engineering,History, Philosophy & Theology,Economics & Econometrics,Communication & Media Studies,Psychology,Art, Performing Arts & Design,Mathematics & Statistics,Chemistry,Politics & International Studies (incl Development Studies),Sociology,Law,Geology, Environmental, Earth & Marine Sciences,Electrical & Electronic Engineering,Archaeology,Business & Management,Accounting & Finance,Languages, Literature & Linguistics",Aoyama Gakuin University,Japan
530.0,675.5,XL,FC,VH,4,A,28.7,305.0,25.9,370.0,3.8,701.0,13.5,667,1.4,701.0,4.0,701.0,75.4,169.0,15.7,532.0,36.6,388.0,22.1,8160.0,900.5,0.0,8160.0,22.3,1201.0,16.8,981.0,66.3,642.0,52.7,759.0,38.1,1187.0,49654.0,18.2,5.0,58.0,28.0,"Law,Electrical & Electronic Engineering,Economics & Econometrics,History, Philosophy & Theology,General Engineering,Medicine & Dentistry,Politics & International Studies (incl Development Studies),Archaeology,Biological Sciences,Veterinary Science,Psychology,Sport Science,Chemical Engineering,Art, Performing Arts & Design,Chemistry,Business & Management,Mathematics & Statistics,Languages, Literature & Linguistics,Architecture,Geology, Environmental, Earth & Marine Sciences,Mechanical & Aerospace Engineering,Computer Science,Agriculture & Forestry,Communication & Media Studies,Education,Other Health,Accounting & Finance,Physics & Astronomy,Civil Engineering",Aristotle University of Thessaloniki,Greece
446.0,565.5,L,CO,VH,4,A,12.9,601.0,22.8,416.0,10.0,701.0,34.1,400,93.0,164.0,38.3,359.0,50.5,310.0,18.1,463.0,12.3,640.0,25.7,4030.0,450.5,0.0,4030.0,22.2,1206.0,26.5,555.0,82.5,270.0,64.1,563.0,95.2,44.0,12950.0,19.0,25.0,48.0,28.0,"Economics & Econometrics,Biological Sciences,Mechanical & Aerospace Engineering,Civil Engineering,History, Philosophy & Theology,Languages, Literature & Linguistics,Mathematics & Statistics,Psychology,Chemistry,Chemical Engineering,Law,Politics & International Studies (incl Development Studies),Other Health,General Engineering,Computer Science,Electrical & Electronic Engineering,Sociology,Accounting & Finance,Medicine & Dentistry,Business & Management",Aston University,United Kingdom
563.0,675.5,L,FC,MD,5,B,19.7,451.0,57.9,141.0,29.0,533.0,1.7,701,3.3,701.0,2.7,701.0,1.1,701.0,54.6,115.0,1.7,701.0,20.9,10140.0,1100.5,0.0,10140.0,30.8,647.0,10.8,1545.0,52.4,954.0,27.6,1249.0,33.5,1374.0,14168.0,11.1,1.0,52.0,27.0,"Geology, Environmental, Earth & Marine Sciences,Mathematics & Statistics,Languages, Literature & Linguistics,Chemistry,Other Health,Business & Management,Education,Medicine & Dentistry,Politics & International Studies (incl Development Studies),Economics & Econometrics,Computer Science,Law,Psychology,Physics & Astronomy,History, Philosophy & Theology,Communication & Media Studies,Electrical & Electronic Engineering,Biological Sciences,Sociology,Accounting & Finance,Art, Performing Arts & Design",Ateneo de Manila University,Philippines
925.5,1100.5,M,FO,VH,5,A,7.4,601.0,33.3,296.0,1.6,701.0,17.7,588,1.7,701.0,3.3,701.0,1.0,701.0,15.7,530.0,4.1,701.0,0.0,8190.0,900.5,0.0,8190.0,18.1,1539.0,23.6,668.0,53.3,939.0,57.8,685.0,44.5,975.0,10477.0,53.7,5.0,45.0,32.0,"Accounting & Finance,Business & Management,Economics & Econometrics,Communication & Media Studies,Mathematics & Statistics,Politics & International Studies (incl Development Studies),Computer Science",Athens University of Economics and Business,Greece
825.5,1100.5,L,CO,VH,4,A,7.2,601.0,8.5,601.0,7.4,701.0,19.0,568,23.9,551.0,7.8,701.0,14.3,610.0,17.4,479.0,53.4,288.0,0.0,5130.0,550.5,0.0,5130.0,36.0,424.0,25.7,582.0,59.6,791.0,69.3,448.0,57.7,629.0,27670.0,18.2,8.0,50.0,31.0,"General Engineering,Languages, Literature & Linguistics,Veterinary Science,Architecture,Sport Science,Geography,Computer Science,Chemistry,Business & Management,Other Health,Civil Engineering,Psychology,Electrical & Electronic Engineering,Mathematics & Statistics,Education,Art, Performing Arts & Design,Biological Sciences,Politics & International Studies (incl Development Studies),Medicine & Dentistry,Agriculture & Forestry,Law,Mechanical & Aerospace Engineering,Geology, Environmental, Earth & Marine Sciences,Economics & Econometrics,History, Philosophy & Theology,Chemical Engineering,Communication & Media Studies,Physics & Astronomy,Accounting & Finance,Sociology",Auburn University,United States
825.5,900.5,L,CO,VH,3,A,8.3,601.0,10.5,601.0,4.7,701.0,13.5,669,70.2,277.0,43.2,333.0,3.2,701.0,8.1,701.0,4.7,701.0,0.0,4050.0,450.5,0.0,4050.0,16.8,1637.0,25.7,583.0,97.0,28.0,21.9,1441.0,80.7,245.0,23843.0,38.4,14.0,76.0,10.0,"Communication & Media Studies,Other Health,History, Philosophy & Theology,Computer Science,Accounting & Finance,Law,Languages, Literature & Linguistics,Psychology,Mathematics & Statistics,Sport Science,Sociology,Business & Management,Politics & International Studies (incl Development Studies),Art, Performing Arts & Design,Biological Sciences,Education",Australian Catholic University,Australia
1100.5,1100.5,L,CO,MD,2,B,10.6,601.0,29.1,336.0,12.4,701.0,1.9,701,2.5,701.0,1.4,701.0,1.1,701.0,9.6,701.0,1.1,701.0,0.0,8260.0,900.5,0.0,8260.0,14.8,1766.0,12.3,1375.0,71.1,534.0,15.7,1896.0,42.2,1046.0,13027.0,16.9,1.0,43.0,27.0,"Biological Sciences,Electrical & Electronic Engineering,Computer Science,Politics & International Studies (incl Development Studies),Physics & Astronomy,Mathematics & Statistics,Economics & Econometrics,Education,Other Health,Business & Management,Architecture,Languages, Literature & Linguistics,Law,Sociology",BRAC University,Bangladesh
1100.5,1100.5,L,FO,VH,5,A,9.6,601.0,3.2,601.0,33.9,472.0,1.4,701,2.1,701.0,1.7,701.0,1.1,701.0,9.6,701.0,1.0,701.0,0.0,15460.0,1501.0,0.0,15460.0,20.1,1364.0,8.6,1841.0,13.8,1788.0,19.7,1546.0,35.5,1295.0,23684.0,13.2,2.0,66.0,38.0,"Languages, Literature & Linguistics,Civil Engineering,Education,General Engineering,Mathematics & Statistics,Business & Management,History, Philosophy & Theology,Chemistry,Archaeology,Physics & Astronomy,Psychology,Agriculture & Forestry,Law,Mechanical & Aerospace Engineering,Politics & International Studies (incl Development Studies),Economics & Econometrics,Biological Sciences,Sociology,Computer Science,Geology, Environmental, Earth & Marine Sciences,Chemical Engineering,Geography,Electrical & Electronic Engineering,Communication & Media Studies,Accounting & Finance",Baku State University,Azerbaijan
1100.5,1100.5,L,FC,HI,5,A,12.1,601.0,6.5,601.0,15.9,701.0,7.8,701,1.2,701.0,1.6,701.0,15.3,591.0,6.3,701.0,4.1,701.0,0.0,6180.0,700.5,0.0,6180.0,47.2,171.0,16.4,1013.0,66.4,641.0,26.8,1267.0,25.0,1704.0,12620.0,8.0,3.0,43.0,23.0,"Other Health,Politics & International Studies (incl Development Studies),Economics & Econometrics,Art, Performing Arts & Design,Chemistry,Medicine & Dentistry,Law,Biological Sciences,Sociology,Archaeology,Communication & Media Studies,Business & Management,Languages, Literature & Linguistics,Physics & Astronomy,Accounting & Finance,Veterinary Science,Education,Agriculture & Forestry,Geology, Environmental, Earth & Marine Sciences,Computer Science,Geography,History, Philosophy & Theology,Mathematics & Statistics,Psychology",Banaras Hindu University,India
281.0,235.0,L,CO,VH,5,A,41.0,203.0,65.6,122.0,65.6,208.0,2.5,701,84.4,213.0,2.3,701.0,1.2,701.0,35.7,209.0,21.2,533.0,36.6,12260.0,1350.5,0.0,12260.0,23.7,1098.0,17.1,961.0,29.2,1461.0,29.4,1196.0,38.5,1170.0,27774.0,15.3,3.0,43.0,45.0,"Art, Performing Arts & Design,Chemical Engineering,Chemistry,General Engineering,Physics & Astronomy,Accounting & Finance,Computer Science,Mathematics & Statistics,Law,Archaeology,Biological Sciences,Education,Languages, Literature & Linguistics,Mechanical & Aerospace Engineering,Sociology,Economics & Econometrics,History, Philosophy & Theology,Agriculture & Forestry,Geology, Environmental, Earth & Marine Sciences,Architecture,Veterinary Science,Politics & International Studies (incl Development Studies),Business & Management,Medicine & Dentistry,Electrical & Electronic Engineering,Geography,Civil Engineering,Sport Science,Psychology,Other Health,Communication & Media Studies",Bandung Institute of Technology (ITB),Indonesia
481.0,625.5,M,FC,VH,5,A,8.8,601.0,5.3,601.0,14.9,701.0,39.7,346,42.2,391.0,55.4,267.0,24.6,503.0,13.0,661.0,87.4,108.0,23.9,4060.0,450.5,0.0,4060.0,27.6,830.0,25.3,595.0,72.7,490.0,64.3,559.0,88.2,148.0,8130.0,14.8,23.0,61.0,25.0,"Computer Science,Geography,Politics & International Studies (incl Development Studies),History, Philosophy & Theology,Education,Law,Art, Performing Arts & Design,Sport Science,Languages, Literature & Linguistics,Communication & Media Studies,Other Health,Biological Sciences,Business & Management,Agriculture & Forestry,Economics & Econometrics,Archaeology,Electrical & Electronic Engineering,Accounting & Finance,Sociology,Geology, Environmental, Earth & Marine Sciences,Psychology",Bangor University,United Kingdom
545.0,505.5,L,FC,VH,4,A,8.0,601.0,5.3,601.0,7.8,701.0,62.2,194,47.9,366.0,2.9,701.0,10.2,667.0,15.2,554.0,28.4,463.0,21.5,5150.0,550.5,0.0,5150.0,30.0,684.0,34.1,374.0,54.1,913.0,85.8,197.0,46.8,896.0,19599.0,19.0,4.0,61.0,24.0,"Medicine & Dentistry,Communication & Media Studies,Electrical & Electronic Engineering,Mechanical & Aerospace Engineering,Sport Science,General Engineering,Computer Science,Economics & Econometrics,Law,Civil Engineering,Chemistry,History, Philosophy & Theology,Art, Performing Arts & Design,Languages, Literature & Linguistics,Geology, Environmental, Earth & Marine Sciences,Other Health,Politics & International Studies (incl Development Studies),Biological Sciences,Agriculture & Forestry,Geography,Accounting & Finance,Education,Sociology,Physics & Astronomy,Architecture,Mathematics & Statistics,Veterinary Science,Archaeology,Business & Management,Psychology,Chemical Engineering",Bar-Ilan University,Israel
319.0,230.0,L,CO,VH,5,A,31.3,279.0,44.4,202.0,100.0,18.0,1.4,701,53.6,343.0,58.9,256.0,1.0,701.0,12.2,701.0,10.5,663.0,33.2,4070.0,450.5,0.0,4070.0,71.7,38.0,43.9,203.0,22.1,1637.0,51.7,780.0,59.3,597.0,16061.0,6.6,18.0,42.0,49.0,"Other Health,Veterinary Science,History, Philosophy & Theology,Economics & Econometrics,Mathematics & Statistics,Computer Science,Geology, Environmental, Earth & Marine Sciences,Chemical Engineering,Accounting & Finance,Physics & Astronomy,Medicine & Dentistry,Electrical & Electronic Engineering,Chemistry,Agriculture & Forestry,Law,Business & Management,Civil Engineering,Sociology,Mechanical & Aerospace Engineering,Art, Performing Arts & Design,Languages, Literature & Linguistics,Biological Sciences,Sport Science,General Engineering",Bauman Moscow State Technical University,Russia
1100.5,1100.5,L,CO,VH,5,B,6.1,601.0,16.8,514.0,11.7,701.0,8.3,701,2.4,701.0,3.8,701.0,3.5,701.0,12.8,673.0,3.8,701.0,0.0,6210.0,700.5,0.0,6210.0,39.2,328.0,19.7,829.0,61.3,747.0,54.8,729.0,38.6,1167.0,20859.0,19.0,6.0,61.0,27.0,"History, Philosophy & Theology,Physics & Astronomy,Accounting & Finance,Art, Performing Arts & Design,Electrical & Electronic Engineering,Sociology,Biological Sciences,Business & Management,General Engineering,Communication & Media Studies,Mechanical & Aerospace Engineering,Politics & International Studies (incl Development Studies),Languages, Literature & Linguistics,Chemistry,Education,Agriculture & Forestry,Sport Science,Law,Computer Science,Mathematics & Statistics,Economics & Econometrics,Other Health,Geology, Environmental, Earth & Marine Sciences,Psychology",Baylor University,United States
340.0,355.0,L,FO,VH,4,A,22.7,385.0,18.1,484.0,41.1,381.0,76.4,125,3.1,701.0,4.2,701.0,17.1,572.0,14.1,599.0,23.7,506.0,32.1,2520.0,275.5,0.0,2520.0,45.1,201.0,44.0,200.0,74.7,444.0,82.1,237.0,36.8,1252.0,34050.0,13.4,8.0,54.0,45.0,"Sociology,Chemistry,History, Philosophy & Theology,Chemical Engineering,Electrical & Electronic Engineering,Physics & Astronomy,Business & Management,Biological Sciences,Law,Geology, Environmental, Earth & Marine Sciences,Psychology,Languages, Literature & Linguistics,General Engineering,Mathematics & Statistics,Education,Computer Science,Sport Science,Art, Performing Arts & Design,Accounting & Finance,Economics & Econometrics,Mechanical & Aerospace Engineering",Beijing Institute of Technology,China (Mainland)
387.0,288.0,L,FO,VH,5,A,26.6,327.0,42.5,219.0,95.3,61.0,1.3,701,4.1,701.0,49.9,294.0,3.4,701.0,24.5,341.0,1.4,701.0,28.3,12280.0,1350.5,0.0,12280.0,25.5,970.0,11.5,1459.0,17.0,1733.0,55.4,719.0,66.8,450.0,23030.0,7.6,19.0,62.0,41.0,"Computer Science,Languages, Literature & Linguistics,Chemistry,Art, Performing Arts & Design,Physics & Astronomy,Mathematics & Statistics,History, Philosophy & Theology,Sociology,Chemical Engineering,Geology, Environmental, Earth & Marine Sciences,Business & Management,Politics & International Studies (incl Development Studies),Mechanical & Aerospace Engineering,Biological Sciences,Electrical & Electronic Engineering",Belarusian State University,Belarus
1300.5,1100.5,XL,FC,HI,5,A,15.3,569.0,6.5,601.0,3.2,701.0,2.0,701,2.9,701.0,1.3,701.0,1.3,701.0,6.5,701.0,3.0,701.0,0.0,15520.0,1501.0,0.0,15520.0,15.6,1723.0,9.5,1706.0,17.1,1730.0,19.4,1565.0,37.7,1210.0,79695.0,45.2,1.0,52.0,36.0,"Medicine & Dentistry,Biological Sciences,Languages, Literature & Linguistics,Veterinary Science,Electrical & Electronic Engineering,Mathematics & Statistics,Business & Management,Art, Performing Arts & Design,Mechanical & Aerospace Engineering,Chemistry,Architecture,Chemical Engineering,Sociology,Economics & Econometrics,History, Philosophy & Theology,Sport Science,Psychology,Other Health,Agriculture & Forestry,Communication & Media Studies,General Engineering,Physics & Astronomy,Accounting & Finance,Civil Engineering,Law,Computer Science,Geology, Environmental, Earth & Marine Sciences,Politics & International Studies (incl Development Studies),Education",Benemérita Universidad Autónoma de Puebla,Mexico
502.0,565.5,M,CO,VH,3,B,22.2,396.0,44.9,196.0,17.2,701.0,12.9,679,72.0,264.0,5.7,701.0,4.1,701.0,14.3,588.0,14.2,621.0,23.1,6240.0,700.5,0.0,6240.0,27.8,814.0,26.0,570.0,48.8,1046.0,91.4,152.0,70.0,407.0,9109.0,14.8,8.0,46.0,36.0,"Communication & Media Studies,Art, Performing Arts & Design,Physics & Astronomy,Education,History, Philosophy & Theology,Electrical & Electronic Engineering,Computer Science,Politics & International Studies (incl Development Studies),Architecture,Chemistry,Mechanical & Aerospace Engineering,Archaeology,Psychology,Mathematics & Statistics,Business & Management,Languages, Literature & Linguistics,Biological Sciences,Economics & Econometrics,Law",Bilkent University,Turkey
374.0,343.0,M,FO,VH,5,A,10.8,601.0,3.5,601.0,14.1,701.0,65.1,172,97.5,123.0,98.0,62.0,9.1,692.0,12.3,701.0,12.0,642.0,29.7,3040.0,325.5,0.0,3040.0,34.7,472.0,29.7,480.0,78.0,366.0,63.5,577.0,92.4,95.0,7610.0,12.5,41.0,57.0,24.0,"History, Philosophy & Theology,Education,Physics & Astronomy,Politics & International Studies (incl Development Studies),Mathematics & Statistics,Geography,Accounting & Finance,Economics & Econometrics,Business & Management,Geology, Environmental, Earth & Marine Sciences,Biological Sciences,Computer Science,Sociology,Law,Languages, Literature & Linguistics,Archaeology,Psychology,Art, Performing Arts & Design,Communication & Media Studies","Birkbeck, University of London",United Kingdom
975.5,1100.5,L,CO,VH,5,B,9.1,601.0,14.4,571.0,7.3,701.0,17.3,596,1.8,701.0,2.6,701.0,2.2,701.0,24.0,352.0,7.9,701.0,0.0,8250.0,900.5,0.0,8250.0,23.7,1099.0,17.0,972.0,67.4,613.0,31.7,1147.0,25.1,1703.0,16339.0,16.2,2.0,54.0,43.0,"Law,Mathematics & Statistics,Mechanical & Aerospace Engineering,Civil Engineering,Politics & International Studies (incl Development Studies),Physics & Astronomy,Psychology,Biological Sciences,Chemical Engineering,Sociology,Languages, Literature & Linguistics,Geology, Environmental, Earth & Marine Sciences,Chemistry,Electrical & Electronic Engineering,Other Health,Communication & Media Studies,Business & Management,Economics & Econometrics,History, Philosophy & Theology,Accounting & Finance,Computer Science,Art, Performing Arts & Design,Agriculture & Forestry","Birla Institute of Technology and Science, Pilani",India
567.0,481.0,S,FO,VH,3,B,4.7,601.0,5.2,601.0,44.1,356.0,22.8,518,87.7,195.0,93.6,96.0,1.1,701.0,11.7,701.0,1.1,701.0,20.8,4080.0,450.5,0.0,4080.0,28.2,796.0,23.1,682.0,82.5,271.0,23.1,1398.0,82.3,218.0,3170.0,11.2,34.0,54.0,11.0,"Sport Science,Psychology,History, Philosophy & Theology,Business & Management,Mathematics & Statistics,Politics & International Studies (incl Development Studies),Architecture,Communication & Media Studies,Medicine & Dentistry,Law,Economics & Econometrics,Art, Performing Arts & Design,Other Health,Sociology,Accounting & Finance,Biological Sciences,Languages, Literature & Linguistics",Bond University,Australia
635.5,565.5,L,CO,VH,5,B,20.5,426.0,12.9,601.0,19.3,684.0,21.5,535,12.0,701.0,18.3,568.0,9.1,694.0,38.4,189.0,15.9,596.0,0.0,2540.0,275.5,0.0,2540.0,43.5,229.0,30.5,454.0,84.6,219.0,60.7,629.0,57.8,627.0,13156.0,14.9,10.0,55.0,21.0,"Business & Management,Physics & Astronomy,Sociology,Psychology,Medicine & Dentistry,Languages, Literature & Linguistics,Art, Performing Arts & Design,Communication & Media Studies,General Engineering,History, Philosophy & Theology,Geology, Environmental, Earth & Marine Sciences,Law,Biological Sciences,Computer Science,Education,Politics & International Studies (incl Development Studies),Economics & Econometrics,Chemistry,Mathematics & Statistics,Accounting & Finance",Boston College,United States
93.0,108.0,L,FC,VH,5,B,61.7,113.0,68.3,109.0,32.7,485.0,60.1,204,21.6,576.0,87.5,132.0,72.6,187.0,68.6,76.0,85.9,113.0,61.4,780.0,78.0,70.1,780.0,59.6,76.0,54.1,115.0,94.3,56.0,76.4,311.0,74.1,348.0,26677.0,10.8,29.0,58.0,16.0,"Electrical & Electronic Engineering,Architecture,Mathematics & Statistics,Accounting & Finance,Medicine & Dentistry,Chemistry,Politics & International Studies (incl Development Studies),Mechanical & Aerospace Engineering,General Engineering,Law,Archaeology,Sociology,History, Philosophy & Theology,Languages, Literature & Linguistics,Biological Sciences,Communication & Media Studies,Psychology,Business & Management,Physics & Astronomy,Computer Science,Art, Performing Arts & Design,Education,Geology, Environmental, Earth & Marine Sciences,Geography,Other Health,Economics & Econometrics",Boston University,United States
735.5,900.5,L,CO,HI,3,A,5.7,601.0,8.3,601.0,6.1,701.0,17.4,594,81.2,224.0,50.1,293.0,23.3,515.0,10.0,701.0,18.4,560.0,0.0,4090.0,450.5,0.0,4090.0,23.2,1133.0,21.1,763.0,86.7,178.0,38.4,1014.0,89.0,138.0,14260.0,19.1,21.0,53.0,21.0,"General Engineering,Archaeology,Politics & International Studies (incl Development Studies),Economics & Econometrics,Art, Performing Arts & Design,Agriculture & Forestry,Education,Computer Science,Law,Mechanical & Aerospace Engineering,Psychology,Languages, Literature & Linguistics,Sociology,Chemistry,Sport Science,Medicine & Dentistry,Biological Sciences,Business & Management,History, Philosophy & Theology,Communication & Media Studies,Accounting & Finance,Other Health,Geology, Environmental, Earth & Marine Sciences,Electrical & Electronic Engineering,Geography",Bournemouth University,United Kingdom
514.0,725.5,L,CO,HI,5,A,23.0,378.0,58.4,138.0,4.0,701.0,14.3,649,11.1,701.0,2.6,701.0,4.9,701.0,52.7,121.0,6.2,701.0,22.7,6260.0,700.5,0.0,6260.0,26.1,930.0,26.6,551.0,57.4,833.0,59.6,654.0,50.6,787.0,12877.0,23.5,2.0,45.0,44.0,"Computer Science,Geology, Environmental, Earth & Marine Sciences,Mechanical & Aerospace Engineering,Business & Management,Chemical Engineering,Sociology,Languages, Literature & Linguistics,Mathematics & Statistics,Economics & Econometrics,Electrical & Electronic Engineering,Psychology,Biological Sciences,Law,History, Philosophy & Theology,Civil Engineering,Politics & International Studies (incl Development Studies),General Engineering,Communication & Media Studies,Chemistry,Accounting & Finance,Physics & Astronomy,Education",Boğaziçi University,Turkey
665.5,497.0,M,CO,VH,4,B,9.8,601.0,4.3,601.0,49.9,311.0,16.3,609,26.2,521.0,70.6,207.0,1.4,701.0,17.4,477.0,1.5,701.0,0.0,2550.0,275.5,0.0,2550.0,36.7,401.0,28.3,508.0,84.6,220.0,64.2,561.0,81.4,234.0,4791.0,11.6,33.0,59.0,27.0,"Computer Science,Politics & International Studies (incl Development Studies),Physics & Astronomy,Education,Accounting & Finance,Mathematics & Statistics,Economics & Econometrics,Biological Sciences,History, Philosophy & Theology,Languages, Literature & Linguistics,Business & Management,Art, Performing Arts & Design,Sociology,Psychology,Chemistry",Brandeis University,United States
615.5,725.5,L,FO,VH,5,A,13.1,601.0,34.7,280.0,22.7,623.0,6.7,701,9.0,701.0,70.9,204.0,38.6,387.0,14.2,597.0,2.7,701.0,0.0,10260.0,1100.5,0.0,10260.0,22.2,1208.0,19.3,847.0,39.0,1240.0,70.3,424.0,58.3,619.0,18137.0,15.5,25.0,28.0,45.0,"Mechanical & Aerospace Engineering,Economics & Econometrics,Architecture,General Engineering,Accounting & Finance,Business & Management,Computer Science,Chemical Engineering,Art, Performing Arts & Design,Sport Science,Civil Engineering,Electrical & Electronic Engineering,Chemistry",Brno University of Technology,Czech Republic
73.0,63.0,M,FC,VH,5,B,58.3,131.0,42.4,221.0,77.8,145.0,85.9,89,84.5,212.0,52.0,279.0,58.3,258.0,74.8,59.0,70.4,201.0,66.4,640.0,64.0,73.0,640.0,69.8,43.0,59.6,87.0,89.7,130.0,69.3,449.0,72.1,375.0,9781.0,10.3,19.0,54.0,17.0,"General Engineering,Communication & Media Studies,Languages, Literature & Linguistics,Biological Sciences,Architecture,Physics & Astronomy,Business & Management,History, Philosophy & Theology,Electrical & Electronic Engineering,Education,Chemical Engineering,Sociology,Art, Performing Arts & Design,Mechanical & Aerospace Engineering,Psychology,Medicine & Dentistry,Chemistry,Archaeology,Geology, Environmental, Earth & Marine Sciences,Economics & Econometrics,Other Health,Mathematics & Statistics,Computer Science,Politics & International Studies (incl Development Studies)",Brown University,United States
343.0,412.0,L,CO,VH,4,A,11.3,601.0,13.3,601.0,7.9,701.0,44.2,303,99.7,84.0,99.6,39.0,56.9,269.0,18.5,450.0,62.8,235.0,31.9,3570.0,375.5,0.0,3570.0,25.2,987.0,26.5,556.0,80.7,307.0,60.1,643.0,98.4,4.0,14130.0,17.9,40.0,47.0,35.0,"Civil Engineering,Psychology,Biological Sciences,Accounting & Finance,Art, Performing Arts & Design,Sport Science,Business & Management,Computer Science,Law,Other Health,Geology, Environmental, Earth & Marine Sciences,Geography,Languages, Literature & Linguistics,Mechanical & Aerospace Engineering,Education,General Engineering,Communication & Media Studies,History, Philosophy & Theology,Electrical & Electronic Engineering,Politics & International Studies (incl Development Studies),Medicine & Dentistry,Mathematics & Statistics,Economics & Econometrics,Chemical Engineering,Sociology",Brunel University London,United Kingdom
745.5,900.5,L,FO,VH,5,A,14.3,601.0,19.4,464.0,15.2,701.0,8.9,701,2.5,701.0,18.8,562.0,25.4,493.0,25.0,329.0,40.8,360.0,0.0,12380.0,1350.5,0.0,12380.0,22.2,1209.0,18.3,900.0,35.8,1307.0,59.3,657.0,37.6,1216.0,18621.0,16.9,13.0,31.0,50.0,"Architecture,Geology, Environmental, Earth & Marine Sciences,Chemistry,General Engineering,Physics & Astronomy,Mathematics & Statistics,Economics & Econometrics,Communication & Media Studies,Electrical & Electronic Engineering,Accounting & Finance,Chemical Engineering,Computer Science,Education,Mechanical & Aerospace Engineering,Business & Management,Civil Engineering,Psychology",Budapest University of Technology and Economics,Hungary
655.5,1100.5,XL,CO,VH,2,A,10.4,601.0,29.2,333.0,14.4,701.0,13.9,658,1.6,701.0,1.6,701.0,62.6,229.0,8.1,701.0,50.9,301.0,0.0,6370.0,700.5,0.0,6370.0,17.9,1555.0,16.6,999.0,88.2,151.0,30.5,1171.0,50.0,803.0,34323.0,16.0,1.0,42.0,40.0,"Physics & Astronomy,Chemistry,Mechanical & Aerospace Engineering,Accounting & Finance,Computer Science,Electrical & Electronic Engineering,Politics & International Studies (incl Development Studies),Languages, Literature & Linguistics,Mathematics & Statistics,Economics & Econometrics,Architecture,Geology, Environmental, Earth & Marine Sciences,Civil Engineering,Psychology,General Engineering,Chemical Engineering,Biological Sciences,Business & Management,Other Health,Communication & Media Studies,Geography",COMSATS University Islamabad,Pakistan
875.5,775.5,M,FO,VH,1,A,3.4,601.0,2.7,601.0,41.9,376.0,6.5,701,54.3,340.0,45.1,321.0,8.1,701.0,7.4,701.0,9.6,678.0,0.0,8500.0,900.5,0.0,8500.0,23.8,1092.0,25.3,596.0,44.4,1138.0,56.6,708.0,92.7,89.0,16082.0,19.5,26.0,52.0,43.0,"Law,Accounting & Finance,Chemical Engineering,Electrical & Electronic Engineering,Sociology,Biological Sciences,Geography,Physics & Astronomy,Business & Management,Economics & Econometrics,History, Philosophy & Theology,Sport Science,Architecture,Computer Science,Geology, Environmental, Earth & Marine Sciences,Education,Psychology,Mechanical & Aerospace Engineering,Mathematics & Statistics,General Engineering,Languages, Literature & Linguistics,Politics & International Studies (incl Development Studies),Communication & Media Studies,Civil Engineering,Chemistry,Art, Performing Arts & Design",CY Cergy Paris University,France
371.0,555.5,XL,FC,VH,5,A,43.7,193.0,33.2,297.0,8.0,701.0,2.8,701,2.7,701.0,6.2,701.0,48.7,321.0,72.5,63.0,78.6,157.0,29.9,8300.0,900.5,0.0,8300.0,25.0,1004.0,18.5,888.0,59.9,786.0,39.2,1000.0,45.4,947.0,202915.0,30.9,5.0,60.0,22.0,"Art, Performing Arts & Design,History, Philosophy & Theology,Civil Engineering,Archaeology,Agriculture & Forestry,Communication & Media Studies,Medicine & Dentistry,Biological Sciences,Sociology,Chemical Engineering,Law,Other Health,Mathematics & Statistics,Education,Architecture,Veterinary Science,Politics & International Studies (incl Development Studies),Mechanical & Aerospace Engineering,Geography,Languages, Literature & Linguistics,General Engineering,Sport Science,Psychology,Computer Science,Physics & Astronomy,Business & Management,Electrical & Electronic Engineering,Geology, Environmental, Earth & Marine Sciences,Accounting & Finance,Chemistry,Economics & Econometrics",Cairo University,Egypt
1100.5,1100.5,L,CO,HI,4,A,5.7,601.0,2.1,601.0,5.8,701.0,4.1,701,35.9,447.0,72.8,194.0,1.0,701.0,8.6,701.0,1.0,701.0,0.0,10300.0,1100.5,0.0,10300.0,20.7,1319.0,13.8,1222.0,44.6,1132.0,18.0,1665.0,59.6,593.0,11155.0,20.1,15.0,68.0,11.0,"Art, Performing Arts & Design,Chemical Engineering,Education,Economics & Econometrics,Accounting & Finance,Veterinary Science,History, Philosophy & Theology,Biological Sciences,General Engineering,Agriculture & Forestry,Politics & International Studies (incl Development Studies),Geography,Mechanical & Aerospace Engineering,Computer Science,Medicine & Dentistry,Law,Languages, Literature & Linguistics,Communication & Media Studies,Archaeology,Psychology,Business & Management,Sport Science,Other Health,Sociology",Canterbury Christ Church University,United Kingdom
154.0,166.0,L,FC,VH,5,A,46.5,176.0,48.3,181.0,33.7,474.0,39.6,347,84.0,217.0,70.6,206.0,81.6,138.0,18.9,442.0,97.9,25.0,50.5,1900.0,190.0,59.3,1900.0,35.5,444.0,39.6,252.0,91.9,94.0,70.4,419.0,92.5,92.0,28815.0,15.0,27.0,58.0,24.0,"Communication & Media Studies,Mathematics & Statistics,Architecture,History, Philosophy & Theology,Economics & Econometrics,Computer Science,Chemistry,Languages, Literature & Linguistics,Biological Sciences,Sociology,Civil Engineering,Medicine & Dentistry,Geology, Environmental, Earth & Marine Sciences,Law,Other Health,Archaeology,Business & Management,Education,Electrical & Electronic Engineering,Geography,General Engineering,Chemical Engineering,Politics & International Studies (incl Development Studies),Physics & Astronomy,Mechanical & Aerospace Engineering,Accounting & Finance,Psychology,Art, Performing Arts & Design",Cardiff University,United Kingdom
675.5,625.5,L,CO,VH,4,A,10.9,601.0,13.9,584.0,3.1,701.0,21.8,531,21.6,575.0,46.0,316.0,16.8,576.0,28.5,281.0,35.8,393.0,0.0,5230.0,550.5,0.0,5230.0,22.6,1175.0,31.2,436.0,67.0,622.0,75.5,325.0,77.2,293.0,29656.0,29.4,21.0,50.0,35.0,"Electrical & Electronic Engineering,Computer Science,History, Philosophy & Theology,Agriculture & Forestry,Civil Engineering,Communication & Media Studies,Languages, Literature & Linguistics,Chemical Engineering,Politics & International Studies (incl Development Studies),Chemistry,Business & Management,Law,Geology, Environmental, Earth & Marine Sciences,Geography,Veterinary Science,Economics & Econometrics,Biological Sciences,Sport Science,Art, Performing Arts & Design,General Engineering,Psychology,Accounting & Finance,Physics & Astronomy,Archaeology,Sociology,Architecture,Mathematics & Statistics,Mechanical & Aerospace Engineering",Carleton University,Canada
52.0,52.0,L,FC,VH,5,B,71.2,87.0,75.3,83.0,49.1,319.0,99.9,10,46.6,371.0,98.2,59.0,57.4,264.0,60.0,100.0,47.2,323.0,73.7,240.0,24.0,86.3,240.0,75.0,32.0,84.6,26.0,98.9,6.0,87.3,182.0,85.5,185.0,13562.0,11.9,44.0,44.0,43.0,"Art, Performing Arts & Design,Civil Engineering,Economics & Econometrics,Biological Sciences,Languages, Literature & Linguistics,Chemistry,Electrical & Electronic Engineering,Communication & Media Studies,Architecture,Chemical Engineering,Computer Science,Psychology,Mechanical & Aerospace Engineering,Business & Management,Politics & International Studies (incl Development Studies),Accounting & Finance,Mathematics & Statistics,History, Philosophy & Theology,Physics & Astronomy",Carnegie Mellon University,United States
255.0,176.0,M,FC,VH,4,B,18.4,486.0,17.1,507.0,83.0,118.0,63.9,185,38.2,420.0,68.3,216.0,21.0,537.0,27.0,301.0,34.6,403.0,38.8,1640.0,164.0,61.3,1640.0,51.7,121.0,40.2,246.0,88.7,142.0,71.4,398.0,65.0,485.0,10294.0,8.8,25.0,51.0,13.0,"General Engineering,Physics & Astronomy,Business & Management,Mechanical & Aerospace Engineering,Chemistry,Economics & Econometrics,Other Health,Politics & International Studies (incl Development Studies),Medicine & Dentistry,Geology, Environmental, Earth & Marine Sciences,History, Philosophy & Theology,Chemical Engineering,Psychology,Civil Engineering,Mathematics & Statistics,Accounting & Finance,Languages, Literature & Linguistics,Biological Sciences,Electrical & Electronic Engineering,Education,Architecture,Law,Art, Performing Arts & Design,Computer Science,Sociology",Case Western Reserve University,United States
129.0,125.0,M,FO,VH,5,B,26.6,326.0,51.5,158.0,51.1,306.0,80.9,107,100.0,49.0,67.4,220.0,52.2,299.0,28.7,278.0,82.9,132.0,54.0,1890.0,189.0,59.4,1890.0,42.7,246.0,46.6,172.0,79.4,333.0,97.1,95.0,74.1,349.0,10103.0,15.4,17.0,32.0,45.0,"Economics & Econometrics,Accounting & Finance,Mechanical & Aerospace Engineering,Chemistry,Civil Engineering,Education,Chemical Engineering,Electrical & Electronic Engineering,Computer Science,Mathematics & Statistics,Other Health,Geology, Environmental, Earth & Marine Sciences,General Engineering,Architecture,Business & Management,Physics & Astronomy,Sport Science,Biological Sciences",Chalmers University of Technology,Sweden
625.5,475.0,M,FO,VH,3,B,5.7,601.0,4.6,601.0,70.0,184.0,43.0,309,4.3,701.0,4.7,701.0,1.4,701.0,7.9,701.0,4.1,701.0,0.0,6340.0,700.5,0.0,6340.0,26.5,908.0,34.6,358.0,47.2,1076.0,95.5,113.0,28.5,1560.0,7017.0,12.3,5.0,49.0,9.0,"Physics & Astronomy,Art, Performing Arts & Design,Business & Management,Chemistry,General Engineering,Economics & Econometrics,Mechanical & Aerospace Engineering,Computer Science,Electrical & Electronic Engineering,Accounting & Finance,Biological Sciences,Mathematics & Statistics,Medicine & Dentistry,Chemical Engineering,Other Health",Chang Gung University,Taiwan
248.0,288.0,XL,FC,VH,5,A,45.5,183.0,43.5,210.0,34.8,456.0,9.4,701,24.8,539.0,51.2,283.0,90.9,77.0,27.6,294.0,83.9,125.0,39.6,4180.0,450.5,0.0,4180.0,38.8,341.0,33.1,399.0,61.9,739.0,60.1,644.0,64.7,491.0,51728.0,13.4,23.0,62.0,23.0,"Politics & International Studies (incl Development Studies),Archaeology,Physics & Astronomy,Accounting & Finance,Psychology,Geology, Environmental, Earth & Marine Sciences,Computer Science,Geography,Languages, Literature & Linguistics,Education,Art, Performing Arts & Design,Mathematics & Statistics,Biological Sciences,Business & Management,Medicine & Dentistry,Economics & Econometrics,Chemistry,Law,Sociology,Other Health,History, Philosophy & Theology,Communication & Media Studies,Sport Science",Charles University,Czech Republic
571.0,625.5,XL,FC,HI,4,A,33.8,256.0,19.3,466.0,16.4,701.0,3.9,701,5.1,701.0,4.1,701.0,20.9,538.0,17.1,495.0,59.2,252.0,20.7,8400.0,900.5,0.0,8400.0,28.5,773.0,19.1,859.0,46.3,1088.0,58.1,679.0,39.5,1133.0,33649.0,13.6,4.0,61.0,22.0,"Education,History, Philosophy & Theology,Art, Performing Arts & Design,Sport Science,Politics & International Studies (incl Development Studies),Mathematics & Statistics,Geology, Environmental, Earth & Marine Sciences,Communication & Media Studies,Other Health,Architecture,Psychology,Medicine & Dentistry,Agriculture & Forestry,Electrical & Electronic Engineering,General Engineering,Archaeology,Civil Engineering,Veterinary Science,Economics & Econometrics,Languages, Literature & Linguistics,Geography,Business & Management,Accounting & Finance,Sociology,Computer Science,Physics & Astronomy,Biological Sciences,Law,Mechanical & Aerospace Engineering,Chemistry",Chiang Mai University,Thailand
705.5,490.0,L,FC,VH,4,A,16.8,527.0,8.4,601.0,62.3,226.0,10.9,701,7.5,701.0,5.2,701.0,2.5,701.0,8.6,701.0,18.8,555.0,0.0,8410.0,900.5,0.0,8410.0,33.2,533.0,20.9,775.0,42.0,1183.0,68.9,456.0,33.9,1360.0,13832.0,8.9,6.0,38.0,23.0,"Accounting & Finance,Physics & Astronomy,Chemistry,Sport Science,Other Health,Law,Sociology,Art, Performing Arts & Design,General Engineering,Geology, Environmental, Earth & Marine Sciences,Medicine & Dentistry,Mechanical & Aerospace Engineering,Communication & Media Studies,History, Philosophy & Theology,Electrical & Electronic Engineering,Psychology,Economics & Econometrics,Education,Archaeology,Architecture,Chemical Engineering,Mathematics & Statistics,Biological Sciences,Agriculture & Forestry,Business & Management,Computer Science,Languages, Literature & Linguistics,Civil Engineering,Geography,Politics & International Studies (incl Development Studies)",Chiba University,Japan
561.0,675.5,XL,CO,VH,4,A,8.4,601.0,3.8,601.0,13.2,701.0,70.4,146,14.7,672.0,2.2,701.0,11.4,645.0,13.6,630.0,10.3,665.0,21.0,3600.0,375.5,0.0,3600.0,32.8,553.0,38.2,278.0,75.9,420.0,79.6,268.0,42.0,1052.0,42607.0,20.1,2.0,54.0,43.0,"Mechanical & Aerospace Engineering,Politics & International Studies (incl Development Studies),Art, Performing Arts & Design,Mathematics & Statistics,Sociology,Sport Science,Accounting & Finance,Languages, Literature & Linguistics,Chemical Engineering,Business & Management,Civil Engineering,Economics & Econometrics,Electrical & Electronic Engineering,Physics & Astronomy,Architecture,Biological Sciences,Law,History, Philosophy & Theology,Chemistry,General Engineering,Geology, Environmental, Earth & Marine Sciences,Computer Science,Communication & Media Studies",Chongqing University,China (Mainland)
875.5,775.5,L,FC,VH,4,A,11.7,601.0,5.0,601.0,44.0,357.0,14.3,652,11.4,701.0,6.5,701.0,1.7,701.0,6.0,701.0,4.0,701.0,0.0,8440.0,900.5,0.0,8440.0,28.5,774.0,28.3,509.0,43.6,1150.0,57.5,693.0,32.8,1394.0,22051.0,17.7,7.0,49.0,24.0,"Other Health,Business & Management,Architecture,Biological Sciences,Communication & Media Studies,Economics & Econometrics,Sociology,Sport Science,Computer Science,Geology, Environmental, Earth & Marine Sciences,Civil Engineering,Electrical & Electronic Engineering,Art, Performing Arts & Design,Languages, Literature & Linguistics,Mechanical & Aerospace Engineering,General Engineering,Accounting & Finance,Psychology,Chemistry,Medicine & Dentistry,Geography,Archaeology,Mathematics & Statistics,Physics & Astronomy,Chemical Engineering,History, Philosophy & Theology,Education,Politics & International Studies (incl Development Studies),Veterinary Science,Law,Agriculture & Forestry",Chonnam National University,South Korea
211.0,224.0,XL,FC,VH,5,A,66.6,101.0,50.1,170.0,31.5,498.0,7.0,701,15.0,668.0,2.9,701.0,49.4,318.0,87.2,44.0,85.9,113.0,44.3,6350.0,700.5,0.0,6350.0,36.7,402.0,32.2,414.0,50.2,1019.0,76.6,307.0,44.1,987.0,34552.0,12.7,3.0,56.0,24.0,"History, Philosophy & Theology,Politics & International Studies (incl Development Studies),Communication & Media Studies,Archaeology,Physics & Astronomy,Biological Sciences,Electrical & Electronic Engineering,Sociology,Computer Science,Veterinary Science,Psychology,Languages, Literature & Linguistics,Chemical Engineering,General Engineering,Chemistry,Law,Accounting & Finance,Mechanical & Aerospace Engineering,Civil Engineering,Art, Performing Arts & Design,Education,Agriculture & Forestry,Business & Management,Architecture,Geology, Environmental, Earth & Marine Sciences,Mathematics & Statistics,Economics & Econometrics,Medicine & Dentistry,Sport Science,Other Health,Geography",Chulalongkorn University,Thailand
1100.5,1300.5,L,CO,HI,3,A,5.8,601.0,5.2,601.0,4.4,701.0,15.1,631,4.4,701.0,7.2,701.0,1.0,701.0,19.2,437.0,3.2,701.0,0.0,10350.0,1100.5,0.0,10350.0,18.1,1540.0,24.4,633.0,39.0,1241.0,62.6,602.0,41.2,1075.0,15939.0,33.5,7.0,46.0,36.0,"Economics & Econometrics,Physics & Astronomy,History, Philosophy & Theology,Mechanical & Aerospace Engineering,Languages, Literature & Linguistics,Civil Engineering,Mathematics & Statistics,Architecture,Psychology,Chemistry,Business & Management,Art, Performing Arts & Design,General Engineering,Accounting & Finance,Biological Sciences,Electrical & Electronic Engineering,Law,Computer Science,Education,Chemical Engineering,Geology, Environmental, Earth & Marine Sciences",Chung Yuan Christian University,Taiwan
1100.5,1100.5,L,FC,HI,4,A,5.4,601.0,2.8,601.0,30.6,512.0,8.6,701,7.0,701.0,4.3,701.0,1.9,701.0,4.5,701.0,1.1,701.0,0.0,12480.0,1350.5,0.0,12480.0,26.5,909.0,21.2,760.0,29.9,1446.0,50.6,800.0,29.6,1513.0,17075.0,14.0,5.0,44.0,25.0,"Chemical Engineering,Mathematics & Statistics,Business & Management,Chemistry,Sociology,Psychology,Architecture,Art, Performing Arts & Design,Economics & Econometrics,Electrical & Electronic Engineering,Agriculture & Forestry,History, Philosophy & Theology,Accounting & Finance,Geography,Biological Sciences,Civil Engineering,Education,Sport Science,Politics & International Studies (incl Development Studies),Other Health,Geology, Environmental, Earth & Marine Sciences,Languages, Literature & Linguistics,Law,Medicine & Dentistry,Physics & Astronomy,General Engineering,Computer Science,Archaeology,Veterinary Science,Mechanical & Aerospace Engineering,Communication & Media Studies",Chungbuk National University,South Korea
875.5,775.5,L,FC,VH,4,A,11.7,601.0,8.0,601.0,45.3,348.0,10.6,701,8.2,701.0,10.7,701.0,1.6,701.0,8.0,701.0,2.1,701.0,0.0,8450.0,900.5,0.0,8450.0,29.9,692.0,29.7,481.0,34.9,1331.0,71.7,390.0,26.0,1663.0,20334.0,19.8,4.0,47.0,25.0,"Medicine & Dentistry,Chemistry,Law,Architecture,Biological Sciences,Geography,Art, Performing Arts & Design,Mechanical & Aerospace Engineering,Mathematics & Statistics,Business & Management,Archaeology,Agriculture & Forestry,Sociology,Other Health,Geology, Environmental, Earth & Marine Sciences,Economics & Econometrics,Civil Engineering,Communication & Media Studies,General Engineering,Sport Science,Accounting & Finance,Computer Science,Physics & Astronomy,Education,History, Philosophy & Theology,Chemical Engineering,Politics & International Studies (incl Development Studies),Languages, Literature & Linguistics,Electrical & Electronic Engineering,Veterinary Science,Psychology",Chungnam National University,South Korea
70.0,54.0,M,CO,VH,3,A,59.6,122.0,27.3,356.0,86.6,99.0,99.9,9,100.0,17.0,100.0,2.0,17.4,570.0,29.5,269.0,82.1,136.0,67.7,820.0,82.0,69.3,820.0,52.2,116.0,52.4,124.0,91.1,105.0,100.0,4.0,98.7,2.0,9076.0,13.2,67.0,54.0,39.0,"Law,Art, Performing Arts & Design,Electrical & Electronic Engineering,Architecture,Accounting & Finance,Chemistry,Languages, Literature & Linguistics,History, Philosophy & Theology,Chemical Engineering,Physics & Astronomy,Business & Management,Economics & Econometrics,Veterinary Science,Sociology,Mechanical & Aerospace Engineering,Civil Engineering,General Engineering,Geology, Environmental, Earth & Marine Sciences,Biological Sciences,Politics & International Studies (incl Development Studies),Mathematics & Statistics,Computer Science,Psychology,Communication & Media Studies",City University of Hong Kong,Hong Kong SAR
328.0,355.0,L,CO,VH,5,A,21.4,405.0,18.1,483.0,6.7,701.0,42.2,321,95.0,151.0,99.3,46.0,22.1,527.0,28.3,284.0,41.7,356.0,32.6,3610.0,375.5,0.0,3610.0,27.4,849.0,30.9,446.0,78.6,351.0,61.8,617.0,95.5,38.0,16080.0,19.5,45.0,58.0,26.0,"Mechanical & Aerospace Engineering,Economics & Econometrics,Sociology,Languages, Literature & Linguistics,Other Health,General Engineering,History, Philosophy & Theology,Art, Performing Arts & Design,Computer Science,Communication & Media Studies,Accounting & Finance,Business & Management,Electrical & Electronic Engineering,Politics & International Studies (incl Development Studies),Psychology,Law,Mathematics & Statistics,Civil Engineering","City, University of London",United Kingdom
825.5,775.5,S,CO,VH,5,B,3.0,601.0,5.3,601.0,23.4,610.0,18.3,578,14.2,682.0,72.6,198.0,1.2,701.0,14.9,561.0,33.2,416.0,0.0,6360.0,700.5,0.0,6360.0,26.6,901.0,20.8,782.0,66.8,628.0,54.0,738.0,70.5,401.0,3217.0,12.2,27.0,59.0,23.0,"Physics & Astronomy,Education,History, Philosophy & Theology,Psychology,Biological Sciences,Economics & Econometrics,Mathematics & Statistics,Accounting & Finance,Geology, Environmental, Earth & Marine Sciences,Politics & International Studies (incl Development Studies),Computer Science,Sociology,Languages, Literature & Linguistics,Geography,Art, Performing Arts & Design,Chemistry,Business & Management,Communication & Media Studies",Clark University,United States
795.5,900.5,S,CO,VH,5,B,1.6,601.0,2.4,601.0,16.9,701.0,39.0,351,64.7,297.0,8.6,701.0,2.6,701.0,10.7,701.0,1.2,701.0,0.0,8460.0,900.5,0.0,8460.0,29.9,693.0,18.0,916.0,41.2,1198.0,67.4,489.0,63.3,512.0,3871.0,15.5,8.0,34.0,42.0,"Languages, Literature & Linguistics,Psychology,Chemical Engineering,Communication & Media Studies,Mathematics & Statistics,Business & Management,General Engineering,Computer Science,Geology, Environmental, Earth & Marine Sciences,Biological Sciences,Civil Engineering,Chemistry,Mechanical & Aerospace Engineering,Economics & Econometrics,Education,Politics & International Studies (incl Development Studies),Physics & Astronomy,Sociology,History, Philosophy & Theology,Other Health,Accounting & Finance,Electrical & Electronic Engineering",Clarkson University,United States
23.0,22.0,XL,FC,VH,5,B,99.6,12.0,98.3,16.0,100.0,15.0,40.7,339,56.1,332.0,96.8,76.0,97.6,25.0,99.9,10.0,94.2,64.0,85.9,170.0,17.0,90.9,170.0,88.6,14.0,89.7,20.0,97.4,25.0,75.2,332.0,86.9,169.0,25914.0,5.2,35.0,54.0,23.0,"Accounting & Finance,Chemical Engineering,Psychology,Computer Science,Sport Science,Architecture,Medicine & Dentistry,Physics & Astronomy,Economics & Econometrics,Civil Engineering,Art, Performing Arts & Design,Chemistry,Biological Sciences,General Engineering,Languages, Literature & Linguistics,Politics & International Studies (incl Development Studies),Archaeology,Sociology,Law,Electrical & Electronic Engineering,Communication & Media Studies,Business & Management,Other Health,Mathematics & Statistics,Agriculture & Forestry,Mechanical & Aerospace Engineering,History, Philosophy & Theology,Geology, Environmental, Earth & Marine Sciences",Columbia University,United States
171.0,226.0,XL,FC,VH,4,A,68.2,96.0,69.3,105.0,25.8,573.0,7.0,701,9.0,701.0,25.6,469.0,83.4,127.0,57.9,106.0,96.3,41.0,48.8,5260.0,550.5,0.0,5260.0,40.3,299.0,29.4,486.0,58.8,805.0,52.1,769.0,46.7,903.0,59814.0,11.8,10.0,62.0,24.0,"Veterinary Science,Education,Medicine & Dentistry,Geology, Environmental, Earth & Marine Sciences,Accounting & Finance,Other Health,Communication & Media Studies,Computer Science,Physics & Astronomy,Archaeology,Politics & International Studies (incl Development Studies),Psychology,Art, Performing Arts & Design,Mathematics & Statistics,Business & Management,Chemical Engineering,Law,History, Philosophy & Theology,Biological Sciences,Sociology,Electrical & Electronic Engineering,Geography,Languages, Literature & Linguistics,Chemistry,Economics & Econometrics",Complutense University of Madrid,Spain
387.0,555.5,XL,CO,VH,3,A,15.0,580.0,15.2,544.0,3.0,701.0,23.7,504,80.3,227.0,89.3,122.0,40.4,373.0,30.2,254.0,88.8,97.0,28.3,5270.0,550.5,0.0,5270.0,25.7,957.0,29.3,487.0,66.2,645.0,66.3,519.0,86.6,175.0,36749.0,34.6,34.0,50.0,40.0,"History, Philosophy & Theology,Art, Performing Arts & Design,Chemical Engineering,Psychology,Chemistry,Economics & Econometrics,Civil Engineering,Accounting & Finance,Computer Science,Mathematics & Statistics,Politics & International Studies (incl Development Studies),Electrical & Electronic Engineering,Sociology,Languages, Literature & Linguistics,Sport Science,Education,Other Health,Biological Sciences,Geography,Mechanical & Aerospace Engineering,Geology, Environmental, Earth & Marine Sciences,Business & Management,General Engineering,Communication & Media Studies,Physics & Astronomy",Concordia University,Canada
13.0,20.0,L,FC,VH,5,B,98.1,26.0,90.5,47.0,52.9,297.0,99.1,18,68.7,283.0,64.0,234.0,79.9,144.0,98.0,18.0,94.7,58.0,89.3,200.0,20.0,89.5,200.0,85.7,20.0,88.7,22.0,97.6,22.0,69.4,447.0,86.0,176.0,23620.0,10.0,24.0,51.0,25.0,"Electrical & Electronic Engineering,History, Philosophy & Theology,Agriculture & Forestry,Chemistry,Biological Sciences,Economics & Econometrics,Business & Management,Civil Engineering,Architecture,Law,Archaeology,Mathematics & Statistics,Psychology,Veterinary Science,Sociology,Mechanical & Aerospace Engineering,Geology, Environmental, Earth & Marine Sciences,Art, Performing Arts & Design,Other Health,General Engineering,Politics & International Studies (incl Development Studies),Computer Science,Languages, Literature & Linguistics,Chemical Engineering,Communication & Media Studies,Physics & Astronomy",Cornell University,United States
571.0,675.5,XL,CO,VH,3,A,9.2,601.0,12.5,601.0,15.7,701.0,6.8,701,74.8,257.0,100.0,26.0,50.7,308.0,13.7,626.0,26.6,481.0,20.7,6390.0,700.5,0.0,6390.0,20.9,1306.0,14.9,1133.0,69.6,566.0,26.8,1268.0,95.6,35.0,32635.0,14.9,48.0,48.0,30.0,"Education,Psychology,History, Philosophy & Theology,Art, Performing Arts & Design,Computer Science,Architecture,Business & Management,Biological Sciences,Sport Science,Geology, Environmental, Earth & Marine Sciences,Physics & Astronomy,Agriculture & Forestry,Chemistry,Sociology,Economics & Econometrics,Communication & Media Studies,Languages, Literature & Linguistics,Other Health,Mechanical & Aerospace Engineering,Mathematics & Statistics,Accounting & Finance,Civil Engineering,Law,Electrical & Electronic Engineering,General Engineering,Geography,Politics & International Studies (incl Development Studies)",Coventry University,United Kingdom
1401.0,1401.0,XL,FC,HI,4,A,4.4,601.0,2.8,601.0,4.5,701.0,2.5,701,2.1,701.0,5.0,701.0,3.8,701.0,6.9,701.0,13.9,625.0,0.0,12530.0,1350.5,0.0,12530.0,23.8,1091.0,23.4,672.0,26.2,1538.0,26.7,1271.0,28.9,1547.0,35424.0,15.4,4.0,45.0,25.0,"Civil Engineering,Geology, Environmental, Earth & Marine Sciences,Business & Management,Languages, Literature & Linguistics,Agriculture & Forestry,Economics & Econometrics,Medicine & Dentistry,Communication & Media Studies,Architecture,Mechanical & Aerospace Engineering,Accounting & Finance,Archaeology,Biological Sciences,Chemistry,History, Philosophy & Theology,Politics & International Studies (incl Development Studies),Art, Performing Arts & Design,Electrical & Electronic Engineering,Physics & Astronomy,Other Health,Veterinary Science,Law,General Engineering,Mathematics & Statistics,Psychology,Computer Science,Sport Science,Education",Cukurova University,Turkey
183.0,193.0,L,CO,VH,3,A,32.4,271.0,31.8,309.0,14.3,701.0,86.2,88,100.0,43.0,26.4,459.0,84.9,119.0,25.7,320.0,50.6,305.0,47.8,2080.0,225.5,0.0,2080.0,30.2,678.0,36.5,315.0,87.5,162.0,78.8,279.0,94.7,53.0,29283.0,20.8,29.0,53.0,31.0,"Languages, Literature & Linguistics,Computer Science,Physics & Astronomy,History, Philosophy & Theology,Sport Science,Education,Medicine & Dentistry,Agriculture & Forestry,Law,Chemical Engineering,Politics & International Studies (incl Development Studies),Architecture,Mathematics & Statistics,Psychology,Civil Engineering,Geology, Environmental, Earth & Marine Sciences,Business & Management,Other Health,Biological Sciences,Sociology,Electrical & Electronic Engineering,Chemistry,Accounting & Finance,Mechanical & Aerospace Engineering,Communication & Media Studies,Economics & Econometrics,Art, Performing Arts & Design,General Engineering,Geography",Curtin University,Australia
454.0,378.0,L,SP,Unknown,5,A,21.5,403.0,37.6,259.0,75.8,161.0,4.1,701,25.6,526.0,39.2,349.0,15.3,592.0,13.8,618.0,1.6,701.0,25.2,10380.0,1100.5,0.0,10380.0,30.9,643.0,18.8,874.0,32.2,1398.0,51.9,774.0,60.2,580.0,15663.0,8.7,21.0,30.0,48.0,"Chemical Engineering,Other Health,Economics & Econometrics,Computer Science,Mathematics & Statistics,Civil Engineering,Business & Management,Chemistry,Physics & Astronomy,General Engineering,Biological Sciences,Electrical & Electronic Engineering,Mechanical & Aerospace Engineering,Accounting & Finance",Czech Technical University in Prague,Czech Republic
298.0,308.0,L,FC,VH,5,A,19.2,465.0,18.0,488.0,16.0,701.0,41.8,323,99.0,97.0,74.7,187.0,37.2,399.0,21.6,385.0,94.4,61.0,34.9,3100.0,325.5,0.0,3100.0,30.8,648.0,31.6,427.0,78.9,345.0,71.7,391.0,89.1,135.0,17314.0,14.7,27.0,54.0,20.0,"Physics & Astronomy,Business & Management,Chemistry,Sport Science,Communication & Media Studies,Economics & Econometrics,Mathematics & Statistics,Chemical Engineering,Architecture,Mechanical & Aerospace Engineering,Geology, Environmental, Earth & Marine Sciences,Art, Performing Arts & Design,Law,Veterinary Science,Politics & International Studies (incl Development Studies),Languages, Literature & Linguistics,Other Health,Accounting & Finance,Electrical & Electronic Engineering,History, Philosophy & Theology,Civil Engineering,Medicine & Dentistry,Computer Science,General Engineering,Agriculture & Forestry,Psychology,Biological Sciences,Sociology",Dalhousie University,Canada
491.0,565.5,XL,CO,VH,4,A,9.1,601.0,3.2,601.0,16.8,701.0,79.8,110,12.2,701.0,3.2,701.0,16.3,582.0,13.7,627.0,8.7,691.0,23.5,4240.0,450.5,0.0,4240.0,37.0,388.0,35.0,349.0,68.1,600.0,86.8,187.0,40.2,1112.0,37389.0,14.5,3.0,54.0,46.0,"Biological Sciences,General Engineering,Geology, Environmental, Earth & Marine Sciences,Other Health,Mathematics & Statistics,Economics & Econometrics,Art, Performing Arts & Design,Agriculture & Forestry,Chemical Engineering,Business & Management,Computer Science,Sport Science,Architecture,Physics & Astronomy,Languages, Literature & Linguistics,Civil Engineering,Law,History, Philosophy & Theology,Mechanical & Aerospace Engineering,Communication & Media Studies,Electrical & Electronic Engineering,Chemistry",Dalian University of Technology,China (Mainland)
237.0,205.0,M,FC,VH,5,B,21.1,415.0,24.2,398.0,57.9,248.0,78.6,121,5.3,701.0,33.9,388.0,6.6,701.0,72.1,65.0,66.8,217.0,40.9,1620.0,161.0,61.4,1620.0,57.3,87.0,40.7,239.0,84.7,218.0,68.4,468.0,60.2,581.0,6226.0,7.4,16.0,49.0,20.0,"General Engineering,Geography,History, Philosophy & Theology,Mathematics & Statistics,Business & Management,Art, Performing Arts & Design,Chemical Engineering,Politics & International Studies (incl Development Studies),Languages, Literature & Linguistics,Agriculture & Forestry,Sociology,Mechanical & Aerospace Engineering,Communication & Media Studies,Medicine & Dentistry,Civil Engineering,Psychology,Computer Science,Geology, Environmental, Earth & Marine Sciences,Other Health,Chemistry,Economics & Econometrics,Archaeology,Biological Sciences,Electrical & Electronic Engineering,Physics & Astronomy",Dartmouth College,United States
685.5,900.5,L,CO,HI,4,B,21.0,419.0,45.1,191.0,10.5,701.0,4.2,701,2.0,701.0,2.7,701.0,1.3,701.0,35.6,210.0,5.6,701.0,0.0,15950.0,1501.0,0.0,15950.0,19.6,1412.0,12.8,1322.0,31.3,1417.0,17.4,1712.0,29.3,1527.0,14905.0,14.5,3.0,50.0,39.0,"Chemistry,Electrical & Electronic Engineering,Business & Management,Sociology,Physics & Astronomy,Economics & Econometrics,Psychology,Politics & International Studies (incl Development Studies),Languages, Literature & Linguistics,Chemical Engineering,Computer Science,Communication & Media Studies,General Engineering,Mechanical & Aerospace Engineering,Accounting & Finance,History, Philosophy & Theology,Biological Sciences,Civil Engineering,Education,Mathematics & Statistics,Law",De La Salle University,Philippines
825.5,900.5,L,CO,HI,5,A,5.5,601.0,4.8,601.0,5.8,701.0,7.6,701,75.3,250.0,97.5,67.0,8.8,701.0,10.5,701.0,4.9,701.0,0.0,6420.0,700.5,0.0,6420.0,17.8,1564.0,15.1,1112.0,71.0,538.0,45.0,893.0,93.9,65.0,23125.0,18.5,37.0,56.0,26.0,"Biological Sciences,Electrical & Electronic Engineering,Architecture,Computer Science,Sociology,Chemical Engineering,Politics & International Studies (incl Development Studies),Languages, Literature & Linguistics,Education,Accounting & Finance,Sport Science,Psychology,Mathematics & Statistics,Business & Management,General Engineering,Art, Performing Arts & Design,Mechanical & Aerospace Engineering,Chemistry,Communication & Media Studies,Law,History, Philosophy & Theology,Economics & Econometrics,Geography,Other Health,Civil Engineering",De Montfort University,United Kingdom
233.0,266.0,XL,FC,VH,3,A,29.6,291.0,25.8,373.0,4.8,701.0,67.4,160,96.7,130.0,59.9,249.0,51.4,303.0,26.2,312.0,54.3,283.0,41.3,2570.0,275.5,0.0,2570.0,28.3,786.0,34.6,359.0,91.4,101.0,72.2,381.0,85.7,181.0,40988.0,32.7,18.0,60.0,24.0,"Chemistry,Art, Performing Arts & Design,Sociology,Psychology,Medicine & Dentistry,Geology, Environmental, Earth & Marine Sciences,Civil Engineering,Law,Communication & Media Studies,General Engineering,Economics & Econometrics,Politics & International Studies (incl Development Studies),Computer Science,Other Health,Mechanical & Aerospace Engineering,Mathematics & Statistics,Geography,Accounting & Finance,Biological Sciences,Languages, Literature & Linguistics,Electrical & Electronic Engineering,Architecture,Sport Science,History, Philosophy & Theology,Business & Management,Education",Deakin University,Australia
47.0,61.0,L,CO,VH,5,A,73.0,84.0,79.0,73.0,36.9,428.0,84.9,95,100.0,66.0,89.3,121.0,91.4,72.0,42.1,170.0,98.4,18.0,76.2,480.0,48.0,76.3,480.0,66.7,51.0,78.2,36.0,76.5,405.0,100.0,5.0,92.8,86.0,21262.0,15.9,30.0,31.0,50.0,"Mechanical & Aerospace Engineering,Education,Electrical & Electronic Engineering,Chemistry,Art, Performing Arts & Design,Chemical Engineering,Politics & International Studies (incl Development Studies),Computer Science,Physics & Astronomy,General Engineering,Mathematics & Statistics,Economics & Econometrics,Civil Engineering,Geology, Environmental, Earth & Marine Sciences,Agriculture & Forestry,Business & Management,Other Health,Sport Science,Architecture,Communication & Media Studies,History, Philosophy & Theology,Biological Sciences,Geography",Delft University of Technology,Netherlands
795.5,900.5,XL,FC,HI,4,A,17.2,517.0,33.9,289.0,15.7,701.0,1.4,701,22.8,566.0,2.8,701.0,1.0,701.0,15.0,558.0,13.1,634.0,0.0,15980.0,1501.0,0.0,15980.0,27.1,868.0,15.4,1088.0,19.1,1702.0,42.9,925.0,35.1,1312.0,35688.0,18.0,2.0,56.0,24.0,"Veterinary Science,Civil Engineering,Mechanical & Aerospace Engineering,Business & Management,Communication & Media Studies,General Engineering,Physics & Astronomy,Electrical & Electronic Engineering,History, Philosophy & Theology,Accounting & Finance,Languages, Literature & Linguistics,Politics & International Studies (incl Development Studies),Biological Sciences,Computer Science,Chemistry,Psychology,Architecture,Mathematics & Statistics,Economics & Econometrics,Geology, Environmental, Earth & Marine Sciences,Other Health,Agriculture & Forestry,Chemical Engineering,Medicine & Dentistry,Law",Diponegoro University,Indonesia
925.5,900.5,L,FO,VH,3,A,4.0,601.0,1.5,601.0,26.9,562.0,37.9,370,2.3,701.0,3.4,701.0,1.9,701.0,6.2,701.0,1.3,701.0,0.0,5320.0,550.5,0.0,5320.0,27.8,815.0,22.1,723.0,72.8,488.0,85.3,205.0,39.9,1121.0,23099.0,14.7,6.0,44.0,40.0,"Mechanical & Aerospace Engineering,Architecture,Art, Performing Arts & Design,Communication & Media Studies,Languages, Literature & Linguistics,Accounting & Finance,Business & Management,Computer Science,Geology, Environmental, Earth & Marine Sciences,General Engineering,Chemical Engineering,Civil Engineering,Physics & Astronomy,Chemistry,Mathematics & Statistics",Donghua University,China (Mainland)
1100.5,1100.5,L,CO,HI,5,B,9.0,601.0,13.7,592.0,5.3,701.0,2.1,701,18.6,606.0,4.0,701.0,1.1,701.0,15.9,527.0,1.0,701.0,0.0,16000.0,1501.0,0.0,16000.0,17.9,1556.0,10.9,1535.0,11.1,1840.0,30.7,1167.0,35.5,1296.0,27624.0,18.6,4.0,42.0,34.0,"General Engineering,Mechanical & Aerospace Engineering,Mathematics & Statistics,Accounting & Finance,Communication & Media Studies,Chemistry,Geology, Environmental, Earth & Marine Sciences,Sociology,Art, Performing Arts & Design,Computer Science,Politics & International Studies (incl Development Studies),Economics & Econometrics,Chemical Engineering,Law,Education,Psychology,Electrical & Electronic Engineering,Archaeology,Sport Science,History, Philosophy & Theology,Languages, Literature & Linguistics,Biological Sciences,Business & Management",Doshisha University,Japan
605.5,675.5,L,FC,VH,5,B,8.4,601.0,6.1,601.0,21.1,644.0,35.1,388,32.8,468.0,22.3,511.0,28.4,467.0,26.0,316.0,34.6,403.0,0.0,3110.0,325.5,0.0,3110.0,44.1,214.0,26.0,571.0,79.6,328.0,75.6,322.0,62.2,539.0,16910.0,11.0,15.0,51.0,20.0,"General Engineering,Chemistry,Architecture,Agriculture & Forestry,Psychology,Languages, Literature & Linguistics,Electrical & Electronic Engineering,Communication & Media Studies,Business & Management,Other Health,Veterinary Science,Sociology,Medicine & Dentistry,Chemical Engineering,Geology, Environmental, Earth & Marine Sciences,Economics & Econometrics,Computer Science,Physics & Astronomy,History, Philosophy & Theology,Sport Science,Law,Civil Engineering,Politics & International Studies (incl Development Studies),Mechanical & Aerospace Engineering,Mathematics & Statistics,Accounting & Finance,Art, Performing Arts & Design,Biological Sciences,Education",Drexel University,United States
436.0,471.0,L,FC,HI,3,A,19.7,452.0,27.0,360.0,25.6,575.0,12.4,690,76.0,248.0,19.3,557.0,19.3,548.0,24.8,334.0,81.7,137.0,26.0,4260.0,450.5,0.0,4260.0,24.5,1042.0,35.2,343.0,77.1,393.0,62.8,596.0,73.9,352.0,14325.0,26.1,12.0,58.0,30.0,"History, Philosophy & Theology,Geology, Environmental, Earth & Marine Sciences,Economics & Econometrics,Mechanical & Aerospace Engineering,Biological Sciences,Law,Physics & Astronomy,Business & Management,Sport Science,Education,Electrical & Electronic Engineering,Sociology,Other Health,Communication & Media Studies,Computer Science,Politics & International Studies (incl Development Studies),Languages, Literature & Linguistics,Chemistry,Accounting & Finance,Geography,Mathematics & Statistics,Psychology",Dublin City University,Ireland
57.0,50.0,L,FC,VH,5,B,85.7,53.0,69.3,106.0,100.0,7.0,40.2,344,16.8,634.0,52.2,278.0,90.0,82.0,89.3,37.0,95.0,53.0,72.0,260.0,26.0,83.9,260.0,79.3,24.0,76.1,41.0,96.2,36.0,100.0,6.0,74.8,332.0,15527.0,3.9,18.0,52.0,15.0,"Mechanical & Aerospace Engineering,Agriculture & Forestry,Psychology,History, Philosophy & Theology,Mathematics & Statistics,Accounting & Finance,Art, Performing Arts & Design,Electrical & Electronic Engineering,Sociology,Civil Engineering,Physics & Astronomy,Economics & Econometrics,General Engineering,Geology, Environmental, Earth & Marine Sciences,Other Health,Law,Computer Science,Chemistry,Languages, Literature & Linguistics,Biological Sciences,Business & Management,Medicine & Dentistry,Politics & International Studies (incl Development Studies),Communication & Media Studies",Duke University,United States
78.0,92.0,L,FC,VH,5,A,59.5,124.0,89.3,50.0,27.8,548.0,53.3,241,97.5,125.0,86.9,135.0,86.2,108.0,29.2,274.0,97.6,30.0,65.1,1740.0,174.0,60.6,1740.0,43.5,230.0,44.5,194.0,83.5,245.0,65.6,534.0,95.8,32.0,19575.0,14.0,32.0,54.0,38.0,"Civil Engineering,Sociology,Communication & Media Studies,Art, Performing Arts & Design,Archaeology,Mechanical & Aerospace Engineering,Geography,Physics & Astronomy,Economics & Econometrics,Education,History, Philosophy & Theology,General Engineering,Business & Management,Sport Science,Languages, Literature & Linguistics,Chemical Engineering,Mathematics & Statistics,Law,Geology, Environmental, Earth & Marine Sciences,Electrical & Electronic Engineering,Accounting & Finance,Psychology,Other Health,Chemistry,Computer Science,Biological Sciences,Politics & International Studies (incl Development Studies)",Durham University,United Kingdom
514.0,900.5,L,CO,VH,3,C,10.7,601.0,26.3,367.0,3.8,701.0,33.6,408,37.0,436.0,1.2,701.0,63.7,222.0,10.9,701.0,57.4,263.0,22.7,6440.0,700.5,0.0,6440.0,12.1,1874.0,14.2,1187.0,87.5,163.0,17.4,1713.0,52.5,727.0,23951.0,24.3,0.0,57.0,42.0,"General Engineering,Computer Science,Biological Sciences,Accounting & Finance,Art, Performing Arts & Design,Electrical & Electronic Engineering,Communication & Media Studies,Physics & Astronomy,Politics & International Studies (incl Development Studies),Other Health,Geology, Environmental, Earth & Marine Sciences,Languages, Literature & Linguistics,Civil Engineering,Architecture,Law,Medicine & Dentistry,Chemistry,Business & Management,Economics & Econometrics",Duy Tan University,Vietnam
511.0,545.5,L,CO,VH,4,A,15.2,571.0,3.7,601.0,19.1,693.0,53.1,243,23.3,562.0,19.6,553.0,31.0,453.0,11.7,701.0,19.7,548.0,22.8,3130.0,325.5,0.0,3130.0,42.7,247.0,35.1,346.0,76.3,409.0,66.3,520.0,56.4,655.0,28787.0,14.1,8.0,64.0,35.0,"Languages, Literature & Linguistics,Mathematics & Statistics,Psychology,Education,Physics & Astronomy,Law,Computer Science,Art, Performing Arts & Design,Sociology,Sport Science,Politics & International Studies (incl Development Studies),Economics & Econometrics,Other Health,Chemistry,Communication & Media Studies,Business & Management,Biological Sciences,Electrical & Electronic Engineering,Accounting & Finance,Medicine & Dentistry,Geography,Geology, Environmental, Earth & Marine Sciences,History, Philosophy & Theology",East China Normal University,China (Mainland)
685.5,625.5,L,CO,VH,4,A,7.5,601.0,2.6,601.0,13.0,701.0,61.4,200,2.7,701.0,1.8,701.0,2.8,701.0,11.7,701.0,3.6,701.0,0.0,6450.0,700.5,0.0,6450.0,29.9,694.0,25.8,580.0,60.2,770.0,87.1,186.0,23.2,1770.0,30974.0,18.0,2.0,44.0,37.0,"Physics & Astronomy,Geology, Environmental, Earth & Marine Sciences,General Engineering,Business & Management,Sport Science,Accounting & Finance,History, Philosophy & Theology,Mathematics & Statistics,Law,Languages, Literature & Linguistics,Education,Art, Performing Arts & Design,Agriculture & Forestry,Medicine & Dentistry,Chemistry,Economics & Econometrics,Chemical Engineering,Politics & International Studies (incl Development Studies),Electrical & Electronic Engineering,Computer Science,Mechanical & Aerospace Engineering,Biological Sciences,Sociology",East China University of Science and Technology,China (Mainland)
825.5,900.5,L,CO,HI,3,A,4.9,601.0,4.2,601.0,4.1,701.0,10.4,701,73.8,259.0,87.9,130.0,5.9,701.0,10.8,701.0,2.9,701.0,0.0,5340.0,550.5,0.0,5340.0,18.1,1542.0,18.4,895.0,77.9,370.0,47.7,850.0,93.7,67.0,12415.0,22.4,34.0,52.0,30.0,"Electrical & Electronic Engineering,Psychology,Business & Management,Accounting & Finance,Sociology,Communication & Media Studies,Other Health,Mechanical & Aerospace Engineering,Art, Performing Arts & Design,Law,Languages, Literature & Linguistics,Sport Science,Civil Engineering,Biological Sciences",Edinburgh Napier University,United Kingdom
124.0,138.0,M,FO,VH,4,A,29.3,295.0,76.2,78.0,40.4,390.0,89.7,75,100.0,30.0,70.8,205.0,40.1,377.0,19.7,426.0,18.0,567.0,55.0,1690.0,168.0,60.8,1690.0,47.4,168.0,51.5,129.0,71.3,529.0,100.0,7.0,87.3,162.0,10611.0,21.4,27.0,54.0,46.0,"Art, Performing Arts & Design,Electrical & Electronic Engineering,Languages, Literature & Linguistics,Civil Engineering,Mechanical & Aerospace Engineering,Archaeology,Geology, Environmental, Earth & Marine Sciences,Chemical Engineering,Architecture,Chemistry,History, Philosophy & Theology,Physics & Astronomy,General Engineering,Mathematics & Statistics,Computer Science",Eindhoven University of Technology,Netherlands
199.0,155.0,L,FC,VH,5,B,25.6,342.0,16.4,522.0,97.7,50.0,69.7,149,37.3,431.0,31.1,409.0,57.0,268.0,23.6,357.0,85.7,115.0,45.9,1060.0,106.0,66.1,1060.0,53.1,109.0,45.7,183.0,95.5,43.0,81.6,241.0,69.3,415.0,13127.0,4.0,19.0,61.0,8.0,"Art, Performing Arts & Design,Mathematics & Statistics,Accounting & Finance,Chemistry,Economics & Econometrics,General Engineering,Psychology,Languages, Literature & Linguistics,Geology, Environmental, Earth & Marine Sciences,Computer Science,History, Philosophy & Theology,Communication & Media Studies,Other Health,Sociology,Politics & International Studies (incl Development Studies),Physics & Astronomy,Law,Medicine & Dentistry,Biological Sciences,Business & Management",Emory University,United States
1100.5,1100.5,M,FO,VH,5,A,6.3,601.0,17.6,498.0,16.6,701.0,3.3,701,6.7,701.0,1.9,701.0,1.1,701.0,10.6,701.0,1.1,701.0,0.0,16060.0,1501.0,0.0,16060.0,18.2,1536.0,9.4,1729.0,29.0,1472.0,18.6,1619.0,52.1,737.0,7458.0,13.2,1.0,28.0,45.0,"Electrical & Electronic Engineering,Geology, Environmental, Earth & Marine Sciences,Mathematics & Statistics,Civil Engineering,Business & Management,General Engineering,Agriculture & Forestry,Physics & Astronomy,Computer Science,Economics & Econometrics,Chemical Engineering",Escuela Politécnica Nacional,Ecuador
498.0,346.0,L,FC,HI,4,B,26.7,325.0,23.0,413.0,77.4,150.0,7.7,701,7.8,701.0,19.8,551.0,1.6,701.0,15.3,552.0,6.9,701.0,23.2,6530.0,700.5,0.0,6530.0,37.6,370.0,35.3,342.0,44.5,1134.0,82.8,232.0,49.6,816.0,13999.0,16.7,15.0,100.0,19.0,"Other Health,Architecture,Mechanical & Aerospace Engineering,Education,Sport Science,Law,Veterinary Science,Politics & International Studies (incl Development Studies),Medicine & Dentistry,General Engineering,Geology, Environmental, Earth & Marine Sciences,Art, Performing Arts & Design,Biological Sciences,Psychology,Archaeology,Civil Engineering,Communication & Media Studies,Accounting & Finance,History, Philosophy & Theology,Mathematics & Statistics,Sociology,Computer Science,Chemical Engineering,Chemistry,Economics & Econometrics,Languages, Literature & Linguistics,Agriculture & Forestry,Geography,Electrical & Electronic Engineering,Physics & Astronomy,Business & Management",Ewha Womans University,South Korea
705.5,725.5,L,CO,VH,5,A,23.9,359.0,16.8,515.0,13.2,701.0,7.8,701,5.0,701.0,11.3,685.0,31.1,452.0,30.8,248.0,10.2,667.0,0.0,8570.0,900.5,0.0,8570.0,28.6,764.0,19.2,856.0,57.3,838.0,33.4,1125.0,51.3,762.0,30414.0,17.8,11.0,61.0,36.0,"Physics & Astronomy,Education,Languages, Literature & Linguistics,Sociology,Art, Performing Arts & Design,Communication & Media Studies,History, Philosophy & Theology,Sport Science,Law,Politics & International Studies (incl Development Studies),Accounting & Finance,Computer Science,Geography,Business & Management,Mechanical & Aerospace Engineering,Geology, Environmental, Earth & Marine Sciences,Archaeology,Chemistry,Psychology,Mathematics & Statistics,Economics & Econometrics,Biological Sciences",Eötvös Loránd University,Hungary
645.5,434.0,L,CO,HI,5,A,10.6,601.0,3.5,601.0,94.9,62.0,1.8,701,14.1,685.0,66.1,227.0,5.1,701.0,8.2,701.0,1.2,701.0,0.0,12670.0,1350.5,0.0,12670.0,31.5,613.0,19.6,833.0,21.0,1659.0,26.6,1276.0,62.7,528.0,15631.0,12.9,21.0,59.0,35.0,"Politics & International Studies (incl Development Studies),History, Philosophy & Theology,Computer Science,Mathematics & Statistics,Education,Geography,Other Health,Medicine & Dentistry,Business & Management,Mechanical & Aerospace Engineering,Languages, Literature & Linguistics,Agriculture & Forestry,Accounting & Finance,Psychology,Civil Engineering,Architecture,Physics & Astronomy,Electrical & Electronic Engineering,Art, Performing Arts & Design,Chemistry,Archaeology,Sport Science,Economics & Econometrics,Law,Geology, Environmental, Earth & Marine Sciences,General Engineering,Biological Sciences,Sociology,Communication & Media Studies,Chemical Engineering",Far Eastern Federal University,Russia
1300.5,1300.5,L,FO,VH,3,C,10.0,601.0,7.5,601.0,4.5,701.0,6.0,701,3.9,701.0,5.8,701.0,1.0,701.0,14.4,584.0,1.1,701.0,0.0,12810.0,1350.5,0.0,12810.0,18.4,1515.0,18.9,869.0,25.5,1552.0,40.9,956.0,37.7,1211.0,19770.0,23.3,7.0,40.0,39.0,"History, Philosophy & Theology,Geology, Environmental, Earth & Marine Sciences,Sociology,General Engineering,Law,Computer Science,Chemical Engineering,Civil Engineering,Geography,Physics & Astronomy,Accounting & Finance,Electrical & Electronic Engineering,Politics & International Studies (incl Development Studies),Chemistry,Languages, Literature & Linguistics,Mechanical & Aerospace Engineering,Business & Management,Art, Performing Arts & Design,Mathematics & Statistics,Architecture,Communication & Media Studies,Economics & Econometrics",Feng Chia University,Taiwan
1100.5,1100.5,L,FO,VH,5,A,5.5,601.0,7.8,601.0,37.1,426.0,1.6,701,4.1,701.0,13.1,660.0,1.9,701.0,33.4,230.0,5.2,701.0,0.0,10550.0,1100.5,0.0,10550.0,26.7,892.0,18.0,917.0,50.3,1017.0,30.9,1160.0,34.5,1339.0,16580.0,13.0,9.0,51.0,21.0,"Mathematics & Statistics,Politics & International Studies (incl Development Studies),Sociology,Computer Science,Business & Management,Law,Economics & Econometrics,Accounting & Finance,Communication & Media Studies",Financial University under the Government of the Russian Federation,Russia
380.0,425.0,L,FC,VH,4,A,13.3,601.0,6.7,601.0,6.5,701.0,42.6,313,97.0,127.0,89.5,119.0,38.9,385.0,10.5,701.0,64.8,226.0,29.2,3150.0,325.5,0.0,3150.0,29.2,734.0,35.4,337.0,78.4,353.0,71.0,406.0,88.9,139.0,17422.0,29.4,33.0,66.0,15.0,"Art, Performing Arts & Design,Languages, Literature & Linguistics,Archaeology,Medicine & Dentistry,Other Health,Computer Science,Electrical & Electronic Engineering,General Engineering,Civil Engineering,Biological Sciences,Veterinary Science,Sport Science,Geology, Environmental, Earth & Marine Sciences,Communication & Media Studies,Politics & International Studies (incl Development Studies),Law,Education,Psychology,Business & Management,Accounting & Finance,Economics & Econometrics",Flinders University,Australia
556.0,775.5,XL,FC,HI,4,A,14.9,586.0,35.4,274.0,12.0,701.0,12.8,682,21.1,581.0,12.1,676.0,68.1,207.0,14.2,594.0,39.0,367.0,21.1,4280.0,450.5,0.0,4280.0,31.0,641.0,29.3,488.0,74.2,462.0,61.5,624.0,51.0,773.0,35006.0,22.4,9.0,60.0,28.0,"Business & Management,Chemistry,Mechanical & Aerospace Engineering,Accounting & Finance,Electrical & Electronic Engineering,General Engineering,Geology, Environmental, Earth & Marine Sciences,Economics & Econometrics,Psychology,Biological Sciences,Civil Engineering,Politics & International Studies (incl Development Studies),Education,Communication & Media Studies,Medicine & Dentistry,Languages, Literature & Linguistics,Physics & Astronomy,Sociology,Other Health,Art, Performing Arts & Design,Computer Science,Architecture,Mathematics & Statistics,Geography,History, Philosophy & Theology,Law",Florida International University,United States
461.0,515.5,XL,FC,VH,5,A,25.1,349.0,25.7,374.0,6.8,701.0,30.7,430,15.6,659.0,3.9,701.0,40.1,379.0,20.5,407.0,54.3,283.0,24.9,2600.0,275.5,0.0,2600.0,38.2,358.0,38.6,269.0,79.4,334.0,68.2,475.0,58.8,611.0,39831.0,24.6,6.0,58.0,32.0,"Archaeology,Geology, Environmental, Earth & Marine Sciences,Sport Science,Biological Sciences,Medicine & Dentistry,Chemical Engineering,Accounting & Finance,Education,Communication & Media Studies,Architecture,Sociology,General Engineering,History, Philosophy & Theology,Physics & Astronomy,Law,Mathematics & Statistics,Other Health,Computer Science,Economics & Econometrics,Languages, Literature & Linguistics,Civil Engineering,Politics & International Studies (incl Development Studies),Electrical & Electronic Engineering,Geography,Art, Performing Arts & Design,Business & Management,Chemistry,Mechanical & Aerospace Engineering,Psychology",Florida State University,United States
645.5,725.5,S,FO,VH,3,A,5.0,601.0,1.5,601.0,11.0,701.0,47.6,285,74.8,256.0,26.3,460.0,11.1,651.0,8.0,701.0,1.9,701.0,0.0,3680.0,375.5,0.0,3680.0,31.8,596.0,22.8,694.0,85.5,198.0,45.6,886.0,78.6,276.0,4244.0,10.7,14.0,67.0,41.0,"Computer Science,Business & Management,Economics & Econometrics,Communication & Media Studies,Electrical & Electronic Engineering,General Engineering,Agriculture & Forestry,Accounting & Finance,Education,Languages, Literature & Linguistics,Art, Performing Arts & Design",Free University of Bozen-Bolzano,Italy
1300.5,1300.5,L,FC,HI,4,B,7.3,601.0,7.5,601.0,4.3,701.0,6.8,701,7.9,701.0,7.4,701.0,1.0,701.0,21.8,381.0,1.5,701.0,0.0,10590.0,1100.5,0.0,10590.0,24.0,1079.0,29.2,492.0,26.3,1533.0,65.5,538.0,31.1,1461.0,16382.0,27.2,6.0,59.0,13.0,"Chemical Engineering,Computer Science,Art, Performing Arts & Design,Civil Engineering,Sociology,Economics & Econometrics,History, Philosophy & Theology,Physics & Astronomy,Business & Management,Geology, Environmental, Earth & Marine Sciences,Mechanical & Aerospace Engineering,Languages, Literature & Linguistics,Communication & Media Studies,Politics & International Studies (incl Development Studies),Mathematics & Statistics,Archaeology,Electrical & Electronic Engineering,Psychology,Accounting & Finance,Agriculture & Forestry,Architecture,Chemistry,Law,Sport Science,Medicine & Dentistry,General Engineering,Other Health,Education,Geography,Biological Sciences",Fu Jen Catholic University,Taiwan
50.0,34.0,XL,FC,VH,4,A,84.7,55.0,89.8,49.0,84.5,108.0,72.4,136,88.3,193.0,33.0,393.0,22.7,522.0,49.6,134.0,43.8,341.0,74.4,440.0,44.0,77.5,440.0,76.5,30.0,75.3,43.0,83.5,246.0,96.0,104.0,56.1,659.0,38101.0,12.6,9.0,52.0,24.0,"Archaeology,Other Health,Physics & Astronomy,Economics & Econometrics,General Engineering,Law,Chemical Engineering,Electrical & Electronic Engineering,Chemistry,Accounting & Finance,Mathematics & Statistics,Business & Management,History, Philosophy & Theology,Communication & Media Studies,Mechanical & Aerospace Engineering,Education,Languages, Literature & Linguistics,Biological Sciences,Psychology,Computer Science,Sociology,Medicine & Dentistry,Geology, Environmental, Earth & Marine Sciences,Politics & International Studies (incl Development Studies)",Fudan University,China (Mainland)
875.5,900.5,M,FO,VH,5,A,9.2,601.0,14.4,566.0,36.3,437.0,11.8,701,3.3,701.0,7.1,701.0,11.8,638.0,8.6,701.0,14.9,614.0,0.0,10630.0,1100.5,0.0,10630.0,19.7,1400.0,17.0,974.0,48.3,1050.0,50.7,798.0,35.0,1318.0,13903.0,17.9,5.0,38.0,47.0,"Chemical Engineering,General Engineering,Physics & Astronomy,Chemistry,Mathematics & Statistics,Geology, Environmental, Earth & Marine Sciences,Computer Science,Business & Management,Electrical & Electronic Engineering,Economics & Econometrics,Civil Engineering,Mechanical & Aerospace Engineering",Gdańsk University of Technology,Poland
975.5,1100.5,L,CO,VH,4,A,9.0,601.0,6.0,601.0,12.6,701.0,11.4,701,12.4,701.0,10.6,701.0,17.2,571.0,14.5,581.0,28.6,462.0,0.0,4310.0,450.5,0.0,4310.0,29.7,705.0,27.5,528.0,82.7,265.0,62.0,614.0,59.9,586.0,32959.0,18.3,11.0,53.0,30.0,"Languages, Literature & Linguistics,Civil Engineering,Education,Other Health,Chemistry,Business & Management,General Engineering,Geology, Environmental, Earth & Marine Sciences,Computer Science,Communication & Media Studies,Physics & Astronomy,Accounting & Finance,Sport Science,Psychology,Mathematics & Statistics,Law,Economics & Econometrics,Art, Performing Arts & Design,Mechanical & Aerospace Engineering,Politics & International Studies (incl Development Studies),History, Philosophy & Theology,Biological Sciences,Sociology,Electrical & Electronic Engineering,Geography",George Mason University,United States
340.0,362.0,L,FC,VH,5,B,26.9,323.0,24.5,393.0,28.3,541.0,29.3,439,31.6,478.0,27.6,444.0,61.0,239.0,49.5,135.0,62.8,235.0,32.1,2100.0,225.5,0.0,2100.0,48.2,154.0,35.7,329.0,86.0,191.0,67.3,492.0,66.1,463.0,22211.0,13.0,14.0,62.0,17.0,"Geography,Chemistry,Mathematics & Statistics,Medicine & Dentistry,Computer Science,Education,Economics & Econometrics,Psychology,Sport Science,Politics & International Studies (incl Development Studies),Other Health,Mechanical & Aerospace Engineering,Archaeology,History, Philosophy & Theology,Architecture,Art, Performing Arts & Design,Communication & Media Studies,Civil Engineering,Business & Management,Electrical & Electronic Engineering,Law,Accounting & Finance,Physics & Astronomy,Geology, Environmental, Earth & Marine Sciences,General Engineering,Sociology,Biological Sciences,Languages, Literature & Linguistics",George Washington University,United States
297.0,281.0,L,FC,VH,5,B,30.3,288.0,34.4,285.0,59.0,242.0,18.6,574,17.0,629.0,39.8,344.0,14.4,606.0,87.8,43.0,66.8,217.0,35.3,1870.0,187.0,59.5,1870.0,52.6,114.0,37.0,304.0,85.1,209.0,92.2,144.0,53.2,706.0,17508.0,10.1,18.0,55.0,14.0,"Agriculture & Forestry,Politics & International Studies (incl Development Studies),Economics & Econometrics,Other Health,Geology, Environmental, Earth & Marine Sciences,Art, Performing Arts & Design,Communication & Media Studies,Accounting & Finance,Mathematics & Statistics,General Engineering,Law,Languages, Literature & Linguistics,Biological Sciences,Education,History, Philosophy & Theology,Sport Science,Psychology,Architecture,Chemistry,Computer Science,Sociology,Medicine & Dentistry,Physics & Astronomy,Business & Management",Georgetown University,United States
97.0,88.0,L,CO,VH,5,A,67.4,100.0,85.1,59.0,15.3,701.0,67.1,163,38.8,417.0,65.4,230.0,33.2,432.0,41.7,175.0,70.4,201.0,60.9,360.0,36.0,80.0,360.0,63.4,63.0,78.9,33.0,94.1,57.0,94.6,123.0,84.8,191.0,32079.0,28.0,29.0,34.0,43.0,"Chemical Engineering,Other Health,Languages, Literature & Linguistics,Physics & Astronomy,Politics & International Studies (incl Development Studies),Mechanical & Aerospace Engineering,Biological Sciences,Geography,Communication & Media Studies,Architecture,Art, Performing Arts & Design,Sociology,General Engineering,Computer Science,Geology, Environmental, Earth & Marine Sciences,Electrical & Electronic Engineering,Economics & Econometrics,Business & Management,Mathematics & Statistics,Chemistry,Psychology,Civil Engineering,History, Philosophy & Theology",Georgia Institute of Technology,United States
875.5,900.5,XL,CO,VH,4,A,11.7,601.0,13.6,594.0,4.9,701.0,20.3,556,10.5,701.0,7.4,701.0,17.0,573.0,16.1,519.0,11.8,644.0,0.0,4320.0,450.5,0.0,4320.0,35.0,460.0,25.4,592.0,72.6,493.0,65.2,542.0,57.1,640.0,30821.0,15.7,7.0,61.0,20.0,"Computer Science,Education,Biological Sciences,Geography,Chemistry,Accounting & Finance,Communication & Media Studies,Art, Performing Arts & Design,Sport Science,Law,Medicine & Dentistry,Sociology,Physics & Astronomy,Business & Management,Other Health,Languages, Literature & Linguistics,Politics & International Studies (incl Development Studies),History, Philosophy & Theology,Geology, Environmental, Earth & Marine Sciences,Economics & Econometrics,Mathematics & Statistics,Psychology",Georgia State University,United States
1100.5,900.5,S,FO,VH,2,A,7.1,601.0,13.4,601.0,18.8,701.0,4.8,701,44.1,382.0,14.4,632.0,1.1,701.0,10.6,701.0,1.0,701.0,0.0,12900.0,1350.5,0.0,12900.0,17.8,1567.0,11.4,1477.0,40.6,1213.0,19.5,1560.0,69.1,419.0,4255.0,12.8,11.0,38.0,44.0,"Geology, Environmental, Earth & Marine Sciences,Architecture,Accounting & Finance,Electrical & Electronic Engineering,Art, Performing Arts & Design,Chemical Engineering,Languages, Literature & Linguistics,Computer Science,Economics & Econometrics,General Engineering,Sociology,Mechanical & Aerospace Engineering,Business & Management,Civil Engineering",German Jordanian University,Jordan
1300.5,1300.5,L,CO,MD,2,B,7.9,601.0,11.4,601.0,7.3,701.0,2.1,701,14.2,680.0,1.2,701.0,1.0,701.0,6.0,701.0,1.0,701.0,0.0,16320.0,1501.0,0.0,16320.0,18.6,1491.0,8.7,1828.0,34.0,1350.0,16.8,1774.0,48.6,847.0,12332.0,12.8,2.0,43.0,34.0,"Biological Sciences,Civil Engineering,Mechanical & Aerospace Engineering,Business & Management,Communication & Media Studies,Computer Science,General Engineering,Architecture,Economics & Econometrics,Electrical & Electronic Engineering,Accounting & Finance,Other Health,Art, Performing Arts & Design,Law",German University in Cairo,Egypt
159.0,143.0,XL,FC,VH,5,A,53.4,146.0,25.2,379.0,78.9,141.0,25.1,486,79.6,231.0,21.2,528.0,99.8,8.0,52.0,124.0,91.3,84.0,50.2,1150.0,115.0,65.6,1150.0,47.2,172.0,59.3,88.0,85.3,201.0,99.7,46.0,65.7,468.0,41487.0,37.6,12.0,57.0,29.0,"Languages, Literature & Linguistics,Accounting & Finance,Chemistry,Chemical Engineering,Psychology,Economics & Econometrics,Archaeology,Physics & Astronomy,Biological Sciences,History, Philosophy & Theology,Mathematics & Statistics,Sociology,Law,Mechanical & Aerospace Engineering,Other Health,Geography,Art, Performing Arts & Design,Medicine & Dentistry,General Engineering,Politics & International Studies (incl Development Studies),Electrical & Electronic Engineering,Geology, Environmental, Earth & Marine Sciences,Computer Science,Sport Science,Business & Management,Civil Engineering,Veterinary Science,Education,Agriculture & Forestry,Communication & Media Studies",Ghent University,Belgium
975.5,625.5,M,FC,VH,4,A,6.3,601.0,2.5,601.0,67.4,196.0,7.3,701,5.3,701.0,3.7,701.0,1.1,701.0,7.9,701.0,1.1,701.0,0.0,10650.0,1100.5,0.0,10650.0,30.6,659.0,23.2,678.0,29.5,1458.0,65.9,531.0,29.5,1519.0,7134.0,14.6,4.0,38.0,19.0,"Electrical & Electronic Engineering,Accounting & Finance,Mechanical & Aerospace Engineering,Agriculture & Forestry,Economics & Econometrics,General Engineering,Civil Engineering,Sociology,Education,Chemical Engineering,Other Health,Veterinary Science,Medicine & Dentistry,Business & Management,Biological Sciences",Gifu University,Japan
1100.5,1100.5,L,FO,VH,3,A,5.5,601.0,4.9,601.0,4.4,701.0,6.5,701,31.4,479.0,37.5,366.0,2.4,701.0,11.2,701.0,14.0,624.0,0.0,6590.0,700.5,0.0,6590.0,20.7,1320.0,13.9,1210.0,66.7,631.0,46.1,878.0,75.6,319.0,14840.0,24.1,18.0,58.0,20.0,"Other Health,Economics & Econometrics,Civil Engineering,Electrical & Electronic Engineering,Psychology,Computer Science,Accounting & Finance,Mechanical & Aerospace Engineering,Sociology,Biological Sciences,General Engineering,Business & Management,Law,Politics & International Studies (incl Development Studies),Communication & Media Studies",Glasgow Caledonian University,United Kingdom
593.0,515.5,M,FO,VH,5,A,14.9,587.0,6.0,601.0,14.7,701.0,13.6,663,97.8,117.0,92.8,101.0,1.2,701.0,17.2,490.0,1.8,701.0,20.0,4330.0,450.5,0.0,4330.0,29.2,735.0,25.2,601.0,75.4,432.0,28.9,1204.0,81.0,240.0,8780.0,14.5,38.0,66.0,15.0,"Law,History, Philosophy & Theology,Education,Art, Performing Arts & Design,Psychology,Computer Science,Economics & Econometrics,Communication & Media Studies,Languages, Literature & Linguistics,Business & Management,Politics & International Studies (incl Development Studies),Other Health,Sociology","Goldsmiths, University of London",United Kingdom
421.0,284.0,M,FO,VH,5,A,14.5,595.0,11.0,601.0,99.5,31.0,13.6,664,75.0,255.0,58.8,258.0,10.4,664.0,13.6,629.0,4.2,701.0,26.7,5390.0,550.5,0.0,5390.0,40.4,296.0,21.4,751.0,51.5,979.0,91.5,148.0,81.5,233.0,6660.0,8.2,24.0,26.0,48.0,"General Engineering,Physics & Astronomy,Chemistry,Business & Management,Architecture,Mathematics & Statistics,Education,Civil Engineering,Geology, Environmental, Earth & Marine Sciences,Electrical & Electronic Engineering,Biological Sciences,Computer Science,Mechanical & Aerospace Engineering,Chemical Engineering",Graz University of Technology,Austria
243.0,300.0,XL,FC,VH,4,A,26.5,332.0,16.2,526.0,7.5,701.0,65.8,166,100.0,70.0,31.7,403.0,72.7,185.0,15.5,539.0,93.3,69.0,40.1,2610.0,275.5,0.0,2610.0,30.5,666.0,37.8,295.0,82.7,266.0,74.6,342.0,81.8,226.0,34770.0,31.6,15.0,60.0,21.0,"Communication & Media Studies,Medicine & Dentistry,Sociology,Geography,Business & Management,Economics & Econometrics,Architecture,Sport Science,Politics & International Studies (incl Development Studies),Law,Archaeology,Chemistry,Civil Engineering,Accounting & Finance,Biological Sciences,Mathematics & Statistics,Mechanical & Aerospace Engineering,Electrical & Electronic Engineering,Psychology,Computer Science,Education,History, Philosophy & Theology,Languages, Literature & Linguistics,Agriculture & Forestry,Art, Performing Arts & Design,Geology, Environmental, Earth & Marine Sciences,Physics & Astronomy,Other Health,General Engineering",Griffith University,Australia
975.5,675.5,M,FO,VH,4,A,3.8,601.0,2.2,601.0,82.0,128.0,4.7,701,4.5,701.0,3.7,701.0,1.0,701.0,7.9,701.0,1.0,701.0,0.0,12930.0,1350.5,0.0,12930.0,28.6,766.0,14.2,1188.0,20.7,1666.0,57.4,696.0,26.7,1632.0,6248.0,7.6,4.0,37.0,19.0,"Computer Science,Medicine & Dentistry,General Engineering,Other Health,Sociology,Mechanical & Aerospace Engineering,Politics & International Studies (incl Development Studies),Electrical & Electronic Engineering,Communication & Media Studies,Education,Chemical Engineering,Civil Engineering",Gunma University,Japan
328.0,288.0,S,FO,VH,3,A,17.4,513.0,8.9,601.0,38.4,411.0,100.0,5,21.6,577.0,10.0,701.0,1.3,701.0,8.1,701.0,2.1,701.0,32.6,4360.0,450.5,0.0,4360.0,48.5,152.0,39.6,253.0,50.3,1018.0,99.9,31.0,43.9,994.0,1795.0,9.5,7.0,26.0,38.0,"Computer Science,Mechanical & Aerospace Engineering,Chemistry,Chemical Engineering,Physics & Astronomy,General Engineering,Electrical & Electronic Engineering,Biological Sciences",Gwangju Institute of Science and Technology (GIST),South Korea
399.0,308.0,XL,FO,VH,3,A,27.3,318.0,31.9,308.0,90.7,82.0,1.9,701,6.3,701.0,16.1,597.0,71.1,191.0,13.4,639.0,5.1,701.0,28.0,4370.0,450.5,0.0,4370.0,34.4,480.0,44.0,202.0,57.3,840.0,56.5,709.0,51.4,760.0,34656.0,18.6,12.0,54.0,32.0,"Languages, Literature & Linguistics,Civil Engineering,Psychology,Computer Science,Chemistry,General Engineering,Politics & International Studies (incl Development Studies),Mathematics & Statistics,Economics & Econometrics,Archaeology,Communication & Media Studies,Business & Management,History, Philosophy & Theology,Geology, Environmental, Earth & Marine Sciences,Law,Electrical & Electronic Engineering,Geography,Architecture,Sociology,Art, Performing Arts & Design,Physics & Astronomy,Accounting & Finance,Biological Sciences,Education",HSE University,Russia
1300.5,1300.5,XL,FO,VH,4,A,6.1,601.0,8.7,601.0,2.4,701.0,4.3,701,3.8,701.0,1.2,701.0,1.6,701.0,15.3,549.0,1.2,701.0,0.0,16400.0,1501.0,0.0,16400.0,15.7,1718.0,15.7,1071.0,27.4,1509.0,43.4,916.0,39.7,1127.0,37891.0,34.1,0.0,54.0,46.0,"Accounting & Finance,Education,Mechanical & Aerospace Engineering,Computer Science,Business & Management,Economics & Econometrics,Electrical & Electronic Engineering,Languages, Literature & Linguistics,Chemical Engineering,Physics & Astronomy,Mathematics & Statistics,Chemistry",Hanoi University of Science and Technology,Vietnam
164.0,157.0,L,FC,VH,4,B,49.0,167.0,81.3,70.0,83.5,117.0,23.3,510,16.9,632.0,54.3,269.0,15.6,587.0,24.8,336.0,77.7,163.0,49.7,3180.0,325.5,0.0,3180.0,45.4,198.0,40.4,245.0,62.0,736.0,99.4,65.0,66.5,457.0,19344.0,13.2,21.0,54.0,35.0,"Medicine & Dentistry,Physics & Astronomy,Business & Management,Other Health,Biological Sciences,Law,Art, Performing Arts & Design,General Engineering,Communication & Media Studies,Mechanical & Aerospace Engineering,Sociology,Languages, Literature & Linguistics,Chemistry,Architecture,Mathematics & Statistics,Electrical & Electronic Engineering,Politics & International Studies (incl Development Studies),History, Philosophy & Theology,Sport Science,Economics & Econometrics,Civil Engineering,Geology, Environmental, Earth & Marine Sciences,Education,Computer Science,Chemical Engineering,Accounting & Finance",Hanyang University,South Korea
1100.5,900.5,XL,FO,VH,4,A,4.6,601.0,2.0,601.0,14.6,701.0,23.0,513,2.5,701.0,2.0,701.0,2.1,701.0,6.2,701.0,1.3,701.0,0.0,8720.0,900.5,0.0,8720.0,28.1,803.0,30.6,451.0,43.6,1151.0,64.9,548.0,24.4,1728.0,33528.0,19.8,2.0,54.0,51.0,"Computer Science,Politics & International Studies (incl Development Studies),Business & Management,Electrical & Electronic Engineering,Mathematics & Statistics,Economics & Econometrics,Chemical Engineering,Architecture,Psychology,Law,Chemistry,Civil Engineering,Mechanical & Aerospace Engineering,Sociology,Languages, Literature & Linguistics,Physics & Astronomy",Harbin Engineering University,China (Mainland)
256.0,217.0,L,FO,VH,4,A,28.6,306.0,14.9,552.0,41.6,378.0,98.8,24,8.6,701.0,8.4,701.0,23.2,517.0,20.3,412.0,15.4,603.0,38.7,1700.0,168.0,60.8,1700.0,58.8,83.0,55.1,110.0,70.9,540.0,91.2,154.0,33.9,1362.0,30933.0,10.6,6.0,54.0,44.0,"Mathematics & Statistics,Computer Science,Geology, Environmental, Earth & Marine Sciences,Chemistry,Civil Engineering,Business & Management,Languages, Literature & Linguistics,Mechanical & Aerospace Engineering,Physics & Astronomy,Economics & Econometrics,Chemical Engineering,Electrical & Electronic Engineering,Law,Biological Sciences,Accounting & Finance,General Engineering",Harbin Institute of Technology,China (Mainland)
4.0,5.0,L,FC,VH,5,B,100.0,1.0,100.0,1.0,98.3,44.0,100.0,1,84.6,210.0,66.8,223.0,100.0,5.0,100.0,1.0,96.7,39.0,98.3,40.0,4.0,97.8,40.0,97.7,3.0,99.9,3.0,99.4,3.0,84.2,216.0,90.8,120.0,20050.0,9.0,25.0,51.0,12.0,"Sociology,Architecture,Physics & Astronomy,Psychology,Mechanical & Aerospace Engineering,Law,Electrical & Electronic Engineering,Medicine & Dentistry,Communication & Media Studies,Mathematics & Statistics,History, Philosophy & Theology,Languages, Literature & Linguistics,Agriculture & Forestry,Education,Computer Science,Business & Management,Geography,Accounting & Finance,Politics & International Studies (incl Development Studies),Chemistry,Archaeology,Art, Performing Arts & Design,Other Health,Biological Sciences,Geology, Environmental, Earth & Marine Sciences,Economics & Econometrics,General Engineering,Civil Engineering",Harvard University,United States
235.0,281.0,M,CO,VH,4,A,16.4,537.0,21.1,438.0,18.6,701.0,79.4,113,100.0,67.0,97.6,66.0,40.2,375.0,21.3,392.0,43.5,342.0,41.2,3710.0,375.5,0.0,3710.0,34.3,483.0,33.4,395.0,65.2,671.0,75.1,336.0,94.8,52.0,9735.0,18.2,36.0,39.0,44.0,"Art, Performing Arts & Design,Chemical Engineering,Geology, Environmental, Earth & Marine Sciences,Civil Engineering,Accounting & Finance,Languages, Literature & Linguistics,Physics & Astronomy,General Engineering,Geography,Computer Science,Business & Management,Electrical & Electronic Engineering,Economics & Econometrics,Biological Sciences,Mechanical & Aerospace Engineering,Chemistry,Mathematics & Statistics,Psychology,Architecture,Sport Science,Agriculture & Forestry",Heriot-Watt University,United Kingdom
472.0,338.0,L,FC,VH,4,A,23.6,366.0,14.0,581.0,81.0,136.0,9.6,701,17.3,624.0,12.9,663.0,30.0,457.0,9.8,701.0,37.5,382.0,24.5,6670.0,700.5,0.0,6670.0,39.6,318.0,26.4,558.0,44.7,1126.0,68.5,466.0,51.5,756.0,14590.0,7.6,10.0,38.0,26.0,"Business & Management,Other Health,Mathematics & Statistics,Sociology,Chemistry,Languages, Literature & Linguistics,Law,Biological Sciences,Geography,Chemical Engineering,General Engineering,Geology, Environmental, Earth & Marine Sciences,Communication & Media Studies,Veterinary Science,Architecture,Agriculture & Forestry,Archaeology,Psychology,Education,Sport Science,Civil Engineering,Computer Science,Politics & International Studies (incl Development Studies),Electrical & Electronic Engineering,Art, Performing Arts & Design,Accounting & Finance,Economics & Econometrics,Physics & Astronomy,Mechanical & Aerospace Engineering,History, Philosophy & Theology,Medicine & Dentistry",Hiroshima University,Japan
196.0,141.0,L,FC,VH,5,A,57.3,134.0,66.0,119.0,75.8,162.0,27.8,451,17.5,621.0,14.4,633.0,38.1,392.0,12.9,665.0,30.7,438.0,46.2,3720.0,375.5,0.0,3720.0,51.2,123.0,44.0,201.0,47.4,1073.0,95.1,117.0,47.5,878.0,17659.0,8.2,10.0,29.0,28.0,"Business & Management,Electrical & Electronic Engineering,Chemistry,Education,Sport Science,Archaeology,Art, Performing Arts & Design,Psychology,Computer Science,Veterinary Science,Mathematics & Statistics,Politics & International Studies (incl Development Studies),Architecture,General Engineering,Civil Engineering,Communication & Media Studies,Sociology,Accounting & Finance,Languages, Literature & Linguistics,Law,Medicine & Dentistry,Agriculture & Forestry,Other Health,Economics & Econometrics,Chemical Engineering,History, Philosophy & Theology,Geology, Environmental, Earth & Marine Sciences,Mechanical & Aerospace Engineering,Geography,Biological Sciences,Physics & Astronomy",Hokkaido University,Japan
295.0,281.0,M,CO,VH,3,A,19.4,458.0,12.6,601.0,56.0,265.0,51.9,249,97.8,118.0,100.0,20.0,2.6,701.0,15.1,557.0,17.2,574.0,35.4,3200.0,325.5,0.0,3200.0,34.0,493.0,28.9,499.0,77.2,391.0,69.6,440.0,97.8,10.0,7460.0,10.2,55.0,65.0,28.0,"Economics & Econometrics,Art, Performing Arts & Design,Mathematics & Statistics,Chemistry,Politics & International Studies (incl Development Studies),Languages, Literature & Linguistics,Communication & Media Studies,Geography,Sociology,Biological Sciences,Business & Management,Medicine & Dentistry,Computer Science,Physics & Astronomy,Agriculture & Forestry,Sport Science,History, Philosophy & Theology,Education,Accounting & Finance",Hong Kong Baptist University,Hong Kong SAR
1100.5,775.5,M,FC,HI,5,B,6.5,601.0,7.7,601.0,46.7,336.0,3.4,701,1.1,701.0,3.8,701.0,2.6,701.0,16.1,520.0,1.2,701.0,0.0,8740.0,900.5,0.0,8740.0,48.0,159.0,18.8,875.0,41.6,1194.0,39.8,983.0,39.3,1142.0,10199.0,9.7,5.0,71.0,24.0,"Geology, Environmental, Earth & Marine Sciences,Other Health,General Engineering,Chemistry,Accounting & Finance,Archaeology,Mechanical & Aerospace Engineering,Physics & Astronomy,Education,History, Philosophy & Theology,Electrical & Electronic Engineering,Sport Science,Chemical Engineering,Biological Sciences,Computer Science,Communication & Media Studies,Psychology,Languages, Literature & Linguistics,Economics & Econometrics,Law,Politics & International Studies (incl Development Studies),Architecture,Civil Engineering,Sociology,Business & Management,Art, Performing Arts & Design,Mathematics & Statistics,Medicine & Dentistry",Howard University,United States
275.0,306.0,XL,FC,VH,4,A,22.7,384.0,29.2,332.0,10.0,701.0,99.3,16,5.5,701.0,3.2,701.0,45.4,340.0,16.8,504.0,27.1,480.0,37.1,1580.0,158.0,61.7,1580.0,48.8,145.0,48.1,156.0,90.0,127.0,96.9,96.0,32.9,1391.0,57663.0,15.5,4.0,54.0,31.0,"Architecture,Electrical & Electronic Engineering,Sociology,Communication & Media Studies,Mathematics & Statistics,Physics & Astronomy,History, Philosophy & Theology,Agriculture & Forestry,General Engineering,Business & Management,Computer Science,Geology, Environmental, Earth & Marine Sciences,Medicine & Dentistry,Law,Economics & Econometrics,Chemistry,Mechanical & Aerospace Engineering,Languages, Literature & Linguistics,Civil Engineering,Biological Sciences,Education,Chemical Engineering,Other Health",Huazhong University of Science and Technology,China (Mainland)
1100.5,900.5,M,FO,VH,5,B,5.6,601.0,4.0,601.0,34.1,469.0,2.9,701,1.9,701.0,29.1,429.0,8.5,701.0,5.5,701.0,1.4,701.0,0.0,13040.0,1350.5,0.0,13040.0,25.8,951.0,11.6,1454.0,32.5,1392.0,23.0,1402.0,62.3,537.0,10252.0,11.6,16.0,53.0,26.0,"General Engineering,Biological Sciences,Agriculture & Forestry,Computer Science,Economics & Econometrics,Accounting & Finance,Art, Performing Arts & Design,Geology, Environmental, Earth & Marine Sciences,Architecture,Mechanical & Aerospace Engineering,Education,Business & Management",Hungarian University of Agriculture and Life Sciences,Hungary
542.0,359.0,M,FO,VH,5,A,12.0,601.0,11.6,601.0,96.2,55.0,6.9,701,21.4,579.0,38.9,354.0,27.3,476.0,7.3,701.0,15.0,612.0,21.7,6780.0,700.5,0.0,6780.0,34.0,494.0,34.9,351.0,40.0,1223.0,69.0,454.0,67.1,444.0,10902.0,14.6,18.0,34.0,44.0,"Computer Science,Chemistry,Politics & International Studies (incl Development Studies),Communication & Media Studies,Education,Chemical Engineering,General Engineering,Sociology,Economics & Econometrics,Civil Engineering,Art, Performing Arts & Design,Sport Science,History, Philosophy & Theology,Physics & Astronomy,Business & Management,Medicine & Dentistry,Biological Sciences,Law,Mathematics & Statistics,Electrical & Electronic Engineering,Agriculture & Forestry,Mechanical & Aerospace Engineering,Accounting & Finance,Geology, Environmental, Earth & Marine Sciences,Other Health,Languages, Literature & Linguistics",ITMO University,Russia
469.0,443.0,M,CO,VH,5,B,14.2,601.0,15.6,532.0,13.0,701.0,48.5,280,30.1,490.0,94.1,93.0,1.5,701.0,13.6,632.0,2.5,701.0,24.6,3740.0,375.5,0.0,3740.0,42.6,250.0,26.9,544.0,67.8,607.0,91.5,149.0,73.2,360.0,6107.0,12.2,36.0,37.0,41.0,"Civil Engineering,Chemical Engineering,History, Philosophy & Theology,Mechanical & Aerospace Engineering,Economics & Econometrics,Law,Biological Sciences,Business & Management,Other Health,Politics & International Studies (incl Development Studies),Communication & Media Studies,Art, Performing Arts & Design,General Engineering,Chemistry,Psychology,Accounting & Finance,Mathematics & Statistics,Physics & Astronomy,Electrical & Electronic Engineering,Architecture,Geology, Environmental, Earth & Marine Sciences,Sociology,Computer Science,Education",Illinois Institute of Technology,United States
825.5,625.5,M,CO,HI,4,A,8.1,601.0,2.3,601.0,75.5,164.0,1.8,701,17.9,616.0,32.0,400.0,2.7,701.0,6.3,701.0,1.9,701.0,0.0,13100.0,1350.5,0.0,13100.0,35.9,431.0,18.8,876.0,16.9,1734.0,34.4,1104.0,62.4,535.0,6857.0,17.1,19.0,59.0,31.0,"Architecture,Computer Science,Sociology,Other Health,Politics & International Studies (incl Development Studies),Electrical & Electronic Engineering,Geology, Environmental, Earth & Marine Sciences,Languages, Literature & Linguistics,Civil Engineering,Chemistry,Education,History, Philosophy & Theology,Mechanical & Aerospace Engineering,Communication & Media Studies,Economics & Econometrics,Art, Performing Arts & Design,Biological Sciences,Law,Archaeology,Chemical Engineering,Geography,Medicine & Dentistry,Mathematics & Statistics,Business & Management,General Engineering,Psychology,Physics & Astronomy,Accounting & Finance",Immanuel Kant Baltic Federal University,Russia
6.0,6.0,L,FC,VH,5,A,98.3,23.0,99.4,12.0,98.5,42.0,94.0,58,100.0,61.0,100.0,14.0,96.7,35.0,83.0,45.0,94.4,61.0,97.8,80.0,8.0,95.1,80.0,90.9,12.0,95.5,12.0,98.6,8.0,90.9,157.0,98.3,6.0,20275.0,11.8,61.0,42.0,28.0,"Computer Science,Mechanical & Aerospace Engineering,Chemical Engineering,Physics & Astronomy,Other Health,Mathematics & Statistics,Electrical & Electronic Engineering,Chemistry,Medicine & Dentistry,General Engineering,Geology, Environmental, Earth & Marine Sciences,Biological Sciences,Civil Engineering",Imperial College London,United Kingdom
225.0,155.0,S,SP,Unknown,5,A,41.5,202.0,20.0,454.0,46.4,340.0,100.0,6,4.8,701.0,1.7,701.0,4.4,701.0,13.8,621.0,10.7,660.0,42.1,2150.0,225.5,0.0,2150.0,62.9,65.0,57.8,94.0,53.9,920.0,96.0,105.0,31.1,1462.0,4495.0,9.6,1.0,27.0,44.0,"Chemistry,Computer Science,Biological Sciences,Civil Engineering,Mechanical & Aerospace Engineering,Electrical & Electronic Engineering,Mathematics & Statistics,Chemical Engineering,Physics & Astronomy,Geology, Environmental, Earth & Marine Sciences",Indian Institute of Science,India
695.5,535.5,L,FC,VH,4,B,10.9,601.0,15.3,539.0,72.9,172.0,11.7,701,8.8,701.0,14.4,634.0,1.4,701.0,12.4,700.0,3.0,701.0,0.0,8810.0,900.5,0.0,8810.0,31.2,631.0,27.2,535.0,41.7,1191.0,83.9,220.0,38.8,1160.0,16035.0,19.2,8.0,42.0,34.0,"General Engineering,Sport Science,Architecture,Biological Sciences,Accounting & Finance,Electrical & Electronic Engineering,Communication & Media Studies,History, Philosophy & Theology,Physics & Astronomy,Economics & Econometrics,Art, Performing Arts & Design,Mechanical & Aerospace Engineering,Politics & International Studies (incl Development Studies),Languages, Literature & Linguistics,Chemical Engineering,Business & Management,Archaeology,Mathematics & Statistics,Education,Other Health,Chemistry,Computer Science,Geology, Environmental, Earth & Marine Sciences,Psychology,Medicine & Dentistry,Civil Engineering,Law",Inha University,South Korea
38.0,48.0,M,CO,VH,1,A,44.8,185.0,99.6,10.0,97.3,51.0,93.8,59,98.5,106.0,98.3,58.0,76.9,163.0,90.3,35.0,72.5,189.0,79.5,710.0,71.0,71.3,710.0,71.0,39.0,61.6,79.0,70.8,543.0,98.8,71.0,97.1,21.0,6073.0,6.8,42.0,25.0,47.0,"Art, Performing Arts & Design,General Engineering,Mathematics & Statistics,History, Philosophy & Theology,Geology, Environmental, Earth & Marine Sciences,Civil Engineering,Education,Languages, Literature & Linguistics,Communication & Media Studies,Medicine & Dentistry,Other Health,Physics & Astronomy,Chemical Engineering,Economics & Econometrics,Mechanical & Aerospace Engineering,Accounting & Finance,Electrical & Electronic Engineering,Politics & International Studies (incl Development Studies),Sociology,Computer Science,Biological Sciences,Business & Management,Chemistry",Institut Polytechnique de Paris,France
745.5,775.5,XL,FO,VH,4,A,20.4,429.0,40.2,235.0,8.7,701.0,2.1,701,2.6,701.0,1.1,701.0,6.9,701.0,9.8,701.0,33.5,413.0,0.0,16560.0,1501.0,0.0,16560.0,20.7,1321.0,9.9,1652.0,14.5,1778.0,26.7,1273.0,25.5,1684.0,141583.0,13.0,0.0,42.0,33.0,"Mechanical & Aerospace Engineering,Economics & Econometrics,Architecture,Electrical & Electronic Engineering,Chemical Engineering,Accounting & Finance,Civil Engineering,General Engineering,Mathematics & Statistics,Business & Management,Physics & Astronomy,Chemistry,Computer Science,Medicine & Dentistry,Geology, Environmental, Earth & Marine Sciences,Biological Sciences,Psychology",Instituto Politécnico Nacional (IPN),Mexico
400.0,481.0,L,CO,VH,5,A,20.0,440.0,13.5,597.0,8.4,701.0,58.7,217,4.6,701.0,11.1,690.0,50.9,307.0,27.2,300.0,51.8,295.0,27.9,3750.0,375.5,0.0,3750.0,39.5,323.0,34.5,361.0,69.3,572.0,84.8,211.0,46.0,931.0,28591.0,17.1,8.0,46.0,33.0,"Sport Science,Mechanical & Aerospace Engineering,Medicine & Dentistry,Communication & Media Studies,Agriculture & Forestry,Electrical & Electronic Engineering,Languages, Literature & Linguistics,Sociology,Psychology,Law,Civil Engineering,Politics & International Studies (incl Development Studies),Veterinary Science,Physics & Astronomy,Architecture,Education,Computer Science,Geology, Environmental, Earth & Marine Sciences,Accounting & Finance,Chemical Engineering,Economics & Econometrics,Other Health,Mathematics & Statistics,General Engineering,Business & Management,History, Philosophy & Theology,Biological Sciences,Art, Performing Arts & Design,Chemistry",Iowa State University,United States
1401.0,1300.5,L,CO,HI,5,A,3.6,601.0,1.6,601.0,17.6,701.0,1.4,701,1.9,701.0,3.8,701.0,1.1,701.0,8.7,701.0,1.5,701.0,0.0,16590.0,1501.0,0.0,16590.0,18.6,1493.0,11.5,1465.0,9.1,1866.0,18.9,1600.0,28.1,1574.0,13496.0,14.2,4.0,68.0,35.0,"Physics & Astronomy,Languages, Literature & Linguistics,Mathematics & Statistics,Politics & International Studies (incl Development Studies),Business & Management,Chemical Engineering,Geography,Archaeology,Geology, Environmental, Earth & Marine Sciences,Computer Science,Education,Biological Sciences,Economics & Econometrics,Law,Communication & Media Studies,History, Philosophy & Theology,Psychology,Art, Performing Arts & Design,Sociology,Chemistry",Irkutsk State University,Russia
404.0,625.5,L,FO,VH,5,A,24.2,357.0,60.4,131.0,12.1,701.0,13.3,674,7.3,701.0,18.3,569.0,37.2,398.0,23.0,365.0,63.1,232.0,27.6,5450.0,550.5,0.0,5450.0,35.8,436.0,36.6,312.0,51.8,972.0,87.3,183.0,45.8,939.0,19055.0,25.8,14.0,42.0,48.0,"Other Health,Economics & Econometrics,Electrical & Electronic Engineering,Accounting & Finance,Computer Science,Civil Engineering,Business & Management,Chemical Engineering,Politics & International Studies (incl Development Studies),Art, Performing Arts & Design,Physics & Astronomy,Architecture,Mathematics & Statistics,General Engineering,Chemistry,Biological Sciences,Mechanical & Aerospace Engineering,Geology, Environmental, Earth & Marine Sciences",Istanbul Technical University,Turkey
715.5,900.5,XL,FC,HI,5,A,26.4,333.0,19.1,469.0,3.0,701.0,4.2,701,6.4,701.0,15.7,606.0,36.1,411.0,34.7,220.0,3.4,701.0,0.0,10810.0,1100.5,0.0,10810.0,23.5,1111.0,22.0,731.0,34.4,1341.0,50.9,794.0,38.2,1183.0,61369.0,25.4,9.0,56.0,14.0,"Law,Archaeology,Art, Performing Arts & Design,Business & Management,Accounting & Finance,Chemistry,Architecture,Physics & Astronomy,Geology, Environmental, Earth & Marine Sciences,Languages, Literature & Linguistics,Geography,Psychology,Biological Sciences,Computer Science,History, Philosophy & Theology,Sociology,Other Health,Economics & Econometrics,Medicine & Dentistry,Politics & International Studies (incl Development Studies),Communication & Media Studies,Mathematics & Statistics",Istanbul University,Turkey
1300.5,1100.5,L,CO,HI,5,A,4.3,601.0,10.1,601.0,34.2,467.0,1.3,701,1.4,701.0,2.0,701.0,1.0,701.0,12.0,701.0,1.1,701.0,0.0,13170.0,1350.5,0.0,13170.0,24.5,1043.0,10.5,1590.0,10.0,1857.0,17.9,1676.0,31.7,1439.0,19799.0,10.7,2.0,63.0,34.0,"Electrical & Electronic Engineering,Politics & International Studies (incl Development Studies),Art, Performing Arts & Design,Chemistry,Business & Management,Archaeology,Communication & Media Studies,History, Philosophy & Theology,Psychology,Languages, Literature & Linguistics,Geology, Environmental, Earth & Marine Sciences,Economics & Econometrics,Biological Sciences,Law,Physics & Astronomy,Sociology,Computer Science,Geography,Chemical Engineering,Education,Mathematics & Statistics,Accounting & Finance",Ivan Franko National University of Lviv,Ukraine
825.5,625.5,L,FO,HI,5,A,9.7,601.0,2.6,601.0,76.0,158.0,1.2,701,1.9,701.0,3.5,701.0,1.2,701.0,43.4,166.0,1.1,701.0,0.0,16630.0,1501.0,0.0,16630.0,15.9,1705.0,11.3,1488.0,22.2,1635.0,18.0,1669.0,46.7,905.0,23278.0,30.6,3.0,61.0,41.0,"Politics & International Studies (incl Development Studies),Computer Science,Medicine & Dentistry,Law,Sociology,Business & Management,Biological Sciences,Archaeology,Languages, Literature & Linguistics,Chemistry,Communication & Media Studies,Economics & Econometrics,Education,Electrical & Electronic Engineering,Other Health,Geography,Art, Performing Arts & Design,History, Philosophy & Theology,Mathematics & Statistics,Geology, Environmental, Earth & Marine Sciences,Accounting & Finance,Physics & Astronomy,Psychology",Ivane Javakhishvili Tbilisi State University,Georgia
304.0,293.0,XL,FC,VH,5,A,37.3,233.0,47.2,188.0,65.1,210.0,6.2,701,4.9,701.0,13.4,655.0,59.4,248.0,27.9,289.0,57.7,259.0,34.3,6790.0,700.5,0.0,6790.0,38.4,349.0,29.0,496.0,55.7,870.0,46.7,870.0,43.4,1004.0,34309.0,8.8,11.0,67.0,21.0,"Other Health,Chemistry,Economics & Econometrics,Geology, Environmental, Earth & Marine Sciences,History, Philosophy & Theology,Psychology,Politics & International Studies (incl Development Studies),Law,Languages, Literature & Linguistics,Physics & Astronomy,Medicine & Dentistry,Communication & Media Studies,Sociology,Accounting & Finance,Mathematics & Statistics,Art, Performing Arts & Design,Business & Management,Geography,Computer Science,Archaeology,Biological Sciences,Education",Jagiellonian University,Poland
415.0,461.0,M,FC,VH,4,A,15.4,567.0,8.7,601.0,14.1,701.0,51.1,255,42.0,393.0,13.5,650.0,42.5,359.0,9.0,701.0,83.3,131.0,27.0,3760.0,375.5,0.0,3760.0,28.3,788.0,30.9,447.0,79.6,330.0,58.9,665.0,77.7,284.0,9759.0,17.3,9.0,66.0,19.0,"History, Philosophy & Theology,Electrical & Electronic Engineering,Civil Engineering,Chemistry,Economics & Econometrics,Computer Science,Physics & Astronomy,Other Health,Biological Sciences,Law,Chemical Engineering,Politics & International Studies (incl Development Studies),Languages, Literature & Linguistics,Veterinary Science,Psychology,Archaeology,Sport Science,Education,General Engineering,Mathematics & Statistics,Business & Management,Medicine & Dentistry,Agriculture & Forestry,Sociology,Art, Performing Arts & Design,Mechanical & Aerospace Engineering,Geography,Geology, Environmental, Earth & Marine Sciences,Accounting & Finance",James Cook University,Australia
975.5,900.5,M,CO,VH,5,A,8.0,601.0,2.6,601.0,34.7,458.0,20.7,551,3.5,701.0,4.4,701.0,2.0,701.0,7.2,701.0,3.8,701.0,0.0,5460.0,550.5,0.0,5460.0,41.1,278.0,14.4,1165.0,75.7,426.0,37.5,1029.0,39.7,1128.0,10235.0,11.2,4.0,52.0,38.0,"Architecture,Mathematics & Statistics,Education,Electrical & Electronic Engineering,Communication & Media Studies,Archaeology,Geology, Environmental, Earth & Marine Sciences,Business & Management,Art, Performing Arts & Design,Chemical Engineering,Politics & International Studies (incl Development Studies),Other Health,Chemistry,Economics & Econometrics,General Engineering,Civil Engineering,Sociology,History, Philosophy & Theology,Biological Sciences,Psychology,Medicine & Dentistry,Sport Science,Accounting & Finance,Computer Science,Physics & Astronomy,Law,Languages, Literature & Linguistics,Mechanical & Aerospace Engineering,Geography",Jamia Millia Islamia,India
725.5,555.5,L,FC,VH,4,A,16.7,531.0,10.7,601.0,65.8,207.0,9.7,701,8.2,701.0,7.4,701.0,2.9,701.0,5.1,701.0,3.1,701.0,0.0,8920.0,900.5,0.0,8920.0,30.2,679.0,27.3,531.0,45.0,1121.0,68.1,478.0,34.1,1353.0,20118.0,19.6,7.0,46.0,25.0,"Languages, Literature & Linguistics,Agriculture & Forestry,Physics & Astronomy,Business & Management,Veterinary Science,Geography,Other Health,Electrical & Electronic Engineering,Geology, Environmental, Earth & Marine Sciences,Accounting & Finance,General Engineering,Chemistry,Psychology,Art, Performing Arts & Design,Biological Sciences,Education,Architecture,Mechanical & Aerospace Engineering,Sociology,History, Philosophy & Theology,Sport Science,Law,Archaeology,Civil Engineering,Politics & International Studies (incl Development Studies),Computer Science,Mathematics & Statistics,Medicine & Dentistry,Chemical Engineering,Communication & Media Studies,Economics & Econometrics",Jeonbuk National University,South Korea
28.0,24.0,L,FC,VH,5,B,87.3,51.0,59.7,134.0,100.0,8.0,89.4,77,64.4,300.0,91.4,111.0,98.1,21.0,74.5,60.0,84.6,122.0,84.5,150.0,15.0,91.1,150.0,84.4,23.0,92.3,17.0,97.2,27.0,100.0,11.0,84.2,199.0,15772.0,4.1,28.0,56.0,15.0,"Civil Engineering,Geology, Environmental, Earth & Marine Sciences,Art, Performing Arts & Design,Computer Science,Physics & Astronomy,Business & Management,Archaeology,Mathematics & Statistics,Sociology,Other Health,Economics & Econometrics,General Engineering,Psychology,Mechanical & Aerospace Engineering,Chemistry,History, Philosophy & Theology,Chemical Engineering,Education,Biological Sciences,Accounting & Finance,Medicine & Dentistry,Languages, Literature & Linguistics,Electrical & Electronic Engineering,Politics & International Studies (incl Development Studies)",Johns Hopkins University,United States
825.5,725.5,L,FC,HI,2,A,8.8,601.0,5.3,601.0,45.1,350.0,1.9,701,100.0,27.0,2.8,701.0,2.2,701.0,8.0,701.0,1.0,701.0,0.0,6850.0,700.5,0.0,6850.0,30.5,667.0,18.3,904.0,58.3,817.0,21.3,1468.0,76.7,302.0,19006.0,9.6,3.0,64.0,28.0,"Computer Science,Accounting & Finance,Mathematics & Statistics,Medicine & Dentistry,Business & Management,General Engineering,Education,Biological Sciences,Electrical & Electronic Engineering,Physics & Astronomy,Other Health,Chemistry,Civil Engineering,Economics & Econometrics,Mechanical & Aerospace Engineering",Jouf University,Saudi Arabia
61.0,76.0,XL,FC,VH,5,A,84.6,56.0,42.4,220.0,7.0,701.0,92.7,66,93.1,163.0,45.7,318.0,99.9,6.0,56.1,111.0,75.6,173.0,70.1,450.0,45.0,77.0,450.0,60.1,72.0,74.9,48.0,91.9,95.0,100.0,13.0,79.6,260.0,49435.0,37.3,19.0,52.0,23.0,"Other Health,Chemistry,Accounting & Finance,Architecture,Agriculture & Forestry,Geography,Electrical & Electronic Engineering,Communication & Media Studies,Languages, Literature & Linguistics,Sport Science,Psychology,History, Philosophy & Theology,Mechanical & Aerospace Engineering,Mathematics & Statistics,Business & Management,General Engineering,Politics & International Studies (incl Development Studies),Economics & Econometrics,Medicine & Dentistry,Physics & Astronomy,Law,Computer Science,Chemical Engineering,Sociology,Art, Performing Arts & Design,Civil Engineering,Geology, Environmental, Earth & Marine Sciences,Archaeology,Biological Sciences,Education",KU Leuven,Belgium
1100.5,725.5,M,FC,HI,4,A,6.1,601.0,2.9,601.0,65.8,206.0,3.9,701,4.0,701.0,3.0,701.0,1.8,701.0,7.2,701.0,1.3,701.0,0.0,13240.0,1350.5,0.0,13240.0,25.7,959.0,13.5,1253.0,24.0,1586.0,55.2,722.0,27.7,1592.0,10257.0,10.1,3.0,38.0,14.0,"Medicine & Dentistry,Mathematics & Statistics,Education,Archaeology,Biological Sciences,Business & Management,Other Health,Mechanical & Aerospace Engineering,Chemistry,Economics & Econometrics,History, Philosophy & Theology,Veterinary Science,Law,Art, Performing Arts & Design,Electrical & Electronic Engineering,Geology, Environmental, Earth & Marine Sciences,Accounting & Finance,General Engineering,Geography,Languages, Literature & Linguistics,Agriculture & Forestry,Psychology,Architecture,Chemical Engineering,Politics & International Studies (incl Development Studies),Physics & Astronomy,Computer Science,Sociology,Civil Engineering,Communication & Media Studies",Kagoshima University,Japan
875.5,625.5,M,FC,VH,4,A,9.3,601.0,4.4,601.0,60.8,232.0,12.1,696,9.2,701.0,5.8,701.0,2.4,701.0,7.9,701.0,1.4,701.0,0.0,10870.0,1100.5,0.0,10870.0,35.5,448.0,18.8,878.0,35.4,1317.0,70.4,420.0,33.6,1368.0,10271.0,9.9,6.0,37.0,25.0,"Civil Engineering,Mathematics & Statistics,General Engineering,Chemistry,Computer Science,Politics & International Studies (incl Development Studies),Architecture,Electrical & Electronic Engineering,Geography,History, Philosophy & Theology,Archaeology,Education,Mechanical & Aerospace Engineering,Geology, Environmental, Earth & Marine Sciences,Sport Science,Accounting & Finance,Languages, Literature & Linguistics,Biological Sciences,Sociology,Business & Management,Medicine & Dentistry,Chemical Engineering,Law,Other Health,Physics & Astronomy,Economics & Econometrics,Psychology,Communication & Media Studies",Kanazawa University,Japan
755.5,900.5,XL,CO,VH,4,A,24.3,356.0,21.8,431.0,6.2,701.0,2.5,701,4.8,701.0,1.3,701.0,5.2,701.0,19.3,435.0,51.5,297.0,0.0,16790.0,1501.0,0.0,16790.0,18.1,1544.0,12.6,1348.0,23.5,1597.0,25.7,1309.0,33.8,1364.0,70633.0,18.7,1.0,62.0,29.0,"Computer Science,Physics & Astronomy,Education,Archaeology,Biological Sciences,Law,Medicine & Dentistry,Mechanical & Aerospace Engineering,Politics & International Studies (incl Development Studies),Economics & Econometrics,Electrical & Electronic Engineering,Geology, Environmental, Earth & Marine Sciences,Accounting & Finance,General Engineering,Sport Science,Geography,Languages, Literature & Linguistics,Civil Engineering,Communication & Media Studies,Architecture,Chemical Engineering,Chemistry,Other Health,Mathematics & Statistics,Psychology,Art, Performing Arts & Design,Agriculture & Forestry,Sociology,History, Philosophy & Theology,Veterinary Science,Business & Management",Kasetsart University,Thailand
825.5,900.5,M,FO,VH,5,A,11.3,601.0,21.8,430.0,31.5,499.0,6.8,701,3.3,701.0,24.1,486.0,16.9,575.0,8.4,701.0,1.9,701.0,0.0,13280.0,1350.5,0.0,13280.0,22.2,1211.0,15.3,1095.0,39.0,1244.0,36.9,1051.0,39.2,1145.0,7986.0,13.3,8.0,36.0,38.0,"Other Health,Agriculture & Forestry,Accounting & Finance,History, Philosophy & Theology,Physics & Astronomy,General Engineering,Chemical Engineering,Architecture,Civil Engineering,Education,Mechanical & Aerospace Engineering,Sociology,Art, Performing Arts & Design,Chemistry,Computer Science,Geology, Environmental, Earth & Marine Sciences,Languages, Literature & Linguistics,Politics & International Studies (incl Development Studies),Business & Management,Electrical & Electronic Engineering,Mathematics & Statistics,Communication & Media Studies,Economics & Econometrics",Kaunas University of Technology,Lithuania
1100.5,1100.5,L,FO,VH,5,A,5.0,601.0,3.6,601.0,23.1,615.0,1.4,701,2.5,701.0,44.0,329.0,1.0,701.0,7.8,701.0,1.0,701.0,0.0,16820.0,1501.0,0.0,16820.0,21.9,1238.0,8.8,1824.0,12.4,1815.0,36.1,1071.0,35.4,1304.0,13088.0,11.6,16.0,40.0,37.0,"General Engineering,Chemical Engineering,Business & Management",Kazan National Research Technological University,Russia
214.0,197.0,XL,FC,VH,5,B,51.4,156.0,93.5,42.0,58.0,246.0,6.0,701,9.6,701.0,9.2,701.0,9.2,689.0,79.8,50.0,39.3,366.0,44.0,6910.0,700.5,0.0,6910.0,36.9,391.0,27.0,542.0,49.2,1036.0,73.3,360.0,38.4,1174.0,33577.0,10.2,8.0,36.0,21.0,"Archaeology,Mechanical & Aerospace Engineering,Chemistry,Economics & Econometrics,Computer Science,Sociology,Art, Performing Arts & Design,Sport Science,Politics & International Studies (incl Development Studies),Medicine & Dentistry,Biological Sciences,Law,Other Health,Physics & Astronomy,Education,Chemical Engineering,Psychology,Civil Engineering,Geography,History, Philosophy & Theology,Electrical & Electronic Engineering,Geology, Environmental, Earth & Marine Sciences,Accounting & Finance,Architecture,Mathematics & Statistics,Business & Management,Languages, Literature & Linguistics,General Engineering,Communication & Media Studies",Keio University,Japan
975.5,900.5,XL,FC,HI,4,A,16.4,536.0,12.1,601.0,8.1,701.0,4.1,701,6.9,701.0,2.7,701.0,3.3,701.0,9.7,701.0,29.9,449.0,0.0,13310.0,1350.5,0.0,13310.0,23.3,1131.0,15.7,1072.0,35.5,1313.0,36.1,1072.0,35.4,1305.0,32895.0,17.2,2.0,62.0,23.0,"Mechanical & Aerospace Engineering,Other Health,Mathematics & Statistics,Electrical & Electronic Engineering,Politics & International Studies (incl Development Studies),Medicine & Dentistry,Physics & Astronomy,Art, Performing Arts & Design,Chemical Engineering,Law,Civil Engineering,Business & Management,Architecture,Agriculture & Forestry,Languages, Literature & Linguistics,Veterinary Science,General Engineering,Education,Computer Science,Chemistry,Economics & Econometrics,Geology, Environmental, Earth & Marine Sciences",Khon Kaen University,Thailand
875.5,900.5,L,FO,VH,3,A,15.0,585.0,8.6,601.0,11.4,701.0,2.4,701,99.2,95.0,2.0,701.0,3.1,701.0,7.5,701.0,1.1,701.0,0.0,9000.0,900.5,0.0,9000.0,19.9,1381.0,12.2,1389.0,68.0,603.0,31.4,1153.0,75.5,324.0,29628.0,14.5,2.0,60.0,26.0,"Sport Science,Business & Management,Languages, Literature & Linguistics,Economics & Econometrics,Education,Archaeology,Civil Engineering,Architecture,Art, Performing Arts & Design,General Engineering,Mathematics & Statistics,Politics & International Studies (incl Development Studies),Chemistry,Agriculture & Forestry,Mechanical & Aerospace Engineering,Chemical Engineering,Geography,Geology, Environmental, Earth & Marine Sciences,Physics & Astronomy,Computer Science,Sociology,Electrical & Electronic Engineering,Psychology,Medicine & Dentistry,Law,History, Philosophy & Theology,Accounting & Finance,Veterinary Science,Other Health,Biological Sciences,Communication & Media Studies",King Faisal University,Saudi Arabia
765.5,725.5,XL,FC,HI,3,A,12.8,601.0,5.1,601.0,43.0,366.0,2.2,701,100.0,31.0,10.2,701.0,7.8,701.0,7.8,701.0,1.1,701.0,0.0,5490.0,550.5,0.0,5490.0,29.8,699.0,20.1,805.0,70.3,555.0,48.6,832.0,91.0,118.0,32078.0,8.3,16.0,61.0,36.0,"Archaeology,Mechanical & Aerospace Engineering,Psychology,Education,Other Health,Architecture,Business & Management,Sociology,Physics & Astronomy,Languages, Literature & Linguistics,Electrical & Electronic Engineering,Medicine & Dentistry,Geology, Environmental, Earth & Marine Sciences,Chemistry,Economics & Econometrics,Mathematics & Statistics,Chemical Engineering,Law,Computer Science,History, Philosophy & Theology,Geography,Accounting & Finance,Civil Engineering,General Engineering,Agriculture & Forestry,Biological Sciences,Communication & Media Studies,Art, Performing Arts & Design",King Khalid University,Saudi Arabia
203.0,237.0,XL,FC,VH,4,A,36.9,236.0,21.3,435.0,64.2,218.0,32.2,419,99.7,83.0,21.3,525.0,88.6,92.0,71.7,67.0,75.8,171.0,45.2,4490.0,450.5,0.0,4490.0,31.4,622.0,19.9,819.0,84.5,222.0,48.7,830.0,77.2,294.0,50906.0,11.9,6.0,43.0,28.0,"Psychology,Mechanical & Aerospace Engineering,Economics & Econometrics,Geology, Environmental, Earth & Marine Sciences,Communication & Media Studies,Chemical Engineering,Computer Science,Agriculture & Forestry,Chemistry,Electrical & Electronic Engineering,Sociology,Mathematics & Statistics,General Engineering,Business & Management,Languages, Literature & Linguistics,Geography,Law,Medicine & Dentistry,Physics & Astronomy,Biological Sciences,Veterinary Science,Art, Performing Arts & Design,History, Philosophy & Theology,Architecture,Politics & International Studies (incl Development Studies),Other Health,Sport Science,Education,Accounting & Finance,Civil Engineering,Archaeology",King Saud University,Saudi Arabia
476.0,363.0,L,FC,VH,4,A,28.5,308.0,38.8,248.0,53.2,292.0,11.6,701,7.4,701.0,7.7,701.0,8.7,701.0,11.9,701.0,10.9,658.0,24.3,6940.0,700.5,0.0,6940.0,39.5,325.0,27.2,536.0,48.1,1058.0,75.4,329.0,39.0,1151.0,15333.0,10.2,7.0,35.0,25.0,"Civil Engineering,Art, Performing Arts & Design,Law,Accounting & Finance,Mathematics & Statistics,Geography,Business & Management,Geology, Environmental, Earth & Marine Sciences,Agriculture & Forestry,Sport Science,General Engineering,Chemistry,Other Health,Architecture,Veterinary Science,Computer Science,Medicine & Dentistry,Chemical Engineering,Biological Sciences,Archaeology,Politics & International Studies (incl Development Studies),Economics & Econometrics,Psychology,Mechanical & Aerospace Engineering,Sociology,Communication & Media Studies,Languages, Literature & Linguistics,History, Philosophy & Theology,Electrical & Electronic Engineering,Education,Physics & Astronomy",Kobe University,Japan
79.0,74.0,L,FC,VH,4,B,82.2,64.0,94.0,40.0,81.0,137.0,36.6,382,13.6,694.0,36.3,370.0,19.6,546.0,70.6,71.0,58.6,255.0,64.7,2180.0,225.5,0.0,2180.0,48.6,150.0,46.6,173.0,72.0,508.0,99.7,47.0,62.5,534.0,22324.0,16.3,31.0,54.0,27.0,"Electrical & Electronic Engineering,Politics & International Studies (incl Development Studies),Art, Performing Arts & Design,Economics & Econometrics,General Engineering,Civil Engineering,Computer Science,Mathematics & Statistics,Other Health,Geography,Sociology,Chemistry,Geology, Environmental, Earth & Marine Sciences,Accounting & Finance,Medicine & Dentistry,History, Philosophy & Theology,Chemical Engineering,Business & Management,Physics & Astronomy,Education,Communication & Media Studies,Biological Sciences,Languages, Literature & Linguistics,Law,Architecture,Agriculture & Forestry,Mechanical & Aerospace Engineering,Archaeology,Psychology",Korea University,South Korea
431.0,477.0,M,FC,HI,3,B,22.4,393.0,47.3,187.0,24.0,591.0,28.6,448,27.3,504.0,11.2,687.0,6.4,701.0,11.0,701.0,29.9,449.0,26.2,3790.0,375.5,0.0,3790.0,31.8,597.0,40.5,244.0,68.9,583.0,91.9,146.0,57.4,636.0,6427.0,19.5,9.0,49.0,21.0,"History, Philosophy & Theology,Medicine & Dentistry,Electrical & Electronic Engineering,Psychology,Politics & International Studies (incl Development Studies),Chemistry,Archaeology,General Engineering,Biological Sciences,Languages, Literature & Linguistics,Communication & Media Studies,Sociology,Accounting & Finance,Other Health,Business & Management,Chemical Engineering,Law,Computer Science,Mathematics & Statistics,Economics & Econometrics,Physics & Astronomy,Art, Performing Arts & Design,Mechanical & Aerospace Engineering",Koç University,Turkey
925.5,675.5,M,FC,VH,4,A,7.6,601.0,3.1,601.0,56.0,266.0,12.3,691,5.9,701.0,3.4,701.0,3.1,701.0,8.1,701.0,1.9,701.0,0.0,9050.0,900.5,0.0,9050.0,33.6,516.0,19.6,835.0,40.9,1205.0,77.5,295.0,36.5,1259.0,9384.0,9.8,6.0,39.0,18.0,"Archaeology,Physics & Astronomy,Psychology,Other Health,Mathematics & Statistics,Languages, Literature & Linguistics,Chemical Engineering,Law,Architecture,Biological Sciences,General Engineering,Communication & Media Studies,Medicine & Dentistry,Geology, Environmental, Earth & Marine Sciences,Electrical & Electronic Engineering,Sociology,History, Philosophy & Theology,Civil Engineering,Geography,Computer Science,Chemistry,Art, Performing Arts & Design,Mechanical & Aerospace Engineering,Politics & International Studies (incl Development Studies),Education",Kumamoto University,Japan
875.5,1100.5,XL,FC,MD,4,A,13.6,601.0,8.3,601.0,6.4,701.0,2.2,701,30.4,487.0,21.0,534.0,10.9,654.0,51.3,128.0,18.8,555.0,0.0,10970.0,1100.5,0.0,10970.0,19.5,1421.0,9.9,1654.0,55.5,878.0,28.9,1205.0,66.4,459.0,34147.0,14.7,13.0,73.0,27.0,"Architecture,Communication & Media Studies,Business & Management,Computer Science,Chemistry,Education,General Engineering,Mechanical & Aerospace Engineering,Geography,Medicine & Dentistry,Mathematics & Statistics,Law,Other Health,Physics & Astronomy,Languages, Literature & Linguistics,Geology, Environmental, Earth & Marine Sciences,Economics & Econometrics,History, Philosophy & Theology,Biological Sciences,Psychology,Art, Performing Arts & Design,Chemical Engineering,Accounting & Finance,Electrical & Electronic Engineering,Sociology,Civil Engineering,Politics & International Studies (incl Development Studies)",Kuwait University,Kuwait
1300.5,1300.5,L,CO,HI,4,B,4.2,601.0,6.4,601.0,4.5,701.0,2.5,701,24.4,543.0,3.9,701.0,1.0,701.0,10.6,701.0,1.0,701.0,0.0,16970.0,1501.0,0.0,16970.0,15.7,1719.0,9.5,1713.0,15.4,1759.0,20.7,1500.0,40.9,1086.0,25232.0,24.7,4.0,49.0,39.0,"Law,Economics & Econometrics,Architecture,Physics & Astronomy,General Engineering,Geology, Environmental, Earth & Marine Sciences,Sport Science,Mechanical & Aerospace Engineering,Education,History, Philosophy & Theology,Computer Science,Accounting & Finance,Chemical Engineering,Art, Performing Arts & Design,Mathematics & Statistics,Biological Sciences,Geography,Psychology,Communication & Media Studies,Agriculture & Forestry,Politics & International Studies (incl Development Studies),Languages, Literature & Linguistics,Sociology,Civil Engineering,Electrical & Electronic Engineering,Chemistry,Business & Management",Kwansei Gakuin University,Japan
1100.5,1100.5,S,FO,VH,4,A,6.4,601.0,4.0,601.0,16.2,701.0,12.9,678,11.0,701.0,7.9,701.0,1.0,701.0,7.8,701.0,1.1,701.0,0.0,13360.0,1350.5,0.0,13360.0,27.2,864.0,17.1,963.0,15.2,1764.0,73.3,361.0,33.7,1365.0,3943.0,13.8,6.0,29.0,37.0,"Art, Performing Arts & Design,Architecture,Mechanical & Aerospace Engineering,Biological Sciences,Electrical & Electronic Engineering,Computer Science,Chemistry,Chemical Engineering,General Engineering",Kyoto Institute of Technology,Japan
46.0,36.0,L,FC,VH,5,A,98.7,20.0,99.1,14.0,94.7,63.0,49.3,270,14.9,670.0,20.8,538.0,57.3,266.0,53.2,118.0,88.4,103.0,76.3,550.0,55.0,75.0,550.0,85.4,21.0,84.3,27.0,60.0,781.0,100.0,14.0,45.7,942.0,21817.0,9.0,11.0,25.0,32.0,"Mathematics & Statistics,Education,Economics & Econometrics,Mechanical & Aerospace Engineering,Psychology,Computer Science,Biological Sciences,History, Philosophy & Theology,Law,Electrical & Electronic Engineering,Architecture,Civil Engineering,Languages, Literature & Linguistics,Art, Performing Arts & Design,Politics & International Studies (incl Development Studies),Medicine & Dentistry,Accounting & Finance,Agriculture & Forestry,Geography,Other Health,Physics & Astronomy,Chemistry,Geology, Environmental, Earth & Marine Sciences,Archaeology,Chemical Engineering,Sociology,Sport Science,General Engineering,Business & Management,Communication & Media Studies",Kyoto University,Japan
332.0,270.0,L,FC,VH,4,B,28.0,312.0,41.6,224.0,84.8,106.0,14.0,657,14.2,684.0,54.0,272.0,16.7,577.0,12.1,701.0,33.5,413.0,32.5,2690.0,275.5,0.0,2690.0,40.3,300.0,40.0,249.0,71.0,539.0,95.9,108.0,71.5,384.0,20427.0,17.6,30.0,56.0,25.0,"Law,Other Health,Computer Science,Physics & Astronomy,Sport Science,Mathematics & Statistics,Medicine & Dentistry,Geology, Environmental, Earth & Marine Sciences,Agriculture & Forestry,Education,Economics & Econometrics,Civil Engineering,Communication & Media Studies,Sociology,Chemical Engineering,Languages, Literature & Linguistics,Geography,Electrical & Electronic Engineering,Archaeology,Architecture,Art, Performing Arts & Design,Business & Management,Chemistry,Accounting & Finance,General Engineering,Mechanical & Aerospace Engineering,Politics & International Studies (incl Development Studies),Psychology,Biological Sciences,History, Philosophy & Theology",Kyung Hee University,South Korea
520.0,505.5,L,FC,VH,4,A,11.1,601.0,18.0,486.0,64.5,217.0,17.2,597,9.8,701.0,20.1,545.0,7.7,701.0,43.1,168.0,54.6,279.0,22.6,5520.0,550.5,0.0,5520.0,33.2,536.0,38.1,284.0,51.5,981.0,96.2,100.0,50.2,800.0,18432.0,20.1,14.0,45.0,28.0,"Architecture,Computer Science,Physics & Astronomy,General Engineering,Medicine & Dentistry,Art, Performing Arts & Design,Geography,Mechanical & Aerospace Engineering,Chemistry,Communication & Media Studies,History, Philosophy & Theology,Electrical & Electronic Engineering,Economics & Econometrics,Veterinary Science,Sociology,Biological Sciences,Geology, Environmental, Earth & Marine Sciences,Law,Archaeology,Chemical Engineering,Languages, Literature & Linguistics,Sport Science,Accounting & Finance,Business & Management,Politics & International Studies (incl Development Studies),Civil Engineering,Agriculture & Forestry,Psychology,Mathematics & Statistics,Other Health,Education",Kyungpook National University,South Korea
164.0,135.0,L,FC,VH,5,A,57.4,132.0,70.0,104.0,85.7,103.0,23.9,503,14.7,671.0,25.6,467.0,32.8,436.0,15.4,547.0,77.7,163.0,49.7,3230.0,325.5,0.0,3230.0,55.0,100.0,47.5,161.0,51.2,991.0,98.4,82.0,48.8,837.0,18220.0,7.7,13.0,28.0,30.0,"Computer Science,Archaeology,Electrical & Electronic Engineering,Sociology,General Engineering,Medicine & Dentistry,Psychology,Sport Science,Veterinary Science,Business & Management,Architecture,Biological Sciences,Geology, Environmental, Earth & Marine Sciences,Chemistry,Accounting & Finance,Geography,Art, Performing Arts & Design,Other Health,Politics & International Studies (incl Development Studies),Civil Engineering,Languages, Literature & Linguistics,Mechanical & Aerospace Engineering,Agriculture & Forestry,Education,Mathematics & Statistics,Chemical Engineering,Law,History, Philosophy & Theology,Physics & Astronomy,Communication & Media Studies,Economics & Econometrics",Kyushu University,Japan
242.0,316.0,L,CO,VH,4,A,22.6,388.0,20.2,453.0,6.9,701.0,77.5,124,94.4,156.0,98.4,57.0,45.8,337.0,14.3,591.0,28.9,460.0,40.3,2710.0,275.5,0.0,2710.0,28.9,751.0,35.4,339.0,88.1,153.0,73.8,352.0,88.2,150.0,19172.0,28.2,29.0,63.0,16.0,"Politics & International Studies (incl Development Studies),Economics & Econometrics,Civil Engineering,Geology, Environmental, Earth & Marine Sciences,Education,General Engineering,Chemistry,Veterinary Science,Other Health,Biological Sciences,Law,Computer Science,Mathematics & Statistics,Accounting & Finance,History, Philosophy & Theology,Physics & Astronomy,Business & Management,Archaeology,Sport Science,Psychology,Electrical & Electronic Engineering,Sociology,Languages, Literature & Linguistics,Communication & Media Studies,Medicine & Dentistry,Agriculture & Forestry",La Trobe University,Australia
122.0,146.0,L,FC,VH,4,A,39.7,215.0,40.2,236.0,25.2,581.0,79.3,115,93.6,157.0,90.6,116.0,75.3,171.0,20.7,400.0,98.0,24.0,55.7,1570.0,155.0,61.8,1570.0,40.2,304.0,40.7,240.0,93.9,59.0,66.6,514.0,96.8,24.0,15385.0,13.9,38.0,51.0,34.0,"Chemistry,Electrical & Electronic Engineering,History, Philosophy & Theology,Mechanical & Aerospace Engineering,Business & Management,Physics & Astronomy,Psychology,Economics & Econometrics,Politics & International Studies (incl Development Studies),Other Health,Architecture,Communication & Media Studies,Sociology,General Engineering,Sport Science,Chemical Engineering,Accounting & Finance,Art, Performing Arts & Design,Languages, Literature & Linguistics,Law,Geology, Environmental, Earth & Marine Sciences,Computer Science,Biological Sciences,Mathematics & Statistics,Geography,Medicine & Dentistry,Education",Lancaster University,United Kingdom
351.0,388.0,S,SP,Unknown,4,A,6.9,601.0,13.3,601.0,11.1,701.0,97.7,36,45.2,378.0,18.2,573.0,14.7,599.0,11.4,701.0,39.0,367.0,31.2,2700.0,275.5,0.0,2700.0,33.4,527.0,36.7,308.0,91.7,97.0,65.1,545.0,64.2,500.0,5028.0,31.6,14.0,34.0,49.0,"Geology, Environmental, Earth & Marine Sciences,Chemical Engineering,Economics & Econometrics,Mathematics & Statistics,Business & Management,Mechanical & Aerospace Engineering,Accounting & Finance,General Engineering,Physics & Astronomy,Chemistry,Electrical & Electronic Engineering,Communication & Media Studies,Computer Science,Sociology",Lappeenranta-Lahti University of Technology LUT,Finland
665.5,625.5,M,FC,HI,4,B,10.5,601.0,28.2,342.0,35.5,447.0,3.2,701,78.9,233.0,26.4,457.0,1.0,701.0,10.4,701.0,7.8,701.0,0.0,5530.0,550.5,0.0,5530.0,26.7,893.0,13.2,1287.0,76.4,407.0,32.8,1130.0,84.2,200.0,7100.0,10.1,17.0,52.0,24.0,"Communication & Media Studies,Politics & International Studies (incl Development Studies),Mathematics & Statistics,Psychology,Medicine & Dentistry,Chemical Engineering,General Engineering,Biological Sciences,Civil Engineering,Chemistry,Economics & Econometrics,Physics & Astronomy,History, Philosophy & Theology,Education,Mechanical & Aerospace Engineering,Sociology,Business & Management,Accounting & Finance,Architecture,Languages, Literature & Linguistics,Other Health,Art, Performing Arts & Design,Electrical & Electronic Engineering,Computer Science",Lebanese American University,Lebanon
577.0,625.5,XL,FC,HI,4,A,23.7,364.0,49.8,171.0,11.6,701.0,2.1,701,43.3,387.0,31.9,401.0,2.3,701.0,9.9,701.0,2.1,701.0,20.5,9110.0,900.5,0.0,9110.0,42.8,245.0,22.3,719.0,23.6,1594.0,17.7,1688.0,78.8,267.0,46704.0,14.6,16.0,70.0,25.0,"Other Health,Sport Science,Accounting & Finance,Architecture,Chemical Engineering,Geography,Economics & Econometrics,Agriculture & Forestry,Politics & International Studies (incl Development Studies),Biological Sciences,Psychology,Art, Performing Arts & Design,General Engineering,Physics & Astronomy,Law,Archaeology,Civil Engineering,Geology, Environmental, Earth & Marine Sciences,Computer Science,Mathematics & Statistics,Education,Languages, Literature & Linguistics,Electrical & Electronic Engineering,Chemistry,Medicine & Dentistry,Veterinary Science,Communication & Media Studies,History, Philosophy & Theology,Mechanical & Aerospace Engineering,Sociology,Business & Management",Lebanese University,Lebanon
1100.5,1100.5,L,CO,HI,3,A,4.4,601.0,8.0,601.0,4.4,701.0,8.1,701,35.2,453.0,18.0,574.0,2.2,701.0,11.5,701.0,1.6,701.0,0.0,9120.0,900.5,0.0,9120.0,17.7,1582.0,16.2,1034.0,65.0,674.0,49.9,810.0,67.3,441.0,20360.0,21.9,15.0,54.0,18.0,"Psychology,Accounting & Finance,History, Philosophy & Theology,Communication & Media Studies,Geography,General Engineering,Education,Electrical & Electronic Engineering,Economics & Econometrics,Biological Sciences,Art, Performing Arts & Design,Sociology,Architecture,Law,Other Health,Politics & International Studies (incl Development Studies),Civil Engineering,Business & Management,Languages, Literature & Linguistics,Sport Science,Computer Science",Leeds Beckett University,United Kingdom
548.0,595.5,M,CO,VH,5,B,5.8,601.0,4.2,601.0,26.2,567.0,38.4,362,62.4,311.0,29.6,426.0,9.1,693.0,28.3,285.0,47.5,320.0,21.4,6970.0,700.5,0.0,6970.0,33.0,544.0,22.5,710.0,57.6,830.0,63.6,574.0,73.8,354.0,6518.0,11.2,17.0,46.0,40.0,"Chemical Engineering,Physics & Astronomy,Languages, Literature & Linguistics,Agriculture & Forestry,Business & Management,Accounting & Finance,History, Philosophy & Theology,Sociology,Economics & Econometrics,Civil Engineering,Biological Sciences,Psychology,Mechanical & Aerospace Engineering,Education,Art, Performing Arts & Design,Computer Science,Politics & International Studies (incl Development Studies),General Engineering,Communication & Media Studies,Architecture,Mathematics & Statistics,Other Health,Chemistry,Electrical & Electronic Engineering,Geology, Environmental, Earth & Marine Sciences",Lehigh University,United States
481.0,625.5,L,CO,VH,5,A,21.3,408.0,33.2,298.0,16.8,701.0,14.8,640,40.5,408.0,30.6,418.0,44.3,350.0,13.1,654.0,29.9,449.0,23.9,3800.0,375.5,0.0,3800.0,38.3,354.0,41.5,227.0,62.1,731.0,81.6,242.0,58.2,620.0,19807.0,39.5,15.0,44.0,45.0,"Law,Geology, Environmental, Earth & Marine Sciences,Languages, Literature & Linguistics,Mathematics & Statistics,General Engineering,Civil Engineering,History, Philosophy & Theology,Physics & Astronomy,Mechanical & Aerospace Engineering,Politics & International Studies (incl Development Studies),Business & Management,Agriculture & Forestry,Biological Sciences,Chemistry,Accounting & Finance,Electrical & Electronic Engineering,Education,Geography,Architecture,Economics & Econometrics,Sociology,Computer Science,Sport Science",Leibniz University Hannover,Germany
126.0,131.0,XL,FC,VH,5,A,69.1,95.0,26.8,362.0,20.2,659.0,62.7,190,85.5,204.0,50.2,292.0,93.7,61.0,26.9,303.0,46.0,331.0,54.8,770.0,77.0,70.2,770.0,46.0,189.0,62.7,75.0,93.0,75.0,98.1,87.0,87.8,154.0,35072.0,19.3,21.0,60.0,24.0,"Politics & International Studies (incl Development Studies),Other Health,Law,History, Philosophy & Theology,Communication & Media Studies,Languages, Literature & Linguistics,Physics & Astronomy,Art, Performing Arts & Design,Mathematics & Statistics,Computer Science,Education,Chemistry,Biological Sciences,Psychology,Medicine & Dentistry,Sociology,Archaeology,Geology, Environmental, Earth & Marine Sciences",Leiden University,Netherlands
268.0,320.0,L,CO,VH,3,A,19.0,470.0,26.6,363.0,34.8,457.0,48.8,277,77.8,239.0,30.3,420.0,57.9,260.0,34.7,221.0,87.4,108.0,37.5,2730.0,275.5,0.0,2730.0,28.3,789.0,41.3,231.0,86.4,185.0,92.8,137.0,70.7,398.0,15233.0,14.9,15.0,54.0,26.0,"Art, Performing Arts & Design,Computer Science,Veterinary Science,Economics & Econometrics,General Engineering,Mathematics & Statistics,Civil Engineering,Politics & International Studies (incl Development Studies),Accounting & Finance,Chemical Engineering,Communication & Media Studies,Business & Management,Other Health,Biological Sciences,Electrical & Electronic Engineering,Physics & Astronomy,Psychology,Languages, Literature & Linguistics,Chemistry,Education,Mechanical & Aerospace Engineering,Sociology,Medicine & Dentistry,Agriculture & Forestry,Geography,History, Philosophy & Theology,Geology, Environmental, Earth & Marine Sciences",Linköping University,Sweden
755.5,900.5,L,CO,VH,3,A,9.9,601.0,6.8,601.0,8.4,701.0,14.5,645,48.1,365.0,24.4,480.0,56.2,278.0,10.4,701.0,24.4,497.0,0.0,5560.0,550.5,0.0,5560.0,21.6,1258.0,19.3,849.0,77.7,376.0,35.4,1085.0,83.0,210.0,23200.0,18.1,16.0,54.0,25.0,"History, Philosophy & Theology,Mechanical & Aerospace Engineering,Art, Performing Arts & Design,Languages, Literature & Linguistics,Geology, Environmental, Earth & Marine Sciences,Communication & Media Studies,Psychology,Geography,Other Health,Mathematics & Statistics,Electrical & Electronic Engineering,Architecture,Veterinary Science,Politics & International Studies (incl Development Studies),Business & Management,General Engineering,Chemistry,Sport Science,Biological Sciences,Physics & Astronomy,Sociology,Civil Engineering,Education,Law,Accounting & Finance,Computer Science",Liverpool John Moores University,United Kingdom
1100.5,900.5,M,CO,VH,4,A,5.4,601.0,3.7,601.0,42.4,372.0,8.3,701,4.2,701.0,3.5,701.0,7.8,701.0,8.4,701.0,3.9,701.0,0.0,13390.0,1350.5,0.0,13390.0,21.2,1288.0,15.7,1073.0,34.4,1342.0,66.9,504.0,29.8,1503.0,11706.0,13.1,5.0,39.0,41.0,"Chemical Engineering,Civil Engineering,Mechanical & Aerospace Engineering,Business & Management,Computer Science,Mathematics & Statistics,General Engineering,Chemistry,Physics & Astronomy,Biological Sciences,Electrical & Electronic Engineering",Lodz University of Technology,Poland
87.0,75.0,XL,FC,VH,5,A,81.2,69.0,78.3,74.0,99.8,26.0,4.6,701,20.3,587.0,92.3,105.0,85.2,115.0,82.2,48.0,13.4,631.0,62.2,950.0,95.0,67.0,950.0,87.5,17.0,75.2,46.0,33.9,1354.0,91.1,155.0,73.8,355.0,32680.0,9.6,37.0,50.0,39.0,"Art, Performing Arts & Design,Agriculture & Forestry,Biological Sciences,Chemistry,Economics & Econometrics,Mechanical & Aerospace Engineering,Politics & International Studies (incl Development Studies),Electrical & Electronic Engineering,Education,Chemical Engineering,Communication & Media Studies,Computer Science,Geography,History, Philosophy & Theology,Sport Science,Law,Other Health,Geology, Environmental, Earth & Marine Sciences,Psychology,Languages, Literature & Linguistics,Medicine & Dentistry,Physics & Astronomy,Accounting & Finance,Archaeology,Mathematics & Statistics,Business & Management,Sociology",Lomonosov Moscow State University,Russia
875.5,900.5,L,CO,HI,3,A,3.5,601.0,2.9,601.0,8.3,701.0,5.6,701,78.2,237.0,95.9,83.0,2.3,701.0,11.1,701.0,1.1,701.0,0.0,6990.0,700.5,0.0,6990.0,18.6,1495.0,12.4,1366.0,65.9,651.0,52.4,762.0,92.3,98.0,14510.0,17.5,37.0,56.0,30.0,"Civil Engineering,Psychology,Sociology,Economics & Econometrics,Politics & International Studies (incl Development Studies),Accounting & Finance,Communication & Media Studies,General Engineering,Business & Management,Electrical & Electronic Engineering,Sport Science,Law,Agriculture & Forestry,Chemical Engineering,Mechanical & Aerospace Engineering,Art, Performing Arts & Design,Biological Sciences,Education,Computer Science,Architecture,Other Health",London South Bank University,United Kingdom
212.0,256.0,L,CO,VH,4,A,30.5,283.0,66.8,116.0,23.6,604.0,34.6,392,87.3,198.0,63.5,237.0,77.1,162.0,18.8,446.0,63.4,231.0,44.2,2740.0,275.5,0.0,2740.0,36.5,412.0,34.4,368.0,77.4,384.0,70.2,428.0,91.5,109.0,16110.0,13.9,25.0,40.0,34.0,"Law,General Engineering,Other Health,Civil Engineering,Psychology,Physics & Astronomy,Education,Economics & Econometrics,Sport Science,Biological Sciences,Languages, Literature & Linguistics,Geography,Politics & International Studies (incl Development Studies),Architecture,Mechanical & Aerospace Engineering,Business & Management,Chemistry,Accounting & Finance,Sociology,Geology, Environmental, Earth & Marine Sciences,Art, Performing Arts & Design,Chemical Engineering,Electrical & Electronic Engineering,History, Philosophy & Theology,Mathematics & Statistics,Communication & Media Studies,Computer Science",Loughborough University,United Kingdom
825.5,900.5,XL,CO,VH,5,A,9.7,601.0,8.3,601.0,7.1,701.0,16.2,612,10.1,701.0,4.1,701.0,15.5,589.0,17.2,487.0,70.7,200.0,0.0,7010.0,700.5,0.0,7010.0,32.7,562.0,21.4,754.0,61.1,752.0,63.1,585.0,47.8,870.0,31112.0,19.4,4.0,55.0,33.0,"Education,Sociology,Economics & Econometrics,Other Health,Physics & Astronomy,Accounting & Finance,Chemistry,Medicine & Dentistry,Law,Communication & Media Studies,Biological Sciences,History, Philosophy & Theology,Agriculture & Forestry,Architecture,Mechanical & Aerospace Engineering,Business & Management,Sport Science,General Engineering,Civil Engineering,Politics & International Studies (incl Development Studies),Geology, Environmental, Earth & Marine Sciences,Electrical & Electronic Engineering,Geography,Languages, Literature & Linguistics,Art, Performing Arts & Design,Chemical Engineering,Computer Science,Psychology,Mathematics & Statistics",Louisiana State University,United States
1300.5,1300.5,L,FC,MD,3,A,3.7,601.0,2.5,601.0,8.1,701.0,1.8,701,12.5,701.0,3.1,701.0,49.8,313.0,9.0,701.0,1.8,701.0,0.0,17110.0,1501.0,0.0,17110.0,18.5,1507.0,14.0,1206.0,29.7,1454.0,16.8,1776.0,28.4,1565.0,13369.0,16.5,3.0,59.0,25.0,"Sociology,Other Health,Computer Science,Psychology,Physics & Astronomy,Art, Performing Arts & Design,Business & Management,Communication & Media Studies,Agriculture & Forestry,Languages, Literature & Linguistics,Mechanical & Aerospace Engineering,Mathematics & Statistics,Biological Sciences,Politics & International Studies (incl Development Studies),Law,Medicine & Dentistry,Economics & Econometrics,Sport Science,Accounting & Finance,General Engineering,Electrical & Electronic Engineering,Education,Civil Engineering,History, Philosophy & Theology",Lucian Blaga University of Sibiu,Romania
85.0,95.0,L,FC,VH,5,A,69.3,93.0,47.5,185.0,50.2,310.0,37.7,373,98.8,102.0,77.4,173.0,95.2,52.0,66.0,83.0,99.1,14.0,62.8,1070.0,106.0,66.1,1070.0,46.7,177.0,56.6,104.0,86.6,181.0,99.8,41.0,79.8,259.0,30349.0,12.0,18.0,56.0,23.0,"Sociology,Computer Science,Physics & Astronomy,Business & Management,Geology, Environmental, Earth & Marine Sciences,Economics & Econometrics,General Engineering,Chemistry,Accounting & Finance,Art, Performing Arts & Design,Electrical & Electronic Engineering,Communication & Media Studies,Architecture,Medicine & Dentistry,Biological Sciences,Education,Chemical Engineering,Geography,Archaeology,Agriculture & Forestry,Law,History, Philosophy & Theology,Civil Engineering,Other Health,Mathematics & Statistics,Psychology,Languages, Literature & Linguistics,Mechanical & Aerospace Engineering,Politics & International Studies (incl Development Studies)",Lund University,Sweden
975.5,900.5,L,CO,VH,5,A,8.1,601.0,14.8,553.0,37.2,423.0,1.8,701,1.9,701.0,1.6,701.0,1.1,701.0,14.0,608.0,22.7,520.0,0.0,7020.0,700.5,0.0,7020.0,22.9,1158.0,11.3,1490.0,34.2,1347.0,18.8,1605.0,27.1,1612.0,22580.0,11.9,1.0,41.0,42.0,"Architecture,Geology, Environmental, Earth & Marine Sciences,Electrical & Electronic Engineering,General Engineering,Law,Education,Communication & Media Studies,Mathematics & Statistics,Economics & Econometrics,Physics & Astronomy,Languages, Literature & Linguistics,Sociology,Computer Science,Accounting & Finance,Politics & International Studies (incl Development Studies),Art, Performing Arts & Design,Chemical Engineering,Civil Engineering,Psychology,History, Philosophy & Theology,Mechanical & Aerospace Engineering,Business & Management",Lviv Polytechnic National University,Ukraine
1401.0,1300.5,L,FO,VH,4,A,5.2,601.0,4.9,601.0,7.5,701.0,1.4,701,1.3,701.0,3.4,701.0,1.0,701.0,7.3,701.0,1.0,701.0,0.0,17280.0,1501.0,0.0,17280.0,15.0,1752.0,11.7,1442.0,8.6,1876.0,48.1,840.0,22.2,1804.0,26765.0,21.5,5.0,26.0,42.0,"Art, Performing Arts & Design,Mathematics & Statistics,Accounting & Finance,Computer Science,Geology, Environmental, Earth & Marine Sciences,Chemical Engineering,General Engineering,Chemistry,Physics & Astronomy,Electrical & Electronic Engineering,Business & Management,Biological Sciences,Other Health,Sociology,Mechanical & Aerospace Engineering,Economics & Econometrics,History, Philosophy & Theology,Law",MIREA - Russian Technological University,Russia
505.0,585.5,L,CO,VH,2,B,4.2,601.0,4.2,601.0,4.5,701.0,47.8,283,100.0,12.0,100.0,1.0,2.4,701.0,20.9,394.0,1.1,701.0,23.0,2750.0,275.5,0.0,2750.0,33.1,541.0,34.2,373.0,78.9,346.0,65.0,546.0,94.7,55.0,14091.0,41.8,92.0,57.0,34.0,"Computer Science,Business & Management,Geology, Environmental, Earth & Marine Sciences,Mathematics & Statistics,Sociology,Education,Physics & Astronomy,Law,Medicine & Dentistry,History, Philosophy & Theology,Architecture,Politics & International Studies (incl Development Studies),Other Health,Accounting & Finance,Economics & Econometrics,Languages, Literature & Linguistics,Electrical & Electronic Engineering,Art, Performing Arts & Design,Communication & Media Studies",Macau University of Science and Technology,Macau SAR
130.0,195.0,L,FC,VH,4,A,31.6,276.0,41.0,228.0,10.3,701.0,81.3,105,98.6,104.0,93.6,94.0,81.4,139.0,43.2,167.0,91.8,80.0,53.7,1800.0,180.0,60.1,1800.0,36.7,405.0,44.2,198.0,87.4,165.0,90.9,159.0,88.6,143.0,30371.0,51.7,22.0,54.0,26.0,"General Engineering,Biological Sciences,Sociology,Civil Engineering,Medicine & Dentistry,Economics & Econometrics,Mathematics & Statistics,Other Health,Mechanical & Aerospace Engineering,Communication & Media Studies,Education,Politics & International Studies (incl Development Studies),Physics & Astronomy,Law,Psychology,Agriculture & Forestry,Geology, Environmental, Earth & Marine Sciences,Geography,History, Philosophy & Theology,Art, Performing Arts & Design,Accounting & Finance,Architecture,Languages, Literature & Linguistics,Archaeology,Chemistry,Electrical & Electronic Engineering,Sport Science,Computer Science,Business & Management",Macquarie University,Australia
382.0,256.0,L,FC,VH,4,A,42.4,200.0,30.3,322.0,77.7,147.0,4.7,701,6.0,701.0,5.1,701.0,10.3,666.0,11.0,701.0,27.6,471.0,29.0,7030.0,700.5,0.0,7030.0,39.3,327.0,25.0,611.0,46.3,1089.0,78.6,281.0,48.7,843.0,28790.0,8.9,5.0,64.0,12.0,"Art, Performing Arts & Design,Civil Engineering,Chemistry,Business & Management,History, Philosophy & Theology,Sport Science,Accounting & Finance,Medicine & Dentistry,Veterinary Science,Mechanical & Aerospace Engineering,Communication & Media Studies,Economics & Econometrics,Electrical & Electronic Engineering,Geology, Environmental, Earth & Marine Sciences,Other Health,Physics & Astronomy,Languages, Literature & Linguistics,Chemical Engineering,Education,Archaeology,Mathematics & Statistics,Psychology,General Engineering,Politics & International Studies (incl Development Studies),Computer Science,Biological Sciences,Sociology",Mahidol University,Thailand
975.5,1300.5,XL,FC,HI,5,A,10.2,601.0,4.7,601.0,3.4,701.0,4.6,701,10.3,701.0,8.2,701.0,17.8,564.0,79.5,51.0,9.2,685.0,0.0,9170.0,900.5,0.0,9170.0,23.4,1123.0,25.3,597.0,39.6,1228.0,52.1,770.0,68.1,431.0,29510.0,19.2,3.0,46.0,13.0,"Art, Performing Arts & Design,Computer Science,Medicine & Dentistry,Geology, Environmental, Earth & Marine Sciences,Agriculture & Forestry,Business & Management,Education,Politics & International Studies (incl Development Studies),Law,Civil Engineering,Psychology",Makerere University,Uganda
1100.5,1300.5,XL,FC,HI,4,A,12.9,601.0,8.1,601.0,3.2,701.0,2.4,701,5.8,701.0,4.1,701.0,33.5,428.0,9.6,701.0,19.9,545.0,0.0,9210.0,900.5,0.0,9210.0,19.5,1423.0,12.4,1367.0,68.1,601.0,31.8,1146.0,74.1,350.0,174302.0,40.2,4.0,50.0,25.0,"Business & Management,Biological Sciences,Languages, Literature & Linguistics,Architecture,Electrical & Electronic Engineering,Computer Science,Law,Veterinary Science,Chemistry,Geography,Economics & Econometrics,Sociology,Sport Science,Medicine & Dentistry,Communication & Media Studies,History, Philosophy & Theology,Chemical Engineering,Agriculture & Forestry,Geology, Environmental, Earth & Marine Sciences,Politics & International Studies (incl Development Studies),Mathematics & Statistics,Accounting & Finance,Mechanical & Aerospace Engineering,Archaeology,Civil Engineering,Art, Performing Arts & Design,Education,Other Health,Psychology,General Engineering,Physics & Astronomy",Mansoura University,Egypt
1300.5,1300.5,XL,FO,VH,5,A,6.8,601.0,8.3,601.0,5.0,701.0,2.3,701,3.0,701.0,3.6,701.0,2.1,701.0,15.4,548.0,6.1,701.0,0.0,17180.0,1501.0,0.0,17180.0,17.0,1626.0,11.7,1441.0,31.9,1404.0,26.9,1263.0,30.7,1474.0,62991.0,30.6,5.0,51.0,20.0,"General Engineering,Chemical Engineering,Languages, Literature & Linguistics,Geography,Mechanical & Aerospace Engineering,Medicine & Dentistry,Business & Management,Other Health,Architecture,Art, Performing Arts & Design,Psychology,Electrical & Electronic Engineering,Sport Science,Sociology,Economics & Econometrics,Communication & Media Studies,Physics & Astronomy,Accounting & Finance,Education,Biological Sciences,Law,Chemistry,History, Philosophy & Theology,Civil Engineering,Politics & International Studies (incl Development Studies),Mathematics & Statistics,Geology, Environmental, Earth & Marine Sciences,Computer Science",Marmara University,Turkey
1300.5,1100.5,M,CO,VH,5,B,3.4,601.0,3.8,601.0,23.7,600.0,9.3,701,6.8,701.0,2.7,701.0,1.5,701.0,13.2,651.0,1.1,701.0,0.0,9220.0,900.5,0.0,9220.0,36.9,392.0,18.2,909.0,54.0,916.0,49.3,823.0,33.1,1386.0,10317.0,12.2,3.0,58.0,25.0,"Art, Performing Arts & Design,Mathematics & Statistics,Geology, Environmental, Earth & Marine Sciences,Politics & International Studies (incl Development Studies),Sociology,Electrical & Electronic Engineering,Chemistry,Business & Management,Mechanical & Aerospace Engineering,Psychology,Physics & Astronomy,Sport Science,Economics & Econometrics,Law,Biological Sciences,Civil Engineering,Chemical Engineering,Computer Science,Other Health,Communication & Media Studies,Medicine & Dentistry,Education,General Engineering,Accounting & Finance,History, Philosophy & Theology,Languages, Literature & Linguistics",Marquette University,United States
400.0,555.5,XL,CO,VH,5,A,23.2,371.0,32.2,305.0,10.4,701.0,15.2,628,31.0,481.0,68.7,215.0,56.2,276.0,14.6,575.0,69.9,207.0,27.9,7090.0,700.5,0.0,7090.0,25.9,945.0,31.0,443.0,50.1,1020.0,41.7,945.0,66.3,461.0,32789.0,18.4,23.0,62.0,24.0,"Archaeology,Physics & Astronomy,Sociology,Accounting & Finance,Computer Science,Art, Performing Arts & Design,Sport Science,Law,Biological Sciences,Chemical Engineering,Psychology,Politics & International Studies (incl Development Studies),Chemistry,Mathematics & Statistics,Languages, Literature & Linguistics,Geography,History, Philosophy & Theology,Agriculture & Forestry,Communication & Media Studies,Other Health,Business & Management,Education,Medicine & Dentistry,Economics & Econometrics,Geology, Environmental, Earth & Marine Sciences",Masaryk University,Czech Republic
239.0,292.0,M,CO,VH,4,A,30.4,286.0,16.0,528.0,43.2,364.0,22.7,520,98.2,111.0,97.9,64.0,65.2,215.0,44.9,157.0,94.7,58.0,40.6,5590.0,550.5,0.0,5590.0,28.7,757.0,28.2,513.0,60.5,768.0,77.6,293.0,87.5,158.0,17883.0,17.4,27.0,64.0,25.0,"Sport Science,Other Health,Architecture,Chemistry,Mechanical & Aerospace Engineering,Veterinary Science,Mathematics & Statistics,Economics & Econometrics,Languages, Literature & Linguistics,Electrical & Electronic Engineering,Art, Performing Arts & Design,Biological Sciences,Business & Management,History, Philosophy & Theology,Civil Engineering,Chemical Engineering,Agriculture & Forestry,Computer Science,General Engineering,Politics & International Studies (incl Development Studies),Geography,Archaeology,Sociology,Accounting & Finance,Physics & Astronomy,Geology, Environmental, Earth & Marine Sciences,Education,Psychology,Communication & Media Studies",Massey University,New Zealand
825.5,900.5,M,FO,VH,3,A,10.0,601.0,9.2,601.0,8.7,701.0,12.6,684,89.4,187.0,15.6,608.0,4.7,701.0,9.0,701.0,4.7,701.0,0.0,4540.0,450.5,0.0,4540.0,21.1,1296.0,30.7,449.0,77.0,396.0,58.3,672.0,74.8,333.0,11885.0,28.5,12.0,56.0,28.0,"General Engineering,Politics & International Studies (incl Development Studies),Chemistry,Geography,Physics & Astronomy,Law,History, Philosophy & Theology,Sociology,Languages, Literature & Linguistics,Communication & Media Studies,Mathematics & Statistics,Psychology,Electrical & Electronic Engineering,Economics & Econometrics,Computer Science,Accounting & Finance,Biological Sciences,Business & Management,Geology, Environmental, Earth & Marine Sciences,Education",Maynooth University,Ireland
30.0,31.0,XL,FC,VH,5,A,93.7,34.0,87.6,58.0,64.0,219.0,62.1,195,88.9,188.0,93.3,98.0,86.2,107.0,92.5,33.0,94.2,64.0,83.7,490.0,49.0,76.0,490.0,62.3,68.0,72.3,53.0,88.8,141.0,76.1,315.0,92.5,93.0,30821.0,11.9,29.0,61.0,22.0,"Electrical & Electronic Engineering,Communication & Media Studies,Archaeology,Biological Sciences,Geography,Art, Performing Arts & Design,Civil Engineering,Politics & International Studies (incl Development Studies),Accounting & Finance,History, Philosophy & Theology,Sport Science,Law,Computer Science,Mathematics & Statistics,Education,Languages, Literature & Linguistics,General Engineering,Physics & Astronomy,Business & Management,Medicine & Dentistry,Agriculture & Forestry,Sociology,Mechanical & Aerospace Engineering,Geology, Environmental, Earth & Marine Sciences,Other Health,Chemistry,Economics & Econometrics,Architecture,Chemical Engineering,Psychology",McGill University,Canada
189.0,152.0,L,FC,VH,5,A,40.5,210.0,38.2,255.0,75.1,166.0,29.0,444,99.3,93.0,59.5,250.0,40.2,376.0,37.2,197.0,70.1,204.0,46.8,1040.0,103.0,66.3,1040.0,43.8,224.0,51.3,133.0,93.0,76.0,100.0,17.0,87.3,163.0,28254.0,30.9,22.0,56.0,16.0,"Other Health,Physics & Astronomy,Economics & Econometrics,Politics & International Studies (incl Development Studies),Mechanical & Aerospace Engineering,General Engineering,Geology, Environmental, Earth & Marine Sciences,History, Philosophy & Theology,Biological Sciences,Psychology,Art, Performing Arts & Design,Civil Engineering,Sociology,Languages, Literature & Linguistics,Chemical Engineering,Geography,Electrical & Electronic Engineering,Communication & Media Studies,Archaeology,Sport Science,Business & Management,Medicine & Dentistry,Mathematics & Statistics,Accounting & Finance,Computer Science,Chemistry",McMaster University,Canada
1100.5,1300.5,XL,CO,HI,5,C,7.4,601.0,24.5,390.0,4.9,701.0,1.7,701,10.1,701.0,5.3,701.0,1.5,701.0,16.0,524.0,1.1,701.0,0.0,17220.0,1501.0,0.0,17220.0,16.3,1680.0,12.1,1400.0,13.5,1796.0,40.8,962.0,31.4,1449.0,32810.0,34.0,5.0,35.0,36.0,"Architecture,Languages, Literature & Linguistics,Chemical Engineering,Sociology,Mathematics & Statistics,General Engineering,Economics & Econometrics,Psychology,History, Philosophy & Theology,Accounting & Finance,Chemistry,Archaeology,Civil Engineering,Agriculture & Forestry,Mechanical & Aerospace Engineering,Business & Management,Law,Physics & Astronomy,Electrical & Electronic Engineering,Communication & Media Studies,Computer Science,Politics & International Studies (incl Development Studies),Art, Performing Arts & Design,Biological Sciences,Geography",Meiji University,Japan
645.5,775.5,L,FC,HI,4,A,7.0,601.0,4.6,601.0,11.0,701.0,28.5,449,25.3,529.0,71.9,202.0,36.5,406.0,11.8,701.0,31.0,432.0,0.0,5600.0,550.5,0.0,5600.0,27.5,845.0,24.5,630.0,60.9,759.0,83.2,223.0,85.7,183.0,16318.0,15.1,23.0,55.0,34.0,"Computer Science,Politics & International Studies (incl Development Studies),Accounting & Finance,General Engineering,Mathematics & Statistics,Psychology,Art, Performing Arts & Design,History, Philosophy & Theology,Sport Science,Mechanical & Aerospace Engineering,Communication & Media Studies,Economics & Econometrics,Chemical Engineering,Geography,Medicine & Dentistry,Biological Sciences,Education,Electrical & Electronic Engineering,Chemistry,Archaeology,Geology, Environmental, Earth & Marine Sciences,Languages, Literature & Linguistics,Civil Engineering,Sociology,Business & Management,Other Health,Physics & Astronomy",Memorial University of Newfoundland,Canada
925.5,900.5,M,FO,VH,5,A,6.4,601.0,8.6,601.0,48.8,322.0,3.9,701,10.4,701.0,37.1,368.0,13.1,624.0,8.7,701.0,1.3,701.0,0.0,13530.0,1350.5,0.0,13530.0,20.9,1309.0,19.4,845.0,36.8,1284.0,21.0,1480.0,55.1,672.0,9019.0,16.3,17.0,57.0,27.0,"Architecture,Education,Politics & International Studies (incl Development Studies),Art, Performing Arts & Design,Chemistry,Economics & Econometrics,Biological Sciences,Agriculture & Forestry,Business & Management,Geography,Computer Science",Mendel University in Brno,Czech Republic
1300.5,1100.5,M,FO,VH,5,A,4.9,601.0,3.9,601.0,30.5,515.0,2.7,701,1.1,701.0,5.7,701.0,1.0,701.0,7.2,701.0,1.0,701.0,0.0,17240.0,1501.0,0.0,17240.0,19.6,1414.0,14.1,1198.0,14.3,1781.0,43.4,917.0,23.6,1757.0,7338.0,14.9,6.0,56.0,42.0,"Chemical Engineering,Agriculture & Forestry,Chemistry",Mendeleev University of Chemical Technology,Russia
136.0,159.0,XL,FC,VH,5,A,59.9,120.0,49.4,174.0,11.3,701.0,58.0,221,58.6,320.0,12.8,665.0,95.6,45.0,45.5,153.0,71.2,199.0,52.7,1170.0,116.0,65.4,1170.0,54.8,102.0,52.3,125.0,86.2,189.0,70.0,432.0,71.4,388.0,44514.0,16.1,11.0,52.0,25.0,"Architecture,Veterinary Science,Communication & Media Studies,Art, Performing Arts & Design,Agriculture & Forestry,Biological Sciences,Electrical & Electronic Engineering,Law,Medicine & Dentistry,Geography,History, Philosophy & Theology,Geology, Environmental, Earth & Marine Sciences,Accounting & Finance,Chemical Engineering,Economics & Econometrics,Other Health,Sociology,Languages, Literature & Linguistics,Education,Chemistry,Business & Management,Sport Science,Physics & Astronomy,Mechanical & Aerospace Engineering,Civil Engineering,Mathematics & Statistics,Psychology,Computer Science,Politics & International Studies (incl Development Studies),General Engineering",Michigan State University,United States
336.0,505.5,L,CO,VH,4,A,29.0,299.0,63.7,125.0,9.0,701.0,22.2,525,11.3,701.0,17.4,583.0,32.2,443.0,24.6,339.0,84.8,120.0,32.2,3820.0,375.5,0.0,3820.0,44.2,212.0,43.1,209.0,53.6,931.0,81.9,239.0,56.0,661.0,16182.0,21.2,12.0,49.0,43.0,"Architecture,Geology, Environmental, Earth & Marine Sciences,Archaeology,Chemistry,Art, Performing Arts & Design,General Engineering,Sociology,Languages, Literature & Linguistics,Civil Engineering,Education,Chemical Engineering,Economics & Econometrics,Mechanical & Aerospace Engineering,Communication & Media Studies,Biological Sciences,Politics & International Studies (incl Development Studies),History, Philosophy & Theology,Electrical & Electronic Engineering,Psychology,Mathematics & Statistics,Computer Science,Physics & Astronomy,Business & Management",Middle East Technical University,Turkey
665.5,775.5,L,CO,HI,4,A,5.6,601.0,4.8,601.0,8.3,701.0,14.3,650,85.1,209.0,99.6,38.0,20.6,540.0,15.8,529.0,8.6,693.0,0.0,5620.0,550.5,0.0,5620.0,22.8,1167.0,18.5,891.0,80.0,323.0,46.8,868.0,93.4,76.0,15545.0,18.3,50.0,59.0,24.0,"General Engineering,Law,Education,Computer Science,Politics & International Studies (incl Development Studies),Electrical & Electronic Engineering,Sociology,Economics & Econometrics,Art, Performing Arts & Design,Biological Sciences,Other Health,Chemistry,Architecture,Communication & Media Studies,Mathematics & Statistics,Psychology,Sport Science,Accounting & Finance,Veterinary Science,Business & Management",Middlesex University,United Kingdom
1100.5,1100.5,L,CO,VH,5,A,6.0,601.0,5.8,601.0,6.7,701.0,18.4,576,15.7,657.0,3.2,701.0,9.2,688.0,10.8,701.0,11.7,647.0,0.0,7130.0,700.5,0.0,7130.0,27.3,862.0,20.0,814.0,58.8,806.0,66.2,522.0,50.7,783.0,21181.0,14.6,4.0,53.0,32.0,"Education,Mechanical & Aerospace Engineering,Sport Science,Business & Management,Geology, Environmental, Earth & Marine Sciences,Chemical Engineering,Accounting & Finance,Veterinary Science,Electrical & Electronic Engineering,Architecture,Art, Performing Arts & Design,Chemistry,Sociology,Agriculture & Forestry,Other Health,Mathematics & Statistics,Civil Engineering,Biological Sciences,Languages, Literature & Linguistics,Psychology,General Engineering,Computer Science,Physics & Astronomy,History, Philosophy & Theology,Politics & International Studies (incl Development Studies),Communication & Media Studies,Economics & Econometrics",Mississippi State University,United States
480.0,505.5,M,CO,VH,5,A,4.6,601.0,4.8,601.0,6.5,701.0,85.1,94,61.1,313.0,12.3,674.0,2.1,701.0,9.6,701.0,1.6,701.0,24.0,4550.0,450.5,0.0,4550.0,33.2,538.0,28.7,502.0,69.6,567.0,88.1,179.0,72.4,373.0,7271.0,21.6,9.0,24.0,47.0,"Archaeology,Medicine & Dentistry,Geology, Environmental, Earth & Marine Sciences,Education,Veterinary Science,Psychology,Geography,Mathematics & Statistics,Economics & Econometrics,General Engineering,Other Health,Electrical & Electronic Engineering,Business & Management,Mechanical & Aerospace Engineering,Chemistry,Communication & Media Studies,Law,Chemical Engineering,Art, Performing Arts & Design,Architecture,Sport Science,Politics & International Studies (incl Development Studies),History, Philosophy & Theology,Agriculture & Forestry,Accounting & Finance,Sociology,Physics & Astronomy,Languages, Literature & Linguistics,Computer Science,Civil Engineering,Biological Sciences",Missouri University of Science and Technology,United States
42.0,57.0,XL,FC,VH,4,A,88.4,49.0,75.2,84.0,9.6,701.0,88.4,81,100.0,50.0,100.0,19.0,86.8,102.0,61.0,95.0,71.8,194.0,78.2,540.0,54.0,75.2,540.0,55.3,96.0,67.8,58.0,94.7,50.0,99.7,48.0,91.1,116.0,58460.0,43.1,38.0,56.0,21.0,"Electrical & Electronic Engineering,Mathematics & Statistics,Economics & Econometrics,General Engineering,Chemistry,Psychology,Medicine & Dentistry,Agriculture & Forestry,Geology, Environmental, Earth & Marine Sciences,Business & Management,Architecture,Veterinary Science,Law,Languages, Literature & Linguistics,Civil Engineering,Politics & International Studies (incl Development Studies),History, Philosophy & Theology,Chemical Engineering,Communication & Media Studies,Other Health,Physics & Astronomy,Accounting & Finance,Mechanical & Aerospace Engineering,Sociology,Archaeology,Biological Sciences,Education,Art, Performing Arts & Design,Computer Science,Sport Science,Geography",Monash University,Australia
431.0,565.5,M,CO,VH,3,A,7.3,601.0,5.3,601.0,5.4,701.0,53.1,242,86.3,200.0,76.6,178.0,40.1,378.0,14.2,593.0,23.7,506.0,26.2,3850.0,375.5,0.0,3850.0,23.2,1139.0,29.6,484.0,81.4,293.0,67.2,495.0,94.2,62.0,14816.0,34.0,38.0,62.0,19.0,"Politics & International Studies (incl Development Studies),Art, Performing Arts & Design,Languages, Literature & Linguistics,Sociology,Agriculture & Forestry,Physics & Astronomy,General Engineering,Electrical & Electronic Engineering,Law,Sport Science,Business & Management,Communication & Media Studies,Accounting & Finance,Chemical Engineering,Chemistry,Biological Sciences,Economics & Econometrics,Mathematics & Statistics,Geology, Environmental, Earth & Marine Sciences,Computer Science,Other Health,History, Philosophy & Theology,Psychology,Veterinary Science,Education",Murdoch University,Australia
1100.5,1100.5,XL,FC,HI,4,A,3.7,601.0,5.3,601.0,43.7,359.0,1.3,701,33.0,466.0,4.0,701.0,1.0,701.0,9.3,701.0,1.0,701.0,0.0,17400.0,1501.0,0.0,17400.0,25.3,982.0,8.4,1859.0,16.0,1746.0,19.1,1583.0,32.5,1405.0,30964.0,6.5,1.0,52.0,33.0,"Computer Science,Veterinary Science,Education,Medicine & Dentistry,Agriculture & Forestry,Geography,Languages, Literature & Linguistics,Civil Engineering,Physics & Astronomy,Psychology,Chemical Engineering,Geology, Environmental, Earth & Marine Sciences,Economics & Econometrics,Electrical & Electronic Engineering,Law,Accounting & Finance,Archaeology,Biological Sciences,Politics & International Studies (incl Development Studies),History, Philosophy & Theology,Mechanical & Aerospace Engineering,Communication & Media Studies,Other Health,Mathematics & Statistics,Business & Management,Art, Performing Arts & Design,General Engineering,Chemistry,Architecture,Sport Science,Sociology",Mustansiriyah University,Iraq
1100.5,1100.5,M,FC,MD,3,A,7.6,601.0,8.9,601.0,10.1,701.0,1.7,701,10.1,701.0,43.6,330.0,1.0,701.0,8.7,701.0,1.7,701.0,0.0,13620.0,1350.5,0.0,13620.0,29.7,706.0,11.5,1468.0,27.6,1505.0,20.9,1487.0,61.2,558.0,11348.0,15.5,18.0,44.0,27.0,"Art, Performing Arts & Design,Sociology,Architecture,Geology, Environmental, Earth & Marine Sciences,Biological Sciences,Economics & Econometrics,Mechanical & Aerospace Engineering,General Engineering,Chemistry,Law,Electrical & Electronic Engineering,Archaeology,Mathematics & Statistics,Other Health,Chemical Engineering,Geography,Physics & Astronomy,Medicine & Dentistry,Languages, Literature & Linguistics,Education,Accounting & Finance,Sport Science,Politics & International Studies (incl Development Studies),Agriculture & Forestry,Civil Engineering,Psychology,History, Philosophy & Theology,Computer Science,Business & Management",Mutah University,Jordan
825.5,575.5,M,FO,VH,4,A,6.9,601.0,2.2,601.0,84.2,113.0,6.2,701,6.5,701.0,4.2,701.0,11.8,639.0,8.3,701.0,2.0,701.0,0.0,13640.0,1350.5,0.0,13640.0,29.4,727.0,14.8,1139.0,28.5,1485.0,48.4,834.0,40.3,1108.0,8782.0,6.7,5.0,39.0,14.0,"Geology, Environmental, Earth & Marine Sciences,Medicine & Dentistry,Politics & International Studies (incl Development Studies),Computer Science,Civil Engineering,Education,Sociology,Mechanical & Aerospace Engineering,Economics & Econometrics,Languages, Literature & Linguistics,Chemical Engineering,General Engineering,Mathematics & Statistics,Electrical & Electronic Engineering,Business & Management,Other Health,Communication & Media Studies,Accounting & Finance",Nagasaki University,Japan
176.0,112.0,L,FC,VH,4,A,61.5,114.0,65.1,123.0,87.5,96.0,33.0,412,15.4,661.0,19.1,558.0,17.6,565.0,16.6,509.0,24.1,502.0,48.5,2260.0,225.5,0.0,2260.0,55.3,97.0,55.7,107.0,54.3,909.0,99.5,60.0,41.9,1059.0,15224.0,13.0,12.0,30.0,32.0,"Architecture,Electrical & Electronic Engineering,Psychology,Agriculture & Forestry,Geography,Other Health,Communication & Media Studies,Accounting & Finance,Languages, Literature & Linguistics,Chemical Engineering,Physics & Astronomy,Biological Sciences,Education,Civil Engineering,Law,Archaeology,Computer Science,Mathematics & Statistics,Sociology,Economics & Econometrics,Mechanical & Aerospace Engineering,Chemistry,Business & Management,Medicine & Dentistry,General Engineering,Geology, Environmental, Earth & Marine Sciences,History, Philosophy & Theology,Sport Science,Politics & International Studies (incl Development Studies)",Nagoya University,Japan
141.0,133.0,XL,FC,VH,5,A,59.6,123.0,25.4,378.0,31.3,504.0,96.9,42,55.1,334.0,7.3,701.0,26.4,488.0,23.7,356.0,39.0,367.0,52.1,730.0,73.0,70.9,730.0,64.0,59.0,61.7,78.0,85.3,203.0,96.8,97.0,61.8,545.0,36711.0,16.7,8.0,54.0,41.0,"Archaeology,Architecture,Sociology,Electrical & Electronic Engineering,Politics & International Studies (incl Development Studies),Business & Management,Computer Science,Biological Sciences,Law,Languages, Literature & Linguistics,Communication & Media Studies,Psychology,Art, Performing Arts & Design,Chemical Engineering,Education,Other Health,Chemistry,Economics & Econometrics,History, Philosophy & Theology,Geology, Environmental, Earth & Marine Sciences,Accounting & Finance,General Engineering,Geography,Medicine & Dentistry,Physics & Astronomy,Mathematics & Statistics",Nanjing University,China (Mainland)
825.5,900.5,XL,FO,VH,3,A,4.7,601.0,2.6,601.0,13.1,701.0,47.3,287,5.7,701.0,3.2,701.0,4.5,701.0,5.3,701.0,1.5,701.0,0.0,7160.0,700.5,0.0,7160.0,28.2,798.0,31.6,428.0,50.1,1021.0,71.4,399.0,24.7,1719.0,33883.0,15.4,3.0,54.0,47.0,"General Engineering,Biological Sciences,Accounting & Finance,Computer Science,Politics & International Studies (incl Development Studies),Mechanical & Aerospace Engineering,Business & Management,Civil Engineering,Law,Mathematics & Statistics,Economics & Econometrics,Languages, Literature & Linguistics,Chemistry,Art, Performing Arts & Design,Communication & Media Studies,Electrical & Electronic Engineering,Sociology,Physics & Astronomy,Chemical Engineering,Education",Nanjing University of Aeronautics and Astronautics,China (Mainland)
384.0,378.0,XL,FC,VH,4,A,21.1,414.0,8.6,601.0,29.5,526.0,73.9,132,11.2,701.0,3.5,701.0,8.1,701.0,18.9,440.0,22.5,521.0,28.6,2780.0,275.5,0.0,2780.0,48.8,146.0,31.4,433.0,85.3,204.0,66.5,516.0,49.3,822.0,31416.0,11.7,7.0,54.0,34.0,"Psychology,Education,Geology, Environmental, Earth & Marine Sciences,Art, Performing Arts & Design,Physics & Astronomy,Law,Mathematics & Statistics,Medicine & Dentistry,Computer Science,Electrical & Electronic Engineering,Politics & International Studies (incl Development Studies),Languages, Literature & Linguistics,Biological Sciences,Economics & Econometrics,Business & Management,Accounting & Finance,Chemistry,Communication & Media Studies,Archaeology,Sociology,Agriculture & Forestry,General Engineering,History, Philosophy & Theology",Nankai University,China (Mainland)
615.5,585.5,M,CO,VH,4,A,21.5,402.0,27.1,358.0,23.0,617.0,17.8,586,12.9,701.0,9.1,701.0,2.1,701.0,6.5,701.0,30.2,447.0,0.0,11230.0,1100.5,0.0,11230.0,30.8,651.0,24.9,619.0,29.7,1455.0,88.8,176.0,44.4,979.0,11001.0,9.5,7.0,35.0,47.0,"Mechanical & Aerospace Engineering,Chemistry,Education,Physics & Astronomy,Psychology,Biological Sciences,Civil Engineering,Sociology,Accounting & Finance,Mathematics & Statistics,Business & Management,Geography,Archaeology,Economics & Econometrics,Electrical & Electronic Engineering,Geology, Environmental, Earth & Marine Sciences,General Engineering,Communication & Media Studies,Languages, Literature & Linguistics,Art, Performing Arts & Design,Architecture,Veterinary Science,Agriculture & Forestry,Law,Politics & International Studies (incl Development Studies),History, Philosophy & Theology,Computer Science,Medicine & Dentistry,Other Health,Chemical Engineering",National Central University,Taiwan
228.0,224.0,L,FC,VH,4,A,49.4,164.0,75.6,82.0,32.9,482.0,21.2,544,23.7,557.0,15.7,605.0,10.9,653.0,30.2,257.0,78.2,160.0,41.8,5650.0,550.5,0.0,5650.0,35.4,450.0,39.2,259.0,47.2,1077.0,100.0,18.0,40.8,1091.0,20971.0,15.9,11.0,37.0,34.0,"Computer Science,Mechanical & Aerospace Engineering,Architecture,Other Health,Sport Science,Economics & Econometrics,Electrical & Electronic Engineering,Geology, Environmental, Earth & Marine Sciences,General Engineering,Physics & Astronomy,Education,History, Philosophy & Theology,Biological Sciences,Psychology,Art, Performing Arts & Design,Chemistry,Business & Management,Medicine & Dentistry,Agriculture & Forestry,Politics & International Studies (incl Development Studies),Archaeology,Mathematics & Statistics,Law,Languages, Literature & Linguistics,Civil Engineering,Chemical Engineering,Accounting & Finance",National Cheng Kung University (NCKU),Taiwan
567.0,625.5,M,CO,HI,4,A,19.5,455.0,39.0,245.0,19.7,674.0,2.7,701,27.1,507.0,23.5,491.0,1.0,701.0,81.0,49.0,1.9,701.0,20.8,11240.0,1100.5,0.0,11240.0,27.6,835.0,27.8,519.0,24.8,1568.0,60.6,634.0,48.8,839.0,12329.0,14.9,12.0,56.0,25.0,"Languages, Literature & Linguistics,Civil Engineering,Computer Science,Chemistry,Biological Sciences,Law,Physics & Astronomy,Education,Veterinary Science,Other Health,Sport Science,Electrical & Electronic Engineering,History, Philosophy & Theology,Art, Performing Arts & Design,Geography,Archaeology,Psychology,Economics & Econometrics,Politics & International Studies (incl Development Studies),Communication & Media Studies,General Engineering,Accounting & Finance,Business & Management,Mathematics & Statistics,Mechanical & Aerospace Engineering,Architecture,Agriculture & Forestry,Sociology,Chemical Engineering,Geology, Environmental, Earth & Marine Sciences,Medicine & Dentistry",National Chengchi University,Taiwan
925.5,900.5,M,CO,VH,3,A,13.0,601.0,26.2,368.0,18.2,701.0,5.2,701,4.5,701.0,3.9,701.0,1.1,701.0,4.2,701.0,8.3,701.0,0.0,13700.0,1350.5,0.0,13700.0,23.5,1113.0,22.2,721.0,25.0,1564.0,72.9,371.0,26.5,1641.0,8748.0,15.6,4.0,44.0,36.0,"Chemistry,Psychology,Other Health,History, Philosophy & Theology,Business & Management,Mechanical & Aerospace Engineering,Computer Science,Sociology,Sport Science,Physics & Astronomy,Economics & Econometrics,Politics & International Studies (incl Development Studies),Geology, Environmental, Earth & Marine Sciences,Education,Biological Sciences,Accounting & Finance,Languages, Literature & Linguistics,Mathematics & Statistics,Law,Communication & Media Studies,General Engineering,Electrical & Electronic Engineering,Chemical Engineering",National Chung Cheng University,Taiwan
665.5,675.5,L,CO,VH,4,A,20.2,434.0,24.1,400.0,27.6,552.0,11.8,701,7.9,701.0,5.6,701.0,2.2,701.0,20.4,410.0,20.1,544.0,0.0,11250.0,1100.5,0.0,11250.0,23.8,1094.0,25.2,604.0,33.8,1358.0,78.8,280.0,32.5,1406.0,14394.0,15.5,6.0,42.0,27.0,"Chemistry,Veterinary Science,Economics & Econometrics,Business & Management,Other Health,Medicine & Dentistry,Biological Sciences,Geology, Environmental, Earth & Marine Sciences,Mathematics & Statistics,Sport Science,Communication & Media Studies,History, Philosophy & Theology,Computer Science,Civil Engineering,Electrical & Electronic Engineering,Accounting & Finance,Chemical Engineering,Sociology,Languages, Literature & Linguistics,Mechanical & Aerospace Engineering,General Engineering,Law,Physics & Astronomy,Education,Agriculture & Forestry,Politics & International Studies (incl Development Studies)",National Chung Hsing University,Taiwan
1300.5,1300.5,M,FO,VH,2,A,6.3,601.0,2.3,601.0,6.5,701.0,6.4,701,3.2,701.0,10.2,701.0,1.0,701.0,7.6,701.0,2.3,701.0,0.0,13730.0,1350.5,0.0,13730.0,19.1,1460.0,23.8,665.0,26.3,1536.0,33.5,1123.0,48.6,850.0,9970.0,18.6,9.0,52.0,33.0,"Mathematics & Statistics,Business & Management,Physics & Astronomy,Chemistry,Geography,Art, Performing Arts & Design,Languages, Literature & Linguistics,Geology, Environmental, Earth & Marine Sciences,Computer Science,Law,Psychology,Economics & Econometrics,General Engineering,Communication & Media Studies,Politics & International Studies (incl Development Studies),Accounting & Finance,Education,Sociology,Biological Sciences,Sport Science,Agriculture & Forestry,Electrical & Electronic Engineering,History, Philosophy & Theology",National Dong Hwa University,Taiwan
875.5,555.5,M,CO,VH,5,A,5.2,601.0,2.5,601.0,95.8,58.0,1.7,701,3.2,701.0,18.2,572.0,1.2,701.0,4.7,701.0,1.0,701.0,0.0,17550.0,1501.0,0.0,17550.0,26.8,884.0,16.1,1044.0,17.6,1720.0,39.1,1007.0,38.0,1200.0,9664.0,9.3,11.0,58.0,39.0,"Chemical Engineering,Geology, Environmental, Earth & Marine Sciences,Business & Management,Geography,Biological Sciences,Communication & Media Studies,Politics & International Studies (incl Development Studies),Computer Science,Electrical & Electronic Engineering,Art, Performing Arts & Design,History, Philosophy & Theology,Sociology,Chemistry,Accounting & Finance,Mathematics & Statistics,Languages, Literature & Linguistics,Education,Physics & Astronomy,Psychology",National Research Saratov State University,Russia
1300.5,1300.5,M,FO,HI,2,A,7.5,601.0,4.5,601.0,8.2,701.0,3.2,701,2.7,701.0,5.2,701.0,1.0,701.0,16.1,518.0,3.1,701.0,0.0,17580.0,1501.0,0.0,17580.0,20.6,1332.0,15.1,1116.0,22.4,1628.0,23.3,1387.0,30.5,1480.0,8386.0,15.7,6.0,55.0,20.0,"Mathematics & Statistics,Business & Management,Law,Languages, Literature & Linguistics,Accounting & Finance,Economics & Econometrics,History, Philosophy & Theology,Communication & Media Studies,Archaeology,Geography,Sociology,Politics & International Studies (incl Development Studies),Computer Science,Architecture,Art, Performing Arts & Design",National Taipei University,Taiwan
431.0,436.0,M,FO,VH,3,A,15.0,584.0,57.7,144.0,27.0,560.0,34.3,398,21.1,582.0,18.2,571.0,1.3,701.0,17.3,485.0,12.6,638.0,26.2,9330.0,900.5,0.0,9330.0,27.3,863.0,25.0,612.0,35.8,1309.0,94.1,127.0,41.6,1067.0,9868.0,15.6,10.0,28.0,42.0,"Languages, Literature & Linguistics,Art, Performing Arts & Design,Mechanical & Aerospace Engineering,General Engineering,Civil Engineering,Computer Science,Business & Management,Biological Sciences,Electrical & Electronic Engineering,Chemical Engineering,Other Health,Geology, Environmental, Earth & Marine Sciences,Architecture,Mathematics & Statistics",National Taipei University of Technology,Taiwan
431.0,332.0,M,CO,VH,4,A,34.5,248.0,20.8,448.0,65.4,209.0,5.9,701,14.5,674.0,26.7,452.0,1.5,701.0,14.7,571.0,43.2,344.0,26.2,5670.0,550.5,0.0,5670.0,35.0,462.0,32.0,417.0,51.4,985.0,92.7,139.0,50.4,794.0,10878.0,12.3,12.0,54.0,30.0,"Computer Science,Geography,Biological Sciences,Business & Management,Education,Mechanical & Aerospace Engineering,Psychology,Art, Performing Arts & Design,Sport Science,Chemistry,Communication & Media Studies,Electrical & Electronic Engineering,General Engineering,Physics & Astronomy,Other Health,History, Philosophy & Theology,Sociology,Politics & International Studies (incl Development Studies),Languages, Literature & Linguistics,Mathematics & Statistics,Geology, Environmental, Earth & Marine Sciences",National Taiwan Normal University,Taiwan
1300.5,1100.5,M,FO,VH,3,A,5.7,601.0,3.2,601.0,11.6,701.0,10.1,701,5.6,701.0,7.7,701.0,1.1,701.0,8.6,701.0,5.6,701.0,0.0,13770.0,1350.5,0.0,13770.0,19.7,1404.0,25.0,613.0,30.2,1440.0,63.0,592.0,34.7,1333.0,8244.0,16.2,8.0,32.0,35.0,"Civil Engineering,Communication & Media Studies,Sociology,Chemistry,Biological Sciences,Veterinary Science,Electrical & Electronic Engineering,Law,Medicine & Dentistry,Sport Science,Computer Science,Other Health,Architecture,Mechanical & Aerospace Engineering,Economics & Econometrics,Psychology,Politics & International Studies (incl Development Studies),Mathematics & Statistics,Languages, Literature & Linguistics,Physics & Astronomy,General Engineering,Archaeology,Education,Geography,Agriculture & Forestry,Business & Management,Geology, Environmental, Earth & Marine Sciences,Chemical Engineering,Art, Performing Arts & Design,History, Philosophy & Theology,Accounting & Finance",National Taiwan Ocean University,Taiwan
69.0,77.0,XL,FC,VH,4,A,92.8,39.0,91.3,46.0,30.9,508.0,47.0,288,17.7,619.0,20.0,547.0,33.2,431.0,99.7,12.0,95.6,49.0,67.9,1530.0,152.0,61.9,1530.0,57.3,88.0,54.8,113.0,70.8,545.0,99.9,33.0,51.2,768.0,24744.0,11.1,13.0,41.0,31.0,"Architecture,Mechanical & Aerospace Engineering,Chemistry,Archaeology,Chemical Engineering,Communication & Media Studies,Computer Science,Physics & Astronomy,Accounting & Finance,Languages, Literature & Linguistics,Electrical & Electronic Engineering,Geology, Environmental, Earth & Marine Sciences,Economics & Econometrics,Other Health,Agriculture & Forestry,Sociology,Art, Performing Arts & Design,Mathematics & Statistics,Politics & International Studies (incl Development Studies),History, Philosophy & Theology,Veterinary Science,Business & Management,General Engineering,Sport Science,Geography,Medicine & Dentistry,Civil Engineering,Law,Biological Sciences,Psychology",National Taiwan University (NTU),Taiwan
387.0,327.0,M,FO,VH,3,A,27.1,321.0,37.8,256.0,43.6,360.0,27.0,463,17.5,622.0,31.1,410.0,1.9,701.0,18.5,451.0,26.6,481.0,28.3,4590.0,450.5,0.0,4590.0,33.2,539.0,36.9,306.0,63.8,696.0,93.2,134.0,56.4,657.0,9221.0,18.5,19.0,30.0,40.0,"Electrical & Electronic Engineering,Mechanical & Aerospace Engineering,Languages, Literature & Linguistics,Computer Science,Art, Performing Arts & Design,Civil Engineering,General Engineering,Architecture,Chemical Engineering,Accounting & Finance,Business & Management,Education",National Taiwan University of Science and Technology (Taiwan Tech),Taiwan
347.0,422.0,L,FO,VH,5,A,20.5,425.0,42.7,215.0,4.7,701.0,72.3,137,1.3,701.0,4.3,701.0,32.0,447.0,31.8,240.0,7.8,701.0,31.4,7230.0,700.5,0.0,7230.0,26.3,923.0,23.0,687.0,59.1,803.0,59.7,652.0,38.1,1189.0,13532.0,20.3,6.0,37.0,51.0,"Architecture,Electrical & Electronic Engineering,Chemistry,Civil Engineering,General Engineering,Biological Sciences,Mechanical & Aerospace Engineering,Geology, Environmental, Earth & Marine Sciences,Physics & Astronomy,Computer Science,Mathematics & Statistics,Geography,Chemical Engineering",National Technical University of Athens,Greece
233.0,177.0,L,CO,VH,4,A,53.1,147.0,67.7,111.0,28.3,542.0,38.3,363,16.8,635.0,20.1,546.0,6.7,701.0,15.9,525.0,30.5,444.0,41.3,4600.0,450.5,0.0,4600.0,38.9,340.0,42.3,223.0,58.4,815.0,99.5,61.0,46.2,924.0,13979.0,16.2,12.0,42.0,42.0,"General Engineering,Politics & International Studies (incl Development Studies),Art, Performing Arts & Design,Accounting & Finance,Chemistry,Psychology,Education,History, Philosophy & Theology,Computer Science,Electrical & Electronic Engineering,Biological Sciences,Communication & Media Studies,Languages, Literature & Linguistics,Agriculture & Forestry,Mechanical & Aerospace Engineering,Physics & Astronomy,Law,Medicine & Dentistry,Sociology,Civil Engineering,Business & Management,Economics & Econometrics,Other Health,Archaeology,Chemical Engineering,Mathematics & Statistics,Geography,Sport Science,Geology, Environmental, Earth & Marine Sciences",National Tsing Hua University,Taiwan
1300.5,1300.5,L,FO,HI,5,A,5.7,601.0,4.4,601.0,17.2,701.0,1.4,701,1.2,701.0,1.2,701.0,1.1,701.0,9.8,701.0,1.1,701.0,0.0,17530.0,1501.0,0.0,17530.0,20.3,1351.0,8.9,1816.0,30.1,1444.0,25.3,1329.0,25.7,1678.0,17628.0,15.2,1.0,45.0,33.0,"Chemical Engineering,Business & Management,History, Philosophy & Theology,Biological Sciences,Other Health,Veterinary Science,Accounting & Finance,Languages, Literature & Linguistics,Politics & International Studies (incl Development Studies),Economics & Econometrics,Architecture,Sport Science,Agriculture & Forestry,Education,Civil Engineering,Law,Computer Science,Geology, Environmental, Earth & Marine Sciences,Communication & Media Studies,Mechanical & Aerospace Engineering,Psychology",National University of Life and Environmental Sciences of Ukraine,Ukraine
217.0,202.0,L,FC,VH,1,A,33.3,262.0,67.9,110.0,53.9,286.0,52.1,247,19.0,601.0,18.5,566.0,4.4,701.0,44.6,160.0,54.3,283.0,43.3,4610.0,450.5,0.0,4610.0,44.0,218.0,44.3,197.0,52.9,946.0,99.9,34.0,41.4,1071.0,16944.0,14.6,9.0,36.0,35.0,"Languages, Literature & Linguistics,Biological Sciences,Art, Performing Arts & Design,Education,Economics & Econometrics,Communication & Media Studies,Mathematics & Statistics,Architecture,History, Philosophy & Theology,Law,Other Health,General Engineering,Geology, Environmental, Earth & Marine Sciences,Chemical Engineering,Psychology,Medicine & Dentistry,Chemistry,Business & Management,Electrical & Electronic Engineering,Civil Engineering,Mechanical & Aerospace Engineering,Accounting & Finance,Computer Science,Politics & International Studies (incl Development Studies),Physics & Astronomy,Sociology",National Yang Ming Chiao Tung University,Taiwan
444.0,625.5,XL,FC,VH,5,A,26.3,336.0,31.6,312.0,2.0,701.0,29.1,441,9.9,701.0,16.2,595.0,72.8,182.0,28.9,276.0,16.1,592.0,25.8,5660.0,550.5,0.0,5660.0,22.6,1180.0,23.9,660.0,77.3,388.0,89.8,168.0,56.6,652.0,67934.0,34.0,11.0,59.0,16.0,"Biological Sciences,Business & Management,Education,Agriculture & Forestry,Languages, Literature & Linguistics,Architecture,Psychology,Physics & Astronomy,Geography,Medicine & Dentistry,Law,History, Philosophy & Theology,Communication & Media Studies,Sport Science,Archaeology,Veterinary Science,Chemistry,Electrical & Electronic Engineering,Art, Performing Arts & Design,Other Health,Accounting & Finance,Computer Science,Politics & International Studies (incl Development Studies),Economics & Econometrics,Geology, Environmental, Earth & Marine Sciences,Mechanical & Aerospace Engineering,Sociology,Mathematics & Statistics",National and Kapodistrian University of Athens,Greece
110.0,122.0,L,FC,VH,4,A,48.0,170.0,74.5,87.0,35.6,445.0,50.2,264,90.0,182.0,70.9,203.0,96.1,39.0,24.1,349.0,98.8,17.0,58.6,1720.0,168.0,60.8,1720.0,37.2,387.0,41.1,234.0,93.8,61.0,72.1,385.0,91.3,113.0,25650.0,14.8,26.0,53.0,22.0,"Computer Science,Physics & Astronomy,Business & Management,Architecture,Other Health,Mathematics & Statistics,Psychology,Medicine & Dentistry,Mechanical & Aerospace Engineering,Communication & Media Studies,Accounting & Finance,History, Philosophy & Theology,Sport Science,Education,Archaeology,Electrical & Electronic Engineering,Geology, Environmental, Earth & Marine Sciences,Languages, Literature & Linguistics,Agriculture & Forestry,Geography,Economics & Econometrics,Biological Sciences,Law,Art, Performing Arts & Design,Chemical Engineering,Sociology,Veterinary Science,General Engineering,Chemistry,Politics & International Studies (incl Development Studies),Civil Engineering",Newcastle University,United Kingdom
875.5,565.5,L,FC,HI,4,A,4.9,601.0,3.3,601.0,88.1,93.0,4.6,701,4.2,701.0,3.3,701.0,1.2,701.0,9.2,701.0,3.0,701.0,0.0,11300.0,1100.5,0.0,11300.0,30.6,662.0,15.0,1124.0,41.8,1187.0,49.7,815.0,29.0,1541.0,11942.0,7.2,3.0,37.0,19.0,"Electrical & Electronic Engineering,Physics & Astronomy,Economics & Econometrics,Art, Performing Arts & Design,Biological Sciences,Communication & Media Studies,Medicine & Dentistry,Computer Science,Politics & International Studies (incl Development Studies),Archaeology,Chemical Engineering,Psychology,General Engineering,Sport Science,Accounting & Finance,Mechanical & Aerospace Engineering,Geology, Environmental, Earth & Marine Sciences,Business & Management,History, Philosophy & Theology,Civil Engineering,Geography,Languages, Literature & Linguistics,Mathematics & Statistics,Law,Architecture,Agriculture & Forestry,Sociology,Other Health,Chemistry,Education",Niigata University,Japan
274.0,312.0,XL,CO,VH,5,A,27.8,315.0,25.0,384.0,8.9,701.0,67.3,162,63.0,306.0,15.3,613.0,49.6,317.0,20.8,398.0,64.5,228.0,37.2,2790.0,275.5,0.0,2790.0,46.0,190.0,41.4,230.0,73.3,476.0,79.1,276.0,61.8,546.0,31391.0,15.9,11.0,49.0,33.0,"Mechanical & Aerospace Engineering,Communication & Media Studies,Civil Engineering,Politics & International Studies (incl Development Studies),Chemical Engineering,Sociology,History, Philosophy & Theology,Biological Sciences,Economics & Econometrics,Computer Science,Veterinary Science,Business & Management,Languages, Literature & Linguistics,Agriculture & Forestry,Accounting & Finance,Art, Performing Arts & Design,Chemistry,Education,Architecture,Mathematics & Statistics,Psychology,Electrical & Electronic Engineering,Physics & Astronomy,General Engineering,Geology, Environmental, Earth & Marine Sciences",North Carolina State University,United States
875.5,1100.5,L,CO,HI,3,B,12.1,601.0,48.4,180.0,5.6,701.0,2.3,701,12.2,701.0,2.4,701.0,1.1,701.0,13.3,645.0,1.1,701.0,0.0,9400.0,900.5,0.0,9400.0,12.9,1851.0,10.0,1644.0,76.1,414.0,15.8,1889.0,43.3,1007.0,18681.0,21.3,0.0,42.0,26.0,"Communication & Media Studies,Politics & International Studies (incl Development Studies),Geology, Environmental, Earth & Marine Sciences,Biological Sciences,Languages, Literature & Linguistics,Law,Business & Management,Other Health,Accounting & Finance,History, Philosophy & Theology,Architecture,Electrical & Electronic Engineering,Civil Engineering,Computer Science,General Engineering,Economics & Econometrics",North South University,Bangladesh
825.5,1100.5,XL,CO,VH,2,A,7.1,601.0,9.1,601.0,5.2,701.0,13.0,677,5.8,701.0,2.4,701.0,88.2,95.0,12.7,676.0,49.7,309.0,0.0,7320.0,700.5,0.0,7320.0,22.7,1172.0,18.7,884.0,64.3,686.0,48.0,845.0,56.6,653.0,39684.0,25.5,3.0,61.0,23.0,"Other Health,Psychology,Agriculture & Forestry,Politics & International Studies (incl Development Studies),Chemistry,Electrical & Electronic Engineering,Sport Science,History, Philosophy & Theology,Languages, Literature & Linguistics,Geology, Environmental, Earth & Marine Sciences,Economics & Econometrics,Law,Biological Sciences,General Engineering,Education,Medicine & Dentistry,Communication & Media Studies,Accounting & Finance,Mechanical & Aerospace Engineering,Art, Performing Arts & Design,Physics & Astronomy,Sociology,Mathematics & Statistics,Business & Management,Geography,Computer Science,Chemical Engineering",North-West University,South Africa
625.5,555.5,XL,CO,VH,4,A,5.9,601.0,2.5,601.0,46.0,341.0,53.6,239,13.9,686.0,4.8,701.0,6.1,701.0,10.1,701.0,3.2,701.0,0.0,3270.0,325.5,0.0,3270.0,37.4,382.0,40.6,241.0,74.7,448.0,86.7,189.0,48.4,857.0,36797.0,14.5,4.0,25.0,45.0,"General Engineering,Geology, Environmental, Earth & Marine Sciences,Chemical Engineering,Accounting & Finance,Languages, Literature & Linguistics,Mathematics & Statistics,Economics & Econometrics,Art, Performing Arts & Design,Civil Engineering,Business & Management,Architecture,Sport Science,Medicine & Dentistry,Physics & Astronomy,Computer Science,Chemistry,Electrical & Electronic Engineering,Education,Mechanical & Aerospace Engineering,Law,Biological Sciences,Politics & International Studies (incl Development Studies)",Northwestern Polytechnical University,China (Mainland)
47.0,32.0,L,FC,VH,5,B,83.8,60.0,60.2,132.0,98.9,39.0,70.3,147,48.2,364.0,44.2,327.0,79.2,152.0,97.7,19.0,78.0,162.0,76.2,280.0,28.0,83.2,280.0,72.3,37.0,78.8,34.0,97.8,15.0,99.7,50.0,75.9,316.0,18894.0,13.1,18.0,52.0,18.0,"Civil Engineering,Medicine & Dentistry,Sport Science,Law,Economics & Econometrics,Archaeology,Mechanical & Aerospace Engineering,Geology, Environmental, Earth & Marine Sciences,Other Health,Communication & Media Studies,History, Philosophy & Theology,Mathematics & Statistics,Business & Management,Architecture,Biological Sciences,Geography,Languages, Literature & Linguistics,Chemical Engineering,Psychology,Computer Science,Chemistry,Accounting & Finance,General Engineering,Physics & Astronomy,Education,Art, Performing Arts & Design,Electrical & Electronic Engineering,Sociology,Politics & International Studies (incl Development Studies)",Northwestern University,United States
595.0,900.5,XL,CO,HI,3,A,10.6,601.0,20.5,450.0,10.2,701.0,5.2,701,56.9,326.0,61.0,243.0,52.1,300.0,13.8,616.0,50.6,305.0,19.9,5730.0,550.5,0.0,5730.0,20.7,1323.0,14.3,1180.0,84.6,221.0,37.3,1036.0,88.5,144.0,32545.0,15.4,21.0,55.0,23.0,"Electrical & Electronic Engineering,Chemistry,Architecture,Mathematics & Statistics,Psychology,Other Health,Physics & Astronomy,Education,History, Philosophy & Theology,Biological Sciences,Geography,Accounting & Finance,Computer Science,Sport Science,Business & Management,Art, Performing Arts & Design,Civil Engineering,Sociology,Mechanical & Aerospace Engineering,Communication & Media Studies,General Engineering,Geology, Environmental, Earth & Marine Sciences,Agriculture & Forestry,Law,Economics & Econometrics,Languages, Literature & Linguistics,Veterinary Science,Politics & International Studies (incl Development Studies)",Nottingham Trent University,United Kingdom
1100.5,900.5,M,FO,VH,4,A,6.8,601.0,5.9,601.0,29.1,532.0,1.8,701,1.4,701.0,44.6,325.0,1.0,701.0,9.9,701.0,1.3,701.0,0.0,17720.0,1501.0,0.0,17720.0,20.2,1361.0,12.4,1370.0,12.8,1803.0,23.2,1393.0,36.1,1273.0,12615.0,14.6,17.0,40.0,44.0,"Mechanical & Aerospace Engineering,Chemical Engineering,Languages, Literature & Linguistics,General Engineering,Physics & Astronomy,Electrical & Electronic Engineering,Politics & International Studies (incl Development Studies),Accounting & Finance,Communication & Media Studies,Sociology,Psychology,Mathematics & Statistics,Computer Science,Business & Management,Economics & Econometrics,Chemistry",Novosibirsk State Technical University,Russia
421.0,260.0,M,CO,VH,4,A,27.5,317.0,14.4,572.0,93.5,69.0,12.6,685,6.7,701.0,56.3,264.0,5.3,701.0,12.9,667.0,6.8,701.0,26.7,7340.0,700.5,0.0,7340.0,42.2,259.0,36.6,313.0,31.6,1411.0,40.7,964.0,51.9,745.0,7264.0,6.6,20.0,54.0,40.0,"Agriculture & Forestry,History, Philosophy & Theology,Mechanical & Aerospace Engineering,Business & Management,General Engineering,Chemistry,Psychology,Archaeology,Physics & Astronomy,Law,Languages, Literature & Linguistics,Chemical Engineering,Accounting & Finance,Computer Science,Geology, Environmental, Earth & Marine Sciences,Civil Engineering,Politics & International Studies (incl Development Studies),Electrical & Electronic Engineering,Communication & Media Studies,Medicine & Dentistry,Mathematics & Statistics,Economics & Econometrics,Art, Performing Arts & Design,Biological Sciences,Sociology,Education",Novosibirsk State University,Russia
925.5,625.5,L,FC,VH,4,A,8.9,601.0,3.9,601.0,62.1,227.0,8.4,701,5.6,701.0,6.3,701.0,3.6,701.0,8.2,701.0,1.6,701.0,0.0,9420.0,900.5,0.0,9420.0,34.6,475.0,21.5,749.0,36.4,1297.0,84.9,210.0,37.2,1233.0,13027.0,10.0,7.0,40.0,20.0,"Architecture,Physics & Astronomy,Archaeology,Biological Sciences,Economics & Econometrics,General Engineering,Law,Languages, Literature & Linguistics,Chemical Engineering,Education,Art, Performing Arts & Design,Mechanical & Aerospace Engineering,Business & Management,History, Philosophy & Theology,Agriculture & Forestry,Electrical & Electronic Engineering,Chemistry,Medicine & Dentistry,Geology, Environmental, Earth & Marine Sciences,Other Health,Mathematics & Statistics,Civil Engineering,Accounting & Finance",Okayama University,Japan
80.0,68.0,L,FC,VH,4,A,81.3,67.0,89.1,51.0,55.3,272.0,62.7,191,28.6,498.0,13.2,658.0,26.7,486.0,23.4,361.0,58.6,255.0,63.9,1750.0,175.0,60.4,1750.0,62.5,67.0,65.7,65.0,50.5,1010.0,100.0,20.0,51.0,775.0,22274.0,10.4,10.0,32.0,29.0,"Archaeology,Mathematics & Statistics,General Engineering,Communication & Media Studies,Education,Electrical & Electronic Engineering,Geology, Environmental, Earth & Marine Sciences,Architecture,Physics & Astronomy,Economics & Econometrics,Computer Science,Biological Sciences,Business & Management,History, Philosophy & Theology,Chemistry,Accounting & Finance,Other Health,Sport Science,Politics & International Studies (incl Development Studies),Art, Performing Arts & Design,Mechanical & Aerospace Engineering,Sociology,Medicine & Dentistry,Chemical Engineering,Geography,Languages, Literature & Linguistics,Civil Engineering,Law,Psychology",Osaka University,Japan
413.0,438.0,L,CO,HI,3,A,28.9,301.0,29.7,329.0,13.8,701.0,8.4,701,68.8,282.0,70.3,209.0,27.1,481.0,18.4,454.0,34.3,409.0,27.1,7430.0,700.5,0.0,7430.0,25.1,997.0,21.1,766.0,62.5,720.0,29.1,1200.0,87.9,152.0,13860.0,14.0,25.0,58.0,18.0,"Economics & Econometrics,Languages, Literature & Linguistics,Biological Sciences,Sport Science,Electrical & Electronic Engineering,Architecture,Politics & International Studies (incl Development Studies),Sociology,Education,Psychology,Law,Art, Performing Arts & Design,Mathematics & Statistics,Computer Science,Accounting & Finance,Mechanical & Aerospace Engineering,History, Philosophy & Theology,Business & Management,Other Health,Communication & Media Studies,Geography",Oxford Brookes University,United Kingdom
635.5,675.5,L,FO,VH,5,A,15.0,583.0,17.9,492.0,29.6,524.0,8.6,701,33.3,465.0,19.5,555.0,54.0,292.0,9.5,701.0,23.7,506.0,0.0,9460.0,900.5,0.0,9460.0,23.4,1125.0,23.9,662.0,49.8,1025.0,36.8,1053.0,61.8,547.0,19474.0,15.2,14.0,68.0,21.0,"Politics & International Studies (incl Development Studies),Communication & Media Studies,Computer Science,Languages, Literature & Linguistics,Law,Economics & Econometrics,Sport Science,History, Philosophy & Theology,Medicine & Dentistry,Chemistry,Business & Management,Archaeology,Biological Sciences,Other Health,Geography,Geology, Environmental, Earth & Marine Sciences,General Engineering,Physics & Astronomy,Psychology,Art, Performing Arts & Design,Sociology,Mathematics & Statistics,Education",Palacký University Olomouc,Czech Republic
875.5,725.5,M,FC,HI,4,A,5.1,601.0,3.6,601.0,55.5,270.0,3.6,701,2.0,701.0,63.8,236.0,3.3,701.0,13.0,663.0,1.3,701.0,0.0,13890.0,1350.5,0.0,13890.0,40.7,287.0,10.2,1627.0,17.1,1731.0,24.9,1341.0,62.1,540.0,7060.0,10.3,24.0,67.0,23.0,"Geology, Environmental, Earth & Marine Sciences,Computer Science,Languages, Literature & Linguistics,Geography,Communication & Media Studies,Mathematics & Statistics,Other Health,History, Philosophy & Theology,Politics & International Studies (incl Development Studies),Education,Sociology,Biological Sciences,Psychology,Physics & Astronomy,Law,Sport Science,Chemistry,Agriculture & Forestry,Medicine & Dentistry",Pavol Jozef Šafárik University in Košice,Slovakia
17.0,12.0,XL,FC,VH,5,A,99.4,14.0,95.4,37.0,90.4,85.0,97.5,38,50.8,354.0,23.5,492.0,43.2,353.0,82.6,46.0,68.8,212.0,87.0,140.0,14.0,91.8,140.0,95.6,8.0,97.3,9.0,87.2,172.0,98.8,72.0,70.2,405.0,33064.0,10.9,14.0,54.0,33.0,"History, Philosophy & Theology,Geology, Environmental, Earth & Marine Sciences,Computer Science,Politics & International Studies (incl Development Studies),Archaeology,Communication & Media Studies,Business & Management,Other Health,Physics & Astronomy,Economics & Econometrics,Mechanical & Aerospace Engineering,Sociology,Medicine & Dentistry,Chemistry,Accounting & Finance,Languages, Literature & Linguistics,Mathematics & Statistics,Education,Art, Performing Arts & Design,Electrical & Electronic Engineering,Law,General Engineering,Geography,Biological Sciences,Psychology",Peking University,China (Mainland)
795.5,675.5,L,SP,Unknown,5,A,12.6,601.0,14.3,574.0,49.6,312.0,2.8,701,6.0,701.0,21.2,530.0,5.8,701.0,30.1,258.0,7.5,701.0,0.0,11410.0,1100.5,0.0,11410.0,25.9,947.0,12.9,1314.0,44.7,1128.0,20.6,1508.0,59.0,604.0,12595.0,9.1,15.0,57.0,27.0,"Chemistry,Chemical Engineering,Geology, Environmental, Earth & Marine Sciences,Art, Performing Arts & Design,Sociology,Biological Sciences,Accounting & Finance,Computer Science,Mathematics & Statistics,Economics & Econometrics,Sport Science,Education,History, Philosophy & Theology,Law,Languages, Literature & Linguistics,Politics & International Studies (incl Development Studies),General Engineering,Psychology,Communication & Media Studies,Business & Management",Plekhanov Russian University of Economics,Russia
123.0,139.0,XL,FO,VH,5,A,69.3,94.0,71.2,99.0,5.2,701.0,48.3,282,63.8,302.0,56.6,262.0,75.1,173.0,36.9,201.0,29.4,453.0,55.2,2300.0,225.5,0.0,2300.0,42.9,242.0,49.7,141.0,71.9,511.0,95.3,115.0,65.3,480.0,38978.0,25.7,19.0,35.0,50.0,"Civil Engineering,Business & Management,Electrical & Electronic Engineering,Architecture,Mechanical & Aerospace Engineering,Art, Performing Arts & Design,Computer Science,Chemical Engineering,General Engineering",Politecnico di Milano,Italy
1300.5,900.5,XL,CO,HI,3,A,4.0,601.0,1.9,601.0,6.5,701.0,12.2,694,1.1,701.0,1.1,701.0,1.2,701.0,4.7,701.0,8.4,695.0,0.0,11430.0,1100.5,0.0,11430.0,33.5,522.0,18.4,898.0,38.3,1255.0,42.5,932.0,19.4,1882.0,8187.0,21.5,1.0,46.0,34.0,"Geology, Environmental, Earth & Marine Sciences,Sport Science,Communication & Media Studies,Business & Management,Agriculture & Forestry,Archaeology,Economics & Econometrics,Biological Sciences,Chemistry,Geography,Electrical & Electronic Engineering,Sociology,General Engineering,Art, Performing Arts & Design,Computer Science,Veterinary Science,Psychology,History, Philosophy & Theology,Law,Education,Civil Engineering,Physics & Astronomy,Languages, Literature & Linguistics,Politics & International Studies (incl Development Studies),Architecture,Accounting & Finance,Mathematics & Statistics",Pondicherry University,India
1401.0,1300.5,M,FC,HI,4,B,4.3,601.0,2.7,601.0,6.0,701.0,4.2,701,1.9,701.0,1.4,701.0,1.4,701.0,5.6,701.0,1.0,701.0,0.0,13970.0,1350.5,0.0,13970.0,26.3,925.0,12.8,1328.0,34.3,1344.0,43.0,923.0,30.7,1475.0,11476.0,13.0,1.0,56.0,22.0,"Agriculture & Forestry,Architecture,Physics & Astronomy,Biological Sciences,Computer Science,Economics & Econometrics,Education,Electrical & Electronic Engineering,Civil Engineering,Sociology,Mechanical & Aerospace Engineering,Chemical Engineering,Communication & Media Studies,Mathematics & Statistics,General Engineering,Other Health,Psychology,Accounting & Finance,Medicine & Dentistry,Veterinary Science,Sport Science,Chemistry,Law,Business & Management,Languages, Literature & Linguistics,Art, Performing Arts & Design,History, Philosophy & Theology",Pontifícia Universidade Católica do Paraná,Brazil
1300.5,1300.5,L,CO,VH,4,A,4.3,601.0,2.1,601.0,9.5,701.0,10.5,701,1.6,701.0,5.3,701.0,4.9,701.0,10.3,701.0,18.4,560.0,0.0,9520.0,900.5,0.0,9520.0,22.1,1225.0,23.2,680.0,55.7,873.0,54.7,734.0,35.0,1321.0,18763.0,20.5,5.0,58.0,28.0,"Other Health,Computer Science,Chemistry,Psychology,Archaeology,Sport Science,Education,Art, Performing Arts & Design,Mechanical & Aerospace Engineering,Communication & Media Studies,General Engineering,Physics & Astronomy,Accounting & Finance,Languages, Literature & Linguistics,Chemical Engineering,Sociology,History, Philosophy & Theology,Agriculture & Forestry,Politics & International Studies (incl Development Studies),Medicine & Dentistry,Biological Sciences,Business & Management,Architecture,Electrical & Electronic Engineering,Mathematics & Statistics,Civil Engineering,Geography,Economics & Econometrics,Geology, Environmental, Earth & Marine Sciences",Portland State University,United States
925.5,900.5,XL,FC,HI,4,A,20.1,437.0,7.1,601.0,16.4,701.0,3.2,701,4.9,701.0,1.9,701.0,4.0,701.0,7.7,701.0,42.6,345.0,0.0,14010.0,1350.5,0.0,14010.0,23.4,1127.0,14.8,1140.0,32.6,1390.0,43.5,915.0,37.7,1212.0,33318.0,12.9,2.0,69.0,24.0,"Electrical & Electronic Engineering,Geology, Environmental, Earth & Marine Sciences,Mechanical & Aerospace Engineering,Physics & Astronomy,Other Health,Mathematics & Statistics,Business & Management,Civil Engineering,Psychology,History, Philosophy & Theology,General Engineering,Law,Accounting & Finance,Art, Performing Arts & Design,Biological Sciences,Sociology,Languages, Literature & Linguistics,Agriculture & Forestry,Geography,Computer Science,Communication & Media Studies,Economics & Econometrics,Architecture,Chemical Engineering,Education,Medicine & Dentistry,Veterinary Science,Chemistry",Prince of Songkla University,Thailand
665.5,725.5,L,CO,HI,4,A,16.6,532.0,16.5,519.0,19.4,683.0,1.9,701,92.5,167.0,47.7,307.0,6.3,701.0,8.2,701.0,2.5,701.0,0.0,7520.0,700.5,0.0,7520.0,26.7,894.0,16.3,1028.0,66.1,648.0,28.3,1228.0,91.7,103.0,22552.0,12.1,17.0,100.0,32.0,"Archaeology,Economics & Econometrics,Education,Electrical & Electronic Engineering,Biological Sciences,Geology, Environmental, Earth & Marine Sciences,Mathematics & Statistics,Other Health,Politics & International Studies (incl Development Studies),Communication & Media Studies,Sociology,Accounting & Finance,Law,Chemical Engineering,Art, Performing Arts & Design,Civil Engineering,Veterinary Science,Geography,General Engineering,Languages, Literature & Linguistics,Business & Management,Mechanical & Aerospace Engineering,Computer Science,History, Philosophy & Theology,Agriculture & Forestry,Physics & Astronomy,Medicine & Dentistry,Chemistry,Psychology,Sport Science",Princess Nourah bint Abdulrahman University,Saudi Arabia
17.0,16.0,M,CO,VH,5,B,99.8,10.0,97.5,23.0,64.5,216.0,100.0,2,16.7,640.0,57.5,261.0,52.5,298.0,94.6,27.0,79.3,155.0,87.0,60.0,6.0,96.9,60.0,96.3,6.0,97.9,7.0,98.8,7.0,95.1,118.0,89.1,136.0,7753.0,7.3,23.0,47.0,43.0,"History, Philosophy & Theology,Agriculture & Forestry,Economics & Econometrics,Languages, Literature & Linguistics,Architecture,Sociology,General Engineering,Geology, Environmental, Earth & Marine Sciences,Other Health,Chemistry,Mechanical & Aerospace Engineering,Physics & Astronomy,Civil Engineering,Mathematics & Statistics,Electrical & Electronic Engineering,Biological Sciences,Computer Science,Politics & International Studies (incl Development Studies),Art, Performing Arts & Design,Chemical Engineering,Psychology",Princeton University,United States
615.5,625.5,L,FC,VH,4,A,23.0,379.0,18.5,475.0,38.0,416.0,17.1,599,10.4,701.0,12.4,672.0,7.9,701.0,13.3,643.0,8.1,701.0,0.0,5770.0,550.5,0.0,5770.0,39.2,329.0,39.1,260.0,45.1,1117.0,86.6,190.0,37.8,1208.0,17195.0,16.9,10.0,55.0,30.0,"General Engineering,Chemistry,Psychology,Medicine & Dentistry,Sport Science,Geography,Art, Performing Arts & Design,Other Health,Communication & Media Studies,Business & Management,Electrical & Electronic Engineering,Biological Sciences,Accounting & Finance,Computer Science,Agriculture & Forestry,Economics & Econometrics,History, Philosophy & Theology,Mechanical & Aerospace Engineering,Sociology,Languages, Literature & Linguistics,Chemical Engineering,Politics & International Studies (incl Development Studies),Civil Engineering,Geology, Environmental, Earth & Marine Sciences,Archaeology,Physics & Astronomy,Education,Architecture,Mathematics & Statistics,Law",Pusan National University,South Korea
925.5,900.5,XL,FC,HI,2,A,7.2,601.0,2.9,601.0,30.6,513.0,1.6,701,98.4,107.0,8.6,701.0,8.2,701.0,8.8,701.0,1.5,701.0,0.0,9540.0,900.5,0.0,9540.0,36.0,428.0,20.4,795.0,42.8,1173.0,21.6,1460.0,80.2,255.0,37222.0,10.2,7.0,62.0,29.0,"Other Health,Medicine & Dentistry,Art, Performing Arts & Design,Electrical & Electronic Engineering,Geography,Computer Science,Sport Science,Business & Management,Archaeology,Biological Sciences,Accounting & Finance,History, Philosophy & Theology,Chemical Engineering,Education,Architecture,Agriculture & Forestry,Sociology,Civil Engineering,Chemistry,General Engineering,Mathematics & Statistics,Politics & International Studies (incl Development Studies),Languages, Literature & Linguistics,Mechanical & Aerospace Engineering,Geology, Environmental, Earth & Marine Sciences,Economics & Econometrics,Veterinary Science,Communication & Media Studies,Physics & Astronomy",Qassim University,Saudi Arabia
173.0,208.0,M,FC,VH,3,A,27.1,320.0,43.9,206.0,64.8,213.0,38.8,356,100.0,20.0,96.8,74.0,59.8,244.0,95.8,24.0,35.5,397.0,48.7,2810.0,275.5,0.0,2810.0,31.3,626.0,35.6,332.0,83.4,250.0,61.8,619.0,96.0,31.0,10081.0,8.4,36.0,77.0,34.0,"Mechanical & Aerospace Engineering,Politics & International Studies (incl Development Studies),Chemical Engineering,Sociology,Medicine & Dentistry,Computer Science,Geology, Environmental, Earth & Marine Sciences,Biological Sciences,Electrical & Electronic Engineering,Law,Architecture,History, Philosophy & Theology,Physics & Astronomy,Psychology,Civil Engineering,Geography,Other Health,Sport Science,Education,Languages, Literature & Linguistics,Communication & Media Studies,Economics & Econometrics,General Engineering,Mathematics & Statistics,Accounting & Finance,Chemistry,Business & Management,Art, Performing Arts & Design",Qatar University,Qatar
315.0,363.0,M,CO,VH,4,A,15.8,552.0,40.3,234.0,2.8,701.0,97.0,40,3.4,701.0,1.4,701.0,23.0,519.0,5.8,701.0,23.0,514.0,33.4,4740.0,450.5,0.0,4740.0,29.7,709.0,24.1,649.0,84.2,228.0,22.9,1405.0,53.7,699.0,11386.0,20.3,1.0,45.0,33.0,"Computer Science,Politics & International Studies (incl Development Studies),History, Philosophy & Theology,Mathematics & Statistics,Chemistry,Psychology,Biological Sciences,Accounting & Finance,Other Health,Geology, Environmental, Earth & Marine Sciences,Physics & Astronomy,Economics & Econometrics,Agriculture & Forestry,Sociology,Law,Archaeology,Business & Management",Quaid-i-Azam University,Pakistan
145.0,125.0,L,FC,VH,5,A,48.8,168.0,32.8,300.0,38.7,409.0,50.7,260,99.7,85.0,99.4,43.0,72.8,184.0,16.8,506.0,69.9,207.0,51.9,1350.0,135.0,63.1,1350.0,37.6,376.0,42.6,216.0,97.9,14.0,73.9,350.0,98.1,7.0,22205.0,14.6,45.0,54.0,23.0,"Medicine & Dentistry,Biological Sciences,Chemistry,Communication & Media Studies,Electrical & Electronic Engineering,Business & Management,Mechanical & Aerospace Engineering,Languages, Literature & Linguistics,Psychology,Civil Engineering,General Engineering,Geology, Environmental, Earth & Marine Sciences,Economics & Econometrics,Art, Performing Arts & Design,History, Philosophy & Theology,Law,Computer Science,Mathematics & Statistics,Chemical Engineering,Geography,Politics & International Studies (incl Development Studies),Other Health,Veterinary Science,Accounting & Finance,Physics & Astronomy",Queen Mary University of London,United Kingdom
140.0,190.0,XL,CO,VH,3,A,38.6,223.0,49.6,173.0,5.4,701.0,68.6,151,100.0,37.0,92.8,102.0,57.3,267.0,28.8,277.0,96.2,43.0,52.4,2840.0,275.5,0.0,2840.0,35.5,449.0,36.2,323.0,83.2,254.0,73.2,366.0,92.8,88.0,32574.0,24.0,34.0,48.0,36.0,"Civil Engineering,Politics & International Studies (incl Development Studies),Medicine & Dentistry,Biological Sciences,Education,Art, Performing Arts & Design,Chemical Engineering,Sociology,Electrical & Electronic Engineering,Geology, Environmental, Earth & Marine Sciences,Economics & Econometrics,Psychology,Mechanical & Aerospace Engineering,Communication & Media Studies,Other Health,Mathematics & Statistics,Business & Management,Computer Science,Physics & Astronomy,Languages, Literature & Linguistics,Agriculture & Forestry,Geography,General Engineering,Chemistry,Accounting & Finance,Architecture,Sport Science,Law",RMIT University,Australia
342.0,295.0,L,FC,VH,4,A,22.4,395.0,45.0,192.0,92.2,74.0,2.0,701,8.2,701.0,92.7,103.0,60.1,242.0,12.2,701.0,4.4,701.0,32.0,7600.0,700.5,0.0,7600.0,39.1,335.0,23.0,688.0,46.1,1095.0,21.0,1482.0,70.4,402.0,22866.0,15.6,32.0,59.0,28.0,"Civil Engineering,Mathematics & Statistics,Business & Management,Mechanical & Aerospace Engineering,Chemistry,Accounting & Finance,Architecture,Veterinary Science,Economics & Econometrics,Medicine & Dentistry,Physics & Astronomy,History, Philosophy & Theology,Chemical Engineering,Communication & Media Studies,Art, Performing Arts & Design,General Engineering,Geology, Environmental, Earth & Marine Sciences,Psychology,Electrical & Electronic Engineering,Sport Science,Geography,Other Health,Politics & International Studies (incl Development Studies),Sociology,Archaeology,Biological Sciences,Law,Languages, Literature & Linguistics,Computer Science,Agriculture & Forestry,Education",RUDN University,Russia
106.0,147.0,XL,FC,VH,5,A,49.7,163.0,93.0,44.0,5.5,701.0,78.7,120,49.0,362.0,83.0,151.0,63.5,223.0,23.9,354.0,53.4,288.0,59.3,900.0,90.0,68.0,900.0,54.9,101.0,64.8,67.0,78.9,347.0,100.0,22.0,71.2,391.0,34914.0,43.3,29.0,34.0,39.0,"Mechanical & Aerospace Engineering,Communication & Media Studies,Computer Science,Biological Sciences,Chemistry,Accounting & Finance,Chemical Engineering,Mathematics & Statistics,Business & Management,History, Philosophy & Theology,Civil Engineering,Education,Languages, Literature & Linguistics,Geography,Electrical & Electronic Engineering,Sociology,Other Health,Veterinary Science,Physics & Astronomy,Economics & Econometrics,General Engineering,Geology, Environmental, Earth & Marine Sciences,Medicine & Dentistry,Politics & International Studies (incl Development Studies),Architecture,Psychology",RWTH Aachen University,Germany
494.0,461.0,M,CO,VH,5,B,8.3,601.0,7.0,601.0,19.5,682.0,70.7,144,4.0,701.0,44.3,326.0,1.6,701.0,24.1,350.0,2.7,701.0,23.4,4760.0,450.5,0.0,4760.0,34.1,491.0,30.3,463.0,60.9,761.0,89.9,167.0,78.7,274.0,7496.0,15.3,20.0,31.0,43.0,"Art, Performing Arts & Design,General Engineering,History, Philosophy & Theology,Electrical & Electronic Engineering,Law,Economics & Econometrics,Psychology,Physics & Astronomy,Other Health,Architecture,Agriculture & Forestry,Chemical Engineering,Mathematics & Statistics,Mechanical & Aerospace Engineering,Biological Sciences,Civil Engineering,Communication & Media Studies,Geology, Environmental, Earth & Marine Sciences,Computer Science,Chemistry,Business & Management",Rensselaer Polytechnic Institute,United States
145.0,100.0,M,FC,VH,5,B,38.7,222.0,22.9,415.0,65.9,205.0,82.5,101,91.0,176.0,94.8,89.0,9.8,671.0,30.0,262.0,42.6,345.0,51.9,1190.0,119.0,65.2,1190.0,56.4,89.0,45.6,184.0,86.5,183.0,73.9,351.0,85.8,180.0,7318.0,9.8,26.0,42.0,41.0,"Mechanical & Aerospace Engineering,Physics & Astronomy,Business & Management,Biological Sciences,Other Health,General Engineering,Geology, Environmental, Earth & Marine Sciences,Art, Performing Arts & Design,Sport Science,Economics & Econometrics,Civil Engineering,Sociology,Architecture,Chemistry,Languages, Literature & Linguistics,Mathematics & Statistics,Education,Computer Science,Politics & International Studies (incl Development Studies),Electrical & Electronic Engineering,Psychology,History, Philosophy & Theology,Chemical Engineering,Accounting & Finance",Rice University,United States
755.5,775.5,M,CO,VH,5,A,11.4,601.0,28.2,343.0,19.7,673.0,2.9,701,16.4,644.0,59.9,248.0,1.4,701.0,18.5,452.0,15.2,608.0,0.0,11490.0,1100.5,0.0,11490.0,26.4,917.0,23.9,663.0,32.0,1402.0,46.4,875.0,57.0,643.0,10830.0,31.7,22.0,34.0,45.0,"Chemistry,General Engineering,Business & Management,Accounting & Finance,Civil Engineering,Computer Science,Chemical Engineering,Electrical & Electronic Engineering,Economics & Econometrics,Mechanical & Aerospace Engineering,Architecture",Riga Technical University,Latvia
1300.5,1300.5,L,FO,HI,5,C,4.1,601.0,12.0,601.0,10.1,701.0,2.6,701,24.9,537.0,6.2,701.0,1.0,701.0,8.6,701.0,1.0,701.0,0.0,14060.0,1350.5,0.0,14060.0,18.6,1497.0,9.3,1752.0,34.0,1352.0,19.7,1551.0,58.4,618.0,19783.0,14.4,4.0,54.0,46.0,"Chemistry,Accounting & Finance,Computer Science,Law,Archaeology,Economics & Econometrics,Mathematics & Statistics,Education,Physics & Astronomy,Business & Management,History, Philosophy & Theology,Geography,Art, Performing Arts & Design,Communication & Media Studies,Other Health,Biological Sciences,Sociology,Languages, Literature & Linguistics,Politics & International Studies (incl Development Studies),Sport Science,Psychology",Rikkyo University,Japan
635.5,725.5,XL,CO,HI,5,B,15.2,572.0,68.4,108.0,8.1,701.0,3.8,701,24.7,540.0,10.2,701.0,2.0,701.0,8.7,701.0,2.2,701.0,0.0,14070.0,1350.5,0.0,14070.0,19.8,1394.0,13.9,1215.0,27.4,1512.0,30.3,1176.0,46.8,900.0,35119.0,17.4,10.0,37.0,38.0,"General Engineering,Sport Science,Architecture,Civil Engineering,Politics & International Studies (incl Development Studies),Other Health,Geology, Environmental, Earth & Marine Sciences,Accounting & Finance,Art, Performing Arts & Design,Agriculture & Forestry,Law,Computer Science,Chemistry,Business & Management,History, Philosophy & Theology,Physics & Astronomy,Education,Electrical & Electronic Engineering,Mathematics & Statistics,Psychology,Languages, Literature & Linguistics,Biological Sciences,Communication & Media Studies,Mechanical & Aerospace Engineering,Sociology,Archaeology,Chemical Engineering,Geography,Economics & Econometrics",Ritsumeikan University,Japan
925.5,900.5,M,CO,HI,3,A,3.5,601.0,11.7,601.0,5.4,701.0,4.9,701,63.9,300.0,76.7,175.0,1.5,701.0,9.8,701.0,1.2,701.0,0.0,9590.0,900.5,0.0,9590.0,17.5,1596.0,13.2,1288.0,53.4,937.0,36.0,1076.0,87.1,165.0,10095.0,21.0,26.0,60.0,32.0,"Sociology,Art, Performing Arts & Design,Sport Science,Biological Sciences,Architecture,Chemistry,Electrical & Electronic Engineering,Law,Other Health,Computer Science,Communication & Media Studies,Civil Engineering,Accounting & Finance,Mechanical & Aerospace Engineering,Business & Management",Robert Gordon University,United Kingdom
1100.5,900.5,XL,FO,HI,3,A,5.2,601.0,6.8,601.0,49.0,320.0,1.1,701,2.0,701.0,3.0,701.0,1.1,701.0,26.0,315.0,1.1,701.0,0.0,18180.0,1501.0,0.0,18180.0,26.8,885.0,17.1,966.0,18.1,1714.0,19.4,1569.0,23.2,1773.0,18646.0,10.4,4.0,63.0,15.0,"Law,History, Philosophy & Theology,Economics & Econometrics,Psychology,Politics & International Studies (incl Development Studies),Accounting & Finance,Computer Science,Languages, Literature & Linguistics,Sociology,Communication & Media Studies,Business & Management",Russian Presidential Academy of National Economy and Public Administration,Russia
1100.5,900.5,M,FO,VH,5,A,3.7,601.0,3.1,601.0,53.9,285.0,2.2,701,19.7,592.0,20.6,539.0,1.0,701.0,12.0,701.0,4.1,701.0,0.0,7610.0,700.5,0.0,7610.0,29.7,710.0,16.9,980.0,69.3,573.0,50.4,802.0,43.1,1019.0,8345.0,13.4,12.0,41.0,57.0,"Business & Management,Electrical & Electronic Engineering,Civil Engineering,Geology, Environmental, Earth & Marine Sciences,Accounting & Finance,Mechanical & Aerospace Engineering,Computer Science,Chemistry,Architecture,Economics & Econometrics,Agriculture & Forestry,Chemical Engineering,General Engineering",Saint-Petersburg Mining University,Russia
1300.5,1100.5,M,CO,VH,4,A,4.5,601.0,1.8,601.0,14.1,701.0,9.2,701,10.5,701.0,6.2,701.0,1.2,701.0,7.9,701.0,2.2,701.0,0.0,18260.0,1501.0,0.0,18260.0,22.9,1161.0,15.5,1085.0,19.4,1693.0,41.2,952.0,41.5,1069.0,8321.0,15.3,6.0,32.0,40.0,"Electrical & Electronic Engineering,Computer Science,Psychology,General Engineering,Mathematics & Statistics,Sociology,Accounting & Finance,Physics & Astronomy,Chemical Engineering,Education,Archaeology,Art, Performing Arts & Design,Biological Sciences,Law,Geography,Business & Management,Economics & Econometrics,Civil Engineering,Politics & International Studies (incl Development Studies),History, Philosophy & Theology,Languages, Literature & Linguistics,Geology, Environmental, Earth & Marine Sciences,Mechanical & Aerospace Engineering,Communication & Media Studies,Chemistry",Saitama University,Japan
1401.0,1401.0,XL,FC,MD,3,A,3.7,601.0,3.0,601.0,2.8,701.0,3.1,701,1.7,701.0,12.6,669.0,1.3,701.0,7.5,701.0,1.0,701.0,0.0,14100.0,1350.5,0.0,14100.0,16.5,1663.0,10.6,1582.0,45.4,1112.0,24.0,1369.0,28.4,1568.0,42601.0,26.6,7.0,51.0,30.0,"Business & Management,Languages, Literature & Linguistics,Mathematics & Statistics,Mechanical & Aerospace Engineering,History, Philosophy & Theology,Computer Science,Law,Sociology,Psychology,Physics & Astronomy,Biological Sciences,Electrical & Electronic Engineering,Civil Engineering,Politics & International Studies (incl Development Studies),Architecture,Economics & Econometrics,Education,Geography,Art, Performing Arts & Design,Accounting & Finance,Communication & Media Studies,Medicine & Dentistry,Chemistry",Sakarya University,Turkey
925.5,625.5,M,CO,VH,4,A,4.6,601.0,2.2,601.0,81.8,130.0,2.3,701,2.8,701.0,14.3,637.0,1.1,701.0,10.6,701.0,3.3,701.0,0.0,14110.0,1350.5,0.0,14110.0,27.5,847.0,14.8,1141.0,21.8,1643.0,26.6,1280.0,37.1,1238.0,9198.0,10.7,14.0,48.0,46.0,"Psychology,Physics & Astronomy,Mechanical & Aerospace Engineering,Business & Management,Education,General Engineering,Law,Economics & Econometrics,Accounting & Finance,Mathematics & Statistics,Languages, Literature & Linguistics,Communication & Media Studies,Biological Sciences,Politics & International Studies (incl Development Studies),History, Philosophy & Theology,Sociology,Computer Science,Electrical & Electronic Engineering,Chemistry",Samara National Research University (Samara University),Russia
1100.5,1100.5,XL,CO,VH,5,A,5.2,601.0,3.0,601.0,3.2,701.0,17.1,598,6.5,701.0,4.4,701.0,27.1,479.0,17.8,467.0,23.7,506.0,0.0,9640.0,900.5,0.0,9640.0,21.5,1273.0,11.9,1418.0,71.1,536.0,58.3,673.0,37.0,1242.0,32069.0,28.1,5.0,58.0,25.0,"Communication & Media Studies,Biological Sciences,Chemistry,Art, Performing Arts & Design,Education,Mathematics & Statistics,Mechanical & Aerospace Engineering,Accounting & Finance,General Engineering,Geology, Environmental, Earth & Marine Sciences,Computer Science,History, Philosophy & Theology,Business & Management,Psychology,Civil Engineering,Electrical & Electronic Engineering,Geography,Physics & Astronomy,Economics & Econometrics,Languages, Literature & Linguistics,Politics & International Studies (incl Development Studies),Sociology,Other Health",San Diego State University,United States
134.0,171.0,XL,FC,VH,5,A,79.2,74.0,41.0,229.0,4.6,701.0,44.9,301,3.0,701.0,10.8,697.0,96.9,33.0,59.8,101.0,92.0,79.0,52.9,1810.0,181.0,60.0,1810.0,53.5,108.0,48.1,157.0,77.9,372.0,85.4,202.0,46.5,919.0,60522.0,22.2,9.0,61.0,26.0,"History, Philosophy & Theology,Geology, Environmental, Earth & Marine Sciences,Civil Engineering,Communication & Media Studies,Education,Art, Performing Arts & Design,Chemical Engineering,Law,Computer Science,Physics & Astronomy,Business & Management,Architecture,Electrical & Electronic Engineering,Geography,Medicine & Dentistry,Biological Sciences,Sociology,Mechanical & Aerospace Engineering,Psychology,Other Health,Politics & International Studies (incl Development Studies),Languages, Literature & Linguistics,Mathematics & Statistics,Economics & Econometrics,Archaeology,General Engineering,Chemistry,Accounting & Finance",Sapienza University of Rome,Italy
481.0,405.0,M,FO,VH,4,A,23.3,370.0,36.0,272.0,84.3,111.0,1.2,701,40.5,407.0,4.2,701.0,1.0,701.0,10.5,701.0,1.3,701.0,23.9,18330.0,1501.0,0.0,18330.0,22.7,1173.0,10.8,1554.0,8.5,1877.0,23.2,1396.0,68.7,425.0,8114.0,12.4,5.0,44.0,50.0,"Electrical & Electronic Engineering,Economics & Econometrics,Business & Management,General Engineering,Geology, Environmental, Earth & Marine Sciences,Architecture,Mechanical & Aerospace Engineering,Chemical Engineering,Civil Engineering,Art, Performing Arts & Design,Biological Sciences,Computer Science",Satbayev University,Kazakhstan
715.5,545.5,M,CO,VH,4,A,7.8,601.0,11.3,601.0,55.1,276.0,30.4,432,1.2,701.0,3.3,701.0,3.0,701.0,7.2,701.0,4.9,701.0,0.0,9650.0,900.5,0.0,9650.0,44.0,219.0,11.8,1431.0,54.5,899.0,22.8,1411.0,25.2,1699.0,5871.0,9.6,4.0,44.0,37.0,"Accounting & Finance,Biological Sciences,Geography,Art, Performing Arts & Design,Chemistry,Education,Politics & International Studies (incl Development Studies),Physics & Astronomy,Law,Geology, Environmental, Earth & Marine Sciences,Economics & Econometrics,Business & Management,Communication & Media Studies,History, Philosophy & Theology,Languages, Literature & Linguistics,Sociology,Mathematics & Statistics,Psychology,Other Health,Sport Science,Computer Science",Savitribai Phule Pune University,India
775.5,675.5,L,SP,Unknown,4,A,5.8,601.0,4.4,601.0,59.7,239.0,3.4,701,9.6,701.0,66.0,228.0,46.5,334.0,4.7,701.0,1.1,701.0,0.0,9660.0,900.5,0.0,9660.0,32.6,569.0,17.1,967.0,47.7,1069.0,39.4,997.0,62.1,541.0,15885.0,8.1,26.0,69.0,10.0,"General Engineering,Medicine & Dentistry,Sociology,Other Health,Chemical Engineering,Biological Sciences,Civil Engineering,Electrical & Electronic Engineering",Sechenov University,Russia
41.0,29.0,L,FC,VH,4,A,99.0,18.0,98.2,17.0,85.1,105.0,64.9,175,11.5,701.0,14.5,631.0,36.9,401.0,100.0,8.0,73.8,181.0,78.5,620.0,62.0,73.4,620.0,74.2,35.0,75.3,44.0,74.6,452.0,100.0,23.0,43.7,1000.0,28620.0,16.1,13.0,54.0,26.0,"Medicine & Dentistry,Archaeology,Physics & Astronomy,Psychology,Other Health,Geology, Environmental, Earth & Marine Sciences,Sociology,History, Philosophy & Theology,Veterinary Science,Law,General Engineering,Chemical Engineering,Geography,Art, Performing Arts & Design,Agriculture & Forestry,Education,Languages, Literature & Linguistics,Electrical & Electronic Engineering,Sport Science,Accounting & Finance,Architecture,Chemistry,Politics & International Studies (incl Development Studies),Computer Science,Biological Sciences,Business & Management,Civil Engineering,Mechanical & Aerospace Engineering,Communication & Media Studies,Mathematics & Statistics,Economics & Econometrics",Seoul National University,South Korea
51.0,46.0,XL,FC,VH,4,A,83.7,61.0,83.3,64.0,54.7,279.0,99.4,15,39.2,415.0,35.5,377.0,38.3,390.0,55.5,113.0,44.1,339.0,74.3,430.0,43.0,77.7,430.0,76.6,29.0,82.5,30.0,75.4,433.0,100.0,24.0,60.6,573.0,38472.0,12.6,9.0,37.0,31.0,"Other Health,Medicine & Dentistry,Education,Business & Management,Mechanical & Aerospace Engineering,Languages, Literature & Linguistics,Chemistry,Biological Sciences,Psychology,History, Philosophy & Theology,Sociology,Communication & Media Studies,Politics & International Studies (incl Development Studies),Electrical & Electronic Engineering,Mathematics & Statistics,Law,Veterinary Science,Geology, Environmental, Earth & Marine Sciences,Civil Engineering,Art, Performing Arts & Design,Agriculture & Forestry,Computer Science,Economics & Econometrics,Chemical Engineering,Accounting & Finance,Sport Science,Architecture,General Engineering,Physics & Astronomy",Shanghai Jiao Tong University,China (Mainland)
514.0,422.0,XL,CO,VH,3,A,22.2,397.0,9.0,601.0,53.3,291.0,25.4,476,43.8,383.0,5.9,701.0,11.5,643.0,11.1,701.0,15.8,598.0,22.7,5830.0,550.5,0.0,5830.0,31.8,601.0,38.0,292.0,62.7,713.0,71.3,401.0,42.9,1022.0,38015.0,13.0,6.0,51.0,39.0,"Biological Sciences,History, Philosophy & Theology,Mathematics & Statistics,Computer Science,Art, Performing Arts & Design,Chemical Engineering,Mechanical & Aerospace Engineering,Economics & Econometrics,Electrical & Electronic Engineering,Architecture,Accounting & Finance,Law,Civil Engineering,Sociology,General Engineering,Chemistry,Physics & Astronomy,Communication & Media Studies,Archaeology,Sport Science,Languages, Literature & Linguistics,Geology, Environmental, Earth & Marine Sciences,Politics & International Studies (incl Development Studies),Business & Management",Shanghai University,China (Mainland)
334.0,380.0,M,FO,VH,4,A,10.1,601.0,43.8,207.0,6.1,701.0,99.1,19,7.3,701.0,1.3,701.0,9.7,675.0,25.7,321.0,1.9,701.0,32.4,3350.0,325.5,0.0,3350.0,39.1,337.0,37.4,301.0,78.3,359.0,86.2,193.0,37.0,1243.0,9389.0,21.8,2.0,26.0,47.0,"Business & Management,Chemistry,Languages, Literature & Linguistics,Computer Science,Physics & Astronomy,Electrical & Electronic Engineering,Mathematics & Statistics,Economics & Econometrics,General Engineering,Civil Engineering,History, Philosophy & Theology,Accounting & Finance,Chemical Engineering,Mechanical & Aerospace Engineering",Sharif University of Technology,"Iran, Islamic Republic of"
1100.5,1100.5,L,CO,HI,3,A,6.5,601.0,12.1,601.0,10.0,701.0,4.9,701,35.0,455.0,30.9,412.0,6.7,701.0,11.9,701.0,2.5,701.0,0.0,9710.0,900.5,0.0,9710.0,19.4,1438.0,14.4,1171.0,66.7,633.0,33.1,1127.0,64.0,504.0,26580.0,17.7,12.0,55.0,22.0,"Computer Science,Biological Sciences,Languages, Literature & Linguistics,Chemical Engineering,Chemistry,Mechanical & Aerospace Engineering,Communication & Media Studies,Sport Science,Mathematics & Statistics,Business & Management,Architecture,Politics & International Studies (incl Development Studies),Art, Performing Arts & Design,Education,Physics & Astronomy,History, Philosophy & Theology,Law,Sociology,Accounting & Finance,Psychology,Geography,Electrical & Electronic Engineering,Geology, Environmental, Earth & Marine Sciences,Economics & Econometrics,Other Health",Sheffield Hallam University,United Kingdom
595.0,585.5,XL,CO,VH,3,A,8.4,601.0,2.3,601.0,55.2,275.0,42.6,314,13.2,698.0,1.4,701.0,14.3,609.0,17.6,472.0,15.8,598.0,19.9,3920.0,375.5,0.0,3920.0,27.8,821.0,34.3,371.0,85.3,205.0,57.9,684.0,42.4,1038.0,35736.0,14.0,1.0,49.0,36.0,"Law,Economics & Econometrics,Chemical Engineering,History, Philosophy & Theology,Business & Management,Politics & International Studies (incl Development Studies),Sport Science,Sociology,Chemistry,Art, Performing Arts & Design,Medicine & Dentistry,Physics & Astronomy,Accounting & Finance,Communication & Media Studies,General Engineering,Languages, Literature & Linguistics,Mathematics & Statistics,Education,Computer Science,Civil Engineering,Geology, Environmental, Earth & Marine Sciences,Electrical & Electronic Engineering,Architecture,Other Health,Biological Sciences,Psychology,Mechanical & Aerospace Engineering",Shenzhen University,China (Mainland)
1300.5,1300.5,M,FO,VH,4,B,3.7,601.0,2.3,601.0,2.8,701.0,4.8,701,13.8,689.0,9.8,701.0,1.1,701.0,7.9,701.0,1.1,701.0,0.0,14240.0,1350.5,0.0,14240.0,20.8,1317.0,20.1,810.0,22.3,1630.0,36.3,1067.0,42.3,1044.0,9001.0,29.7,5.0,54.0,41.0,"Physics & Astronomy,Geology, Environmental, Earth & Marine Sciences,Architecture,Civil Engineering,Biological Sciences,Chemistry,General Engineering,Electrical & Electronic Engineering,Chemical Engineering,Sport Science,Mathematics & Statistics,Computer Science,Art, Performing Arts & Design,Mechanical & Aerospace Engineering",Shibaura Institute of Technology,Japan
685.5,775.5,L,CO,VH,4,A,5.7,601.0,10.4,601.0,5.1,701.0,54.9,234,1.2,701.0,1.8,701.0,6.4,701.0,13.4,640.0,27.6,471.0,0.0,9720.0,900.5,0.0,9720.0,29.3,732.0,24.6,626.0,55.0,890.0,57.4,697.0,29.1,1538.0,14857.0,20.8,2.0,53.0,37.0,"Electrical & Electronic Engineering,Sport Science,Politics & International Studies (incl Development Studies),Physics & Astronomy,Communication & Media Studies,Computer Science,Chemistry,Economics & Econometrics,Agriculture & Forestry,Law,Languages, Literature & Linguistics,Biological Sciences,Education,Art, Performing Arts & Design,Chemical Engineering,Geography,General Engineering,Mechanical & Aerospace Engineering,Geology, Environmental, Earth & Marine Sciences,Accounting & Finance,Architecture,Veterinary Science,Sociology,History, Philosophy & Theology,Mathematics & Statistics,Psychology,Archaeology,Civil Engineering,Business & Management",Shiraz University,"Iran, Islamic Republic of"
775.5,900.5,S,CO,VH,2,B,8.3,601.0,12.6,601.0,7.3,701.0,42.4,319,24.2,545.0,1.7,701.0,2.1,701.0,8.0,701.0,1.0,701.0,0.0,5850.0,550.5,0.0,5850.0,27.6,837.0,17.9,927.0,85.2,207.0,17.7,1691.0,70.0,408.0,3251.0,15.3,1.0,47.0,33.0,"Biological Sciences,Computer Science,Agriculture & Forestry,Education,Economics & Econometrics,Business & Management,Sociology,Languages, Literature & Linguistics,Politics & International Studies (incl Development Studies),General Engineering,Communication & Media Studies,Chemistry,History, Philosophy & Theology,Accounting & Finance,Physics & Astronomy,Mechanical & Aerospace Engineering,Art, Performing Arts & Design,Mathematics & Statistics,Geology, Environmental, Earth & Marine Sciences,Law,Civil Engineering,Other Health,Electrical & Electronic Engineering,Psychology",Shoolini University of Biotechnology and Management Sciences,India
355.0,406.0,XL,FC,VH,3,A,20.1,436.0,7.6,601.0,11.4,701.0,94.7,55,6.6,701.0,5.4,701.0,26.2,490.0,14.8,564.0,18.8,555.0,30.9,1510.0,150.0,62.0,1510.0,59.1,81.0,57.3,99.0,69.3,574.0,93.2,135.0,46.1,929.0,49117.0,15.9,5.0,54.0,28.0,"Mechanical & Aerospace Engineering,Geology, Environmental, Earth & Marine Sciences,Languages, Literature & Linguistics,Electrical & Electronic Engineering,Business & Management,Computer Science,Education,Chemical Engineering,Sociology,Art, Performing Arts & Design,General Engineering,Economics & Econometrics,History, Philosophy & Theology,Mathematics & Statistics,Communication & Media Studies,Accounting & Finance,Other Health,Physics & Astronomy,Architecture,Biological Sciences,Politics & International Studies (incl Development Studies),Archaeology,Civil Engineering,Law,Medicine & Dentistry,Chemistry",Sichuan University,China (Mainland)
1100.5,1100.5,L,FO,VH,4,A,6.5,601.0,3.6,601.0,27.7,549.0,6.2,701,2.4,701.0,4.4,701.0,9.0,697.0,11.1,701.0,1.4,701.0,0.0,14270.0,1350.5,0.0,14270.0,21.8,1249.0,15.6,1080.0,39.4,1229.0,31.5,1150.0,26.6,1637.0,17424.0,12.0,4.0,32.0,43.0,"Architecture,Chemical Engineering,Languages, Literature & Linguistics,Business & Management,Mathematics & Statistics,Mechanical & Aerospace Engineering,Computer Science,Chemistry,General Engineering,Electrical & Electronic Engineering,Civil Engineering",Silesian University of Technology,Poland
318.0,328.0,L,CO,VH,4,A,25.5,343.0,13.5,600.0,5.7,701.0,42.5,315,96.8,128.0,86.3,139.0,34.5,423.0,17.6,474.0,54.3,283.0,33.3,2880.0,275.5,0.0,2880.0,28.7,759.0,36.7,309.0,84.2,229.0,83.1,225.0,92.9,85.0,27269.0,26.8,31.0,54.0,28.0,"Computer Science,Chemistry,Other Health,Politics & International Studies (incl Development Studies),Economics & Econometrics,Biological Sciences,Education,Art, Performing Arts & Design,Mathematics & Statistics,Psychology,History, Philosophy & Theology,Communication & Media Studies,Archaeology,Geology, Environmental, Earth & Marine Sciences,Sport Science,Physics & Astronomy,Business & Management,Electrical & Electronic Engineering,Geography,General Engineering,Law,Languages, Literature & Linguistics,Sociology,Accounting & Finance",Simon Fraser University,Canada
1100.5,900.5,L,FO,VH,4,A,9.7,601.0,7.9,601.0,34.7,460.0,3.6,701,2.1,701.0,2.7,701.0,2.6,701.0,18.2,459.0,1.4,701.0,0.0,18480.0,1501.0,0.0,18480.0,27.6,838.0,12.0,1411.0,22.3,1631.0,28.7,1216.0,32.8,1396.0,10678.0,8.5,7.0,31.0,49.0,"Electrical & Electronic Engineering,Mechanical & Aerospace Engineering,Mathematics & Statistics,Chemistry,Biological Sciences,Geology, Environmental, Earth & Marine Sciences,Civil Engineering,Computer Science,Politics & International Studies (incl Development Studies),Economics & Econometrics,Physics & Astronomy,General Engineering,Art, Performing Arts & Design,Architecture,Chemical Engineering,Business & Management",Slovak University of Technology in Bratislava,Slovakia
509.0,457.0,M,CO,VH,4,B,21.5,401.0,49.1,178.0,55.7,269.0,5.5,701,7.2,701.0,24.3,483.0,1.0,701.0,16.5,513.0,1.4,701.0,22.9,9760.0,900.5,0.0,9760.0,27.2,866.0,30.6,452.0,39.8,1227.0,73.3,362.0,45.0,962.0,9688.0,23.9,19.0,47.0,36.0,"Politics & International Studies (incl Development Studies),Chemistry,Electrical & Electronic Engineering,Law,Business & Management,Education,Mechanical & Aerospace Engineering,Chemical Engineering,Communication & Media Studies,Economics & Econometrics,Psychology,Mathematics & Statistics,Languages, Literature & Linguistics,Accounting & Finance,Biological Sciences,Physics & Astronomy,Sociology,History, Philosophy & Theology,Computer Science",Sogang University,South Korea
1300.5,1300.5,L,CO,HI,3,C,5.0,601.0,6.5,601.0,10.1,701.0,4.3,701,5.9,701.0,13.9,641.0,1.0,701.0,4.2,701.0,1.0,701.0,0.0,14320.0,1350.5,0.0,14320.0,26.7,896.0,15.0,1126.0,25.1,1562.0,47.4,858.0,35.6,1293.0,15808.0,18.6,12.0,48.0,35.0,"Languages, Literature & Linguistics,Mathematics & Statistics,Accounting & Finance,Biological Sciences,Law,Architecture,General Engineering,Psychology,History, Philosophy & Theology,Physics & Astronomy,Economics & Econometrics,Computer Science,Communication & Media Studies,Chemical Engineering,Politics & International Studies (incl Development Studies),Electrical & Electronic Engineering,Business & Management,Art, Performing Arts & Design,Chemistry,Sociology,Mechanical & Aerospace Engineering,Education,Geology, Environmental, Earth & Marine Sciences",Soongsil University,South Korea
59.0,60.0,XL,FC,VH,1,A,88.6,48.0,53.2,151.0,43.3,361.0,85.4,93,35.2,451.0,49.8,297.0,100.0,4.0,39.5,182.0,75.8,171.0,71.7,750.0,75.0,70.5,750.0,64.7,58.0,60.8,81.0,83.7,242.0,69.5,444.0,78.8,270.0,41527.0,14.5,22.0,60.0,32.0,"Biological Sciences,General Engineering,Mathematics & Statistics,History, Philosophy & Theology,Civil Engineering,Geography,Other Health,Mechanical & Aerospace Engineering,Sociology,Education,Geology, Environmental, Earth & Marine Sciences,Computer Science,Chemical Engineering,Business & Management,Languages, Literature & Linguistics,Electrical & Electronic Engineering,Archaeology,Chemistry,Communication & Media Studies,Medicine & Dentistry,Physics & Astronomy",Sorbonne University,France
392.0,406.0,XL,CO,VH,3,A,12.5,601.0,4.2,601.0,19.0,694.0,95.4,50,10.4,701.0,4.5,701.0,9.7,674.0,21.9,380.0,10.2,667.0,28.2,2890.0,275.5,0.0,2890.0,36.6,408.0,38.2,282.0,83.2,255.0,92.8,138.0,44.0,992.0,40449.0,12.6,6.0,38.0,38.0,"Computer Science,Communication & Media Studies,Languages, Literature & Linguistics,Other Health,Chemical Engineering,Economics & Econometrics,Architecture,Agriculture & Forestry,Politics & International Studies (incl Development Studies),Sport Science,Sociology,Medicine & Dentistry,Mechanical & Aerospace Engineering,History, Philosophy & Theology,Physics & Astronomy,Business & Management,Art, Performing Arts & Design,Civil Engineering,Geology, Environmental, Earth & Marine Sciences,Electrical & Electronic Engineering,Chemistry,Law,General Engineering,Mathematics & Statistics,Accounting & Finance,Biological Sciences",South China University of Technology,China (Mainland)
454.0,461.0,XL,FC,VH,3,A,12.8,601.0,7.4,601.0,23.9,593.0,73.1,134,15.1,664.0,3.5,701.0,21.1,536.0,8.8,701.0,16.9,581.0,25.2,3370.0,325.5,0.0,3370.0,39.9,312.0,46.3,176.0,68.4,597.0,90.4,162.0,47.6,877.0,39637.0,12.4,4.0,36.0,44.0,"Medicine & Dentistry,Physics & Astronomy,Education,Art, Performing Arts & Design,Civil Engineering,Accounting & Finance,Architecture,Sport Science,Economics & Econometrics,Computer Science,Law,General Engineering,Sociology,Mechanical & Aerospace Engineering,Chemistry,Languages, Literature & Linguistics,Chemical Engineering,Business & Management,Other Health,Mathematics & Statistics,History, Philosophy & Theology,Biological Sciences,Psychology,Electrical & Electronic Engineering,Geology, Environmental, Earth & Marine Sciences",Southeast University,China (Mainland)
875.5,545.5,L,CO,VH,5,A,7.6,601.0,3.6,601.0,77.8,146.0,1.8,701,3.5,701.0,23.1,499.0,5.1,701.0,6.6,701.0,11.7,647.0,0.0,14360.0,1350.5,0.0,14360.0,27.9,811.0,14.3,1182.0,21.4,1651.0,32.1,1142.0,40.3,1110.0,19181.0,11.3,11.0,54.0,40.0,"History, Philosophy & Theology,General Engineering,Communication & Media Studies,Archaeology,Physics & Astronomy,Psychology,Chemical Engineering,Sociology,Biological Sciences,Business & Management,Art, Performing Arts & Design,Mathematics & Statistics,Accounting & Finance,Languages, Literature & Linguistics,Geology, Environmental, Earth & Marine Sciences,Architecture,Chemistry,Education,Computer Science,Politics & International Studies (incl Development Studies),Electrical & Electronic Engineering,Geography,Mechanical & Aerospace Engineering,Law,Economics & Econometrics",Southern Federal University,Russia
5.0,3.0,L,FC,VH,5,B,100.0,5.0,100.0,3.0,100.0,11.0,99.9,8,99.9,78.0,51.2,284.0,95.8,44.0,100.0,2.0,94.4,63.0,98.1,20.0,2.0,98.0,20.0,99.0,1.0,97.8,8.0,99.6,2.0,100.0,25.0,87.0,168.0,14517.0,6.4,23.0,47.0,22.0,"Computer Science,Communication & Media Studies,Electrical & Electronic Engineering,Mathematics & Statistics,Education,Medicine & Dentistry,Civil Engineering,Politics & International Studies (incl Development Studies),History, Philosophy & Theology,Veterinary Science,Economics & Econometrics,Other Health,Geology, Environmental, Earth & Marine Sciences,Accounting & Finance,Mechanical & Aerospace Engineering,Chemistry,Sociology,Art, Performing Arts & Design,Chemical Engineering,Business & Management,General Engineering,Physics & Astronomy,Archaeology,Agriculture & Forestry,Law,Languages, Literature & Linguistics,Biological Sciences,Psychology",Stanford University,United States
283.0,454.0,L,FC,VH,5,A,25.0,351.0,39.4,240.0,3.1,701.0,59.9,206,20.0,591.0,7.8,701.0,92.0,69.0,50.1,132.0,44.1,339.0,36.5,3380.0,325.5,0.0,3380.0,33.8,505.0,39.5,254.0,76.9,400.0,89.8,169.0,59.9,587.0,25140.0,25.7,7.0,56.0,20.0,"Art, Performing Arts & Design,Civil Engineering,Geology, Environmental, Earth & Marine Sciences,Medicine & Dentistry,Chemistry,Business & Management,Computer Science,Sociology,Psychology,Languages, Literature & Linguistics,Mechanical & Aerospace Engineering,Politics & International Studies (incl Development Studies),Economics & Econometrics,Other Health,Geography,Electrical & Electronic Engineering,Sport Science,Accounting & Finance,History, Philosophy & Theology,General Engineering,Mathematics & Statistics,Agriculture & Forestry,Communication & Media Studies,Archaeology,Biological Sciences,Law,Chemical Engineering,Physics & Astronomy,Education",Stellenbosch University,South Africa
625.5,725.5,M,CO,VH,5,B,2.7,601.0,2.9,601.0,4.7,701.0,52.4,246,37.5,428.0,91.4,110.0,1.2,701.0,12.2,701.0,1.1,701.0,0.0,4820.0,450.5,0.0,4820.0,26.9,882.0,25.3,600.0,74.6,453.0,62.4,607.0,80.8,244.0,6393.0,18.6,30.0,29.0,46.0,"Chemistry,Civil Engineering,Electrical & Electronic Engineering,History, Philosophy & Theology,Biological Sciences,Languages, Literature & Linguistics,Mathematics & Statistics,Mechanical & Aerospace Engineering,Art, Performing Arts & Design,Physics & Astronomy,Other Health,Chemical Engineering,Business & Management,General Engineering,Geology, Environmental, Earth & Marine Sciences,Computer Science,Sociology",Stevens Institute of Technology,United States
118.0,153.0,L,CO,VH,4,A,54.1,145.0,15.2,543.0,28.2,543.0,71.9,138,81.5,223.0,84.1,147.0,95.3,51.0,76.2,57.0,75.1,175.0,56.8,1850.0,185.0,59.6,1850.0,32.1,588.0,49.6,143.0,91.0,108.0,59.2,660.0,81.2,237.0,29774.0,20.3,13.0,54.0,31.0,"Biological Sciences,Law,Mathematics & Statistics,Economics & Econometrics,Languages, Literature & Linguistics,Chemistry,Psychology,History, Philosophy & Theology,Geology, Environmental, Earth & Marine Sciences,Education,Physics & Astronomy,Accounting & Finance,Computer Science,Politics & International Studies (incl Development Studies),Archaeology,Geography,Agriculture & Forestry,Business & Management,Art, Performing Arts & Design,Veterinary Science,Communication & Media Studies,Other Health,Sociology",Stockholm University,Sweden
1300.5,1300.5,XL,FC,HI,3,A,3.9,601.0,2.6,601.0,16.2,701.0,2.2,701,2.2,701.0,1.8,701.0,5.7,701.0,4.7,701.0,1.2,701.0,0.0,11720.0,1100.5,0.0,11720.0,19.7,1405.0,8.8,1825.0,57.6,831.0,28.3,1229.0,50.6,789.0,45981.0,13.1,1.0,52.0,20.0,"Electrical & Electronic Engineering,Communication & Media Studies,Medicine & Dentistry,Sport Science,Education,Art, Performing Arts & Design,Civil Engineering,Agriculture & Forestry,Sociology,Architecture,Physics & Astronomy,Archaeology,Biological Sciences,Psychology,Mechanical & Aerospace Engineering,Politics & International Studies (incl Development Studies),General Engineering,Mathematics & Statistics,Business & Management,History, Philosophy & Theology,Chemical Engineering,Chemistry,Geography,Languages, Literature & Linguistics,Computer Science,Geology, Environmental, Earth & Marine Sciences,Accounting & Finance,Other Health,Veterinary Science,Economics & Econometrics",Suez Canal University,Egypt
454.0,384.0,M,FC,VH,3,A,16.7,528.0,13.7,593.0,56.7,259.0,18.4,577,100.0,58.0,3.4,701.0,48.3,325.0,17.4,478.0,8.0,701.0,25.2,7730.0,700.5,0.0,7730.0,28.1,806.0,22.2,722.0,62.3,727.0,35.7,1083.0,74.0,351.0,7512.0,9.2,4.0,50.0,32.0,"Languages, Literature & Linguistics,Mathematics & Statistics,History, Philosophy & Theology,General Engineering,Psychology,Mechanical & Aerospace Engineering,Archaeology,Art, Performing Arts & Design,Chemical Engineering,Civil Engineering,Physics & Astronomy,Sociology,Agriculture & Forestry,Geology, Environmental, Earth & Marine Sciences,Accounting & Finance,Computer Science,Architecture,Geography,Veterinary Science,Business & Management,Other Health,Economics & Econometrics,Biological Sciences,Law,Politics & International Studies (incl Development Studies),Education,Communication & Media Studies,Electrical & Electronic Engineering,Chemistry",Sultan Qaboos University,Oman
975.5,900.5,M,FC,HI,3,A,5.6,601.0,5.7,601.0,42.4,373.0,2.3,701,2.9,701.0,63.1,239.0,1.2,701.0,9.7,701.0,3.4,701.0,0.0,4840.0,450.5,0.0,4840.0,24.3,1060.0,13.5,1259.0,68.9,584.0,20.0,1534.0,63.2,514.0,8449.0,12.0,24.0,45.0,27.0,"Electrical & Electronic Engineering,Mathematics & Statistics,Chemical Engineering,Education,Civil Engineering,Sociology,Economics & Econometrics,Other Health,Communication & Media Studies,Accounting & Finance,Mechanical & Aerospace Engineering,Chemistry,General Engineering,Politics & International Studies (incl Development Studies),Psychology,Medicine & Dentistry,Geology, Environmental, Earth & Marine Sciences,Languages, Literature & Linguistics,Sport Science,Law,Computer Science,Biological Sciences,Business & Management,History, Philosophy & Theology,Physics & Astronomy",Sumy State University,Ukraine
323.0,267.0,XL,FC,VH,4,A,36.4,238.0,22.3,423.0,48.8,321.0,44.1,304,2.4,701.0,4.2,701.0,33.3,429.0,16.7,508.0,38.4,373.0,32.8,2390.0,225.5,0.0,2390.0,46.6,179.0,39.5,255.0,83.2,256.0,86.2,194.0,39.1,1148.0,61453.0,15.2,5.0,48.0,30.0,"Languages, Literature & Linguistics,Accounting & Finance,Geography,Agriculture & Forestry,History, Philosophy & Theology,Biological Sciences,Other Health,Education,Architecture,Chemical Engineering,Mathematics & Statistics,Politics & International Studies (incl Development Studies),Sociology,Medicine & Dentistry,Veterinary Science,Art, Performing Arts & Design,Law,Civil Engineering,Psychology,Geology, Environmental, Earth & Marine Sciences,Archaeology,Economics & Econometrics,Physics & Astronomy,Electrical & Electronic Engineering,Business & Management,Chemistry,General Engineering,Sport Science,Mechanical & Aerospace Engineering,Communication & Media Studies,Computer Science",Sun Yat-sen University,China (Mainland)
586.0,625.5,S,CO,VH,2,B,10.5,601.0,44.1,204.0,52.2,303.0,7.2,701,35.5,450.0,24.3,482.0,4.4,701.0,9.2,701.0,5.4,701.0,20.2,7740.0,700.5,0.0,7740.0,24.7,1034.0,14.6,1158.0,71.7,521.0,17.2,1742.0,78.3,280.0,4350.0,8.1,14.0,52.0,33.0,"Electrical & Electronic Engineering,Economics & Econometrics,Mathematics & Statistics,Geology, Environmental, Earth & Marine Sciences,Sociology,Communication & Media Studies,Computer Science,Business & Management,Other Health,Architecture,Education,Chemical Engineering,Accounting & Finance,Art, Performing Arts & Design,Psychology,Biological Sciences",Sunway University,Malaysia
307.0,425.0,L,FC,HI,5,A,21.0,418.0,45.0,193.0,23.6,608.0,27.4,460,73.1,261.0,54.1,271.0,59.0,254.0,10.6,701.0,61.0,248.0,33.9,2960.0,275.5,0.0,2960.0,27.6,840.0,30.2,467.0,89.7,131.0,62.8,600.0,89.5,133.0,18505.0,16.8,21.0,47.0,31.0,"Electrical & Electronic Engineering,Chemistry,Languages, Literature & Linguistics,Mathematics & Statistics,Business & Management,History, Philosophy & Theology,Mechanical & Aerospace Engineering,Sociology,Other Health,Chemical Engineering,Psychology,Computer Science,Communication & Media Studies,Medicine & Dentistry,Sport Science,Politics & International Studies (incl Development Studies),Archaeology,Biological Sciences,Geography,Geology, Environmental, Earth & Marine Sciences,Economics & Econometrics,Physics & Astronomy,Education,General Engineering,Civil Engineering,Accounting & Finance,Law",Swansea University,United Kingdom
285.0,296.0,L,CO,VH,3,A,13.4,601.0,12.0,601.0,11.0,701.0,89.5,76,97.9,114.0,65.5,229.0,23.9,507.0,10.8,701.0,25.8,487.0,36.1,2410.0,225.5,0.0,2410.0,31.7,607.0,34.0,379.0,91.3,104.0,75.4,331.0,85.6,184.0,14324.0,28.5,24.0,42.0,34.0,"Physics & Astronomy,Biological Sciences,Sport Science,Mechanical & Aerospace Engineering,Economics & Econometrics,Languages, Literature & Linguistics,Medicine & Dentistry,Sociology,Chemical Engineering,Mathematics & Statistics,Other Health,Law,Politics & International Studies (incl Development Studies),Computer Science,Electrical & Electronic Engineering,Business & Management,Communication & Media Studies,Accounting & Finance,General Engineering,Agriculture & Forestry,Psychology,Chemistry,Education,History, Philosophy & Theology,Architecture,Civil Engineering,Art, Performing Arts & Design",Swinburne University of Technology,Australia
785.5,775.5,L,CO,VH,5,B,13.6,601.0,9.6,601.0,11.8,701.0,13.7,661,4.8,701.0,44.1,328.0,11.1,650.0,30.2,256.0,23.0,514.0,0.0,4850.0,450.5,0.0,4850.0,33.8,506.0,28.2,514.0,73.3,477.0,72.7,375.0,56.5,654.0,19214.0,14.1,21.0,53.0,33.0,"Languages, Literature & Linguistics,Mechanical & Aerospace Engineering,Sport Science,Civil Engineering,Physics & Astronomy,Business & Management,Other Health,Mathematics & Statistics,Psychology,Computer Science,Biological Sciences,Education,Architecture,Chemistry,Geography,Economics & Econometrics,History, Philosophy & Theology,Law,Electrical & Electronic Engineering,Geology, Environmental, Earth & Marine Sciences,Chemical Engineering,Sociology,General Engineering,Communication & Media Studies,Accounting & Finance,Art, Performing Arts & Design,Agriculture & Forestry,Politics & International Studies (incl Development Studies)",Syracuse University,United States
1100.5,900.5,M,FC,MD,2,C,8.1,601.0,24.7,388.0,22.8,622.0,1.6,701,4.2,701.0,6.6,701.0,1.0,701.0,9.2,701.0,1.3,701.0,0.0,18640.0,1501.0,0.0,18640.0,19.1,1461.0,11.7,1447.0,23.2,1607.0,17.4,1719.0,29.6,1516.0,9573.0,14.8,5.0,45.0,43.0,"Architecture,Law,Business & Management,Other Health,Sport Science,Electrical & Electronic Engineering,Accounting & Finance,General Engineering,Education,Civil Engineering,Agriculture & Forestry,Art, Performing Arts & Design,Economics & Econometrics,Mechanical & Aerospace Engineering,Politics & International Studies (incl Development Studies),Sociology,Computer Science",Széchenyi István University,Hungary
875.5,900.5,L,CO,VH,4,A,13.6,601.0,13.8,589.0,22.2,626.0,7.4,701,20.2,589.0,19.1,559.0,17.0,574.0,9.1,701.0,4.4,701.0,0.0,4910.0,450.5,0.0,4910.0,35.7,439.0,42.2,224.0,62.3,728.0,72.0,388.0,57.3,638.0,19477.0,56.0,15.0,49.0,46.0,"Computer Science,Mechanical & Aerospace Engineering,Architecture,Education,Civil Engineering,Business & Management,Chemical Engineering,Electrical & Electronic Engineering,Communication & Media Studies,Mathematics & Statistics,Physics & Astronomy,Sociology",TU Dortmund University,Germany
1100.5,1100.5,XL,FC,HI,2,A,5.7,601.0,2.3,601.0,4.1,701.0,3.2,701,97.7,121.0,2.3,701.0,2.4,701.0,4.5,701.0,2.1,701.0,0.0,11760.0,1100.5,0.0,11760.0,14.4,1784.0,10.2,1629.0,54.2,912.0,18.5,1630.0,76.0,315.0,61471.0,24.4,2.0,61.0,31.0,"Medicine & Dentistry,Civil Engineering,Accounting & Finance,Mechanical & Aerospace Engineering,Languages, Literature & Linguistics,Communication & Media Studies,Mathematics & Statistics,Geology, Environmental, Earth & Marine Sciences,Architecture,Business & Management,Law,Art, Performing Arts & Design,Chemical Engineering,Education,History, Philosophy & Theology,Sport Science,Computer Science,Geography,Physics & Astronomy,Economics & Econometrics,Other Health,Psychology,Chemistry,Electrical & Electronic Engineering,Biological Sciences",Taibah University,Saudi Arabia
1300.5,1300.5,L,FO,VH,3,C,5.7,601.0,5.5,601.0,3.6,701.0,5.6,701,8.4,701.0,7.4,701.0,1.1,701.0,20.9,395.0,4.9,701.0,0.0,14500.0,1350.5,0.0,14500.0,15.3,1741.0,12.7,1339.0,34.1,1349.0,43.6,913.0,42.9,1024.0,23600.0,22.5,7.0,47.0,40.0,"Mathematics & Statistics,Languages, Literature & Linguistics,Economics & Econometrics,Politics & International Studies (incl Development Studies),Other Health,History, Philosophy & Theology,Communication & Media Studies,Geology, Environmental, Earth & Marine Sciences,Physics & Astronomy,Architecture,Chemical Engineering,General Engineering,Education,Mechanical & Aerospace Engineering,Business & Management,Sociology,Psychology,Civil Engineering,Computer Science,Electrical & Electronic Engineering,Accounting & Finance,Chemistry",Tamkang University,Taiwan
436.0,415.0,L,FC,VH,1,A,22.5,391.0,19.5,463.0,23.9,595.0,31.8,422,32.0,473.0,6.4,701.0,56.4,275.0,20.6,406.0,37.2,387.0,26.0,3410.0,325.5,0.0,3410.0,30.6,664.0,38.4,275.0,80.9,304.0,93.1,136.0,49.8,809.0,16236.0,20.7,7.0,55.0,27.0,"Languages, Literature & Linguistics,General Engineering,History, Philosophy & Theology,Electrical & Electronic Engineering,Law,Other Health,Communication & Media Studies,Economics & Econometrics,Medicine & Dentistry,Civil Engineering,Politics & International Studies (incl Development Studies),Chemistry,Psychology,Architecture,Mechanical & Aerospace Engineering,Geology, Environmental, Earth & Marine Sciences,Education,Mathematics & Statistics,Accounting & Finance,Art, Performing Arts & Design,Computer Science,Sociology,Chemical Engineering,Business & Management",Tampere University,Finland
685.5,675.5,L,CO,VH,5,A,19.2,467.0,38.6,252.0,33.4,477.0,2.3,701,1.5,701.0,5.1,701.0,2.9,701.0,28.0,288.0,1.9,701.0,0.0,14520.0,1350.5,0.0,14520.0,30.0,690.0,13.1,1294.0,20.2,1674.0,31.4,1155.0,31.8,1436.0,25937.0,10.6,5.0,56.0,36.0,"Electrical & Electronic Engineering,Computer Science,Medicine & Dentistry,Business & Management,Accounting & Finance,Art, Performing Arts & Design,Sociology,Languages, Literature & Linguistics,Geology, Environmental, Earth & Marine Sciences,Communication & Media Studies,Archaeology,Mathematics & Statistics,Law,Chemistry,Other Health,Biological Sciences,Economics & Econometrics,Education,Agriculture & Forestry,Geography,Psychology,Chemical Engineering,Physics & Astronomy,Politics & International Studies (incl Development Studies),History, Philosophy & Theology",Taras Shevchenko National University of Kyiv,Ukraine
1300.5,1300.5,L,SP,Unknown,5,A,5.0,601.0,4.8,601.0,7.3,701.0,3.7,701,1.7,701.0,2.7,701.0,2.8,701.0,8.0,701.0,1.1,701.0,0.0,14530.0,1350.5,0.0,14530.0,17.0,1628.0,13.2,1289.0,39.3,1232.0,29.5,1195.0,25.0,1711.0,19065.0,20.5,2.0,37.0,50.0,"Chemistry,Architecture,Civil Engineering,Languages, Literature & Linguistics,Computer Science,Mechanical & Aerospace Engineering,Geology, Environmental, Earth & Marine Sciences,Communication & Media Studies,Education,General Engineering,Mathematics & Statistics,Business & Management,Biological Sciences,Electrical & Electronic Engineering,History, Philosophy & Theology,Economics & Econometrics,Physics & Astronomy",Technical University of Cluj-Napoca,Romania
246.0,275.0,L,FO,VH,5,A,21.0,417.0,37.5,263.0,6.2,701.0,79.0,117,62.6,310.0,74.6,188.0,32.5,439.0,33.5,229.0,19.9,545.0,39.7,2980.0,275.5,0.0,2980.0,42.4,255.0,48.1,158.0,62.6,719.0,99.8,44.0,65.4,477.0,15882.0,37.0,19.0,33.0,48.0,"General Engineering,Computer Science,Chemistry,Other Health,Physics & Astronomy,Education,Biological Sciences,Psychology,Electrical & Electronic Engineering,Sociology,Architecture,Civil Engineering,Economics & Econometrics,History, Philosophy & Theology,Chemical Engineering,Languages, Literature & Linguistics,Mathematics & Statistics,Business & Management,Mechanical & Aerospace Engineering,Geology, Environmental, Earth & Marine Sciences,Sport Science,Politics & International Studies (incl Development Studies)",Technical University of Darmstadt,Germany
121.0,104.0,M,FO,VH,5,A,32.5,270.0,16.3,525.0,99.8,27.0,83.4,99,100.0,53.0,82.0,153.0,71.6,189.0,28.9,275.0,54.9,277.0,56.2,1260.0,126.0,64.6,1260.0,50.7,129.0,47.4,162.0,83.2,257.0,99.7,52.0,92.2,99.0,10410.0,7.7,28.0,32.0,40.0,"Veterinary Science,Mechanical & Aerospace Engineering,Mathematics & Statistics,Electrical & Electronic Engineering,Chemical Engineering,Agriculture & Forestry,General Engineering,Physics & Astronomy,Geology, Environmental, Earth & Marine Sciences,Civil Engineering,Chemistry,Biological Sciences,Computer Science,Other Health",Technical University of Denmark,Denmark
1100.5,900.5,M,SP,Unknown,4,A,4.3,601.0,3.2,601.0,45.5,346.0,4.3,701,16.4,647.0,10.1,701.0,1.6,701.0,7.8,701.0,1.0,701.0,0.0,18660.0,1501.0,0.0,18660.0,21.0,1303.0,18.9,873.0,18.2,1713.0,34.5,1103.0,44.2,985.0,5303.0,13.3,10.0,54.0,38.0,"Art, Performing Arts & Design,Civil Engineering,Mathematics & Statistics,Electrical & Electronic Engineering,Languages, Literature & Linguistics,Mechanical & Aerospace Engineering,General Engineering,Education,History, Philosophy & Theology,Economics & Econometrics,Computer Science,Chemistry,Other Health,Business & Management,Chemical Engineering,Architecture,Physics & Astronomy",Technical University of Liberec,Czech Republic
37.0,49.0,XL,FO,VH,5,A,83.9,59.0,98.2,19.0,88.8,89.0,59.6,210,76.5,243.0,97.3,71.0,86.7,103.0,25.0,330.0,84.8,120.0,80.0,310.0,30.0,82.5,310.0,69.8,44.0,85.1,25.0,90.0,128.0,100.0,26.0,83.1,209.0,35506.0,44.4,39.0,37.0,36.0,"Electrical & Electronic Engineering,Geology, Environmental, Earth & Marine Sciences,Architecture,Biological Sciences,Business & Management,General Engineering,Mathematics & Statistics,Civil Engineering,Education,Physics & Astronomy,Computer Science,Agriculture & Forestry,Sociology,Chemical Engineering,Accounting & Finance,Mechanical & Aerospace Engineering,Politics & International Studies (incl Development Studies),Medicine & Dentistry,Sport Science,Other Health,Chemistry",Technical University of Munich,Germany
875.5,900.5,L,CO,HI,1,A,12.1,601.0,12.4,601.0,12.6,701.0,3.1,701,32.7,470.0,39.6,346.0,5.0,701.0,13.1,653.0,16.9,581.0,0.0,11800.0,1100.5,0.0,11800.0,19.1,1462.0,13.1,1295.0,45.6,1110.0,66.0,529.0,64.9,487.0,20801.0,18.7,18.0,44.0,35.0,"Architecture,Mathematics & Statistics,Electrical & Electronic Engineering,Geology, Environmental, Earth & Marine Sciences,Other Health,Sport Science,Languages, Literature & Linguistics,Biological Sciences,Business & Management,Computer Science,Education,Mechanical & Aerospace Engineering,Communication & Media Studies,Agriculture & Forestry,Accounting & Finance,History, Philosophy & Theology,Chemistry,Economics & Econometrics,General Engineering,Law,Art, Performing Arts & Design,Civil Engineering,Physics & Astronomy",Technological University Dublin,Ireland
215.0,260.0,L,FC,VH,4,A,33.2,264.0,23.6,407.0,3.8,701.0,99.9,11,40.4,410.0,4.6,701.0,39.5,382.0,72.9,62.0,38.4,373.0,43.9,2420.0,225.5,0.0,2420.0,40.7,288.0,49.7,142.0,83.0,261.0,76.2,314.0,52.9,721.0,24995.0,24.2,5.0,57.0,19.0,"Languages, Literature & Linguistics,Computer Science,Archaeology,History, Philosophy & Theology,Mechanical & Aerospace Engineering,Geography,Physics & Astronomy,Psychology,Mathematics & Statistics,Education,Business & Management,Economics & Econometrics,Sociology,Electrical & Electronic Engineering,General Engineering,Art, Performing Arts & Design,Biological Sciences,Chemical Engineering,Agriculture & Forestry,Other Health,Politics & International Studies (incl Development Studies),Chemistry,Law,Geology, Environmental, Earth & Marine Sciences,Medicine & Dentistry,Communication & Media Studies,Architecture,Accounting & Finance",Tel Aviv University,Israel
1100.5,1100.5,L,SP,Unknown,2,C,7.4,601.0,9.4,601.0,27.0,561.0,1.4,701,22.3,568.0,3.6,701.0,1.0,701.0,10.4,701.0,3.4,701.0,0.0,18730.0,1501.0,0.0,18730.0,15.0,1755.0,11.0,1531.0,28.5,1487.0,21.3,1469.0,38.1,1191.0,18956.0,16.8,3.0,42.0,32.0,"General Engineering,Art, Performing Arts & Design,Computer Science,Electrical & Electronic Engineering,Communication & Media Studies,Business & Management,Mechanical & Aerospace Engineering,Accounting & Finance,Architecture",Telkom University,Indonesia
725.5,775.5,L,FC,VH,5,A,12.5,601.0,7.9,601.0,26.4,565.0,18.8,570,3.4,701.0,5.7,701.0,48.1,326.0,18.3,455.0,23.0,514.0,0.0,3960.0,375.5,0.0,3960.0,40.7,289.0,24.3,642.0,85.2,208.0,70.4,422.0,43.6,1002.0,34069.0,12.3,6.0,56.0,20.0,"Computer Science,Mechanical & Aerospace Engineering,Politics & International Studies (incl Development Studies),Architecture,Communication & Media Studies,Psychology,Mathematics & Statistics,Education,Other Health,Biological Sciences,Business & Management,History, Philosophy & Theology,Chemistry,Sociology,Art, Performing Arts & Design,Sport Science,Law,Medicine & Dentistry,Geology, Environmental, Earth & Marine Sciences,Electrical & Electronic Engineering,Agriculture & Forestry,General Engineering,Civil Engineering,Geography,Economics & Econometrics,Languages, Literature & Linguistics,Physics & Astronomy,Accounting & Finance",Temple University,United States
134.0,164.0,XL,FC,VH,5,A,62.0,112.0,59.6,135.0,4.5,701.0,68.4,152,23.1,564.0,13.3,656.0,88.4,93.0,30.1,259.0,61.3,246.0,52.9,1180.0,118.0,65.3,1180.0,55.2,98.0,62.1,77.0,77.3,389.0,76.4,313.0,64.1,502.0,64427.0,20.5,6.0,47.0,35.0,"Architecture,Physics & Astronomy,Communication & Media Studies,Education,Computer Science,Sport Science,Accounting & Finance,History, Philosophy & Theology,Chemical Engineering,Sociology,General Engineering,Geology, Environmental, Earth & Marine Sciences,Law,Medicine & Dentistry,Agriculture & Forestry,Politics & International Studies (incl Development Studies),Art, Performing Arts & Design,Mechanical & Aerospace Engineering,Chemistry,Archaeology,Biological Sciences,Psychology,Electrical & Electronic Engineering,Veterinary Science,Business & Management,Other Health,Mathematics & Statistics,Economics & Econometrics,Languages, Literature & Linguistics,Civil Engineering,Geography",Texas A&M University,United States
825.5,1100.5,XL,FC,HI,5,A,11.0,601.0,11.8,601.0,5.0,701.0,15.3,625,8.5,701.0,7.1,701.0,20.3,541.0,13.7,622.0,56.1,270.0,0.0,7800.0,700.5,0.0,7800.0,30.7,657.0,20.9,779.0,56.9,851.0,58.0,682.0,58.9,610.0,37331.0,21.1,6.0,50.0,32.0,"Electrical & Electronic Engineering,Physics & Astronomy,Art, Performing Arts & Design,Biological Sciences,Sport Science,Education,Archaeology,Agriculture & Forestry,Geography,Mechanical & Aerospace Engineering,Chemistry,Languages, Literature & Linguistics,Chemical Engineering,Sociology,General Engineering,Mathematics & Statistics,Psychology,Law,Civil Engineering,Geology, Environmental, Earth & Marine Sciences,Economics & Econometrics,Architecture,Communication & Media Studies,Business & Management,History, Philosophy & Theology,Politics & International Studies (incl Development Studies),Accounting & Finance",Texas Tech University,United States
600.0,675.5,XL,FC,HI,4,A,23.8,360.0,26.4,365.0,25.1,583.0,2.1,701,11.6,701.0,1.7,701.0,2.0,701.0,72.5,64.0,29.4,453.0,19.8,14610.0,1350.5,0.0,14610.0,26.3,927.0,19.1,861.0,25.7,1550.0,30.1,1180.0,38.1,1192.0,30488.0,11.4,1.0,64.0,28.0,"Other Health,History, Philosophy & Theology,Agriculture & Forestry,Accounting & Finance,Mechanical & Aerospace Engineering,Communication & Media Studies,Education,Computer Science,Geology, Environmental, Earth & Marine Sciences,Architecture,Physics & Astronomy,Sociology,General Engineering,Chemistry,Art, Performing Arts & Design,Civil Engineering,Politics & International Studies (incl Development Studies),Psychology,Medicine & Dentistry,Biological Sciences,Law,Languages, Literature & Linguistics,Electrical & Electronic Engineering,Chemical Engineering,Sport Science,Business & Management,Mathematics & Statistics,Economics & Econometrics,Geography",Thammasat University,Thailand
1300.5,1300.5,L,FC,MD,3,A,8.0,601.0,13.0,601.0,3.8,701.0,3.4,701,9.0,701.0,8.0,701.0,3.0,701.0,6.2,701.0,1.1,701.0,0.0,12980.0,1350.5,0.0,12980.0,13.2,1836.0,14.2,1189.0,40.6,1214.0,25.4,1321.0,53.1,708.0,17665.0,23.0,7.0,63.0,30.0,"Economics & Econometrics,Agriculture & Forestry,Other Health,Languages, Literature & Linguistics,Chemistry,Computer Science,General Engineering,Mathematics & Statistics,Architecture,Politics & International Studies (incl Development Studies),Civil Engineering,Physics & Astronomy,Geology, Environmental, Earth & Marine Sciences,Electrical & Electronic Engineering,Archaeology,Accounting & Finance,Business & Management,Mechanical & Aerospace Engineering,Biological Sciences,Medicine & Dentistry,Education,Sport Science",The Hashemite University,Jordan
65.0,65.0,L,CO,VH,3,A,68.1,97.0,30.2,323.0,68.0,192.0,88.8,77,100.0,40.0,87.4,133.0,42.0,362.0,49.2,138.0,92.8,73.0,68.7,880.0,87.0,68.2,880.0,45.7,192.0,54.1,117.0,94.5,53.0,87.4,181.0,96.3,29.0,20034.0,30.6,30.0,51.0,38.0,"Physics & Astronomy,Biological Sciences,Business & Management,Languages, Literature & Linguistics,Art, Performing Arts & Design,Sociology,Civil Engineering,Geology, Environmental, Earth & Marine Sciences,Economics & Econometrics,Communication & Media Studies,Chemistry,Electrical & Electronic Engineering,Computer Science,Accounting & Finance,Psychology,Chemical Engineering,Mechanical & Aerospace Engineering,History, Philosophy & Theology,Other Health,General Engineering,Mathematics & Statistics",The Hong Kong Polytechnic University,Hong Kong SAR
60.0,40.0,M,CO,VH,3,A,83.3,63.0,42.6,216.0,53.6,289.0,99.1,20,100.0,19.0,91.4,111.0,5.3,701.0,50.3,131.0,31.0,432.0,71.1,650.0,64.0,73.0,650.0,54.0,105.0,62.1,76.0,92.9,77.0,100.0,10.0,95.5,40.0,9794.0,19.9,30.0,54.0,44.0,"Mathematics & Statistics,Electrical & Electronic Engineering,Business & Management,Mechanical & Aerospace Engineering,Accounting & Finance,Civil Engineering,Physics & Astronomy,Geology, Environmental, Earth & Marine Sciences,Computer Science,Biological Sciences,Other Health,Chemical Engineering,Economics & Econometrics,General Engineering,Sociology,Chemistry",The Hong Kong University of Science and Technology,Hong Kong SAR
645.5,525.5,M,FO,VH,5,B,15.9,549.0,14.9,551.0,44.3,355.0,2.8,701,6.0,701.0,91.7,107.0,1.2,701.0,24.7,337.0,1.1,701.0,0.0,9350.0,900.5,0.0,9350.0,29.8,700.0,15.5,1084.0,45.8,1104.0,27.2,1258.0,61.1,561.0,8644.0,9.3,34.0,73.0,15.0,"Agriculture & Forestry,Economics & Econometrics,Communication & Media Studies,Languages, Literature & Linguistics,Biological Sciences,Business & Management,Computer Science,Politics & International Studies (incl Development Studies),Sociology,Architecture,History, Philosophy & Theology,Psychology,Art, Performing Arts & Design,Education",The New School,United States
975.5,1100.5,XL,CO,VH,5,A,9.7,601.0,19.0,471.0,5.9,701.0,12.8,681,8.9,701.0,2.7,701.0,8.8,701.0,13.3,646.0,16.3,588.0,0.0,6090.0,700.5,0.0,6090.0,26.0,933.0,21.2,757.0,64.4,684.0,46.6,873.0,39.3,1139.0,34810.0,21.6,4.0,57.0,29.0,"Civil Engineering,Chemistry,Economics & Econometrics,Accounting & Finance,Biological Sciences,Sport Science,Languages, Literature & Linguistics,Computer Science,Psychology,History, Philosophy & Theology,Chemical Engineering,Business & Management,Electrical & Electronic Engineering,Agriculture & Forestry,Politics & International Studies (incl Development Studies),Geology, Environmental, Earth & Marine Sciences,General Engineering,Art, Performing Arts & Design,Sociology,Other Health,Geography,Physics & Astronomy,Education,Communication & Media Studies,Mechanical & Aerospace Engineering,Law,Mathematics & Statistics",The University of Alabama,United States
43.0,50.0,XL,FC,VH,5,A,87.1,52.0,73.7,89.0,21.6,635.0,87.0,84,100.0,41.0,100.0,22.0,95.0,53.0,44.4,163.0,73.1,187.0,78.1,700.0,70.0,72.0,700.0,52.9,113.0,64.3,70.0,89.1,136.0,99.8,43.0,94.0,64.0,42847.0,39.1,42.0,55.0,21.0,"Art, Performing Arts & Design,Chemical Engineering,Politics & International Studies (incl Development Studies),Other Health,Physics & Astronomy,Law,Architecture,Mechanical & Aerospace Engineering,Communication & Media Studies,Languages, Literature & Linguistics,Civil Engineering,Chemistry,Economics & Econometrics,Medicine & Dentistry,Agriculture & Forestry,Education,General Engineering,Mathematics & Statistics,Psychology,Electrical & Electronic Engineering,Biological Sciences,Sociology,History, Philosophy & Theology,Sport Science,Business & Management,Archaeology,Geology, Environmental, Earth & Marine Sciences,Accounting & Finance,Computer Science,Veterinary Science,Geography",The University of Queensland,Australia
19.0,41.0,XL,FC,VH,5,A,96.0,31.0,87.7,57.0,11.8,701.0,93.5,63,99.5,89.0,100.0,13.0,91.9,70.0,88.1,42.0,99.7,7.0,86.7,600.0,60.0,73.8,600.0,52.6,115.0,68.9,54.0,92.0,93.0,97.7,91.0,90.2,127.0,57414.0,23.1,51.0,58.0,18.0,"Other Health,Geology, Environmental, Earth & Marine Sciences,Economics & Econometrics,Architecture,Veterinary Science,Business & Management,Art, Performing Arts & Design,Agriculture & Forestry,Law,Computer Science,Mathematics & Statistics,Psychology,Medicine & Dentistry,Mechanical & Aerospace Engineering,Politics & International Studies (incl Development Studies),History, Philosophy & Theology,Civil Engineering,Chemistry,Accounting & Finance,Electrical & Electronic Engineering,Physics & Astronomy,Education,Archaeology,Chemical Engineering,Communication & Media Studies,Languages, Literature & Linguistics,Biological Sciences,Geography,General Engineering,Sport Science,Sociology",The University of Sydney,Australia
28.0,23.0,L,FC,VH,5,A,100.0,7.0,99.8,9.0,90.4,84.0,70.0,148,10.3,701.0,29.2,427.0,70.0,196.0,99.8,11.0,99.7,5.0,84.3,290.0,29.0,83.1,290.0,93.9,11.0,94.2,14.0,67.8,608.0,100.0,27.0,49.7,814.0,26345.0,10.3,15.0,54.0,35.0,"Other Health,Biological Sciences,Geography,Mechanical & Aerospace Engineering,Geology, Environmental, Earth & Marine Sciences,General Engineering,Mathematics & Statistics,Psychology,Architecture,Electrical & Electronic Engineering,Chemistry,Languages, Literature & Linguistics,Veterinary Science,Law,Computer Science,Sport Science,Education,Medicine & Dentistry,Chemical Engineering,Politics & International Studies (incl Development Studies),Economics & Econometrics,Archaeology,Civil Engineering,Sociology,Business & Management,Art, Performing Arts & Design,Agriculture & Forestry,Communication & Media Studies,History, Philosophy & Theology,Physics & Astronomy,Accounting & Finance",The University of Tokyo,Japan
72.0,90.0,L,FC,VH,5,A,56.2,138.0,44.6,200.0,16.5,701.0,98.9,23,100.0,29.0,99.8,34.0,90.0,83.0,66.0,82.0,70.1,204.0,66.9,1440.0,143.0,62.7,1440.0,37.7,368.0,48.6,152.0,88.7,144.0,97.2,94.0,93.5,74.0,19382.0,22.4,26.0,50.0,23.0,"Physics & Astronomy,Electrical & Electronic Engineering,Civil Engineering,Politics & International Studies (incl Development Studies),Economics & Econometrics,Psychology,Veterinary Science,Biological Sciences,Sociology,Archaeology,Architecture,Sport Science,Chemical Engineering,History, Philosophy & Theology,Languages, Literature & Linguistics,Geography,Medicine & Dentistry,Chemistry,Mathematics & Statistics,Art, Performing Arts & Design,Business & Management,Law,Accounting & Finance,General Engineering,Geology, Environmental, Earth & Marine Sciences,Mechanical & Aerospace Engineering,Other Health,Computer Science,Communication & Media Studies,Agriculture & Forestry,Education",The University of Western Australia,Australia
285.0,307.0,L,CO,VH,4,A,18.7,477.0,8.6,601.0,34.7,461.0,98.2,31,24.3,544.0,27.4,446.0,18.6,555.0,24.0,351.0,25.6,488.0,36.1,2430.0,225.5,0.0,2430.0,46.1,188.0,47.6,160.0,71.4,526.0,93.5,133.0,55.3,670.0,26486.0,8.9,13.0,54.0,42.0,"Law,Electrical & Electronic Engineering,Mathematics & Statistics,Architecture,Education,Computer Science,Chemistry,Agriculture & Forestry,Veterinary Science,Politics & International Studies (incl Development Studies),Geology, Environmental, Earth & Marine Sciences,General Engineering,Languages, Literature & Linguistics,Biological Sciences,Sport Science,Accounting & Finance,Mechanical & Aerospace Engineering,Civil Engineering,Business & Management,Economics & Econometrics,Chemical Engineering",Tianjin University,China (Mainland)
371.0,398.0,L,FO,VH,4,A,15.2,573.0,33.4,294.0,10.4,701.0,44.2,302,96.6,131.0,58.4,259.0,9.4,683.0,14.1,602.0,31.0,432.0,29.9,2440.0,225.5,0.0,2440.0,32.8,556.0,44.9,190.0,80.1,320.0,82.6,234.0,84.5,196.0,13225.0,32.2,21.0,51.0,16.0,"Other Health,Economics & Econometrics,Law,Psychology,Education,Languages, Literature & Linguistics,History, Philosophy & Theology,Accounting & Finance,Sociology,Communication & Media Studies,Business & Management,Computer Science",Tilburg University,Netherlands
113.0,79.0,L,FC,VH,5,A,72.4,85.0,84.2,61.0,98.5,41.0,29.6,436,14.2,683.0,13.8,647.0,27.6,474.0,17.2,486.0,74.8,177.0,58.0,1310.0,130.0,63.8,1310.0,67.8,48.0,66.4,61.0,53.8,926.0,99.9,37.0,58.5,614.0,17409.0,11.8,12.0,28.0,32.0,"Architecture,Agriculture & Forestry,Chemistry,Business & Management,Electrical & Electronic Engineering,Communication & Media Studies,Economics & Econometrics,Civil Engineering,Geology, Environmental, Earth & Marine Sciences,Medicine & Dentistry,Physics & Astronomy,Archaeology,Biological Sciences,Geography,General Engineering,Sociology,Accounting & Finance,Languages, Literature & Linguistics,Chemical Engineering,Mathematics & Statistics,Psychology,History, Philosophy & Theology,Mechanical & Aerospace Engineering,Politics & International Studies (incl Development Studies),Art, Performing Arts & Design,Other Health,Veterinary Science,Education,Computer Science,Sport Science,Law",Tohoku University,Japan
1100.5,1100.5,L,FC,HI,2,B,11.4,601.0,6.4,601.0,14.4,701.0,3.0,701,6.0,701.0,3.1,701.0,1.6,701.0,7.8,701.0,1.2,701.0,0.0,14640.0,1350.5,0.0,14640.0,18.3,1534.0,12.0,1412.0,36.5,1294.0,46.0,881.0,30.4,1488.0,28334.0,16.0,4.0,27.0,20.0,"Chemical Engineering,Architecture,Biological Sciences,Law,Art, Performing Arts & Design,Politics & International Studies (incl Development Studies),Other Health,Sport Science,Economics & Econometrics,Electrical & Electronic Engineering,Communication & Media Studies,Psychology,History, Philosophy & Theology,Medicine & Dentistry,Physics & Astronomy,Accounting & Finance,Languages, Literature & Linguistics,Mechanical & Aerospace Engineering,Chemistry,Business & Management,Archaeology,Agriculture & Forestry,Geography,Computer Science,Mathematics & Statistics,Civil Engineering,Veterinary Science,Sociology,General Engineering,Geology, Environmental, Earth & Marine Sciences,Education",Tokai University,Japan
1100.5,725.5,M,FC,VH,4,A,4.8,601.0,1.9,601.0,66.3,200.0,6.6,701,2.7,701.0,2.4,701.0,1.2,701.0,9.0,701.0,1.0,701.0,0.0,14650.0,1350.5,0.0,14650.0,29.2,738.0,24.0,654.0,24.4,1577.0,81.6,243.0,26.4,1651.0,7482.0,9.7,2.0,35.0,18.0,"Mechanical & Aerospace Engineering,General Engineering,Civil Engineering,Agriculture & Forestry,Medicine & Dentistry,Languages, Literature & Linguistics,History, Philosophy & Theology,Biological Sciences,Chemical Engineering,Other Health,Art, Performing Arts & Design,Electrical & Electronic Engineering",Tokushima University,Japan
615.5,392.0,S,FO,VH,4,A,11.5,601.0,5.8,601.0,100.0,10.0,18.2,580,3.5,701.0,15.3,614.0,1.2,701.0,8.0,701.0,1.1,701.0,0.0,4890.0,450.5,0.0,4890.0,46.7,178.0,31.3,435.0,53.4,938.0,99.0,68.0,39.0,1153.0,2990.0,4.4,12.0,57.0,7.0,"History, Philosophy & Theology,Sport Science,Archaeology,Architecture,Biological Sciences,Sociology,Other Health,Geology, Environmental, Earth & Marine Sciences,Chemistry,Mechanical & Aerospace Engineering,Computer Science,Veterinary Science,Business & Management,Communication & Media Studies,Education,Art, Performing Arts & Design,Languages, Literature & Linguistics,Civil Engineering,Law,Accounting & Finance,Agriculture & Forestry,Politics & International Studies (incl Development Studies),Electrical & Electronic Engineering,General Engineering,Psychology,Mathematics & Statistics,Geography,Medicine & Dentistry,Chemical Engineering,Economics & Econometrics,Physics & Astronomy",Tokyo Medical and Dental University (TMDU),Japan
975.5,725.5,M,CO,VH,2,A,12.6,601.0,5.4,601.0,28.7,536.0,14.3,648,6.9,701.0,6.3,701.0,2.3,701.0,8.8,701.0,1.1,701.0,0.0,11850.0,1100.5,0.0,11850.0,29.8,702.0,16.2,1038.0,39.2,1236.0,48.0,846.0,36.5,1261.0,8903.0,10.9,7.0,39.0,39.0,"Economics & Econometrics,Communication & Media Studies,Psychology,Medicine & Dentistry,Other Health,Business & Management,Geography,Mathematics & Statistics,Chemistry,Sport Science,Archaeology,Chemical Engineering,Architecture,Mechanical & Aerospace Engineering,Education,Biological Sciences,Electrical & Electronic Engineering,Law,Geology, Environmental, Earth & Marine Sciences,Computer Science,Politics & International Studies (incl Development Studies),Civil Engineering,Languages, Literature & Linguistics,Accounting & Finance,Physics & Astronomy,General Engineering,Sociology,Art, Performing Arts & Design,History, Philosophy & Theology,Agriculture & Forestry",Tokyo Metropolitan University,Japan
665.5,900.5,L,FO,VH,4,B,11.0,601.0,54.8,149.0,10.6,701.0,11.7,701,13.3,696.0,3.8,701.0,1.2,701.0,29.8,267.0,7.0,701.0,0.0,14670.0,1350.5,0.0,14670.0,24.0,1082.0,26.1,569.0,26.4,1531.0,74.0,348.0,29.1,1539.0,17662.0,24.0,4.0,25.0,37.0,"Mathematics & Statistics,Biological Sciences,Geology, Environmental, Earth & Marine Sciences,Civil Engineering,Architecture,Other Health,Physics & Astronomy,Accounting & Finance,Economics & Econometrics,General Engineering,Mechanical & Aerospace Engineering,Computer Science,Chemical Engineering,Chemistry,Electrical & Electronic Engineering,Business & Management",Tokyo University of Science,Japan
418.0,264.0,M,CO,VH,5,A,23.1,376.0,10.9,601.0,99.4,32.0,5.1,701,23.7,555.0,91.5,109.0,23.4,514.0,7.3,701.0,3.0,701.0,26.9,5940.0,550.5,0.0,5940.0,49.2,140.0,40.0,250.0,31.8,1407.0,53.8,741.0,79.1,264.0,7930.0,11.6,37.0,54.0,41.0,"Sociology,Education,Sport Science,Business & Management,Medicine & Dentistry,Civil Engineering,Communication & Media Studies,Mathematics & Statistics,Politics & International Studies (incl Development Studies),Accounting & Finance,Mechanical & Aerospace Engineering,Computer Science,Physics & Astronomy,General Engineering,Geology, Environmental, Earth & Marine Sciences,Psychology,Chemistry,Law,Biological Sciences,History, Philosophy & Theology,Archaeology,Art, Performing Arts & Design,Economics & Econometrics,Electrical & Electronic Engineering,Other Health,Languages, Literature & Linguistics,Chemical Engineering,Geography,Agriculture & Forestry",Tomsk State University,Russia
725.5,1100.5,L,FO,VH,3,B,4.2,601.0,10.2,601.0,5.1,701.0,34.6,394,18.4,610.0,1.6,701.0,84.9,117.0,11.8,701.0,6.8,701.0,0.0,7830.0,700.5,0.0,7830.0,12.9,1853.0,16.0,1052.0,90.6,117.0,20.9,1490.0,63.1,517.0,28400.0,21.9,1.0,57.0,42.0,"Sport Science,Accounting & Finance,Languages, Literature & Linguistics,Geology, Environmental, Earth & Marine Sciences,Art, Performing Arts & Design,Chemical Engineering,Electrical & Electronic Engineering,Law,Civil Engineering,Other Health,Mathematics & Statistics,General Engineering,Education,Computer Science,Business & Management,Biological Sciences,Architecture,Sociology",Ton Duc Thang University,Vietnam
216.0,212.0,XL,FC,VH,5,A,34.4,251.0,13.1,601.0,28.8,534.0,91.8,70,56.7,327.0,32.6,396.0,21.3,534.0,18.0,464.0,65.4,225.0,43.5,1860.0,185.0,59.6,1860.0,50.0,136.0,53.6,120.0,69.5,570.0,85.4,204.0,67.7,438.0,31632.0,11.3,15.0,41.0,41.0,"Art, Performing Arts & Design,Electrical & Electronic Engineering,Civil Engineering,Other Health,Agriculture & Forestry,History, Philosophy & Theology,Sport Science,Chemical Engineering,General Engineering,Medicine & Dentistry,Mathematics & Statistics,Sociology,Geology, Environmental, Earth & Marine Sciences,Politics & International Studies (incl Development Studies),Geography,Economics & Econometrics,Psychology,Computer Science,Mechanical & Aerospace Engineering,Chemistry,Architecture,Business & Management,Law,Biological Sciences,Physics & Astronomy,Communication & Media Studies,Languages, Literature & Linguistics,Education,Veterinary Science,Accounting & Finance",Tongji University,China (Mainland)
25.0,14.0,XL,FC,VH,4,A,99.1,16.0,96.9,27.0,93.9,67.0,98.9,22,9.4,701.0,15.7,603.0,47.8,328.0,82.2,47.0,55.8,271.0,84.9,120.0,12.0,92.4,120.0,95.3,9.0,98.1,5.0,93.2,73.0,99.9,38.0,51.7,752.0,38518.0,11.2,10.0,54.0,42.0,"Mechanical & Aerospace Engineering,Sociology,Architecture,Civil Engineering,Politics & International Studies (incl Development Studies),Other Health,Chemistry,Accounting & Finance,Archaeology,Physics & Astronomy,Business & Management,Electrical & Electronic Engineering,Geography,Medicine & Dentistry,Chemical Engineering,Psychology,History, Philosophy & Theology,Mathematics & Statistics,Law,Languages, Literature & Linguistics,Biological Sciences,Education,General Engineering,Geology, Environmental, Earth & Marine Sciences,Economics & Econometrics,Art, Performing Arts & Design,Computer Science,Sport Science,Communication & Media Studies",Tsinghua University,China (Mainland)
379.0,312.0,L,FC,VH,5,B,18.1,497.0,5.3,601.0,56.2,263.0,42.9,312,25.2,532.0,36.2,374.0,18.9,552.0,47.7,143.0,50.9,301.0,29.4,1920.0,191.0,59.2,1920.0,51.5,122.0,35.0,350.0,87.5,164.0,71.7,392.0,62.8,526.0,11611.0,10.5,16.0,57.0,17.0,"Computer Science,History, Philosophy & Theology,Architecture,Medicine & Dentistry,Veterinary Science,Civil Engineering,Sociology,Other Health,Biological Sciences,Business & Management,Languages, Literature & Linguistics,Agriculture & Forestry,Mathematics & Statistics,Archaeology,Politics & International Studies (incl Development Studies),Economics & Econometrics,General Engineering,Physics & Astronomy,Art, Performing Arts & Design,Mechanical & Aerospace Engineering,Geology, Environmental, Earth & Marine Sciences,Education,Electrical & Electronic Engineering,Chemistry,Psychology,Chemical Engineering,Law,Communication & Media Studies,Geography",Tufts University,United States
600.0,471.0,L,FC,HI,5,B,9.6,601.0,5.0,601.0,81.5,134.0,10.4,701,16.9,631.0,14.5,630.0,45.5,339.0,22.7,367.0,21.4,531.0,19.8,4920.0,450.5,0.0,4920.0,42.9,244.0,24.4,636.0,73.1,481.0,67.8,485.0,50.7,785.0,12217.0,7.7,9.0,60.0,13.0,"Architecture,Chemical Engineering,Education,Computer Science,Communication & Media Studies,Accounting & Finance,Physics & Astronomy,Economics & Econometrics,Other Health,Chemistry,Psychology,General Engineering,Geology, Environmental, Earth & Marine Sciences,Art, Performing Arts & Design,Agriculture & Forestry,Law,History, Philosophy & Theology,Sport Science,Medicine & Dentistry,Mathematics & Statistics,Sociology,Languages, Literature & Linguistics,Biological Sciences,Business & Management,Mechanical & Aerospace Engineering,Politics & International Studies (incl Development Studies)",Tulane University,United States
1300.5,1300.5,L,CO,HI,4,C,6.2,601.0,6.1,601.0,5.2,701.0,4.5,701,10.2,701.0,9.3,701.0,1.1,701.0,12.6,688.0,3.9,701.0,0.0,14720.0,1350.5,0.0,14720.0,16.5,1665.0,14.4,1172.0,37.8,1264.0,49.4,822.0,46.6,915.0,15201.0,20.4,10.0,55.0,35.0,"Law,Art, Performing Arts & Design,Architecture,Computer Science,Chemistry,Mechanical & Aerospace Engineering,Geology, Environmental, Earth & Marine Sciences,Chemical Engineering,Politics & International Studies (incl Development Studies),History, Philosophy & Theology,Biological Sciences,Languages, Literature & Linguistics,Mathematics & Statistics,Sociology,Electrical & Electronic Engineering,Accounting & Finance,Business & Management,Education,Physics & Astronomy,Sport Science,Economics & Econometrics",Tunghai University,Taiwan
9.0,8.0,XL,FC,VH,5,A,99.5,13.0,97.9,22.0,98.4,43.0,74.3,131,99.1,96.0,100.0,15.0,100.0,2.0,51.6,126.0,92.5,74.0,92.4,220.0,22.0,88.1,220.0,78.4,26.0,86.4,24.0,98.6,9.0,75.2,335.0,97.9,8.0,41110.0,11.3,61.0,59.0,21.0,"Medicine & Dentistry,Sport Science,Law,General Engineering,Physics & Astronomy,Mathematics & Statistics,Communication & Media Studies,Languages, Literature & Linguistics,Civil Engineering,Politics & International Studies (incl Development Studies),Business & Management,Computer Science,Education,Architecture,Electrical & Electronic Engineering,Psychology,Other Health,Sociology,Biological Sciences,Geography,History, Philosophy & Theology,Art, Performing Arts & Design,Chemical Engineering,Geology, Environmental, Earth & Marine Sciences,Economics & Econometrics,Archaeology,Mechanical & Aerospace Engineering,Chemistry",UCL,United Kingdom
266.0,197.0,S,FO,VH,2,A,15.0,579.0,11.9,601.0,84.1,114.0,98.6,25,41.5,399.0,10.9,692.0,1.2,701.0,8.4,701.0,1.8,701.0,37.7,2010.0,199.0,58.7,2010.0,47.7,163.0,40.8,238.0,85.0,210.0,94.6,124.0,46.5,920.0,3799.0,11.8,9.0,28.0,42.0,"General Engineering,Physics & Astronomy,Biological Sciences,Computer Science,Business & Management,Mathematics & Statistics,Mechanical & Aerospace Engineering,Chemical Engineering,Geology, Environmental, Earth & Marine Sciences,Chemistry,Civil Engineering,Accounting & Finance,Electrical & Electronic Engineering,Economics & Econometrics",Ulsan National Institute of Science and Technology (UNIST),South Korea
498.0,625.5,L,CO,VH,4,A,8.4,601.0,13.0,601.0,11.9,701.0,12.1,697,100.0,72.0,90.5,117.0,38.5,388.0,11.6,701.0,63.7,230.0,23.2,7870.0,700.5,0.0,7870.0,21.3,1284.0,22.4,718.0,62.0,738.0,50.1,807.0,82.4,216.0,19825.0,20.1,10.0,56.0,23.0,"Architecture,Sport Science,Computer Science,Communication & Media Studies,History, Philosophy & Theology,Civil Engineering,Business & Management,General Engineering,Geology, Environmental, Earth & Marine Sciences,Accounting & Finance,Chemical Engineering,Psychology,Art, Performing Arts & Design,Mechanical & Aerospace Engineering,Education,Languages, Literature & Linguistics,Other Health,Sociology,Medicine & Dentistry,Politics & International Studies (incl Development Studies),Electrical & Electronic Engineering,Law,Economics & Econometrics,Biological Sciences",Ulster University,United Kingdom
290.0,296.0,M,FC,VH,3,A,28.3,310.0,37.8,257.0,52.6,299.0,13.8,659,100.0,16.0,38.7,356.0,56.5,273.0,60.9,96.0,16.3,588.0,35.9,3460.0,325.5,0.0,3460.0,27.0,879.0,34.5,364.0,83.2,258.0,77.4,299.0,89.1,137.0,8147.0,12.6,18.0,74.0,31.0,"Geology, Environmental, Earth & Marine Sciences,Politics & International Studies (incl Development Studies),Chemical Engineering,Biological Sciences,Sociology,Agriculture & Forestry,Other Health,Communication & Media Studies,Archaeology,Veterinary Science,History, Philosophy & Theology,Architecture,Education,Business & Management,Psychology,Law,Mathematics & Statistics,Accounting & Finance,Computer Science,Mechanical & Aerospace Engineering,Art, Performing Arts & Design,Medicine & Dentistry,Civil Engineering,Chemistry,Languages, Literature & Linguistics,General Engineering,Physics & Astronomy,Electrical & Electronic Engineering,Economics & Econometrics,Geography",United Arab Emirates University,United Arab Emirates
1401.0,1300.5,XL,FO,HI,3,B,5.5,601.0,2.2,601.0,4.9,701.0,2.9,701,11.1,701.0,1.4,701.0,1.9,701.0,8.5,701.0,1.7,701.0,0.0,10150.0,1100.5,0.0,10150.0,12.5,1860.0,12.2,1386.0,54.5,897.0,16.1,1848.0,55.4,669.0,30336.0,25.5,1.0,65.0,23.0,"Civil Engineering,Business & Management,Law,Education,Other Health,Computer Science,Medicine & Dentistry,Architecture,Chemical Engineering,Psychology,Communication & Media Studies",Universidad Autónoma de Chile,Chile
1300.5,1300.5,XL,CO,HI,5,A,11.7,601.0,5.8,601.0,2.2,701.0,2.7,701,1.5,701.0,1.1,701.0,1.1,701.0,2.7,701.0,3.2,701.0,0.0,17420.0,1501.0,0.0,17420.0,12.0,1878.0,9.4,1737.0,16.9,1735.0,24.1,1366.0,29.2,1534.0,50145.0,35.2,0.0,63.0,31.0,"History, Philosophy & Theology,Geography,Architecture,Geology, Environmental, Earth & Marine Sciences,Accounting & Finance,Economics & Econometrics,Communication & Media Studies,Agriculture & Forestry,Physics & Astronomy,Medicine & Dentistry,Politics & International Studies (incl Development Studies),Business & Management,General Engineering,Mathematics & Statistics,Biological Sciences,Art, Performing Arts & Design,Other Health,Chemical Engineering,Sociology,Computer Science,Law,Veterinary Science,Education,Chemistry,Sport Science,Languages, Literature & Linguistics",Universidad Nacional del Litoral,Argentina
665.5,545.5,L,FO,HI,4,B,8.7,601.0,22.0,427.0,81.5,133.0,1.2,701,10.5,701.0,2.5,701.0,1.2,701.0,49.4,137.0,1.0,701.0,0.0,17880.0,1501.0,0.0,17880.0,23.9,1086.0,9.1,1785.0,12.0,1824.0,16.0,1867.0,43.9,995.0,15469.0,7.8,2.0,48.0,36.0,"Architecture,Computer Science,Communication & Media Studies,Education,Medicine & Dentistry,History, Philosophy & Theology,Business & Management,Mechanical & Aerospace Engineering,Economics & Econometrics,Psychology,Electrical & Electronic Engineering,General Engineering,Other Health,Civil Engineering,Politics & International Studies (incl Development Studies),Mathematics & Statistics,Accounting & Finance,Art, Performing Arts & Design,Sociology,Law",Universidad Panamericana (UP),Mexico
1300.5,1300.5,L,FC,MD,5,A,4.9,601.0,5.4,601.0,4.0,701.0,4.3,701,2.2,701.0,1.1,701.0,1.0,701.0,6.8,701.0,11.0,656.0,0.0,12410.0,1350.5,0.0,12410.0,13.8,1812.0,9.1,1776.0,56.8,853.0,17.2,1735.0,41.2,1074.0,21749.0,21.3,1.0,59.0,23.0,"Mathematics & Statistics,Accounting & Finance,Other Health,Law,Biological Sciences,Medicine & Dentistry,Politics & International Studies (incl Development Studies),General Engineering,Economics & Econometrics,Communication & Media Studies,Chemistry,Civil Engineering,Languages, Literature & Linguistics,History, Philosophy & Theology,Computer Science,Education,Physics & Astronomy,Chemical Engineering",Universidad de Cartagena,Colombia
1100.5,900.5,XL,FC,MD,4,A,18.2,492.0,15.0,549.0,8.1,701.0,2.0,701,2.2,701.0,1.4,701.0,1.2,701.0,10.0,701.0,2.1,701.0,0.0,18900.0,1501.0,0.0,18900.0,23.2,1144.0,8.7,1838.0,12.2,1819.0,17.9,1680.0,40.6,1102.0,33442.0,8.9,1.0,50.0,29.0,"History, Philosophy & Theology,Mechanical & Aerospace Engineering,Communication & Media Studies,Sport Science,Politics & International Studies (incl Development Studies),Other Health,Mathematics & Statistics,Accounting & Finance,Architecture,Chemical Engineering,Geography,Medicine & Dentistry,Biological Sciences,Sociology,Computer Science,Agriculture & Forestry,Business & Management,General Engineering,Chemistry,Economics & Econometrics,Languages, Literature & Linguistics,Physics & Astronomy,Psychology,Art, Performing Arts & Design,Electrical & Electronic Engineering,Geology, Environmental, Earth & Marine Sciences,Civil Engineering,Education",Universidad del Valle,Colombia
1300.5,1300.5,XL,FC,HI,4,A,9.1,601.0,2.4,601.0,8.9,701.0,3.1,701,5.4,701.0,1.5,701.0,4.3,701.0,8.1,701.0,4.4,701.0,0.0,12690.0,1350.5,0.0,12690.0,27.5,842.0,12.3,1376.0,30.5,1428.0,19.7,1547.0,28.4,1563.0,51291.0,19.9,0.0,41.0,22.0,"Physics & Astronomy,History, Philosophy & Theology,Other Health,Sociology,Mathematics & Statistics,Archaeology,Computer Science,Mechanical & Aerospace Engineering,General Engineering,Sport Science,Electrical & Electronic Engineering,Economics & Econometrics,Communication & Media Studies,Art, Performing Arts & Design,Education,Veterinary Science,Medicine & Dentistry,Politics & International Studies (incl Development Studies),Geology, Environmental, Earth & Marine Sciences,Chemical Engineering,Psychology,Geography,Languages, Literature & Linguistics,Chemistry,Law,Accounting & Finance,Biological Sciences,Civil Engineering,Business & Management,Architecture",Universidade Federal da Bahia,Brazil
1300.5,1300.5,XL,FC,HI,4,A,7.3,601.0,3.1,601.0,7.7,701.0,5.8,701,1.4,701.0,1.3,701.0,3.2,701.0,4.3,701.0,24.8,490.0,0.0,12700.0,1350.5,0.0,12700.0,24.2,1069.0,16.6,1001.0,24.6,1573.0,44.5,903.0,27.2,1609.0,40899.0,19.8,1.0,44.0,24.0,"Civil Engineering,Politics & International Studies (incl Development Studies),Mechanical & Aerospace Engineering,Communication & Media Studies,General Engineering,Chemistry,Psychology,Architecture,Biological Sciences,Law,History, Philosophy & Theology,Agriculture & Forestry,Mathematics & Statistics,Accounting & Finance,Art, Performing Arts & Design,Computer Science,Veterinary Science,Sociology,Languages, Literature & Linguistics,Other Health,Geology, Environmental, Earth & Marine Sciences,Economics & Econometrics,Electrical & Electronic Engineering,Physics & Astronomy,Education,Business & Management,Medicine & Dentistry,Sport Science,Chemical Engineering,Geography",Universidade Federal do Ceará (UFC),Brazil
1300.5,1100.5,XL,FC,HI,4,A,9.4,601.0,4.0,601.0,17.6,701.0,2.6,701,3.8,701.0,1.2,701.0,5.7,701.0,7.6,701.0,2.4,701.0,0.0,12660.0,1350.5,0.0,12660.0,31.8,595.0,13.5,1251.0,24.6,1572.0,26.3,1286.0,30.4,1485.0,22879.0,9.4,0.0,56.0,24.0,"Languages, Literature & Linguistics,Chemical Engineering,Geography,History, Philosophy & Theology,Biological Sciences,Law,Art, Performing Arts & Design,Civil Engineering,Sociology,Other Health,Mathematics & Statistics,General Engineering,Communication & Media Studies,Accounting & Finance,Computer Science,Chemistry,Business & Management,Archaeology,Sport Science,Education,Electrical & Electronic Engineering,Mechanical & Aerospace Engineering,Politics & International Studies (incl Development Studies),Architecture,Physics & Astronomy,Psychology,Medicine & Dentistry,Geology, Environmental, Earth & Marine Sciences,Economics & Econometrics",Universidade do Estado do Rio de Janeiro (UERJ),Brazil
1401.0,1300.5,XL,CO,HI,4,A,6.9,601.0,3.9,601.0,4.9,701.0,1.4,701,2.1,701.0,1.1,701.0,1.0,701.0,6.1,701.0,1.1,701.0,0.0,15250.0,1501.0,0.0,15250.0,24.7,1024.0,12.7,1333.0,16.5,1739.0,36.1,1070.0,33.2,1384.0,32695.0,22.0,1.0,58.0,25.0,"Veterinary Science,Accounting & Finance,Agriculture & Forestry,Economics & Econometrics,Medicine & Dentistry,Chemistry,Electrical & Electronic Engineering,Communication & Media Studies,Law,Mechanical & Aerospace Engineering,Politics & International Studies (incl Development Studies),General Engineering,Architecture,Biological Sciences,Computer Science,Physics & Astronomy,History, Philosophy & Theology,Mathematics & Statistics,Other Health,Geology, Environmental, Earth & Marine Sciences,Languages, Literature & Linguistics,Civil Engineering,Sociology,Business & Management",Universitas Andalas,Indonesia
665.5,775.5,XL,FO,VH,4,A,16.8,525.0,34.0,287.0,36.6,433.0,1.4,701,24.0,549.0,1.7,701.0,1.2,701.0,22.0,375.0,24.8,490.0,0.0,17860.0,1501.0,0.0,17860.0,28.5,777.0,12.2,1391.0,19.2,1700.0,23.6,1379.0,34.3,1348.0,35498.0,11.3,1.0,59.0,17.0,"Languages, Literature & Linguistics,Chemistry,Psychology,Architecture,Mathematics & Statistics,Business & Management,Medicine & Dentistry,Communication & Media Studies,Art, Performing Arts & Design,Biological Sciences,Geography,Veterinary Science,Education,Archaeology,Physics & Astronomy,Agriculture & Forestry,Politics & International Studies (incl Development Studies),Economics & Econometrics,Computer Science,Geology, Environmental, Earth & Marine Sciences,History, Philosophy & Theology,Sport Science,Law,Other Health,Sociology,Accounting & Finance",Universitas Padjadjaran,Indonesia
1100.5,1100.5,XL,FC,HI,3,A,10.7,601.0,11.5,601.0,13.6,701.0,1.5,701,10.3,701.0,2.0,701.0,1.0,701.0,7.5,701.0,7.0,701.0,0.0,14150.0,1350.5,0.0,14150.0,19.3,1445.0,19.3,852.0,33.9,1356.0,48.3,835.0,33.3,1383.0,27580.0,16.9,2.0,64.0,20.0,"Electrical & Electronic Engineering,Politics & International Studies (incl Development Studies),Medicine & Dentistry,Sport Science,Business & Management,History, Philosophy & Theology,Agriculture & Forestry,Communication & Media Studies,Accounting & Finance,Architecture,Biological Sciences,Law,Mechanical & Aerospace Engineering,Geography,General Engineering,Physics & Astronomy,Other Health,Mathematics & Statistics,Education,Computer Science,Chemistry,Psychology,Languages, Literature & Linguistics,Chemical Engineering,Geology, Environmental, Earth & Marine Sciences,Economics & Econometrics,Art, Performing Arts & Design,Civil Engineering,Sociology",Universitas Sebelas Maret,Indonesia
1300.5,1300.5,XL,FC,HI,4,A,7.6,601.0,6.2,601.0,21.0,646.0,1.3,701,9.8,701.0,2.4,701.0,1.0,701.0,9.2,701.0,5.3,701.0,0.0,18630.0,1501.0,0.0,18630.0,16.5,1664.0,10.5,1594.0,26.6,1526.0,17.1,1751.0,27.6,1600.0,35761.0,19.2,2.0,54.0,23.0,"Sociology,General Engineering,Languages, Literature & Linguistics,Art, Performing Arts & Design,Medicine & Dentistry,Physics & Astronomy,Business & Management,Chemical Engineering,Other Health,Civil Engineering,Accounting & Finance,Communication & Media Studies,Economics & Econometrics,History, Philosophy & Theology,Agriculture & Forestry,Architecture,Politics & International Studies (incl Development Studies),Chemistry,Computer Science,Law,Biological Sciences,Electrical & Electronic Engineering,Mathematics & Statistics,Mechanical & Aerospace Engineering,Psychology",Universitas Sumatera Utara,Indonesia
625.5,675.5,L,CO,HI,3,B,10.4,601.0,43.7,208.0,6.3,701.0,8.5,701,94.7,153.0,32.2,399.0,2.4,701.0,15.6,535.0,1.4,701.0,0.0,7550.0,700.5,0.0,7550.0,20.7,1325.0,18.2,911.0,70.3,556.0,32.1,1141.0,72.6,369.0,15125.0,22.6,20.0,51.0,24.0,"Education,Chemistry,General Engineering,Sociology,Business & Management,Other Health,Biological Sciences,Communication & Media Studies,Chemical Engineering,Politics & International Studies (incl Development Studies),Law,Architecture,Electrical & Electronic Engineering,Computer Science,Psychology,Geology, Environmental, Earth & Marine Sciences,History, Philosophy & Theology,Accounting & Finance,Sport Science",Universitat Ramon Llull,Spain
1100.5,900.5,M,FO,VH,2,A,7.3,601.0,5.5,601.0,24.1,590.0,7.5,701,2.0,701.0,4.0,701.0,1.6,701.0,9.0,701.0,15.6,601.0,0.0,13430.0,1350.5,0.0,13430.0,21.6,1259.0,12.5,1360.0,46.0,1099.0,26.0,1301.0,33.3,1381.0,10836.0,13.6,3.0,47.0,39.0,"Chemical Engineering,Mathematics & Statistics,Business & Management,Civil Engineering,Electrical & Electronic Engineering,General Engineering,Accounting & Finance,Economics & Econometrics,Languages, Literature & Linguistics,Mechanical & Aerospace Engineering,Communication & Media Studies",Universiti Malaysia Perlis,Malaysia
1100.5,1100.5,L,FC,HI,3,A,13.6,601.0,10.0,601.0,7.8,701.0,3.3,701,9.8,701.0,4.0,701.0,1.7,701.0,9.6,701.0,2.0,701.0,0.0,18860.0,1501.0,0.0,18860.0,17.8,1575.0,14.3,1184.0,25.0,1565.0,21.8,1450.0,41.8,1063.0,17316.0,16.6,4.0,66.0,28.0,"Art, Performing Arts & Design,Agriculture & Forestry,Sociology,Medicine & Dentistry,Communication & Media Studies,Mechanical & Aerospace Engineering,Veterinary Science,Geography,Civil Engineering,Sport Science,Education,Languages, Literature & Linguistics,Biological Sciences,Psychology,Electrical & Electronic Engineering,Geology, Environmental, Earth & Marine Sciences,Economics & Econometrics,History, Philosophy & Theology,Politics & International Studies (incl Development Studies),Business & Management,General Engineering,Chemistry,Other Health,Chemical Engineering,Mathematics & Statistics,Accounting & Finance,Computer Science,Physics & Astronomy",Universiti Malaysia Sabah (UMS),Malaysia
1100.5,1100.5,L,FC,HI,3,A,12.6,601.0,8.7,601.0,11.9,701.0,3.0,701,37.3,433.0,8.7,701.0,1.3,701.0,8.9,701.0,1.2,701.0,0.0,11080.0,1100.5,0.0,11080.0,29.9,696.0,19.3,850.0,22.9,1616.0,66.9,505.0,61.0,565.0,12158.0,14.9,13.0,71.0,29.0,"Art, Performing Arts & Design,Civil Engineering,Psychology,Languages, Literature & Linguistics,Chemistry,Electrical & Electronic Engineering,Sociology,Other Health,Biological Sciences,Economics & Econometrics,Agriculture & Forestry,Business & Management,Computer Science,Politics & International Studies (incl Development Studies),Chemical Engineering,Architecture,Communication & Media Studies,Medicine & Dentistry,Geology, Environmental, Earth & Marine Sciences,Accounting & Finance,Mechanical & Aerospace Engineering,Geography",Universiti Malaysia Sarawak (UNIMAS),Malaysia
1100.5,1100.5,M,FO,VH,2,A,10.0,601.0,4.6,601.0,10.8,701.0,9.3,701,12.9,701.0,6.7,701.0,7.4,701.0,8.6,701.0,23.7,506.0,0.0,11890.0,1100.5,0.0,11890.0,19.1,1463.0,18.7,886.0,47.6,1071.0,30.1,1181.0,49.7,815.0,10143.0,16.8,5.0,69.0,34.0,"Physics & Astronomy,Chemistry,Biological Sciences,Accounting & Finance,Business & Management,Agriculture & Forestry,Geology, Environmental, Earth & Marine Sciences,Chemical Engineering,Computer Science,Economics & Econometrics,Politics & International Studies (incl Development Studies),Mathematics & Statistics,Communication & Media Studies",Universiti Malaysia Terengganu (UMT),Malaysia
765.5,725.5,S,SP,Unknown,3,C,7.3,601.0,13.8,588.0,49.1,317.0,14.6,644,5.7,701.0,50.2,291.0,3.0,701.0,10.4,701.0,1.8,701.0,0.0,7780.0,700.5,0.0,7780.0,25.1,1000.0,16.8,987.0,58.0,825.0,70.8,413.0,60.8,570.0,4300.0,9.0,19.0,32.0,45.0,"General Engineering,Accounting & Finance,Civil Engineering,Business & Management,Electrical & Electronic Engineering,Computer Science,Mechanical & Aerospace Engineering,Economics & Econometrics",Universiti Tenaga Nasional (UNITEN),Malaysia
825.5,900.5,L,FC,HI,2,B,12.9,601.0,36.4,269.0,11.1,701.0,5.1,701,8.4,701.0,3.3,701.0,2.1,701.0,9.7,701.0,30.7,438.0,0.0,11880.0,1100.5,0.0,11880.0,16.8,1649.0,17.1,969.0,48.1,1059.0,53.6,743.0,45.3,956.0,19080.0,17.2,9.0,51.0,37.0,"Architecture,Art, Performing Arts & Design,Psychology,Economics & Econometrics,Mechanical & Aerospace Engineering,Accounting & Finance,Agriculture & Forestry,Languages, Literature & Linguistics,Chemistry,Other Health,Biological Sciences,Physics & Astronomy,Business & Management,Electrical & Electronic Engineering,General Engineering,Civil Engineering,Education,Sociology,Communication & Media Studies,Computer Science,Geology, Environmental, Earth & Marine Sciences,Medicine & Dentistry,Chemical Engineering,Mathematics & Statistics",Universiti Tunku Abdul Rahman (UTAR),Malaysia
292.0,303.0,L,FC,VH,5,A,28.4,309.0,36.3,270.0,29.4,528.0,21.6,534,94.8,152.0,47.1,308.0,25.1,496.0,23.5,360.0,96.1,46.0,35.7,3470.0,325.5,0.0,3470.0,28.3,793.0,31.6,430.0,82.4,279.0,75.9,319.0,77.2,296.0,18567.0,21.1,16.0,59.0,22.0,"Other Health,Civil Engineering,Architecture,Sociology,Art, Performing Arts & Design,Mechanical & Aerospace Engineering,Agriculture & Forestry,Biological Sciences,Languages, Literature & Linguistics,Physics & Astronomy,Economics & Econometrics,Business & Management,Psychology,Mathematics & Statistics,General Engineering,Archaeology,Geography,Medicine & Dentistry,Law,Chemical Engineering,Geology, Environmental, Earth & Marine Sciences,Electrical & Electronic Engineering,Sport Science,Accounting & Finance,Computer Science,Education,Chemistry,History, Philosophy & Theology,Politics & International Studies (incl Development Studies)",University College Cork,Ireland
171.0,181.0,L,FC,VH,5,A,49.8,162.0,41.3,226.0,20.7,652.0,38.9,354,98.8,101.0,60.8,245.0,50.5,309.0,69.0,75.0,70.1,204.0,48.8,2450.0,225.5,0.0,2450.0,34.3,485.0,41.3,232.0,84.0,238.0,75.1,337.0,88.1,151.0,23405.0,20.7,25.0,54.0,27.0,"Law,Chemistry,General Engineering,Politics & International Studies (incl Development Studies),Sport Science,Archaeology,Education,Economics & Econometrics,Biological Sciences,Computer Science,Veterinary Science,Civil Engineering,Medicine & Dentistry,Business & Management,Agriculture & Forestry,Architecture,Accounting & Finance,Psychology,Communication & Media Studies,Physics & Astronomy,Electrical & Electronic Engineering,History, Philosophy & Theology,Chemical Engineering,Mechanical & Aerospace Engineering,Art, Performing Arts & Design,Languages, Literature & Linguistics,Mathematics & Statistics,Other Health,Geography,Geology, Environmental, Earth & Marine Sciences,Sociology",University College Dublin,Ireland
208.0,220.0,L,FC,VH,5,A,29.6,292.0,32.5,302.0,29.6,525.0,42.1,322,95.8,144.0,96.7,77.0,73.3,180.0,20.5,408.0,98.1,21.0,44.6,2040.0,225.5,0.0,2040.0,36.4,414.0,35.8,328.0,81.8,286.0,78.9,277.0,97.5,12.0,12755.0,15.3,40.0,58.0,23.0,"Education,History, Philosophy & Theology,Physics & Astronomy,Mathematics & Statistics,Geography,Art, Performing Arts & Design,Business & Management,Medicine & Dentistry,Sport Science,Other Health,Chemical Engineering,Politics & International Studies (incl Development Studies),Languages, Literature & Linguistics,Computer Science,Chemistry,Accounting & Finance,Biological Sciences,Law,Geology, Environmental, Earth & Marine Sciences,Mechanical & Aerospace Engineering,General Engineering,Economics & Econometrics,Sociology,Electrical & Electronic Engineering,Archaeology,Civil Engineering,Psychology",University of Aberdeen,United Kingdom
111.0,110.0,XL,FC,VH,5,A,56.8,135.0,36.5,266.0,42.8,370.0,59.1,213,97.9,116.0,73.2,193.0,92.1,68.0,46.0,152.0,76.1,170.0,58.3,1100.0,109.0,65.9,1100.0,50.1,132.0,55.5,109.0,80.9,301.0,99.9,29.0,90.7,122.0,33730.0,22.8,27.0,54.0,27.0,"History, Philosophy & Theology,Agriculture & Forestry,Sociology,Computer Science,Chemical Engineering,Law,Architecture,Sport Science,Politics & International Studies (incl Development Studies),Art, Performing Arts & Design,Electrical & Electronic Engineering,Mathematics & Statistics,Business & Management,Mechanical & Aerospace Engineering,Geology, Environmental, Earth & Marine Sciences,Accounting & Finance,General Engineering,Physics & Astronomy,Economics & Econometrics,Other Health,Civil Engineering,Communication & Media Studies,Languages, Literature & Linguistics,Biological Sciences,Education,Medicine & Dentistry,Veterinary Science,Geography,Archaeology,Chemistry,Psychology",University of Alberta,Canada
825.5,900.5,L,FC,VH,3,A,13.4,601.0,6.2,601.0,22.9,620.0,8.0,701,4.6,701.0,14.0,640.0,41.8,365.0,5.5,701.0,29.9,449.0,0.0,10100.0,1100.5,0.0,10100.0,25.0,1003.0,19.8,823.0,43.8,1145.0,51.6,781.0,44.6,971.0,22767.0,14.5,10.0,59.0,30.0,"General Engineering,Mathematics & Statistics,Geography,Communication & Media Studies,Physics & Astronomy,Computer Science,Civil Engineering,Law,Geology, Environmental, Earth & Marine Sciences,Business & Management,Other Health,Chemistry,Archaeology,Architecture,Electrical & Electronic Engineering,Politics & International Studies (incl Development Studies),Sport Science,Languages, Literature & Linguistics,Sociology,Biological Sciences,Economics & Econometrics,Education,Chemical Engineering,History, Philosophy & Theology",University of Alicante,Spain
53.0,58.0,XL,FC,VH,5,A,83.6,62.0,44.2,203.0,21.2,641.0,98.1,33,92.4,168.0,79.9,163.0,97.4,28.0,49.9,133.0,64.8,226.0,73.4,610.0,61.0,73.6,610.0,55.0,99.0,63.1,74.0,96.7,33.0,77.6,292.0,93.2,80.0,28649.0,13.2,36.0,60.0,16.0,"Computer Science,Other Health,History, Philosophy & Theology,Art, Performing Arts & Design,Politics & International Studies (incl Development Studies),Geology, Environmental, Earth & Marine Sciences,Psychology,Communication & Media Studies,Economics & Econometrics,Law,Biological Sciences,Sociology,Languages, Literature & Linguistics,Education,Geography,Mathematics & Statistics,Business & Management,Physics & Astronomy,Chemistry,Archaeology,Accounting & Finance,Medicine & Dentistry",University of Amsterdam,Netherlands
248.0,280.0,L,FC,VH,2,A,23.7,362.0,11.8,601.0,45.3,349.0,49.2,272,90.9,177.0,32.3,397.0,90.0,81.0,29.6,268.0,80.4,146.0,39.6,1610.0,161.0,61.4,1610.0,38.2,357.0,44.4,195.0,92.5,84.0,98.4,81.0,74.7,335.0,16168.0,31.8,17.0,56.0,24.0,"Sociology,General Engineering,Education,Biological Sciences,Law,Languages, Literature & Linguistics,Business & Management,Chemical Engineering,Physics & Astronomy,History, Philosophy & Theology,Economics & Econometrics,Veterinary Science,Chemistry,Electrical & Electronic Engineering,Politics & International Studies (incl Development Studies),Communication & Media Studies,Computer Science,Other Health,Geology, Environmental, Earth & Marine Sciences,Architecture,Mechanical & Aerospace Engineering,Medicine & Dentistry,Mathematics & Statistics,Art, Performing Arts & Design",University of Antwerp,Belgium
344.0,505.5,L,CO,VH,4,A,13.4,601.0,6.6,601.0,13.8,701.0,84.3,98,4.3,701.0,13.5,651.0,72.3,188.0,6.7,701.0,69.3,210.0,31.6,6160.0,700.5,0.0,6160.0,27.1,867.0,30.2,464.0,57.3,837.0,48.1,837.0,48.6,846.0,13563.0,16.3,11.0,54.0,36.0,"Electrical & Electronic Engineering,Sociology,General Engineering,Business & Management,Mathematics & Statistics,Physics & Astronomy,Psychology,Chemical Engineering,Architecture,Biological Sciences,Politics & International Studies (incl Development Studies),Mechanical & Aerospace Engineering,Civil Engineering,Education,Other Health,Economics & Econometrics,Chemistry,Geology, Environmental, Earth & Marine Sciences,Accounting & Finance,Computer Science,Art, Performing Arts & Design,Languages, Literature & Linguistics",University of Aveiro,Portugal
1300.5,1300.5,L,FC,HI,3,A,3.6,601.0,6.3,601.0,13.2,701.0,1.9,701,1.1,701.0,1.0,701.0,1.6,701.0,9.7,701.0,2.6,701.0,0.0,12240.0,1350.5,0.0,12240.0,21.4,1275.0,8.2,1868.0,47.3,1074.0,30.3,1174.0,21.4,1828.0,30973.0,14.9,0.0,59.0,37.0,"Chemistry,Economics & Econometrics,Accounting & Finance,Medicine & Dentistry,Physics & Astronomy,Mechanical & Aerospace Engineering,Veterinary Science,Sport Science,Other Health,Computer Science,Agriculture & Forestry,Business & Management,Psychology,Mathematics & Statistics,History, Philosophy & Theology,Chemical Engineering,Law,Archaeology,Education,Art, Performing Arts & Design,Languages, Literature & Linguistics,Civil Engineering,Communication & Media Studies,Sociology,Geology, Environmental, Earth & Marine Sciences,Biological Sciences,Electrical & Electronic Engineering,General Engineering,Geography",University of Babylon,Iraq
975.5,900.5,XL,FC,VH,4,A,9.5,601.0,11.4,601.0,30.9,507.0,1.5,701,1.8,701.0,1.1,701.0,14.1,612.0,31.4,243.0,14.2,621.0,0.0,15450.0,1501.0,0.0,15450.0,25.1,991.0,12.6,1346.0,19.8,1683.0,28.5,1219.0,20.2,1862.0,77128.0,13.3,0.0,57.0,39.0,"Education,Art, Performing Arts & Design,Veterinary Science,Other Health,Agriculture & Forestry,Physics & Astronomy,Economics & Econometrics,Chemical Engineering,Geography,Mechanical & Aerospace Engineering,Politics & International Studies (incl Development Studies),Biological Sciences,Chemistry,Accounting & Finance,Languages, Literature & Linguistics,Civil Engineering,Geology, Environmental, Earth & Marine Sciences,History, Philosophy & Theology,Archaeology,Electrical & Electronic Engineering,General Engineering,Business & Management,Law,Sociology,Architecture,Sport Science,Communication & Media Studies,Computer Science,Psychology,Mathematics & Statistics,Medicine & Dentistry",University of Baghdad,Iraq
124.0,136.0,M,FC,VH,5,A,27.8,314.0,17.8,494.0,57.4,253.0,96.5,44,100.0,34.0,85.0,143.0,74.4,175.0,41.1,179.0,70.4,201.0,55.0,1230.0,123.0,64.9,1230.0,50.8,127.0,42.9,210.0,87.7,157.0,99.4,62.0,95.4,42.0,8536.0,10.4,31.0,56.0,18.0,"Economics & Econometrics,Psychology,Communication & Media Studies,Art, Performing Arts & Design,Languages, Literature & Linguistics,Geology, Environmental, Earth & Marine Sciences,Accounting & Finance,Chemistry,Other Health,Computer Science,Sociology,Politics & International Studies (incl Development Studies),Sport Science,Mathematics & Statistics,History, Philosophy & Theology,Law,Medicine & Dentistry,Physics & Astronomy,Archaeology,Geography,Business & Management,Education,Biological Sciences",University of Basel,Switzerland
1300.5,1300.5,XL,FC,MD,4,A,4.4,601.0,6.0,601.0,15.9,701.0,1.4,701,1.3,701.0,1.1,701.0,1.4,701.0,9.3,701.0,1.0,701.0,0.0,15480.0,1501.0,0.0,15480.0,23.4,1118.0,7.8,1890.0,14.6,1775.0,16.2,1836.0,26.1,1661.0,42848.0,11.7,0.0,55.0,36.0,"Mechanical & Aerospace Engineering,Mathematics & Statistics,Law,Languages, Literature & Linguistics,Electrical & Electronic Engineering,Geology, Environmental, Earth & Marine Sciences,Economics & Econometrics,Biological Sciences,Sociology,Architecture,Agriculture & Forestry,Education,History, Philosophy & Theology,Civil Engineering,Business & Management,Art, Performing Arts & Design,Physics & Astronomy,Psychology,Medicine & Dentistry,Chemical Engineering,Communication & Media Studies,General Engineering,Other Health,Chemistry,Politics & International Studies (incl Development Studies),Computer Science,Sport Science,Accounting & Finance,Veterinary Science,Geography",University of Basrah,Iraq
148.0,179.0,L,CO,VH,4,A,35.6,244.0,74.3,88.0,16.1,701.0,61.9,196,96.3,136.0,81.6,155.0,59.3,251.0,26.5,310.0,48.4,316.0,51.8,2510.0,275.5,0.0,2510.0,34.7,471.0,35.1,345.0,80.5,310.0,65.3,541.0,95.0,48.0,15280.0,15.8,31.0,45.0,30.0,"Electrical & Electronic Engineering,Chemical Engineering,Politics & International Studies (incl Development Studies),Accounting & Finance,Architecture,Economics & Econometrics,Mechanical & Aerospace Engineering,Mathematics & Statistics,Chemistry,Sport Science,Other Health,Computer Science,Physics & Astronomy,Languages, Literature & Linguistics,Education,General Engineering,Geology, Environmental, Earth & Marine Sciences,Psychology,Civil Engineering,Biological Sciences,Business & Management,Sociology",University of Bath,United Kingdom
509.0,515.5,M,CO,VH,3,A,10.3,601.0,19.3,467.0,46.4,338.0,27.0,464,50.1,357.0,21.9,515.0,40.2,374.0,12.1,701.0,15.4,603.0,22.9,3550.0,375.5,0.0,3550.0,38.0,361.0,40.8,236.0,65.0,672.0,83.4,222.0,67.7,435.0,8944.0,24.5,14.0,46.0,42.0,"Chemical Engineering,Education,Languages, Literature & Linguistics,Chemistry,Accounting & Finance,Mechanical & Aerospace Engineering,Communication & Media Studies,Computer Science,Geology, Environmental, Earth & Marine Sciences,Economics & Econometrics,Biological Sciences,Business & Management,General Engineering,Sociology,History, Philosophy & Theology,Physics & Astronomy,Sport Science,Law,Art, Performing Arts & Design,Electrical & Electronic Engineering,Politics & International Studies (incl Development Studies),Mathematics & Statistics,Geography",University of Bayreuth,Germany
725.5,1100.5,XL,FC,VH,5,A,17.8,501.0,5.2,601.0,4.3,701.0,5.3,701,2.9,701.0,4.3,701.0,95.4,50.0,56.7,110.0,16.1,592.0,0.0,8230.0,900.5,0.0,8230.0,21.3,1280.0,27.0,541.0,49.4,1032.0,34.0,1110.0,42.3,1040.0,91494.0,18.2,5.0,62.0,29.0,"Civil Engineering,Physics & Astronomy,Accounting & Finance,General Engineering,Geology, Environmental, Earth & Marine Sciences,Mechanical & Aerospace Engineering,Chemistry,Business & Management,Computer Science,Mathematics & Statistics,Politics & International Studies (incl Development Studies),Other Health,Sport Science,Education,Languages, Literature & Linguistics,Electrical & Electronic Engineering,Architecture,Agriculture & Forestry,Psychology,History, Philosophy & Theology,Chemical Engineering,Law,Archaeology,Biological Sciences,Sociology,Economics & Econometrics,Medicine & Dentistry,Veterinary Science,Geography,Communication & Media Studies",University of Belgrade,Serbia
281.0,207.0,L,FC,VH,3,A,32.7,269.0,5.4,601.0,67.1,197.0,31.2,426,92.3,171.0,14.3,635.0,69.3,200.0,23.6,358.0,57.7,259.0,36.6,2530.0,275.5,0.0,2530.0,36.7,399.0,33.9,381.0,84.2,227.0,69.4,445.0,76.3,309.0,15751.0,13.0,11.0,61.0,22.0,"Other Health,Mathematics & Statistics,Psychology,Art, Performing Arts & Design,Physics & Astronomy,Economics & Econometrics,Biological Sciences,Education,History, Philosophy & Theology,Sociology,Archaeology,Geography,Computer Science,Law,Communication & Media Studies,Chemistry,Medicine & Dentistry,Politics & International Studies (incl Development Studies),Languages, Literature & Linguistics,Geology, Environmental, Earth & Marine Sciences",University of Bergen,Norway
126.0,120.0,M,FO,VH,5,A,30.5,284.0,24.4,396.0,54.6,280.0,99.2,17,100.0,42.0,36.9,369.0,89.1,89.0,26.1,313.0,73.6,182.0,54.8,1160.0,116.0,65.4,1160.0,45.1,202.0,47.0,167.0,93.3,69.0,99.2,67.0,87.0,167.0,12399.0,18.2,16.0,59.0,20.0,"Medicine & Dentistry,Mathematics & Statistics,Accounting & Finance,Biological Sciences,Law,Other Health,Sociology,Veterinary Science,Psychology,Languages, Literature & Linguistics,Archaeology,Geology, Environmental, Earth & Marine Sciences,Business & Management,Chemistry,Education,Art, Performing Arts & Design,Computer Science,Geography,History, Philosophy & Theology,Politics & International Studies (incl Development Studies),Economics & Econometrics,Physics & Astronomy,Sport Science,Communication & Media Studies",University of Bern,Switzerland
84.0,91.0,XL,FC,VH,5,A,67.5,99.0,75.7,81.0,41.3,379.0,38.2,364,92.3,169.0,83.9,148.0,96.0,41.0,29.5,270.0,80.4,146.0,63.0,1010.0,101.0,66.6,1010.0,46.1,184.0,49.3,147.0,95.5,42.0,72.1,383.0,95.1,45.0,32625.0,15.2,32.0,58.0,23.0,"Art, Performing Arts & Design,Civil Engineering,Geography,General Engineering,Geology, Environmental, Earth & Marine Sciences,Business & Management,Archaeology,Mathematics & Statistics,Accounting & Finance,Other Health,Physics & Astronomy,Education,History, Philosophy & Theology,Sport Science,Psychology,Languages, Literature & Linguistics,Chemical Engineering,Law,Medicine & Dentistry,Biological Sciences,Electrical & Electronic Engineering,Sociology,Computer Science,Chemistry,Economics & Econometrics,Mechanical & Aerospace Engineering,Politics & International Studies (incl Development Studies)",University of Birmingham,United Kingdom
465.0,525.5,XL,FO,VH,5,A,30.2,289.0,5.3,601.0,14.4,701.0,21.4,537,25.6,527.0,19.5,554.0,91.2,74.0,11.9,701.0,35.8,393.0,24.7,3560.0,375.5,0.0,3560.0,37.2,384.0,29.9,474.0,72.5,495.0,66.7,511.0,66.6,455.0,52643.0,21.7,14.0,60.0,26.0,"Business & Management,Mathematics & Statistics,Agriculture & Forestry,Other Health,Medicine & Dentistry,Computer Science,Civil Engineering,Law,Accounting & Finance,Psychology,Education,Sociology,Electrical & Electronic Engineering,Mechanical & Aerospace Engineering,Archaeology,Physics & Astronomy,General Engineering,Chemistry,Sport Science,Economics & Econometrics,Geology, Environmental, Earth & Marine Sciences,Biological Sciences,Chemical Engineering,Politics & International Studies (incl Development Studies)",University of Bordeaux,France
645.5,725.5,M,CO,VH,4,A,8.7,601.0,7.3,601.0,8.2,701.0,18.1,582,63.8,301.0,93.2,99.0,20.1,543.0,21.6,384.0,3.4,701.0,0.0,5180.0,550.5,0.0,5180.0,23.3,1129.0,22.4,715.0,73.8,467.0,58.1,678.0,90.1,128.0,8970.0,19.5,31.0,57.0,30.0,"Psychology,Chemical Engineering,Electrical & Electronic Engineering,Biological Sciences,Mathematics & Statistics,Archaeology,Law,Architecture,Communication & Media Studies,Civil Engineering,Chemistry,Computer Science,Other Health,Education,Politics & International Studies (incl Development Studies),Sociology,Sport Science,General Engineering,Mechanical & Aerospace Engineering,Accounting & Finance,Medicine & Dentistry,Business & Management",University of Bradford,United Kingdom
795.5,900.5,M,FO,VH,3,A,3.9,601.0,2.1,601.0,6.8,701.0,50.4,261,2.6,701.0,6.9,701.0,9.0,698.0,8.8,701.0,24.8,490.0,0.0,4100.0,450.5,0.0,4100.0,24.4,1049.0,19.2,855.0,89.3,135.0,62.4,605.0,44.9,964.0,14615.0,24.2,6.0,47.0,20.0,"Business & Management,Mechanical & Aerospace Engineering,Computer Science,Economics & Econometrics,Civil Engineering,Chemical Engineering,Accounting & Finance,Other Health,Architecture,Medicine & Dentistry,Sport Science,Law,Electrical & Electronic Engineering,Politics & International Studies (incl Development Studies),General Engineering,Agriculture & Forestry,Biological Sciences",University of Brescia,Italy
775.5,900.5,L,CO,VH,3,A,8.4,601.0,7.0,601.0,8.9,701.0,15.8,622,56.2,330.0,54.2,270.0,27.6,473.0,11.2,701.0,9.1,687.0,0.0,8280.0,900.5,0.0,8280.0,19.8,1388.0,16.5,1005.0,53.9,918.0,60.9,628.0,84.4,197.0,14525.0,18.0,22.0,60.0,16.0,"Art, Performing Arts & Design,Electrical & Electronic Engineering,Education,Medicine & Dentistry,Mechanical & Aerospace Engineering,Economics & Econometrics,Architecture,Sport Science,Business & Management,Computer Science,Chemical Engineering,Politics & International Studies (incl Development Studies),Archaeology,Geology, Environmental, Earth & Marine Sciences,Psychology,Languages, Literature & Linguistics,Mathematics & Statistics,Law,General Engineering,Communication & Media Studies,Chemistry,Geography,History, Philosophy & Theology,Biological Sciences,Accounting & Finance,Other Health,Civil Engineering,Sociology",University of Brighton,United Kingdom
55.0,61.0,L,FC,VH,5,A,74.9,78.0,84.7,60.0,47.3,331.0,64.7,179,85.5,205.0,86.8,136.0,84.4,122.0,39.6,181.0,81.3,141.0,72.4,810.0,81.0,69.8,810.0,48.7,148.0,56.5,105.0,97.3,26.0,72.3,378.0,92.5,91.0,27335.0,14.8,31.0,55.0,27.0,"Archaeology,Veterinary Science,Accounting & Finance,Civil Engineering,Geography,Other Health,Mathematics & Statistics,Mechanical & Aerospace Engineering,Politics & International Studies (incl Development Studies),Medicine & Dentistry,Chemistry,Law,Computer Science,Geology, Environmental, Earth & Marine Sciences,Economics & Econometrics,Languages, Literature & Linguistics,General Engineering,Education,Electrical & Electronic Engineering,Sociology,Business & Management,Art, Performing Arts & Design,Biological Sciences,Psychology,History, Philosophy & Theology,Physics & Astronomy",University of Bristol,United Kingdom
34.0,47.0,XL,FC,VH,5,A,98.2,24.0,93.5,43.0,44.4,354.0,57.0,227,96.4,134.0,74.1,189.0,96.3,37.0,60.1,99.0,99.9,3.0,81.5,410.0,41.0,78.0,410.0,62.5,66.0,76.6,39.0,90.5,118.0,76.7,304.0,95.0,49.0,58987.0,19.4,34.0,55.0,21.0,"Business & Management,Economics & Econometrics,Geography,Education,Civil Engineering,Archaeology,Geology, Environmental, Earth & Marine Sciences,Computer Science,Communication & Media Studies,Art, Performing Arts & Design,Chemistry,Physics & Astronomy,Psychology,Mechanical & Aerospace Engineering,Accounting & Finance,Other Health,Agriculture & Forestry,History, Philosophy & Theology,Politics & International Studies (incl Development Studies),Biological Sciences,Languages, Literature & Linguistics,Sociology,Chemical Engineering,Electrical & Electronic Engineering,Law,Mathematics & Statistics,Sport Science,General Engineering,Architecture,Medicine & Dentistry",University of British Columbia,Canada
875.5,1100.5,XL,FO,VH,5,A,15.5,564.0,13.8,586.0,6.5,701.0,4.2,701,2.8,701.0,1.9,701.0,28.7,465.0,34.7,222.0,27.8,469.0,0.0,10270.0,1100.5,0.0,10270.0,24.8,1016.0,21.1,764.0,43.2,1161.0,25.3,1327.0,29.1,1536.0,32362.0,33.3,2.0,70.0,33.0,"Mathematics & Statistics,History, Philosophy & Theology,Business & Management,Politics & International Studies (incl Development Studies),Computer Science,Geography,Communication & Media Studies,Geology, Environmental, Earth & Marine Sciences,Languages, Literature & Linguistics,Sociology,Physics & Astronomy,Chemistry,Economics & Econometrics,Education,General Engineering,Law,Biological Sciences,Psychology",University of Bucharest,Romania
975.5,1100.5,L,CO,VH,4,A,5.7,601.0,2.0,601.0,3.9,701.0,25.7,473,6.2,701.0,5.7,701.0,49.6,316.0,4.7,701.0,3.3,701.0,0.0,5210.0,550.5,0.0,5210.0,34.9,464.0,19.5,839.0,69.6,565.0,47.4,854.0,43.2,1008.0,12784.0,16.1,5.0,62.0,41.0,"Sociology,Law,Chemical Engineering,Economics & Econometrics,Biological Sciences,Geography,Physics & Astronomy,Politics & International Studies (incl Development Studies),Languages, Literature & Linguistics,Computer Science,Education,Communication & Media Studies,Mechanical & Aerospace Engineering,Accounting & Finance,Civil Engineering,Business & Management,History, Philosophy & Theology,Geology, Environmental, Earth & Marine Sciences,Electrical & Electronic Engineering,Mathematics & Statistics,Other Health,Archaeology,Chemistry,General Engineering,Agriculture & Forestry,Art, Performing Arts & Design",University of Calabria,Italy
825.5,900.5,L,CO,VH,5,A,15.7,557.0,4.3,601.0,5.6,701.0,20.3,554,25.9,524.0,1.1,701.0,3.2,701.0,38.8,186.0,1.9,701.0,0.0,10290.0,1100.5,0.0,10290.0,40.0,307.0,15.2,1104.0,33.7,1359.0,30.3,1175.0,19.3,1883.0,17879.0,14.2,0.0,54.0,37.0,"Archaeology,Law,Art, Performing Arts & Design,Physics & Astronomy,Accounting & Finance,Chemistry,Business & Management,Biological Sciences,Education,History, Philosophy & Theology,Mathematics & Statistics,Languages, Literature & Linguistics,Geology, Environmental, Earth & Marine Sciences,Economics & Econometrics,Architecture,Sport Science,Computer Science,Sociology,Agriculture & Forestry,Psychology,Chemical Engineering,Geography",University of Calcutta,India
182.0,242.0,XL,FC,VH,4,A,37.7,229.0,61.2,129.0,19.9,668.0,41.5,330,82.8,222.0,62.0,241.0,62.3,232.0,38.6,188.0,91.5,82.0,47.9,2060.0,225.5,0.0,2060.0,36.5,409.0,41.4,229.0,81.7,288.0,88.8,175.0,85.2,187.0,34012.0,18.8,24.0,54.0,21.0,"Architecture,Art, Performing Arts & Design,Agriculture & Forestry,Politics & International Studies (incl Development Studies),Sociology,Archaeology,Languages, Literature & Linguistics,Physics & Astronomy,Medicine & Dentistry,History, Philosophy & Theology,Biological Sciences,General Engineering,Communication & Media Studies,Veterinary Science,Geology, Environmental, Earth & Marine Sciences,Civil Engineering,Mechanical & Aerospace Engineering,Geography,Business & Management,Chemistry,Sport Science,Computer Science,Psychology,Accounting & Finance,Electrical & Electronic Engineering,Mathematics & Statistics,Economics & Econometrics,Chemical Engineering,Law,Education,Other Health",University of Calgary,Canada
132.0,102.0,XL,FC,VH,5,A,63.9,107.0,44.7,199.0,30.4,518.0,40.7,338,70.3,276.0,49.3,301.0,77.8,159.0,19.0,439.0,98.9,16.0,53.2,590.0,59.0,74.1,590.0,63.7,61.0,67.8,57.0,87.2,170.0,91.5,147.0,78.7,272.0,37926.0,13.3,18.0,60.0,22.0,"Mathematics & Statistics,Architecture,History, Philosophy & Theology,Law,Civil Engineering,Chemical Engineering,Business & Management,Languages, Literature & Linguistics,Electrical & Electronic Engineering,Sociology,Physics & Astronomy,Medicine & Dentistry,Mechanical & Aerospace Engineering,General Engineering,Archaeology,Geography,Veterinary Science,Other Health,Psychology,Biological Sciences,Chemistry,Accounting & Finance,Politics & International Studies (incl Development Studies),Computer Science,Communication & Media Studies,Education,Sport Science,Art, Performing Arts & Design,Agriculture & Forestry,Economics & Econometrics,Geology, Environmental, Earth & Marine Sciences","University of California, Davis",United States
268.0,235.0,XL,FC,VH,4,A,37.6,230.0,16.6,517.0,14.6,701.0,50.3,263,56.9,325.0,49.6,299.0,65.3,214.0,11.4,701.0,58.6,255.0,37.5,920.0,92.0,67.4,920.0,47.1,174.0,53.8,119.0,93.2,72.0,96.1,102.0,80.9,243.0,35675.0,16.2,26.0,53.0,25.0,"Electrical & Electronic Engineering,General Engineering,Civil Engineering,Sociology,Biological Sciences,Psychology,Education,Chemical Engineering,Chemistry,Other Health,Medicine & Dentistry,Languages, Literature & Linguistics,Economics & Econometrics,Politics & International Studies (incl Development Studies),Business & Management,Art, Performing Arts & Design,Architecture,Physics & Astronomy,Mathematics & Statistics,Geology, Environmental, Earth & Marine Sciences,Accounting & Finance,Law,Mechanical & Aerospace Engineering,History, Philosophy & Theology,Computer Science","University of California, Irvine",United States
404.0,453.0,L,FC,VH,4,A,17.5,505.0,7.0,601.0,6.7,701.0,59.9,207,63.0,307.0,9.1,701.0,45.1,346.0,10.0,701.0,46.6,327.0,27.6,2560.0,275.5,0.0,2560.0,35.9,429.0,35.4,336.0,85.7,194.0,70.6,415.0,77.0,298.0,25670.0,19.6,14.0,53.0,32.0,"Politics & International Studies (incl Development Studies),Art, Performing Arts & Design,Biological Sciences,Education,Sociology,Communication & Media Studies,Languages, Literature & Linguistics,Computer Science,History, Philosophy & Theology,Physics & Astronomy,Economics & Econometrics,Mechanical & Aerospace Engineering,Agriculture & Forestry,Business & Management,Mathematics & Statistics,Accounting & Finance,Medicine & Dentistry,Geology, Environmental, Earth & Marine Sciences,Electrical & Electronic Engineering,General Engineering,Chemistry,Chemical Engineering,Psychology,Other Health","University of California, Riverside",United States
332.0,375.0,L,CO,VH,4,A,18.4,487.0,4.9,601.0,7.2,701.0,79.6,111,63.6,304.0,8.9,701.0,19.3,547.0,10.7,701.0,89.1,95.0,32.5,2070.0,225.5,0.0,2070.0,34.9,465.0,39.8,251.0,93.3,70.0,73.2,363.0,77.9,281.0,19154.0,24.2,12.0,47.0,35.0,"Art, Performing Arts & Design,Electrical & Electronic Engineering,Other Health,Languages, Literature & Linguistics,Politics & International Studies (incl Development Studies),General Engineering,Sociology,Computer Science,Biological Sciences,Economics & Econometrics,Education,Business & Management,Psychology,Mathematics & Statistics,Communication & Media Studies,Archaeology,Agriculture & Forestry,History, Philosophy & Theology,Geology, Environmental, Earth & Marine Sciences,Physics & Astronomy,Chemistry","University of California, Santa Cruz",United States
2.0,2.0,L,FC,VH,5,A,100.0,3.0,100.0,4.0,100.0,14.0,92.3,68,100.0,64.0,95.8,85.0,99.9,7.0,100.0,6.0,97.3,33.0,99.2,50.0,5.0,97.5,50.0,95.8,7.0,100.0,1.0,98.0,12.0,87.9,180.0,97.4,15.0,20565.0,11.5,38.0,48.0,27.0,"Politics & International Studies (incl Development Studies),Biological Sciences,Business & Management,Civil Engineering,Geology, Environmental, Earth & Marine Sciences,Mathematics & Statistics,Psychology,General Engineering,Physics & Astronomy,Chemical Engineering,Chemistry,Economics & Econometrics,History, Philosophy & Theology,Computer Science,Accounting & Finance,Education,Veterinary Science,Electrical & Electronic Engineering,Geography,Other Health,Architecture,Art, Performing Arts & Design,Law,Mechanical & Aerospace Engineering,Sociology,Medicine & Dentistry,Archaeology,Languages, Literature & Linguistics",University of Cambridge,United Kingdom
173.0,237.0,L,FC,VH,5,A,44.4,190.0,51.0,164.0,12.6,701.0,45.7,295,59.9,317.0,21.2,527.0,95.4,49.0,88.9,38.0,75.1,175.0,48.7,1670.0,167.0,60.9,1670.0,38.7,344.0,47.0,168.0,88.3,149.0,78.2,287.0,82.9,211.0,21961.0,13.6,13.0,54.0,18.0,"Communication & Media Studies,Economics & Econometrics,Law,General Engineering,Art, Performing Arts & Design,Accounting & Finance,Architecture,Mechanical & Aerospace Engineering,Biological Sciences,History, Philosophy & Theology,Business & Management,Sport Science,Chemistry,Physics & Astronomy,Sociology,Archaeology,Psychology,Medicine & Dentistry,Other Health,Computer Science,Education,Languages, Literature & Linguistics,Chemical Engineering,Geology, Environmental, Earth & Marine Sciences,Electrical & Electronic Engineering,Geography,Mathematics & Statistics,Civil Engineering,Politics & International Studies (incl Development Studies)",University of Cape Town,South Africa
593.0,900.5,XL,FC,VH,4,A,14.4,601.0,37.1,264.0,2.8,701.0,25.7,474,17.1,626.0,4.5,701.0,32.1,445.0,11.1,701.0,32.7,420.0,20.0,4160.0,450.5,0.0,4160.0,28.5,772.0,34.4,366.0,74.7,445.0,78.3,285.0,39.9,1120.0,65269.0,39.1,4.0,57.0,31.0,"Languages, Literature & Linguistics,Medicine & Dentistry,Accounting & Finance,Economics & Econometrics,Sport Science,Chemistry,History, Philosophy & Theology,Physics & Astronomy,Art, Performing Arts & Design,Computer Science,Geology, Environmental, Earth & Marine Sciences,Biological Sciences,Sociology,Communication & Media Studies,Politics & International Studies (incl Development Studies),Electrical & Electronic Engineering,General Engineering,Education,Other Health,Mechanical & Aerospace Engineering,Business & Management,Mathematics & Statistics,Psychology,Civil Engineering",University of Central Florida,United States
925.5,900.5,L,CO,HI,3,A,5.9,601.0,5.8,601.0,11.5,701.0,4.4,701,37.0,439.0,81.6,156.0,16.7,579.0,8.9,701.0,1.5,701.0,0.0,10310.0,1100.5,0.0,10310.0,18.3,1525.0,13.8,1223.0,51.9,966.0,34.3,1106.0,82.3,219.0,21525.0,16.3,28.0,58.0,18.0,"Biological Sciences,General Engineering,Chemistry,Chemical Engineering,Veterinary Science,Other Health,Mathematics & Statistics,Law,Politics & International Studies (incl Development Studies),Accounting & Finance,Sport Science,Architecture,History, Philosophy & Theology,Geology, Environmental, Earth & Marine Sciences,Sociology,Languages, Literature & Linguistics,Communication & Media Studies,Education,Geography,Economics & Econometrics,Physics & Astronomy,Psychology,Civil Engineering,Art, Performing Arts & Design,Computer Science,Electrical & Electronic Engineering,Business & Management,Archaeology,Medicine & Dentistry,Mechanical & Aerospace Engineering",University of Central Lancashire,United Kingdom
556.0,358.0,S,FO,VH,4,A,6.1,601.0,7.9,601.0,99.0,35.0,12.9,680,27.8,502.0,71.9,201.0,3.2,701.0,10.1,701.0,1.3,701.0,21.1,10330.0,1100.5,0.0,10330.0,32.8,552.0,14.7,1146.0,29.0,1471.0,45.7,883.0,51.0,772.0,4061.0,8.3,23.0,57.0,36.0,"Chemistry,Business & Management,Education,Mathematics & Statistics,Mechanical & Aerospace Engineering,Biological Sciences,Chemical Engineering,Economics & Econometrics,Accounting & Finance,General Engineering,Geology, Environmental, Earth & Marine Sciences","University of Chemistry and Technology, Prague",Czech Republic
351.0,438.0,L,FC,VH,5,A,28.9,304.0,13.1,601.0,11.3,701.0,41.6,329,10.7,701.0,37.7,364.0,78.8,153.0,15.6,537.0,79.5,154.0,31.2,4210.0,450.5,0.0,4210.0,31.4,620.0,38.2,279.0,59.9,787.0,78.0,290.0,54.3,688.0,21767.0,18.4,15.0,57.0,27.0,"Architecture,Art, Performing Arts & Design,Mechanical & Aerospace Engineering,Politics & International Studies (incl Development Studies),Business & Management,Electrical & Electronic Engineering,Sociology,History, Philosophy & Theology,Agriculture & Forestry,Geography,Medicine & Dentistry,Sport Science,Economics & Econometrics,Computer Science,Mathematics & Statistics,Accounting & Finance,Archaeology,Physics & Astronomy,Psychology,Civil Engineering,Communication & Media Studies,Languages, Literature & Linguistics,Other Health,Chemistry,Law,General Engineering,Biological Sciences,Education,Chemical Engineering,Geology, Environmental, Earth & Marine Sciences",University of Coimbra,Portugal
268.0,335.0,L,FO,VH,5,A,36.9,235.0,38.5,253.0,19.3,686.0,31.2,427,40.5,406.0,30.9,413.0,80.9,141.0,37.0,199.0,57.4,263.0,37.5,1600.0,160.0,61.5,1600.0,42.9,240.0,47.1,165.0,85.6,197.0,98.8,70.0,73.3,359.0,31299.0,28.7,17.0,54.0,20.0,"Languages, Literature & Linguistics,Sociology,Physics & Astronomy,Education,Chemistry,Economics & Econometrics,Medicine & Dentistry,Law,Accounting & Finance,Archaeology,Geography,Other Health,Communication & Media Studies,Mathematics & Statistics,Business & Management,Computer Science,Politics & International Studies (incl Development Studies),Art, Performing Arts & Design,Geology, Environmental, Earth & Marine Sciences,History, Philosophy & Theology,Biological Sciences,Psychology",University of Cologne,Germany
1100.5,1300.5,L,CO,HI,5,A,11.7,601.0,14.8,555.0,2.5,701.0,3.1,701,1.1,701.0,1.3,701.0,1.1,701.0,44.5,161.0,19.9,545.0,0.0,10360.0,1100.5,0.0,10360.0,25.4,975.0,10.6,1570.0,60.2,769.0,18.7,1609.0,39.3,1141.0,34058.0,32.0,0.0,60.0,18.0,"Geology, Environmental, Earth & Marine Sciences,Business & Management,Other Health,Agriculture & Forestry,Law,Mathematics & Statistics,Computer Science,Sport Science,Economics & Econometrics,History, Philosophy & Theology,Communication & Media Studies,Psychology,General Engineering,Sociology,Chemistry,Geography,Medicine & Dentistry,Biological Sciences,Education,Languages, Literature & Linguistics,Politics & International Studies (incl Development Studies),Art, Performing Arts & Design,Physics & Astronomy,Accounting & Finance",University of Colombo,Sri Lanka
264.0,317.0,XL,CO,VH,5,A,36.9,237.0,13.5,596.0,33.2,480.0,49.4,269,27.1,508.0,5.5,701.0,68.6,204.0,30.8,247.0,96.4,40.0,37.9,1380.0,138.0,62.9,1380.0,46.5,181.0,51.9,127.0,88.6,145.0,82.8,231.0,56.6,651.0,35844.0,16.5,8.0,45.0,45.0,"Business & Management,Art, Performing Arts & Design,General Engineering,Mathematics & Statistics,Law,Sociology,Computer Science,Chemistry,Geology, Environmental, Earth & Marine Sciences,Accounting & Finance,Mechanical & Aerospace Engineering,Politics & International Studies (incl Development Studies),Economics & Econometrics,Physics & Astronomy,Architecture,Communication & Media Studies,Electrical & Electronic Engineering,Psychology,Education,Biological Sciences,Civil Engineering,History, Philosophy & Theology,Chemical Engineering,Languages, Literature & Linguistics,Geography",University of Colorado Boulder,United States
444.0,350.0,L,FC,VH,5,A,15.1,576.0,6.9,601.0,14.5,701.0,41.6,327,47.0,368.0,19.0,560.0,61.4,237.0,21.7,383.0,61.9,243.0,25.8,3630.0,375.5,0.0,3630.0,41.2,273.0,30.2,465.0,72.8,487.0,68.7,462.0,64.6,493.0,28128.0,13.1,11.0,53.0,23.0,"Architecture,Biological Sciences,Law,Medicine & Dentistry,Agriculture & Forestry,Sociology,General Engineering,Communication & Media Studies,Accounting & Finance,Art, Performing Arts & Design,Chemical Engineering,Mathematics & Statistics,Business & Management,Languages, Literature & Linguistics,Other Health,Sport Science,Education,Computer Science,Physics & Astronomy,Psychology,Archaeology,Veterinary Science,Mechanical & Aerospace Engineering,Geology, Environmental, Earth & Marine Sciences,Electrical & Electronic Engineering,Chemistry,History, Philosophy & Theology,Civil Engineering,Politics & International Studies (incl Development Studies),Geography,Economics & Econometrics",University of Connecticut,United States
107.0,82.0,XL,FC,VH,5,A,74.1,80.0,25.8,371.0,100.0,19.0,21.2,543,91.4,175.0,22.5,506.0,98.2,19.0,60.1,98.0,87.4,108.0,58.8,1030.0,103.0,66.3,1030.0,49.2,139.0,51.1,134.0,91.3,102.0,89.5,171.0,80.1,256.0,31728.0,4.3,14.0,62.0,17.0,"Sport Science,Chemistry,Archaeology,Geography,Medicine & Dentistry,Languages, Literature & Linguistics,Computer Science,Other Health,Mathematics & Statistics,Communication & Media Studies,Geology, Environmental, Earth & Marine Sciences,Psychology,Biological Sciences,Law,Veterinary Science,Economics & Econometrics,Agriculture & Forestry,Sociology,Physics & Astronomy,Politics & International Studies (incl Development Studies),History, Philosophy & Theology",University of Copenhagen,Denmark
534.0,595.5,L,FC,HI,4,A,15.1,575.0,14.3,573.0,3.0,701.0,67.9,158,1.7,701.0,3.8,701.0,13.4,619.0,8.9,701.0,3.5,701.0,22.0,5290.0,550.5,0.0,5290.0,19.9,1379.0,25.7,584.0,76.5,404.0,64.5,557.0,47.4,879.0,14119.0,26.5,4.0,63.0,23.0,"Languages, Literature & Linguistics,Politics & International Studies (incl Development Studies),General Engineering,Economics & Econometrics,Physics & Astronomy,Other Health,Business & Management,Medicine & Dentistry,Geology, Environmental, Earth & Marine Sciences,History, Philosophy & Theology,Sociology,Computer Science,Mathematics & Statistics,Psychology,Biological Sciences,Education,Archaeology,Chemistry",University of Crete,Greece
675.5,675.5,L,FC,HI,5,A,17.3,515.0,10.3,601.0,30.4,516.0,3.7,701,10.6,701.0,68.0,218.0,39.6,381.0,16.9,500.0,3.5,701.0,0.0,6410.0,700.5,0.0,6410.0,41.2,274.0,22.5,707.0,40.7,1211.0,51.1,790.0,59.7,591.0,19964.0,12.0,24.0,56.0,24.0,"History, Philosophy & Theology,Biological Sciences,Other Health,Mathematics & Statistics,Law,Electrical & Electronic Engineering,Geography,Architecture,Sport Science,Psychology,Mechanical & Aerospace Engineering,Physics & Astronomy,Economics & Econometrics,Languages, Literature & Linguistics,Chemical Engineering,Sociology,Art, Performing Arts & Design,Civil Engineering,Politics & International Studies (incl Development Studies),Business & Management,Computer Science,Geology, Environmental, Earth & Marine Sciences,General Engineering,Communication & Media Studies,Medicine & Dentistry,Agriculture & Forestry,Chemistry,Accounting & Finance,Education",University of Debrecen,Hungary
498.0,585.5,L,CO,VH,5,A,10.3,601.0,7.9,601.0,6.9,701.0,59.1,212,36.3,444.0,13.7,649.0,28.2,468.0,19.8,419.0,31.8,424.0,23.2,4250.0,450.5,0.0,4250.0,32.7,558.0,31.8,418.0,72.5,496.0,80.9,252.0,62.3,536.0,21545.0,16.1,11.0,57.0,35.0,"Computer Science,Communication & Media Studies,Veterinary Science,Civil Engineering,Mathematics & Statistics,Politics & International Studies (incl Development Studies),Chemistry,Geography,Architecture,Business & Management,Chemical Engineering,History, Philosophy & Theology,Other Health,Geology, Environmental, Earth & Marine Sciences,Accounting & Finance,Sport Science,General Engineering,Psychology,Art, Performing Arts & Design,Mechanical & Aerospace Engineering,Physics & Astronomy,Electrical & Electronic Engineering,Languages, Literature & Linguistics,Education,Agriculture & Forestry,Economics & Econometrics,Sociology,Biological Sciences",University of Delaware,United States
407.0,525.5,L,FC,VH,5,A,36.1,240.0,28.2,344.0,3.9,701.0,22.5,522,1.4,701.0,1.7,701.0,24.7,502.0,91.4,34.0,31.0,432.0,27.4,8530.0,900.5,0.0,8530.0,40.4,295.0,24.2,643.0,39.0,1242.0,40.5,970.0,23.3,1768.0,29532.0,23.8,1.0,48.0,26.0,"Art, Performing Arts & Design,Geography,Physics & Astronomy,Law,Mathematics & Statistics,Economics & Econometrics,Communication & Media Studies,Languages, Literature & Linguistics,Sociology,Chemistry,Accounting & Finance,Biological Sciences,Psychology,Computer Science,Education,Geology, Environmental, Earth & Marine Sciences,Business & Management,History, Philosophy & Theology,Politics & International Studies (incl Development Studies)",University of Delhi,India
925.5,775.5,M,CO,VH,5,B,5.3,601.0,7.5,601.0,45.7,343.0,11.1,701,2.4,701.0,5.6,701.0,3.3,701.0,23.1,363.0,18.8,555.0,0.0,5310.0,550.5,0.0,5310.0,39.9,310.0,24.3,637.0,64.2,688.0,55.8,717.0,31.2,1453.0,10367.0,13.6,5.0,60.0,24.0,"Education,Art, Performing Arts & Design,Electrical & Electronic Engineering,General Engineering,Geography,Biological Sciences,Other Health,Sociology,History, Philosophy & Theology,Physics & Astronomy,Law,Mechanical & Aerospace Engineering,Languages, Literature & Linguistics,Politics & International Studies (incl Development Studies),Computer Science,Psychology,Mathematics & Statistics,Economics & Econometrics,Chemistry,Business & Management,Sport Science,Accounting & Finance,Communication & Media Studies",University of Denver,United States
1100.5,1100.5,L,CO,HI,3,A,4.8,601.0,3.2,601.0,11.3,701.0,4.7,701,30.5,486.0,48.5,305.0,4.4,701.0,9.3,701.0,3.8,701.0,0.0,6430.0,700.5,0.0,6430.0,18.5,1505.0,12.8,1323.0,71.8,515.0,26.5,1282.0,75.0,330.0,16170.0,15.8,18.0,60.0,28.0,"Psychology,Other Health,Civil Engineering,Accounting & Finance,Biological Sciences,General Engineering,Economics & Econometrics,Computer Science,Sociology,Communication & Media Studies,Law,Mechanical & Aerospace Engineering,History, Philosophy & Theology,Education,Mathematics & Statistics,Electrical & Electronic Engineering,Architecture,Languages, Literature & Linguistics,Business & Management,Politics & International Studies (incl Development Studies),Art, Performing Arts & Design,Sport Science",University of Derby,United Kingdom
695.5,900.5,XL,FC,MD,5,A,21.3,409.0,44.9,195.0,11.7,701.0,2.6,701,1.7,701.0,1.0,701.0,2.1,701.0,30.3,253.0,11.6,652.0,0.0,8560.0,900.5,0.0,8560.0,17.5,1595.0,10.0,1640.0,68.8,586.0,18.1,1659.0,48.5,852.0,216258.0,15.3,3.0,50.0,26.0,"Geography,Biological Sciences,Communication & Media Studies,History, Philosophy & Theology,Computer Science,Business & Management,Geology, Environmental, Earth & Marine Sciences,Accounting & Finance,Sociology,Chemical Engineering,Psychology,Politics & International Studies (incl Development Studies),Law,Languages, Literature & Linguistics,Chemistry,Electrical & Electronic Engineering,Economics & Econometrics,General Engineering,Art, Performing Arts & Design,Education,Mathematics & Statistics,Physics & Astronomy",University of Dhaka,Bangladesh
875.5,900.5,L,CO,HI,3,A,3.6,601.0,3.5,601.0,3.5,701.0,6.7,701,74.2,258.0,100.0,31.0,2.1,701.0,12.0,701.0,1.1,701.0,0.0,10460.0,1100.5,0.0,10460.0,21.8,1246.0,15.1,1113.0,41.0,1202.0,28.2,1231.0,84.9,190.0,14480.0,26.1,52.0,56.0,18.0,"Biological Sciences,Art, Performing Arts & Design,Architecture,Chemistry,Business & Management,Education,Psychology,Mechanical & Aerospace Engineering,Economics & Econometrics,Computer Science,Communication & Media Studies,Civil Engineering,Law,General Engineering,Electrical & Electronic Engineering,Sociology,Accounting & Finance,Politics & International Studies (incl Development Studies),Sport Science",University of East London,United Kingdom
548.0,555.5,L,CO,VH,4,A,14.8,588.0,9.7,601.0,39.4,403.0,24.6,494,30.9,482.0,4.8,701.0,62.4,230.0,8.1,701.0,28.4,463.0,21.4,5330.0,550.5,0.0,5330.0,28.9,747.0,31.2,437.0,69.7,562.0,67.4,490.0,48.5,853.0,12237.0,18.5,5.0,67.0,18.0,"Geology, Environmental, Earth & Marine Sciences,Accounting & Finance,History, Philosophy & Theology,Chemistry,Medicine & Dentistry,Geography,Languages, Literature & Linguistics,Physics & Astronomy,Economics & Econometrics,General Engineering,Sociology,Biological Sciences,Psychology,Computer Science,Education,Agriculture & Forestry,Politics & International Studies (incl Development Studies),Other Health,Law,Mathematics & Statistics,Business & Management",University of Eastern Finland,Finland
486.0,565.5,XL,CO,VH,4,A,4.3,601.0,3.0,601.0,8.6,701.0,96.4,46,3.4,701.0,2.6,701.0,21.7,530.0,7.6,701.0,3.5,701.0,23.7,3660.0,375.5,0.0,3660.0,34.8,469.0,35.2,344.0,80.9,302.0,85.5,201.0,33.9,1361.0,37498.0,15.7,3.0,30.0,42.0,"History, Philosophy & Theology,Chemistry,Computer Science,Electrical & Electronic Engineering,Physics & Astronomy,Psychology,General Engineering,Languages, Literature & Linguistics,Medicine & Dentistry,Geology, Environmental, Earth & Marine Sciences,Chemical Engineering,Economics & Econometrics,Business & Management,Other Health,Mathematics & Statistics,Mechanical & Aerospace Engineering,Biological Sciences",University of Electronic Science and Technology of China,China (Mainland)
795.5,900.5,L,FO,VH,4,A,8.9,601.0,44.8,197.0,16.4,701.0,5.7,701,1.1,701.0,3.6,701.0,2.1,701.0,16.8,501.0,27.3,478.0,0.0,10490.0,1100.5,0.0,10490.0,18.8,1477.0,9.9,1651.0,53.5,933.0,24.1,1364.0,50.6,788.0,12720.0,13.4,2.0,29.0,46.0,"Accounting & Finance,Physics & Astronomy,Computer Science,Electrical & Electronic Engineering,Civil Engineering,General Engineering,Business & Management,Chemical Engineering,Mathematics & Statistics,Chemistry,Mechanical & Aerospace Engineering,Architecture,Geology, Environmental, Earth & Marine Sciences",University of Engineering & Technology (UET) Lahore,Pakistan
358.0,460.0,XL,FC,VH,5,A,33.6,259.0,5.7,601.0,4.1,701.0,49.6,266,8.1,701.0,10.7,701.0,73.0,181.0,17.4,476.0,81.1,142.0,30.8,3670.0,375.5,0.0,3670.0,35.5,445.0,34.4,367.0,78.6,352.0,72.9,370.0,51.9,742.0,40535.0,24.0,10.0,56.0,26.0,"Archaeology,Chemistry,Business & Management,Medicine & Dentistry,Sport Science,Education,Other Health,Agriculture & Forestry,Law,Civil Engineering,Computer Science,Mathematics & Statistics,Economics & Econometrics,Art, Performing Arts & Design,Electrical & Electronic Engineering,Geography,Architecture,Physics & Astronomy,Psychology,General Engineering,Sociology,Languages, Literature & Linguistics,Mechanical & Aerospace Engineering,Geology, Environmental, Earth & Marine Sciences,Accounting & Finance,History, Philosophy & Theology,Biological Sciences,Communication & Media Studies,Politics & International Studies (incl Development Studies)",University of Florence,Italy
168.0,188.0,XL,FC,VH,5,A,48.0,171.0,58.7,137.0,71.3,180.0,26.6,467,18.8,604.0,10.8,699.0,97.7,24.0,39.0,184.0,95.7,48.0,49.1,1320.0,132.0,63.7,1320.0,55.5,93.0,56.7,103.0,78.3,357.0,88.9,174.0,50.9,776.0,48114.0,16.7,9.0,56.0,22.0,"Mechanical & Aerospace Engineering,Communication & Media Studies,Economics & Econometrics,Medicine & Dentistry,Veterinary Science,Sociology,Other Health,Biological Sciences,Psychology,Computer Science,Mathematics & Statistics,Education,Languages, Literature & Linguistics,General Engineering,Chemistry,Electrical & Electronic Engineering,Physics & Astronomy,Law,Art, Performing Arts & Design,Chemical Engineering,Geography,Architecture,Agriculture & Forestry,Business & Management,History, Philosophy & Theology,Sport Science,Geology, Environmental, Earth & Marine Sciences,Accounting & Finance,Civil Engineering,Politics & International Studies (incl Development Studies)",University of Florida,United States
289.0,270.0,L,FC,HI,5,A,26.3,335.0,28.2,341.0,61.2,230.0,13.5,666,92.3,170.0,39.3,348.0,45.7,338.0,30.7,249.0,90.6,89.0,36.0,3160.0,325.5,0.0,3160.0,32.9,546.0,33.8,383.0,76.7,402.0,83.0,227.0,77.6,286.0,15734.0,26.1,16.0,59.0,25.0,"Physics & Astronomy,Languages, Literature & Linguistics,Psychology,Geology, Environmental, Earth & Marine Sciences,Education,Mathematics & Statistics,Agriculture & Forestry,Medicine & Dentistry,Chemistry,Computer Science,Mechanical & Aerospace Engineering,Electrical & Electronic Engineering,Politics & International Studies (incl Development Studies),General Engineering,Law,Geography,Sociology,Archaeology,Art, Performing Arts & Design,Accounting & Finance,History, Philosophy & Theology,Communication & Media Studies,Biological Sciences,Economics & Econometrics,Business & Management,Other Health,Civil Engineering",University of Galway,Ireland
128.0,125.0,L,FC,VH,5,A,45.1,184.0,14.1,579.0,42.0,374.0,75.4,127,100.0,45.0,96.3,81.0,87.3,99.0,31.0,246.0,63.1,232.0,54.2,1830.0,183.0,59.8,1830.0,41.8,265.0,38.0,287.0,86.7,179.0,80.7,254.0,97.1,20.0,18865.0,8.4,40.0,62.0,26.0,"Computer Science,Geography,Chemistry,Biological Sciences,Psychology,Languages, Literature & Linguistics,Physics & Astronomy,Economics & Econometrics,Archaeology,Sociology,History, Philosophy & Theology,Mathematics & Statistics,Law,Sport Science,Geology, Environmental, Earth & Marine Sciences,Business & Management,Other Health,Politics & International Studies (incl Development Studies),Medicine & Dentistry,Education,Communication & Media Studies,Accounting & Finance",University of Geneva,Switzerland
530.0,675.5,L,FC,VH,5,A,17.4,511.0,3.8,601.0,11.3,701.0,40.6,340,4.8,701.0,8.8,701.0,54.3,291.0,12.7,679.0,61.9,243.0,22.1,4300.0,450.5,0.0,4300.0,36.1,422.0,28.3,510.0,78.0,367.0,73.4,359.0,47.3,881.0,21470.0,16.5,7.0,58.0,28.0,"Business & Management,Architecture,Archaeology,Physics & Astronomy,Biological Sciences,Mathematics & Statistics,Law,Economics & Econometrics,Other Health,Electrical & Electronic Engineering,Psychology,Geology, Environmental, Earth & Marine Sciences,Languages, Literature & Linguistics,Chemistry,Computer Science,General Engineering,Education,Mechanical & Aerospace Engineering,Sport Science,Politics & International Studies (incl Development Studies),Medicine & Dentistry,Accounting & Finance,Civil Engineering,History, Philosophy & Theology,Communication & Media Studies,Chemical Engineering,Art, Performing Arts & Design",University of Genoa,Italy
975.5,1300.5,XL,FC,HI,4,A,10.5,601.0,9.4,601.0,1.8,701.0,5.1,701,4.9,701.0,1.8,701.0,28.9,463.0,64.1,89.0,9.7,673.0,0.0,10640.0,1100.5,0.0,10640.0,14.9,1760.0,21.3,755.0,42.1,1182.0,37.3,1034.0,52.3,734.0,59744.0,35.9,1.0,49.0,16.0,"General Engineering,Biological Sciences,Accounting & Finance,History, Philosophy & Theology,Mathematics & Statistics,Sociology,Computer Science,Politics & International Studies (incl Development Studies),Economics & Econometrics,Geology, Environmental, Earth & Marine Sciences,Other Health,Chemistry,Business & Management,Languages, Literature & Linguistics,Communication & Media Studies,Medicine & Dentistry,Sport Science,Law,Physics & Astronomy,Psychology,Archaeology,Veterinary Science,Education,Agriculture & Forestry,Geography",University of Ghana,Ghana
76.0,81.0,XL,FC,VH,5,A,76.3,77.0,70.7,101.0,41.7,377.0,31.8,423,96.0,143.0,99.5,41.0,90.0,80.0,26.7,306.0,99.5,11.0,65.2,870.0,87.0,68.2,870.0,48.1,156.0,51.8,128.0,96.8,32.0,69.7,438.0,96.1,30.0,32270.0,14.4,43.0,59.0,23.0,"Architecture,Veterinary Science,Law,History, Philosophy & Theology,Civil Engineering,Sociology,Languages, Literature & Linguistics,Biological Sciences,Communication & Media Studies,Economics & Econometrics,Electrical & Electronic Engineering,Chemistry,Accounting & Finance,Archaeology,Sport Science,Geography,Computer Science,Mathematics & Statistics,Business & Management,Mechanical & Aerospace Engineering,Politics & International Studies (incl Development Studies),Art, Performing Arts & Design,Other Health,Geology, Environmental, Earth & Marine Sciences,General Engineering,Physics & Astronomy,Education,Medicine & Dentistry,Agriculture & Forestry,Psychology",University of Glasgow,United Kingdom
187.0,185.0,L,FC,VH,4,A,36.2,239.0,16.9,511.0,56.3,261.0,39.4,349,90.6,179.0,80.8,160.0,86.4,104.0,46.3,151.0,97.6,30.0,47.3,2120.0,225.5,0.0,2120.0,34.0,492.0,43.4,205.0,90.2,123.0,75.4,328.0,65.7,470.0,21698.0,11.9,13.0,54.0,14.0,"Psychology,Geography,Accounting & Finance,Languages, Literature & Linguistics,Sociology,Sport Science,Education,Geology, Environmental, Earth & Marine Sciences,Archaeology,Communication & Media Studies,History, Philosophy & Theology,Business & Management,Veterinary Science,Art, Performing Arts & Design,Chemistry,Physics & Astronomy,Medicine & Dentistry,Economics & Econometrics,Law,Mathematics & Statistics,Biological Sciences,Politics & International Studies (incl Development Studies),Computer Science,Other Health",University of Gothenburg,Sweden
403.0,494.0,XL,FC,VH,5,A,44.0,192.0,9.8,601.0,5.6,701.0,23.3,509,3.4,701.0,16.1,598.0,96.8,34.0,5.1,701.0,36.1,391.0,27.8,5370.0,550.5,0.0,5370.0,28.5,775.0,26.6,553.0,65.7,657.0,52.2,766.0,52.6,725.0,55523.0,14.7,9.0,59.0,28.0,"History, Philosophy & Theology,Civil Engineering,Sociology,Chemistry,Accounting & Finance,Languages, Literature & Linguistics,Computer Science,Mathematics & Statistics,Psychology,Architecture,Sport Science,Communication & Media Studies,Economics & Econometrics,Medicine & Dentistry,Politics & International Studies (incl Development Studies),Biological Sciences,Law,Other Health,Geography,Electrical & Electronic Engineering,Education,Archaeology,Geology, Environmental, Earth & Marine Sciences,Business & Management,Chemical Engineering,Physics & Astronomy",University of Granada,Spain
675.5,900.5,L,CO,HI,3,A,4.5,601.0,4.2,601.0,4.6,701.0,10.6,701,91.9,173.0,100.0,30.0,41.1,368.0,12.8,671.0,12.7,636.0,0.0,5400.0,550.5,0.0,5400.0,17.8,1568.0,17.5,941.0,81.2,298.0,40.9,957.0,97.2,19.0,17095.0,21.8,46.0,58.0,26.0,"Computer Science,Education,Accounting & Finance,Mathematics & Statistics,General Engineering,Languages, Literature & Linguistics,Architecture,Law,Chemistry,Chemical Engineering,Civil Engineering,Biological Sciences,Sociology,Politics & International Studies (incl Development Studies),Agriculture & Forestry,Other Health,Psychology,Communication & Media Studies,Economics & Econometrics,Veterinary Science,Business & Management,Mechanical & Aerospace Engineering,Electrical & Electronic Engineering,Geology, Environmental, Earth & Marine Sciences,History, Philosophy & Theology,Sport Science,Art, Performing Arts & Design",University of Greenwich,United Kingdom
139.0,145.0,XL,FC,VH,5,A,52.9,148.0,29.9,326.0,51.4,304.0,42.9,311,93.5,159.0,85.6,140.0,92.1,67.0,22.3,372.0,67.7,214.0,52.5,790.0,79.0,70.0,790.0,47.5,165.0,57.2,100.0,94.5,52.0,99.9,30.0,93.4,75.0,31942.0,28.8,29.0,53.0,17.0,"Archaeology,Communication & Media Studies,Geography,History, Philosophy & Theology,Mathematics & Statistics,Psychology,Politics & International Studies (incl Development Studies),Education,Chemical Engineering,Accounting & Finance,Computer Science,Sociology,General Engineering,Physics & Astronomy,Law,Other Health,Biological Sciences,Economics & Econometrics,Medicine & Dentistry,Chemistry,Business & Management,Languages, Literature & Linguistics,Geology, Environmental, Earth & Marine Sciences",University of Groningen,Netherlands
486.0,595.5,L,CO,VH,4,A,13.5,601.0,20.9,444.0,5.8,701.0,47.5,286,43.5,384.0,15.1,618.0,22.3,525.0,13.1,658.0,36.3,389.0,23.7,4350.0,450.5,0.0,4350.0,32.6,566.0,36.2,322.0,66.2,646.0,78.1,289.0,64.5,495.0,22936.0,27.3,10.0,59.0,25.0,"General Engineering,Geology, Environmental, Earth & Marine Sciences,Architecture,Physics & Astronomy,Accounting & Finance,Computer Science,Chemistry,Electrical & Electronic Engineering,Other Health,Mathematics & Statistics,Economics & Econometrics,Agriculture & Forestry,Politics & International Studies (incl Development Studies),Chemical Engineering,Mechanical & Aerospace Engineering,Communication & Media Studies,Civil Engineering,Languages, Literature & Linguistics,Sport Science,Business & Management,Biological Sciences,Sociology,History, Philosophy & Theology,Psychology,Art, Performing Arts & Design,Veterinary Science,Geography",University of Guelph,Canada
232.0,215.0,L,FC,VH,5,A,47.4,172.0,29.0,338.0,70.1,183.0,17.7,587,49.5,361.0,22.5,505.0,91.8,71.0,21.9,379.0,55.5,274.0,41.4,1120.0,111.0,65.8,1120.0,50.0,134.0,54.8,112.0,90.1,125.0,70.8,411.0,70.7,397.0,23349.0,27.4,14.0,53.0,27.0,"History, Philosophy & Theology,Veterinary Science,Law,Languages, Literature & Linguistics,Physics & Astronomy,Geography,Sport Science,Accounting & Finance,Computer Science,Politics & International Studies (incl Development Studies),Medicine & Dentistry,Education,Archaeology,Sociology,Other Health,Geology, Environmental, Earth & Marine Sciences,Agriculture & Forestry,Psychology,Biological Sciences,Chemistry,Economics & Econometrics,Art, Performing Arts & Design,Mathematics & Statistics,Business & Management",University of Göttingen,Germany
655.5,725.5,L,FO,VH,4,A,13.1,601.0,7.4,601.0,19.6,678.0,30.1,433,14.2,681.0,3.9,701.0,13.5,617.0,14.1,601.0,51.8,295.0,0.0,6630.0,700.5,0.0,6630.0,23.9,1085.0,30.1,469.0,68.4,595.0,64.5,558.0,34.5,1340.0,17353.0,18.4,3.0,66.0,21.0,"Accounting & Finance,Languages, Literature & Linguistics,History, Philosophy & Theology,Sociology,Art, Performing Arts & Design,Law,Economics & Econometrics,Other Health,Geology, Environmental, Earth & Marine Sciences,Mathematics & Statistics,Business & Management,Biological Sciences,Psychology,Archaeology,Communication & Media Studies,Politics & International Studies (incl Development Studies),Geography,Physics & Astronomy,Education,Computer Science",University of Haifa,Israel
115.0,106.0,L,CO,VH,5,A,65.1,105.0,32.3,304.0,63.4,223.0,49.8,265,71.5,268.0,5.4,701.0,96.0,40.0,65.7,86.0,82.7,133.0,57.2,1210.0,121.0,65.1,1210.0,48.1,157.0,57.6,97.0,90.6,114.0,69.2,451.0,56.7,648.0,22887.0,15.9,5.0,67.0,20.0,"Computer Science,Geography,Physics & Astronomy,Biological Sciences,Psychology,Archaeology,Chemistry,Medicine & Dentistry,Communication & Media Studies,Agriculture & Forestry,Sociology,Languages, Literature & Linguistics,Mathematics & Statistics,Economics & Econometrics,Other Health,Geology, Environmental, Earth & Marine Sciences,Law,History, Philosophy & Theology,Politics & International Studies (incl Development Studies),Veterinary Science,Education",University of Helsinki,Finland
875.5,900.5,L,CO,HI,3,A,4.7,601.0,4.8,601.0,6.4,701.0,5.6,701,63.4,305.0,99.5,42.0,11.2,647.0,12.0,701.0,2.7,701.0,0.0,6660.0,700.5,0.0,6660.0,18.6,1492.0,13.4,1264.0,67.2,618.0,33.9,1112.0,91.6,106.0,20480.0,16.3,40.0,52.0,24.0,"General Engineering,Geography,Architecture,Mathematics & Statistics,Sociology,Art, Performing Arts & Design,Mechanical & Aerospace Engineering,Politics & International Studies (incl Development Studies),Physics & Astronomy,Business & Management,Other Health,Sport Science,Accounting & Finance,Civil Engineering,Psychology,Electrical & Electronic Engineering,Communication & Media Studies,Veterinary Science,Economics & Econometrics,Biological Sciences,Education,Computer Science,Geology, Environmental, Earth & Marine Sciences,Law",University of Hertfordshire,United Kingdom
655.5,900.5,M,SP,Unknown,5,A,9.8,601.0,5.3,601.0,10.0,701.0,39.4,348,26.4,515.0,24.2,484.0,36.3,410.0,8.8,701.0,15.0,612.0,0.0,2630.0,275.5,0.0,2630.0,35.0,461.0,35.5,334.0,85.7,195.0,80.5,257.0,61.7,550.0,8369.0,37.7,14.0,57.0,27.0,"Economics & Econometrics,Biological Sciences,Communication & Media Studies,Business & Management,Geology, Environmental, Earth & Marine Sciences,Accounting & Finance,Other Health,Agriculture & Forestry",University of Hohenheim,Germany
645.5,775.5,XL,CO,VH,4,A,13.9,601.0,10.9,601.0,4.5,701.0,34.0,402,8.5,701.0,9.3,701.0,34.0,426.0,29.2,273.0,27.8,469.0,0.0,5420.0,550.5,0.0,5420.0,33.8,500.0,29.7,482.0,65.8,655.0,70.2,427.0,50.8,780.0,47963.0,26.3,7.0,52.0,34.0,"Languages, Literature & Linguistics,Mechanical & Aerospace Engineering,Geology, Environmental, Earth & Marine Sciences,Art, Performing Arts & Design,Chemical Engineering,Geography,History, Philosophy & Theology,Biological Sciences,Education,Computer Science,Mathematics & Statistics,Business & Management,Electrical & Electronic Engineering,Politics & International Studies (incl Development Studies),Architecture,Sport Science,Sociology,Civil Engineering,Law,Other Health,Physics & Astronomy,Economics & Econometrics,Medicine & Dentistry,Chemistry,Accounting & Finance,General Engineering,Communication & Media Studies,Psychology",University of Houston,United States
567.0,675.5,L,CO,VH,3,A,12.5,601.0,15.0,548.0,6.7,701.0,20.9,547,65.1,295.0,79.4,165.0,41.2,367.0,9.0,701.0,7.3,701.0,20.8,5430.0,550.5,0.0,5430.0,28.3,787.0,25.0,610.0,66.3,643.0,44.4,904.0,88.4,145.0,14270.0,19.8,26.0,58.0,28.0,"Sociology,Chemistry,Communication & Media Studies,Languages, Literature & Linguistics,General Engineering,Civil Engineering,Education,Sport Science,Geography,Economics & Econometrics,Mathematics & Statistics,Art, Performing Arts & Design,Mechanical & Aerospace Engineering,Computer Science,History, Philosophy & Theology,Psychology,Business & Management,Physics & Astronomy,Chemical Engineering,Politics & International Studies (incl Development Studies),Biological Sciences,Accounting & Finance,Geology, Environmental, Earth & Marine Sciences,Architecture,Electrical & Electronic Engineering,Law,Other Health",University of Huddersfield,United Kingdom
523.0,675.5,L,FC,HI,4,A,8.5,601.0,3.5,601.0,13.0,701.0,25.4,477,57.4,322.0,67.4,221.0,36.4,407.0,16.8,507.0,85.2,118.0,22.5,4380.0,450.5,0.0,4380.0,27.4,850.0,24.3,638.0,74.3,458.0,59.8,650.0,85.4,186.0,12305.0,18.0,21.0,56.0,26.0,"Mechanical & Aerospace Engineering,Politics & International Studies (incl Development Studies),Other Health,Geology, Environmental, Earth & Marine Sciences,Art, Performing Arts & Design,Chemical Engineering,Law,Medicine & Dentistry,Sport Science,Accounting & Finance,General Engineering,Chemistry,Education,Computer Science,Mathematics & Statistics,Psychology,Electrical & Electronic Engineering,Communication & Media Studies,Economics & Econometrics,History, Philosophy & Theology,Physics & Astronomy,Business & Management,Languages, Literature & Linguistics,Biological Sciences,Sociology,Archaeology,Civil Engineering,Geography",University of Hull,United Kingdom
64.0,85.0,XL,FC,VH,5,A,85.0,54.0,70.8,100.0,7.5,701.0,86.5,86,11.1,701.0,49.2,303.0,76.4,164.0,66.0,84.0,83.5,128.0,69.1,420.0,42.0,77.9,420.0,69.5,45.0,81.5,31.0,85.2,206.0,85.3,206.0,64.0,503.0,50250.0,19.6,23.0,51.0,35.0,"Computer Science,Mathematics & Statistics,Education,Architecture,Chemical Engineering,Geology, Environmental, Earth & Marine Sciences,Economics & Econometrics,Electrical & Electronic Engineering,Physics & Astronomy,Accounting & Finance,Languages, Literature & Linguistics,Biological Sciences,Psychology,General Engineering,Chemistry,Business & Management,Art, Performing Arts & Design,Civil Engineering,Politics & International Studies (incl Development Studies),Archaeology,Veterinary Science,Law,Medicine & Dentistry,Sport Science,Sociology,History, Philosophy & Theology,Mechanical & Aerospace Engineering,Communication & Media Studies,Other Health,Agriculture & Forestry,Geography",University of Illinois at Urbana-Champaign,United States
491.0,467.0,L,FC,VH,5,A,19.9,444.0,11.2,601.0,48.2,325.0,20.9,548,22.3,569.0,4.6,701.0,51.3,304.0,22.1,374.0,38.4,373.0,23.5,2160.0,225.5,0.0,2160.0,46.1,185.0,37.0,305.0,79.9,324.0,88.6,177.0,55.8,665.0,28583.0,10.9,6.0,55.0,18.0,"Languages, Literature & Linguistics,Medicine & Dentistry,Mathematics & Statistics,Sport Science,Sociology,Biological Sciences,Economics & Econometrics,Electrical & Electronic Engineering,Physics & Astronomy,Law,Other Health,Chemical Engineering,Archaeology,Chemistry,Business & Management,History, Philosophy & Theology,Psychology,Mechanical & Aerospace Engineering,Politics & International Studies (incl Development Studies),Education,Accounting & Finance,Geology, Environmental, Earth & Marine Sciences,Civil Engineering,Communication & Media Studies,General Engineering,Art, Performing Arts & Design,Computer Science,Geography",University of Iowa,United States
306.0,412.0,L,CO,VH,2,A,16.2,540.0,21.4,434.0,36.8,430.0,20.7,549,96.3,135.0,50.6,286.0,96.9,32.0,43.6,165.0,73.6,182.0,34.0,4430.0,450.5,0.0,4430.0,28.6,767.0,36.3,321.0,66.8,629.0,44.8,899.0,81.0,241.0,31721.0,26.5,13.0,55.0,32.0,"Languages, Literature & Linguistics,Civil Engineering,Law,Architecture,Chemistry,Biological Sciences,Geography,Accounting & Finance,History, Philosophy & Theology,Sport Science,Education,Other Health,Chemical Engineering,Communication & Media Studies,Electrical & Electronic Engineering,Mathematics & Statistics,Psychology,Mechanical & Aerospace Engineering,Politics & International Studies (incl Development Studies),Business & Management,Computer Science,Physics & Astronomy,Economics & Econometrics,General Engineering,Geology, Environmental, Earth & Marine Sciences,Art, Performing Arts & Design,Agriculture & Forestry,Sociology",University of Johannesburg,South Africa
446.0,347.0,M,FO,VH,4,A,17.2,518.0,12.5,601.0,86.2,100.0,15.3,626,40.9,404.0,2.8,701.0,54.7,287.0,11.4,701.0,30.2,447.0,25.7,4450.0,450.5,0.0,4450.0,31.4,621.0,34.1,376.0,78.2,361.0,53.0,753.0,49.7,813.0,10702.0,13.8,3.0,62.0,34.0,"Art, Performing Arts & Design,Education,Sport Science,Economics & Econometrics,Communication & Media Studies,Biological Sciences,Business & Management,Other Health,Chemistry,Physics & Astronomy,Languages, Literature & Linguistics,Sociology,History, Philosophy & Theology,Psychology,Mathematics & Statistics,Accounting & Finance,Computer Science,Politics & International Studies (incl Development Studies)",University of Jyväskylä,Finland
410.0,369.0,L,FC,VH,5,A,15.1,577.0,13.3,601.0,83.6,116.0,9.0,701,72.6,263.0,7.8,701.0,35.7,414.0,23.5,359.0,71.8,194.0,27.2,3780.0,375.5,0.0,3780.0,42.7,248.0,25.9,575.0,73.1,479.0,79.9,264.0,58.6,612.0,23410.0,9.5,7.0,53.0,24.0,"Computer Science,History, Philosophy & Theology,Other Health,Geology, Environmental, Earth & Marine Sciences,Economics & Econometrics,Civil Engineering,Politics & International Studies (incl Development Studies),Languages, Literature & Linguistics,Chemical Engineering,Law,Art, Performing Arts & Design,Mechanical & Aerospace Engineering,Chemistry,Electrical & Electronic Engineering,Sport Science,Business & Management,General Engineering,Communication & Media Studies,Psychology,Biological Sciences,Sociology,Accounting & Finance,Architecture,Agriculture & Forestry,Geography,Medicine & Dentistry,Mathematics & Statistics,Education,Physics & Astronomy",University of Kansas,United States
1100.5,1300.5,XL,CO,HI,4,A,10.4,601.0,15.3,540.0,1.6,701.0,4.6,701,3.8,701.0,1.1,701.0,2.6,701.0,6.9,701.0,12.3,640.0,0.0,16760.0,1501.0,0.0,16760.0,14.1,1798.0,10.6,1575.0,19.5,1691.0,24.5,1353.0,44.4,978.0,47337.0,39.3,0.0,60.0,22.0,"Accounting & Finance,Agriculture & Forestry,Law,Politics & International Studies (incl Development Studies),Physics & Astronomy,Other Health,Mathematics & Statistics,Chemical Engineering,Communication & Media Studies,Computer Science,Education,Sociology,Business & Management,Sport Science,Languages, Literature & Linguistics,Geology, Environmental, Earth & Marine Sciences,Biological Sciences,Psychology,Architecture,History, Philosophy & Theology,Geography,Veterinary Science,Economics & Econometrics,Chemistry",University of Karachi,Pakistan
336.0,375.0,L,CO,VH,4,A,17.0,522.0,6.7,601.0,13.3,701.0,43.9,306,96.6,133.0,72.8,195.0,43.0,354.0,20.2,413.0,85.2,118.0,32.2,4470.0,450.5,0.0,4470.0,27.6,834.0,29.0,497.0,77.6,380.0,51.9,776.0,93.5,73.0,16515.0,18.0,27.0,53.0,23.0,"Languages, Literature & Linguistics,Veterinary Science,Communication & Media Studies,Education,Other Health,Archaeology,Economics & Econometrics,Law,Psychology,Sport Science,Medicine & Dentistry,Computer Science,Geology, Environmental, Earth & Marine Sciences,Business & Management,Mathematics & Statistics,History, Philosophy & Theology,Architecture,Physics & Astronomy,Electrical & Electronic Engineering,Geography,Accounting & Finance,Biological Sciences,Art, Performing Arts & Design,Sociology,Mechanical & Aerospace Engineering,Politics & International Studies (incl Development Studies),Agriculture & Forestry,General Engineering,Chemistry",University of Kent,United Kingdom
685.5,725.5,L,FC,VH,5,A,10.9,601.0,11.5,601.0,18.9,696.0,26.1,470,20.9,584.0,3.7,701.0,40.6,371.0,13.6,634.0,24.1,502.0,0.0,4480.0,450.5,0.0,4480.0,41.3,271.0,30.8,448.0,71.8,516.0,70.9,410.0,46.8,899.0,27540.0,11.3,3.0,58.0,18.0,"Geology, Environmental, Earth & Marine Sciences,Sociology,Chemistry,Geography,Art, Performing Arts & Design,Communication & Media Studies,History, Philosophy & Theology,Education,Mechanical & Aerospace Engineering,Sport Science,Architecture,Accounting & Finance,Politics & International Studies (incl Development Studies),Medicine & Dentistry,Veterinary Science,Biological Sciences,Business & Management,Civil Engineering,Law,Chemical Engineering,Computer Science,Physics & Astronomy,Agriculture & Forestry,Electrical & Electronic Engineering,Languages, Literature & Linguistics,Economics & Econometrics,Other Health,General Engineering,Psychology,Mathematics & Statistics",University of Kentucky,United States
580.0,486.0,S,FO,VH,4,A,5.5,601.0,4.3,601.0,60.2,235.0,11.4,701,95.2,148.0,86.6,137.0,3.0,701.0,12.0,701.0,1.6,701.0,20.4,5500.0,550.5,0.0,5500.0,31.2,632.0,19.4,844.0,72.4,502.0,48.1,839.0,87.6,157.0,3479.0,10.0,31.0,67.0,41.0,"Mathematics & Statistics,Business & Management,Communication & Media Studies,Languages, Literature & Linguistics,Geography,Psychology,History, Philosophy & Theology,Law,Economics & Econometrics,Computer Science,Education,Electrical & Electronic Engineering,Mechanical & Aerospace Engineering",University of Klagenfurt,Austria
1401.0,1300.5,L,FO,VH,3,A,4.0,601.0,2.4,601.0,10.3,701.0,3.6,701,1.0,701.0,1.1,701.0,2.7,701.0,9.2,701.0,1.0,701.0,0.0,10950.0,1100.5,0.0,10950.0,23.8,1093.0,10.7,1561.0,60.0,780.0,21.2,1476.0,31.8,1434.0,16543.0,13.7,1.0,63.0,26.0,"Economics & Econometrics,General Engineering,Mechanical & Aerospace Engineering,Chemistry,Biological Sciences,Education,Architecture,Sport Science,Physics & Astronomy,Civil Engineering,Electrical & Electronic Engineering,Business & Management,Mathematics & Statistics,Other Health,Languages, Literature & Linguistics,Accounting & Finance,Agriculture & Forestry,Law,Art, Performing Arts & Design,Psychology,Computer Science,Medicine & Dentistry",University of Kragujevac,Serbia
1300.5,1100.5,L,FC,HI,3,A,3.3,601.0,8.5,601.0,30.6,511.0,1.4,701,4.7,701.0,1.1,701.0,1.0,701.0,8.8,701.0,1.0,701.0,0.0,16960.0,1501.0,0.0,16960.0,20.0,1376.0,8.7,1831.0,18.0,1717.0,16.7,1787.0,29.5,1521.0,28175.0,12.3,0.0,65.0,33.0,"History, Philosophy & Theology,Chemical Engineering,Politics & International Studies (incl Development Studies),Languages, Literature & Linguistics,Agriculture & Forestry,Physics & Astronomy,Business & Management,Other Health,Sport Science,Law,Art, Performing Arts & Design,Civil Engineering,Geology, Environmental, Earth & Marine Sciences,Mechanical & Aerospace Engineering,Chemistry,Accounting & Finance,Architecture,Veterinary Science,Psychology,Electrical & Electronic Engineering,Sociology,Economics & Econometrics,Medicine & Dentistry,Mathematics & Statistics,Education,Computer Science,Communication & Media Studies,Archaeology,Biological Sciences,Geography",University of Kufa,Iraq
825.5,1100.5,L,FC,HI,5,A,12.5,601.0,17.8,495.0,5.1,701.0,6.1,701,12.5,701.0,5.3,701.0,21.5,531.0,59.8,102.0,13.7,627.0,0.0,11020.0,1100.5,0.0,11020.0,18.6,1494.0,27.1,539.0,40.3,1219.0,42.5,931.0,47.6,876.0,12125.0,30.2,7.0,69.0,32.0,"History, Philosophy & Theology,Communication & Media Studies,Art, Performing Arts & Design,Mathematics & Statistics,Business & Management,Computer Science,Sociology,Economics & Econometrics,Archaeology,Politics & International Studies (incl Development Studies),Veterinary Science,Education,Other Health,Chemistry,Accounting & Finance,Medicine & Dentistry,Physics & Astronomy,Psychology,Agriculture & Forestry,Geography,Biological Sciences,Geology, Environmental, Earth & Marine Sciences,Languages, Literature & Linguistics,Sport Science,Law",University of Latvia,Latvia
220.0,203.0,L,FO,VH,5,A,29.4,294.0,15.1,545.0,36.6,434.0,65.1,173,99.9,77.0,56.6,263.0,48.0,327.0,27.9,290.0,61.6,245.0,42.7,1430.0,143.0,62.7,1430.0,41.7,267.0,46.3,175.0,87.3,166.0,99.5,59.0,90.4,126.0,14478.0,10.5,23.0,54.0,14.0,"Geography,Biological Sciences,Communication & Media Studies,Sociology,Languages, Literature & Linguistics,Psychology,Accounting & Finance,Geology, Environmental, Earth & Marine Sciences,History, Philosophy & Theology,Archaeology,Law,Economics & Econometrics,Other Health,Business & Management,Education,Medicine & Dentistry,Politics & International Studies (incl Development Studies),Sport Science,Computer Science",University of Lausanne,Switzerland
75.0,86.0,XL,FC,VH,5,A,70.3,89.0,76.7,77.0,37.3,421.0,42.3,320,85.2,208.0,90.0,118.0,98.7,16.0,37.8,193.0,90.9,88.0,65.5,1290.0,129.0,63.9,1290.0,46.1,186.0,49.1,150.0,87.3,167.0,68.8,458.0,94.6,57.0,33450.0,14.4,32.0,59.0,30.0,"Geography,Physics & Astronomy,Chemical Engineering,Medicine & Dentistry,Economics & Econometrics,Psychology,Other Health,Law,Business & Management,Mechanical & Aerospace Engineering,General Engineering,Mathematics & Statistics,Biological Sciences,Electrical & Electronic Engineering,Chemistry,Agriculture & Forestry,Geology, Environmental, Earth & Marine Sciences,Civil Engineering,Sociology,Architecture,History, Philosophy & Theology,Computer Science,Sport Science,Politics & International Studies (incl Development Studies),Art, Performing Arts & Design,Accounting & Finance,Education,Communication & Media Studies,Languages, Literature & Linguistics",University of Leeds,United Kingdom
272.0,279.0,L,FC,VH,5,A,21.2,412.0,14.2,576.0,36.1,441.0,45.3,298,80.8,226.0,94.1,91.0,75.7,167.0,17.8,468.0,50.9,301.0,37.3,2190.0,225.5,0.0,2190.0,33.4,528.0,34.2,372.0,95.5,44.0,67.9,482.0,95.1,46.0,14000.0,13.9,31.0,54.0,23.0,"Education,Mechanical & Aerospace Engineering,Geology, Environmental, Earth & Marine Sciences,General Engineering,Physics & Astronomy,Law,Sociology,Economics & Econometrics,Other Health,Chemistry,Business & Management,Languages, Literature & Linguistics,Communication & Media Studies,History, Philosophy & Theology,Accounting & Finance,Medicine & Dentistry,Mathematics & Statistics,Psychology,Electrical & Electronic Engineering,Politics & International Studies (incl Development Studies),Computer Science,Geography,Archaeology,Biological Sciences",University of Leicester,United Kingdom
426.0,535.5,L,FC,HI,4,A,17.5,507.0,29.1,337.0,14.0,701.0,21.9,529,88.4,190.0,28.6,434.0,34.6,421.0,13.9,614.0,58.9,254.0,26.6,4500.0,450.5,0.0,4500.0,27.1,871.0,32.6,406.0,64.1,690.0,75.9,318.0,76.1,312.0,14640.0,27.1,15.0,50.0,28.0,"Chemistry,Architecture,Politics & International Studies (incl Development Studies),Physics & Astronomy,History, Philosophy & Theology,Electrical & Electronic Engineering,Other Health,Business & Management,Sociology,Communication & Media Studies,Economics & Econometrics,Geology, Environmental, Earth & Marine Sciences,General Engineering,Law,Medicine & Dentistry,Mathematics & Statistics,Accounting & Finance,Biological Sciences,Civil Engineering,Art, Performing Arts & Design,Sport Science,Psychology,Chemical Engineering,Languages, Literature & Linguistics,Computer Science,Education,Mechanical & Aerospace Engineering",University of Limerick,Ireland
875.5,900.5,L,CO,HI,3,A,6.1,601.0,5.1,601.0,9.1,701.0,11.3,701,64.6,298.0,30.1,421.0,9.6,679.0,8.9,701.0,37.5,382.0,0.0,5550.0,550.5,0.0,5550.0,19.9,1382.0,18.7,883.0,82.2,283.0,24.7,1344.0,80.2,254.0,15020.0,16.1,13.0,55.0,24.0,"General Engineering,Business & Management,Mathematics & Statistics,Civil Engineering,Other Health,Agriculture & Forestry,Mechanical & Aerospace Engineering,Communication & Media Studies,Languages, Literature & Linguistics,Accounting & Finance,Veterinary Science,Art, Performing Arts & Design,Geography,Chemistry,Physics & Astronomy,Psychology,Geology, Environmental, Earth & Marine Sciences,Law,Computer Science,Sport Science,Electrical & Electronic Engineering,Politics & International Studies (incl Development Studies),Architecture,History, Philosophy & Theology,Education,Economics & Econometrics,Sociology,Biological Sciences",University of Lincoln,United Kingdom
176.0,190.0,L,FC,VH,5,A,44.4,191.0,35.0,277.0,39.7,401.0,37.9,371,87.8,194.0,79.0,168.0,97.2,29.0,25.6,324.0,72.0,193.0,48.5,1710.0,168.0,60.8,1710.0,38.4,350.0,40.2,247.0,93.4,67.0,64.9,550.0,96.4,27.0,25955.0,14.2,32.0,54.0,24.0,"General Engineering,Medicine & Dentistry,Mechanical & Aerospace Engineering,Chemistry,Sociology,Economics & Econometrics,Electrical & Electronic Engineering,Languages, Literature & Linguistics,Computer Science,Physics & Astronomy,Politics & International Studies (incl Development Studies),Veterinary Science,History, Philosophy & Theology,Civil Engineering,Accounting & Finance,Communication & Media Studies,Law,Other Health,Archaeology,Mathematics & Statistics,Business & Management,Psychology,Biological Sciences,Geology, Environmental, Earth & Marine Sciences,Geography,Architecture",University of Liverpool,United Kingdom
625.5,625.5,XL,FC,VH,5,A,20.0,439.0,9.5,601.0,35.6,446.0,6.3,701,4.5,701.0,10.7,701.0,59.3,250.0,48.9,139.0,17.2,574.0,0.0,9140.0,900.5,0.0,9140.0,24.5,1045.0,20.1,806.0,54.6,896.0,69.8,436.0,42.4,1036.0,40607.0,13.8,9.0,60.0,28.0,"Archaeology,Mechanical & Aerospace Engineering,Sociology,Art, Performing Arts & Design,Mathematics & Statistics,Law,Computer Science,Electrical & Electronic Engineering,Geology, Environmental, Earth & Marine Sciences,Economics & Econometrics,Architecture,Chemical Engineering,Business & Management,History, Philosophy & Theology,Agriculture & Forestry,Politics & International Studies (incl Development Studies),Civil Engineering,Communication & Media Studies,Accounting & Finance,Medicine & Dentistry,Biological Sciences,Chemistry,Other Health,Veterinary Science,Education,General Engineering,Physics & Astronomy,Geography,Languages, Literature & Linguistics,Sport Science,Psychology",University of Ljubljana,Slovenia
975.5,900.5,L,CO,VH,4,A,11.7,601.0,4.3,601.0,39.7,400.0,3.2,701,4.2,701.0,12.8,666.0,26.7,485.0,11.8,701.0,2.4,701.0,0.0,17080.0,1501.0,0.0,17080.0,20.6,1331.0,15.6,1076.0,28.8,1478.0,19.2,1574.0,35.5,1301.0,21633.0,14.0,9.0,62.0,20.0,"Physics & Astronomy,Politics & International Studies (incl Development Studies),Languages, Literature & Linguistics,Chemistry,Accounting & Finance,Agriculture & Forestry,Psychology,Sport Science,Education,Mathematics & Statistics,Law,Biological Sciences,Business & Management,Geology, Environmental, Earth & Marine Sciences,Archaeology,Communication & Media Studies,Economics & Econometrics,Computer Science,Geography,History, Philosophy & Theology,Sociology",University of Lodz,Poland
254.0,304.0,M,FO,VH,3,A,10.6,601.0,14.2,575.0,12.2,701.0,96.9,43,100.0,18.0,99.3,49.0,11.4,646.0,41.6,177.0,4.3,701.0,38.9,1940.0,193.0,59.0,1940.0,38.4,351.0,38.1,285.0,90.3,121.0,61.9,615.0,93.7,68.0,10908.0,18.6,41.0,54.0,25.0,"Sport Science,Law,General Engineering,Geology, Environmental, Earth & Marine Sciences,Other Health,Physics & Astronomy,Biological Sciences,Politics & International Studies (incl Development Studies),Electrical & Electronic Engineering,Sociology,History, Philosophy & Theology,Mechanical & Aerospace Engineering,Psychology,Languages, Literature & Linguistics,Civil Engineering,Communication & Media Studies,Economics & Econometrics,Art, Performing Arts & Design,Mathematics & Statistics,Accounting & Finance,Computer Science,Chemistry,Business & Management,Medicine & Dentistry,Education",University of Macau,Macau SAR
875.5,900.5,M,FC,HI,3,A,5.3,601.0,5.2,601.0,38.2,413.0,6.5,701,15.1,665.0,11.2,688.0,35.4,416.0,47.4,147.0,2.3,701.0,0.0,9190.0,900.5,0.0,9190.0,23.4,1124.0,16.2,1035.0,60.6,767.0,20.5,1513.0,53.8,697.0,10056.0,12.3,14.0,59.0,28.0,"Computer Science,General Engineering,Geography,Civil Engineering,Politics & International Studies (incl Development Studies),Economics & Econometrics,Languages, Literature & Linguistics,Mathematics & Statistics,Education,Architecture,Communication & Media Studies,Law,History, Philosophy & Theology,Sport Science,Geology, Environmental, Earth & Marine Sciences,Art, Performing Arts & Design,Agriculture & Forestry,Chemistry,Electrical & Electronic Engineering,Physics & Astronomy,Business & Management,Medicine & Dentistry,Mechanical & Aerospace Engineering,Biological Sciences,Other Health,Psychology,Archaeology,Sociology,Accounting & Finance",University of Malta,Malta
875.5,900.5,L,FC,HI,3,A,7.0,601.0,6.7,601.0,30.8,509.0,6.7,701,1.9,701.0,14.3,636.0,16.1,584.0,52.1,123.0,31.3,428.0,0.0,13460.0,1350.5,0.0,13460.0,20.1,1368.0,16.9,978.0,40.8,1209.0,36.5,1061.0,38.9,1156.0,12919.0,14.4,11.0,54.0,36.0,"Geography,Communication & Media Studies,Psychology,Civil Engineering,Mathematics & Statistics,Electrical & Electronic Engineering,Languages, Literature & Linguistics,Sport Science,Law,Architecture,Other Health,Computer Science,Sociology,Economics & Econometrics,General Engineering,Chemical Engineering,Chemistry,History, Philosophy & Theology,Biological Sciences,Accounting & Finance,Agriculture & Forestry,Education,Medicine & Dentistry,Business & Management,Physics & Astronomy,Mechanical & Aerospace Engineering,Art, Performing Arts & Design",University of Maribor,Slovenia
715.5,900.5,M,FC,VH,4,A,10.6,601.0,13.1,601.0,13.4,701.0,18.1,581,59.4,318.0,15.9,601.0,6.2,701.0,10.8,701.0,38.7,370.0,0.0,7080.0,700.5,0.0,7080.0,28.8,754.0,24.6,624.0,61.5,744.0,66.8,508.0,50.1,801.0,11668.0,17.2,11.0,46.0,41.0,"General Engineering,Biological Sciences,Economics & Econometrics,Civil Engineering,Other Health,Business & Management,Mathematics & Statistics,Education,Agriculture & Forestry,Accounting & Finance,History, Philosophy & Theology,Chemistry,Sociology,Physics & Astronomy,Art, Performing Arts & Design,Mechanical & Aerospace Engineering,Geography,Computer Science,Psychology,Languages, Literature & Linguistics,Chemical Engineering,Politics & International Studies (incl Development Studies),Electrical & Electronic Engineering,Communication & Media Studies","University of Maryland, Baltimore County",United States
169.0,164.0,XL,FC,VH,5,A,49.2,165.0,26.1,369.0,35.1,451.0,68.4,154,31.6,477.0,14.0,639.0,85.5,113.0,41.6,176.0,81.7,137.0,48.9,1140.0,114.0,65.7,1140.0,49.4,138.0,58.1,93.0,92.8,79.0,70.2,429.0,48.6,848.0,33988.0,17.0,9.0,49.0,39.0,"Chemical Engineering,General Engineering,Education,Geography,Communication & Media Studies,History, Philosophy & Theology,Economics & Econometrics,Art, Performing Arts & Design,Computer Science,Civil Engineering,Other Health,Mathematics & Statistics,Languages, Literature & Linguistics,Chemistry,Mechanical & Aerospace Engineering,Archaeology,Sport Science,Politics & International Studies (incl Development Studies),Sociology,Accounting & Finance,Business & Management,Agriculture & Forestry,Physics & Astronomy,Electrical & Electronic Engineering,Architecture,Veterinary Science,Geology, Environmental, Earth & Marine Sciences,Biological Sciences","University of Maryland, College Park",United States
278.0,296.0,L,FC,VH,4,B,20.1,435.0,44.7,198.0,76.8,155.0,19.2,565,84.2,215.0,22.8,502.0,55.0,283.0,37.0,198.0,50.6,305.0,36.9,2240.0,225.5,0.0,2240.0,48.5,153.0,34.7,357.0,83.2,252.0,80.4,258.0,67.5,440.0,17060.0,10.4,14.0,54.0,12.0,"Languages, Literature & Linguistics,Other Health,Sociology,Mechanical & Aerospace Engineering,Law,Psychology,General Engineering,Communication & Media Studies,Mathematics & Statistics,Education,Architecture,Biological Sciences,Agriculture & Forestry,History, Philosophy & Theology,Electrical & Electronic Engineering,Physics & Astronomy,Economics & Econometrics,Computer Science,Geology, Environmental, Earth & Marine Sciences,Art, Performing Arts & Design,Sport Science,Geography,Accounting & Finance,Medicine & Dentistry,Chemistry,Business & Management,Civil Engineering,Politics & International Studies (incl Development Studies),Chemical Engineering",University of Miami,United States
33.0,25.0,XL,FC,VH,5,A,98.3,22.0,89.9,48.0,82.2,127.0,56.2,231,67.0,292.0,27.6,445.0,95.4,48.0,94.3,29.0,83.7,126.0,81.7,230.0,23.0,87.4,230.0,84.7,22.0,87.4,23.0,95.5,45.0,80.7,255.0,69.0,422.0,45783.0,8.1,16.0,51.0,22.0,"Chemical Engineering,Accounting & Finance,Archaeology,Economics & Econometrics,Sociology,Psychology,Mathematics & Statistics,Physics & Astronomy,Politics & International Studies (incl Development Studies),Sport Science,Biological Sciences,Agriculture & Forestry,Civil Engineering,Electrical & Electronic Engineering,History, Philosophy & Theology,General Engineering,Business & Management,Education,Mechanical & Aerospace Engineering,Languages, Literature & Linguistics,Geology, Environmental, Earth & Marine Sciences,Computer Science,Architecture,Chemistry,Medicine & Dentistry,Other Health,Art, Performing Arts & Design,Communication & Media Studies,Law",University of Michigan-Ann Arbor,United States
276.0,324.0,XL,FC,VH,4,A,51.2,159.0,12.7,601.0,5.6,701.0,47.8,284,7.5,701.0,6.8,701.0,59.0,255.0,24.2,345.0,92.1,77.0,37.0,3830.0,375.5,0.0,3830.0,31.3,624.0,31.8,420.0,87.3,169.0,69.5,443.0,47.2,886.0,50995.0,21.8,7.0,60.0,16.0,"Agriculture & Forestry,Communication & Media Studies,Other Health,Sport Science,Law,Chemical Engineering,Sociology,Archaeology,Mathematics & Statistics,Economics & Econometrics,Medicine & Dentistry,Geography,Languages, Literature & Linguistics,Politics & International Studies (incl Development Studies),Computer Science,Geology, Environmental, Earth & Marine Sciences,Biological Sciences,Chemistry,Business & Management,History, Philosophy & Theology,Physics & Astronomy,Accounting & Finance,Art, Performing Arts & Design,Veterinary Science,Psychology",University of Milan,Italy
615.5,595.5,L,FC,VH,4,A,15.6,562.0,8.7,601.0,32.8,483.0,18.7,573,19.4,596.0,18.0,575.0,52.7,297.0,10.2,701.0,27.6,471.0,0.0,7120.0,700.5,0.0,7120.0,26.3,922.0,30.3,462.0,59.3,799.0,74.7,340.0,51.9,744.0,20001.0,19.5,13.0,56.0,31.0,"Mechanical & Aerospace Engineering,Medicine & Dentistry,General Engineering,Chemistry,Accounting & Finance,Civil Engineering,Architecture,History, Philosophy & Theology,Chemical Engineering,Communication & Media Studies,Education,Languages, Literature & Linguistics,Electrical & Electronic Engineering,Politics & International Studies (incl Development Studies),Economics & Econometrics,Mathematics & Statistics,Law,Biological Sciences,Archaeology,Sociology,Other Health,Psychology,Art, Performing Arts & Design,Computer Science,Physics & Astronomy,Agriculture & Forestry,Geography,Business & Management,Geology, Environmental, Earth & Marine Sciences",University of Minho,Portugal
645.5,900.5,L,FC,VH,5,A,8.7,601.0,3.2,601.0,2.3,701.0,50.3,262,3.9,701.0,3.8,701.0,21.4,532.0,13.9,613.0,57.4,263.0,0.0,4570.0,450.5,0.0,4570.0,32.0,592.0,24.6,625.0,79.6,331.0,80.3,260.0,40.2,1114.0,21836.0,27.0,5.0,54.0,22.0,"Languages, Literature & Linguistics,Economics & Econometrics,Civil Engineering,Chemical Engineering,Chemistry,Mathematics & Statistics,History, Philosophy & Theology,Geography,Other Health,Education,Biological Sciences,Psychology,Communication & Media Studies,Medicine & Dentistry,Accounting & Finance,Mechanical & Aerospace Engineering,Physics & Astronomy,Electrical & Electronic Engineering,Sport Science,Computer Science,Geology, Environmental, Earth & Marine Sciences,Agriculture & Forestry,Law,Sociology,General Engineering,Business & Management",University of Modena and Reggio Emilia,Italy
925.5,900.5,L,FC,VH,5,A,12.6,601.0,2.8,601.0,32.5,489.0,5.7,701,3.7,701.0,8.3,701.0,42.0,363.0,5.5,701.0,9.4,683.0,0.0,9280.0,900.5,0.0,9280.0,25.2,989.0,19.9,820.0,52.6,952.0,61.4,625.0,38.9,1157.0,28862.0,17.7,5.0,62.0,20.0,"Biological Sciences,Accounting & Finance,Chemical Engineering,Sociology,Languages, Literature & Linguistics,Geology, Environmental, Earth & Marine Sciences,Computer Science,Communication & Media Studies,Business & Management,Medicine & Dentistry,Veterinary Science,Geography,Physics & Astronomy,Law,History, Philosophy & Theology,Sport Science,Economics & Econometrics,Other Health,Chemistry,Education,Art, Performing Arts & Design,Agriculture & Forestry,Mathematics & Statistics,Psychology",University of Murcia,Spain
280.0,253.0,L,FC,HI,4,B,29.0,300.0,61.2,130.0,56.5,260.0,15.1,635,25.2,531.0,74.8,186.0,28.9,464.0,28.4,282.0,45.6,333.0,36.8,3260.0,325.5,0.0,3260.0,35.6,441.0,30.4,460.0,82.3,282.0,79.1,275.0,74.4,340.0,11969.0,14.3,26.0,54.0,16.0,"Computer Science,Psychology,Archaeology,Law,General Engineering,Business & Management,Chemistry,Architecture,Mechanical & Aerospace Engineering,Electrical & Electronic Engineering,Accounting & Finance,Education,Art, Performing Arts & Design,Politics & International Studies (incl Development Studies),Languages, Literature & Linguistics,Communication & Media Studies,Other Health,Biological Sciences,Medicine & Dentistry,Geology, Environmental, Earth & Marine Sciences,History, Philosophy & Theology,Economics & Econometrics",University of Navarra,Spain
1100.5,1300.5,L,CO,VH,4,A,5.7,601.0,4.5,601.0,5.0,701.0,14.1,656,8.7,701.0,5.5,701.0,14.4,605.0,10.6,701.0,23.0,514.0,0.0,7290.0,700.5,0.0,7290.0,23.2,1140.0,22.1,726.0,74.4,456.0,58.7,668.0,37.0,1241.0,26819.0,20.6,6.0,49.0,32.0,"Sociology,History, Philosophy & Theology,Electrical & Electronic Engineering,Geology, Environmental, Earth & Marine Sciences,Politics & International Studies (incl Development Studies),Mathematics & Statistics,Other Health,General Engineering,Business & Management,Art, Performing Arts & Design,Education,Communication & Media Studies,Civil Engineering,Psychology,Geography,Chemistry,Architecture,Biological Sciences,Languages, Literature & Linguistics,Mechanical & Aerospace Engineering,Computer Science,Accounting & Finance,Physics & Astronomy,Economics & Econometrics,Sport Science",University of North Carolina at Charlotte,United States
304.0,243.0,L,CO,VH,5,B,26.5,331.0,32.2,306.0,59.7,238.0,39.1,350,23.3,561.0,17.7,578.0,32.0,449.0,45.2,155.0,34.6,403.0,34.3,1990.0,199.0,58.7,1990.0,51.9,118.0,42.6,215.0,76.1,415.0,72.9,372.0,69.9,410.0,12576.0,10.9,12.0,47.0,36.0,"Civil Engineering,Psychology,Biological Sciences,Law,Languages, Literature & Linguistics,Mathematics & Statistics,Economics & Econometrics,Mechanical & Aerospace Engineering,Education,Communication & Media Studies,Art, Performing Arts & Design,Physics & Astronomy,Accounting & Finance,History, Philosophy & Theology,Geology, Environmental, Earth & Marine Sciences,Computer Science,Sociology,Architecture,Chemistry,Business & Management,Electrical & Electronic Engineering,Politics & International Studies (incl Development Studies),Chemical Engineering,General Engineering",University of Notre Dame,United States
100.0,114.0,XL,FC,VH,5,A,60.7,116.0,72.1,96.0,32.2,492.0,46.5,290,90.0,183.0,75.2,185.0,98.4,18.0,24.4,342.0,80.0,150.0,60.4,1300.0,130.0,63.8,1300.0,45.6,195.0,45.9,180.0,90.6,115.0,71.2,402.0,92.8,87.0,33520.0,16.0,27.0,54.0,27.0,"History, Philosophy & Theology,Civil Engineering,Politics & International Studies (incl Development Studies),Computer Science,Communication & Media Studies,General Engineering,Geology, Environmental, Earth & Marine Sciences,Economics & Econometrics,Other Health,Mechanical & Aerospace Engineering,Mathematics & Statistics,Psychology,Biological Sciences,Law,Accounting & Finance,Archaeology,Chemical Engineering,Chemistry,Art, Performing Arts & Design,Agriculture & Forestry,Physics & Astronomy,Architecture,Sport Science,Geography,Medicine & Dentistry,Veterinary Science,Sociology,Business & Management,Languages, Literature & Linguistics,Electrical & Electronic Engineering,Education",University of Nottingham,United Kingdom
1401.0,1401.0,L,FC,MD,4,A,5.0,601.0,2.0,601.0,3.6,701.0,1.7,701,1.6,701.0,7.0,701.0,1.8,701.0,5.9,701.0,2.2,701.0,0.0,13840.0,1350.5,0.0,13840.0,16.7,1654.0,14.6,1156.0,35.0,1330.0,16.9,1767.0,41.0,1083.0,15820.0,17.5,6.0,56.0,22.0,"Sociology,Medicine & Dentistry,Mathematics & Statistics,Electrical & Electronic Engineering,Art, Performing Arts & Design,Communication & Media Studies,Agriculture & Forestry,Business & Management,Politics & International Studies (incl Development Studies),Biological Sciences,Languages, Literature & Linguistics,General Engineering,Geography,Civil Engineering,Psychology,Mechanical & Aerospace Engineering,Education,Physics & Astronomy,Computer Science,Accounting & Finance,Sport Science,Economics & Econometrics,Chemistry,Other Health,History, Philosophy & Theology,Geology, Environmental, Earth & Marine Sciences,Law,Architecture",University of Oradea,Romania
725.5,725.5,L,CO,VH,5,A,17.7,503.0,8.6,601.0,11.2,701.0,24.0,502,12.5,701.0,4.5,701.0,8.9,699.0,18.3,457.0,30.7,438.0,0.0,4650.0,450.5,0.0,4650.0,31.1,638.0,30.5,455.0,79.4,336.0,70.2,430.0,43.2,1014.0,21185.0,13.0,6.0,55.0,30.0,"Chemical Engineering,Biological Sciences,Communication & Media Studies,Education,Politics & International Studies (incl Development Studies),Geology, Environmental, Earth & Marine Sciences,Archaeology,Art, Performing Arts & Design,Mathematics & Statistics,Business & Management,Computer Science,Geography,Chemistry,Languages, Literature & Linguistics,Sociology,History, Philosophy & Theology,Architecture,Physics & Astronomy,Psychology,Sport Science,Economics & Econometrics,Accounting & Finance,Law",University of Oregon,United States
117.0,101.0,L,FC,VH,5,A,55.8,139.0,11.2,601.0,81.7,132.0,64.2,183,86.1,202.0,25.4,472.0,95.9,43.0,41.8,173.0,91.8,80.0,56.9,1270.0,127.0,64.3,1270.0,45.6,196.0,50.6,139.0,92.1,91.0,72.3,379.0,75.6,320.0,20967.0,12.5,15.0,66.0,22.0,"Politics & International Studies (incl Development Studies),Mathematics & Statistics,Geology, Environmental, Earth & Marine Sciences,Other Health,Art, Performing Arts & Design,Biological Sciences,Geography,Education,Computer Science,Communication & Media Studies,Archaeology,Chemistry,History, Philosophy & Theology,Languages, Literature & Linguistics,Sociology,Psychology,Economics & Econometrics,Medicine & Dentistry,Physics & Astronomy,Law",University of Oslo,Norway
1300.5,1100.5,M,FO,VH,3,A,6.0,601.0,1.0,601.0,19.9,669.0,4.1,701,18.6,605.0,12.3,673.0,1.8,701.0,7.7,701.0,1.2,701.0,0.0,17840.0,1501.0,0.0,17840.0,19.5,1425.0,16.3,1027.0,23.2,1606.0,18.2,1655.0,46.2,925.0,8526.0,16.0,9.0,71.0,20.0,"Agriculture & Forestry,Mathematics & Statistics,Computer Science,Politics & International Studies (incl Development Studies),Medicine & Dentistry,Biological Sciences,Communication & Media Studies,Geology, Environmental, Earth & Marine Sciences,Physics & Astronomy,Other Health,Art, Performing Arts & Design,Geography,Psychology,History, Philosophy & Theology,Sociology,Education,Chemistry,Sport Science,Languages, Literature & Linguistics",University of Ostrava,Czech Republic
206.0,217.0,L,FC,VH,5,A,46.3,178.0,27.1,359.0,11.0,701.0,51.0,256,100.0,44.0,29.2,428.0,38.1,391.0,44.7,159.0,98.1,22.0,45.0,3300.0,325.5,0.0,3300.0,35.6,442.0,35.1,347.0,75.8,425.0,68.8,459.0,81.8,227.0,19350.0,20.6,16.0,61.0,16.0,"General Engineering,Chemistry,Chemical Engineering,Other Health,Communication & Media Studies,Sport Science,History, Philosophy & Theology,Education,Biological Sciences,Psychology,Geography,Art, Performing Arts & Design,Politics & International Studies (incl Development Studies),Law,Mathematics & Statistics,Economics & Econometrics,Archaeology,Medicine & Dentistry,Accounting & Finance,Physics & Astronomy,Agriculture & Forestry,Geology, Environmental, Earth & Marine Sciences,Computer Science,Business & Management,Languages, Literature & Linguistics,Veterinary Science,Sociology",University of Otago,New Zealand
203.0,237.0,XL,FC,VH,5,A,26.5,329.0,29.7,328.0,3.8,701.0,79.1,116,85.9,203.0,75.9,182.0,85.8,111.0,24.3,344.0,54.6,279.0,45.2,1790.0,177.0,60.2,1790.0,39.6,320.0,46.5,174.0,84.4,226.0,80.2,261.0,86.9,170.0,38366.0,27.2,26.0,59.0,19.0,"Other Health,Chemistry,Sociology,Art, Performing Arts & Design,Politics & International Studies (incl Development Studies),Business & Management,General Engineering,Psychology,Languages, Literature & Linguistics,Education,Civil Engineering,Geography,Chemical Engineering,Biological Sciences,Communication & Media Studies,Geology, Environmental, Earth & Marine Sciences,Medicine & Dentistry,Electrical & Electronic Engineering,Computer Science,Law,Mathematics & Statistics,Mechanical & Aerospace Engineering,Accounting & Finance,Physics & Astronomy,Economics & Econometrics,History, Philosophy & Theology,Sport Science",University of Ottawa,Canada
313.0,392.0,M,FC,VH,4,A,15.8,553.0,17.3,502.0,26.4,564.0,56.9,228,52.5,348.0,9.4,701.0,75.4,168.0,16.6,511.0,88.4,103.0,33.5,2800.0,275.5,0.0,2800.0,33.1,542.0,38.2,281.0,84.1,230.0,66.0,528.0,59.5,595.0,10719.0,20.8,8.0,55.0,29.0,"Languages, Literature & Linguistics,Mechanical & Aerospace Engineering,Communication & Media Studies,Chemical Engineering,Architecture,Archaeology,Business & Management,Computer Science,History, Philosophy & Theology,Mathematics & Statistics,Physics & Astronomy,Economics & Econometrics,Education,Geography,Biological Sciences,Medicine & Dentistry,Accounting & Finance,Chemistry,General Engineering,Geology, Environmental, Earth & Marine Sciences,Civil Engineering,Psychology,Electrical & Electronic Engineering,Other Health",University of Oulu,Finland
3.0,4.0,L,FC,VH,5,A,100.0,2.0,100.0,5.0,100.0,8.0,90.6,73,98.2,110.0,98.2,60.0,100.0,1.0,100.0,3.0,97.8,26.0,98.9,10.0,1.0,98.5,10.0,96.6,5.0,100.0,2.0,99.0,5.0,98.7,77.0,97.5,14.0,21750.0,10.9,42.0,49.0,23.0,"Geography,Chemistry,Chemical Engineering,Biological Sciences,General Engineering,Computer Science,Art, Performing Arts & Design,Communication & Media Studies,Electrical & Electronic Engineering,Law,Economics & Econometrics,Geology, Environmental, Earth & Marine Sciences,Politics & International Studies (incl Development Studies),History, Philosophy & Theology,Medicine & Dentistry,Languages, Literature & Linguistics,Business & Management,Accounting & Finance,Mechanical & Aerospace Engineering,Mathematics & Statistics,Physics & Astronomy,Psychology,Other Health,Archaeology,Sociology,Civil Engineering,Education",University of Oxford,United Kingdom
875.5,1100.5,L,CO,VH,5,A,10.9,601.0,2.4,601.0,5.1,701.0,27.5,455,2.4,701.0,1.9,701.0,53.3,295.0,5.1,701.0,9.7,673.0,0.0,7440.0,700.5,0.0,7440.0,18.9,1474.0,22.5,712.0,69.8,561.0,47.2,861.0,34.8,1330.0,33972.0,22.0,1.0,59.0,24.0,"Mechanical & Aerospace Engineering,Electrical & Electronic Engineering,Accounting & Finance,Business & Management,Archaeology,Medicine & Dentistry,Psychology,Mathematics & Statistics,Geology, Environmental, Earth & Marine Sciences,Sport Science,Other Health,Economics & Econometrics,Civil Engineering,Computer Science,Languages, Literature & Linguistics,Agriculture & Forestry,Chemistry,Architecture,Politics & International Studies (incl Development Studies),Art, Performing Arts & Design,Education,Biological Sciences,Chemical Engineering,History, Philosophy & Theology,Law,General Engineering,Physics & Astronomy,Communication & Media Studies",University of Palermo,Italy
1100.5,1100.5,M,FO,VH,4,A,4.8,601.0,2.6,601.0,39.8,398.0,3.3,701,11.5,701.0,11.1,689.0,1.1,701.0,7.8,701.0,1.0,701.0,0.0,17900.0,1501.0,0.0,17900.0,21.1,1298.0,17.7,935.0,17.7,1719.0,30.0,1184.0,39.8,1124.0,7375.0,13.5,10.0,56.0,41.0,"General Engineering,Geology, Environmental, Earth & Marine Sciences,Mechanical & Aerospace Engineering,Accounting & Finance,Other Health,Mathematics & Statistics,Electrical & Electronic Engineering,Chemistry,History, Philosophy & Theology,Physics & Astronomy,Archaeology,Sport Science,Languages, Literature & Linguistics,Chemical Engineering,Education,Computer Science,Sociology,Art, Performing Arts & Design,Biological Sciences,Business & Management,Civil Engineering,Economics & Econometrics",University of Pardubice,Czech Republic
875.5,900.5,L,FC,VH,5,A,9.4,601.0,2.7,601.0,2.6,701.0,34.6,393,2.0,701.0,6.3,701.0,35.1,419.0,10.2,701.0,3.7,701.0,0.0,7460.0,700.5,0.0,7460.0,19.4,1434.0,22.6,704.0,72.2,506.0,65.9,532.0,38.7,1165.0,29840.0,33.4,6.0,58.0,23.0,"Geology, Environmental, Earth & Marine Sciences,Economics & Econometrics,Chemical Engineering,Politics & International Studies (incl Development Studies),Languages, Literature & Linguistics,Civil Engineering,Education,Electrical & Electronic Engineering,Mathematics & Statistics,Agriculture & Forestry,Psychology,Medicine & Dentistry,Business & Management,Art, Performing Arts & Design,Biological Sciences,Sport Science,History, Philosophy & Theology,Veterinary Science,Mechanical & Aerospace Engineering,Physics & Astronomy,Communication & Media Studies,Chemistry,Architecture,Accounting & Finance,Computer Science,Other Health,General Engineering,Law",University of Parma,Italy
795.5,900.5,L,FC,HI,4,A,12.1,601.0,17.7,496.0,2.7,701.0,24.0,501,1.5,701.0,5.1,701.0,12.4,631.0,8.4,701.0,41.1,358.0,0.0,9480.0,900.5,0.0,9480.0,19.0,1469.0,17.8,931.0,56.2,865.0,68.4,470.0,35.1,1315.0,31172.0,29.4,5.0,51.0,37.0,"Accounting & Finance,Geology, Environmental, Earth & Marine Sciences,Economics & Econometrics,Computer Science,Agriculture & Forestry,Archaeology,Business & Management,Education,Mechanical & Aerospace Engineering,Architecture,Other Health,Chemical Engineering,Biological Sciences,History, Philosophy & Theology,Chemistry,Medicine & Dentistry,Electrical & Electronic Engineering,Mathematics & Statistics,Civil Engineering,Physics & Astronomy,Languages, Literature & Linguistics",University of Patras,Greece
12.0,13.0,L,FC,VH,5,B,96.4,29.0,89.1,52.0,99.9,24.0,68.4,153,96.0,140.0,70.3,208.0,83.3,129.0,100.0,5.0,99.9,3.0,89.4,160.0,16.0,91.0,160.0,87.7,15.0,89.7,21.0,97.6,23.0,97.7,90.0,78.8,269.0,21312.0,6.2,22.0,54.0,13.0,"Other Health,Physics & Astronomy,Accounting & Finance,General Engineering,Mathematics & Statistics,Economics & Econometrics,Languages, Literature & Linguistics,Biological Sciences,Sociology,Archaeology,Geology, Environmental, Earth & Marine Sciences,History, Philosophy & Theology,Architecture,Geography,Art, Performing Arts & Design,Mechanical & Aerospace Engineering,Politics & International Studies (incl Development Studies),Psychology,Electrical & Electronic Engineering,Chemistry,Medicine & Dentistry,Veterinary Science,Education,Chemical Engineering,Law,Business & Management,Computer Science,Communication & Media Studies",University of Pennsylvania,United States
349.0,404.0,L,FC,VH,5,A,40.4,211.0,12.7,601.0,7.5,701.0,41.1,333,5.9,701.0,4.1,701.0,67.6,209.0,13.4,642.0,73.6,182.0,31.3,4670.0,450.5,0.0,4670.0,31.1,639.0,31.2,438.0,80.5,311.0,68.7,463.0,43.2,1015.0,31567.0,20.9,5.0,52.0,30.0,"Sport Science,Mechanical & Aerospace Engineering,Communication & Media Studies,Politics & International Studies (incl Development Studies),Languages, Literature & Linguistics,Accounting & Finance,Law,Chemical Engineering,Art, Performing Arts & Design,History, Philosophy & Theology,Economics & Econometrics,Agriculture & Forestry,Sociology,Mathematics & Statistics,Business & Management,Medicine & Dentistry,General Engineering,Physics & Astronomy,Education,Veterinary Science,Electrical & Electronic Engineering,Biological Sciences,Computer Science,Chemistry,Archaeology,Civil Engineering,Other Health,Geology, Environmental, Earth & Marine Sciences,Psychology",University of Pisa,Italy
561.0,675.5,L,FC,HI,5,A,9.0,601.0,12.1,601.0,12.2,701.0,29.1,443,51.3,352.0,38.9,352.0,45.4,342.0,11.2,701.0,45.0,335.0,21.0,4680.0,450.5,0.0,4680.0,24.4,1052.0,21.9,737.0,79.5,332.0,66.1,525.0,80.6,250.0,15675.0,17.1,16.0,59.0,27.0,"Electrical & Electronic Engineering,Law,Other Health,Communication & Media Studies,Languages, Literature & Linguistics,Computer Science,Geography,Mechanical & Aerospace Engineering,Psychology,Geology, Environmental, Earth & Marine Sciences,Economics & Econometrics,Civil Engineering,Accounting & Finance,Art, Performing Arts & Design,Mathematics & Statistics,Sociology,Medicine & Dentistry,Politics & International Studies (incl Development Studies),Architecture,Biological Sciences,Business & Management,History, Philosophy & Theology,Chemistry,Education",University of Plymouth,United Kingdom
253.0,274.0,XL,FC,VH,5,A,39.8,214.0,22.9,414.0,11.1,701.0,58.1,219,7.3,701.0,18.7,564.0,93.8,60.0,17.6,473.0,77.3,167.0,39.0,4710.0,450.5,0.0,4710.0,31.3,625.0,35.4,341.0,71.1,535.0,66.3,521.0,57.9,626.0,36386.0,16.9,17.0,54.0,26.0,"General Engineering,Medicine & Dentistry,Languages, Literature & Linguistics,Archaeology,Chemical Engineering,History, Philosophy & Theology,Agriculture & Forestry,Law,Physics & Astronomy,Other Health,Business & Management,Geology, Environmental, Earth & Marine Sciences,Geography,Accounting & Finance,Education,Economics & Econometrics,Mechanical & Aerospace Engineering,Psychology,Sport Science,Chemistry,Civil Engineering,Computer Science,Mathematics & Statistics,Art, Performing Arts & Design,Architecture,Politics & International Studies (incl Development Studies),Electrical & Electronic Engineering,Veterinary Science,Communication & Media Studies,Biological Sciences,Sociology",University of Porto,Portugal
502.0,725.5,L,CO,VH,3,A,8.4,601.0,9.6,601.0,8.7,701.0,18.7,572,75.1,253.0,87.3,134.0,44.8,348.0,12.6,690.0,73.1,187.0,23.1,4720.0,450.5,0.0,4720.0,20.0,1378.0,20.0,815.0,84.5,223.0,40.6,967.0,94.7,56.0,23625.0,16.8,29.0,47.0,28.0,"Medicine & Dentistry,Sport Science,Computer Science,Physics & Astronomy,Psychology,Art, Performing Arts & Design,Biological Sciences,Education,Mechanical & Aerospace Engineering,Politics & International Studies (incl Development Studies),Languages, Literature & Linguistics,Chemical Engineering,Law,Other Health,Geology, Environmental, Earth & Marine Sciences,Accounting & Finance,Architecture,Mathematics & Statistics,Economics & Econometrics,General Engineering,Communication & Media Studies,Business & Management,Electrical & Electronic Engineering,Sociology,History, Philosophy & Theology,Civil Engineering,Geography",University of Portsmouth,United Kingdom
323.0,595.5,XL,FC,VH,5,A,23.6,365.0,52.3,155.0,3.5,701.0,20.7,550,25.0,535.0,6.4,701.0,97.6,26.0,58.4,104.0,78.4,158.0,32.8,5760.0,550.5,0.0,5760.0,31.2,634.0,34.3,370.0,56.7,855.0,69.9,434.0,61.4,554.0,37315.0,22.1,6.0,59.0,20.0,"Business & Management,Other Health,Accounting & Finance,Agriculture & Forestry,Education,Medicine & Dentistry,History, Philosophy & Theology,Art, Performing Arts & Design,Law,Veterinary Science,Economics & Econometrics,Mathematics & Statistics,Electrical & Electronic Engineering,Geology, Environmental, Earth & Marine Sciences,Archaeology,Chemistry,Mechanical & Aerospace Engineering,General Engineering,Psychology,Chemical Engineering,Computer Science,Geography,Sociology,Physics & Astronomy,Biological Sciences,Communication & Media Studies,Civil Engineering,Politics & International Studies (incl Development Studies),Sport Science,Architecture,Languages, Literature & Linguistics",University of Pretoria,South Africa
1100.5,1100.5,M,CO,HI,3,A,3.1,601.0,2.3,601.0,9.4,701.0,5.1,701,26.3,520.0,28.6,435.0,5.7,701.0,67.8,80.0,1.4,701.0,0.0,18100.0,1501.0,0.0,18100.0,16.4,1673.0,14.9,1137.0,26.5,1528.0,21.9,1445.0,61.8,548.0,5805.0,15.3,18.0,77.0,27.0,"Sport Science,Computer Science,Geography,Archaeology,Politics & International Studies (incl Development Studies),Languages, Literature & Linguistics,Biological Sciences,Agriculture & Forestry,Education,Other Health,Art, Performing Arts & Design,Mathematics & Statistics,Civil Engineering,Business & Management,Psychology,Geology, Environmental, Earth & Marine Sciences,History, Philosophy & Theology,Communication & Media Studies",University of Primorska,Slovenia
169.0,229.0,L,CO,VH,5,A,33.2,263.0,39.3,241.0,16.1,701.0,67.4,161,88.4,189.0,81.0,158.0,77.8,158.0,32.3,237.0,72.5,189.0,48.9,2340.0,225.5,0.0,2340.0,37.5,379.0,40.6,242.0,84.1,233.0,70.8,412.0,95.5,41.0,15945.0,16.6,31.0,55.0,33.0,"Other Health,Mathematics & Statistics,Accounting & Finance,Art, Performing Arts & Design,Chemical Engineering,Education,Biological Sciences,Physics & Astronomy,Computer Science,Geography,History, Philosophy & Theology,Agriculture & Forestry,Psychology,Languages, Literature & Linguistics,Veterinary Science,Business & Management,Archaeology,Law,Civil Engineering,Politics & International Studies (incl Development Studies),General Engineering,Geology, Environmental, Earth & Marine Sciences,Economics & Econometrics,Architecture,Chemistry,Communication & Media Studies",University of Reading,United Kingdom
1300.5,1100.5,L,CO,HI,4,A,5.9,601.0,2.7,601.0,17.1,701.0,4.3,701,2.6,701.0,1.9,701.0,5.7,701.0,10.1,701.0,2.6,701.0,0.0,18170.0,1501.0,0.0,18170.0,18.7,1487.0,16.7,995.0,29.9,1448.0,25.8,1307.0,29.2,1535.0,13163.0,15.6,3.0,58.0,29.0,"Mechanical & Aerospace Engineering,Accounting & Finance,Mathematics & Statistics,Medicine & Dentistry,Education,Computer Science,Other Health,Law,Civil Engineering,Art, Performing Arts & Design,Electrical & Electronic Engineering,Physics & Astronomy,Languages, Literature & Linguistics,Biological Sciences,Business & Management,Architecture,Economics & Econometrics,History, Philosophy & Theology,Psychology",University of Rijeka,Croatia
224.0,147.0,M,FC,VH,5,B,22.1,398.0,18.4,477.0,97.9,48.0,51.6,252,71.4,269.0,91.7,106.0,31.3,451.0,26.6,308.0,33.2,416.0,42.4,1330.0,133.0,63.6,1330.0,50.8,128.0,42.9,211.0,88.3,150.0,89.0,173.0,81.7,230.0,9855.0,7.3,34.0,50.0,24.0,"Mechanical & Aerospace Engineering,Biological Sciences,Education,Medicine & Dentistry,History, Philosophy & Theology,General Engineering,Geology, Environmental, Earth & Marine Sciences,Chemistry,Communication & Media Studies,Mathematics & Statistics,Chemical Engineering,Sociology,Psychology,Accounting & Finance,Electrical & Electronic Engineering,Business & Management,Languages, Literature & Linguistics,Other Health,Art, Performing Arts & Design,Archaeology,Politics & International Studies (incl Development Studies),Computer Science,Physics & Astronomy,Economics & Econometrics",University of Rochester,United States
534.0,625.5,L,FC,VH,5,A,26.8,324.0,15.0,550.0,23.2,611.0,6.9,701,6.7,701.0,22.4,510.0,45.3,343.0,15.3,550.0,72.5,189.0,22.0,9620.0,900.5,0.0,9620.0,32.0,593.0,21.8,741.0,50.4,1015.0,39.9,982.0,53.6,702.0,24707.0,14.7,13.0,61.0,20.0,"Art, Performing Arts & Design,General Engineering,Mathematics & Statistics,Psychology,Archaeology,Biological Sciences,Law,Electrical & Electronic Engineering,Chemistry,Education,Medicine & Dentistry,Agriculture & Forestry,Geography,Other Health,Geology, Environmental, Earth & Marine Sciences,Economics & Econometrics,Veterinary Science,Sociology,History, Philosophy & Theology,Computer Science,Physics & Astronomy,Accounting & Finance,Mechanical & Aerospace Engineering,Communication & Media Studies,Civil Engineering,Business & Management,Languages, Literature & Linguistics,Architecture,Chemical Engineering,Politics & International Studies (incl Development Studies)",University of Salamanca,Spain
825.5,1100.5,L,FC,VH,4,A,7.9,601.0,2.1,601.0,4.8,701.0,31.9,421,3.4,701.0,1.8,701.0,64.8,217.0,5.4,701.0,7.6,701.0,0.0,5810.0,550.5,0.0,5810.0,21.9,1243.0,24.4,635.0,79.2,340.0,52.4,763.0,37.4,1225.0,26142.0,26.5,2.0,55.0,34.0,"Computer Science,Physics & Astronomy,Archaeology,Mechanical & Aerospace Engineering,Psychology,Other Health,Communication & Media Studies,Sociology,Architecture,Biological Sciences,Education,Art, Performing Arts & Design,Chemical Engineering,Geology, Environmental, Earth & Marine Sciences,General Engineering,Mathematics & Statistics,Business & Management,Languages, Literature & Linguistics,Civil Engineering,Law,Medicine & Dentistry,Sport Science,Accounting & Finance,History, Philosophy & Theology,Agriculture & Forestry,Politics & International Studies (incl Development Studies),Electrical & Electronic Engineering,Chemistry,Economics & Econometrics",University of Salerno,Italy
875.5,900.5,L,CO,HI,4,A,7.4,601.0,4.0,601.0,6.7,701.0,7.8,701,38.1,422.0,70.1,210.0,20.8,539.0,11.8,701.0,9.8,669.0,0.0,9630.0,900.5,0.0,9630.0,18.8,1483.0,15.0,1125.0,61.1,753.0,46.9,866.0,82.2,222.0,20010.0,20.3,23.0,55.0,26.0,"Economics & Econometrics,Mechanical & Aerospace Engineering,Sociology,General Engineering,Geology, Environmental, Earth & Marine Sciences,Geography,Sport Science,History, Philosophy & Theology,Architecture,Psychology,Mathematics & Statistics,Business & Management,Law,Chemical Engineering,Politics & International Studies (incl Development Studies),Chemistry,Civil Engineering,Other Health,Physics & Astronomy,Art, Performing Arts & Design,Accounting & Finance,Electrical & Electronic Engineering,Computer Science,Communication & Media Studies,Biological Sciences",University of Salford,United Kingdom
825.5,900.5,L,FC,MD,5,B,11.5,601.0,33.5,293.0,15.7,701.0,1.3,701,41.4,401.0,8.2,701.0,1.0,701.0,12.5,697.0,1.1,701.0,0.0,18300.0,1501.0,0.0,18300.0,19.6,1415.0,9.5,1719.0,25.8,1549.0,20.7,1505.0,67.0,448.0,31813.0,13.3,7.0,51.0,15.0,"Law,Education,Mechanical & Aerospace Engineering,Chemistry,Politics & International Studies (incl Development Studies),Business & Management,Medicine & Dentistry,Geology, Environmental, Earth & Marine Sciences,Languages, Literature & Linguistics,Chemical Engineering,Economics & Econometrics,Architecture,Communication & Media Studies,Computer Science,Biological Sciences,General Engineering,Art, Performing Arts & Design,Electrical & Electronic Engineering,Accounting & Finance,Civil Engineering,Physics & Astronomy,Psychology,Mathematics & Statistics,Other Health,History, Philosophy & Theology,Sport Science,Sociology",University of Santo Tomas,Philippines
345.0,473.0,L,FC,VH,5,A,12.0,601.0,6.8,601.0,17.3,701.0,54.3,237,70.0,279.0,51.8,280.0,47.2,331.0,20.9,396.0,94.9,56.0,31.5,3900.0,375.5,0.0,3900.0,39.0,339.0,35.1,348.0,62.9,711.0,95.8,110.0,78.9,266.0,17924.0,18.1,21.0,56.0,27.0,"Geography,Other Health,Politics & International Studies (incl Development Studies),Veterinary Science,Civil Engineering,Languages, Literature & Linguistics,Education,Agriculture & Forestry,Mechanical & Aerospace Engineering,General Engineering,Accounting & Finance,Mathematics & Statistics,Sport Science,Business & Management,Art, Performing Arts & Design,Archaeology,Law,Physics & Astronomy,Medicine & Dentistry,Geology, Environmental, Earth & Marine Sciences,Chemistry,Computer Science,Economics & Econometrics,Psychology,Electrical & Electronic Engineering,Sociology,Biological Sciences,Chemical Engineering,History, Philosophy & Theology",University of Saskatchewan,Canada
137.0,94.0,L,CO,VH,4,A,52.5,149.0,17.5,500.0,91.2,80.0,98.5,26,16.8,639.0,5.2,701.0,32.2,444.0,24.8,335.0,21.6,528.0,52.6,570.0,57.0,74.8,570.0,74.3,34.0,66.3,62.0,88.2,152.0,95.6,112.0,45.4,953.0,20252.0,8.1,5.0,54.0,43.0,"History, Philosophy & Theology,Physics & Astronomy,Communication & Media Studies,Mathematics & Statistics,Archaeology,Biological Sciences,Computer Science,Accounting & Finance,Chemistry,Chemical Engineering,Languages, Literature & Linguistics,Other Health,Law,Economics & Econometrics,Electrical & Electronic Engineering,Business & Management,General Engineering,Geology, Environmental, Earth & Marine Sciences",University of Science and Technology of China,China (Mainland)
465.0,625.5,L,CO,VH,3,B,16.7,530.0,18.8,473.0,5.5,701.0,13.5,668,100.0,9.0,99.7,35.0,35.9,413.0,14.1,600.0,24.6,495.0,24.7,3910.0,375.5,0.0,3910.0,20.7,1326.0,25.7,587.0,93.8,62.0,29.0,1203.0,98.8,1.0,12848.0,18.9,51.0,67.0,33.0,"Other Health,Medicine & Dentistry,History, Philosophy & Theology,Sociology,Physics & Astronomy,Computer Science,Mathematics & Statistics,Chemical Engineering,Accounting & Finance,Archaeology,Politics & International Studies (incl Development Studies),Chemistry,Agriculture & Forestry,Biological Sciences,General Engineering,Mechanical & Aerospace Engineering,Art, Performing Arts & Design,Languages, Literature & Linguistics,Electrical & Electronic Engineering,Economics & Econometrics,Business & Management,Architecture,Civil Engineering,Law,Communication & Media Studies,Geology, Environmental, Earth & Marine Sciences",University of Sharjah,United Arab Emirates
735.5,775.5,L,FC,HI,5,A,12.5,601.0,2.6,601.0,8.6,701.0,33.2,411,2.1,701.0,15.1,617.0,16.0,585.0,8.3,701.0,49.4,312.0,0.0,5860.0,550.5,0.0,5860.0,25.0,1007.0,25.6,590.0,75.9,422.0,74.9,338.0,48.7,845.0,13115.0,18.1,10.0,63.0,20.0,"Electrical & Electronic Engineering,Geography,Archaeology,Biological Sciences,Business & Management,Other Health,Physics & Astronomy,Economics & Econometrics,Computer Science,Politics & International Studies (incl Development Studies),Mathematics & Statistics,Education,Medicine & Dentistry,Communication & Media Studies,General Engineering,Sociology,Languages, Literature & Linguistics,Chemistry,Art, Performing Arts & Design,Geology, Environmental, Earth & Marine Sciences,Accounting & Finance,History, Philosophy & Theology,Agriculture & Forestry,Law",University of Siena,Italy
1300.5,1300.5,L,CO,VH,4,A,5.3,601.0,4.3,601.0,17.2,701.0,3.3,701,3.3,701.0,3.3,701.0,11.5,644.0,8.3,701.0,1.4,701.0,0.0,18440.0,1501.0,0.0,18440.0,23.2,1141.0,13.5,1257.0,23.4,1600.0,21.8,1449.0,29.7,1509.0,19222.0,11.6,4.0,67.0,33.0,"History, Philosophy & Theology,Geography,Politics & International Studies (incl Development Studies),Mathematics & Statistics,Computer Science,Education,Art, Performing Arts & Design,Law,Biological Sciences,Sociology,Communication & Media Studies,Geology, Environmental, Earth & Marine Sciences,Psychology,Chemistry,Languages, Literature & Linguistics,Physics & Astronomy",University of Silesia in Katowice,Poland
326.0,363.0,L,CO,VH,3,A,22.5,390.0,14.0,580.0,22.4,625.0,32.8,415,99.8,80.0,45.1,322.0,58.6,256.0,15.4,544.0,81.7,137.0,32.7,3360.0,325.5,0.0,3360.0,25.0,1008.0,36.8,307.0,82.5,273.0,98.3,85.0,83.5,204.0,22822.0,30.2,17.0,60.0,23.0,"Mechanical & Aerospace Engineering,General Engineering,Civil Engineering,Architecture,Economics & Econometrics,Sport Science,History, Philosophy & Theology,Art, Performing Arts & Design,Sociology,Law,Accounting & Finance,Business & Management,Other Health,Communication & Media Studies,Geology, Environmental, Earth & Marine Sciences,Computer Science,Electrical & Electronic Engineering,Psychology,Languages, Literature & Linguistics,Mathematics & Statistics,Biological Sciences,Medicine & Dentistry,Education",University of South Australia,Australia
563.0,625.5,XL,CO,VH,4,A,13.2,601.0,10.2,601.0,7.9,701.0,36.6,381,30.7,485.0,13.8,646.0,57.8,261.0,10.6,701.0,34.9,400.0,20.9,2910.0,275.5,0.0,2910.0,31.7,606.0,36.4,318.0,87.6,159.0,99.9,35.0,66.7,454.0,40379.0,19.0,13.0,54.0,19.0,"Civil Engineering,Education,Languages, Literature & Linguistics,Electrical & Electronic Engineering,Mathematics & Statistics,Business & Management,Computer Science,Communication & Media Studies,Medicine & Dentistry,Biological Sciences,Sociology,Other Health,Chemistry,Economics & Econometrics,Architecture,Chemical Engineering,Politics & International Studies (incl Development Studies),Psychology,General Engineering,Geology, Environmental, Earth & Marine Sciences,Archaeology,Sport Science,Geography,Art, Performing Arts & Design,Agriculture & Forestry,History, Philosophy & Theology,Mechanical & Aerospace Engineering,Physics & Astronomy,Accounting & Finance",University of South Florida,United States
81.0,78.0,L,FC,VH,5,A,51.5,154.0,51.2,160.0,52.8,298.0,71.4,140,96.1,138.0,97.4,70.0,97.0,31.0,32.5,235.0,82.7,133.0,63.5,980.0,97.0,66.9,980.0,48.9,143.0,50.1,140.0,92.7,82.0,73.1,368.0,96.5,26.0,19920.0,13.0,35.0,51.0,32.0,"Geography,Computer Science,Geology, Environmental, Earth & Marine Sciences,Other Health,Civil Engineering,Chemistry,Business & Management,General Engineering,Communication & Media Studies,Economics & Econometrics,History, Philosophy & Theology,Education,Medicine & Dentistry,Politics & International Studies (incl Development Studies),Law,Archaeology,Biological Sciences,Mechanical & Aerospace Engineering,Electrical & Electronic Engineering,Languages, Literature & Linguistics,Physics & Astronomy,Psychology,Mathematics & Statistics,Art, Performing Arts & Design,Chemical Engineering,Sociology,Accounting & Finance",University of Southampton,United Kingdom
116.0,134.0,XL,FC,VH,5,B,52.5,150.0,47.6,183.0,21.7,634.0,68.0,157,31.8,474.0,73.5,191.0,62.8,228.0,93.1,32.0,98.9,15.0,57.1,740.0,74.0,70.8,740.0,59.2,79.0,58.8,90.0,92.5,85.0,74.4,345.0,74.3,346.0,44083.0,14.2,24.0,49.0,20.0,"Mathematics & Statistics,Other Health,Physics & Astronomy,Languages, Literature & Linguistics,Psychology,Geology, Environmental, Earth & Marine Sciences,Economics & Econometrics,Mechanical & Aerospace Engineering,Agriculture & Forestry,Archaeology,Business & Management,Chemistry,Computer Science,Art, Performing Arts & Design,Politics & International Studies (incl Development Studies),Law,Geography,Chemical Engineering,Medicine & Dentistry,Sport Science,Sociology,Communication & Media Studies,General Engineering,Accounting & Finance,Education,Electrical & Electronic Engineering,Architecture,Civil Engineering,History, Philosophy & Theology,Biological Sciences",University of Southern California,United States
1300.5,1300.5,L,FC,HI,3,A,5.9,601.0,2.5,601.0,4.2,701.0,3.9,701,1.5,701.0,2.1,701.0,5.9,701.0,11.0,701.0,1.4,701.0,0.0,14390.0,1350.5,0.0,14390.0,17.9,1559.0,13.9,1218.0,49.1,1040.0,23.1,1399.0,36.0,1281.0,19354.0,15.7,2.0,58.0,31.0,"Architecture,Sport Science,General Engineering,Economics & Econometrics,Other Health,Chemistry,Education,Business & Management,Law,Electrical & Electronic Engineering,Chemical Engineering,Medicine & Dentistry,Computer Science,Civil Engineering,Sociology,Politics & International Studies (incl Development Studies),Communication & Media Studies,Accounting & Finance,Psychology,Agriculture & Forestry,Languages, Literature & Linguistics,Mathematics & Statistics,Mechanical & Aerospace Engineering,Art, Performing Arts & Design,History, Philosophy & Theology,Physics & Astronomy,Biological Sciences",University of Split,Croatia
95.0,96.0,M,FO,VH,5,A,47.3,173.0,67.2,114.0,64.9,212.0,57.7,223,98.7,103.0,100.0,29.0,51.1,306.0,22.4,370.0,92.1,77.0,61.0,1960.0,193.0,59.0,1960.0,46.0,191.0,42.6,218.0,77.7,378.0,63.6,575.0,95.8,34.0,10325.0,12.4,46.0,58.0,32.0,"Chemistry,Economics & Econometrics,Mathematics & Statistics,Geology, Environmental, Earth & Marine Sciences,Medicine & Dentistry,Sociology,Archaeology,Psychology,Other Health,Geography,Languages, Literature & Linguistics,Computer Science,Biological Sciences,Politics & International Studies (incl Development Studies),Physics & Astronomy,Business & Management,History, Philosophy & Theology,Communication & Media Studies",University of St Andrews,United Kingdom
431.0,505.5,M,CO,VH,4,A,11.5,601.0,10.2,601.0,10.5,701.0,34.7,391,71.9,266.0,83.5,149.0,14.4,607.0,14.8,566.0,79.8,152.0,26.2,4830.0,450.5,0.0,4830.0,23.0,1154.0,26.2,564.0,82.4,278.0,41.0,955.0,91.4,110.0,10650.0,18.7,28.0,64.0,18.0,"Biological Sciences,History, Philosophy & Theology,Politics & International Studies (incl Development Studies),Languages, Literature & Linguistics,Economics & Econometrics,General Engineering,Other Health,Business & Management,Psychology,Sociology,Education,Law,Communication & Media Studies,Computer Science,Sport Science,Mathematics & Statistics,Accounting & Finance,Geology, Environmental, Earth & Marine Sciences",University of Stirling,United Kingdom
276.0,325.0,L,CO,VH,4,A,26.3,334.0,34.6,281.0,17.7,701.0,33.7,405,93.3,161.0,67.0,222.0,61.6,235.0,24.0,353.0,59.2,252.0,37.0,3390.0,325.5,0.0,3390.0,32.4,577.0,35.5,335.0,71.2,533.0,75.5,327.0,91.9,102.0,20400.0,16.3,25.0,51.0,40.0,"History, Philosophy & Theology,Agriculture & Forestry,Geology, Environmental, Earth & Marine Sciences,Economics & Econometrics,Art, Performing Arts & Design,General Engineering,Communication & Media Studies,Civil Engineering,Sociology,Electrical & Electronic Engineering,Politics & International Studies (incl Development Studies),Other Health,Mathematics & Statistics,Psychology,Sport Science,Education,Languages, Literature & Linguistics,Biological Sciences,Business & Management,Computer Science,Chemical Engineering,Geography,Mechanical & Aerospace Engineering,Chemistry,Law,Architecture,Physics & Astronomy,Accounting & Finance",University of Strathclyde,United Kingdom
244.0,305.0,L,CO,VH,4,A,20.4,428.0,23.4,409.0,23.2,613.0,56.2,230,96.8,129.0,88.3,127.0,71.1,192.0,16.8,503.0,57.7,259.0,39.9,2940.0,275.5,0.0,2940.0,31.3,627.0,34.5,363.0,88.0,155.0,73.0,369.0,96.8,25.0,14630.0,16.3,33.0,54.0,32.0,"Mathematics & Statistics,Law,Communication & Media Studies,Art, Performing Arts & Design,Mechanical & Aerospace Engineering,Electrical & Electronic Engineering,Chemistry,Veterinary Science,Physics & Astronomy,Civil Engineering,Sociology,Languages, Literature & Linguistics,Economics & Econometrics,Politics & International Studies (incl Development Studies),Biological Sciences,Sport Science,Chemical Engineering,Computer Science,Accounting & Finance,Business & Management,Psychology,Geology, Environmental, Earth & Marine Sciences,General Engineering,Other Health",University of Surrey,United Kingdom
218.0,240.0,L,FC,VH,4,A,22.9,380.0,8.9,601.0,14.6,701.0,70.9,142,96.1,137.0,93.0,100.0,62.9,226.0,30.6,251.0,97.2,35.0,43.1,2400.0,225.5,0.0,2400.0,29.7,713.0,35.6,333.0,92.7,83.0,66.1,526.0,95.4,43.0,17640.0,17.3,34.0,55.0,21.0,"Sociology,Mechanical & Aerospace Engineering,Education,Computer Science,Accounting & Finance,General Engineering,Law,Geography,Biological Sciences,Medicine & Dentistry,Chemistry,Art, Performing Arts & Design,Politics & International Studies (incl Development Studies),Business & Management,Mathematics & Statistics,Electrical & Electronic Engineering,Psychology,Economics & Econometrics,History, Philosophy & Theology,Communication & Media Studies,Geology, Environmental, Earth & Marine Sciences,Physics & Astronomy,Languages, Literature & Linguistics,Other Health",University of Sussex,United Kingdom
605.5,555.5,L,FC,HI,5,B,18.0,498.0,12.0,601.0,44.6,352.0,4.9,701,11.9,701.0,50.5,288.0,34.6,420.0,9.1,701.0,34.9,400.0,0.0,11750.0,1100.5,0.0,11750.0,29.9,698.0,15.8,1064.0,40.5,1217.0,48.1,841.0,57.8,628.0,20050.0,12.3,20.0,56.0,23.0,"Sociology,Other Health,Chemistry,Geology, Environmental, Earth & Marine Sciences,Mechanical & Aerospace Engineering,Chemical Engineering,Business & Management,Communication & Media Studies,Medicine & Dentistry,Electrical & Electronic Engineering,Law,Physics & Astronomy,Economics & Econometrics,Art, Performing Arts & Design,Accounting & Finance,Computer Science,History, Philosophy & Theology,Politics & International Studies (incl Development Studies),Geography,Sport Science,Agriculture & Forestry,Psychology,Archaeology,Languages, Literature & Linguistics,Biological Sciences,Education,Mathematics & Statistics",University of Szeged,Hungary
358.0,296.0,M,FC,VH,5,A,24.4,355.0,9.0,601.0,91.5,78.0,11.5,701,46.5,372.0,22.2,513.0,73.7,177.0,42.1,171.0,27.6,471.0,30.8,3420.0,325.5,0.0,3420.0,32.8,555.0,31.8,422.0,86.5,184.0,64.1,566.0,60.7,572.0,9694.0,9.0,12.0,68.0,25.0,"Computer Science,Geography,Psychology,Other Health,Physics & Astronomy,Economics & Econometrics,Art, Performing Arts & Design,Medicine & Dentistry,Law,Electrical & Electronic Engineering,Geology, Environmental, Earth & Marine Sciences,Biological Sciences,Communication & Media Studies,Archaeology,Chemistry,Languages, Literature & Linguistics,Sport Science,Education,Agriculture & Forestry,Politics & International Studies (incl Development Studies),Accounting & Finance,History, Philosophy & Theology,Mathematics & Statistics,Business & Management,Veterinary Science,Sociology",University of Tartu,Estonia
307.0,293.0,M,CO,VH,5,A,17.2,520.0,7.8,601.0,17.7,701.0,58.1,220,75.1,254.0,95.8,84.0,48.8,320.0,14.8,562.0,47.2,323.0,33.9,2970.0,275.5,0.0,2970.0,31.6,610.0,38.4,276.0,82.0,285.0,70.5,417.0,90.9,119.0,16894.0,22.5,31.0,60.0,25.0,"Other Health,Geology, Environmental, Earth & Marine Sciences,Languages, Literature & Linguistics,Biological Sciences,Geography,Architecture,Sport Science,Economics & Econometrics,Electrical & Electronic Engineering,Politics & International Studies (incl Development Studies),Computer Science,Physics & Astronomy,Business & Management,History, Philosophy & Theology,Agriculture & Forestry,Sociology,Art, Performing Arts & Design,Mechanical & Aerospace Engineering,Communication & Media Studies,Education,Civil Engineering,Law,General Engineering,Mathematics & Statistics,Psychology,Medicine & Dentistry,Chemistry,Accounting & Finance",University of Tasmania,Australia
90.0,137.0,L,CO,VH,3,A,43.4,195.0,57.8,143.0,9.0,701.0,95.3,52,96.6,132.0,93.6,95.0,79.7,146.0,30.1,260.0,93.1,72.0,61.8,1480.0,148.0,62.3,1480.0,36.2,421.0,43.3,207.0,95.9,39.0,78.9,278.0,94.3,60.0,28223.0,37.4,25.0,50.0,33.0,"General Engineering,Chemistry,Computer Science,Sport Science,Psychology,Other Health,Agriculture & Forestry,Accounting & Finance,Medicine & Dentistry,Physics & Astronomy,Law,Architecture,Mathematics & Statistics,Education,Civil Engineering,Geology, Environmental, Earth & Marine Sciences,Electrical & Electronic Engineering,Politics & International Studies (incl Development Studies),Languages, Literature & Linguistics,Chemical Engineering,Communication & Media Studies,Business & Management,Art, Performing Arts & Design,Mechanical & Aerospace Engineering,Sociology,History, Philosophy & Theology,Biological Sciences,Geography,Economics & Econometrics",University of Technology Sydney,Australia
360.0,505.5,XL,CO,VH,4,A,18.7,476.0,38.8,249.0,3.4,701.0,67.5,159,2.1,701.0,1.8,701.0,68.6,203.0,17.5,475.0,18.4,560.0,30.7,4870.0,450.5,0.0,4870.0,37.7,367.0,28.4,507.0,71.9,513.0,60.5,637.0,33.6,1372.0,54890.0,26.6,2.0,54.0,39.0,"Business & Management,Veterinary Science,Architecture,Mathematics & Statistics,Computer Science,Geography,Archaeology,Languages, Literature & Linguistics,Agriculture & Forestry,Law,Civil Engineering,Communication & Media Studies,Mechanical & Aerospace Engineering,Geology, Environmental, Earth & Marine Sciences,Chemistry,General Engineering,Accounting & Finance,Education,Sociology,Art, Performing Arts & Design,Psychology,Biological Sciences,History, Philosophy & Theology,Physics & Astronomy,Sport Science,Chemical Engineering,Economics & Econometrics,Politics & International Studies (incl Development Studies),Electrical & Electronic Engineering",University of Tehran,"Iran, Islamic Republic of"
58.0,72.0,XL,FC,VH,5,A,93.5,35.0,83.2,65.0,8.9,701.0,86.7,85,9.3,701.0,11.0,691.0,79.4,147.0,70.0,73.0,77.7,163.0,71.8,520.0,52.0,75.5,520.0,66.0,54.0,75.7,42.0,91.0,109.0,81.4,247.0,47.3,883.0,48558.0,16.4,8.0,55.0,36.0,"General Engineering,Law,Archaeology,Biological Sciences,Geology, Environmental, Earth & Marine Sciences,Other Health,Mathematics & Statistics,Psychology,History, Philosophy & Theology,Mechanical & Aerospace Engineering,Chemistry,Languages, Literature & Linguistics,Chemical Engineering,Education,Art, Performing Arts & Design,Computer Science,Geography,Medicine & Dentistry,Physics & Astronomy,Business & Management,Architecture,Sport Science,Sociology,Civil Engineering,Communication & Media Studies,Accounting & Finance,Electrical & Electronic Engineering,Politics & International Studies (incl Development Studies),Economics & Econometrics",University of Texas at Austin,United States
21.0,34.0,XL,FC,VH,5,A,99.7,11.0,96.0,33.0,54.2,283.0,57.2,226,95.7,145.0,96.4,80.0,95.5,46.0,96.4,22.0,99.9,2.0,86.3,210.0,21.0,88.6,210.0,77.5,28.0,94.1,15.0,92.8,81.0,96.1,103.0,90.7,123.0,79282.0,25.8,27.0,56.0,17.0,"Art, Performing Arts & Design,Civil Engineering,Economics & Econometrics,Sport Science,Accounting & Finance,Politics & International Studies (incl Development Studies),Mathematics & Statistics,Geography,Other Health,Computer Science,Psychology,Electrical & Electronic Engineering,History, Philosophy & Theology,General Engineering,Law,Sociology,Languages, Literature & Linguistics,Business & Management,Geology, Environmental, Earth & Marine Sciences,Biological Sciences,Architecture,Mechanical & Aerospace Engineering,Communication & Media Studies,Chemical Engineering,Physics & Astronomy,Medicine & Dentistry,Chemistry,Education,Archaeology,Agriculture & Forestry",University of Toronto,Canada
429.0,457.0,L,CO,VH,4,A,24.6,352.0,8.9,601.0,19.3,685.0,44.0,305,26.9,509.0,6.2,701.0,61.0,238.0,9.3,701.0,34.9,400.0,26.3,3980.0,375.5,0.0,3980.0,29.3,733.0,34.8,355.0,80.5,312.0,65.2,543.0,61.1,562.0,14100.0,18.4,7.0,51.0,38.0,"Chemical Engineering,Economics & Econometrics,Politics & International Studies (incl Development Studies),Psychology,Sociology,Civil Engineering,Geology, Environmental, Earth & Marine Sciences,Mechanical & Aerospace Engineering,Law,Architecture,Biological Sciences,Medicine & Dentistry,Physics & Astronomy,Computer Science,Agriculture & Forestry,Sport Science,Archaeology,History, Philosophy & Theology,Mathematics & Statistics,Accounting & Finance,Business & Management,Electrical & Electronic Engineering,Languages, Literature & Linguistics",University of Trento,Italy
695.5,725.5,L,FC,HI,4,A,11.9,601.0,3.6,601.0,4.0,701.0,45.5,297,6.4,701.0,7.6,701.0,37.6,397.0,12.9,666.0,4.0,701.0,0.0,5950.0,550.5,0.0,5950.0,31.9,594.0,25.1,609.0,74.2,463.0,52.3,764.0,52.0,741.0,17196.0,26.0,7.0,57.0,31.0,"General Engineering,Geography,History, Philosophy & Theology,Chemical Engineering,Law,Languages, Literature & Linguistics,Computer Science,Mathematics & Statistics,Architecture,Geology, Environmental, Earth & Marine Sciences,Business & Management,Medicine & Dentistry,Biological Sciences,Education,Electrical & Electronic Engineering,Politics & International Studies (incl Development Studies),Accounting & Finance,Mechanical & Aerospace Engineering,Communication & Media Studies,Archaeology,Chemistry,Economics & Econometrics,Civil Engineering,Sociology,Other Health,Physics & Astronomy,Psychology",University of Trieste,Italy
355.0,312.0,L,FC,VH,4,A,35.8,242.0,24.0,402.0,59.0,243.0,19.0,569,13.8,691.0,21.2,529.0,31.7,450.0,11.5,701.0,57.7,259.0,30.9,3990.0,375.5,0.0,3990.0,51.8,119.0,42.6,219.0,52.3,958.0,72.9,374.0,51.3,766.0,15506.0,12.1,16.0,38.0,30.0,"Art, Performing Arts & Design,Electrical & Electronic Engineering,Education,Geography,Psychology,Mathematics & Statistics,Communication & Media Studies,Law,Chemistry,Other Health,Mechanical & Aerospace Engineering,Economics & Econometrics,Sport Science,Biological Sciences,Civil Engineering,Business & Management,General Engineering,Chemical Engineering,Geology, Environmental, Earth & Marine Sciences,Languages, Literature & Linguistics,Politics & International Studies (incl Development Studies),Accounting & Finance,Archaeology,History, Philosophy & Theology,Computer Science,Agriculture & Forestry,Physics & Astronomy,Medicine & Dentistry,Sociology,Architecture",University of Tsukuba,Japan
364.0,475.0,XL,FC,VH,5,A,39.8,213.0,5.7,601.0,2.9,701.0,36.8,380,4.6,701.0,5.4,701.0,69.4,199.0,32.5,236.0,84.3,123.0,30.3,4930.0,450.5,0.0,4930.0,23.0,1155.0,30.1,470.0,84.5,225.0,74.4,346.0,45.5,946.0,63232.0,29.5,6.0,61.0,19.0,"Law,Accounting & Finance,Communication & Media Studies,Biological Sciences,History, Philosophy & Theology,Psychology,Geography,Chemistry,Geology, Environmental, Earth & Marine Sciences,Sociology,Agriculture & Forestry,Art, Performing Arts & Design,Economics & Econometrics,Archaeology,Politics & International Studies (incl Development Studies),Computer Science,Veterinary Science,Other Health,Business & Management,Education,Mathematics & Statistics,Languages, Literature & Linguistics,Medicine & Dentistry,Physics & Astronomy,Sport Science",University of Turin,Italy
315.0,291.0,L,FC,VH,5,A,28.3,311.0,21.1,440.0,52.3,302.0,32.4,417,27.2,505.0,4.3,701.0,62.9,227.0,27.8,291.0,77.7,163.0,33.4,3450.0,325.5,0.0,3450.0,31.6,611.0,34.9,353.0,83.3,251.0,67.0,499.0,52.5,728.0,13528.0,15.7,6.0,63.0,17.0,"Other Health,Geology, Environmental, Earth & Marine Sciences,Psychology,Civil Engineering,Sociology,History, Philosophy & Theology,Biological Sciences,Law,Chemical Engineering,Education,Medicine & Dentistry,Politics & International Studies (incl Development Studies),Mathematics & Statistics,Economics & Econometrics,Physics & Astronomy,Accounting & Finance,Computer Science,Communication & Media Studies,Languages, Literature & Linguistics,Chemistry,Business & Management,Archaeology,Geography",University of Turku,Finland
210.0,212.0,M,FO,VH,4,A,20.6,422.0,38.3,254.0,39.4,404.0,65.3,171,99.3,94.0,91.1,112.0,67.6,208.0,12.6,687.0,33.2,416.0,44.4,1840.0,184.0,59.7,1840.0,43.4,235.0,46.0,179.0,75.1,439.0,99.6,55.0,93.3,79.0,9964.0,13.9,38.0,37.0,39.0,"Law,Chemical Engineering,Sport Science,Computer Science,Biological Sciences,History, Philosophy & Theology,Sociology,Business & Management,Mathematics & Statistics,Civil Engineering,Psychology,Accounting & Finance,Physics & Astronomy,Economics & Econometrics,Politics & International Studies (incl Development Studies),General Engineering,Mechanical & Aerospace Engineering,Other Health,Geography,Agriculture & Forestry,Electrical & Electronic Engineering,Communication & Media Studies,Medicine & Dentistry,Geology, Environmental, Earth & Marine Sciences,Chemistry,Education",University of Twente,Netherlands
441.0,392.0,L,FC,VH,5,A,15.9,548.0,6.0,601.0,53.0,295.0,36.5,383,25.3,530.0,10.1,701.0,54.4,289.0,14.9,560.0,49.0,315.0,25.9,2460.0,225.5,0.0,2460.0,43.5,231.0,38.5,271.0,87.0,174.0,83.5,221.0,40.9,1087.0,31502.0,13.3,8.0,50.0,19.0,"Art, Performing Arts & Design,Medicine & Dentistry,Business & Management,Chemical Engineering,Politics & International Studies (incl Development Studies),Sociology,Electrical & Electronic Engineering,Sport Science,Languages, Literature & Linguistics,History, Philosophy & Theology,Physics & Astronomy,Law,Mechanical & Aerospace Engineering,Communication & Media Studies,Economics & Econometrics,Computer Science,Biological Sciences,Accounting & Finance,Civil Engineering,Geography,Architecture,Geology, Environmental, Earth & Marine Sciences,Other Health,Mathematics & Statistics,Psychology,Agriculture & Forestry,General Engineering,Chemistry,Education",University of Utah,United States
130.0,151.0,XL,FC,VH,5,A,70.8,88.0,42.5,217.0,22.0,629.0,14.5,646,99.3,92.0,88.1,129.0,93.5,62.0,56.8,109.0,74.1,180.0,53.7,1200.0,119.0,65.2,1200.0,48.7,149.0,60.3,84.0,77.4,386.0,75.9,320.0,94.9,50.0,31318.0,37.4,31.0,66.0,33.0,"Physics & Astronomy,Accounting & Finance,Archaeology,Chemistry,Education,History, Philosophy & Theology,Geography,Sport Science,Law,Languages, Literature & Linguistics,Veterinary Science,Business & Management,Mathematics & Statistics,Psychology,Other Health,Communication & Media Studies,Economics & Econometrics,Computer Science,Politics & International Studies (incl Development Studies),Biological Sciences,Sociology,Agriculture & Forestry,Geology, Environmental, Earth & Marine Sciences",University of Vienna,Austria
250.0,331.0,M,CO,VH,4,A,18.4,484.0,13.2,601.0,11.3,701.0,75.0,128,99.3,91.0,73.3,192.0,17.5,568.0,44.5,162.0,79.8,152.0,39.5,5010.0,450.5,0.0,5010.0,26.1,932.0,31.0,444.0,74.3,460.0,72.4,377.0,89.8,131.0,10538.0,20.7,26.0,61.0,26.0,"Languages, Literature & Linguistics,Physics & Astronomy,Psychology,History, Philosophy & Theology,Sport Science,Economics & Econometrics,Agriculture & Forestry,Geography,Other Health,Biological Sciences,Education,Mechanical & Aerospace Engineering,Politics & International Studies (incl Development Studies),General Engineering,Geology, Environmental, Earth & Marine Sciences,Business & Management,Electrical & Electronic Engineering,Communication & Media Studies,Civil Engineering,Chemistry,Accounting & Finance,Computer Science,Mathematics & Statistics,Law,Art, Performing Arts & Design,Chemical Engineering,Sociology",University of Waikato,New Zealand
1300.5,1100.5,L,FO,VH,2,A,6.0,601.0,10.8,601.0,24.2,589.0,3.5,701,2.0,701.0,2.7,701.0,4.3,701.0,6.3,701.0,1.3,701.0,0.0,19000.0,1501.0,0.0,19000.0,16.9,1635.0,13.5,1261.0,35.3,1319.0,21.8,1451.0,23.3,1769.0,16899.0,17.5,3.0,60.0,23.0,"Veterinary Science,Electrical & Electronic Engineering,Art, Performing Arts & Design,Politics & International Studies (incl Development Studies),Education,Mechanical & Aerospace Engineering,Geology, Environmental, Earth & Marine Sciences,Agriculture & Forestry,Biological Sciences,General Engineering,Computer Science,Other Health,Physics & Astronomy,History, Philosophy & Theology,Communication & Media Studies,Sport Science,Medicine & Dentistry,Business & Management,Architecture,Law,Economics & Econometrics,Mathematics & Statistics,Chemistry,Psychology,Languages, Literature & Linguistics,Sociology,Accounting & Finance",University of Warmia and Mazury in Olsztyn,Poland
63.0,80.0,XL,FC,VH,5,A,84.0,58.0,50.4,168.0,19.1,692.0,93.5,62,19.0,600.0,33.2,392.0,94.0,59.0,70.0,74.0,88.1,106.0,69.2,250.0,25.0,85.3,250.0,78.0,27.0,83.5,29.0,98.2,11.0,77.6,294.0,73.2,363.0,49486.0,10.1,16.0,56.0,20.0,"Languages, Literature & Linguistics,Economics & Econometrics,Architecture,Art, Performing Arts & Design,Psychology,Mathematics & Statistics,General Engineering,Civil Engineering,History, Philosophy & Theology,Archaeology,Chemical Engineering,Education,Other Health,Law,Medicine & Dentistry,Mechanical & Aerospace Engineering,Sociology,Agriculture & Forestry,Chemistry,Geography,Accounting & Finance,Veterinary Science,Business & Management,Computer Science,Physics & Astronomy,Communication & Media Studies,Politics & International Studies (incl Development Studies),Geology, Environmental, Earth & Marine Sciences,Biological Sciences,Electrical & Electronic Engineering",University of Washington,United States
112.0,154.0,XL,CO,VH,4,A,40.7,208.0,66.7,117.0,6.8,701.0,82.9,100,76.8,241.0,77.9,172.0,55.4,281.0,55.9,112.0,97.1,36.0,58.1,1590.0,158.0,61.7,1590.0,42.2,260.0,49.3,148.0,83.7,243.0,78.3,286.0,89.3,134.0,36904.0,24.2,23.0,47.0,39.0,"Computer Science,Chemistry,General Engineering,Geology, Environmental, Earth & Marine Sciences,Other Health,Physics & Astronomy,Economics & Econometrics,Civil Engineering,Sociology,Mechanical & Aerospace Engineering,Politics & International Studies (incl Development Studies),History, Philosophy & Theology,Sport Science,Accounting & Finance,Art, Performing Arts & Design,Chemical Engineering,Geography,Architecture,Electrical & Electronic Engineering,Mathematics & Statistics,Communication & Media Studies,Business & Management,Languages, Literature & Linguistics,Biological Sciences,Psychology",University of Waterloo,Canada
715.5,725.5,L,CO,HI,3,A,12.9,601.0,6.7,601.0,5.9,701.0,6.0,701,78.4,235.0,100.0,28.0,1.9,701.0,16.3,515.0,1.9,701.0,0.0,9960.0,900.5,0.0,9960.0,19.4,1440.0,18.1,915.0,55.3,884.0,40.0,981.0,87.1,166.0,17315.0,19.8,48.0,60.0,19.0,"Architecture,Languages, Literature & Linguistics,Politics & International Studies (incl Development Studies),Electrical & Electronic Engineering,Sociology,History, Philosophy & Theology,Computer Science,Business & Management,Law,Economics & Econometrics,Communication & Media Studies,Psychology,Other Health,Accounting & Finance,Biological Sciences,Art, Performing Arts & Design",University of Westminster,United Kingdom
645.5,775.5,L,CO,VH,5,A,3.6,601.0,4.8,601.0,2.3,701.0,33.1,411,87.6,195.0,75.1,184.0,6.1,701.0,20.4,409.0,6.4,701.0,0.0,6030.0,550.5,0.0,6030.0,28.7,762.0,29.8,478.0,56.7,856.0,60.7,631.0,90.8,121.0,14849.0,34.1,35.0,54.0,38.0,"Civil Engineering,Art, Performing Arts & Design,History, Philosophy & Theology,Computer Science,Biological Sciences,Geology, Environmental, Earth & Marine Sciences,Mechanical & Aerospace Engineering,Sociology,Languages, Literature & Linguistics,Sport Science,Business & Management,Other Health,Economics & Econometrics,Chemistry,Architecture,General Engineering,Agriculture & Forestry,Law,Politics & International Studies (incl Development Studies),Mathematics & Statistics,Communication & Media Studies,Education,Electrical & Electronic Engineering,Accounting & Finance,Psychology,Physics & Astronomy",University of Windsor,Canada
102.0,83.0,XL,FC,VH,5,A,80.2,71.0,47.8,182.0,61.3,229.0,37.4,376,30.9,483.0,22.8,501.0,83.6,126.0,73.1,61.0,83.7,126.0,60.0,630.0,63.0,73.3,630.0,68.5,46.0,67.5,59.0,85.5,200.0,79.8,267.0,62.8,527.0,41209.0,9.9,13.0,54.0,24.0,"Civil Engineering,Geography,Medicine & Dentistry,Law,Mathematics & Statistics,Communication & Media Studies,Accounting & Finance,Archaeology,Languages, Literature & Linguistics,History, Philosophy & Theology,Physics & Astronomy,General Engineering,Electrical & Electronic Engineering,Sport Science,Veterinary Science,Chemistry,Politics & International Studies (incl Development Studies),Business & Management,Agriculture & Forestry,Biological Sciences,Computer Science,Chemical Engineering,Psychology,Art, Performing Arts & Design,Mechanical & Aerospace Engineering,Geology, Environmental, Earth & Marine Sciences,Other Health,Education,Architecture,Economics & Econometrics,Sociology",University of Wisconsin-Madison,United States
162.0,185.0,L,FC,VH,3,A,29.7,290.0,25.1,382.0,16.3,701.0,93.8,60,95.6,146.0,56.0,265.0,72.7,186.0,17.1,492.0,92.3,75.0,50.1,2490.0,225.5,0.0,2490.0,36.8,398.0,39.3,258.0,84.0,239.0,91.4,153.0,91.7,105.0,16328.0,26.1,22.0,55.0,31.0,"Archaeology,History, Philosophy & Theology,Politics & International Studies (incl Development Studies),Civil Engineering,Psychology,Economics & Econometrics,Accounting & Finance,Agriculture & Forestry,Geology, Environmental, Earth & Marine Sciences,Geography,Law,Mechanical & Aerospace Engineering,General Engineering,Architecture,Languages, Literature & Linguistics,Physics & Astronomy,Business & Management,Chemistry,Electrical & Electronic Engineering,Communication & Media Studies,Computer Science,Art, Performing Arts & Design,Mathematics & Statistics,Medicine & Dentistry,Education,Sociology,Sport Science,Biological Sciences,Other Health",University of Wollongong,Australia
1100.5,1100.5,L,CO,HI,5,A,3.4,601.0,3.2,601.0,10.4,701.0,9.4,701,34.7,457.0,72.1,200.0,3.7,701.0,8.8,701.0,1.4,701.0,0.0,7960.0,700.5,0.0,7960.0,19.1,1465.0,14.7,1152.0,64.7,681.0,40.7,965.0,81.1,239.0,15115.0,16.7,28.0,62.0,22.0,"Biological Sciences,Law,Computer Science,Sport Science,Business & Management,Civil Engineering,Politics & International Studies (incl Development Studies),General Engineering,Physics & Astronomy,Psychology,Languages, Literature & Linguistics,Mechanical & Aerospace Engineering,Chemistry,Economics & Econometrics,History, Philosophy & Theology,Veterinary Science,Education,Electrical & Electronic Engineering,Sociology,Architecture,Mathematics & Statistics,Accounting & Finance,Art, Performing Arts & Design,Chemical Engineering,Geography,Other Health,Communication & Media Studies",University of Wolverhampton,United Kingdom
1100.5,900.5,M,CO,VH,5,A,3.0,601.0,1.4,601.0,25.9,570.0,23.4,508,7.7,701.0,4.0,701.0,10.7,660.0,9.8,701.0,6.3,701.0,0.0,7990.0,700.5,0.0,7990.0,35.9,434.0,20.3,800.0,62.1,733.0,58.6,669.0,37.7,1214.0,10174.0,14.1,4.0,52.0,36.0,"Electrical & Electronic Engineering,Geology, Environmental, Earth & Marine Sciences,Other Health,Sociology,History, Philosophy & Theology,Mathematics & Statistics,Psychology,Civil Engineering,Chemistry,Mechanical & Aerospace Engineering,Communication & Media Studies,Computer Science,Physics & Astronomy,Education,Art, Performing Arts & Design,Biological Sciences,Law,Accounting & Finance,Medicine & Dentistry,Sport Science,Business & Management,Languages, Literature & Linguistics,Chemical Engineering,Politics & International Studies (incl Development Studies),Economics & Econometrics,Agriculture & Forestry,Geography",University of Wyoming,United States
167.0,162.0,L,FC,VH,4,A,43.5,194.0,35.3,275.0,45.0,351.0,40.3,342,88.3,192.0,78.2,171.0,79.2,150.0,19.8,421.0,97.8,26.0,49.4,1470.0,147.0,62.4,1470.0,42.4,256.0,44.8,191.0,90.8,112.0,66.9,507.0,93.1,83.0,19505.0,16.1,31.0,56.0,28.0,"Chemistry,Archaeology,Geography,Economics & Econometrics,Computer Science,Electrical & Electronic Engineering,General Engineering,Languages, Literature & Linguistics,Geology, Environmental, Earth & Marine Sciences,Mechanical & Aerospace Engineering,Physics & Astronomy,Business & Management,Law,Accounting & Finance,Education,Mathematics & Statistics,History, Philosophy & Theology,Medicine & Dentistry,Psychology,Communication & Media Studies,Sociology,Art, Performing Arts & Design,Biological Sciences,Politics & International Studies (incl Development Studies),Other Health",University of York,United Kingdom
755.5,900.5,XL,FC,VH,5,A,16.2,539.0,4.7,601.0,23.8,597.0,4.2,701,1.5,701.0,2.7,701.0,74.2,176.0,44.8,158.0,19.2,549.0,0.0,12010.0,1100.5,0.0,12010.0,26.0,942.0,15.9,1059.0,44.7,1131.0,59.7,653.0,31.2,1458.0,58474.0,14.8,3.0,60.0,29.0,"Architecture,Chemical Engineering,Sociology,General Engineering,Physics & Astronomy,Medicine & Dentistry,Veterinary Science,Law,Archaeology,Biological Sciences,Geography,Other Health,Sport Science,Education,Electrical & Electronic Engineering,Chemistry,Business & Management,Accounting & Finance,Languages, Literature & Linguistics,Civil Engineering,Communication & Media Studies,Art, Performing Arts & Design,Mechanical & Aerospace Engineering,Geology, Environmental, Earth & Marine Sciences,Economics & Econometrics,History, Philosophy & Theology,Agriculture & Forestry,Politics & International Studies (incl Development Studies),Computer Science,Mathematics & Statistics,Psychology",University of Zagreb,Croatia
91.0,83.0,L,FC,VH,5,A,59.1,126.0,27.6,352.0,89.9,88.0,52.0,248,100.0,60.0,53.0,274.0,87.2,100.0,75.2,58.0,80.2,149.0,61.6,800.0,80.0,69.9,800.0,54.8,103.0,53.4,121.0,91.8,96.0,93.7,131.0,92.4,97.0,25608.0,14.7,24.0,58.0,19.0,"Business & Management,Accounting & Finance,Veterinary Science,Physics & Astronomy,Sociology,Education,Chemistry,Geography,Archaeology,Politics & International Studies (incl Development Studies),Mathematics & Statistics,Biological Sciences,Other Health,Communication & Media Studies,Law,Computer Science,Agriculture & Forestry,Art, Performing Arts & Design,Psychology,Economics & Econometrics,History, Philosophy & Theology,Geology, Environmental, Earth & Marine Sciences,Languages, Literature & Linguistics,Medicine & Dentistry",University of Zurich,Switzerland
625.5,725.5,XL,CO,VH,3,A,19.4,457.0,6.4,601.0,34.7,462.0,17.4,593,2.5,701.0,3.8,701.0,73.6,178.0,7.0,701.0,21.2,533.0,0.0,6200.0,700.5,0.0,6200.0,27.0,874.0,23.9,657.0,65.8,653.0,65.5,536.0,46.2,923.0,38301.0,13.8,5.0,55.0,33.0,"Business & Management,Other Health,Computer Science,Archaeology,Accounting & Finance,Languages, Literature & Linguistics,Civil Engineering,Geography,Mechanical & Aerospace Engineering,Politics & International Studies (incl Development Studies),Electrical & Electronic Engineering,Physics & Astronomy,Art, Performing Arts & Design,Economics & Econometrics,History, Philosophy & Theology,Mathematics & Statistics,Biological Sciences,Education,Communication & Media Studies,Chemical Engineering,Law,Sociology,General Engineering,Architecture,Sport Science,Medicine & Dentistry,Psychology,Geology, Environmental, Earth & Marine Sciences,Chemistry",University of the Basque Country,Spain
404.0,412.0,XL,FC,HI,5,A,34.4,250.0,58.9,136.0,38.0,415.0,1.9,701,1.6,701.0,1.1,701.0,9.3,685.0,35.3,213.0,38.7,370.0,27.6,13910.0,1350.5,0.0,13910.0,25.4,978.0,15.3,1099.0,38.7,1248.0,22.8,1410.0,38.4,1176.0,53676.0,11.1,0.0,59.0,25.0,"Languages, Literature & Linguistics,Agriculture & Forestry,Politics & International Studies (incl Development Studies),Architecture,Biological Sciences,Business & Management,Electrical & Electronic Engineering,Chemistry,Accounting & Finance,Archaeology,Veterinary Science,Economics & Econometrics,Other Health,Chemical Engineering,Communication & Media Studies,General Engineering,Physics & Astronomy,Psychology,History, Philosophy & Theology,Civil Engineering,Sociology,Medicine & Dentistry,Sport Science,Education,Computer Science,Mathematics & Statistics,Law,Art, Performing Arts & Design,Mechanical & Aerospace Engineering,Geology, Environmental, Earth & Marine Sciences,Geography",University of the Philippines,Philippines
745.5,900.5,L,CO,VH,5,A,14.2,601.0,52.3,154.0,5.3,701.0,9.8,701,2.9,701.0,1.3,701.0,5.2,701.0,14.6,574.0,4.9,701.0,0.0,9530.0,900.5,0.0,9530.0,27.7,826.0,14.7,1150.0,62.4,724.0,24.9,1342.0,46.7,907.0,28692.0,22.0,1.0,52.0,33.0,"Chemical Engineering,Accounting & Finance,Languages, Literature & Linguistics,Physics & Astronomy,Chemistry,Economics & Econometrics,Sport Science,Psychology,Sociology,Geography,Geology, Environmental, Earth & Marine Sciences,Business & Management,Agriculture & Forestry,Biological Sciences,Electrical & Electronic Engineering,Communication & Media Studies,Archaeology,Mathematics & Statistics,General Engineering,Other Health,History, Philosophy & Theology,Politics & International Studies (incl Development Studies),Computer Science,Education,Architecture,Law,Art, Performing Arts & Design",University of the Punjab,Pakistan
745.5,900.5,XL,CO,HI,3,A,9.2,601.0,9.4,601.0,8.4,701.0,10.8,701,48.4,363.0,75.8,183.0,24.8,499.0,8.9,701.0,21.6,528.0,0.0,6020.0,550.5,0.0,6020.0,19.5,1427.0,15.0,1129.0,82.6,269.0,30.2,1179.0,78.6,278.0,26890.0,15.9,25.0,52.0,28.0,"History, Philosophy & Theology,Politics & International Studies (incl Development Studies),Accounting & Finance,Art, Performing Arts & Design,Mathematics & Statistics,Psychology,Mechanical & Aerospace Engineering,Law,Biological Sciences,Education,Other Health,Geology, Environmental, Earth & Marine Sciences,Business & Management,Architecture,Communication & Media Studies,Computer Science,Geography,Languages, Literature & Linguistics,Electrical & Electronic Engineering,Civil Engineering,Economics & Econometrics,General Engineering,Sociology",University of the West of England,United Kingdom
975.5,1100.5,L,CO,VH,4,A,8.4,601.0,7.8,601.0,4.2,701.0,15.1,634,26.4,516.0,4.0,701.0,40.5,372.0,11.7,701.0,4.9,701.0,0.0,7930.0,700.5,0.0,7930.0,22.0,1234.0,23.8,666.0,59.3,801.0,22.6,1416.0,65.7,473.0,24605.0,36.7,6.0,61.0,22.0,"Computer Science,Geography,Sport Science,Economics & Econometrics,Languages, Literature & Linguistics,Politics & International Studies (incl Development Studies),Geology, Environmental, Earth & Marine Sciences,Business & Management,Sociology,Psychology,Mathematics & Statistics,Medicine & Dentistry,Biological Sciences,Other Health,Law,Physics & Astronomy,Education,History, Philosophy & Theology,Chemistry,Accounting & Finance",University of the Western Cape,South Africa
1100.5,900.5,M,FO,VH,4,A,5.7,601.0,1.0,601.0,56.1,264.0,6.2,701,2.5,701.0,2.9,701.0,1.2,701.0,13.4,641.0,1.1,701.0,0.0,12040.0,1100.5,0.0,12040.0,27.7,829.0,18.0,923.0,48.2,1054.0,30.6,1170.0,31.8,1437.0,7154.0,14.0,3.0,32.0,48.0,"Computer Science,Business & Management,Civil Engineering,Electrical & Electronic Engineering,General Engineering,Education,Mechanical & Aerospace Engineering,Languages, Literature & Linguistics,Politics & International Studies (incl Development Studies),Communication & Media Studies,Economics & Econometrics,Accounting & Finance,Geology, Environmental, Earth & Marine Sciences",University of Žilina,Slovakia
294.0,317.0,XL,FC,VH,1,A,44.5,188.0,10.1,601.0,7.8,701.0,48.8,276,18.4,611.0,34.9,380.0,92.6,64.0,14.2,596.0,40.8,360.0,35.6,3170.0,325.5,0.0,3170.0,42.2,258.0,37.9,293.0,66.9,625.0,69.1,452.0,71.6,381.0,51244.0,18.4,17.0,53.0,39.0,"Geology, Environmental, Earth & Marine Sciences,Computer Science,Business & Management,Physics & Astronomy,General Engineering,Languages, Literature & Linguistics,Medicine & Dentistry,Economics & Econometrics,Communication & Media Studies,Sociology,Electrical & Electronic Engineering,Accounting & Finance,Sport Science,Civil Engineering,Art, Performing Arts & Design,Agriculture & Forestry,Law,Architecture,History, Philosophy & Theology,Biological Sciences,Archaeology,Chemistry,Politics & International Studies (incl Development Studies),Mathematics & Statistics,Education,Mechanical & Aerospace Engineering,Psychology,Chemical Engineering,Other Health,Geography",Université Grenoble Alpes,France
441.0,433.0,L,FC,VH,5,A,19.9,443.0,11.0,601.0,25.6,577.0,25.1,484,67.4,290.0,36.3,372.0,55.4,280.0,24.4,343.0,31.0,432.0,25.9,2720.0,275.5,0.0,2720.0,40.7,286.0,38.7,267.0,73.7,470.0,94.2,125.0,76.2,311.0,30362.0,17.9,16.0,58.0,20.0,"Languages, Literature & Linguistics,Biological Sciences,Sociology,Economics & Econometrics,Medicine & Dentistry,Civil Engineering,Geography,Art, Performing Arts & Design,Chemical Engineering,Communication & Media Studies,History, Philosophy & Theology,Other Health,Chemistry,Law,Computer Science,Mathematics & Statistics,Psychology,Archaeology,Accounting & Finance,Mechanical & Aerospace Engineering,Physics & Astronomy,Business & Management,Architecture,Agriculture & Forestry,Politics & International Studies (incl Development Studies),General Engineering,Geology, Environmental, Earth & Marine Sciences,Electrical & Electronic Engineering,Sport Science,Education",Université Laval,Canada
71.0,69.0,XL,CO,VH,1,A,58.9,128.0,99.1,13.0,99.8,25.0,45.8,294,39.1,416.0,60.8,244.0,98.7,17.0,34.3,224.0,73.6,182.0,67.6,580.0,58.0,74.4,580.0,70.9,40.0,66.1,63.0,82.4,277.0,92.4,140.0,78.6,277.0,31662.0,13.0,24.0,50.0,35.0,"Chemical Engineering,Accounting & Finance,Biological Sciences,Business & Management,Languages, Literature & Linguistics,Electrical & Electronic Engineering,Chemistry,Economics & Econometrics,Art, Performing Arts & Design,Mechanical & Aerospace Engineering,Politics & International Studies (incl Development Studies),Medicine & Dentistry,Mathematics & Statistics,Sociology,Other Health,Physics & Astronomy,Computer Science,Sport Science,Law,Architecture,Agriculture & Forestry,Education,General Engineering,Communication & Media Studies,History, Philosophy & Theology,Civil Engineering,Geology, Environmental, Earth & Marine Sciences",Université Paris-Saclay,France
755.5,575.5,XL,FC,HI,4,A,17.3,516.0,11.8,601.0,1.6,701.0,16.3,610,37.1,435.0,11.6,683.0,19.7,545.0,14.8,563.0,27.3,478.0,0.0,4750.0,450.5,0.0,4750.0,33.7,510.0,33.8,384.0,57.2,846.0,71.5,397.0,74.3,345.0,51748.0,18.4,11.0,58.0,35.0,"Sociology,Politics & International Studies (incl Development Studies),Civil Engineering,Biological Sciences,Geology, Environmental, Earth & Marine Sciences,Computer Science,Communication & Media Studies,Mathematics & Statistics,Architecture,History, Philosophy & Theology,Agriculture & Forestry,Education,Geography,Physics & Astronomy,Archaeology,Electrical & Electronic Engineering,Accounting & Finance,Economics & Econometrics,Psychology,Chemical Engineering,Sport Science,General Engineering,Law,Art, Performing Arts & Design,Veterinary Science,Other Health,Mechanical & Aerospace Engineering,Languages, Literature & Linguistics,Business & Management,Medicine & Dentistry,Chemistry",Université du Québec,Canada
105.0,128.0,L,FC,VH,5,A,62.7,111.0,30.5,320.0,47.7,330.0,45.6,296,98.3,108.0,82.4,152.0,95.5,47.0,58.2,105.0,99.4,12.0,59.4,1420.0,140.0,62.8,1420.0,43.9,222.0,55.0,111.0,81.3,296.0,97.7,92.0,74.7,337.0,24749.0,13.3,17.0,60.0,25.0,"Languages, Literature & Linguistics,Biological Sciences,Communication & Media Studies,General Engineering,Politics & International Studies (incl Development Studies),History, Philosophy & Theology,Chemistry,Economics & Econometrics,Medicine & Dentistry,Civil Engineering,Education,Chemical Engineering,Law,Accounting & Finance,Computer Science,Geography,Business & Management,Mathematics & Statistics,Psychology,Electrical & Electronic Engineering,Sociology,Archaeology,Geology, Environmental, Earth & Marine Sciences,Other Health,Physics & Astronomy",Uppsala University,Sweden
1100.5,1300.5,M,FO,VH,5,A,5.4,601.0,10.3,601.0,15.5,701.0,4.3,701,8.4,701.0,22.0,514.0,1.8,701.0,9.4,701.0,8.4,695.0,0.0,14860.0,1350.5,0.0,14860.0,26.8,888.0,19.7,830.0,27.8,1501.0,31.0,1158.0,46.9,895.0,11390.0,14.7,13.0,33.0,47.0,"Mechanical & Aerospace Engineering,Accounting & Finance,Civil Engineering,Architecture,Physics & Astronomy,Chemical Engineering,Mathematics & Statistics,Economics & Econometrics,General Engineering,Computer Science,Chemistry,Electrical & Electronic Engineering,Business & Management,Geology, Environmental, Earth & Marine Sciences",VSB - Technical University of Ostrava,Czech Republic
261.0,199.0,L,FC,VH,5,B,25.2,348.0,19.8,459.0,100.0,9.0,37.2,377,36.4,442.0,34.6,383.0,47.1,332.0,35.7,206.0,51.2,299.0,38.4,930.0,92.0,67.4,930.0,54.1,104.0,48.5,153.0,96.0,37.0,96.5,99.0,62.9,522.0,12971.0,3.9,17.0,55.0,16.0,"Physics & Astronomy,Mechanical & Aerospace Engineering,General Engineering,Sociology,History, Philosophy & Theology,Geology, Environmental, Earth & Marine Sciences,Computer Science,Psychology,Other Health,Economics & Econometrics,Chemistry,Mathematics & Statistics,Accounting & Finance,Communication & Media Studies,Business & Management,Civil Engineering,Medicine & Dentistry,Art, Performing Arts & Design,Geography,Politics & International Studies (incl Development Studies),Biological Sciences,Archaeology,Electrical & Electronic Engineering,Law,Education,Chemical Engineering,Languages, Literature & Linguistics",Vanderbilt University,United States
825.5,900.5,L,FC,HI,3,A,8.7,601.0,2.9,601.0,4.8,701.0,40.0,345,4.7,701.0,3.6,701.0,32.0,448.0,6.9,701.0,14.7,616.0,0.0,4970.0,450.5,0.0,4970.0,29.6,718.0,26.2,565.0,84.1,235.0,67.0,500.0,46.0,934.0,20968.0,26.0,4.0,64.0,13.0,"Sociology,Communication & Media Studies,History, Philosophy & Theology,Archaeology,Other Health,Sport Science,Law,Business & Management,Computer Science,Accounting & Finance,Biological Sciences,Agriculture & Forestry,Medicine & Dentistry,Economics & Econometrics,General Engineering,Geography,Art, Performing Arts & Design,Education,Languages, Literature & Linguistics,Mathematics & Statistics,Psychology",Verona University,Italy
241.0,275.0,L,CO,VH,4,A,44.8,186.0,25.5,375.0,9.1,701.0,32.3,418,99.5,88.0,34.6,382.0,38.1,393.0,47.0,149.0,93.6,66.0,40.5,4990.0,450.5,0.0,4990.0,28.6,769.0,34.1,377.0,69.4,571.0,58.4,670.0,80.3,253.0,18231.0,19.4,17.0,58.0,32.0,"Architecture,Politics & International Studies (incl Development Studies),History, Philosophy & Theology,Psychology,Biological Sciences,Law,Art, Performing Arts & Design,Chemistry,Accounting & Finance,Physics & Astronomy,Education,Electrical & Electronic Engineering,Geography,Other Health,Communication & Media Studies,Geology, Environmental, Earth & Marine Sciences,Economics & Econometrics,Languages, Literature & Linguistics,Mathematics & Statistics,Business & Management,Computer Science,Sociology",Victoria University of Wellington,New Zealand
765.5,725.5,L,FC,VH,5,A,6.7,601.0,16.5,521.0,43.1,365.0,13.7,662,15.9,653.0,3.2,701.0,39.2,383.0,12.4,701.0,12.0,642.0,0.0,5000.0,450.5,0.0,5000.0,36.4,416.0,23.2,681.0,82.8,264.0,72.7,376.0,36.5,1262.0,25944.0,10.6,3.0,63.0,13.0,"Chemistry,Other Health,General Engineering,Medicine & Dentistry,Chemical Engineering,Business & Management,Electrical & Electronic Engineering,Art, Performing Arts & Design,Accounting & Finance,Civil Engineering,Sport Science,Physics & Astronomy,Mechanical & Aerospace Engineering,Computer Science,Sociology,Agriculture & Forestry,Education,Psychology,Communication & Media Studies,Politics & International Studies (incl Development Studies),Languages, Literature & Linguistics,Economics & Econometrics,Mathematics & Statistics,History, Philosophy & Theology,Biological Sciences",Virginia Commonwealth University,United States
302.0,363.0,XL,FC,VH,5,A,26.2,337.0,40.4,232.0,18.7,701.0,34.8,389,71.7,267.0,17.9,577.0,70.0,197.0,20.7,402.0,52.8,292.0,34.5,3000.0,275.5,0.0,3000.0,42.5,252.0,39.4,257.0,78.8,349.0,76.7,306.0,65.4,478.0,37225.0,18.6,13.0,44.0,37.0,"General Engineering,Chemistry,Architecture,Biological Sciences,Mathematics & Statistics,Economics & Econometrics,Languages, Literature & Linguistics,Agriculture & Forestry,Politics & International Studies (incl Development Studies),Geography,Civil Engineering,Communication & Media Studies,History, Philosophy & Theology,Chemical Engineering,Physics & Astronomy,Medicine & Dentistry,Sport Science,Accounting & Finance,Archaeology,Mechanical & Aerospace Engineering,Psychology,Art, Performing Arts & Design,Other Health,Geology, Environmental, Earth & Marine Sciences,Sociology,Computer Science,Veterinary Science,Business & Management,Electrical & Electronic Engineering,Education",Virginia Polytechnic Institute and State University,United States
1300.5,1100.5,L,CO,HI,5,A,5.9,601.0,2.3,601.0,19.9,670.0,1.3,701,3.4,701.0,25.6,466.0,1.0,701.0,6.6,701.0,1.4,701.0,0.0,18980.0,1501.0,0.0,18980.0,22.7,1174.0,10.7,1569.0,7.7,1887.0,17.4,1721.0,37.0,1245.0,16386.0,11.1,15.0,52.0,36.0,"Other Health,Sociology,Archaeology,Politics & International Studies (incl Development Studies),Economics & Econometrics,Mathematics & Statistics,Education,Biological Sciences,Psychology,Chemical Engineering,Law,History, Philosophy & Theology,Chemistry,Business & Management,Languages, Literature & Linguistics,Geology, Environmental, Earth & Marine Sciences,Electrical & Electronic Engineering,Geography,Physics & Astronomy,Accounting & Finance,Computer Science,Communication & Media Studies",Voronezh State University,Russia
207.0,214.0,XL,FC,VH,5,A,39.6,217.0,15.7,531.0,23.6,607.0,68.1,156,68.5,284.0,40.2,340.0,70.1,195.0,20.2,414.0,89.1,95.0,44.9,1250.0,125.0,64.7,1250.0,40.4,297.0,51.0,137.0,93.4,68.0,91.5,151.0,84.3,198.0,31704.0,19.2,18.0,57.0,19.0,"Sport Science,Psychology,Sociology,Medicine & Dentistry,Politics & International Studies (incl Development Studies),Chemistry,Languages, Literature & Linguistics,Other Health,Accounting & Finance,Geology, Environmental, Earth & Marine Sciences,Art, Performing Arts & Design,Biological Sciences,Computer Science,Communication & Media Studies,Law,Agriculture & Forestry,History, Philosophy & Theology,Mechanical & Aerospace Engineering,Education,Economics & Econometrics,Geography,Physics & Astronomy,Business & Management,Archaeology,Mathematics & Statistics",Vrije Universiteit Amsterdam,Netherlands
825.5,900.5,M,FO,VH,5,A,11.0,601.0,20.6,449.0,38.5,410.0,2.1,701,15.1,666.0,40.2,341.0,2.4,701.0,11.4,701.0,1.6,701.0,0.0,14870.0,1350.5,0.0,14870.0,22.4,1199.0,12.3,1384.0,27.4,1514.0,20.9,1491.0,61.9,544.0,8210.0,11.2,15.0,61.0,23.0,"Education,History, Philosophy & Theology,Agriculture & Forestry,Psychology,Law,Sociology,Languages, Literature & Linguistics,General Engineering,Architecture,Communication & Media Studies,Computer Science,Politics & International Studies (incl Development Studies),Biological Sciences,Business & Management,Art, Performing Arts & Design,Economics & Econometrics,Accounting & Finance,Mathematics & Statistics",Vytautas Magnus University,Lithuania
151.0,124.0,L,FO,VH,5,A,43.3,196.0,19.0,472.0,97.9,47.0,46.0,292,55.0,336.0,78.5,170.0,97.8,22.0,19.0,438.0,71.5,196.0,51.3,660.0,64.0,73.0,660.0,56.4,90.0,59.8,85.0,93.8,63.0,98.8,74.0,92.4,96.0,15899.0,18.1,28.0,54.0,28.0,"Other Health,Economics & Econometrics,Politics & International Studies (incl Development Studies),Geology, Environmental, Earth & Marine Sciences,Veterinary Science,Chemistry,Biological Sciences,Chemical Engineering,Sociology,Agriculture & Forestry,Business & Management,Communication & Media Studies",Wageningen University & Research,Netherlands
705.5,438.0,M,FC,VH,5,B,5.4,601.0,6.1,601.0,100.0,13.0,11.0,701,5.4,701.0,13.5,654.0,5.5,701.0,16.5,514.0,2.3,701.0,0.0,5020.0,450.5,0.0,5020.0,39.6,321.0,22.0,733.0,80.6,309.0,78.5,283.0,38.7,1166.0,8293.0,4.1,9.0,54.0,8.0,"Medicine & Dentistry,Communication & Media Studies,Physics & Astronomy,Accounting & Finance,History, Philosophy & Theology,Business & Management,Art, Performing Arts & Design,Mathematics & Statistics,Languages, Literature & Linguistics,Sport Science,Sociology,Biological Sciences,Psychology,Chemistry,Economics & Econometrics,General Engineering,Geology, Environmental, Earth & Marine Sciences,Education,Computer Science,Politics & International Studies (incl Development Studies),Other Health,Law",Wake Forest University,United States
571.0,525.5,L,FO,VH,5,A,22.8,382.0,49.8,172.0,38.7,408.0,4.3,701,1.8,701.0,10.3,701.0,9.7,676.0,11.5,701.0,2.1,701.0,20.7,14900.0,1350.5,0.0,14900.0,22.0,1233.0,19.6,836.0,33.3,1372.0,53.5,745.0,31.7,1442.0,23167.0,17.1,7.0,32.0,45.0,"Chemistry,General Engineering,Civil Engineering,Mathematics & Statistics,Business & Management,Physics & Astronomy,Electrical & Electronic Engineering,Mechanical & Aerospace Engineering,Economics & Econometrics,Computer Science,Chemical Engineering,Architecture,Geology, Environmental, Earth & Marine Sciences",Warsaw University of Technology,Poland
199.0,205.0,XL,CO,VH,5,B,60.2,118.0,97.3,24.0,23.7,602.0,4.3,701,27.6,503.0,28.6,436.0,17.5,569.0,65.6,87.0,56.5,268.0,45.9,9930.0,900.5,0.0,9930.0,33.7,513.0,26.2,566.0,43.1,1167.0,56.7,707.0,54.8,681.0,46013.0,14.3,13.0,39.0,37.0,"Art, Performing Arts & Design,Other Health,Mathematics & Statistics,Business & Management,Computer Science,Sociology,Education,Architecture,Geology, Environmental, Earth & Marine Sciences,Electrical & Electronic Engineering,Communication & Media Studies,Economics & Econometrics,Archaeology,Physics & Astronomy,Law,Civil Engineering,Biological Sciences,Psychology,Languages, Literature & Linguistics,Chemical Engineering,Geography,History, Philosophy & Theology,Chemistry,Medicine & Dentistry,Mechanical & Aerospace Engineering,Politics & International Studies (incl Development Studies),General Engineering,Sport Science,Accounting & Finance",Waseda University,Japan
419.0,443.0,L,FC,VH,5,A,24.4,354.0,17.9,489.0,16.2,701.0,35.4,386,50.0,358.0,5.5,701.0,46.5,335.0,11.1,701.0,49.7,309.0,26.8,3480.0,325.5,0.0,3480.0,36.9,394.0,34.5,365.0,74.8,443.0,82.9,230.0,60.3,579.0,28896.0,18.8,6.0,55.0,29.0,"Archaeology,Medicine & Dentistry,Chemical Engineering,Politics & International Studies (incl Development Studies),Other Health,Mathematics & Statistics,Education,Mechanical & Aerospace Engineering,Sport Science,Architecture,Civil Engineering,Geography,General Engineering,Chemistry,Economics & Econometrics,History, Philosophy & Theology,Veterinary Science,Psychology,Art, Performing Arts & Design,Electrical & Electronic Engineering,Geology, Environmental, Earth & Marine Sciences,Accounting & Finance,Languages, Literature & Linguistics,Agriculture & Forestry,Communication & Media Studies,Business & Management,Computer Science,Physics & Astronomy,Biological Sciences,Sociology",Washington State University,United States
755.5,625.5,L,FC,VH,5,A,7.8,601.0,3.2,601.0,64.7,214.0,12.3,693,12.5,701.0,4.8,701.0,41.9,364.0,15.4,545.0,6.4,701.0,0.0,6010.0,550.5,0.0,6010.0,36.4,417.0,20.4,796.0,70.2,558.0,79.3,273.0,41.8,1064.0,22523.0,13.0,5.0,61.0,16.0,"Electrical & Electronic Engineering,Communication & Media Studies,History, Philosophy & Theology,Agriculture & Forestry,Law,Languages, Literature & Linguistics,Biological Sciences,Education,Medicine & Dentistry,Physics & Astronomy,Business & Management,Computer Science,Sociology,Mechanical & Aerospace Engineering,Chemistry,Other Health,Sport Science,Psychology,Civil Engineering,Geology, Environmental, Earth & Marine Sciences,Accounting & Finance,Art, Performing Arts & Design,Chemical Engineering,Mathematics & Statistics,Architecture,General Engineering,Politics & International Studies (incl Development Studies),Economics & Econometrics",Wayne State University,United States
1100.5,1100.5,L,FC,HI,5,A,5.3,601.0,3.6,601.0,10.8,701.0,5.8,701,32.3,472.0,10.4,701.0,2.2,701.0,17.0,498.0,1.9,701.0,0.0,11950.0,1100.5,0.0,11950.0,24.0,1084.0,17.1,971.0,39.2,1237.0,39.3,999.0,43.1,1021.0,16486.0,21.3,8.0,53.0,28.0,"Civil Engineering,Politics & International Studies (incl Development Studies),Law,Computer Science,Communication & Media Studies,Mathematics & Statistics,Business & Management,Electrical & Electronic Engineering,Geology, Environmental, Earth & Marine Sciences,Architecture,Chemical Engineering,Accounting & Finance,Art, Performing Arts & Design,Sport Science,Sociology,History, Philosophy & Theology,Agriculture & Forestry,Geography,General Engineering,Physics & Astronomy,Psychology,Languages, Literature & Linguistics,Mechanical & Aerospace Engineering,Chemistry,Economics & Econometrics,Other Health,Biological Sciences,Education",Western Michigan University,United States
114.0,172.0,XL,FC,VH,5,A,32.1,273.0,47.4,186.0,3.7,701.0,98.3,30,99.7,86.0,54.6,268.0,56.4,274.0,93.3,30.0,99.6,8.0,57.4,2480.0,225.5,0.0,2480.0,40.2,306.0,42.9,212.0,75.2,437.0,99.6,57.0,87.5,159.0,30176.0,33.0,24.0,56.0,21.0,"Sociology,History, Philosophy & Theology,Computer Science,Languages, Literature & Linguistics,Communication & Media Studies,Economics & Econometrics,General Engineering,Mathematics & Statistics,Archaeology,Education,Medicine & Dentistry,Accounting & Finance,Electrical & Electronic Engineering,Mechanical & Aerospace Engineering,Chemical Engineering,Politics & International Studies (incl Development Studies),Psychology,Chemistry,Biological Sciences,Business & Management,Geography,Physics & Astronomy,Other Health,Geology, Environmental, Earth & Marine Sciences,Law,Art, Performing Arts & Design,Sport Science,Civil Engineering",Western University,Canada
875.5,900.5,M,CO,VH,5,B,3.9,601.0,5.7,601.0,17.1,701.0,27.5,457,42.7,390.0,24.2,485.0,1.7,701.0,11.8,701.0,1.3,701.0,0.0,7970.0,700.5,0.0,7970.0,30.0,691.0,22.1,728.0,61.2,750.0,61.8,620.0,57.2,639.0,5834.0,13.0,14.0,38.0,41.0,"Communication & Media Studies,Education,Mechanical & Aerospace Engineering,Art, Performing Arts & Design,Computer Science,Geology, Environmental, Earth & Marine Sciences,Business & Management,Chemistry,Psychology,General Engineering,Chemical Engineering,Politics & International Studies (incl Development Studies),Architecture,Physics & Astronomy,Economics & Econometrics,Biological Sciences,Mathematics & Statistics,Electrical & Electronic Engineering,History, Philosophy & Theology,Civil Engineering",Worcester Polytechnic Institute,United States
194.0,194.0,XL,FC,VH,4,A,40.9,204.0,44.0,205.0,12.8,701.0,87.4,82,40.7,405.0,5.0,701.0,48.4,324.0,35.0,218.0,44.4,336.0,46.6,1650.0,164.0,61.3,1650.0,50.9,126.0,45.0,189.0,88.5,146.0,90.6,160.0,41.0,1084.0,56066.0,15.0,5.0,54.0,40.0,"Computer Science,Chemistry,Business & Management,Languages, Literature & Linguistics,Agriculture & Forestry,Geography,Art, Performing Arts & Design,Mechanical & Aerospace Engineering,Sociology,General Engineering,Biological Sciences,Communication & Media Studies,History, Philosophy & Theology,Civil Engineering,Law,Archaeology,Veterinary Science,Psychology,Architecture,Electrical & Electronic Engineering,Geology, Environmental, Earth & Marine Sciences,Education,Chemical Engineering,Politics & International Studies (incl Development Studies),Medicine & Dentistry,Physics & Astronomy,Economics & Econometrics,Other Health,Mathematics & Statistics,Accounting & Finance",Wuhan University,China (Mainland)
392.0,422.0,XL,FC,VH,4,A,25.9,340.0,11.6,601.0,20.0,664.0,65.3,170,5.4,701.0,3.4,701.0,25.4,494.0,21.5,387.0,17.1,579.0,28.2,3510.0,325.5,0.0,3510.0,38.0,363.0,33.5,393.0,83.7,244.0,72.1,386.0,38.4,1177.0,44715.0,15.1,2.0,54.0,33.0,"Medicine & Dentistry,Architecture,Other Health,Geography,Chemical Engineering,Biological Sciences,Art, Performing Arts & Design,Veterinary Science,Sociology,Mathematics & Statistics,Politics & International Studies (incl Development Studies),General Engineering,Communication & Media Studies,Mechanical & Aerospace Engineering,Physics & Astronomy,Archaeology,Economics & Econometrics,Psychology,Accounting & Finance,Electrical & Electronic Engineering,Business & Management,Geology, Environmental, Earth & Marine Sciences,Sport Science,Languages, Literature & Linguistics,Law,Chemistry,Education,History, Philosophy & Theology,Civil Engineering,Computer Science,Agriculture & Forestry",Xiamen University,China (Mainland)
291.0,302.0,XL,FC,VH,4,A,21.4,406.0,42.2,222.0,17.4,701.0,80.9,106,4.4,701.0,4.1,701.0,36.8,403.0,20.8,397.0,34.6,403.0,35.8,3020.0,275.5,0.0,3020.0,46.9,175.0,48.0,159.0,70.0,559.0,98.3,86.0,37.8,1209.0,45764.0,14.7,7.0,35.0,38.0,"Languages, Literature & Linguistics,Civil Engineering,Geology, Environmental, Earth & Marine Sciences,Economics & Econometrics,Other Health,Chemistry,Psychology,General Engineering,Veterinary Science,Communication & Media Studies,Electrical & Electronic Engineering,Physics & Astronomy,Business & Management,History, Philosophy & Theology,Agriculture & Forestry,Education,Architecture,Sport Science,Law,Archaeology,Mechanical & Aerospace Engineering,Politics & International Studies (incl Development Studies),Accounting & Finance,Medicine & Dentistry,Biological Sciences,Geography,Computer Science,Mathematics & Statistics,Art, Performing Arts & Design,Chemical Engineering,Sociology",Xi’an Jiaotong University,China (Mainland)
16.0,18.0,M,FC,VH,5,B,99.9,9.0,99.9,7.0,100.0,3.0,45.8,293,89.8,184.0,78.8,169.0,85.8,112.0,99.9,9.0,99.2,13.0,87.7,100.0,10.0,94.2,100.0,94.0,10.0,94.9,13.0,97.7,18.0,86.5,192.0,82.4,217.0,11924.0,5.2,21.0,51.0,13.0,"Law,Computer Science,Electrical & Electronic Engineering,Chemical Engineering,Economics & Econometrics,Accounting & Finance,Archaeology,Mechanical & Aerospace Engineering,Business & Management,Medicine & Dentistry,Mathematics & Statistics,Art, Performing Arts & Design,Architecture,Sociology,Politics & International Studies (incl Development Studies),Biological Sciences,Agriculture & Forestry,Geology, Environmental, Earth & Marine Sciences,History, Philosophy & Theology,Languages, Literature & Linguistics,General Engineering,Physics & Astronomy,Chemistry,Other Health,Psychology",Yale University,United States
1100.5,1300.5,L,FC,MD,3,A,11.9,601.0,14.5,564.0,2.8,701.0,2.5,701,7.8,701.0,13.9,643.0,3.9,701.0,28.4,283.0,1.1,701.0,0.0,15020.0,1350.5,0.0,15020.0,19.9,1386.0,12.9,1318.0,41.5,1196.0,20.8,1497.0,53.1,710.0,31177.0,28.3,11.0,57.0,32.0,"Geology, Environmental, Earth & Marine Sciences,General Engineering,Mechanical & Aerospace Engineering,Geography,Art, Performing Arts & Design,Politics & International Studies (incl Development Studies),Archaeology,Sociology,History, Philosophy & Theology,Civil Engineering,Sport Science,Business & Management,Accounting & Finance,Biological Sciences,Electrical & Electronic Engineering,Other Health,Architecture,Communication & Media Studies,Law,Chemistry,Languages, Literature & Linguistics,Computer Science,Mathematics & Statistics,Psychology,Physics & Astronomy,Economics & Econometrics,Medicine & Dentistry,Education",Yarmouk University,Jordan
1100.5,900.5,M,CO,HI,5,A,7.0,601.0,3.0,601.0,45.4,347.0,1.4,701,5.2,701.0,1.6,701.0,1.0,701.0,35.2,215.0,1.0,701.0,0.0,19040.0,1501.0,0.0,19040.0,23.9,1088.0,8.6,1851.0,26.8,1523.0,16.4,1823.0,38.1,1195.0,13838.0,8.0,2.0,53.0,39.0,"History, Philosophy & Theology,Business & Management,Archaeology,Computer Science,Geology, Environmental, Earth & Marine Sciences,Geography,Mathematics & Statistics,Politics & International Studies (incl Development Studies),Other Health,Economics & Econometrics,Accounting & Finance,Biological Sciences,Psychology,Chemistry,Languages, Literature & Linguistics,Sociology,Education,Law,Physics & Astronomy,Communication & Media Studies",Yerevan State University,Armenia
825.5,505.5,M,FO,VH,4,A,3.3,601.0,2.6,601.0,97.7,49.0,10.3,701,4.1,701.0,2.4,701.0,1.1,701.0,8.5,701.0,1.0,701.0,0.0,9980.0,900.5,0.0,9980.0,28.4,785.0,11.3,1498.0,59.4,795.0,62.4,608.0,29.0,1544.0,5144.0,6.0,3.0,55.0,8.0,"Mathematics & Statistics,Business & Management,Biological Sciences,Economics & Econometrics,Accounting & Finance,Medicine & Dentistry,Chemistry,Politics & International Studies (incl Development Studies),Sociology,Other Health",Yokohama City University,Japan
975.5,900.5,M,CO,VH,4,A,9.6,601.0,18.3,480.0,16.7,701.0,8.3,701,8.8,701.0,9.4,701.0,2.0,701.0,16.2,517.0,12.7,636.0,0.0,15040.0,1350.5,0.0,15040.0,26.0,941.0,22.5,714.0,19.1,1704.0,71.2,403.0,36.1,1277.0,9649.0,13.4,8.0,28.0,40.0,"Electrical & Electronic Engineering,Languages, Literature & Linguistics,General Engineering,Geology, Environmental, Earth & Marine Sciences,Sport Science,Biological Sciences,Economics & Econometrics,Mathematics & Statistics,Business & Management,Agriculture & Forestry,Art, Performing Arts & Design,History, Philosophy & Theology,Accounting & Finance,Law,Computer Science,Communication & Media Studies,Education,Physics & Astronomy,Mechanical & Aerospace Engineering,Civil Engineering,Psychology,Chemistry,Sociology,Architecture,Geography,Chemical Engineering,Politics & International Studies (incl Development Studies)",Yokohama National University,Japan
353.0,456.0,XL,CO,VH,4,A,23.0,377.0,21.0,441.0,4.6,701.0,29.2,440,50.6,356.0,81.2,157.0,28.0,471.0,53.2,119.0,80.8,144.0,31.1,4010.0,375.5,0.0,4010.0,28.2,801.0,32.4,410.0,78.3,360.0,69.6,442.0,79.5,262.0,44038.0,29.1,28.0,55.0,26.0,"Sport Science,Chemistry,Mechanical & Aerospace Engineering,Biological Sciences,Physics & Astronomy,Computer Science,Sociology,Electrical & Electronic Engineering,Law,Mathematics & Statistics,Business & Management,Other Health,History, Philosophy & Theology,Civil Engineering,Geography,Economics & Econometrics,Languages, Literature & Linguistics,Geology, Environmental, Earth & Marine Sciences,Politics & International Studies (incl Development Studies),Agriculture & Forestry,Education,Psychology,Accounting & Finance,Art, Performing Arts & Design,General Engineering,Communication & Media Studies",York University,Canada
1300.5,1300.5,M,FO,VH,3,C,5.4,601.0,5.4,601.0,7.4,701.0,10.6,701,7.0,701.0,9.6,701.0,1.0,701.0,7.9,701.0,1.0,701.0,0.0,15050.0,1350.5,0.0,15050.0,18.5,1512.0,24.1,650.0,32.1,1400.0,69.0,455.0,42.8,1028.0,6852.0,23.0,8.0,44.0,35.0,"Art, Performing Arts & Design,Biological Sciences,General Engineering,Languages, Literature & Linguistics,Business & Management,Computer Science,Accounting & Finance,Mechanical & Aerospace Engineering,Other Health,Sociology,Communication & Media Studies,Chemical Engineering,Electrical & Electronic Engineering",Yuan Ze University,Taiwan
1300.5,1300.5,XL,FC,HI,3,A,6.6,601.0,3.8,601.0,2.9,701.0,2.4,701,1.2,701.0,2.4,701.0,15.3,593.0,2.8,701.0,7.7,701.0,0.0,9990.0,900.5,0.0,9990.0,14.2,1796.0,9.2,1772.0,71.4,527.0,49.8,813.0,49.0,832.0,166653.0,25.2,2.0,52.0,23.0,"Languages, Literature & Linguistics,General Engineering,Communication & Media Studies,Accounting & Finance,Archaeology,Chemical Engineering,Politics & International Studies (incl Development Studies),Architecture,Biological Sciences,Geography,Medicine & Dentistry,Sport Science,Psychology,Art, Performing Arts & Design,Electrical & Electronic Engineering,Physics & Astronomy,Economics & Econometrics,Computer Science,Veterinary Science,Law,Mechanical & Aerospace Engineering,Chemistry,Business & Management,History, Philosophy & Theology,Agriculture & Forestry,Sociology,Other Health,Mathematics & Statistics,Education,Civil Engineering,Geology, Environmental, Earth & Marine Sciences",Zagazig University,Egypt
705.5,725.5,M,CO,HI,3,A,14.5,597.0,17.3,503.0,22.0,628.0,6.3,701,100.0,13.0,2.0,701.0,8.3,701.0,17.0,499.0,2.8,701.0,0.0,5030.0,450.5,0.0,5030.0,28.3,795.0,25.4,594.0,85.7,196.0,35.0,1092.0,74.5,339.0,9036.0,14.4,2.0,87.0,27.0,"Education,Communication & Media Studies,Politics & International Studies (incl Development Studies),Other Health,Law,Psychology,Geology, Environmental, Earth & Marine Sciences,Computer Science,Sociology,Accounting & Finance,Art, Performing Arts & Design,Business & Management",Zayed University,United Arab Emirates
44.0,42.0,XL,FC,VH,4,A,73.8,81.0,95.7,36.0,66.5,198.0,97.6,37,97.7,120.0,26.5,456.0,74.7,174.0,37.7,194.0,51.5,297.0,77.8,560.0,55.0,75.0,560.0,70.2,42.0,75.3,45.0,78.7,350.0,99.0,69.0,65.5,476.0,48169.0,12.0,16.0,54.0,32.0,"Other Health,Physics & Astronomy,Business & Management,Architecture,Veterinary Science,Law,History, Philosophy & Theology,Biological Sciences,Education,Languages, Literature & Linguistics,Mechanical & Aerospace Engineering,Sport Science,Geography,General Engineering,Chemistry,Accounting & Finance,Medicine & Dentistry,Agriculture & Forestry,Sociology,Art, Performing Arts & Design,Electrical & Electronic Engineering,Mathematics & Statistics,Psychology,Computer Science,Geology, Environmental, Earth & Marine Sciences,Economics & Econometrics,Civil Engineering,Communication & Media Studies,Archaeology,Chemical Engineering,Politics & International Studies (incl Development Studies)",Zhejiang University,China (Mainland)
184.0,111.0,S,CO,VH,5,A,30.5,285.0,14.4,570.0,95.7,59.0,98.4,27,70.8,272.0,14.6,628.0,34.3,425.0,10.0,701.0,5.9,701.0,47.6,2590.0,275.5,0.0,2590.0,58.5,84.0,46.8,170.0,53.9,919.0,78.5,282.0,68.0,432.0,2024.0,7.9,11.0,43.0,33.0,"Geography,Mathematics & Statistics,History, Philosophy & Theology,Economics & Econometrics,Art, Performing Arts & Design,Physics & Astronomy,Education,Chemistry,Biological Sciences,Computer Science,Sociology,Languages, Literature & Linguistics,Geology, Environmental, Earth & Marine Sciences",École Normale Supérieure de Lyon,France
1300.5,1300.5,M,FO,VH,2,A,4.5,601.0,3.9,601.0,2.1,701.0,6.6,701,13.6,693.0,7.6,701.0,1.3,701.0,5.6,701.0,1.0,701.0,0.0,11350.0,1100.5,0.0,11350.0,14.4,1783.0,16.4,1020.0,55.7,872.0,20.7,1502.0,42.6,1031.0,10997.0,34.4,7.0,54.0,42.0,"Mechanical & Aerospace Engineering,Geology, Environmental, Earth & Marine Sciences,Education,Civil Engineering,Computer Science,Architecture,Business & Management,Electrical & Electronic Engineering,Mathematics & Statistics",Óbuda University,Hungary
