university_id,university_name,country,region,university_size,focus,research_intensity,institution_status,global_ranking_score,qs_published_overall_score,qs_rank,qs_rank_category,qs_rank_norm,arwu_rank,arwu_rank_category,arwu_rank_norm,rank_difference,absolute_rank_difference,ranking_comparison,academic_reputation_score,employer_reputation_score,faculty_student_ratio_score,international_student_score,international_faculty_score,international_student_diversity_score,international_research_network_score,research_impact_score,research_productivity_index,employment_outcomes_score,sustainability_score,arwu_overall_score,arwu_alumni_score,arwu_award_score,arwu_highly_cited_researchers_score,arwu_nature_science_score,arwu_publications_score,arwu_per_capita_score
1,Massachusetts Institute of Technology,United States,Americas,M,CO,VH,Private not for Profit,100.0,100.0,1.0,Top 10,100.0,3.0,Top 10,99.56,2.0,2.0,QS Higher,100.0,100.0,100.0,91.6,100.0,92.3,94.1,100.0,64.93333333333334,100.0,93.8,70.4,68.2,80.7,60.6,73.1,61.1,68.0
2,Imperial College London,United Kingdom,Europe,L,FO,VH,Public,99.93,99.4,2.0,Top 10,99.93,,Unranked,,,,Not Comparable,99.6,100.0,99.3,100.0,100.0,100.0,97.5,95.0,19.28333333333333,95.9,98.3,29.4,0.0,0.0,11.3,10.8,35.75,19.45
3,Stanford University,United States,Americas,L,FC,VH,Private not for Profit,99.86,98.9,3.0,Top 10,99.86,2.0,Top 10,99.78,-1.0,1.0,ARWU Higher,100.0,100.0,100.0,73.5,94.2,76.1,96.5,99.7,73.6,100.0,95.4,73.3,40.7,89.6,80.1,70.1,70.6,53.8
4,University of Oxford,United Kingdom,Europe,L,FC,VH,Public,99.79,97.9,4.0,Top 10,99.79,10.0,Top 10,98.02,6.0,6.0,QS Higher,100.0,100.0,100.0,98.6,98.8,98.7,100.0,91.0,58.36666666666667,100.0,77.9,56.6,49.7,54.9,52.3,51.9,70.9,43.1
5,Harvard University,United States,Americas,L,FC,VH,Private not for Profit,99.71,97.7,5.0,Top 10,99.71,1.0,Top 10,100.0,-4.0,4.0,ARWU Higher,100.0,100.0,98.3,81.4,79.1,60.6,99.4,100.0,100.0,100.0,77.8,100.0,100.0,100.0,100.0,100.0,100.0,76.6
6,University of Cambridge,United Kingdom,Europe,L,FC,VH,Public,99.64,97.2,6.0,Top 10,99.64,5.0,Top 10,99.12,-1.0,1.0,ARWU Higher,100.0,100.0,100.0,93.1,100.0,93.6,99.2,88.6,57.6,100.0,78.4,68.8,77.1,96.6,50.8,55.6,66.4,55.8
7,ETH Zurich,Switzerland,Europe,L,FO,VH,Public,99.57,96.7,7.0,Top 10,99.57,,Unranked,,,,Not Comparable,99.7,96.3,71.7,99.3,100.0,73.9,95.8,98.8,19.28333333333333,95.0,99.6,29.4,0.0,0.0,11.3,10.8,35.75,19.45
8,National University of Singapore,Singapore,Asia,XL,FC,VH,Public,99.5,95.9,8.0,Top 10,99.5,125.5,101-500,72.67,117.5,117.5,QS Higher,99.9,98.2,71.5,96.9,100.0,72.1,92.4,95.9,33.03333333333333,100.0,90.0,29.4,0.0,0.0,19.3,20.3,59.5,32.2
9,UCL,United Kingdom,Europe,XL,FC,VH,Public,99.43,95.8,9.0,Top 10,99.43,,Unranked,,,,Not Comparable,99.9,99.4,94.8,100.0,99.6,100.0,99.9,80.9,19.28333333333333,89.3,98.5,29.4,0.0,0.0,11.3,10.8,35.75,19.45
10,California Institute of Technology,United States,Americas,S,FO,VH,Private not for Profit,99.36,94.3,10.0,Top 10,99.36,7.0,Top 10,98.68,-3.0,3.0,ARWU Higher,98.3,99.2,100.0,90.7,100.0,91.4,61.8,100.0,49.9,49.1,79.2,59.6,49.5,66.7,49.3,56.4,44.0,100.0
11,The University of Hong Kong,Hong Kong SAR China,Asia,L,FC,VH,Public,99.29,94.2,11.0,11-50,99.29,175.5,101-500,61.69,164.5,164.5,QS Higher,99.3,82.5,85.3,100.0,100.0,100.0,82.3,96.6,25.2,99.8,84.8,29.4,0.0,0.0,17.5,14.2,43.9,22.5
12,"Nanyang Technological University, Singapore",Singapore,Asia,L,FC,VH,Public,99.21,93.7,12.0,11-50,99.21,,Unranked,,,,Not Comparable,97.1,91.4,83.9,93.1,100.0,93.6,86.9,94.6,19.28333333333333,87.7,87.2,29.4,0.0,0.0,11.3,10.8,35.75,19.45
13,University of Chicago,United States,Americas,L,FC,VH,Private not for Profit,99.14,93.0,13.0,11-50,99.14,9.0,Top 10,98.24,-4.0,4.0,ARWU Higher,99.8,99.3,97.3,92.8,86.1,69.1,87.7,78.1,47.23333333333333,99.8,73.3,57.1,59.8,86.3,49.0,42.9,49.8,42.0
14,Peking University,China,Asia,XL,FC,VH,Public,99.07,92.6,14.0,11-50,99.07,125.5,101-500,72.67,111.5,111.5,QS Higher,99.9,99.6,96.2,37.3,59.9,27.9,83.2,99.2,32.23333333333333,97.0,70.6,29.4,0.0,0.0,11.2,21.5,64.0,19.5
15,University of Pennsylvania,United States,Americas,L,FC,VH,Private not for Profit,99.0,92.5,15.0,11-50,99.0,17.0,11-50,96.49,2.0,2.0,QS Higher,98.9,98.7,99.9,76.3,96.9,78.6,89.4,72.0,52.3,100.0,95.0,46.1,31.6,33.8,49.6,39.6,67.7,37.4
16,Cornell University,United States,Americas,L,FC,VH,Private not for Profit,98.93,91.6,16.0,11-50,98.93,13.0,11-50,97.37,-3.0,3.0,ARWU Higher,99.5,98.8,64.3,75.7,57.6,56.4,93.0,98.0,51.86666666666667,99.3,76.8,50.5,42.0,49.8,50.4,45.3,59.9,40.2
17,Tsinghua University,China,Asia,XL,FC,VH,Public,98.86,91.2,17.0,11-50,98.86,125.5,101-500,72.67,108.5,108.5,QS Higher,99.9,99.7,97.1,31.9,39.5,23.9,80.4,99.6,33.53333333333333,97.0,68.7,29.4,10.3,0.0,10.0,26.8,63.8,20.2
18,"University of California, Berkeley",United States,Americas,XL,FC,VH,Public,98.86,91.2,17.0,11-50,98.86,4.0,Top 10,99.34,-13.0,13.0,ARWU Higher,100.0,100.0,29.4,70.6,95.6,52.6,96.7,97.2,66.53333333333333,99.8,98.8,69.6,65.1,79.4,66.1,65.6,67.9,56.5
19,The University of Melbourne,Australia,Oceania,XL,FC,VH,Public,98.71,90.8,19.0,11-50,98.71,44.0,11-50,90.56,25.0,25.0,QS Higher,99.7,97.4,20.5,100.0,96.7,74.4,96.9,94.8,40.26666666666667,98.3,98.2,32.3,17.0,13.3,28.6,25.3,66.9,30.2
20,The University of New South Wales,Australia,Oceania,XL,FC,VH,Public,98.64,90.7,20.0,11-50,98.64,125.5,101-500,72.67,105.5,105.5,QS Higher,96.3,93.5,29.9,99.9,100.0,99.9,97.6,96.9,32.2,98.7,97.0,29.4,0.0,0.0,20.2,17.8,58.6,23.9
21,Yale University,United States,Americas,L,FC,VH,Private not for Profit,98.57,90.4,21.0,11-50,98.57,11.0,11-50,97.8,-10.0,10.0,ARWU Higher,100.0,100.0,100.0,72.7,86.7,75.4,92.9,64.8,57.6,99.8,82.4,54.5,47.6,50.4,51.0,58.8,63.0,37.8
22,École Polytechnique Fédérale de Lausanne,Switzerland,Europe,M,FO,VH,Public,98.5,90.2,22.0,11-50,98.5,,Unranked,,,,Not Comparable,92.7,88.0,90.0,100.0,100.0,100.0,83.6,93.1,19.28333333333333,47.3,85.3,29.4,0.0,0.0,11.3,10.8,35.75,19.45
23,Technical University of Munich,Germany,Europe,XL,FO,VH,Public,98.5,90.2,22.0,11-50,98.5,,Unranked,,,,Not Comparable,92.0,99.7,70.5,98.9,86.3,98.9,95.9,92.6,19.28333333333333,57.3,87.8,29.4,0.0,0.0,11.3,10.8,35.75,19.45
24,Johns Hopkins University,United States,Americas,L,FC,VH,Private not for Profit,98.36,89.7,24.0,11-50,98.36,16.0,11-50,96.71,-8.0,8.0,ARWU Higher,93.2,79.2,100.0,94.2,70.8,94.6,97.4,85.8,53.03333333333333,84.1,93.0,46.3,37.7,33.6,44.0,44.9,70.2,28.8
25,Princeton University,United States,Americas,M,CO,VH,Private not for Profit,98.29,89.4,25.0,11-50,98.29,6.0,Top 10,98.9,-19.0,19.0,ARWU Higher,100.0,99.8,67.3,70.0,12.7,52.2,82.6,100.0,47.5,98.9,76.0,61.0,53.3,93.4,57.1,43.0,42.4,70.3
26,The University of Sydney,Australia,Oceania,XL,FC,VH,Public,98.29,89.4,25.0,11-50,98.29,,Unranked,,,,Not Comparable,98.9,94.2,15.7,100.0,99.9,100.0,95.5,94.3,19.28333333333333,95.8,97.6,29.4,0.0,0.0,11.3,10.8,35.75,19.45
27,McGill University,Canada,Americas,L,FC,VH,Public,98.14,88.9,27.0,11-50,98.14,64.0,51-100,86.17,37.0,37.0,QS Higher,98.1,93.5,67.3,93.5,88.6,69.6,92.9,72.4,36.46666666666666,98.9,96.3,28.5,32.8,0.0,22.8,27.3,59.3,26.8
28,PSL University,France,Europe,L,CO,VH,Public,98.07,88.6,28.0,11-50,98.07,,Unranked,,,,Not Comparable,82.6,98.5,98.6,75.5,69.6,77.9,99.7,85.1,19.28333333333333,97.5,87.8,29.4,0.0,0.0,11.3,10.8,35.75,19.45
29,University of Toronto,Canada,Americas,XL,FC,VH,Public,98.0,88.5,29.0,11-50,98.0,25.0,11-50,94.73,-4.0,4.0,ARWU Higher,100.0,99.1,45.7,97.9,97.9,98.0,97.0,68.8,52.16666666666666,99.4,100.0,40.6,19.9,17.2,38.8,38.6,79.1,29.3
30,Fudan University,China,Asia,XL,FC,VH,Public,97.93,88.4,30.0,11-50,97.93,175.5,101-500,61.69,145.5,145.5,QS Higher,93.7,95.1,84.8,46.4,88.5,51.4,75.5,92.8,27.13333333333333,73.3,83.1,29.4,0.0,0.0,12.2,13.1,56.1,21.5
31,King's College London,United Kingdom,Europe,XL,FC,VH,Public,97.86,88.3,31.0,11-50,97.86,55.0,51-100,88.14,24.0,24.0,QS Higher,96.2,91.8,74.4,99.0,99.5,99.0,98.4,70.2,34.0,76.4,96.5,30.0,21.2,21.0,29.5,18.2,54.3,25.6
32,Australian National University,Australia,Oceania,L,FC,VH,Public,97.79,87.4,32.0,11-50,97.79,,Unranked,,,,Not Comparable,97.9,82.6,40.9,99.0,100.0,99.1,93.1,91.7,19.28333333333333,67.1,91.8,29.4,0.0,0.0,11.3,10.8,35.75,19.45
33,The Chinese University of Hong Kong,Hong Kong SAR China,Asia,L,FC,VH,Public,97.79,87.4,32.0,11-50,97.79,175.5,101-500,61.69,143.5,143.5,QS Higher,94.2,67.3,75.9,93.3,100.0,90.3,68.2,95.0,21.13333333333334,91.2,84.1,29.4,0.0,14.1,15.1,5.2,43.1,22.0
34,University of Edinburgh,United Kingdom,Europe,XL,FC,VH,Public,97.64,87.2,34.0,11-50,97.64,,Unranked,,,,Not Comparable,99.6,98.2,77.3,99.9,99.7,99.9,99.5,54.3,19.28333333333333,69.7,98.3,29.4,0.0,0.0,11.3,10.8,35.75,19.45
35,The University of Manchester,United Kingdom,Europe,XL,FC,VH,Public,97.57,86.4,35.0,11-50,97.57,41.0,11-50,91.22,6.0,6.0,QS Higher,98.6,98.8,58.2,99.5,95.3,99.5,99.4,56.8,36.46666666666667,91.9,98.2,33.6,18.5,32.6,27.1,26.1,56.2,25.6
36,Monash University,Australia,Oceania,XL,FC,VH,Public,97.5,85.8,36.0,11-50,97.5,125.5,101-500,72.67,89.5,89.5,QS Higher,95.7,87.5,11.3,100.0,100.0,100.0,94.7,93.0,33.2,86.7,91.7,29.4,0.0,0.0,18.4,22.6,58.6,25.5
37,The University of Tokyo,Japan,Asia,L,FC,VH,Public,97.5,85.8,36.0,11-50,97.5,21.0,11-50,95.61,-15.0,15.0,ARWU Higher,100.0,99.9,92.4,44.0,15.9,49.2,88.8,69.9,53.76666666666666,100.0,92.3,42.0,30.8,14.1,41.9,48.6,70.8,28.8
38,Columbia University,United States,Americas,XL,FC,VH,Private not for Profit,97.36,85.6,38.0,11-50,97.36,8.0,Top 10,98.46,-30.0,30.0,ARWU Higher,99.9,99.9,100.0,98.1,48.5,72.9,98.4,44.5,57.6,100.0,77.9,58.8,63.5,65.9,52.1,51.9,68.8,33.2
39,Seoul National University,South Korea,Asia,L,FC,VH,Public,97.36,85.6,38.0,11-50,97.36,125.5,101-500,72.67,87.5,87.5,QS Higher,99.7,99.1,85.6,27.5,13.2,33.5,77.6,81.2,32.43333333333333,100.0,90.8,29.4,0.0,0.0,12.3,17.9,67.1,23.5
40,University of British Columbia,Canada,Americas,XL,FC,VH,Public,97.21,85.5,40.0,11-50,97.21,40.0,11-50,91.44,0.0,0.0,Same Rank,99.6,96.5,34.7,79.8,98.5,81.7,96.6,70.9,42.6,84.9,98.5,34.1,15.4,18.8,32.8,32.0,63.0,24.2
41,Institut Polytechnique de Paris,France,Europe,M,CO,VH,Public,97.14,85.4,41.0,11-50,97.14,,Unranked,,,,Not Comparable,58.1,99.8,94.8,99.2,99.9,99.2,93.0,97.3,19.28333333333333,99.1,77.9,29.4,0.0,0.0,11.3,10.8,35.75,19.45
42,Northwestern University,United States,Americas,L,FC,VH,Private not for Profit,97.07,85.1,42.0,11-50,97.07,27.0,11-50,94.29,-15.0,15.0,ARWU Higher,92.2,89.4,99.1,67.2,57.7,50.0,86.5,71.2,48.46666666666667,99.5,74.4,38.8,15.4,22.1,50.3,37.0,58.1,28.8
43,The University of Queensland,Australia,Oceania,XL,FC,VH,Public,97.07,85.1,42.0,11-50,97.07,77.0,51-100,83.32,35.0,35.0,QS Higher,94.3,79.5,26.5,100.0,100.0,100.0,97.0,94.2,36.4,66.6,92.5,26.7,12.6,0.0,22.0,24.0,63.2,29.3
44,The Hong Kong University of Science and Technology,Hong Kong SAR China,Asia,M,FO,VH,Public,96.93,84.8,44.0,11-50,96.93,250.5,101-500,45.23,206.5,206.5,QS Higher,89.4,69.7,67.5,99.3,100.0,99.0,49.5,100.0,19.5,76.6,79.7,29.4,0.0,0.0,17.4,9.2,31.9,24.3
45,University of Michigan-Ann Arbor,United States,Americas,XL,FC,VH,Public,96.86,84.7,45.0,11-50,96.86,22.0,11-50,95.39,-23.0,23.0,ARWU Higher,99.3,98.5,85.7,56.1,73.9,60.3,96.0,54.5,57.80000000000001,99.1,77.2,41.7,34.4,0.0,56.2,41.3,75.9,25.6
46,"University of California, Los Angeles",United States,Americas,XL,FC,VH,Public,96.79,84.4,46.0,11-50,96.79,12.0,11-50,97.59,-34.0,34.0,ARWU Higher,100.0,100.0,43.6,31.8,50.8,37.7,93.5,84.3,56.73333333333333,98.0,78.0,50.7,29.5,47.1,52.3,47.2,70.7,31.6
47,Delft University of Technology,Netherlands,Europe,L,CO,VH,Public,96.71,84.3,47.0,11-50,96.71,250.5,101-500,45.23,203.5,203.5,QS Higher,86.2,90.4,49.1,94.8,100.0,95.1,93.8,84.6,21.86666666666666,66.0,96.3,29.4,11.5,0.0,8.6,18.1,38.9,21.7
48,Shanghai Jiao Tong University,China,Asia,XL,FC,VH,Public,96.71,84.3,47.0,11-50,96.71,125.5,101-500,72.67,78.5,78.5,QS Higher,92.7,93.8,64.5,19.1,40.9,14.4,77.7,100.0,30.56666666666666,88.2,82.5,29.4,0.0,0.0,12.6,10.6,68.5,23.0
49,Zhejiang University,China,Asia,XL,FC,VH,Public,96.57,84.0,49.0,11-50,96.57,125.5,101-500,72.67,76.5,76.5,QS Higher,87.0,97.2,53.0,23.5,94.1,17.7,94.0,100.0,29.7,74.4,63.0,29.4,0.0,0.0,7.1,13.5,68.5,19.9
50,Yonsei University,South Korea,Asia,L,FC,VH,Private not for Profit,96.5,82.9,50.0,11-50,96.5,250.5,101-500,45.23,200.5,200.5,QS Higher,91.6,97.8,84.3,74.3,30.5,76.7,78.0,67.9,21.86666666666667,94.4,87.7,29.4,0.0,0.0,8.6,4.9,52.1,21.4
51,University of Bristol,United Kingdom,Europe,XL,FC,VH,Public,96.43,82.5,51.0,51-100,96.43,66.0,51-100,85.73,15.0,15.0,QS Higher,87.3,89.4,36.7,95.7,90.7,96.0,95.3,83.2,34.53333333333333,63.1,97.0,28.3,7.3,16.3,25.7,32.4,45.5,29.3
52,Carnegie Mellon University,United States,Americas,L,FC,VH,Private not for Profit,96.36,82.3,52.0,51-100,96.36,61.0,51-100,86.83,9.0,9.0,QS Higher,80.1,94.4,51.1,98.7,52.4,73.4,79.2,98.6,26.03333333333333,79.9,66.2,29.2,31.6,31.6,28.6,15.2,34.3,34.4
53,The University of Amsterdam,Netherlands,Europe,XL,FC,VH,Public,96.29,81.5,53.0,51-100,96.29,,Unranked,,,,Not Comparable,92.5,72.6,27.5,95.8,98.8,71.3,95.1,87.2,19.28333333333333,90.3,64.0,29.4,0.0,0.0,11.3,10.8,35.75,19.45
54,The Hong Kong Polytechnic University,Hong Kong SAR China,Asia,L,CO,VH,Public,96.21,81.2,54.0,51-100,96.21,350.5,101-500,23.27,296.5,296.5,QS Higher,81.2,47.5,77.1,98.8,100.0,97.9,82.8,98.7,18.3,74.1,80.8,29.4,0.0,0.0,11.3,4.9,38.7,18.9
55,New York University,United States,Americas,XL,FC,VH,Private not for Profit,96.14,81.1,55.0,51-100,96.14,27.0,11-50,94.29,-28.0,28.0,ARWU Higher,98.6,99.9,89.0,99.7,33.1,99.7,93.5,31.7,43.9,99.5,91.3,38.8,28.1,31.9,35.2,40.3,56.2,23.3
56,London School of Economics and Political Science,United Kingdom,Europe,L,FO,VH,Public,96.07,80.5,56.0,51-100,96.07,125.5,101-500,72.67,69.5,69.5,QS Higher,80.6,99.4,47.2,100.0,100.0,100.0,76.4,64.0,15.46666666666667,99.9,92.7,29.4,19.9,16.3,15.2,0.0,31.2,28.7
57,Kyoto University,Japan,Asia,L,FC,VH,Public,96.0,80.2,57.0,51-100,96.0,26.0,11-50,94.51,-31.0,31.0,ARWU Higher,99.7,99.3,94.3,29.2,22.9,35.1,85.5,50.9,41.73333333333333,85.9,84.0,38.9,31.6,37.2,33.6,32.6,59.0,23.5
58,Ludwig-Maximilians-Universität München,Germany,Europe,XL,FC,VH,Public,95.93,80.1,58.0,51-100,95.93,,Unranked,,,,Not Comparable,97.1,95.5,41.0,53.2,80.3,57.6,95.5,62.3,19.28333333333333,76.8,87.0,29.4,0.0,0.0,11.3,10.8,35.75,19.45
59,Universiti Malaya,Malaysia,Asia,L,FC,VH,Public,95.93,80.1,58.0,51-100,95.93,,Unranked,,,,Not Comparable,92.3,96.7,74.2,86.8,69.2,87.3,92.9,47.4,19.28333333333333,77.7,84.7,29.4,0.0,0.0,11.3,10.8,35.75,19.45
60,KU Leuven,Belgium,Europe,XL,FC,VH,Public,95.79,79.7,60.0,51-100,95.79,90.0,51-100,80.46,30.0,30.0,QS Higher,93.0,63.5,9.6,65.1,95.8,48.5,99.5,94.7,35.1,83.5,94.7,24.7,0.0,0.0,30.1,18.6,56.6,30.4
61,Korea University,South Korea,Asia,L,FC,VH,Private not for Profit,95.71,79.6,61.0,51-100,95.71,250.5,101-500,45.23,189.5,189.5,QS Higher,89.2,95.4,77.0,64.0,24.5,67.5,67.7,68.2,22.7,93.6,85.9,29.4,0.0,0.0,8.7,8.7,50.7,22.1
62,Duke University,United States,Americas,L,FC,VH,Private not for Profit,95.64,79.0,62.0,51-100,95.64,31.0,11-50,93.41,-31.0,31.0,ARWU Higher,92.9,91.0,100.0,62.0,28.3,46.2,90.8,47.1,50.3,95.6,77.6,38.0,15.4,14.9,50.2,39.0,61.7,23.9
63,City University of Hong Kong,Hong Kong SAR China,Asia,M,CO,VH,Public,95.57,78.9,63.0,51-100,95.57,250.5,101-500,45.23,187.5,187.5,QS Higher,75.5,46.7,94.8,100.0,100.0,100.0,64.5,100.0,19.36666666666667,48.5,75.2,29.4,0.0,0.0,18.1,1.5,38.5,22.1
64,National Taiwan University,Taiwan,Asia,L,FC,VH,Public,95.57,78.9,63.0,51-100,95.57,175.5,101-500,61.69,112.5,112.5,QS Higher,97.7,94.2,38.8,59.2,25.3,63.1,67.1,70.9,27.0,100.0,88.4,29.4,11.5,0.0,13.9,11.6,55.5,19.4
65,The University of Auckland,New Zealand,Oceania,XL,FC,VH,Public,95.43,77.5,65.0,51-100,95.43,250.5,101-500,45.23,185.5,185.5,QS Higher,91.7,55.2,17.6,95.5,100.0,95.8,88.8,79.1,21.0,96.9,95.7,29.4,13.6,0.0,10.1,11.9,41.0,21.3
66,"University of California, San Diego",United States,Americas,XL,FC,VH,Public,95.36,76.9,66.0,51-100,95.36,14.0,11-50,97.15,-52.0,52.0,ARWU Higher,94.0,80.2,54.4,47.0,43.8,52.0,94.0,80.3,58.2,40.8,72.3,48.7,19.2,35.5,56.6,55.1,62.9,36.6
67,King Fahd University of Petroleum & Minerals,Saudi Arabia,Asia,M,FO,VH,Public,95.29,76.5,67.0,51-100,95.29,450.5,101-500,1.32,383.5,383.5,QS Higher,53.5,75.6,92.4,76.2,100.0,76.6,81.0,93.2,15.2,97.8,62.7,29.4,0.0,0.0,21.1,4.6,19.9,17.1
68,University of Texas at Austin,United States,Americas,XL,FC,VH,Public,95.21,76.4,68.0,51-100,95.21,,Unranked,,,,Not Comparable,97.6,96.8,10.7,19.1,9.1,14.4,90.5,85.4,19.28333333333333,93.9,70.6,29.4,0.0,0.0,11.3,10.8,35.75,19.45
69,Brown University,United States,Americas,M,FC,VH,Private not for Profit,95.14,76.2,69.0,51-100,95.14,75.0,51-100,83.75,6.0,6.0,QS Higher,72.4,64.3,84.5,67.0,91.0,70.2,80.1,82.2,31.63333333333334,81.9,72.6,27.0,14.5,13.3,26.2,25.1,43.6,32.8
70,Université Paris-Saclay,France,Europe,XL,CO,VH,Public,95.07,75.9,70.0,51-100,95.07,,Unranked,,,,Not Comparable,75.3,99.4,99.9,72.7,45.9,75.4,98.5,42.4,19.28333333333333,82.9,92.7,29.4,0.0,0.0,11.3,10.8,35.75,19.45
71,University of Illinois at Urbana-Champaign,United States,Americas,XL,FC,VH,Public,95.07,75.9,70.0,51-100,95.07,29.0,11-50,93.85,-41.0,41.0,ARWU Higher,91.7,91.5,8.6,70.1,14.2,52.2,91.3,81.6,40.93333333333334,92.5,75.9,38.6,29.9,36.2,34.9,32.4,55.5,28.6
72,Lund University,Sweden,Europe,L,FC,VH,Public,94.93,75.7,72.0,51-100,94.93,125.5,101-500,72.67,53.5,53.5,QS Higher,80.1,64.1,68.1,82.0,98.8,83.7,97.1,56.6,29.5,96.1,98.8,24.1,21.2,0.0,22.5,16.3,49.7,21.2
73,Sorbonne University,France,Europe,XL,FC,VH,Public,94.93,75.7,72.0,51-100,94.93,,Unranked,,,,Not Comparable,93.2,62.1,56.4,66.8,35.5,70.0,99.4,68.8,19.28333333333333,84.2,89.2,29.4,0.0,0.0,11.3,10.8,35.75,19.45
74,The University of Warwick,United Kingdom,Europe,L,FC,VH,Public,94.79,75.2,74.0,51-100,94.79,,Unranked,,,,Not Comparable,82.7,93.0,48.3,99.2,99.5,99.3,93.8,43.6,19.28333333333333,75.3,84.6,29.4,0.0,0.0,11.3,10.8,35.75,19.45
75,"Trinity College Dublin, The University of Dublin",Ireland,Europe,L,FC,VH,Public,94.71,73.9,75.0,51-100,94.71,,Unranked,,,,Not Comparable,82.5,68.1,28.7,94.9,100.0,95.2,89.4,66.0,19.28333333333333,95.3,73.8,29.4,0.0,0.0,11.3,10.8,35.75,19.45
76,University of Birmingham,United Kingdom,Europe,XL,FC,VH,Public,94.64,73.8,76.0,51-100,94.64,125.5,101-500,72.67,49.5,49.5,QS Higher,81.1,75.7,49.9,93.4,96.7,93.9,96.3,56.1,26.06666666666666,54.7,92.8,24.0,18.5,9.4,20.8,12.7,44.7,20.5
77,The University of Western Australia,Australia,Oceania,L,FC,VH,Public,94.57,73.7,77.0,51-100,94.57,87.0,51-100,81.12,10.0,10.0,QS Higher,69.0,56.5,15.1,100.0,100.0,100.0,93.2,99.2,28.7,82.6,83.7,24.9,13.6,14.1,24.1,14.5,47.5,28.9
78,KTH Royal Institute of Technology,Sweden,Europe,L,FO,VH,Public,94.5,73.6,78.0,51-100,94.5,250.5,101-500,45.23,172.5,172.5,QS Higher,60.2,62.1,68.3,81.8,95.6,60.9,91.7,88.2,17.4,72.7,89.8,29.4,0.0,14.9,3.6,10.3,38.3,24.2
79,University of Glasgow,United Kingdom,Europe,XL,FC,VH,Public,94.43,73.4,79.0,51-100,94.43,,Unranked,,,,Not Comparable,88.3,73.5,50.3,99.1,98.0,99.1,97.0,44.8,19.28333333333333,44.5,95.4,29.4,0.0,0.0,11.3,10.8,35.75,19.45
80,Ruprecht-Karls-Universität Heidelberg,Germany,Europe,L,FO,VH,Public,94.36,73.0,80.0,51-100,94.36,,Unranked,,,,Not Comparable,87.1,72.2,99.8,71.4,66.2,74.1,94.7,41.4,19.28333333333333,34.6,85.5,29.4,0.0,0.0,11.3,10.8,35.75,19.45
81,University of Washington,United States,Americas,XL,FC,VH,Public,94.29,72.7,81.0,51-100,94.29,15.0,11-50,96.93,-66.0,66.0,ARWU Higher,90.1,74.8,49.2,45.8,14.7,34.2,95.0,69.2,58.86666666666667,79.9,74.9,47.8,21.2,31.6,53.0,51.7,71.9,29.3
82,Adelaide University,Australia,Oceania,XL,CO,VH,,94.21,72.6,82.0,51-100,94.21,,Unranked,,,,Not Comparable,78.3,62.7,30.5,97.5,100.0,72.5,96.7,69.8,19.28333333333333,70.4,86.1,29.4,0.0,0.0,11.3,10.8,35.75,19.45
83,Pennsylvania State University,United States,Americas,XL,FC,VH,Public,94.21,72.6,82.0,51-100,94.21,,Unranked,,,,Not Comparable,86.1,85.8,29.1,38.2,37.4,43.8,97.4,67.2,19.28333333333333,79.2,95.4,29.4,0.0,0.0,11.3,10.8,35.75,19.45
84,Universidad de Buenos Aires,Argentina,Americas,XL,FC,VH,Public,94.07,72.3,84.0,51-100,94.07,,Unranked,,,,Not Comparable,98.1,95.8,82.0,78.5,72.3,80.5,75.8,2.3,19.28333333333333,99.9,66.1,29.4,0.0,0.0,11.3,10.8,35.75,19.45
85,Tokyo Institute of Technology,Japan,Asia,M,FO,VH,Public,94.0,72.1,85.0,51-100,94.0,175.5,101-500,61.69,90.5,90.5,QS Higher,85.0,95.7,87.6,43.4,29.8,46.6,67.8,54.2,23.0,33.5,74.2,23.8,12.6,0.0,15.9,15.3,37.8,24.0
86,University of Leeds,United Kingdom,Europe,XL,FC,VH,Public,93.93,72.0,86.0,51-100,93.93,125.5,101-500,72.67,39.5,39.5,QS Higher,81.8,82.1,39.7,96.3,89.7,96.5,99.2,48.8,26.43333333333333,62.9,76.4,29.4,17.0,0.0,18.4,18.4,42.5,19.8
87,University of Southampton,United Kingdom,Europe,L,FC,VH,Public,93.86,71.2,87.0,51-100,93.86,125.5,101-500,72.67,38.5,38.5,QS Higher,62.6,55.9,40.1,98.6,96.8,98.6,97.4,87.8,30.1,58.6,95.1,29.4,0.0,0.0,24.6,19.5,46.2,24.3
88,Boston University,United States,Americas,L,FC,VH,Private not for Profit,93.79,71.1,88.0,51-100,93.79,73.0,51-100,84.19,-15.0,15.0,ARWU Higher,75.3,86.7,40.6,92.8,40.0,93.3,84.9,61.9,34.96666666666666,86.9,73.7,27.3,11.5,11.5,29.1,26.3,49.5,21.8
89,Freie Universität Berlin,Germany,Europe,L,FC,VH,Public,93.79,71.1,88.0,51-100,93.79,,Unranked,,,,Not Comparable,88.3,66.4,8.3,56.0,73.8,60.2,94.4,84.3,19.28333333333333,46.9,65.4,29.4,0.0,0.0,11.3,10.8,35.75,19.45
90,Purdue University,United States,Americas,XL,FC,VH,Public,93.79,71.1,88.0,51-100,93.79,,Unranked,,,,Not Comparable,74.3,92.7,16.4,55.3,96.4,59.6,91.0,62.4,19.28333333333333,81.0,88.4,29.4,0.0,0.0,11.3,10.8,35.75,19.45
91,The University of Osaka,Japan,Asia,L,FC,VH,Public,93.57,71.0,91.0,51-100,93.57,,Unranked,,,,Not Comparable,90.5,90.0,45.6,21.1,25.2,27.2,72.0,65.8,19.28333333333333,51.4,79.5,29.4,0.0,0.0,11.3,10.8,35.75,19.45
92,The University of Sheffield,United Kingdom,Europe,L,FC,VH,Public,93.5,70.9,92.0,51-100,93.5,125.5,101-500,72.67,33.5,33.5,QS Higher,73.0,61.7,50.3,98.0,81.6,98.1,96.8,68.4,26.23333333333333,47.9,94.3,24.4,17.8,13.3,18.4,17.5,42.8,21.7
93,Uppsala University,Sweden,Europe,L,FC,VH,Public,93.43,70.3,93.0,51-100,93.43,61.0,51-100,86.83,-32.0,32.0,ARWU Higher,74.7,48.1,66.3,82.9,99.7,84.5,95.9,55.9,30.93333333333333,82.9,94.4,29.2,17.8,27.4,18.4,24.6,49.8,27.1
94,Durham University,United Kingdom,Europe,L,FC,VH,Public,93.36,70.1,94.0,51-100,93.36,250.5,101-500,45.23,156.5,156.5,QS Higher,74.1,91.9,37.3,94.5,99.2,94.9,90.9,42.9,22.9,53.6,95.2,29.4,0.0,0.0,19.6,14.6,34.5,21.4
95,University of Alberta,Canada,Americas,XL,FC,VH,Public,93.36,70.1,94.0,51-100,93.36,125.5,101-500,72.67,31.5,31.5,QS Higher,70.9,53.0,44.6,78.6,99.4,80.6,94.5,71.5,32.43333333333333,77.1,90.7,29.4,11.5,0.0,23.9,19.2,54.2,22.5
96,University of Technology Sydney,Australia,Oceania,L,CO,VH,Public,93.21,69.9,96.0,51-100,93.21,,Unranked,,,,Not Comparable,58.7,66.7,11.8,91.7,97.6,92.3,89.7,99.3,19.28333333333333,52.3,92.0,29.4,0.0,0.0,11.3,10.8,35.75,19.45
97,The University of Nottingham,United Kingdom,Europe,XL,FC,VH,Public,93.14,69.4,97.0,51-100,93.14,,Unranked,,,,Not Comparable,75.4,78.4,44.5,78.5,92.7,80.6,97.4,48.6,19.28333333333333,53.7,92.9,29.4,0.0,0.0,11.3,10.8,35.75,19.45
98,Karlsruhe Institute of Technology,Germany,Europe,L,FO,VH,Public,93.07,69.1,98.0,51-100,93.07,250.5,101-500,45.23,152.5,152.5,QS Higher,57.1,87.4,48.9,56.9,83.8,61.1,86.9,77.1,21.36666666666667,61.5,79.5,29.4,0.0,0.0,12.0,14.9,37.2,20.3
99,Politecnico di Milano,Italy,Europe,XL,CO,VH,Public,93.07,69.1,98.0,51-100,93.07,,Unranked,,,,Not Comparable,83.4,90.1,9.3,69.3,74.4,72.3,87.0,53.9,19.28333333333333,72.0,72.9,29.4,0.0,0.0,11.3,10.8,35.75,19.45
100,University of Zurich,Switzerland,Europe,L,FO,VH,Public,92.93,68.5,100.0,51-100,92.93,54.0,51-100,88.36,-46.0,46.0,ARWU Higher,71.0,43.5,95.2,57.8,100.0,43.1,93.5,52.3,35.9,90.8,69.8,30.1,5.1,24.0,27.1,29.0,51.6,25.4
101,University of Copenhagen,Denmark,Europe,XL,FC,VH,Public,92.86,68.4,101.0,101-500,92.86,35.0,11-50,92.54,-66.0,66.0,ARWU Higher,85.5,41.7,99.6,26.5,87.3,19.9,98.0,36.6,41.73333333333333,94.4,76.3,35.7,21.8,18.8,28.0,34.0,63.2,39.2
102,Pohang University of Science And Technology,South Korea,Asia,S,FO,VH,Private not for Profit,92.79,67.9,102.0,101-500,92.79,350.5,101-500,23.27,248.5,248.5,QS Higher,61.3,83.3,99.9,4.2,31.6,8.3,29.6,98.3,15.36666666666667,16.0,64.3,29.4,0.0,0.0,7.1,9.1,29.9,31.9
103,Nanjing University,China,Asia,XL,FC,VH,Public,92.71,67.7,103.0,101-500,92.71,250.5,101-500,45.23,147.5,147.5,QS Higher,72.1,61.2,37.2,15.9,82.9,12.0,69.5,99.0,21.23333333333333,39.7,59.5,29.4,0.0,0.0,0.7,9.3,53.7,19.0
104,Utrecht University,Netherlands,Europe,XL,FC,VH,Public,92.71,67.7,103.0,101-500,92.71,56.0,51-100,87.93,-47.0,47.0,ARWU Higher,79.3,49.2,39.5,30.5,63.4,22.8,97.8,77.9,33.5,73.2,75.1,29.8,22.9,20.0,29.1,25.4,46.0,26.9
105,Lomonosov Moscow State University,Russia,Europe,L,FC,VH,Public,92.57,67.6,105.0,101-500,92.57,,Unranked,,,,Not Comparable,83.7,87.9,99.9,96.0,25.5,96.1,87.0,7.3,19.28333333333333,98.3,48.8,29.4,0.0,0.0,11.3,10.8,35.75,19.45
106,Rheinisch-Westfälische Technische Hochschule Aachen,Germany,Europe,L,FC,VH,Public,92.57,67.6,105.0,101-500,92.57,,Unranked,,,,Not Comparable,57.7,95.7,10.7,93.0,59.6,93.5,86.0,79.7,19.28333333333333,55.9,82.9,29.4,0.0,0.0,11.3,10.8,35.75,19.45
107,Technical University of Denmark,Denmark,Europe,M,FO,VH,Public,92.43,67.5,107.0,101-500,92.43,125.5,101-500,72.67,18.5,18.5,QS Higher,44.8,36.2,98.4,95.9,100.0,96.1,87.1,90.9,24.9,60.5,68.0,29.4,5.1,11.5,21.1,14.6,39.0,23.4
108,Universidade de São Paulo,Brazil,Americas,XL,FC,VH,Public,92.36,67.3,108.0,101-500,92.36,,Unranked,,,,Not Comparable,97.3,81.0,30.5,3.5,9.2,8.5,95.3,40.3,19.28333333333333,98.8,89.0,29.4,0.0,0.0,11.3,10.8,35.75,19.45
109,Tohoku University,Japan,Asia,L,FC,VH,Public,92.29,66.7,109.0,101-500,92.29,125.5,101-500,72.67,16.5,16.5,QS Higher,84.5,86.5,98.2,19.4,20.5,25.5,70.1,35.5,32.36666666666667,36.5,82.0,24.4,14.5,0.0,23.9,21.0,52.2,21.6
110,Queen Mary University of London,United Kingdom,Europe,L,FC,VH,Public,92.21,66.6,110.0,101-500,92.21,175.5,101-500,61.69,65.5,65.5,QS Higher,63.6,47.1,31.0,99.9,99.9,99.9,91.9,83.4,21.3,40.1,82.4,29.4,17.8,0.0,18.1,13.7,32.1,20.7
111,University of Wisconsin-Madison,United States,Americas,XL,FC,VH,Public,92.21,66.6,110.0,101-500,92.21,,Unranked,,,,Not Comparable,85.7,63.1,84.3,37.0,57.7,42.6,88.9,28.1,19.28333333333333,91.0,72.5,29.4,0.0,0.0,11.3,10.8,35.75,19.45
112,Qatar University,Qatar,Asia,M,FC,VH,Public,92.07,66.5,112.0,101-500,92.07,,Unranked,,,,Not Comparable,43.3,56.5,73.8,98.6,100.0,98.6,89.6,73.3,19.28333333333333,98.9,72.2,29.4,0.0,0.0,11.3,10.8,35.75,19.45
113,University of St Andrews,United Kingdom,Europe,M,FO,VH,Public,92.0,66.4,113.0,101-500,92.0,350.5,101-500,23.27,237.5,237.5,QS Higher,61.5,74.9,63.8,99.7,98.8,99.7,87.7,51.3,16.86666666666667,28.9,86.2,29.4,10.3,0.0,3.8,17.5,29.3,20.8
114,Aalto University,Finland,Europe,L,FO,VH,Public,91.93,66.3,114.0,101-500,91.93,450.5,101-500,1.32,336.5,336.5,QS Higher,57.5,56.1,35.1,60.0,97.2,63.9,80.9,79.6,14.6,97.1,88.3,29.4,0.0,0.0,0.0,10.4,33.4,17.0
115,"University of California, Davis",United States,Americas,XL,FC,VH,Public,91.93,66.3,114.0,101-500,91.93,57.0,51-100,87.71,-57.0,57.0,ARWU Higher,72.7,70.1,28.3,61.9,86.5,65.6,90.8,66.5,44.0,38.0,79.8,29.7,0.0,0.0,41.0,33.0,58.0,26.0
116,Pontificia Universidad Católica de Chile,Chile,Americas,L,FC,VH,Private not for Profit,91.79,66.1,116.0,101-500,91.79,,Unranked,,,,Not Comparable,98.0,98.6,35.1,7.8,42.0,11.9,81.2,14.2,19.28333333333333,99.9,80.0,29.4,0.0,0.0,11.3,10.8,35.75,19.45
117,University of Helsinki,Finland,Europe,L,CO,VH,Public,91.79,66.1,116.0,101-500,91.79,67.0,51-100,85.51,-49.0,49.0,ARWU Higher,74.5,37.7,66.9,13.1,78.5,19.1,96.1,62.7,33.13333333333333,94.2,95.6,28.2,12.6,16.3,25.2,22.4,51.8,31.3
118,University College Dublin,Ireland,Europe,L,FC,VH,Public,91.64,66.0,118.0,101-500,91.64,350.5,101-500,23.27,232.5,232.5,QS Higher,66.5,57.6,19.7,89.6,99.5,90.5,89.0,62.0,18.16666666666667,92.2,91.7,29.4,0.0,0.0,10.7,9.7,34.1,18.0
119,Leiden University,Netherlands,Europe,XL,FC,VH,Public,91.57,65.7,119.0,101-500,91.57,82.0,51-100,82.22,-37.0,37.0,ARWU Higher,80.4,46.3,30.3,68.4,89.7,50.9,94.3,64.9,31.53333333333333,61.2,58.6,26.5,17.8,9.4,25.7,22.0,46.9,32.9
120,Rice University,United States,Americas,M,CO,VH,Private not for Profit,91.57,65.7,119.0,101-500,91.57,84.0,51-100,81.78,-35.0,35.0,ARWU Higher,50.6,51.0,74.9,96.6,91.3,96.8,66.3,81.6,26.7,45.7,81.5,26.0,16.2,21.7,28.1,22.8,29.2,34.3
121,University of Oslo,Norway,Europe,L,FC,VH,Public,91.57,65.7,119.0,101-500,91.57,58.0,51-100,87.49,-61.0,61.0,ARWU Higher,67.8,27.7,78.4,46.0,95.8,34.3,96.8,67.7,27.73333333333333,86.6,72.3,29.4,28.1,32.6,15.9,18.2,49.1,26.9
122,University of Waterloo,Canada,Americas,XL,CO,VH,Public,91.57,65.7,119.0,101-500,91.57,250.5,101-500,45.23,131.5,131.5,QS Higher,53.0,74.2,8.8,76.6,81.5,78.9,83.5,88.3,23.53333333333333,72.0,90.5,29.4,0.0,0.0,14.6,13.8,42.2,22.0
123,Georgia Institute of Technology,United States,Americas,XL,CO,VH,Public,91.29,65.5,123.0,101-500,91.29,125.5,101-500,72.67,2.5,2.5,QS Higher,76.0,92.8,32.4,60.4,21.5,64.2,79.0,54.2,31.96666666666667,67.5,66.1,24.1,12.6,0.0,30.3,22.4,43.2,28.1
124,Indian Institute of Technology Delhi,India,Asia,M,FO,VH,Public,91.29,65.5,123.0,101-500,91.29,,Unranked,,,,Not Comparable,67.9,95.0,21.9,1.9,3.2,6.3,66.9,93.1,19.28333333333333,50.5,79.9,29.4,0.0,0.0,11.3,10.8,35.75,19.45
125,RMIT University,Australia,Oceania,XL,CO,VH,Public,91.14,65.3,125.0,101-500,91.14,,Unranked,,,,Not Comparable,55.1,60.3,7.2,95.2,100.0,95.5,83.1,91.3,19.28333333333333,49.9,87.9,29.4,0.0,0.0,11.3,10.8,35.75,19.45
126,Sungkyunkwan University,South Korea,Asia,L,FC,VH,Private not for Profit,91.07,65.2,126.0,101-500,91.07,250.5,101-500,45.23,124.5,124.5,QS Higher,68.4,75.6,83.8,57.6,24.2,61.6,49.5,62.3,19.36666666666667,44.2,74.7,29.4,0.0,0.0,0.0,11.1,47.0,21.4
127,Universiti Kebangsaan Malaysia,Malaysia,Asia,L,FC,VH,Public,91.07,65.2,126.0,101-500,91.07,,Unranked,,,,Not Comparable,76.2,76.4,78.7,94.7,50.1,94.0,86.1,30.1,19.28333333333333,35.5,74.7,29.4,0.0,0.0,11.3,10.8,35.75,19.45
128,Sapienza University of Rome,Italy,Europe,XL,FC,VH,Public,90.93,64.9,128.0,101-500,90.93,175.5,101-500,61.69,47.5,47.5,QS Higher,90.7,66.4,7.8,14.8,4.0,20.9,95.9,62.9,23.06666666666666,91.5,81.9,29.4,11.5,13.3,5.1,12.1,52.0,17.8
129,Indian Institute of Technology Bombay,India,Asia,L,FO,VH,Public,90.86,64.8,129.0,101-500,90.86,,Unranked,,,,Not Comparable,73.3,96.7,16.1,1.6,6.5,1.5,46.6,82.9,19.28333333333333,72.6,75.2,29.4,0.0,0.0,11.3,10.8,35.75,19.45
130,Humboldt-Universität zu Berlin,Germany,Europe,XL,FC,VH,Public,90.79,64.5,130.0,101-500,90.79,,Unranked,,,,Not Comparable,94.3,75.3,10.5,47.6,75.7,35.5,95.0,43.4,19.28333333333333,27.5,58.4,29.4,0.0,0.0,11.3,10.8,35.75,19.45
131,Aarhus University,Denmark,Europe,L,FC,VH,Public,90.71,64.3,131.0,101-500,90.71,73.0,51-100,84.19,-58.0,58.0,ARWU Higher,68.3,41.7,42.4,25.5,96.7,19.1,96.3,74.1,29.96666666666667,79.4,73.2,27.3,11.5,22.1,12.3,25.8,51.8,31.0
132,University of Bath,United Kingdom,Europe,L,CO,VH,Public,90.64,64.2,132.0,101-500,90.64,450.5,101-500,1.32,318.5,318.5,QS Higher,48.9,81.6,20.5,86.8,95.6,88.0,85.3,75.9,14.9,50.7,83.8,29.4,0.0,0.0,5.1,11.7,27.9,19.1
133,University of Science and Technology of China,China,Asia,L,CO,VH,Public,90.64,64.2,132.0,101-500,90.64,175.5,101-500,61.69,43.5,43.5,QS Higher,57.6,50.6,98.1,7.8,14.9,13.5,74.4,99.4,26.86666666666667,42.8,55.3,29.4,0.0,0.0,15.9,13.9,50.8,25.5
134,Universiti Putra Malaysia,Malaysia,Asia,L,FC,VH,Public,90.5,64.1,134.0,101-500,90.5,,Unranked,,,,Not Comparable,75.7,73.4,66.8,98.4,45.2,98.5,86.8,38.3,19.28333333333333,23.2,68.9,29.4,0.0,0.0,11.3,10.8,35.75,19.45
135,Universiti Sains Malaysia,Malaysia,Asia,L,FC,VH,Public,90.5,64.1,134.0,101-500,90.5,,Unranked,,,,Not Comparable,77.6,79.8,47.6,99.3,34.7,99.3,92.5,38.4,19.28333333333333,29.1,74.5,29.4,0.0,0.0,11.3,10.8,35.75,19.45
136,Universidad Nacional Autónoma de México,Mexico,Americas,XL,FC,VH,Public,90.36,64.0,136.0,101-500,90.36,,Unranked,,,,Not Comparable,99.2,95.9,47.1,5.4,10.0,10.7,93.6,4.1,19.28333333333333,97.9,82.2,29.4,0.0,0.0,11.3,10.8,35.75,19.45
137,Newcastle University,United Kingdom,Europe,L,FC,VH,Public,90.29,63.9,137.0,101-500,90.29,250.5,101-500,45.23,113.5,113.5,QS Higher,62.9,68.7,49.5,81.0,92.5,82.8,95.8,49.1,21.66666666666667,40.5,90.9,29.4,0.0,0.0,12.2,15.2,37.6,18.6
138,Alma Mater Studiorum - University of Bologna,Italy,Europe,XL,FC,VH,Public,90.21,63.3,138.0,101-500,90.21,,Unranked,,,,Not Comparable,90.6,67.5,6.0,26.5,29.9,32.5,95.6,51.9,19.28333333333333,67.4,83.2,29.4,0.0,0.0,11.3,10.8,35.75,19.45
139,Macquarie University,Australia,Oceania,L,FC,VH,Public,90.21,63.3,138.0,101-500,90.21,250.5,101-500,45.23,112.5,112.5,QS Higher,47.7,56.7,13.6,97.3,100.0,97.5,91.0,85.8,21.6,62.2,90.6,29.4,0.0,0.0,18.1,13.1,33.6,25.1
140,Eindhoven University of Technology,Netherlands,Europe,M,FO,VH,Public,90.07,63.2,140.0,101-500,90.07,350.5,101-500,23.27,210.5,210.5,QS Higher,40.5,77.3,43.6,95.7,100.0,95.9,74.3,81.9,17.53333333333333,33.1,74.1,29.4,0.0,0.0,12.3,9.2,31.1,22.5
141,Erasmus University Rotterdam,Netherlands,Europe,L,FO,VH,Public,90.07,63.2,140.0,101-500,90.07,,Unranked,,,,Not Comparable,49.4,74.8,20.7,81.6,81.8,60.8,81.8,75.7,19.28333333333333,94.0,62.2,29.4,0.0,0.0,11.3,10.8,35.75,19.45
142,"University of North Carolina, Chapel Hill",United States,Americas,L,FC,VH,Public,90.07,63.2,140.0,101-500,90.07,,Unranked,,,,Not Comparable,72.2,55.5,85.6,25.0,31.1,31.1,89.5,47.9,19.28333333333333,74.0,83.9,29.4,0.0,0.0,11.3,10.8,35.75,19.45
143,King Saud University,Saudi Arabia,Asia,XL,FC,VH,Public,89.86,63.1,143.0,101-500,89.86,175.5,101-500,61.69,32.5,32.5,QS Higher,54.8,57.7,55.7,29.2,100.0,35.2,96.8,65.6,26.96666666666667,99.4,63.1,29.4,0.0,0.0,32.5,5.9,42.5,14.1
144,Texas A&M University,United States,Americas,XL,FC,VH,Public,89.79,63.0,144.0,101-500,89.79,100.0,51-100,78.27,-44.0,44.0,ARWU Higher,72.9,81.5,6.2,20.7,28.0,15.6,93.0,75.5,35.5,63.8,61.0,23.9,0.0,0.0,34.3,22.7,49.5,20.9
145,Technische Universität Berlin,Germany,Europe,L,CO,VH,Public,89.71,62.8,145.0,101-500,89.71,,Unranked,,,,Not Comparable,64.6,79.4,70.6,84.5,64.2,85.9,89.0,34.3,19.28333333333333,47.6,68.3,29.4,0.0,0.0,11.3,10.8,35.75,19.45
146,University of Southern California,United States,Americas,XL,FC,VH,Private not for Profit,89.64,62.6,146.0,101-500,89.64,49.0,11-50,89.46,-97.0,97.0,ARWU Higher,61.2,69.6,19.6,81.2,15.8,82.9,87.8,66.2,36.96666666666667,98.0,92.1,31.3,0.0,31.7,35.6,22.1,53.2,20.3
147,Stockholm University,Sweden,Europe,L,CO,VH,Public,89.57,62.5,147.0,101-500,89.57,77.0,51-100,83.32,-70.0,70.0,ARWU Higher,65.1,29.5,28.3,79.4,83.0,59.1,96.7,73.6,25.96666666666667,90.5,72.1,26.7,24.1,27.4,18.1,19.4,40.4,25.6
148,University of Groningen,Netherlands,Europe,XL,FC,VH,Public,89.57,62.5,147.0,101-500,89.57,75.0,51-100,83.75,-72.0,72.0,ARWU Higher,67.2,41.6,56.2,89.4,95.4,66.6,93.4,53.0,32.2,53.5,67.6,27.0,0.0,18.8,23.0,21.0,52.6,32.7
149,University of Liverpool,United Kingdom,Europe,L,FC,VH,Public,89.57,62.5,147.0,101-500,89.57,125.5,101-500,72.67,-21.5,21.5,ARWU Higher,60.7,48.8,37.3,91.1,92.4,91.8,97.0,61.7,24.9,47.8,92.4,29.4,17.0,13.3,14.9,18.6,41.2,22.5
150,University of Cape Town,South Africa,Africa,L,FC,VH,Public,89.36,62.3,150.0,101-500,89.36,250.5,101-500,45.23,100.5,100.5,QS Higher,58.2,62.3,14.6,27.9,66.1,33.9,97.7,75.4,20.33333333333333,97.7,92.1,29.4,18.5,0.0,12.2,11.5,37.3,20.8
151,Western University,Canada,Americas,L,FC,VH,Public,89.29,62.0,151.0,101-500,89.29,250.5,101-500,45.23,99.5,99.5,QS Higher,42.3,53.5,5.2,68.7,100.0,71.7,83.6,93.5,20.03333333333333,98.0,94.0,29.4,0.0,0.0,5.1,13.5,41.5,18.0
152,University of Vienna,Austria,Europe,XL,FC,VH,Public,89.21,61.9,152.0,101-500,89.21,175.5,101-500,61.69,23.5,23.5,QS Higher,82.3,46.4,31.0,96.6,100.0,96.8,96.3,22.2,24.5,92.8,71.8,25.6,13.6,0.0,15.9,21.1,36.5,23.9
153,Universiti Teknologi Malaysia,Malaysia,Asia,L,CO,VH,Public,89.14,61.6,153.0,101-500,89.14,,Unranked,,,,Not Comparable,64.0,72.1,58.8,91.4,15.5,92.1,90.6,57.8,19.28333333333333,19.9,69.2,29.4,0.0,0.0,11.3,10.8,35.75,19.45
154,Wageningen University & Research,Netherlands,Europe,L,CO,VH,Public,89.14,61.6,153.0,101-500,89.14,,Unranked,,,,Not Comparable,55.0,34.4,99.5,90.7,72.0,91.5,97.2,54.8,19.28333333333333,32.9,91.2,29.4,0.0,0.0,11.3,10.8,35.75,19.45
155,University of Exeter,United Kingdom,Europe,L,FC,VH,Public,89.0,61.5,155.0,101-500,89.0,175.5,101-500,61.69,20.5,20.5,QS Higher,57.9,58.5,42.0,77.8,94.8,79.9,95.8,55.8,23.7,40.9,93.9,29.4,0.0,0.0,17.8,18.4,34.9,23.5
156,University of Geneva,Switzerland,Europe,L,FC,VH,Public,89.0,61.5,155.0,101-500,89.0,58.0,51-100,87.49,-97.0,97.0,ARWU Higher,55.3,34.8,47.4,98.6,100.0,98.6,92.1,70.3,29.03333333333333,63.1,66.5,29.4,27.1,28.2,21.4,27.6,38.1,29.4
157,Lancaster University,United Kingdom,Europe,L,FC,VH,Public,88.86,61.4,157.0,101-500,88.86,350.5,101-500,23.27,193.5,193.5,QS Higher,51.2,45.8,36.1,93.3,96.4,93.8,87.0,77.5,17.13333333333333,38.2,89.2,29.4,0.0,0.0,13.9,7.4,30.1,19.2
158,University of Basel,Switzerland,Europe,M,FC,VH,Public,88.79,61.3,158.0,101-500,88.79,87.0,51-100,81.12,-71.0,71.0,ARWU Higher,34.0,20.7,70.2,91.4,100.0,68.0,90.4,94.2,26.0,74.9,88.4,24.9,19.2,16.3,17.4,21.4,39.2,35.0
159,Hanyang University,South Korea,Asia,L,FC,VH,Private not for Profit,88.71,61.2,159.0,101-500,88.71,350.5,101-500,23.27,191.5,191.5,QS Higher,58.2,81.9,81.7,70.1,23.7,73.0,65.5,42.9,15.8,54.5,82.8,29.4,0.0,0.0,0.0,6.9,40.5,21.6
160,University of Barcelona,Spain,Europe,XL,FC,VH,Public,88.64,61.0,160.0,101-500,88.64,175.5,101-500,61.69,15.5,15.5,QS Higher,84.9,48.9,19.0,40.8,39.9,46.2,96.4,47.8,26.13333333333334,77.0,84.7,29.4,0.0,0.0,15.1,11.7,51.6,18.7
161,Michigan State University,United States,Americas,XL,FC,VH,Public,88.57,60.9,161.0,101-500,88.57,99.0,51-100,78.49,-62.0,62.0,ARWU Higher,67.3,62.9,13.9,21.1,67.2,27.3,97.6,61.2,34.36666666666667,75.6,94.2,24.0,8.9,0.0,30.7,21.8,50.6,18.9
162,Ghent University,Belgium,Europe,XL,FC,VH,Public,88.5,60.8,162.0,101-500,88.5,71.0,51-100,84.63,-91.0,91.0,ARWU Higher,68.2,39.1,84.5,33.8,83.4,39.5,99.2,32.4,34.23333333333333,84.9,94.0,27.8,5.1,13.3,26.9,18.3,57.5,34.5
163,King Abdul Aziz University,Saudi Arabia,Asia,XL,FC,VH,Public,88.43,60.7,163.0,101-500,88.43,,Unranked,,,,Not Comparable,67.5,76.6,41.4,9.2,83.1,14.9,95.0,47.8,19.28333333333333,44.9,77.5,29.4,0.0,0.0,11.3,10.8,35.75,19.45
164,Nagoya University,Japan,Asia,L,FC,VH,Public,88.36,60.3,164.0,101-500,88.36,77.0,51-100,83.32,-87.0,87.0,ARWU Higher,74.2,71.5,84.2,27.6,22.6,33.6,66.0,38.2,26.26666666666667,39.2,74.1,26.7,29.0,25.3,16.8,17.7,44.3,23.1
165,Chalmers University of Technology,Sweden,Europe,M,FO,VH,Private not for Profit,88.29,60.2,165.0,101-500,88.29,350.5,101-500,23.27,185.5,185.5,QS Higher,34.6,56.6,59.5,74.3,100.0,76.8,77.0,80.9,16.43333333333333,53.3,82.7,29.4,0.0,0.0,8.9,10.7,29.7,19.9
166,Al-Farabi Kazakh National University,Kazakhstan,Asia,L,FC,HI,Public,88.21,59.8,166.0,101-500,88.21,,Unranked,,,,Not Comparable,60.7,86.3,99.6,83.2,80.9,79.3,75.7,2.1,19.28333333333333,66.2,62.8,29.4,0.0,0.0,11.3,10.8,35.75,19.45
167,Washington University in St. Louis,United States,Americas,L,FC,VH,Private not for Profit,88.14,59.6,167.0,101-500,88.14,32.0,11-50,93.19,-135.0,135.0,ARWU Higher,46.5,25.7,99.8,81.8,93.1,83.5,74.8,62.6,44.33333333333334,55.1,85.8,37.4,22.9,24.9,40.7,41.8,50.5,26.0
168,University of Montreal,Canada,Americas,XL,FC,VH,Public,88.07,59.5,168.0,101-500,88.07,125.5,101-500,72.67,-42.5,42.5,ARWU Higher,66.1,44.0,79.5,66.4,91.5,69.6,88.7,26.3,28.36666666666666,65.4,89.9,29.4,11.5,0.0,17.2,17.3,50.6,21.7
169,University of York,United Kingdom,Europe,L,FC,VH,Public,88.0,59.4,169.0,101-500,88.0,250.5,101-500,45.23,81.5,81.5,QS Higher,56.8,42.3,55.8,75.4,92.4,77.8,96.0,53.8,20.53333333333333,41.0,93.2,29.4,0.0,0.0,13.9,15.2,32.5,20.4
170,Hokkaido University,Japan,Asia,L,FC,VH,Public,87.93,59.3,170.0,101-500,87.93,175.5,101-500,61.69,5.5,5.5,QS Higher,71.5,68.8,76.8,20.5,28.2,26.6,77.5,42.7,21.66666666666667,26.4,78.5,29.4,11.5,16.3,7.2,15.6,42.2,18.7
171,Kyushu University,Japan,Asia,L,FC,VH,Public,87.93,59.3,170.0,101-500,87.93,250.5,101-500,45.23,80.5,80.5,QS Higher,71.3,72.1,87.1,39.0,24.5,44.5,76.4,34.2,23.2,20.9,74.8,29.4,0.0,0.0,13.1,12.3,44.2,17.5
172,Universitat Autónoma de Barcelona,Spain,Europe,XL,FC,VH,Public,87.79,59.2,172.0,101-500,87.79,,Unranked,,,,Not Comparable,76.4,42.1,15.2,27.2,26.5,33.3,93.7,76.2,19.28333333333333,30.4,90.3,29.4,0.0,0.0,11.3,10.8,35.75,19.45
173,Arizona State University,United States,Americas,XL,CO,VH,Public,87.71,59.1,173.0,101-500,87.71,93.0,51-100,79.8,-80.0,80.0,ARWU Higher,63.9,63.3,9.5,53.2,72.5,57.7,95.2,61.5,30.1,42.2,85.8,24.5,0.0,20.0,22.2,25.5,42.6,19.1
174,McMaster University,Canada,Americas,L,FC,VH,Public,87.71,59.1,173.0,101-500,87.71,96.0,51-100,79.14,-77.0,77.0,ARWU Higher,52.5,43.6,61.8,66.3,94.6,69.6,84.3,56.6,27.6,60.0,86.6,24.4,12.6,18.8,23.2,15.1,44.5,22.5
175,Universidad de Chile,Chile,Americas,XL,FC,VH,Public,87.71,59.1,173.0,101-500,87.71,,Unranked,,,,Not Comparable,91.9,92.0,10.9,8.1,12.2,13.1,77.9,18.2,19.28333333333333,97.6,69.5,29.4,0.0,0.0,11.3,10.8,35.75,19.45
176,National Tsing Hua University,Taiwan,Asia,M,CO,VH,Public,87.5,59.0,176.0,101-500,87.5,250.5,101-500,45.23,74.5,74.5,QS Higher,67.0,77.1,34.2,37.3,26.7,40.4,42.1,73.5,16.86666666666667,25.4,57.8,29.4,12.6,0.0,5.1,12.9,32.6,21.1
177,Khalifa University of Science and Technology,United Arab Emirates,Asia,S,SP,VH,Public,87.43,58.8,177.0,101-500,87.43,,Unranked,,,,Not Comparable,34.3,42.8,83.2,83.0,100.0,82.5,81.1,83.9,19.28333333333333,12.6,68.1,29.4,0.0,0.0,11.3,10.8,35.75,19.45
178,Tongji University,China,Asia,XL,FC,VH,Public,87.43,58.8,177.0,101-500,87.43,350.5,101-500,23.27,173.5,173.5,QS Higher,45.2,41.2,31.2,47.4,92.6,52.4,74.6,99.6,18.23333333333333,33.4,77.2,29.4,0.0,0.0,0.0,8.4,46.3,15.7
179,"University of California, Santa Barbara",United States,Americas,L,CO,VH,Public,87.29,58.7,179.0,101-500,87.29,38.0,11-50,91.88,-141.0,141.0,ARWU Higher,65.3,32.4,9.3,27.5,81.3,20.6,75.4,99.0,34.5,25.6,65.2,34.6,14.5,39.1,38.7,27.5,37.3,38.0
180,Indian Institute of Technology Madras,India,Asia,M,CO,VH,Public,87.21,58.4,180.0,101-500,87.21,,Unranked,,,,Not Comparable,56.8,85.8,21.3,3.2,3.1,7.4,45.6,90.2,19.28333333333333,45.8,73.0,29.4,0.0,0.0,11.3,10.8,35.75,19.45
181,Cardiff University,United Kingdom,Europe,L,FC,VH,Public,87.14,57.8,181.0,101-500,87.14,175.5,101-500,61.69,-5.5,5.5,ARWU Higher,60.1,54.4,48.2,70.1,87.2,73.0,93.4,42.2,23.53333333333333,33.5,88.9,29.4,0.0,16.3,13.6,17.8,39.2,20.3
182,Emory University,United States,Americas,L,FC,VH,Private not for Profit,87.07,57.7,182.0,101-500,87.07,125.5,101-500,72.67,-56.5,56.5,ARWU Higher,34.5,37.7,92.8,49.6,70.0,54.3,85.0,85.7,33.9,42.4,63.5,23.8,0.0,0.0,28.4,22.0,51.3,18.0
183,Curtin University,Australia,Oceania,L,CO,VH,Public,87.0,57.6,183.0,101-500,87.0,250.5,101-500,45.23,67.5,67.5,QS Higher,46.3,39.3,17.7,54.3,100.0,58.7,94.2,89.6,19.26666666666667,37.9,82.0,29.4,0.0,0.0,8.7,12.0,37.1,23.3
184,University of Bern,Switzerland,Europe,M,FC,VH,Public,86.93,57.5,184.0,101-500,86.93,175.5,101-500,61.69,-8.5,8.5,ARWU Higher,38.0,26.0,49.0,52.9,100.0,57.4,95.5,99.3,25.6,37.2,68.9,29.4,12.6,0.0,16.3,19.2,41.3,26.9
185,University of Wollongong,Australia,Oceania,L,FC,VH,Public,86.93,57.5,184.0,101-500,86.93,250.5,101-500,45.23,66.5,66.5,QS Higher,41.6,33.1,21.1,82.2,99.5,83.8,88.6,95.6,19.53333333333333,25.8,86.1,29.4,0.0,0.0,17.4,9.2,32.0,24.0
186,Wuhan University,China,Asia,XL,FC,VH,Public,86.79,57.3,186.0,101-500,86.79,350.5,101-500,23.27,164.5,164.5,QS Higher,53.6,46.7,21.3,10.7,47.1,8.2,77.8,98.0,16.03333333333333,58.9,60.8,29.4,0.0,0.0,0.0,2.5,45.6,13.0
187,Tecnológico de Monterrey,Mexico,Americas,XL,FC,HI,Private not for Profit,86.71,57.1,187.0,101-500,86.71,,Unranked,,,,Not Comparable,69.9,93.9,69.4,18.3,24.5,24.4,74.6,4.8,19.28333333333333,97.4,73.8,29.4,0.0,0.0,11.3,10.8,35.75,19.45
188,University Complutense Madrid,Spain,Europe,XL,FC,VH,Public,86.71,57.1,187.0,101-500,86.71,,Unranked,,,,Not Comparable,78.5,73.9,41.6,32.9,18.2,38.7,92.7,12.8,19.28333333333333,97.3,80.4,29.4,0.0,0.0,11.3,10.8,35.75,19.45
189,UNIVERSITAS INDONESIA,Indonesia,Asia,XL,FC,VH,Public,86.57,57.0,189.0,101-500,86.57,,Unranked,,,,Not Comparable,69.9,89.3,68.8,10.9,86.6,16.3,59.6,3.9,19.28333333333333,87.2,60.9,29.4,0.0,0.0,11.3,10.8,35.75,19.45
190,Ohio State University,United States,Americas,XL,FC,VH,Public,86.5,56.9,190.0,101-500,86.5,,Unranked,,,,Not Comparable,71.1,63.0,53.1,20.6,37.4,26.7,93.7,33.8,19.28333333333333,66.0,69.2,29.4,0.0,0.0,11.3,10.8,35.75,19.45
191,"Queen's University, Ontario",Canada,Americas,L,FC,VH,Public,86.43,56.8,191.0,101-500,86.43,,Unranked,,,,Not Comparable,50.9,75.7,7.9,35.5,75.6,41.2,79.0,56.3,19.28333333333333,92.3,86.6,29.4,0.0,0.0,11.3,10.8,35.75,19.45
192,Université Catholique de Louvain,Belgium,Europe,L,FC,VH,Private not for Profit,86.43,56.8,191.0,101-500,86.43,,Unranked,,,,Not Comparable,61.7,36.0,6.4,63.1,94.5,66.6,91.6,59.5,19.28333333333333,82.0,81.3,29.4,0.0,0.0,11.3,10.8,35.75,19.45
193,Universität Hamburg,Germany,Europe,L,FO,VH,Public,86.29,56.5,193.0,101-500,86.29,,Unranked,,,,Not Comparable,64.0,51.7,25.6,31.3,58.8,37.1,93.8,54.6,19.28333333333333,49.9,94.1,29.4,0.0,0.0,11.3,10.8,35.75,19.45
194,University of Reading,United Kingdom,Europe,L,CO,VH,Public,86.21,56.2,194.0,101-500,86.21,,Unranked,,,,Not Comparable,45.7,46.8,20.2,85.8,95.0,87.0,93.3,63.0,19.28333333333333,57.6,92.4,29.4,0.0,0.0,11.3,10.8,35.75,19.45
195,Vrije Universiteit Amsterdam,Netherlands,Europe,L,FC,VH,Public,86.21,56.2,194.0,101-500,86.21,,Unranked,,,,Not Comparable,53.3,28.8,23.3,57.6,82.9,42.9,90.1,80.7,19.28333333333333,56.4,68.8,29.4,0.0,0.0,11.3,10.8,35.75,19.45
196,Waseda University,Japan,Asia,XL,CO,VH,Private not for Profit,86.07,56.1,196.0,101-500,86.07,450.5,101-500,1.32,254.5,254.5,QS Higher,73.6,97.2,29.5,43.7,35.2,48.9,63.1,7.3,13.96666666666667,90.7,74.3,29.4,0.0,0.0,6.1,7.7,28.1,10.3
197,University of Otago,New Zealand,Oceania,L,FC,VH,Public,86.0,55.8,197.0,101-500,86.0,250.5,101-500,45.23,53.5,53.5,QS Higher,60.0,36.0,14.8,39.6,100.0,45.0,76.5,63.2,18.8,68.7,88.2,29.4,0.0,0.0,12.2,10.1,34.1,27.1
198,Vienna University of Technology,Austria,Europe,M,FO,VH,Public,86.0,55.8,197.0,101-500,86.0,450.5,101-500,1.32,253.5,253.5,QS Higher,47.6,56.3,18.5,95.9,91.8,71.3,71.9,71.1,13.66666666666667,29.1,59.0,29.4,0.0,0.0,0.0,12.2,28.8,22.9
199,National Yang Ming Chiao Tung University,Taiwan,Asia,L,FC,VH,Public,85.86,55.7,199.0,101-500,85.86,,Unranked,,,,Not Comparable,42.1,68.5,55.4,31.9,29.1,37.7,54.1,71.8,19.28333333333333,75.8,74.1,29.4,0.0,0.0,11.3,10.8,35.75,19.45
200,Queen's University Belfast,United Kingdom,Europe,L,FC,VH,Public,85.86,55.7,199.0,101-500,85.86,350.5,101-500,23.27,151.5,151.5,QS Higher,49.6,43.4,30.3,98.8,100.0,98.9,95.4,57.5,13.83333333333333,19.5,89.5,29.4,17.8,0.0,0.0,10.1,31.4,17.6
201,Universität Freiburg,Germany,Europe,L,FC,VH,Public,85.71,55.6,201.0,101-500,85.71,,Unranked,,,,Not Comparable,56.8,35.3,31.1,44.2,78.7,49.4,89.5,66.4,19.28333333333333,47.2,85.6,29.4,0.0,0.0,11.3,10.8,35.75,19.45
202,University of Gothenburg,Sweden,Europe,L,FC,VH,Public,85.64,55.5,202.0,101-500,85.64,175.5,101-500,61.69,-26.5,26.5,ARWU Higher,46.4,24.6,73.0,85.8,94.1,87.1,93.7,45.4,22.7,71.0,92.9,29.4,0.0,15.4,12.3,14.5,41.3,19.7
203,National Cheng Kung University,Taiwan,Asia,L,FC,VH,Public,85.57,55.2,203.0,101-500,85.57,350.5,101-500,23.27,147.5,147.5,QS Higher,66.4,79.4,33.8,24.4,28.6,30.5,58.0,39.8,18.56666666666666,56.3,79.7,29.4,0.0,0.0,10.1,4.9,40.7,17.2
204,University of Twente,Netherlands,Europe,M,CO,VH,Public,85.57,55.2,203.0,101-500,85.57,350.5,101-500,23.27,147.5,147.5,QS Higher,29.3,40.5,56.0,95.2,100.0,70.8,85.4,77.0,14.93333333333333,32.6,79.6,29.4,0.0,0.0,5.1,8.3,31.4,20.1
205,Ecole Normale Supérieure de Lyon,France,Europe,S,CO,VH,Public,85.43,55.1,205.0,101-500,85.43,,Unranked,,,,Not Comparable,41.7,25.7,98.8,23.9,61.5,26.7,73.1,89.2,19.28333333333333,17.9,50.2,29.4,0.0,0.0,11.3,10.8,35.75,19.45
206,Universidad Autónoma de Madrid,Spain,Europe,XL,FC,VH,Public,85.36,55.0,206.0,101-500,85.36,,Unranked,,,,Not Comparable,73.1,71.5,39.7,29.6,22.3,35.5,92.5,26.5,19.28333333333333,52.5,72.5,29.4,0.0,0.0,11.3,10.8,35.75,19.45
207,Deakin University,Australia,Oceania,XL,FC,VH,Public,85.29,54.9,207.0,101-500,85.29,350.5,101-500,23.27,143.5,143.5,QS Higher,42.3,32.6,5.9,83.3,97.2,84.8,86.8,86.2,14.66666666666667,43.6,86.7,29.4,0.0,0.0,0.0,8.6,35.4,21.0
208,Rheinische Friedrich-Wilhelms-Universität Bonn,Germany,Europe,L,FC,VH,Public,85.29,54.9,207.0,101-500,85.29,,Unranked,,,,Not Comparable,67.7,35.5,76.5,56.4,51.4,60.6,96.2,24.9,19.28333333333333,50.0,86.4,29.4,0.0,0.0,11.3,10.8,35.75,19.45
209,"University of Maryland, College Park",United States,Americas,XL,FC,VH,Public,85.29,54.9,207.0,101-500,85.29,43.0,11-50,90.78,-164.0,164.0,ARWU Higher,57.2,51.8,44.2,24.9,28.0,18.7,92.9,60.5,39.1,59.7,70.7,32.8,19.2,20.0,33.0,31.6,52.7,26.5
210,University of Minnesota,United States,Americas,XL,FC,VH,Public,85.07,54.8,210.0,101-500,85.07,,Unranked,,,,Not Comparable,68.6,49.4,37.2,15.4,6.5,21.5,91.2,49.2,19.28333333333333,67.2,91.1,29.4,0.0,0.0,11.3,10.8,35.75,19.45
211,University of Calgary,Canada,Americas,XL,FC,VH,Public,85.0,54.7,211.0,101-500,85.0,,Unranked,,,,Not Comparable,47.6,50.5,24.4,76.9,87.4,79.1,86.2,54.6,19.28333333333333,61.5,86.0,29.4,0.0,0.0,11.3,10.8,35.75,19.45
212,Universidad de Los Andes Colombia,Colombia,Americas,L,FC,HI,Private not for Profit,84.93,54.6,212.0,101-500,84.93,,Unranked,,,,Not Comparable,81.5,90.5,17.6,3.3,28.7,7.9,54.7,10.8,19.28333333333333,98.4,75.9,29.4,0.0,0.0,11.3,10.8,35.75,19.45
213,University of Florida,United States,Americas,XL,FC,VH,Public,84.93,54.6,212.0,101-500,84.93,83.0,51-100,82.0,-129.0,129.0,ARWU Higher,58.9,55.8,75.1,18.1,31.4,24.2,98.2,34.7,36.86666666666667,67.9,74.9,26.2,17.0,0.0,30.9,21.0,58.7,17.3
214,University of Lausanne,Switzerland,Europe,L,FO,VH,Public,84.93,54.6,212.0,101-500,84.93,250.5,101-500,45.23,38.5,38.5,QS Higher,37.0,40.2,49.0,67.0,100.0,49.9,83.5,69.0,23.36666666666666,61.1,70.3,29.4,0.0,0.0,14.9,22.0,33.2,21.2
215,Eberhard Karls Universität Tübingen,Germany,Europe,L,FC,VH,Public,84.71,54.5,215.0,101-500,84.71,,Unranked,,,,Not Comparable,61.0,36.1,85.7,40.5,88.2,30.3,93.6,32.2,19.28333333333333,36.5,64.5,29.4,0.0,0.0,11.3,10.8,35.75,19.45
216,Indian Institute of Technology Kharagpur,India,Asia,L,CO,VH,Public,84.71,54.5,215.0,101-500,84.71,450.5,101-500,1.32,235.5,235.5,QS Higher,42.5,78.6,10.6,1.3,20.1,5.7,70.1,97.0,12.33333333333333,47.7,77.8,29.4,0.0,0.0,7.2,0.0,29.8,13.4
217,Keio University,Japan,Asia,XL,FC,VH,Private not for Profit,84.71,54.5,215.0,101-500,84.71,350.5,101-500,23.27,135.5,135.5,QS Higher,65.5,93.8,65.2,19.6,15.2,25.8,55.6,9.4,18.26666666666667,95.8,68.9,29.4,0.0,0.0,10.1,12.2,32.5,13.4
218,Technische Universität Dresden,Germany,Europe,L,FC,VH,Public,84.5,54.3,218.0,101-500,84.5,,Unranked,,,,Not Comparable,47.2,49.2,74.9,42.0,40.4,47.3,95.3,58.6,19.28333333333333,12.5,87.9,29.4,0.0,0.0,11.3,10.8,35.75,19.45
219,Indian Institute of Science Bangalore,India,Asia,M,SP,VH,Public,84.43,54.2,219.0,101-500,84.43,,Unranked,,,,Not Comparable,56.6,46.4,39.1,2.1,5.6,6.4,45.4,99.9,19.28333333333333,15.1,66.3,29.4,0.0,0.0,11.3,10.8,35.75,19.45
220,University of Ottawa,Canada,Americas,XL,FC,VH,Public,84.43,54.2,219.0,101-500,84.43,250.5,101-500,45.23,31.5,31.5,QS Higher,35.8,38.7,5.4,85.5,96.1,86.8,92.3,84.8,22.5,50.0,86.8,29.4,0.0,0.0,8.6,14.9,44.0,19.5
221,Chulalongkorn University,Thailand,Asia,XL,FC,VH,Public,84.29,53.9,221.0,101-500,84.29,,Unranked,,,,Not Comparable,82.0,52.7,44.8,6.2,32.0,11.0,80.6,12.5,19.28333333333333,96.4,80.0,29.4,0.0,0.0,11.3,10.8,35.75,19.45
222,Tel Aviv University,Israel,Asia,L,FC,VH,Public,84.14,53.6,223.0,101-500,84.14,175.5,101-500,61.69,-47.5,47.5,ARWU Higher,43.6,31.0,6.1,15.3,48.9,21.3,78.3,99.7,27.86666666666666,94.2,77.0,29.4,0.0,0.0,20.7,14.8,48.1,26.4
223,Universitas Gadjah Mada,Indonesia,Asia,XL,FC,VH,Public,84.07,53.5,224.0,101-500,84.07,,Unranked,,,,Not Comparable,70.2,84.7,65.4,8.9,63.0,14.6,46.3,3.0,19.28333333333333,75.9,66.0,29.4,0.0,0.0,11.3,10.8,35.75,19.45
224,Loughborough University,United Kingdom,Europe,L,CO,VH,Public,84.0,53.3,225.0,101-500,84.0,450.5,101-500,1.32,225.5,225.5,QS Higher,42.8,64.5,26.9,71.1,94.6,73.9,81.4,50.6,10.73333333333333,33.2,87.9,29.4,0.0,0.0,0.0,2.2,30.0,21.6
225,Queensland University of Technology,Australia,Oceania,XL,CO,VH,Public,83.93,53.2,226.0,101-500,83.93,450.5,101-500,1.32,224.5,224.5,QS Higher,51.6,38.8,11.6,44.8,96.6,49.9,83.4,70.9,12.63333333333333,25.6,88.5,29.4,0.0,0.0,0.0,3.3,34.6,18.5
226,The University of Newcastle,Australia,Oceania,L,FC,VH,Public,83.86,53.1,227.0,101-500,83.86,,Unranked,,,,Not Comparable,36.0,30.5,29.7,36.2,100.0,41.8,81.8,95.2,19.28333333333333,20.8,84.8,29.4,0.0,0.0,11.3,10.8,35.75,19.45
227,Université Libre de Bruxelles,Belgium,Europe,L,FC,VH,Public,83.86,53.1,227.0,101-500,83.86,125.5,101-500,72.67,-101.5,101.5,ARWU Higher,43.3,46.8,4.6,89.6,99.2,90.4,90.9,60.3,18.6,74.8,65.2,29.4,19.9,26.6,11.3,11.8,32.7,30.4
228,United Arab Emirates University,United Arab Emirates,Asia,M,FC,VH,Public,83.71,53.0,229.0,101-500,83.71,,Unranked,,,,Not Comparable,43.3,58.1,55.1,39.1,100.0,44.4,88.9,35.1,19.28333333333333,87.9,68.6,29.4,0.0,0.0,11.3,10.8,35.75,19.45
229,Massey University,New Zealand,Oceania,M,CO,VH,Public,83.64,52.9,230.0,101-500,83.64,450.5,101-500,1.32,220.5,220.5,QS Higher,42.1,24.1,57.3,98.9,99.4,98.9,82.2,50.5,13.7,60.7,83.7,29.4,0.0,0.0,10.2,4.0,26.9,14.8
230,University of Lisbon,Portugal,Europe,XL,FC,VH,Public,83.64,52.9,230.0,101-500,83.64,250.5,101-500,45.23,20.5,20.5,QS Higher,57.1,46.3,15.5,58.6,14.3,62.6,98.4,51.4,20.83333333333333,97.3,79.3,29.4,0.0,8.1,5.0,12.5,45.0,23.3
231,Universität Erlangen-Nürnberg,Germany,Europe,L,FC,VH,Public,83.5,52.2,232.0,101-500,83.5,,Unranked,,,,Not Comparable,37.9,46.2,5.2,60.6,39.5,64.4,86.7,96.7,19.28333333333333,27.1,75.4,29.4,0.0,0.0,11.3,10.8,35.75,19.45
232,La Trobe University,Australia,Oceania,L,CO,VH,Public,83.43,52.1,233.0,101-500,83.43,450.5,101-500,1.32,217.5,217.5,QS Higher,33.4,29.0,13.2,97.4,95.6,97.5,82.1,87.8,12.66666666666667,28.0,82.2,29.4,0.0,0.0,7.2,4.3,26.5,16.6
233,Universidade Estadual de Campinas,Brazil,Americas,XL,FC,VH,Public,83.43,52.1,233.0,101-500,83.43,,Unranked,,,,Not Comparable,81.7,50.9,22.1,4.0,15.1,8.7,84.5,37.2,19.28333333333333,32.5,79.5,29.4,0.0,0.0,11.3,10.8,35.75,19.45
234,University of Padova,Italy,Europe,XL,FC,VH,Public,83.43,52.1,233.0,101-500,83.43,,Unranked,,,,Not Comparable,73.5,40.2,13.5,18.8,15.5,24.9,95.5,54.4,19.28333333333333,29.6,85.0,29.4,0.0,0.0,11.3,10.8,35.75,19.45
235,University of Rochester,United States,Americas,M,FC,VH,Private not for Profit,83.21,51.9,236.0,101-500,83.21,125.5,101-500,72.67,-110.5,110.5,ARWU Higher,27.1,32.4,98.2,96.2,80.5,96.5,63.7,56.6,28.33333333333333,51.2,72.3,24.8,24.6,7.7,25.2,20.8,39.0,20.8
236,American University of Beirut,Lebanon,Asia,M,FC,VH,Private not for Profit,83.14,51.6,237.0,101-500,83.14,,Unranked,,,,Not Comparable,41.5,58.1,52.3,45.2,71.4,50.2,68.7,37.8,19.28333333333333,98.7,77.7,29.4,0.0,0.0,11.3,10.8,35.75,19.45
237,University of Porto,Portugal,Europe,XL,FC,VH,Public,83.14,51.6,237.0,101-500,83.14,350.5,101-500,23.27,113.5,113.5,QS Higher,52.5,41.5,13.6,38.2,9.2,33.1,94.3,73.6,17.63333333333334,61.2,77.3,29.4,0.0,0.0,0.0,10.7,42.2,21.1
238,Maastricht University,Netherlands,Europe,L,FO,VH,Public,83.0,51.4,239.0,101-500,83.0,250.5,101-500,45.23,11.5,11.5,QS Higher,32.8,33.7,18.6,100.0,99.9,100.0,85.6,71.7,19.33333333333333,49.6,80.2,29.4,0.0,0.0,10.7,5.9,41.4,25.1
239,Hebrew University of Jerusalem,Israel,Asia,L,FC,VH,Public,82.93,51.3,240.0,101-500,82.93,,Unranked,,,,Not Comparable,42.9,36.4,74.6,33.5,81.9,38.8,74.2,41.9,19.28333333333333,97.1,65.5,29.4,0.0,0.0,11.3,10.8,35.75,19.45
240,Victoria University of Wellington,New Zealand,Oceania,L,CO,VH,Public,82.93,51.3,240.0,101-500,82.93,450.5,101-500,1.32,210.5,210.5,QS Higher,57.2,32.2,15.7,56.7,100.0,60.9,70.1,44.3,11.13333333333333,77.6,83.3,29.4,11.8,0.0,0.0,8.4,25.0,18.4
241,Politecnico di Torino,Italy,Europe,XL,FO,VH,Public,82.79,51.2,242.0,101-500,82.79,,Unranked,,,,Not Comparable,50.3,64.6,4.5,57.9,7.3,61.9,79.1,68.1,19.28333333333333,37.8,73.6,29.4,0.0,0.0,11.3,10.8,35.75,19.45
242,Georg-August-Universität Göttingen,Germany,Europe,L,FC,VH,Public,82.71,51.1,243.0,101-500,82.71,,Unranked,,,,Not Comparable,57.3,35.6,87.0,37.9,59.2,43.4,95.2,25.8,19.28333333333333,51.2,61.0,29.4,0.0,0.0,11.3,10.8,35.75,19.45
243,Hamad Bin Khalifa University,Qatar,Asia,S,FO,VH,Public,82.64,50.9,244.0,101-500,82.64,,Unranked,,,,Not Comparable,14.3,6.8,100.0,100.0,100.0,99.9,75.7,100.0,19.28333333333333,6.8,38.5,29.4,0.0,0.0,11.3,10.8,35.75,19.45
244,Hong Kong Baptist University,Hong Kong SAR China,Asia,M,CO,VH,Public,82.64,50.9,244.0,101-500,82.64,,Unranked,,,,Not Comparable,28.3,21.7,67.3,100.0,99.4,99.9,38.2,82.3,19.28333333333333,23.0,67.5,29.4,0.0,0.0,11.3,10.8,35.75,19.45
245,University College Cork,Ireland,Europe,L,FC,VH,Public,82.5,50.7,246.0,101-500,82.5,450.5,101-500,1.32,204.5,204.5,QS Higher,43.4,48.1,22.5,75.0,86.2,77.4,68.8,52.7,15.3,49.5,83.8,29.4,0.0,0.0,13.1,7.5,25.3,14.4
246,Beijing Normal University,China,Asia,L,CO,VH,Public,82.43,50.6,247.0,101-500,82.43,250.5,101-500,45.23,3.5,3.5,QS Higher,47.6,29.6,30.3,32.9,9.0,24.7,77.1,98.6,17.23333333333333,18.2,55.5,29.4,15.4,0.0,5.0,7.9,38.8,16.1
247,Dartmouth College,United States,Americas,M,FC,VH,Private not for Profit,82.43,50.6,247.0,101-500,82.43,250.5,101-500,45.23,3.5,3.5,QS Higher,30.7,54.3,79.9,58.5,13.5,62.5,46.2,56.9,20.16666666666666,87.7,82.2,29.4,17.8,0.0,20.7,14.4,25.4,20.6
248,"University of Massachusetts, Amherst",United States,Americas,L,CO,VH,Public,82.43,50.6,247.0,101-500,82.43,,Unranked,,,,Not Comparable,48.1,40.0,15.8,46.3,77.9,51.3,78.8,62.4,19.28333333333333,44.2,84.5,29.4,0.0,0.0,11.3,10.8,35.75,19.45
249,Vanderbilt University,United States,Americas,L,FC,VH,Private not for Profit,82.21,50.4,250.0,101-500,82.21,53.0,51-100,88.58,-197.0,197.0,ARWU Higher,32.3,41.8,100.0,50.9,48.4,55.5,77.9,50.6,33.73333333333333,57.5,61.8,30.2,15.4,29.0,28.4,21.8,51.0,19.0
250,Universiti Teknologi Petronas,Malaysia,Asia,S,SP,VH,Private not for Profit,82.14,50.2,251.0,101-500,82.14,,Unranked,,,,Not Comparable,29.7,41.0,44.6,29.5,87.0,30.7,72.1,95.0,19.28333333333333,5.2,50.0,29.4,0.0,0.0,11.3,10.8,35.75,19.45
251,University of Strathclyde,United Kingdom,Europe,L,CO,VH,Public,82.14,50.2,251.0,101-500,82.14,456.5,101-500,0.0,205.5,205.5,QS Higher,37.5,40.5,17.8,89.0,99.2,90.0,84.5,57.2,11.0,46.0,84.6,29.4,0.0,0.0,0.0,5.0,28.0,16.6
252,Taylor's University,Malaysia,Asia,M,CO,VH,Private for Profit,82.0,50.0,253.0,101-500,82.0,,Unranked,,,,Not Comparable,40.2,85.2,69.7,100.0,73.0,100.0,53.5,21.0,19.28333333333333,5.2,57.8,29.4,0.0,0.0,11.3,10.8,35.75,19.45
253,Technische Universität Darmstadt,Germany,Europe,L,CO,VH,Public,82.0,50.0,253.0,101-500,82.0,,Unranked,,,,Not Comparable,28.2,41.9,9.8,92.8,67.8,93.4,73.8,82.2,19.28333333333333,53.5,78.6,29.4,0.0,0.0,11.3,10.8,35.75,19.45
254,Bandung Institute of Technology,Indonesia,Asia,L,CO,VH,Public,81.86,49.9,255.0,101-500,81.86,,Unranked,,,,Not Comparable,58.5,85.3,54.7,8.0,94.7,13.7,39.8,5.4,19.28333333333333,68.6,59.2,29.4,0.0,0.0,11.3,10.8,35.75,19.45
255,Harbin Institute of Technology,China,Asia,XL,FO,VH,Public,81.79,49.8,256.0,101-500,81.79,250.5,101-500,45.23,-5.5,5.5,ARWU Higher,33.3,47.9,42.0,9.2,12.9,14.9,73.6,99.8,20.93333333333333,35.2,48.1,29.4,0.0,0.0,8.7,5.4,48.7,15.2
256,Tianjin University,China,Asia,L,CO,VH,Public,81.71,49.7,257.0,101-500,81.71,350.5,101-500,23.27,93.5,93.5,QS Higher,26.3,37.6,51.6,33.5,29.9,25.1,72.5,99.9,16.1,38.7,56.2,29.4,0.0,0.0,0.0,1.5,46.8,17.8
257,Université Paris 1 Panthéon-Sorbonne,France,Europe,XL,FO,VH,Public,81.71,49.7,257.0,101-500,81.71,,Unranked,,,,Not Comparable,78.0,62.2,6.8,61.2,39.0,65.0,70.8,4.8,19.28333333333333,84.3,61.8,29.4,0.0,0.0,11.3,10.8,35.75,19.45
258,Beijing Institute of Technology,China,Asia,XL,FO,VH,Public,81.57,49.5,259.0,101-500,81.57,,Unranked,,,,Not Comparable,34.3,46.7,42.7,15.5,12.3,11.8,75.3,96.4,19.28333333333333,22.5,58.8,29.4,0.0,0.0,11.3,10.8,35.75,19.45
259,Universidad Nacional de Colombia,Colombia,Americas,XL,FC,HI,Public,81.57,49.5,259.0,101-500,81.57,,Unranked,,,,Not Comparable,81.1,90.9,6.7,2.2,8.1,6.6,62.6,6.9,19.28333333333333,57.3,69.3,29.4,0.0,0.0,11.3,10.8,35.75,19.45
260,University of Canterbury,New Zealand,Oceania,L,CO,VH,Public,81.43,49.4,261.0,101-500,81.43,450.5,101-500,1.32,189.5,189.5,QS Higher,48.8,34.7,12.1,48.1,100.0,53.0,60.9,48.2,12.86666666666667,87.4,88.2,29.4,0.0,0.0,3.6,9.2,25.8,19.8
261,University of Aberdeen,United Kingdom,Europe,M,FC,VH,,81.36,49.3,262.0,101-500,81.36,250.5,101-500,45.23,-11.5,11.5,ARWU Higher,40.1,34.8,44.9,87.2,95.8,88.3,89.7,42.9,18.66666666666667,30.0,87.8,29.4,0.0,13.3,12.2,12.5,31.3,21.2
262,University of Navarra,Spain,Europe,L,FC,HI,Private not for Profit,81.36,49.3,262.0,101-500,81.36,,Unranked,,,,Not Comparable,40.8,78.2,50.6,84.0,26.8,85.4,58.3,25.3,19.28333333333333,80.5,66.1,29.4,0.0,0.0,11.3,10.8,35.75,19.45
263,University of Surrey,United Kingdom,Europe,L,CO,VH,Public,81.36,49.3,262.0,101-500,81.36,450.5,101-500,1.32,188.5,188.5,QS Higher,29.7,30.0,33.4,88.7,98.0,89.7,86.6,74.4,13.5,30.7,60.4,29.4,0.0,0.0,8.6,4.9,27.0,18.0
264,Charles University,Czechia,Europe,XL,FC,VH,Public,81.14,49.0,265.0,101-500,81.14,,Unranked,,,,Not Comparable,58.5,55.5,37.0,61.7,33.5,65.4,97.2,14.3,19.28333333333333,73.2,76.9,29.4,0.0,0.0,11.3,10.8,35.75,19.45
265,Universitat Pompeu Fabra,Spain,Europe,M,FO,VH,Public,81.14,49.0,265.0,101-500,81.14,,Unranked,,,,Not Comparable,43.7,39.5,19.1,40.0,84.7,45.5,75.8,70.6,19.28333333333333,23.0,66.4,29.4,0.0,0.0,11.3,10.8,35.75,19.45
266,Norwegian University of Science And Technology,Norway,Europe,XL,FC,VH,Public,81.0,48.9,267.0,101-500,81.0,250.5,101-500,45.23,-16.5,16.5,ARWU Higher,45.9,33.4,30.7,17.7,87.4,23.8,95.2,45.1,20.2,90.5,80.3,29.4,14.3,0.0,10.2,14.3,36.1,16.5
267,Griffith University,Australia,Oceania,L,FC,VH,Public,80.93,48.7,268.0,101-500,80.93,350.5,101-500,23.27,82.5,82.5,QS Higher,37.7,16.6,13.3,70.7,100.0,73.5,93.4,75.1,16.3,26.6,91.7,29.4,0.0,0.0,3.6,8.2,37.1,19.6
268,Middle East Technical University,Turkey,Asia,L,CO,VH,Public,80.86,48.5,269.0,101-500,80.86,,Unranked,,,,Not Comparable,44.8,88.7,12.8,31.0,18.0,36.9,79.2,34.4,19.28333333333333,82.2,71.8,29.4,0.0,0.0,11.3,10.8,35.75,19.45
269,UCSI University,Malaysia,Asia,M,FO,VH,Private for Profit,80.86,48.5,269.0,101-500,80.86,,Unranked,,,,Not Comparable,40.7,70.4,87.7,99.0,92.9,98.9,50.0,8.6,19.28333333333333,13.3,61.6,29.4,0.0,0.0,11.3,10.8,35.75,19.45
270,University of Warsaw,Poland,Europe,XL,CO,VH,Public,80.71,48.3,271.0,101-500,80.71,350.5,101-500,23.27,79.5,79.5,QS Higher,61.0,62.8,59.5,15.7,13.5,21.8,85.9,10.0,12.9,74.4,74.0,29.4,15.4,0.0,0.0,8.8,29.9,16.0
271,American University of Sharjah,United Arab Emirates,Asia,M,CO,VH,Private not for Profit,80.64,48.2,272.0,101-500,80.64,,Unranked,,,,Not Comparable,31.7,65.1,24.6,100.0,100.0,100.0,50.6,43.8,19.28333333333333,60.6,54.4,29.4,0.0,0.0,11.3,10.8,35.75,19.45
272,North Carolina State University,United States,Americas,XL,CO,VH,Public,80.64,48.2,272.0,101-500,80.64,,Unranked,,,,Not Comparable,36.4,47.9,12.2,25.6,67.5,31.7,79.8,72.9,19.28333333333333,37.7,86.7,29.4,0.0,0.0,11.3,10.8,35.75,19.45
273,Universität zu Köln,Germany,Europe,L,FO,VH,Public,80.64,48.2,272.0,101-500,80.64,,Unranked,,,,Not Comparable,45.0,50.5,23.6,47.1,39.3,52.0,92.6,43.8,19.28333333333333,64.5,88.9,29.4,0.0,0.0,11.3,10.8,35.75,19.45
274,University of Virginia,United States,Americas,L,FC,VH,Public,80.43,48.1,275.0,101-500,80.43,125.5,101-500,72.67,-149.5,149.5,ARWU Higher,46.5,47.9,68.2,19.2,5.3,14.5,82.6,36.5,32.8,91.9,68.9,24.5,0.0,0.0,27.0,27.7,43.7,19.1
275,Sun Yat-sen University,China,Asia,XL,FC,VH,Public,80.36,48.0,276.0,101-500,80.36,175.5,101-500,61.69,-100.5,100.5,ARWU Higher,45.4,39.0,53.4,6.8,4.1,5.3,78.4,72.6,24.5,38.8,56.7,29.4,0.0,0.0,8.7,9.9,54.9,17.9
276,University of Milan,Italy,Europe,XL,FC,VH,Public,80.36,48.0,276.0,101-500,80.36,175.5,101-500,61.69,-100.5,100.5,ARWU Higher,65.9,27.0,10.2,13.4,10.8,19.4,85.1,56.6,23.36666666666666,63.1,76.4,29.4,17.0,0.0,14.2,9.6,46.3,21.2
277,University of Sussex,United Kingdom,Europe,L,FC,VH,Public,80.21,47.9,278.0,101-500,80.21,175.5,101-500,61.69,-102.5,102.5,ARWU Higher,33.8,21.0,21.4,89.5,99.0,90.4,86.3,60.7,19.2,53.6,90.0,29.4,0.0,22.4,15.2,12.1,30.3,26.4
278,Radboud University Nijmegen,Netherlands,Europe,L,FC,VH,Public,80.14,47.6,279.0,101-500,80.14,125.5,101-500,72.67,-153.5,153.5,ARWU Higher,38.6,20.3,34.8,30.1,83.5,36.0,92.5,73.2,27.33333333333333,34.9,67.7,29.4,16.2,0.0,12.3,19.3,50.4,32.2
279,University of Antwerp,Belgium,Europe,L,FC,VH,Public,80.07,47.4,280.0,101-500,80.07,350.5,101-500,23.27,70.5,70.5,QS Higher,35.0,18.8,42.8,45.5,96.4,50.5,95.2,57.7,17.2,60.3,80.6,29.4,0.0,0.0,5.1,10.7,35.8,26.8
280,University of Pittsburgh,United States,Americas,L,FC,VH,Public,80.0,47.3,281.0,101-500,80.0,61.0,51-100,86.83,-220.0,220.0,ARWU Higher,45.4,26.4,98.1,23.0,9.9,29.1,90.4,41.7,41.6,59.7,60.2,29.5,19.3,0.0,42.2,21.8,60.8,18.0
281,University of Waikato,New Zealand,Oceania,M,CO,VH,Public,80.0,47.3,281.0,101-500,80.0,,Unranked,,,,Not Comparable,28.2,18.8,16.2,79.7,99.5,81.6,49.0,82.1,19.28333333333333,58.4,84.8,29.4,0.0,0.0,11.3,10.8,35.75,19.45
282,Dalhousie University,Canada,Americas,L,FC,VH,Public,79.86,47.2,283.0,101-500,79.86,250.5,101-500,45.23,-32.5,32.5,ARWU Higher,27.1,23.9,15.8,79.4,100.0,81.3,79.9,76.2,19.86666666666667,39.8,85.3,29.4,0.0,0.0,12.2,13.1,34.3,17.9
283,University of Galway / Ollscoil na Gaillimhe,Ireland,Europe,L,FC,VH,Public,79.79,47.1,284.0,101-500,79.79,,Unranked,,,,Not Comparable,37.3,40.2,68.6,62.7,96.7,66.4,72.9,24.0,19.28333333333333,61.2,82.5,29.4,0.0,0.0,11.3,10.8,35.75,19.45
284,Georgetown University,United States,Americas,L,FC,VH,Private not for Profit,79.71,47.0,285.0,101-500,79.71,350.5,101-500,23.27,65.5,65.5,QS Higher,38.2,60.6,74.2,51.1,22.8,55.8,67.4,21.7,16.76666666666667,96.0,69.1,29.4,0.0,0.0,11.1,7.5,31.7,17.9
285,University of Macau,Macau SAR China,Asia,L,CO,VH,Public,79.71,47.0,285.0,101-500,79.71,,Unranked,,,,Not Comparable,18.5,17.9,11.7,100.0,100.0,99.6,55.1,99.9,19.28333333333333,56.8,52.2,29.4,0.0,0.0,11.3,10.8,35.75,19.45
286,Heriot-Watt University,United Kingdom,Europe,M,CO,VH,Public,79.57,46.8,287.0,101-500,79.57,,Unranked,,,,Not Comparable,25.7,34.8,27.3,97.0,100.0,97.2,75.7,61.8,19.28333333333333,37.0,77.2,29.4,0.0,0.0,11.3,10.8,35.75,19.45
287,Universitas Airlangga,Indonesia,Asia,XL,FC,VH,Public,79.57,46.8,287.0,101-500,79.57,,Unranked,,,,Not Comparable,52.2,88.3,69.6,10.8,77.3,16.7,52.9,2.5,19.28333333333333,24.0,56.6,29.4,0.0,0.0,11.3,10.8,35.75,19.45
288,University of Arizona,United States,Americas,XL,FC,VH,Public,79.57,46.8,287.0,101-500,79.57,90.0,51-100,80.46,-197.0,197.0,ARWU Higher,49.3,40.4,42.8,15.2,25.4,21.2,93.5,47.4,34.36666666666667,54.1,66.9,24.7,14.5,0.0,27.2,27.5,48.4,20.3
289,University of Bergen,Norway,Europe,L,FC,VH,Public,79.57,46.8,287.0,101-500,79.57,250.5,101-500,45.23,-36.5,36.5,ARWU Higher,40.5,13.7,67.2,37.9,96.9,43.5,91.0,42.5,21.3,69.5,65.1,29.4,0.0,0.0,10.7,16.5,36.7,20.1
290,University of The Witwatersrand,South Africa,Africa,L,FC,VH,Public,79.29,46.4,291.0,101-500,79.29,250.5,101-500,45.23,-40.5,40.5,ARWU Higher,36.8,50.9,14.0,9.4,86.8,15.1,96.7,40.2,18.63333333333334,99.5,85.6,29.4,18.5,0.0,7.1,15.8,33.0,19.5
291,Swansea University,United Kingdom,Europe,L,FC,VH,Public,79.21,46.2,292.0,101-500,79.21,,Unranked,,,,Not Comparable,34.7,54.7,28.6,80.5,76.9,82.4,79.7,43.0,19.28333333333333,13.7,84.4,29.4,0.0,0.0,11.3,10.8,35.75,19.45
292,"University of California, Irvine",United States,Americas,XL,FC,VH,Public,79.14,46.1,293.0,101-500,79.14,50.0,11-50,89.24,-243.0,243.0,ARWU Higher,46.6,37.1,26.8,64.2,39.5,52.3,81.9,53.1,36.16666666666666,28.0,64.9,31.0,0.0,29.3,34.3,28.9,45.3,27.5
293,Case Western Reserve University,United States,Americas,M,FC,VH,Private not for Profit,79.07,46.0,294.0,101-500,79.07,125.5,101-500,72.67,-168.5,168.5,ARWU Higher,22.4,20.5,88.6,76.7,47.6,79.0,58.3,66.3,24.86666666666666,40.9,70.8,24.3,30.3,10.9,15.9,19.0,39.7,22.9
294,Swinburne University of Technology,Australia,Oceania,L,CO,VH,Public,79.07,46.0,294.0,101-500,79.07,350.5,101-500,23.27,56.5,56.5,QS Higher,18.8,19.3,14.7,94.7,87.8,70.5,74.0,95.0,14.76666666666667,22.8,73.4,29.4,0.0,0.0,11.3,10.7,22.3,22.6
295,University of Notre Dame,United States,Americas,L,CO,VH,Private not for Profit,79.07,46.0,294.0,101-500,79.07,250.5,101-500,45.23,-43.5,43.5,ARWU Higher,38.0,43.6,70.8,32.7,28.9,28.9,75.4,36.7,21.06666666666666,75.4,72.5,29.4,12.6,0.0,17.5,13.9,31.8,20.0
296,Vrije Universiteit Brussel,Belgium,Europe,L,FC,VH,Public,79.07,46.0,294.0,101-500,79.07,250.5,101-500,45.23,-43.5,43.5,ARWU Higher,33.3,22.1,75.6,72.1,96.8,74.8,92.2,27.7,15.43333333333333,63.2,80.0,29.4,13.6,0.0,5.0,10.0,31.3,26.9
297,Istanbul Technical University,Turkey,Asia,L,FO,VH,Public,78.79,45.8,298.0,101-500,78.79,,Unranked,,,,Not Comparable,39.6,85.3,11.5,36.5,10.4,42.2,76.2,35.3,19.28333333333333,79.7,68.5,29.4,0.0,0.0,11.3,10.8,35.75,19.45
298,University of Colorado Boulder,United States,Americas,XL,CO,VH,Public,78.71,45.6,299.0,101-500,78.71,,Unranked,,,,Not Comparable,49.0,36.8,52.1,8.5,38.6,14.2,85.6,36.0,19.28333333333333,48.9,90.3,29.4,0.0,0.0,11.3,10.8,35.75,19.45
299,Université Paris Cité,France,Europe,XL,FO,VH,Public,78.64,45.5,300.0,101-500,78.64,,Unranked,,,,Not Comparable,37.7,13.9,11.0,61.0,24.8,45.5,99.5,92.5,19.28333333333333,22.8,55.7,29.4,0.0,0.0,11.3,10.8,35.75,19.45
300,Universidad Carlos III de Madrid,Spain,Europe,L,FO,VH,Public,78.57,45.4,301.0,101-500,78.57,,Unranked,,,,Not Comparable,45.2,65.3,50.5,75.2,73.8,56.0,67.8,8.1,19.28333333333333,26.3,77.3,29.4,0.0,0.0,11.3,10.8,35.75,19.45
301,Stellenbosch University,South Africa,Africa,L,FC,VH,Public,78.5,45.2,302.0,101-500,78.5,450.5,101-500,1.32,148.5,148.5,QS Higher,36.7,44.8,5.0,14.5,25.4,11.0,93.6,67.5,13.83333333333333,88.9,61.0,29.4,0.0,0.0,5.0,5.3,31.2,15.7
302,Jagiellonian University,Poland,Europe,XL,FO,VH,Public,78.43,45.1,303.0,101-500,78.43,350.5,101-500,23.27,47.5,47.5,QS Higher,49.9,54.4,75.3,30.0,8.0,35.9,88.6,10.4,14.36666666666667,61.5,71.6,29.4,10.3,0.0,3.6,5.9,33.6,17.1
303,University of Southern Denmark,Denmark,Europe,L,CO,VH,Public,78.43,45.1,303.0,101-500,78.43,250.5,101-500,45.23,-52.5,52.5,ARWU Higher,29.2,24.9,31.9,46.4,91.7,51.3,77.4,68.4,18.9,27.0,85.0,29.4,0.0,0.0,7.2,11.9,37.6,19.8
304,Xi'an Jiaotong University,China,Asia,XL,FC,VH,Public,78.29,45.0,305.0,101-500,78.29,,Unranked,,,,Not Comparable,28.5,44.2,15.9,6.8,5.5,5.3,82.9,97.8,19.28333333333333,34.9,55.8,29.4,0.0,0.0,11.3,10.8,35.75,19.45
305,Aalborg University,Denmark,Europe,L,FC,VH,Public,78.21,44.9,306.0,101-500,78.21,350.5,101-500,23.27,44.5,44.5,QS Higher,26.4,25.0,27.7,29.4,89.0,35.4,91.7,77.2,15.4,25.4,79.1,29.4,0.0,0.0,11.2,4.6,30.4,16.8
306,Indiana University Bloomington,United States,Americas,XL,FC,VH,Public,78.21,44.9,306.0,101-500,78.21,125.5,101-500,72.67,-180.5,180.5,ARWU Higher,44.7,50.3,34.4,18.4,51.7,24.5,86.5,31.2,26.66666666666667,77.0,66.0,25.5,10.3,21.6,18.5,21.9,39.6,20.2
307,Simon Fraser University,Canada,Americas,L,CO,VH,Public,78.07,44.7,308.0,101-500,78.07,250.5,101-500,45.23,-57.5,57.5,ARWU Higher,34.9,20.7,7.6,86.1,99.1,87.3,78.4,59.6,19.36666666666667,34.0,85.2,29.4,0.0,0.0,12.2,13.2,32.7,18.9
308,University of Johannesburg,South Africa,Africa,L,CO,VH,Public,78.07,44.7,308.0,101-500,78.07,,Unranked,,,,Not Comparable,25.5,25.9,46.5,60.1,98.5,63.9,99.1,45.2,19.28333333333333,69.6,74.8,29.4,0.0,0.0,11.3,10.8,35.75,19.45
309,"City St George's, University of London",United Kingdom,Europe,L,FO,VH,,77.93,44.5,310.0,101-500,77.93,,Unranked,,,,Not Comparable,26.9,32.3,9.2,97.9,92.4,98.0,77.2,57.8,19.28333333333333,65.8,62.3,29.4,0.0,0.0,11.3,10.8,35.75,19.45
310,Linköping University,Sweden,Europe,L,CO,VH,Public,77.93,44.5,310.0,101-500,77.93,,Unranked,,,,Not Comparable,25.4,32.2,50.2,46.3,85.8,48.3,81.5,55.2,19.28333333333333,50.8,68.2,29.4,0.0,0.0,11.3,10.8,35.75,19.45
311,Ulsan National Institute of Science and Technology,South Korea,Asia,S,FO,VH,Public,77.93,44.5,310.0,101-500,77.93,,Unranked,,,,Not Comparable,21.8,16.3,92.5,15.5,37.4,18.9,26.7,99.5,19.28333333333333,3.9,57.5,29.4,0.0,0.0,11.3,10.8,35.75,19.45
312,Universität Stuttgart,Germany,Europe,L,FO,VH,Public,77.93,44.5,310.0,101-500,77.93,,Unranked,,,,Not Comparable,33.4,46.1,11.0,60.9,44.8,64.7,69.7,64.2,19.28333333333333,35.8,74.2,29.4,0.0,0.0,11.3,10.8,35.75,19.45
313,University of Miami,United States,Americas,L,FC,VH,Private not for Profit,77.64,44.3,314.0,101-500,77.64,175.5,101-500,61.69,-138.5,138.5,ARWU Higher,24.5,40.3,57.9,25.1,87.8,31.2,85.2,48.4,25.4,59.6,64.6,29.4,0.0,0.0,22.0,14.7,39.5,14.8
314,University of Tasmania,Australia,Oceania,M,CO,VH,Public,77.64,44.3,314.0,101-500,77.64,350.5,101-500,23.27,36.5,36.5,QS Higher,22.5,12.2,34.3,91.7,87.1,92.3,80.4,72.8,18.03333333333333,25.0,84.0,29.4,0.0,0.0,10.1,15.1,28.9,22.9
315,Goethe Universität Frankfurt am Main,Germany,Europe,L,FC,VH,Public,77.5,44.0,316.0,101-500,77.5,,Unranked,,,,Not Comparable,52.1,38.6,27.0,30.0,54.9,36.0,87.7,31.7,19.28333333333333,28.7,82.9,29.4,0.0,0.0,11.3,10.8,35.75,19.45
316,L.N. Gumilyov Eurasian National University,Kazakhstan,Asia,L,FO,VH,Public,77.43,43.9,317.0,101-500,77.43,,Unranked,,,,Not Comparable,40.1,85.8,94.7,25.8,84.6,27.2,31.4,2.0,19.28333333333333,7.5,46.6,29.4,0.0,0.0,11.3,10.8,35.75,19.45
317,Universidade Federal do Rio de Janeiro,Brazil,Americas,XL,FC,VH,Public,77.43,43.9,317.0,101-500,77.43,,Unranked,,,,Not Comparable,73.0,36.2,18.2,2.3,10.3,6.5,81.0,13.8,19.28333333333333,89.9,70.9,29.4,0.0,0.0,11.3,10.8,35.75,19.45
318,Huazhong University of Science and Technology,China,Asia,XL,FC,VH,Public,77.29,43.8,319.0,101-500,77.29,250.5,101-500,45.23,-68.5,68.5,ARWU Higher,30.9,33.4,11.6,5.2,7.1,4.1,80.3,100.0,20.6,33.5,55.7,29.4,0.0,0.0,0.0,8.7,53.1,16.8
319,Bauman Moscow State Technical University,Russia,Europe,L,CO,VH,Public,77.21,43.5,320.0,101-500,77.21,,Unranked,,,,Not Comparable,41.1,63.8,99.9,85.8,81.0,87.1,14.2,2.0,19.28333333333333,10.1,47.6,29.4,0.0,0.0,11.3,10.8,35.75,19.45
320,Université Grenoble Alpes,France,Europe,XL,FC,VH,Public,77.14,43.4,321.0,101-500,77.14,,Unranked,,,,Not Comparable,55.3,19.2,10.4,47.9,30.9,52.7,94.1,51.8,19.28333333333333,31.8,60.0,29.4,0.0,0.0,11.3,10.8,35.75,19.45
321,University of Tehran,Iran,Asia,XL,CO,VH,Public,77.07,43.3,322.0,101-500,77.07,250.5,101-500,45.23,-71.5,71.5,ARWU Higher,31.0,41.8,4.2,3.3,2.5,2.7,86.8,91.1,16.66666666666667,58.1,45.5,29.4,12.6,0.0,10.0,0.0,40.0,21.0
322,Koc University,Turkey,Asia,M,FC,VH,Private not for Profit,77.0,43.1,323.0,101-500,77.0,,Unranked,,,,Not Comparable,36.0,77.5,21.0,22.2,30.1,27.7,50.4,52.6,19.28333333333333,10.8,62.4,29.4,0.0,0.0,11.3,10.8,35.75,19.45
323,Sichuan University,China,Asia,XL,FC,VH,Public,76.93,43.0,324.0,101-500,76.93,350.5,101-500,23.27,26.5,26.5,QS Higher,30.8,34.5,14.0,9.2,9.7,7.1,72.9,99.9,19.5,21.0,45.3,29.4,0.0,0.0,0.0,4.3,54.2,15.2
324,University of Jordan,Jordan,Asia,XL,FC,HI,Public,76.93,43.0,324.0,101-500,76.93,,Unranked,,,,Not Comparable,47.9,59.8,28.9,64.5,33.8,68.0,69.2,7.3,19.28333333333333,90.1,64.1,29.4,0.0,0.0,11.3,10.8,35.75,19.45
325,University of Leicester,United Kingdom,Europe,L,FC,VH,Public,76.79,42.9,326.0,101-500,76.79,250.5,101-500,45.23,-75.5,75.5,ARWU Higher,29.6,17.7,40.1,90.6,90.6,91.4,91.1,44.2,21.36666666666666,31.0,81.2,29.4,0.0,0.0,14.6,18.5,31.0,20.0
326,Universidade Nova de Lisboa,Portugal,Europe,L,FC,VH,Public,76.71,42.8,327.0,101-500,76.71,,Unranked,,,,Not Comparable,40.1,42.6,18.1,77.7,27.2,79.8,84.1,37.6,19.28333333333333,59.4,66.9,29.4,0.0,0.0,11.3,10.8,35.75,19.45
327,Rutgers University – New Brunswick,United States,Americas,XL,CO,VH,Public,76.64,42.6,328.0,101-500,76.64,,Unranked,,,,Not Comparable,47.7,45.8,53.4,38.8,24.1,44.3,75.3,16.5,19.28333333333333,44.6,87.5,29.4,0.0,0.0,11.3,10.8,35.75,19.45
328,University of Delhi,India,Asia,L,FO,VH,Public,76.64,42.6,328.0,101-500,76.64,,Unranked,,,,Not Comparable,46.9,41.9,6.9,2.8,1.8,7.5,83.0,47.1,19.28333333333333,98.9,71.2,29.4,0.0,0.0,11.3,10.8,35.75,19.45
329,University of Sharjah,United Arab Emirates,Asia,L,CO,VH,Private not for Profit,76.64,42.6,328.0,101-500,76.64,,Unranked,,,,Not Comparable,28.5,34.9,9.3,100.0,100.0,100.0,84.8,52.2,19.28333333333333,19.3,58.8,29.4,0.0,0.0,11.3,10.8,35.75,19.45
330,Kyung Hee University,South Korea,Asia,L,FC,VH,Private not for Profit,76.43,42.5,331.0,101-500,76.43,350.5,101-500,23.27,19.5,19.5,QS Higher,34.6,43.0,86.2,68.5,19.8,71.5,66.8,25.9,16.1,21.6,74.9,29.4,0.0,0.0,5.0,4.4,38.9,18.0
331,Satbayev University,Kazakhstan,Asia,M,FO,VH,Public,76.43,42.5,331.0,101-500,76.43,,Unranked,,,,Not Comparable,40.6,58.8,94.2,53.7,89.2,48.5,25.7,1.7,19.28333333333333,33.0,48.7,29.4,0.0,0.0,11.3,10.8,35.75,19.45
332,York University,Canada,Americas,XL,CO,VH,Public,76.29,42.4,333.0,101-500,76.29,450.5,101-500,1.32,117.5,117.5,QS Higher,33.4,31.7,5.0,78.9,87.3,80.9,73.5,37.8,13.56666666666667,82.2,84.5,29.4,0.0,0.0,0.0,10.1,30.6,12.4
333,Indian Institute of Technology Guwahati,India,Asia,M,CO,VH,Public,76.21,42.3,334.0,101-500,76.21,,Unranked,,,,Not Comparable,25.4,62.0,10.2,1.6,8.1,5.9,53.1,96.9,19.28333333333333,8.7,43.0,29.4,0.0,0.0,11.3,10.8,35.75,19.45
334,Sultan Qaboos University,Oman,Asia,M,FC,VH,Public,76.21,42.3,334.0,101-500,76.21,,Unranked,,,,Not Comparable,28.9,25.9,62.3,6.0,100.0,9.9,80.9,39.5,19.28333333333333,70.0,69.6,29.4,0.0,0.0,11.3,10.8,35.75,19.45
335,Tufts University,United States,Americas,L,FC,VH,Private not for Profit,76.21,42.3,334.0,101-500,76.21,125.5,101-500,72.67,-208.5,208.5,ARWU Higher,23.8,21.2,65.6,48.3,42.9,53.2,67.0,52.5,23.46666666666667,69.3,86.3,23.9,18.5,16.3,20.1,15.4,34.9,25.7
336,Universidad Politécnica de Madrid,Spain,Europe,XL,CO,VH,Public,76.21,42.3,334.0,101-500,76.21,,Unranked,,,,Not Comparable,43.0,67.8,24.8,45.2,4.3,33.8,81.9,19.6,19.28333333333333,69.4,70.7,29.4,0.0,0.0,11.3,10.8,35.75,19.45
337,University of Illinois Chicago,United States,Americas,L,FC,VH,Public,76.21,42.3,334.0,101-500,76.21,,Unranked,,,,Not Comparable,48.8,40.3,33.1,28.4,11.0,21.3,82.3,39.2,19.28333333333333,36.4,66.9,29.4,0.0,0.0,11.3,10.8,35.75,19.45
338,Indian Institute of Technology Roorkee,India,Asia,M,FO,VH,Public,75.86,42.2,339.0,101-500,75.86,,Unranked,,,,Not Comparable,26.8,52.2,9.5,3.6,2.0,7.8,54.5,96.6,19.28333333333333,19.5,57.5,29.4,0.0,0.0,11.3,10.8,35.75,19.45
339,Shandong University,China,Asia,XL,FC,VH,Public,75.86,42.2,339.0,101-500,75.86,350.5,101-500,23.27,11.5,11.5,QS Higher,22.8,39.0,21.8,5.7,11.2,4.5,72.8,97.1,18.83333333333333,26.8,57.5,29.4,0.0,0.0,0.0,3.4,53.1,15.3
340,Xiamen University,China,Asia,XL,FC,VH,Public,75.71,42.1,341.0,101-500,75.71,350.5,101-500,23.27,9.5,9.5,QS Higher,34.3,24.2,25.0,9.3,10.8,7.1,64.7,83.9,18.03333333333333,54.4,54.1,29.4,0.0,0.0,5.5,9.2,39.4,14.7
341,University of Oulu,Finland,Europe,M,FC,VH,Public,75.64,42.0,342.0,101-500,75.64,350.5,101-500,23.27,8.5,8.5,QS Higher,23.0,21.8,29.5,19.7,80.9,25.8,87.9,74.5,14.7,30.6,75.2,29.4,11.5,0.0,8.6,7.0,28.5,15.4
342,Southern University of Science and Technology,China,Asia,M,FO,VH,Public,75.57,41.8,343.0,101-500,75.57,,Unranked,,,,Not Comparable,14.9,9.4,87.5,2.8,42.7,7.2,47.2,100.0,19.28333333333333,1.3,65.5,29.4,0.0,0.0,11.3,10.8,35.75,19.45
343,University of Pisa,Italy,Europe,L,FC,VH,Public,75.57,41.8,343.0,101-500,75.57,175.5,101-500,61.69,-167.5,167.5,ARWU Higher,51.6,26.3,12.8,10.5,5.0,16.3,84.6,59.6,16.9,25.1,72.8,29.4,13.6,23.1,7.2,6.5,37.0,22.1
344,National Taiwan University of Science and Technology,Taiwan,Asia,M,FO,VH,Public,75.43,41.7,345.0,101-500,75.43,,Unranked,,,,Not Comparable,36.7,48.6,50.6,35.3,31.3,38.9,45.6,46.8,19.28333333333333,25.4,56.8,29.4,0.0,0.0,11.3,10.8,35.75,19.45
345,Pontificia Universidad Católica del Perú,Peru,Americas,L,FO,VH,Private not for Profit,75.43,41.7,345.0,101-500,75.43,,Unranked,,,,Not Comparable,63.1,66.7,50.0,1.9,4.2,6.4,44.4,2.3,19.28333333333333,50.6,59.7,29.4,0.0,0.0,11.3,10.8,35.75,19.45
346,Cairo University,Egypt,Africa,XL,FC,VH,Public,75.29,41.6,347.0,101-500,75.29,450.5,101-500,1.32,103.5,103.5,QS Higher,60.8,52.7,13.8,14.4,4.2,10.9,88.9,6.0,11.63333333333333,98.0,66.6,29.4,19.2,0.0,0.0,3.9,31.0,16.5
347,Tilburg University,Netherlands,Europe,L,SP,VH,Public,75.29,41.6,347.0,101-500,75.29,450.5,101-500,1.32,103.5,103.5,QS Higher,20.5,37.1,16.8,77.4,99.0,79.5,61.1,67.1,12.96666666666667,23.1,50.6,29.4,0.0,0.0,0.0,10.8,28.1,21.2
348,University of Coimbra,Portugal,Europe,L,FC,VH,Public,75.29,41.6,347.0,101-500,75.29,450.5,101-500,1.32,103.5,103.5,QS Higher,39.2,24.9,14.9,33.3,13.1,39.1,92.2,61.4,13.36666666666667,47.6,75.8,29.4,0.0,0.0,0.0,7.2,32.9,16.3
349,Technion - Israel Institute of Technology,Israel,Asia,L,FO,VH,Public,75.07,41.5,350.0,101-500,75.07,,Unranked,,,,Not Comparable,32.2,35.6,67.3,10.6,91.1,8.1,57.5,33.3,19.28333333333333,65.9,53.2,29.4,0.0,0.0,11.3,10.8,35.75,19.45
350,Universität Innsbruck,Austria,Europe,L,FC,VH,Public,75.07,41.5,350.0,101-500,75.07,,Unranked,,,,Not Comparable,27.7,12.3,76.9,100.0,100.0,100.0,73.9,17.7,19.28333333333333,69.9,74.7,29.4,0.0,0.0,11.3,10.8,35.75,19.45
351,University of Münster,Germany,Europe,L,FC,VH,Public,75.07,41.5,350.0,101-500,75.07,,Unranked,,,,Not Comparable,42.3,41.5,79.6,8.4,35.6,14.1,82.5,15.5,19.28333333333333,45.3,74.6,29.4,0.0,0.0,11.3,10.8,35.75,19.45
352,University of Tsukuba,Japan,Asia,L,FC,VH,Public,75.07,41.5,350.0,101-500,75.07,250.5,101-500,45.23,-99.5,99.5,ARWU Higher,49.9,32.9,58.9,31.1,18.1,37.0,68.4,30.0,16.96666666666667,18.1,73.4,29.4,0.0,19.6,5.8,10.4,34.7,15.6
353,Quaid-i-azam University,Pakistan,Asia,M,CO,VH,Public,74.79,41.3,354.0,101-500,74.79,,Unranked,,,,Not Comparable,24.0,47.6,5.3,3.1,9.8,7.8,67.5,97.5,19.28333333333333,27.8,46.9,29.4,0.0,0.0,11.3,10.8,35.75,19.45
354,Nankai University,China,Asia,XL,FC,VH,Public,74.71,41.2,355.0,101-500,74.71,350.5,101-500,23.27,-4.5,4.5,ARWU Higher,27.1,24.4,28.8,5.0,17.8,3.9,56.1,93.9,15.83333333333333,47.3,44.9,29.4,0.0,0.0,5.0,5.6,36.9,14.2
355,National Technical University of Athens,Greece,Europe,L,FO,VH,Public,74.71,41.2,355.0,101-500,74.71,,Unranked,,,,Not Comparable,28.2,51.2,5.9,9.6,20.1,14.9,72.0,80.9,19.28333333333333,51.4,49.3,29.4,0.0,0.0,11.3,10.8,35.75,19.45
356,Università degli Studi di Roma - Tor Vergata,Italy,Europe,L,CO,VH,Public,74.71,41.2,355.0,101-500,74.71,,Unranked,,,,Not Comparable,40.7,25.2,14.9,58.8,19.7,62.8,71.7,65.5,19.28333333333333,8.5,70.3,29.4,0.0,0.0,11.3,10.8,35.75,19.45
357,George Washington University,United States,Americas,L,FC,VH,Private not for Profit,74.5,41.1,358.0,101-500,74.5,,Unranked,,,,Not Comparable,31.7,45.8,30.3,39.2,13.0,44.7,78.7,43.4,19.28333333333333,85.8,60.0,29.4,0.0,0.0,11.3,10.8,35.75,19.45
358,Mahidol University,Thailand,Asia,L,FC,VH,Public,74.5,41.1,358.0,101-500,74.5,,Unranked,,,,Not Comparable,59.4,38.8,82.4,9.1,8.5,14.0,67.9,9.0,19.28333333333333,17.4,61.2,29.4,0.0,0.0,11.3,10.8,35.75,19.45
359,University of Victoria,Canada,Americas,L,CO,VH,Public,74.5,41.1,358.0,101-500,74.5,250.5,101-500,45.23,-107.5,107.5,ARWU Higher,25.6,17.3,6.2,46.0,97.2,51.0,61.3,78.7,19.4,21.2,79.9,29.4,0.0,0.0,17.2,11.3,29.7,19.9
360,Virginia Polytechnic Institute,United States,Americas,XL,FC,VH,Public,74.5,41.1,358.0,101-500,74.5,,Unranked,,,,Not Comparable,34.5,39.4,26.3,27.9,81.6,33.9,86.1,38.7,19.28333333333333,41.1,68.2,29.4,0.0,0.0,11.3,10.8,35.75,19.45
361,University of Chinese Academy of Sciences,China,Asia,XL,FC,VH,Public,74.21,40.9,362.0,101-500,74.21,,Unranked,,,,Not Comparable,30.9,11.9,100.0,3.9,20.1,3.1,93.7,75.1,19.28333333333333,15.6,48.7,29.4,0.0,0.0,11.3,10.8,35.75,19.45
362,University of Pretoria,South Africa,Africa,XL,FC,VH,Public,74.21,40.9,362.0,101-500,74.21,456.5,101-500,0.0,94.5,94.5,QS Higher,32.3,55.1,6.2,17.4,57.2,23.5,97.6,31.2,12.03333333333333,84.8,80.1,29.4,0.0,0.0,0.0,9.6,26.5,12.7
363,University of Tartu,Estonia,Europe,M,FC,VH,Public,74.21,40.9,362.0,101-500,74.21,,Unranked,,,,Not Comparable,28.6,23.7,94.6,20.8,62.1,26.9,89.0,19.1,19.28333333333333,89.2,64.2,29.4,0.0,0.0,11.3,10.8,35.75,19.45
364,University of the Philippines,Philippines,Asia,XL,FC,HI,Public,74.21,40.9,362.0,101-500,74.21,,Unranked,,,,Not Comparable,50.6,71.1,42.7,1.2,2.4,5.7,66.4,3.2,19.28333333333333,80.8,68.9,29.4,0.0,0.0,11.3,10.8,35.75,19.45
365,University of Turku,Finland,Europe,L,FC,VH,Public,73.93,40.6,366.0,101-500,73.93,350.5,101-500,23.27,-15.5,15.5,ARWU Higher,36.3,20.2,63.2,8.9,46.2,14.7,89.2,39.6,15.83333333333333,46.1,74.4,29.4,0.0,0.0,6.3,8.2,33.0,17.1
366,RUDN University,Russia,Europe,XL,FC,VH,Public,73.86,40.5,367.0,101-500,73.86,,Unranked,,,,Not Comparable,28.4,61.2,94.0,95.3,10.9,95.6,88.3,3.9,19.28333333333333,14.3,58.9,29.4,0.0,0.0,11.3,10.8,35.75,19.45
367,Sciences Po Paris,France,Europe,L,SP,VH,Public,73.86,40.5,367.0,101-500,73.86,,Unranked,,,,Not Comparable,24.6,51.5,81.1,98.2,61.8,98.3,29.6,4.7,19.28333333333333,98.0,54.5,29.4,0.0,0.0,11.3,10.8,35.75,19.45
368,Universiti Brunei Darussalam,Brunei,Asia,S,CO,VH,Public,73.86,40.5,367.0,101-500,73.86,,Unranked,,,,Not Comparable,29.9,20.5,94.2,43.5,100.0,42.1,53.0,22.5,19.28333333333333,58.2,52.4,29.4,0.0,0.0,11.3,10.8,35.75,19.45
369,Daegu Gyeongbuk Institute of Science and Technology,South Korea,Asia,S,FO,VH,Public,73.64,40.4,370.0,101-500,73.64,,Unranked,,,,Not Comparable,17.0,28.1,82.3,7.3,5.1,10.8,15.8,100.0,19.28333333333333,2.5,42.8,29.4,0.0,0.0,11.3,10.8,35.75,19.45
370,Bogazici University,Turkey,Asia,M,CO,VH,Public,73.57,40.3,371.0,101-500,73.57,,Unranked,,,,Not Comparable,36.2,85.8,5.1,7.5,28.2,12.6,49.0,23.7,19.28333333333333,88.7,68.5,29.4,0.0,0.0,11.3,10.8,35.75,19.45
371,National University of Sciences And Technology Islamabad,Pakistan,Asia,L,FC,VH,Public,73.57,40.3,371.0,101-500,73.57,,Unranked,,,,Not Comparable,29.3,76.3,66.7,5.0,5.7,9.3,76.6,32.3,19.28333333333333,3.4,63.3,29.4,0.0,0.0,11.3,10.8,35.75,19.45
372,Pontificia Universidad Javeriana,Colombia,Americas,L,FC,HI,Private not for Profit,73.57,40.3,371.0,101-500,73.57,,Unranked,,,,Not Comparable,60.5,61.8,37.8,3.7,3.8,8.5,38.7,2.7,19.28333333333333,83.1,58.6,29.4,0.0,0.0,11.3,10.8,35.75,19.45
373,Oxford Brookes University,United Kingdom,Europe,L,CO,HI,Public,73.36,40.0,374.0,101-500,73.36,,Unranked,,,,Not Comparable,38.7,62.3,14.8,89.8,80.8,90.7,61.8,12.4,19.28333333333333,26.0,59.8,29.4,0.0,0.0,11.3,10.8,35.75,19.45
374,Saint Petersburg State University,Russia,Europe,L,FC,VH,Public,73.29,39.9,375.0,101-500,73.29,350.5,101-500,23.27,-24.5,24.5,ARWU Higher,42.2,43.6,65.8,52.2,6.7,56.8,83.7,7.9,12.13333333333333,80.1,44.6,29.4,26.7,0.0,0.0,6.7,29.7,17.4
375,Sharif University of Technology,Iran,Asia,M,FO,VH,Public,73.29,39.9,375.0,101-500,73.29,450.5,101-500,1.32,75.5,75.5,QS Higher,17.8,48.2,8.2,1.6,2.6,5.9,68.4,99.2,10.9,38.7,38.7,29.4,15.4,0.0,3.6,0.0,29.1,15.3
376,South China University of Technology,China,Asia,XL,FO,VH,Public,73.14,39.8,377.0,101-500,73.14,350.5,101-500,23.27,-26.5,26.5,ARWU Higher,18.8,20.8,29.4,10.5,15.9,16.4,64.8,99.3,17.63333333333334,40.4,50.1,29.4,0.0,0.0,7.1,5.1,40.7,15.5
377,University of Saskatchewan,Canada,Americas,L,FC,VH,Public,73.07,39.6,378.0,101-500,73.07,350.5,101-500,23.27,-27.5,27.5,ARWU Higher,16.0,10.2,21.1,65.4,82.4,68.7,77.3,71.9,15.93333333333333,44.3,83.6,29.4,8.9,0.0,7.9,7.6,32.3,15.6
378,University of Liege,Belgium,Europe,L,FC,VH,Public,73.0,39.5,379.0,101-500,73.0,250.5,101-500,45.23,-128.5,128.5,ARWU Higher,24.4,16.9,10.8,65.6,62.1,68.9,95.2,63.2,18.13333333333333,32.9,79.7,29.4,7.3,0.0,10.1,13.5,30.8,23.5
379,University of Naples - Federico II,Italy,Europe,XL,FC,VH,Public,73.0,39.5,379.0,101-500,73.0,,Unranked,,,,Not Comparable,47.8,32.8,6.8,1.2,2.9,1.2,94.9,59.5,19.28333333333333,12.5,57.5,29.4,0.0,0.0,11.3,10.8,35.75,19.45
380,The American University in Cairo,Egypt,Africa,M,CO,VH,Private not for Profit,72.86,39.4,381.0,101-500,72.86,,Unranked,,,,Not Comparable,40.8,46.9,39.0,7.1,98.0,11.7,46.8,12.2,19.28333333333333,88.6,51.6,29.4,0.0,0.0,11.3,10.8,35.75,19.45
381,University of East Anglia,United Kingdom,Europe,L,FC,VH,Public,72.86,39.4,381.0,101-500,72.86,250.5,101-500,45.23,-130.5,130.5,ARWU Higher,24.7,15.0,24.0,49.3,81.9,54.0,86.8,55.5,21.03333333333333,31.8,91.1,29.4,13.6,0.0,19.2,15.6,28.3,23.2
382,University of Luxembourg,Luxembourg,Europe,M,FO,VH,,72.86,39.4,381.0,101-500,72.86,,Unranked,,,,Not Comparable,13.2,8.2,87.2,100.0,100.0,100.0,68.1,39.5,19.28333333333333,58.8,42.4,29.4,0.0,0.0,11.3,10.8,35.75,19.45
383,Brunel University of London,United Kingdom,Europe,L,CO,VH,Public,72.57,39.1,385.0,101-500,72.57,,Unranked,,,,Not Comparable,17.6,25.2,12.2,100.0,99.5,100.0,76.7,51.8,19.28333333333333,28.8,80.4,29.4,0.0,0.0,11.3,10.8,35.75,19.45
384,Gwangju Institute of Science and Technology,South Korea,Asia,S,SP,VH,Public,72.57,39.1,385.0,101-500,72.57,,Unranked,,,,Not Comparable,21.3,12.4,56.7,18.5,15.7,20.8,28.9,99.9,19.28333333333333,2.2,55.3,29.4,0.0,0.0,11.3,10.8,35.75,19.45
385,Flinders University,Australia,Oceania,L,FC,VH,Public,72.43,39.0,387.0,101-500,72.43,350.5,101-500,23.27,-36.5,36.5,ARWU Higher,19.6,9.7,11.3,97.3,97.9,97.4,77.3,64.3,13.1,15.5,81.6,29.4,15.4,0.0,5.1,5.1,29.1,22.1
386,Beihang University,China,Asia,L,CO,VH,Public,72.36,38.5,388.0,101-500,72.36,350.5,101-500,23.27,-37.5,37.5,ARWU Higher,18.3,23.5,57.8,8.3,9.5,6.4,50.1,91.6,17.6,20.9,36.7,29.4,0.0,0.0,8.6,3.9,40.3,16.5
387,"Birkbeck College, University of London",United Kingdom,Europe,M,CO,VH,Public,72.36,38.5,388.0,101-500,72.36,,Unranked,,,,Not Comparable,15.5,5.9,19.1,98.7,98.9,98.7,60.1,79.6,19.28333333333333,17.7,45.6,29.4,0.0,0.0,11.3,10.8,35.75,19.45
388,National and Kapodistrian University of Athens,Greece,Europe,XL,FC,VH,Public,72.21,38.4,390.0,101-500,72.21,350.5,101-500,23.27,-39.5,39.5,ARWU Higher,34.9,38.9,3.0,27.2,12.7,32.7,79.7,45.1,17.96666666666667,88.9,64.3,29.4,0.0,0.0,10.6,4.4,38.9,19.7
389,Abu Dhabi University,United Arab Emirates,Asia,S,FO,VH,Private for Profit,72.14,38.3,391.0,101-500,72.14,,Unranked,,,,Not Comparable,24.6,49.8,23.9,99.9,100.0,99.9,34.5,35.9,19.28333333333333,10.1,49.6,29.4,0.0,0.0,11.3,10.8,35.75,19.45
390,Sejong University,South Korea,Asia,L,CO,VH,Private not for Profit,72.07,38.2,392.0,101-500,72.07,,Unranked,,,,Not Comparable,16.3,19.4,16.3,50.7,32.4,37.8,77.8,92.2,19.28333333333333,1.8,61.3,29.4,0.0,0.0,11.3,10.8,35.75,19.45
391,"Southeast University, China",China,Asia,XL,FC,VH,Public,72.07,38.2,392.0,101-500,72.07,,Unranked,,,,Not Comparable,21.1,20.8,24.5,6.1,31.6,11.5,76.9,93.6,19.28333333333333,9.6,45.0,29.4,0.0,0.0,11.3,10.8,35.75,19.45
392,Universitat Politècnica de Catalunya,Spain,Europe,L,CO,VH,Public,72.07,38.2,392.0,101-500,72.07,,Unranked,,,,Not Comparable,40.8,32.8,42.5,31.0,16.7,36.9,84.0,27.0,19.28333333333333,35.7,77.0,29.4,0.0,0.0,11.3,10.8,35.75,19.45
393,Aston University,United Kingdom,Europe,L,CO,VH,Public,71.86,38.1,395.0,101-500,71.86,,Unranked,,,,Not Comparable,18.1,27.1,12.0,63.4,97.9,67.0,81.8,56.7,19.28333333333333,28.3,67.6,29.4,0.0,0.0,11.3,10.8,35.75,19.45
394,Ruhr-Universität Bochum,Germany,Europe,XL,FC,VH,Public,71.86,38.1,395.0,101-500,71.86,,Unranked,,,,Not Comparable,29.1,11.8,3.9,55.6,59.3,59.9,90.0,65.8,19.28333333333333,21.4,72.5,29.4,0.0,0.0,11.3,10.8,35.75,19.45
395,Lappeenranta-Lahti University of Technology LUT,Finland,Europe,M,SP,VH,Public,71.71,37.7,397.0,101-500,71.71,,Unranked,,,,Not Comparable,8.7,15.7,11.9,58.1,70.1,62.1,54.4,95.9,19.28333333333333,10.4,72.2,29.4,0.0,0.0,11.3,10.8,35.75,19.45
396,University of Kent,United Kingdom,Europe,L,CO,VH,Public,71.71,37.7,397.0,101-500,71.71,,Unranked,,,,Not Comparable,20.2,13.8,16.2,49.2,96.4,54.0,88.0,58.3,19.28333333333333,44.0,65.5,29.4,0.0,0.0,11.3,10.8,35.75,19.45
397,IPB University,Indonesia,Asia,L,FO,VH,Public,71.57,37.6,399.0,101-500,71.57,,Unranked,,,,Not Comparable,35.1,56.0,82.9,6.0,73.7,10.8,26.2,3.0,19.28333333333333,45.3,63.2,29.4,0.0,0.0,11.3,10.8,35.75,19.45
398,Western Sydney University,Australia,Oceania,XL,FC,VH,Public,71.5,37.5,400.0,101-500,71.5,,Unranked,,,,Not Comparable,26.3,22.5,7.4,67.7,100.0,70.9,87.3,44.5,19.28333333333333,11.8,82.6,29.4,0.0,0.0,11.3,10.8,35.75,19.45
399,Umeå University,Sweden,Europe,L,FC,VH,Public,71.43,37.4,401.0,101-500,71.43,,Unranked,,,,Not Comparable,27.2,20.2,80.7,37.5,77.2,28.0,76.9,25.0,19.28333333333333,11.9,77.1,29.4,0.0,0.0,11.3,10.8,35.75,19.45
400,University of Granada,Spain,Europe,XL,FC,VH,Public,71.43,37.4,401.0,101-500,71.43,350.5,101-500,23.27,-50.5,50.5,ARWU Higher,59.3,24.3,11.2,31.7,9.9,37.6,96.4,26.3,18.13333333333334,13.1,58.4,29.4,0.0,0.0,7.1,7.6,39.7,13.3
401,University of Limerick,Ireland,Europe,L,FC,HI,Public,71.43,37.4,401.0,101-500,71.43,,Unranked,,,,Not Comparable,27.9,36.6,23.6,48.4,93.2,53.3,71.6,34.5,19.28333333333333,14.7,75.9,29.4,0.0,0.0,11.3,10.8,35.75,19.45
402,Sabanci University,Turkey,Asia,S,CO,VH,Private not for Profit,71.21,37.2,404.0,101-500,71.21,,Unranked,,,,Not Comparable,26.5,62.6,40.0,28.0,51.2,30.9,35.5,39.2,19.28333333333333,12.8,50.1,29.4,0.0,0.0,11.3,10.8,35.75,19.45
403,University of Florence,Italy,Europe,XL,FC,VH,Public,71.21,37.2,404.0,101-500,71.21,250.5,101-500,45.23,-153.5,153.5,ARWU Higher,45.1,16.9,7.0,20.8,11.2,26.9,86.1,49.7,21.36666666666666,36.9,72.9,29.4,0.0,0.0,15.2,10.1,38.8,18.5
404,Institut National des Sciences Appliquées de Lyon,France,Europe,M,FO,VH,Public,71.07,37.1,406.0,101-500,71.07,,Unranked,,,,Not Comparable,9.4,38.0,42.7,77.5,34.4,79.7,58.7,69.0,19.28333333333333,17.8,39.1,29.4,0.0,0.0,11.3,10.8,35.75,19.45
405,Lincoln University,New Zealand,Oceania,S,SP,VH,Public,71.0,37.0,407.0,101-500,71.0,,Unranked,,,,Not Comparable,13.3,10.7,32.4,99.6,100.0,99.1,25.4,62.6,19.28333333333333,45.1,62.0,29.4,0.0,0.0,11.3,10.8,35.75,19.45
406,University of Turin,Italy,Europe,XL,FC,VH,Public,70.93,36.9,408.0,101-500,70.93,175.5,101-500,61.69,-232.5,232.5,ARWU Higher,48.1,14.3,5.1,10.1,5.2,16.0,90.0,42.5,21.56666666666666,61.4,78.7,29.4,15.4,0.0,16.2,8.5,40.0,20.2
407,Università Cattolica del Sacro Cuore,Italy,Europe,L,FO,VH,Private not for Profit,70.86,36.8,409.0,101-500,70.86,,Unranked,,,,Not Comparable,33.1,43.1,28.7,13.9,17.1,19.9,72.4,40.3,19.28333333333333,42.7,62.0,29.4,0.0,0.0,11.3,10.8,35.75,19.45
408,Auckland University of Technology,New Zealand,Oceania,L,CO,VH,Public,70.79,36.7,410.0,101-500,70.79,,Unranked,,,,Not Comparable,29.6,22.5,13.7,100.0,100.0,100.0,50.4,33.2,19.28333333333333,23.4,74.0,29.4,0.0,0.0,11.3,10.8,35.75,19.45
409,Dublin City University,Ireland,Europe,L,FC,HI,Public,70.79,36.7,410.0,101-500,70.79,,Unranked,,,,Not Comparable,29.2,37.5,27.8,43.2,80.8,48.4,78.0,22.0,19.28333333333333,40.2,79.7,29.4,0.0,0.0,11.3,10.8,35.75,19.45
410,Sunway University,Malaysia,Asia,M,CO,VH,Private not for Profit,70.79,36.7,410.0,101-500,70.79,,Unranked,,,,Not Comparable,20.9,53.3,56.9,66.9,57.1,68.7,61.4,25.2,19.28333333333333,5.1,61.2,29.4,0.0,0.0,11.3,10.8,35.75,19.45
411,University at Buffalo SUNY,United States,Americas,L,FC,VH,Public,70.79,36.7,410.0,101-500,70.79,,Unranked,,,,Not Comparable,26.3,19.1,10.7,52.5,51.5,57.0,74.1,53.0,19.28333333333333,43.7,82.7,29.4,0.0,0.0,11.3,10.8,35.75,19.45
412,University of Southern Queensland,Australia,Oceania,M,CO,VH,Public,70.79,36.7,410.0,101-500,70.79,,Unranked,,,,Not Comparable,11.0,8.2,7.9,48.7,78.5,52.0,82.2,90.1,19.28333333333333,11.0,65.5,29.4,0.0,0.0,11.3,10.8,35.75,19.45
413,Bilkent University,Turkey,Asia,M,CO,VH,Private not for Profit,70.43,36.6,415.0,101-500,70.43,,Unranked,,,,Not Comparable,33.8,73.3,14.5,7.6,61.6,12.1,40.5,27.7,19.28333333333333,27.0,51.7,29.4,0.0,0.0,11.3,10.8,35.75,19.45
414,Czech Technical University In Prague,Czechia,Europe,L,SP,VH,Public,70.36,36.5,416.0,101-500,70.36,,Unranked,,,,Not Comparable,26.8,51.3,89.4,56.0,28.7,60.2,69.4,6.2,19.28333333333333,23.1,53.6,29.4,0.0,0.0,11.3,10.8,35.75,19.45
415,Julius-Maximilians-Universität Würzburg,Germany,Europe,L,FC,VH,Public,70.36,36.5,416.0,101-500,70.36,,Unranked,,,,Not Comparable,21.4,9.9,8.9,19.7,60.1,14.9,78.3,87.0,19.28333333333333,17.0,50.2,29.4,0.0,0.0,11.3,10.8,35.75,19.45
416,Universität Mannheim,Germany,Europe,M,FO,VH,Public,70.36,36.5,416.0,101-500,70.36,,Unranked,,,,Not Comparable,20.3,76.3,4.6,41.2,55.7,46.6,25.7,42.4,19.28333333333333,45.0,51.3,29.4,0.0,0.0,11.3,10.8,35.75,19.45
417,University of Aveiro,Portugal,Europe,L,CO,VH,Public,70.14,36.4,419.0,101-500,70.14,,Unranked,,,,Not Comparable,18.6,15.5,13.1,24.8,5.2,30.9,85.5,94.7,19.28333333333333,3.3,64.7,29.4,0.0,0.0,11.3,10.8,35.75,19.45
418,National Taipei University of Technology,Taiwan,Asia,M,FO,VH,Public,70.07,36.3,420.0,101-500,70.07,,Unranked,,,,Not Comparable,18.2,57.6,28.6,31.7,25.6,34.9,25.6,58.8,19.28333333333333,29.2,58.9,29.4,0.0,0.0,11.3,10.8,35.75,19.45
419,Université de Strasbourg,France,Europe,XL,FC,VH,Public,70.07,36.3,420.0,101-500,70.07,,Unranked,,,,Not Comparable,50.1,16.3,7.3,45.4,41.7,33.9,90.7,31.5,19.28333333333333,29.8,47.3,29.4,0.0,0.0,11.3,10.8,35.75,19.45
420,Universitat Politecnica de Valencia,Spain,Europe,XL,CO,VH,Public,69.93,36.2,422.0,101-500,69.93,,Unranked,,,,Not Comparable,38.0,27.6,35.3,41.5,7.7,46.9,85.8,31.2,19.28333333333333,22.4,79.5,29.4,0.0,0.0,11.3,10.8,35.75,19.45
421,Murdoch University,Australia,Oceania,M,CO,VH,Public,69.86,36.1,423.0,101-500,69.86,456.5,101-500,0.0,33.5,33.5,QS Higher,13.0,8.7,7.4,82.5,89.6,61.4,75.1,73.9,10.93333333333333,24.9,53.4,29.4,0.0,0.0,10.5,4.1,18.2,18.2
422,Tampere University,Finland,Europe,L,FC,VH,Public,69.86,36.1,423.0,101-500,69.86,,Unranked,,,,Not Comparable,29.2,24.7,24.8,13.9,61.6,19.6,84.0,47.7,19.28333333333333,42.1,49.2,29.4,0.0,0.0,11.3,10.8,35.75,19.45
423,Università degli Studi di Pavia,Italy,Europe,L,FC,VH,Public,69.86,36.1,423.0,101-500,69.86,,Unranked,,,,Not Comparable,29.4,12.9,13.5,24.6,8.4,30.7,80.4,72.3,19.28333333333333,20.4,74.9,29.4,0.0,0.0,11.3,10.8,35.75,19.45
424,Washington State University,United States,Americas,L,FC,VH,Public,69.86,36.1,423.0,101-500,69.86,350.5,101-500,23.27,-72.5,72.5,ARWU Higher,28.7,39.9,23.1,9.2,50.7,15.0,77.9,42.7,18.93333333333333,15.5,78.5,29.4,0.0,0.0,17.3,8.5,31.0,16.6
425,Graz University of Technology,Austria,Europe,M,FO,VH,Public,69.57,36.0,427.0,101-500,69.57,,Unranked,,,,Not Comparable,21.9,22.1,99.2,71.3,86.6,53.1,52.3,18.8,19.28333333333333,15.2,42.6,29.4,0.0,0.0,11.3,10.8,35.75,19.45
426,Aix-Marseille University,France,Europe,XL,FC,VH,Public,69.5,35.9,428.0,101-500,69.5,126.0,101-500,72.56,-302.0,302.0,ARWU Higher,51.0,15.9,11.0,29.0,22.8,21.7,99.0,29.7,27.6,29.0,63.2,29.4,15.6,0.0,16.1,22.4,44.3,15.3
427,University of Dundee,United Kingdom,Europe,M,FC,VH,Public,69.5,35.9,428.0,101-500,69.5,,Unranked,,,,Not Comparable,25.5,21.3,44.8,84.4,92.0,85.8,78.7,20.6,19.28333333333333,13.9,78.6,29.4,0.0,0.0,11.3,10.8,35.75,19.45
428,Masaryk University,Czechia,Europe,XL,CO,VH,Public,69.36,35.7,430.0,101-500,69.36,,Unranked,,,,Not Comparable,32.3,37.3,13.1,76.8,34.5,79.0,79.8,18.8,19.28333333333333,58.8,77.0,29.4,0.0,0.0,11.3,10.8,35.75,19.45
429,Universitat de Valencia,Spain,Europe,XL,FC,VH,Public,69.36,35.7,430.0,101-500,69.36,,Unranked,,,,Not Comparable,49.7,17.2,17.3,39.4,2.7,44.8,91.4,31.0,19.28333333333333,16.5,74.1,29.4,0.0,0.0,11.3,10.8,35.75,19.45
430,Université de Montpellier,France,Europe,XL,FO,VH,Public,69.36,35.7,430.0,101-500,69.36,,Unranked,,,,Not Comparable,26.7,4.9,11.7,42.8,29.0,48.0,99.4,72.3,19.28333333333333,18.8,55.3,29.4,0.0,0.0,11.3,10.8,35.75,19.45
431,East China Normal University,China,Asia,XL,CO,VH,Public,69.14,35.6,433.0,101-500,69.14,,Unranked,,,,Not Comparable,19.9,16.4,20.2,15.7,46.7,11.9,69.2,82.1,19.28333333333333,14.5,47.7,29.4,0.0,0.0,11.3,10.8,35.75,19.45
432,Leibniz Universität Hannover,Germany,Europe,L,FO,VH,Public,69.14,35.6,433.0,101-500,69.14,,Unranked,,,,Not Comparable,29.6,37.2,19.9,33.3,54.7,39.1,80.5,33.7,19.28333333333333,20.3,78.7,29.4,0.0,0.0,11.3,10.8,35.75,19.45
433,National Taiwan Normal University,Taiwan,Asia,M,CO,VH,Public,69.0,35.4,435.0,101-500,69.0,,Unranked,,,,Not Comparable,47.8,28.2,68.3,39.6,19.7,42.6,24.1,9.6,19.28333333333333,29.0,68.2,29.4,0.0,0.0,11.3,10.8,35.75,19.45
434,Prince Mohammad Bin Fahd University,Saudi Arabia,Asia,S,SP,VH,Private not for Profit,68.93,35.2,436.0,101-500,68.93,,Unranked,,,,Not Comparable,22.5,33.6,33.1,29.6,100.0,22.2,32.3,54.7,19.28333333333333,3.3,37.4,29.4,0.0,0.0,11.3,10.8,35.75,19.45
435,Universitat Ramon Llull,Spain,Europe,L,CO,HI,Private not for Profit,68.93,35.2,436.0,101-500,68.93,,Unranked,,,,Not Comparable,17.5,72.5,10.3,68.0,80.4,71.1,31.3,15.5,19.28333333333333,81.2,56.7,29.4,0.0,0.0,11.3,10.8,35.75,19.45
436,IE University,Spain,Europe,M,FO,HI,Private for Profit,68.79,35.1,438.0,101-500,68.79,,Unranked,,,,Not Comparable,12.7,70.4,47.6,100.0,94.0,100.0,6.4,3.8,19.28333333333333,70.4,53.0,29.4,0.0,0.0,11.3,10.8,35.75,19.45
437,National Sun Yat-sen University,Taiwan,Asia,M,CO,VH,Public,68.71,35.0,439.0,101-500,68.71,450.5,101-500,1.32,11.5,11.5,QS Higher,36.8,32.1,35.6,16.5,35.5,22.2,46.4,38.0,13.7,14.7,67.0,29.4,0.0,0.0,12.3,2.3,26.5,19.6
438,Ajman University,United Arab Emirates,Asia,S,FO,VH,Private not for Profit,68.64,34.9,440.0,101-500,68.64,,Unranked,,,,Not Comparable,27.8,51.3,15.7,100.0,100.0,99.7,65.2,10.2,19.28333333333333,12.8,46.2,29.4,0.0,0.0,11.3,10.8,35.75,19.45
439,James Cook University,Australia,Oceania,M,FC,VH,Public,68.64,34.9,440.0,101-500,68.64,350.5,101-500,23.27,-89.5,89.5,ARWU Higher,21.0,11.0,27.5,37.6,46.9,43.2,83.8,60.3,17.63333333333333,11.2,81.9,29.4,0.0,0.0,10.1,15.4,27.4,23.9
440,Macau University of Science and Technology,Macau SAR China,Asia,L,CO,VH,Private not for Profit,68.64,34.9,440.0,101-500,68.64,,Unranked,,,,Not Comparable,7.4,10.9,4.8,100.0,100.0,87.9,23.9,79.5,19.28333333333333,36.8,52.0,29.4,0.0,0.0,11.3,10.8,35.75,19.45
441,National Research University Higher School of Economics,Russia,Europe,XL,CO,VH,Public,68.64,34.9,440.0,101-500,68.64,,Unranked,,,,Not Comparable,28.1,52.9,92.0,24.0,10.2,30.1,84.7,2.7,19.28333333333333,19.4,57.6,29.4,0.0,0.0,11.3,10.8,35.75,19.45
442,Universität Konstanz,Germany,Europe,M,CO,VH,Public,68.64,34.9,440.0,101-500,68.64,,Unranked,,,,Not Comparable,25.5,18.7,50.3,26.8,91.5,32.8,63.7,33.4,19.28333333333333,23.0,69.9,29.4,0.0,0.0,11.3,10.8,35.75,19.45
443,"University of California, Riverside",United States,Americas,L,FC,VH,Public,68.64,34.9,440.0,101-500,68.64,125.5,101-500,72.67,-314.5,314.5,ARWU Higher,21.4,21.1,10.0,30.4,80.9,36.3,75.4,64.2,26.93333333333334,7.0,55.6,29.4,12.6,0.0,24.7,23.9,32.2,27.5
444,Vilnius University,Lithuania,Europe,L,FC,HI,Public,68.21,34.8,446.0,101-500,68.21,,Unranked,,,,Not Comparable,26.9,28.0,73.1,28.5,28.4,34.5,80.2,6.2,19.28333333333333,91.3,70.3,29.4,0.0,0.0,11.3,10.8,35.75,19.45
445,Belarusian State University,Belarus,Europe,L,CO,HI,Public,68.14,34.6,447.0,101-500,68.14,,Unranked,,,,Not Comparable,32.5,51.5,91.8,71.1,4.9,67.5,34.4,1.7,19.28333333333333,61.3,48.7,29.4,0.0,0.0,11.3,10.8,35.75,19.45
446,Universität Bayreuth,Germany,Europe,M,CO,VH,Public,68.07,34.5,448.0,101-500,68.07,,Unranked,,,,Not Comparable,14.1,22.3,64.6,39.7,63.6,45.1,82.3,39.2,19.28333333333333,16.2,69.9,29.4,0.0,0.0,11.3,10.8,35.75,19.45
447,Iowa State University,United States,Americas,L,CO,VH,Public,68.0,34.4,449.0,101-500,68.0,175.5,101-500,61.69,-273.5,273.5,ARWU Higher,26.4,21.6,10.8,17.8,6.7,24.0,78.9,61.0,25.5,50.6,65.0,29.4,0.0,0.0,20.1,17.1,39.3,19.8
448,Kazan Federal University,Russia,Europe,L,FC,VH,Public,67.93,34.3,450.0,101-500,67.93,,Unranked,,,,Not Comparable,27.2,19.5,98.1,97.7,14.0,97.8,86.7,3.8,19.28333333333333,19.6,55.3,29.4,0.0,0.0,11.3,10.8,35.75,19.45
449,"Universidade Estadual Paulista ""Júlio de Mesquita Filho""",Brazil,Americas,XL,FC,VH,Public,67.93,34.3,450.0,101-500,67.93,,Unranked,,,,Not Comparable,53.3,36.8,20.1,5.3,7.4,10.1,73.6,22.2,19.28333333333333,1.6,58.5,29.4,0.0,0.0,11.3,10.8,35.75,19.45
450,Johannes Gutenberg Universität Mainz,Germany,Europe,L,FO,VH,Public,67.79,34.2,452.0,101-500,67.79,,Unranked,,,,Not Comparable,32.5,19.8,70.5,26.4,51.3,32.4,87.5,18.1,19.28333333333333,18.1,52.2,29.4,0.0,0.0,11.3,10.8,35.75,19.45
451,Shenzhen University,China,Asia,XL,CO,VH,Public,67.79,34.2,452.0,101-500,67.79,,Unranked,,,,Not Comparable,11.9,8.7,40.1,2.7,15.9,7.5,69.0,90.9,19.28333333333333,26.0,48.2,29.4,0.0,0.0,11.3,10.8,35.75,19.45
452,Stony Brook University,United States,Americas,L,FC,VH,Public,67.79,34.2,452.0,101-500,67.79,250.5,101-500,45.23,-201.5,201.5,ARWU Higher,24.2,17.8,43.6,53.4,47.4,57.9,73.7,32.4,23.06666666666666,31.9,82.5,29.4,0.0,0.0,14.8,18.4,36.0,16.7
453,University of Cyprus,Cyprus,Asia,M,CO,VH,Public,67.79,34.2,452.0,101-500,67.79,,Unranked,,,,Not Comparable,14.6,10.8,10.3,42.2,94.3,46.1,69.8,62.3,19.28333333333333,54.6,52.9,29.4,0.0,0.0,11.3,10.8,35.75,19.45
454,Amirkabir University of Technology,Iran,Asia,M,SP,VH,Public,67.5,34.1,456.0,101-500,67.5,,Unranked,,,,Not Comparable,8.5,26.7,7.4,5.7,41.7,4.5,67.2,100.0,19.28333333333333,5.4,35.5,29.4,0.0,0.0,11.3,10.8,35.75,19.45
455,Colorado State University,United States,Americas,L,CO,VH,Public,67.36,34.0,458.0,101-500,67.36,250.5,101-500,45.23,-207.5,207.5,ARWU Higher,25.2,30.1,73.1,9.0,22.7,14.7,82.5,22.8,23.56666666666666,32.3,75.0,29.4,0.0,0.0,20.3,14.2,36.2,20.1
456,Universidad Nacional de La Plata,Argentina,Americas,XL,FC,HI,Public,67.36,34.0,458.0,101-500,67.36,,Unranked,,,,Not Comparable,55.7,30.8,40.8,41.6,7.2,31.1,54.1,2.9,19.28333333333333,37.7,39.4,29.4,0.0,0.0,11.3,10.8,35.75,19.45
457,"University of California, Santa Cruz",United States,Americas,L,CO,VH,Public,67.36,34.0,458.0,101-500,67.36,93.0,51-100,79.8,-365.0,365.0,ARWU Higher,24.7,13.6,10.0,10.0,71.4,15.7,62.2,62.4,33.6,14.3,84.3,24.5,0.0,0.0,37.9,33.9,29.0,37.6
458,Jordan University of Science & Technology,Jordan,Asia,L,CO,VH,Public,67.14,33.9,461.0,101-500,67.14,,Unranked,,,,Not Comparable,32.0,47.8,23.1,87.9,66.7,83.8,54.6,12.3,19.28333333333333,5.8,52.1,29.4,0.0,0.0,11.3,10.8,35.75,19.45
459,Novosibirsk State University,Russia,Europe,M,FO,VH,Public,67.14,33.9,461.0,101-500,67.14,,Unranked,,,,Not Comparable,28.8,31.1,93.6,70.6,9.1,69.5,55.7,13.0,19.28333333333333,13.3,43.8,29.4,0.0,0.0,11.3,10.8,35.75,19.45
460,Royal Holloway University of London,United Kingdom,Europe,L,CO,VH,Public,67.14,33.9,461.0,101-500,67.14,,Unranked,,,,Not Comparable,22.8,11.8,15.1,88.9,96.3,89.9,73.0,41.0,19.28333333333333,12.3,61.7,29.4,0.0,0.0,11.3,10.8,35.75,19.45
461,Università Vita-Salute San Raffaele,Italy,Europe,S,SP,VH,Private not for Profit,67.14,33.9,461.0,101-500,67.14,,Unranked,,,,Not Comparable,4.8,3.1,89.3,11.3,6.2,16.3,35.5,99.5,19.28333333333333,4.1,26.1,29.4,0.0,0.0,11.3,10.8,35.75,19.45
462,Anna University,India,Asia,L,SP,VH,Public,66.86,33.8,465.0,101-500,66.86,,Unranked,,,,Not Comparable,15.0,19.4,9.2,1.6,20.1,6.0,47.3,99.8,19.28333333333333,17.8,64.5,29.4,0.0,0.0,11.3,10.8,35.75,19.45
463,Concordia University,Canada,Americas,XL,CO,VH,Public,66.86,33.8,465.0,101-500,66.86,450.5,101-500,1.32,-14.5,14.5,ARWU Higher,21.7,18.0,5.2,94.4,64.0,94.8,75.6,32.0,12.56666666666667,58.4,81.8,29.4,0.0,0.0,7.2,4.7,25.8,12.7
464,Shanghai University,China,Asia,XL,FO,VH,Public,66.86,33.8,465.0,101-500,66.86,,Unranked,,,,Not Comparable,29.8,21.4,51.1,10.2,29.6,7.8,62.5,48.5,19.28333333333333,12.5,42.9,29.4,0.0,0.0,11.3,10.8,35.75,19.45
465,University of Kansas,United States,Americas,L,FC,VH,Public,66.86,33.8,465.0,101-500,66.86,250.5,101-500,45.23,-214.5,214.5,ARWU Higher,17.6,22.8,91.9,12.6,79.0,18.6,87.5,13.6,21.53333333333333,42.8,62.2,29.4,11.5,0.0,11.3,14.1,39.2,14.7
466,Ben Gurion University of The Negev,Israel,Asia,L,FC,VH,Public,66.57,33.7,469.0,101-500,66.57,,Unranked,,,,Not Comparable,19.5,26.9,15.0,23.8,71.2,17.9,63.4,58.7,19.28333333333333,24.5,48.8,29.4,0.0,0.0,11.3,10.8,35.75,19.45
467,Laval University,Canada,Americas,L,FC,VH,Public,66.57,33.7,469.0,101-500,66.57,250.5,101-500,45.23,-218.5,218.5,ARWU Higher,25.3,11.3,33.3,54.9,57.4,59.2,78.8,29.8,20.1,49.9,81.6,29.4,0.0,0.0,15.0,8.6,36.7,16.1
468,Tashkent Institute of Irrigation and Agricultural Mechanization Engineers - National Research University,Uzbekistan,Asia,M,CO,VH,Public,66.57,33.7,469.0,101-500,66.57,,Unranked,,,,Not Comparable,35.6,46.0,87.1,16.7,44.3,18.5,18.6,4.2,19.28333333333333,24.8,46.9,29.4,0.0,0.0,11.3,10.8,35.75,19.45
469,Universidad de Sevilla,Spain,Europe,XL,FC,VH,Public,66.57,33.7,469.0,101-500,66.57,,Unranked,,,,Not Comparable,52.7,20.6,23.4,25.8,5.1,31.9,90.8,15.1,19.28333333333333,22.1,66.1,29.4,0.0,0.0,11.3,10.8,35.75,19.45
470,Jilin University,China,Asia,XL,FC,VH,Public,66.29,33.5,473.0,101-500,66.29,250.5,101-500,45.23,-222.5,222.5,ARWU Higher,16.2,47.3,35.8,2.2,15.6,1.9,65.3,53.9,19.86666666666667,33.0,48.5,29.4,0.0,0.0,0.0,8.9,50.7,13.5
471,Johannes Kepler University Linz,Austria,Europe,M,FO,VH,Public,66.29,33.5,473.0,101-500,66.29,,Unranked,,,,Not Comparable,17.5,14.9,80.0,57.5,89.9,61.6,56.6,25.2,19.28333333333333,15.3,61.0,29.4,0.0,0.0,11.3,10.8,35.75,19.45
472,Pusan National University,South Korea,Asia,L,FC,VH,Public,66.29,33.5,473.0,101-500,66.29,450.5,101-500,1.32,-22.5,22.5,ARWU Higher,28.6,20.2,57.6,27.1,19.9,33.2,57.5,36.7,13.33333333333333,18.9,73.6,29.4,0.0,0.0,0.0,4.3,35.7,16.1
473,Università della Svizzera Italiana,Switzerland,Europe,S,FO,VH,Public,66.29,33.5,473.0,101-500,66.29,,Unranked,,,,Not Comparable,9.3,9.4,70.3,100.0,100.0,100.0,42.7,43.4,19.28333333333333,2.2,48.2,29.4,0.0,0.0,11.3,10.8,35.75,19.45
474,Moscow Institute of Physics and Technology State University,Russia,Europe,M,FO,VH,Public,66.0,33.4,477.0,101-500,66.0,,Unranked,,,,Not Comparable,20.3,34.1,95.3,54.8,38.6,55.6,47.1,18.1,19.28333333333333,38.0,21.9,29.4,0.0,0.0,11.3,10.8,35.75,19.45
475,Universität Potsdam,Germany,Europe,L,FO,VH,Public,66.0,33.4,477.0,101-500,66.0,,Unranked,,,,Not Comparable,22.3,5.0,28.4,34.9,60.9,40.6,92.6,53.7,19.28333333333333,4.2,75.3,29.4,0.0,0.0,11.3,10.8,35.75,19.45
476,Chung-Ang University,South Korea,Asia,L,FC,VH,Private not for Profit,65.86,33.3,479.0,101-500,65.86,,Unranked,,,,Not Comparable,24.9,37.6,79.2,62.4,19.7,66.1,31.3,16.7,19.28333333333333,17.3,68.9,29.4,0.0,0.0,11.3,10.8,35.75,19.45
477,Hiroshima University,Japan,Asia,L,FC,VH,Public,65.79,33.2,480.0,101-500,65.79,450.5,101-500,1.32,-29.5,29.5,ARWU Higher,34.6,17.1,79.8,22.7,19.2,17.1,70.3,17.2,15.63333333333333,12.4,73.2,29.4,0.0,0.0,4.8,11.0,31.1,14.0
478,University of Science and Technology Beijing,China,Asia,L,CO,VH,Public,65.79,33.2,480.0,101-500,65.79,,Unranked,,,,Not Comparable,16.4,14.6,13.9,5.1,4.2,4.0,59.1,99.2,19.28333333333333,8.5,41.6,29.4,0.0,0.0,11.3,10.8,35.75,19.45
479,Dalian University of Technology,China,Asia,XL,CO,VH,Public,65.64,33.0,482.0,101-500,65.64,350.5,101-500,23.27,-131.5,131.5,ARWU Higher,11.4,11.0,23.4,5.3,15.4,4.2,59.8,95.7,17.26666666666667,21.8,46.8,29.4,0.0,0.0,5.0,5.0,41.8,16.9
480,Duy Tan University,Vietnam,Asia,L,CO,VH,Private for Profit,65.64,33.0,482.0,101-500,65.64,,Unranked,,,,Not Comparable,13.7,27.7,6.3,2.1,43.4,6.3,87.7,76.0,19.28333333333333,6.4,58.7,29.4,0.0,0.0,11.3,10.8,35.75,19.45
481,Kobe University,Japan,Asia,L,FC,VH,Public,65.64,33.0,482.0,101-500,65.64,350.5,101-500,23.27,-131.5,131.5,ARWU Higher,36.9,39.0,45.0,10.7,11.2,15.9,53.3,19.4,15.8,27.0,73.3,29.4,14.5,0.0,5.1,11.5,30.8,15.1
482,Aristotle University of Thessaloniki,Greece,Europe,XL,FC,VH,Public,65.43,32.9,485.0,101-500,65.43,450.5,101-500,1.32,-34.5,34.5,ARWU Higher,38.2,35.9,6.4,8.1,2.1,13.8,90.9,28.4,13.46666666666667,48.3,66.4,29.4,0.0,0.0,4.9,1.5,34.0,16.8
483,University of Trento,Italy,Europe,L,CO,VH,Public,65.43,32.9,485.0,101-500,65.43,,Unranked,,,,Not Comparable,34.8,18.6,32.9,11.3,32.3,17.2,85.6,40.0,19.28333333333333,7.1,51.8,29.4,0.0,0.0,11.3,10.8,35.75,19.45
484,Edith Cowan University,Australia,Oceania,L,CO,VH,Public,65.29,32.8,487.0,101-500,65.29,,Unranked,,,,Not Comparable,13.7,13.1,6.0,82.4,96.4,84.0,63.8,60.4,19.28333333333333,7.4,51.0,29.4,0.0,0.0,11.3,10.8,35.75,19.45
485,Technische Universität Bergakademie Freiberg,Germany,Europe,S,FO,VH,,65.29,32.8,487.0,101-500,65.29,,Unranked,,,,Not Comparable,7.4,6.4,10.1,100.0,59.7,100.0,35.1,90.9,19.28333333333333,1.4,32.9,29.4,0.0,0.0,11.3,10.8,35.75,19.45
486,Warsaw University of Technology,Poland,Europe,L,FO,VH,Public,65.29,32.8,487.0,101-500,65.29,,Unranked,,,,Not Comparable,28.4,72.4,55.7,17.6,3.4,23.7,63.8,9.5,19.28333333333333,15.9,38.4,29.4,0.0,0.0,11.3,10.8,35.75,19.45
487,Universidad de Santiago de Chile - USACH,Chile,Americas,L,FC,HI,Public,65.07,32.7,490.0,101-500,65.07,,Unranked,,,,Not Comparable,50.4,59.9,11.4,3.8,10.6,8.0,53.9,7.8,19.28333333333333,17.5,53.7,29.4,0.0,0.0,11.3,10.8,35.75,19.45
488,Central South University,China,Asia,XL,FO,VH,Public,65.0,32.6,491.0,101-500,65.0,350.5,101-500,23.27,-140.5,140.5,ARWU Higher,12.1,10.2,7.3,7.0,9.0,5.4,73.8,100.0,18.96666666666667,23.2,42.7,29.4,0.0,0.0,7.1,2.1,47.7,16.4
489,Imam Abdulrahman Bin Faisal University,Saudi Arabia,Asia,L,FC,HI,Public,65.0,32.6,491.0,101-500,65.0,,Unranked,,,,Not Comparable,16.9,31.4,94.9,34.8,99.2,35.4,73.9,5.6,19.28333333333333,2.9,55.3,29.4,0.0,0.0,11.3,10.8,35.75,19.45
490,Université de Bordeaux,France,Europe,XL,FO,VH,Public,64.79,32.5,494.0,101-500,64.79,,Unranked,,,,Not Comparable,43.2,10.0,13.5,35.2,31.7,40.9,93.5,28.1,19.28333333333333,25.3,56.5,29.4,0.0,0.0,11.3,10.8,35.75,19.45
491,University of Canberra,Australia,Oceania,M,CO,VH,Public,64.79,32.5,494.0,101-500,64.79,,Unranked,,,,Not Comparable,18.2,11.9,3.4,83.1,82.8,84.6,66.7,50.8,19.28333333333333,10.9,73.2,29.4,0.0,0.0,11.3,10.8,35.75,19.45
492,Iran University of Science and Technology,Iran,Asia,M,FO,VH,Public,64.64,32.4,496.0,101-500,64.64,,Unranked,,,,Not Comparable,11.8,24.3,4.3,8.6,7.0,11.3,64.4,99.9,19.28333333333333,9.4,27.3,29.4,0.0,0.0,11.3,10.8,35.75,19.45
493,Justus-Liebig-Universität Gießen,Germany,Europe,L,FC,VH,Public,64.64,32.4,496.0,101-500,64.64,,Unranked,,,,Not Comparable,15.4,9.6,2.7,28.9,19.3,21.7,80.7,85.6,19.28333333333333,17.0,53.4,29.4,0.0,0.0,11.3,10.8,35.75,19.45
494,University of Jyväskylä,Finland,Europe,M,FO,VH,Public,64.5,32.3,498.0,101-500,64.5,,Unranked,,,,Not Comparable,23.4,13.7,87.8,6.3,51.1,11.8,84.3,20.8,19.28333333333333,13.9,70.6,29.4,0.0,0.0,11.3,10.8,35.75,19.45
495,Central Queensland University Australia,Australia,Oceania,S,CO,VH,Public,64.43,32.2,499.0,101-500,64.43,,Unranked,,,,Not Comparable,13.6,8.5,42.2,99.9,97.6,99.4,47.5,39.7,19.28333333333333,5.0,64.2,29.4,0.0,0.0,11.3,10.8,35.75,19.45
496,Northwestern Polytechnical University,China,Asia,XL,CO,VH,Public,64.43,32.2,499.0,101-500,64.43,,Unranked,,,,Not Comparable,9.5,9.9,52.3,10.1,25.5,7.8,57.6,82.6,19.28333333333333,11.5,39.0,29.4,0.0,0.0,11.3,10.8,35.75,19.45
497,Tomsk State University,Russia,Europe,M,CO,VH,Public,64.43,32.2,499.0,101-500,64.43,,Unranked,,,,Not Comparable,25.3,20.0,99.3,94.7,28.0,93.2,66.4,7.0,19.28333333333333,7.1,30.6,29.4,0.0,0.0,11.3,10.8,35.75,19.45
498,Universidad de Costa Rica,Costa Rica,Americas,XL,CO,HI,Public,64.43,32.2,499.0,101-500,64.43,,Unranked,,,,Not Comparable,46.4,31.6,44.4,3.4,3.0,2.8,46.1,2.5,19.28333333333333,86.1,53.7,29.4,0.0,0.0,11.3,10.8,35.75,19.45
499,Shoolini University of Biotechnology and Management Sciences,India,Asia,S,CO,VH,Private not for Profit,64.14,32.1,503.0,Above 500,64.14,,Unranked,,,,Not Comparable,16.2,22.5,12.1,2.2,29.0,6.4,54.1,82.6,19.28333333333333,1.8,57.3,29.4,0.0,0.0,11.3,10.8,35.75,19.45
500,China Agricultural University,China,Asia,L,FC,VH,Public,64.07,32.0,504.0,Above 500,64.07,350.5,101-500,23.27,-153.5,153.5,ARWU Higher,12.3,10.3,19.2,2.3,4.8,2.0,62.1,98.7,17.86666666666667,9.6,44.4,29.4,0.0,0.0,0.0,13.9,39.7,17.2
501,Chongqing University,China,Asia,XL,SP,VH,Public,64.07,32.0,504.0,Above 500,64.07,,Unranked,,,,Not Comparable,11.9,9.8,18.2,3.9,28.1,3.2,58.1,93.8,19.28333333333333,19.1,40.0,29.4,0.0,0.0,11.3,10.8,35.75,19.45
502,Ewha Womans University,South Korea,Asia,L,FC,HI,Private not for Profit,64.07,32.0,504.0,Above 500,64.07,450.5,101-500,1.32,-53.5,53.5,ARWU Higher,33.5,26.6,75.1,37.5,9.6,43.1,32.9,13.6,13.76666666666667,28.4,67.1,29.4,0.0,0.0,5.0,8.6,27.7,15.9
503,Hunan University,China,Asia,XL,FO,VH,Public,64.07,32.0,504.0,Above 500,64.07,,Unranked,,,,Not Comparable,10.9,11.8,20.8,2.8,5.9,2.3,57.7,94.7,19.28333333333333,32.5,40.6,29.4,0.0,0.0,11.3,10.8,35.75,19.45
504,University of Guelph,Canada,Americas,L,CO,VH,Public,64.07,32.0,504.0,Above 500,64.07,250.5,101-500,45.23,-253.5,253.5,ARWU Higher,19.9,19.2,7.9,24.0,49.6,30.1,74.8,55.2,19.9,18.2,80.7,29.4,0.0,0.0,17.5,10.4,31.8,19.4
505,Institut Teknologi Sepuluh Nopember,Indonesia,Asia,L,CO,VH,Public,63.71,31.9,509.0,Above 500,63.71,,Unranked,,,,Not Comparable,27.4,60.2,62.1,11.9,69.6,17.9,27.6,2.7,19.28333333333333,17.0,52.5,29.4,0.0,0.0,11.3,10.8,35.75,19.45
506,INTI International University,Malaysia,Asia,S,CO,VH,Private for Profit,63.71,31.9,509.0,Above 500,63.71,,Unranked,,,,Not Comparable,14.3,37.8,95.1,99.7,100.0,99.5,19.2,3.0,19.28333333333333,5.2,33.2,29.4,0.0,0.0,11.3,10.8,35.75,19.45
507,Ateneo de Manila University,Philippines,Asia,L,FC,MD,Private not for Profit,63.57,31.6,511.0,Above 500,63.57,,Unranked,,,,Not Comparable,32.2,70.0,33.1,4.3,3.6,8.5,24.3,3.0,19.28333333333333,80.4,60.5,29.4,0.0,0.0,11.3,10.8,35.75,19.45
508,Singapore Management University,Singapore,Asia,M,SP,VH,Public,63.57,31.6,511.0,Above 500,63.57,,Unranked,,,,Not Comparable,19.4,27.4,14.2,83.2,100.0,80.4,23.0,30.9,19.28333333333333,38.1,58.9,29.4,0.0,0.0,11.3,10.8,35.75,19.45
509,SOAS University of London,United Kingdom,Europe,M,FO,VH,Public,63.57,31.6,511.0,Above 500,63.57,,Unranked,,,,Not Comparable,24.7,19.0,18.4,99.2,100.0,99.2,17.8,23.7,19.28333333333333,35.2,65.0,29.4,0.0,0.0,11.3,10.8,35.75,19.45
510,University of Bradford,United Kingdom,Europe,M,CO,VH,Public,63.57,31.6,511.0,Above 500,63.57,450.5,101-500,1.32,-60.5,60.5,ARWU Higher,14.0,11.2,9.3,99.2,75.0,99.2,70.5,40.3,11.56666666666667,41.5,70.4,29.4,0.0,0.0,10.9,5.1,18.7,20.2
511,Lebanese University,Lebanon,Asia,XL,FC,HI,Public,63.29,31.5,515.0,Above 500,63.29,,Unranked,,,,Not Comparable,32.9,55.3,16.0,47.2,52.2,44.1,59.9,3.4,19.28333333333333,38.9,45.2,29.4,0.0,0.0,11.3,10.8,35.75,19.45
512,Universitas Padjadjaran,Indonesia,Asia,XL,FO,VH,Public,63.29,31.5,515.0,Above 500,63.29,,Unranked,,,,Not Comparable,29.9,51.7,55.9,4.4,54.3,9.4,31.8,2.2,19.28333333333333,45.4,59.7,29.4,0.0,0.0,11.3,10.8,35.75,19.45
513,Pontificia Universidad Católica Argentina Santa María de los Buenos Aires - UCA,Argentina,Americas,L,FC,MD,Private not for Profit,63.14,31.4,517.0,Above 500,63.14,,Unranked,,,,Not Comparable,30.2,39.9,100.0,14.8,3.0,11.2,10.5,1.2,19.28333333333333,89.8,26.7,29.4,0.0,0.0,11.3,10.8,35.75,19.45
514,University of Stirling,United Kingdom,Europe,M,CO,VH,Public,63.14,31.4,517.0,Above 500,63.14,,Unranked,,,,Not Comparable,16.8,13.1,14.6,81.3,79.5,83.0,62.7,38.3,19.28333333333333,22.4,81.2,29.4,0.0,0.0,11.3,10.8,35.75,19.45
515,Kyungpook National University,South Korea,Asia,L,FC,VH,Public,63.0,31.3,519.0,Above 500,63.0,450.5,101-500,1.32,-68.5,68.5,ARWU Higher,18.0,20.3,78.5,44.6,18.7,49.7,55.8,29.6,12.76666666666667,15.5,68.3,29.4,0.0,0.0,0.0,3.3,35.0,17.0
516,Singapore University of Technology and Design,Singapore,Asia,S,SP,VH,,63.0,31.3,519.0,Above 500,63.0,,Unranked,,,,Not Comparable,11.0,11.3,99.3,19.4,20.1,21.7,35.2,71.0,19.28333333333333,5.3,25.0,29.4,0.0,0.0,11.3,10.8,35.75,19.45
517,Universidad Austral - Argentina,Argentina,Americas,M,FC,MD,Private not for Profit,63.0,31.3,519.0,Above 500,63.0,,Unranked,,,,Not Comparable,29.8,48.9,89.6,16.7,2.9,18.7,13.4,2.5,19.28333333333333,69.9,29.2,29.4,0.0,0.0,11.3,10.8,35.75,19.45
518,University of Electronic Science and Technology of China,China,Asia,XL,FO,VH,Public,63.0,31.3,519.0,Above 500,63.0,,Unranked,,,,Not Comparable,5.8,16.3,11.3,4.4,4.2,3.5,83.2,99.9,19.28333333333333,11.5,37.6,29.4,0.0,0.0,11.3,10.8,35.75,19.45
519,Ural Federal University,Russia,Europe,XL,CO,VH,Public,63.0,31.3,519.0,Above 500,63.0,,Unranked,,,,Not Comparable,25.8,24.7,98.2,49.3,8.7,54.1,91.0,3.5,19.28333333333333,5.6,54.4,29.4,0.0,0.0,11.3,10.8,35.75,19.45
520,University of Huddersfield,United Kingdom,Europe,L,CO,VH,Public,62.64,31.2,524.0,Above 500,62.64,,Unranked,,,,Not Comparable,17.9,19.0,9.1,91.6,79.7,92.2,74.6,36.3,19.28333333333333,2.2,69.1,29.4,0.0,0.0,11.3,10.8,35.75,19.45
521,The University of Georgia,United States,Americas,XL,FC,VH,Public,62.57,31.1,525.0,Above 500,62.57,175.5,101-500,61.69,-349.5,349.5,ARWU Higher,27.9,36.7,14.0,8.8,11.1,6.8,85.0,33.0,26.46666666666667,35.8,65.9,29.4,0.0,0.0,20.6,16.7,42.1,18.1
522,Boston College,United States,Americas,L,CO,VH,Private not for Profit,62.5,30.9,526.0,Above 500,62.5,450.5,101-500,1.32,-75.5,75.5,ARWU Higher,29.9,30.2,28.0,28.5,9.8,34.5,47.7,26.8,15.0,64.8,56.0,29.4,0.0,0.0,8.6,14.1,22.3,15.0
523,Chiang Mai University,Thailand,Asia,XL,FC,HI,Public,62.5,30.9,526.0,Above 500,62.5,,Unranked,,,,Not Comparable,48.8,30.4,22.0,8.7,5.5,13.3,65.8,8.8,19.28333333333333,28.7,67.6,29.4,0.0,0.0,11.3,10.8,35.75,19.45
524,University of Hull,United Kingdom,Europe,L,FC,HI,Public,62.5,30.9,526.0,Above 500,62.5,,Unranked,,,,Not Comparable,13.2,14.3,15.9,95.6,68.3,95.9,70.3,36.9,19.28333333333333,29.5,75.4,29.4,0.0,0.0,11.3,10.8,35.75,19.45
525,University of Salamanca,Spain,Europe,L,FC,VH,Public,62.5,30.9,526.0,Above 500,62.5,,Unranked,,,,Not Comparable,36.9,23.5,36.8,25.9,10.2,31.9,86.3,11.8,19.28333333333333,33.4,70.8,29.4,0.0,0.0,11.3,10.8,35.75,19.45
526,The Education University of Hong Kong,Hong Kong SAR China,Asia,M,FO,VH,,62.21,30.8,530.0,Above 500,62.21,,Unranked,,,,Not Comparable,9.4,7.8,71.7,68.6,99.8,61.7,43.4,39.7,19.28333333333333,9.4,35.3,29.4,0.0,0.0,11.3,10.8,35.75,19.45
527,Universität Bremen,Germany,Europe,L,CO,VH,Public,62.21,30.8,530.0,Above 500,62.21,,Unranked,,,,Not Comparable,25.7,14.2,15.2,41.9,61.4,47.2,86.9,39.5,19.28333333333333,7.6,54.9,29.4,0.0,0.0,11.3,10.8,35.75,19.45
528,University of Genoa,Italy,Europe,L,FC,VH,Public,62.21,30.8,530.0,Above 500,62.21,450.5,101-500,1.32,-79.5,79.5,ARWU Higher,28.0,10.6,19.8,17.5,9.2,23.6,83.1,52.6,14.36666666666667,16.6,62.3,29.4,0.0,0.0,7.2,4.2,31.7,17.5
529,University of Iowa,United States,Americas,L,FC,VH,Public,62.21,30.8,530.0,Above 500,62.21,175.5,101-500,61.69,-354.5,354.5,ARWU Higher,25.5,16.2,50.1,8.5,40.4,14.2,68.7,27.4,27.93333333333333,47.1,61.0,23.9,0.0,0.0,20.3,18.8,44.7,17.5
530,University of Connecticut,United States,Americas,L,FC,VH,Public,61.93,30.7,534.0,Above 500,61.93,350.5,101-500,23.27,-183.5,183.5,ARWU Higher,20.8,14.6,28.1,34.9,54.6,40.6,85.1,33.5,17.2,40.1,63.4,29.4,11.5,0.0,8.0,8.6,35.0,13.4
531,King Khalid University,Saudi Arabia,Asia,L,FC,VH,Public,61.86,30.6,535.0,Above 500,61.86,,Unranked,,,,Not Comparable,25.8,17.6,64.6,35.9,100.0,26.9,84.4,7.0,19.28333333333333,2.7,45.7,29.4,0.0,0.0,11.3,10.8,35.75,19.45
532,Lebanese American University,Lebanon,Asia,M,FC,HI,Private not for Profit,61.86,30.6,535.0,Above 500,61.86,,Unranked,,,,Not Comparable,20.2,44.6,31.3,26.6,80.6,31.7,78.3,10.7,19.28333333333333,29.2,58.3,29.4,0.0,0.0,11.3,10.8,35.75,19.45
533,Prince Sultan University,Saudi Arabia,Asia,S,SP,VH,Private not for Profit,61.86,30.6,535.0,Above 500,61.86,,Unranked,,,,Not Comparable,10.6,12.0,19.4,23.2,100.0,24.7,62.7,61.9,19.28333333333333,15.9,45.7,29.4,0.0,0.0,11.3,10.8,35.75,19.45
534,Universität Leipzig,Germany,Europe,L,FC,VH,Public,61.86,30.6,535.0,Above 500,61.86,,Unranked,,,,Not Comparable,31.5,14.0,85.3,24.0,20.1,18.1,82.7,13.0,19.28333333333333,15.9,57.2,29.4,0.0,0.0,11.3,10.8,35.75,19.45
535,University of Ljubljana,Slovenia,Europe,XL,FC,VH,Public,61.86,30.6,535.0,Above 500,61.86,450.5,101-500,1.32,-84.5,84.5,ARWU Higher,29.7,18.9,45.6,18.1,7.1,13.7,85.7,11.0,14.26666666666667,98.1,54.2,29.4,0.0,0.0,0.0,7.7,35.1,14.2
536,Jinan University,China,Asia,XL,FC,VH,Public,61.5,30.5,540.0,Above 500,61.5,,Unranked,,,,Not Comparable,8.6,8.7,12.3,89.1,41.6,66.3,47.2,75.3,19.28333333333333,10.5,40.5,29.4,0.0,0.0,11.3,10.8,35.75,19.45
537,University of Utah,United States,Americas,XL,FC,VH,Public,61.5,30.5,540.0,Above 500,61.5,93.0,51-100,79.8,-447.0,447.0,ARWU Higher,21.8,13.1,53.8,18.2,21.2,24.3,74.5,38.3,32.9,28.3,59.6,24.5,0.0,11.5,26.5,25.5,46.7,18.7
538,Ain Shams University,Egypt,Africa,XL,FC,VH,Public,61.36,30.3,542.0,Above 500,61.36,,Unranked,,,,Not Comparable,35.6,38.8,17.1,13.7,29.5,19.7,80.8,3.5,19.28333333333333,69.6,56.7,29.4,0.0,0.0,11.3,10.8,35.75,19.45
539,Universiti Teknologi MARA - UiTM,Malaysia,Asia,XL,FC,VH,Public,61.36,30.3,542.0,Above 500,61.36,,Unranked,,,,Not Comparable,44.5,48.8,26.3,3.4,2.5,7.7,74.3,5.6,19.28333333333333,4.9,55.4,29.4,0.0,0.0,11.3,10.8,35.75,19.45
540,University of Milano-Bicocca,Italy,Europe,L,FO,VH,Public,61.36,30.3,542.0,Above 500,61.36,,Unranked,,,,Not Comparable,28.6,19.2,5.2,8.3,7.3,14.0,80.8,56.0,19.28333333333333,15.0,53.6,29.4,0.0,0.0,11.3,10.8,35.75,19.45
541,University of the Punjab,Pakistan,Asia,XL,CO,VH,Public,61.36,30.3,542.0,Above 500,61.36,,Unranked,,,,Not Comparable,22.5,57.6,5.7,1.7,4.0,6.1,71.8,24.4,19.28333333333333,89.4,44.3,29.4,0.0,0.0,11.3,10.8,35.75,19.45
542,Universität Ulm,Germany,Europe,M,FO,VH,Public,61.07,30.2,546.0,Above 500,61.07,,Unranked,,,,Not Comparable,10.9,10.2,83.9,30.8,47.5,23.1,67.2,43.8,19.28333333333333,3.4,38.7,29.4,0.0,0.0,11.3,10.8,35.75,19.45
543,University of Hawaii at Mañoa,United States,Americas,L,FC,VH,Public,61.07,30.2,546.0,Above 500,61.07,,Unranked,,,,Not Comparable,21.3,10.5,32.4,11.1,25.2,17.0,84.5,51.8,19.28333333333333,13.3,60.9,29.4,0.0,0.0,11.3,10.8,35.75,19.45
544,University of Windsor,Canada,Americas,L,CO,VH,Public,61.07,30.2,546.0,Above 500,61.07,,Unranked,,,,Not Comparable,5.1,7.1,2.7,94.6,89.4,95.0,49.5,58.2,19.28333333333333,34.4,68.7,29.4,0.0,0.0,11.3,10.8,35.75,19.45
545,Florida State University,United States,Americas,XL,FC,VH,Public,60.86,30.1,549.0,Above 500,60.86,250.5,101-500,45.23,-298.5,298.5,ARWU Higher,32.7,24.0,11.4,9.0,16.4,14.7,74.5,34.1,22.9,34.8,62.5,29.4,0.0,0.0,14.6,16.2,37.9,19.4
546,Northumbria University at Newcastle,United Kingdom,Europe,L,CO,VH,Public,60.79,30.0,550.0,Above 500,60.79,,Unranked,,,,Not Comparable,16.6,19.1,18.2,63.6,64.5,67.1,81.5,30.6,19.28333333333333,20.0,77.8,29.4,0.0,0.0,11.3,10.8,35.75,19.45
547,Thammasat University,Thailand,Asia,XL,FC,HI,Public,60.71,29.9,551.0,Above 500,60.71,,Unranked,,,,Not Comparable,36.7,38.3,27.2,2.2,15.9,6.9,45.7,3.9,19.28333333333333,90.6,60.7,29.4,0.0,0.0,11.3,10.8,35.75,19.45
548,Universiti Tenaga Nasional,Malaysia,Asia,S,SP,VH,Private for Profit,60.71,29.9,551.0,Above 500,60.71,,Unranked,,,,Not Comparable,9.5,19.9,76.6,70.5,34.7,65.6,55.7,34.1,19.28333333333333,5.3,48.7,29.4,0.0,0.0,11.3,10.8,35.75,19.45
549,Hitotsubashi University,Japan,Asia,M,SP,VH,Public,60.57,29.8,553.0,Above 500,60.57,,Unranked,,,,Not Comparable,19.7,78.1,42.2,33.5,31.3,36.1,11.7,4.0,19.28333333333333,57.5,32.2,29.4,0.0,0.0,11.3,10.8,35.75,19.45
550,University of Delaware,United States,Americas,L,CO,VH,Public,60.57,29.8,553.0,Above 500,60.57,175.5,101-500,61.69,-377.5,377.5,ARWU Higher,12.5,9.4,9.6,22.5,48.2,28.6,68.5,64.1,20.3,28.7,72.9,29.4,10.3,16.3,20.1,10.0,30.8,19.0
551,Lahore University of Management Sciences,Pakistan,Asia,S,CO,VH,Private not for Profit,60.43,29.7,555.0,Above 500,60.43,,Unranked,,,,Not Comparable,21.4,77.3,28.8,3.1,10.8,7.3,26.2,16.5,19.28333333333333,48.4,45.0,29.4,0.0,0.0,11.3,10.8,35.75,19.45
552,Indian Institute of Technology Indore,India,Asia,S,FO,VH,Public,60.36,29.6,556.0,Above 500,60.36,,Unranked,,,,Not Comparable,8.0,16.9,28.8,1.3,1.8,5.7,28.2,96.9,19.28333333333333,5.3,34.7,29.4,0.0,0.0,11.3,10.8,35.75,19.45
553,University of Houston,United States,Americas,XL,CO,VH,Public,60.36,29.6,556.0,Above 500,60.36,250.5,101-500,45.23,-305.5,305.5,ARWU Higher,18.7,24.9,8.1,43.9,48.0,32.8,74.1,30.2,22.2,67.3,57.1,29.4,0.0,0.0,17.3,13.4,35.9,20.2
554,Al Ain University,United Arab Emirates,Asia,S,FO,VH,Private not for Profit,60.21,29.5,558.0,Above 500,60.21,,Unranked,,,,Not Comparable,25.6,20.8,20.8,100.0,100.0,74.4,37.1,17.0,19.28333333333333,7.3,42.9,29.4,0.0,0.0,11.3,10.8,35.75,19.45
555,Coventry University,United Kingdom,Europe,L,CO,VH,Public,60.21,29.5,558.0,Above 500,60.21,,Unranked,,,,Not Comparable,16.0,18.5,21.8,99.5,85.1,99.5,84.3,14.8,19.28333333333333,18.4,71.2,29.4,0.0,0.0,11.3,10.8,35.75,19.45
556,Jawaharlal Nehru University,India,Asia,M,CO,VH,Public,60.21,29.5,558.0,Above 500,60.21,,Unranked,,,,Not Comparable,39.8,17.4,16.7,1.7,20.1,6.0,56.9,37.6,19.28333333333333,20.6,59.3,29.4,0.0,0.0,11.3,10.8,35.75,19.45
557,Sogang University,South Korea,Asia,M,CO,VH,Private not for Profit,60.21,29.5,558.0,Above 500,60.21,,Unranked,,,,Not Comparable,27.3,51.9,61.3,35.3,9.5,39.2,16.2,8.9,19.28333333333333,23.4,49.8,29.4,0.0,0.0,11.3,10.8,35.75,19.45
558,University of Kwazulu-Natal,South Africa,Africa,XL,FC,VH,Public,60.21,29.5,558.0,Above 500,60.21,450.5,101-500,1.32,-107.5,107.5,ARWU Higher,17.9,14.4,6.9,2.1,29.1,6.7,95.9,44.5,14.93333333333333,79.4,63.0,29.4,0.0,0.0,3.6,8.4,32.8,16.6
559,Ajou University,South Korea,Asia,M,FC,VH,Private not for Profit,59.86,29.4,563.0,Above 500,59.86,,Unranked,,,,Not Comparable,19.8,22.1,70.2,58.0,13.3,58.4,18.1,34.3,19.28333333333333,5.3,53.3,29.4,0.0,0.0,11.3,10.8,35.75,19.45
560,American University of the Middle East,Kuwait,Asia,M,SP,HI,Private for Profit,59.86,29.4,563.0,Above 500,59.86,,Unranked,,,,Not Comparable,25.9,34.7,28.9,36.9,100.0,38.6,67.2,8.9,19.28333333333333,6.1,47.2,29.4,0.0,0.0,11.3,10.8,35.75,19.45
561,University of Debrecen,Hungary,Europe,L,FC,HI,Public,59.86,29.4,563.0,Above 500,59.86,,Unranked,,,,Not Comparable,27.3,21.5,45.9,76.5,14.4,78.7,74.9,7.4,19.28333333333333,25.9,70.4,29.4,0.0,0.0,11.3,10.8,35.75,19.45
562,Bangor University,United Kingdom,Europe,M,FC,VH,Public,59.64,29.3,566.0,Above 500,59.64,450.5,101-500,1.32,-115.5,115.5,ARWU Higher,12.8,10.5,18.9,77.4,38.1,79.5,74.7,44.4,9.966666666666669,16.9,78.0,29.4,0.0,0.0,0.0,9.8,20.1,23.7
563,Indian Institute of Technology BHU Varanasi,India,Asia,M,FO,VH,Public,59.64,29.3,566.0,Above 500,59.64,,Unranked,,,,Not Comparable,9.3,19.4,5.2,1.2,2.5,5.6,30.5,98.0,19.28333333333333,10.3,48.3,29.4,0.0,0.0,11.3,10.8,35.75,19.45
564,Renmin University of China,China,Asia,L,FO,VH,Public,59.64,29.3,566.0,Above 500,59.64,,Unranked,,,,Not Comparable,29.7,50.0,21.3,9.1,8.9,7.0,26.0,16.6,19.28333333333333,83.6,44.5,29.4,0.0,0.0,11.3,10.8,35.75,19.45
565,Savitribai Phule Pune University,India,Asia,M,CO,VH,Public,59.64,29.3,566.0,Above 500,59.64,,Unranked,,,,Not Comparable,11.1,20.3,47.1,3.3,20.1,7.5,54.7,63.8,19.28333333333333,30.4,43.0,29.4,0.0,0.0,11.3,10.8,35.75,19.45
566,University of Minho,Portugal,Europe,L,FC,VH,Public,59.64,29.3,566.0,Above 500,59.64,,Unranked,,,,Not Comparable,22.2,17.1,28.3,26.0,21.3,32.0,83.6,38.6,19.28333333333333,15.7,67.7,29.4,0.0,0.0,11.3,10.8,35.75,19.45
567,Colorado School of Mines,United States,Americas,M,FO,VH,Public,59.29,29.2,571.0,Above 500,59.29,,Unranked,,,,Not Comparable,11.3,22.5,18.8,11.2,28.7,17.1,30.9,69.9,19.28333333333333,29.4,54.7,29.4,0.0,0.0,11.3,10.8,35.75,19.45
568,Hacettepe University,Turkey,Asia,L,FC,VH,Public,59.29,29.2,571.0,Above 500,59.29,450.5,101-500,1.32,-120.5,120.5,ARWU Higher,33.0,50.5,18.5,6.1,3.9,10.9,73.5,11.8,11.33333333333333,30.8,58.3,29.4,0.0,0.0,0.0,1.6,32.4,13.8
569,Isfahan University of Technology,Iran,Asia,M,FO,VH,,59.29,29.2,571.0,Above 500,59.29,,Unranked,,,,Not Comparable,7.8,22.6,6.4,3.9,2.2,7.7,45.7,97.7,19.28333333333333,9.6,28.0,29.4,0.0,0.0,11.3,10.8,35.75,19.45
570,Pontificia Universidade Católica do Rio de Janeiro,Brazil,Americas,M,CO,VH,Private not for Profit,59.29,29.2,571.0,Above 500,59.29,,Unranked,,,,Not Comparable,42.5,23.5,17.2,2.6,16.1,7.1,46.1,14.6,19.28333333333333,73.4,51.3,29.4,0.0,0.0,11.3,10.8,35.75,19.45
571,Brno University of Technology,Czechia,Europe,L,FO,VH,Public,59.0,29.1,575.0,Above 500,59.0,,Unranked,,,,Not Comparable,17.7,36.4,37.0,77.3,26.7,79.2,80.7,13.7,19.28333333333333,15.7,61.3,29.4,0.0,0.0,11.3,10.8,35.75,19.45
572,Chandigarh University,India,Asia,XL,FC,HI,Private not for Profit,59.0,29.1,575.0,Above 500,59.0,,Unranked,,,,Not Comparable,22.4,70.0,34.2,25.1,44.5,29.4,66.3,2.8,19.28333333333333,1.7,44.0,29.4,0.0,0.0,11.3,10.8,35.75,19.45
573,Universität Jena,Germany,Europe,L,FC,VH,Public,59.0,29.1,575.0,Above 500,59.0,,Unranked,,,,Not Comparable,23.4,10.4,100.0,34.1,20.1,25.5,91.1,12.7,19.28333333333333,4.9,53.2,29.4,0.0,0.0,11.3,10.8,35.75,19.45
574,Universidad Adolfo Ibáñez,Chile,Americas,M,SP,VH,Private not for Profit,58.79,29.0,578.0,Above 500,58.79,,Unranked,,,,Not Comparable,28.7,63.3,7.6,8.0,46.4,11.7,34.4,9.1,19.28333333333333,60.7,40.0,29.4,0.0,0.0,11.3,10.8,35.75,19.45
575,Universiti Teknologi Brunei,Brunei,Asia,S,FO,VH,Public,58.79,29.0,578.0,Above 500,58.79,,Unranked,,,,Not Comparable,20.2,13.1,86.5,7.7,100.0,11.5,20.7,22.7,19.28333333333333,16.6,34.7,29.4,0.0,0.0,11.3,10.8,35.75,19.45
576,University of Tabriz,Iran,Asia,L,CO,VH,Public,58.79,29.0,578.0,Above 500,58.79,,Unranked,,,,Not Comparable,9.7,11.2,2.9,25.4,1.7,24.4,76.9,91.7,19.28333333333333,5.1,29.6,29.4,0.0,0.0,11.3,10.8,35.75,19.45
577,Universidad Pontificia Comillas,Spain,Europe,M,FO,VH,Private not for Profit,58.57,28.9,581.0,Above 500,58.57,,Unranked,,,,Not Comparable,12.3,76.7,48.4,11.2,25.4,16.6,10.4,4.1,19.28333333333333,87.1,49.2,29.4,0.0,0.0,11.3,10.8,35.75,19.45
578,Florida International University,United States,Americas,XL,FC,HI,Public,58.5,28.8,582.0,Above 500,58.5,450.5,101-500,1.32,-131.5,131.5,ARWU Higher,22.7,38.3,18.3,22.6,27.7,28.7,84.7,17.5,13.16666666666667,28.0,79.0,29.4,0.0,0.0,5.0,6.2,28.3,15.8
579,University of Iceland,Iceland,Europe,M,CO,VH,,58.5,28.8,582.0,Above 500,58.5,,Unranked,,,,Not Comparable,9.6,2.0,99.6,18.1,32.4,24.2,75.5,18.0,19.28333333333333,89.3,49.4,29.4,0.0,0.0,11.3,10.8,35.75,19.45
580,Charles Darwin University,Australia,Oceania,M,FO,VH,Public,58.36,28.7,584.0,Above 500,58.36,,Unranked,,,,Not Comparable,7.8,7.3,6.4,88.9,41.8,88.5,49.7,65.1,19.28333333333333,4.8,70.7,29.4,0.0,0.0,11.3,10.8,35.75,19.45
581,Eotvos Lorand University,Hungary,Europe,XL,CO,VH,Public,58.36,28.7,584.0,Above 500,58.36,450.5,101-500,1.32,-133.5,133.5,ARWU Higher,31.6,29.7,16.6,26.1,5.7,32.2,79.8,9.3,13.53333333333333,69.2,68.1,29.4,13.6,0.0,10.1,7.0,23.5,13.7
582,University of Dhaka,Bangladesh,Asia,XL,FC,HI,Public,58.36,28.7,584.0,Above 500,58.36,,Unranked,,,,Not Comparable,30.5,51.3,10.5,1.4,2.2,1.3,57.8,6.9,19.28333333333333,97.0,54.2,29.4,0.0,0.0,11.3,10.8,35.75,19.45
583,American University,United States,Americas,M,CO,VH,Private not for Profit,58.14,28.6,587.0,Above 500,58.14,,Unranked,,,,Not Comparable,19.8,50.2,45.1,27.0,16.7,33.1,34.6,7.6,19.28333333333333,51.6,74.6,29.4,0.0,0.0,11.3,10.8,35.75,19.45
584,National Central University,Taiwan,Asia,M,CO,VH,Public,58.14,28.6,587.0,Above 500,58.14,450.5,101-500,1.32,-136.5,136.5,ARWU Higher,28.9,38.7,26.4,18.4,18.5,20.4,33.9,25.6,12.5,18.7,60.6,29.4,0.0,0.0,0.0,8.3,29.2,16.9
585,Université Claude Bernard Lyon 1,France,Europe,XL,FC,VH,Public,58.14,28.6,587.0,Above 500,58.14,,Unranked,,,,Not Comparable,26.1,5.9,9.6,20.5,10.1,15.5,91.7,53.0,19.28333333333333,16.0,51.0,29.4,0.0,0.0,11.3,10.8,35.75,19.45
586,Université Paul Sabatier Toulouse III,France,Europe,L,FO,VH,Public,58.14,28.6,587.0,Above 500,58.14,,Unranked,,,,Not Comparable,24.6,4.4,45.5,33.2,6.9,24.8,98.1,36.4,19.28333333333333,9.3,50.4,29.4,0.0,0.0,11.3,10.8,35.75,19.45
587,American University of Ras Al Khaimah,United Arab Emirates,Asia,S,SP,MD,Public,57.86,28.5,591.0,Above 500,57.86,,Unranked,,,,Not Comparable,8.4,9.5,37.6,100.0,100.0,97.4,15.3,48.6,19.28333333333333,4.4,25.3,29.4,0.0,0.0,11.3,10.8,35.75,19.45
588,Bond University,Australia,Oceania,S,FO,VH,Private not for Profit,57.86,28.5,591.0,Above 500,57.86,,Unranked,,,,Not Comparable,5.9,8.3,52.1,90.4,63.5,91.2,24.6,53.8,19.28333333333333,11.6,23.5,29.4,0.0,0.0,11.3,10.8,35.75,19.45
589,Illinois Institute of Technology,United States,Americas,M,CO,VH,Private not for Profit,57.86,28.5,591.0,Above 500,57.86,,Unranked,,,,Not Comparable,16.9,23.3,15.8,99.7,18.7,99.7,27.3,47.5,19.28333333333333,22.5,32.5,29.4,0.0,0.0,11.3,10.8,35.75,19.45
590,National Research Nuclear University MEPhI,Russia,Europe,M,FO,VH,Public,57.86,28.5,591.0,Above 500,57.86,,Unranked,,,,Not Comparable,10.3,20.9,99.3,93.3,60.6,93.8,30.2,11.2,19.28333333333333,17.6,23.0,29.4,0.0,0.0,11.3,10.8,35.75,19.45
591,Universidade Federal de Minas Gerais,Brazil,Americas,XL,FC,VH,Public,57.57,28.4,595.0,Above 500,57.57,,Unranked,,,,Not Comparable,45.4,16.9,21.1,2.5,9.0,7.0,67.6,11.8,19.28333333333333,50.9,48.2,29.4,0.0,0.0,11.3,10.8,35.75,19.45
592,Zayed University,United Arab Emirates,Asia,M,SP,VH,Public,57.57,28.4,595.0,Above 500,57.57,,Unranked,,,,Not Comparable,19.8,31.7,34.7,2.8,100.0,7.1,48.5,21.8,19.28333333333333,29.3,41.1,29.4,0.0,0.0,11.3,10.8,35.75,19.45
593,Asia Pacific University of Technology and Innovation Malaysia,Malaysia,Asia,S,SP,HI,Private for Profit,57.43,28.3,597.0,Above 500,57.43,,Unranked,,,,Not Comparable,17.3,23.7,74.2,100.0,95.6,100.0,14.1,2.9,19.28333333333333,5.3,39.0,29.4,0.0,0.0,11.3,10.8,35.75,19.45
594,Hasselt University,Belgium,Europe,M,FC,HI,Public,57.43,28.3,597.0,Above 500,57.43,,Unranked,,,,Not Comparable,8.8,5.2,85.7,41.1,78.5,46.4,69.8,22.8,19.28333333333333,6.6,62.7,29.4,0.0,0.0,11.3,10.8,35.75,19.45
595,Management and Science University - MSU Malaysia,Malaysia,Asia,S,FO,VH,Private for Profit,57.43,28.3,597.0,Above 500,57.43,,Unranked,,,,Not Comparable,25.1,20.9,55.3,100.0,99.6,99.7,10.8,3.2,19.28333333333333,5.3,36.8,29.4,0.0,0.0,11.3,10.8,35.75,19.45
596,Taipei Medical University,Taiwan,Asia,M,SP,VH,Private not for Profit,57.43,28.3,597.0,Above 500,57.43,,Unranked,,,,Not Comparable,16.9,14.7,94.2,22.0,20.0,16.6,24.7,32.3,19.28333333333333,11.9,48.1,29.4,0.0,0.0,11.3,10.8,35.75,19.45
597,Tulane University,United States,Americas,L,FC,HI,Private not for Profit,57.43,28.3,597.0,Above 500,57.43,350.5,101-500,23.27,-246.5,246.5,ARWU Higher,14.5,13.8,87.2,18.5,20.3,24.6,79.2,17.5,15.66666666666667,46.2,51.8,29.4,0.0,0.0,12.2,8.7,26.1,15.0
598,University of Szeged,Hungary,Europe,L,FC,HI,Private not for Profit,57.43,28.3,597.0,Above 500,57.43,450.5,101-500,1.32,-146.5,146.5,ARWU Higher,26.2,22.7,41.9,56.4,15.4,60.6,75.3,8.9,9.6,29.0,69.4,29.4,0.0,13.3,3.6,3.4,21.8,12.8
599,University of Texas at Dallas,United States,Americas,L,FC,VH,Public,57.43,28.3,597.0,Above 500,57.43,,Unranked,,,,Not Comparable,19.3,33.7,5.5,61.1,14.4,64.9,55.3,43.0,19.28333333333333,9.1,48.9,29.4,0.0,0.0,11.3,10.8,35.75,19.45
600,Canadian University of Dubai,United Arab Emirates,Asia,S,FO,HI,Private for Profit,56.93,28.2,604.0,Above 500,56.93,,Unranked,,,,Not Comparable,22.7,29.7,40.3,100.0,100.0,74.4,18.8,7.0,19.28333333333333,18.1,17.6,29.4,0.0,0.0,11.3,10.8,35.75,19.45
601,National Chengchi University,Taiwan,Asia,L,CO,HI,Public,56.93,28.2,604.0,Above 500,56.93,,Unranked,,,,Not Comparable,28.3,46.9,21.2,36.2,38.0,41.1,12.8,3.4,19.28333333333333,93.3,41.4,29.4,0.0,0.0,11.3,10.8,35.75,19.45
602,University of Eastern Finland,Finland,Europe,L,CO,VH,Public,56.93,28.2,604.0,Above 500,56.93,450.5,101-500,1.32,-153.5,153.5,ARWU Higher,18.9,10.3,45.0,12.0,39.2,17.9,84.0,35.3,15.06666666666667,5.6,71.2,29.4,0.0,0.0,10.7,5.7,28.8,15.3
603,University of Siena,Italy,Europe,M,FC,VH,Public,56.71,28.0,607.0,Above 500,56.71,450.5,101-500,1.32,-156.5,156.5,ARWU Higher,21.4,7.8,15.3,19.7,4.6,25.8,61.2,60.2,12.43333333333333,12.3,63.4,29.4,0.0,0.0,0.0,9.7,27.6,17.6
604,University of Tennessee,United States,Americas,XL,FC,VH,Public,56.71,28.0,607.0,Above 500,56.71,,Unranked,,,,Not Comparable,14.3,11.7,12.9,4.6,6.9,9.8,68.6,69.3,19.28333333333333,25.2,54.8,29.4,0.0,0.0,11.3,10.8,35.75,19.45
605,Nottingham Trent University,United Kingdom,Europe,XL,CO,VH,Public,56.57,27.9,609.0,Above 500,56.57,,Unranked,,,,Not Comparable,16.4,22.9,15.5,90.4,67.1,91.2,84.8,10.7,19.28333333333333,20.4,77.5,29.4,0.0,0.0,11.3,10.8,35.75,19.45
606,Peter the Great St.Petersburg Polytechnic University,Russia,Europe,L,CO,VH,Public,56.57,27.9,609.0,Above 500,56.57,,Unranked,,,,Not Comparable,18.0,17.8,79.8,89.8,18.9,90.7,70.4,4.9,19.28333333333333,11.1,51.6,29.4,0.0,0.0,11.3,10.8,35.75,19.45
607,Universiti Malaysia Pahang Al-Sultan Abdullah,Malaysia,Asia,M,FO,VH,Public,56.57,27.9,609.0,Above 500,56.57,,Unranked,,,,Not Comparable,17.2,9.9,23.6,19.0,32.1,21.1,61.6,57.9,19.28333333333333,5.2,51.4,29.4,0.0,0.0,11.3,10.8,35.75,19.45
608,University of Ulster,United Kingdom,Europe,L,CO,VH,Public,56.57,27.9,609.0,Above 500,56.57,,Unranked,,,,Not Comparable,12.6,19.8,11.4,90.1,100.0,90.9,71.5,19.0,19.28333333333333,10.1,75.6,29.4,0.0,0.0,11.3,10.8,35.75,19.45
609,Applied Science University - Bahrain,Bahrain,Asia,S,FO,VH,Private not for Profit,56.29,27.8,613.0,Above 500,56.29,,Unranked,,,,Not Comparable,26.6,29.4,51.6,62.3,100.0,46.5,12.3,4.5,19.28333333333333,11.9,23.9,29.4,0.0,0.0,11.3,10.8,35.75,19.45
610,City University of New York,United States,Americas,XL,FC,VH,Public,56.29,27.8,613.0,Above 500,56.29,,Unranked,,,,Not Comparable,25.3,59.4,14.3,8.3,8.4,6.4,92.9,6.4,19.28333333333333,31.3,55.4,29.4,0.0,0.0,11.3,10.8,35.75,19.45
611,International Islamic University Malaysia,Malaysia,Asia,L,FC,HI,Public,56.29,27.8,613.0,Above 500,56.29,,Unranked,,,,Not Comparable,36.0,27.3,17.9,69.0,29.1,51.4,58.6,6.2,19.28333333333333,32.3,32.0,29.4,0.0,0.0,11.3,10.8,35.75,19.45
612,Universidad de Concepción,Chile,Americas,L,FC,HI,Private not for Profit,56.29,27.8,613.0,Above 500,56.29,,Unranked,,,,Not Comparable,36.8,34.0,20.2,2.6,14.5,6.9,64.1,12.3,19.28333333333333,16.9,69.5,29.4,0.0,0.0,11.3,10.8,35.75,19.45
613,University of Plymouth,United Kingdom,Europe,L,FC,HI,Public,56.29,27.8,613.0,Above 500,56.29,,Unranked,,,,Not Comparable,13.8,14.2,15.4,61.4,61.3,65.1,82.1,36.7,19.28333333333333,13.8,58.6,29.4,0.0,0.0,11.3,10.8,35.75,19.45
614,Christian-Albrechts-Universität zu Kiel,Germany,Europe,L,FC,VH,Public,55.93,27.7,618.0,Above 500,55.93,,Unranked,,,,Not Comparable,24.4,14.6,56.7,15.1,20.1,11.5,92.4,20.9,19.28333333333333,24.5,59.2,29.4,0.0,0.0,11.3,10.8,35.75,19.45
615,Dongguk University,South Korea,Asia,L,FC,HI,Private not for Profit,55.93,27.7,618.0,Above 500,55.93,,Unranked,,,,Not Comparable,12.8,18.0,76.3,52.3,22.9,56.8,36.2,29.9,19.28333333333333,6.7,56.5,29.4,0.0,0.0,11.3,10.8,35.75,19.45
616,Saint Joseph University of Beirut,Lebanon,Asia,M,FC,HI,Private not for Profit,55.93,27.7,618.0,Above 500,55.93,,Unranked,,,,Not Comparable,13.4,38.2,62.3,40.7,94.3,46.1,30.2,4.2,19.28333333333333,40.8,35.0,29.4,0.0,0.0,11.3,10.8,35.75,19.45
617,Zhengzhou University,China,Asia,XL,FC,VH,Public,55.93,27.7,618.0,Above 500,55.93,,Unranked,,,,Not Comparable,7.1,23.8,7.0,4.1,20.1,3.3,62.3,82.7,19.28333333333333,11.4,42.3,29.4,0.0,0.0,11.3,10.8,35.75,19.45
618,Umm Al-Qura University,Saudi Arabia,Asia,XL,FC,HI,Public,55.64,27.6,622.0,Above 500,55.64,,Unranked,,,,Not Comparable,23.6,15.4,61.3,26.1,100.0,19.6,71.3,4.9,19.28333333333333,11.5,36.8,29.4,0.0,0.0,11.3,10.8,35.75,19.45
619,University of New Brunswick,Canada,Americas,M,CO,VH,Public,55.64,27.6,622.0,Above 500,55.64,,Unranked,,,,Not Comparable,7.1,17.9,22.2,65.1,67.5,68.5,51.1,41.1,19.28333333333333,24.7,62.7,29.4,0.0,0.0,11.3,10.8,35.75,19.45
620,Diponegoro University,Indonesia,Asia,XL,FC,HI,Public,55.5,27.5,624.0,Above 500,55.5,,Unranked,,,,Not Comparable,30.0,53.2,30.5,7.1,46.4,12.0,35.5,2.3,19.28333333333333,24.2,51.0,29.4,0.0,0.0,11.3,10.8,35.75,19.45
621,Oregon State University,United States,Americas,L,CO,VH,Public,55.5,27.5,624.0,Above 500,55.5,175.5,101-500,61.69,-448.5,448.5,ARWU Higher,19.7,11.9,20.4,11.9,17.3,9.1,80.3,44.4,26.3,28.8,64.1,29.4,10.3,0.0,23.0,21.2,34.7,22.7
622,Universidad del Pais Vasco,Spain,Europe,XL,CO,VH,Public,55.5,27.5,624.0,Above 500,55.5,,Unranked,,,,Not Comparable,28.6,10.8,38.4,6.3,3.0,4.9,90.1,27.8,19.28333333333333,31.2,51.5,29.4,0.0,0.0,11.3,10.8,35.75,19.45
623,Yeshiva University,United States,Americas,M,FC,MD,Private not for Profit,55.5,27.5,624.0,Above 500,55.5,250.5,101-500,45.23,-373.5,373.5,ARWU Higher,3.8,4.6,62.7,27.7,36.4,30.0,15.3,72.8,19.83333333333333,4.9,36.4,29.4,0.0,0.0,6.3,21.7,31.5,21.6
624,Istanbul University,Turkey,Asia,XL,FC,HI,Public,55.21,27.4,628.0,Above 500,55.21,450.5,101-500,1.32,-177.5,177.5,ARWU Higher,33.3,43.0,4.5,20.6,7.0,26.8,70.5,5.1,12.5,78.8,37.5,29.4,13.6,0.0,0.0,3.4,34.1,17.2
625,Kazakh National Pedagogical University Abai,Kazakhstan,Asia,L,CO,MD,Public,55.21,27.4,628.0,Above 500,55.21,,Unranked,,,,Not Comparable,31.7,34.9,71.2,13.5,55.4,15.7,9.0,1.3,19.28333333333333,16.6,35.6,29.4,0.0,0.0,11.3,10.8,35.75,19.45
626,Missouri University of Science and Technology,United States,Americas,M,CO,VH,Public,55.21,27.4,628.0,Above 500,55.21,,Unranked,,,,Not Comparable,4.9,10.5,8.6,32.5,26.9,35.3,41.7,87.7,19.28333333333333,8.8,34.0,29.4,0.0,0.0,11.3,10.8,35.75,19.45
627,National Chung Hsing University,Taiwan,Asia,L,CO,VH,Public,55.21,27.4,628.0,Above 500,55.21,,Unranked,,,,Not Comparable,28.6,30.9,29.4,14.0,12.3,19.0,34.5,22.5,19.28333333333333,42.2,56.3,29.4,0.0,0.0,11.3,10.8,35.75,19.45
628,Universidade de Santiago de Compostela,Spain,Europe,L,CO,VH,Public,55.21,27.4,628.0,Above 500,55.21,,Unranked,,,,Not Comparable,33.9,16.0,17.5,11.8,3.0,17.7,77.3,27.6,19.28333333333333,20.0,62.4,29.4,0.0,0.0,11.3,10.8,35.75,19.45
629,University of Crete,Greece,Europe,L,FC,HI,Public,55.21,27.4,628.0,Above 500,55.21,,Unranked,,,,Not Comparable,19.3,17.8,3.9,7.2,2.7,12.0,61.9,69.6,19.28333333333333,4.5,40.6,29.4,0.0,0.0,11.3,10.8,35.75,19.45
630,University of South Carolina,United States,Americas,L,FC,VH,Public,55.21,27.4,628.0,Above 500,55.21,,Unranked,,,,Not Comparable,17.7,21.9,13.5,5.9,54.6,10.0,68.0,37.1,19.28333333333333,28.0,68.9,29.4,0.0,0.0,11.3,10.8,35.75,19.45
631,Tallinn University of Technology,Estonia,Europe,M,FO,VH,Public,54.71,27.2,635.0,Above 500,54.71,,Unranked,,,,Not Comparable,16.2,18.6,33.5,26.8,53.2,32.8,81.2,23.5,19.28333333333333,50.5,43.0,29.4,0.0,0.0,11.3,10.8,35.75,19.45
632,Universität des Saarlandes,Germany,Europe,L,FC,VH,Public,54.71,27.2,635.0,Above 500,54.71,,Unranked,,,,Not Comparable,14.0,10.1,96.3,62.3,6.3,46.4,70.4,12.1,19.28333333333333,41.8,31.9,29.4,0.0,0.0,11.3,10.8,35.75,19.45
633,University of Portsmouth,United Kingdom,Europe,L,CO,VH,Public,54.71,27.2,635.0,Above 500,54.71,,Unranked,,,,Not Comparable,10.9,13.1,12.0,90.7,80.1,91.4,81.5,27.8,19.28333333333333,13.5,62.6,29.4,0.0,0.0,11.3,10.8,35.75,19.45
634,"Lincoln University College, Malaysia",Malaysia,Asia,S,CO,HI,Private for Profit,54.5,27.1,638.0,Above 500,54.5,,Unranked,,,,Not Comparable,11.1,26.0,95.6,100.0,100.0,99.2,5.2,1.8,19.28333333333333,5.3,12.5,29.4,0.0,0.0,11.3,10.8,35.75,19.45
635,Southern Cross University,Australia,Oceania,M,CO,VH,Public,54.5,27.1,638.0,Above 500,54.5,,Unranked,,,,Not Comparable,6.0,4.3,3.9,62.6,92.7,66.2,61.1,55.5,19.28333333333333,6.2,65.9,29.4,0.0,0.0,11.3,10.8,35.75,19.45
636,Universidad de Zaragoza,Spain,Europe,L,FC,VH,Public,54.5,27.1,638.0,Above 500,54.5,,Unranked,,,,Not Comparable,29.7,9.9,54.6,10.2,2.3,16.0,89.2,15.6,19.28333333333333,14.8,69.7,29.4,0.0,0.0,11.3,10.8,35.75,19.45
637,"University of Chemistry and Technology, Prague",Czechia,Europe,S,FO,VH,Public,54.5,27.1,638.0,Above 500,54.5,,Unranked,,,,Not Comparable,8.2,12.2,99.5,85.4,33.7,86.7,32.0,19.2,19.28333333333333,9.4,43.4,29.4,0.0,0.0,11.3,10.8,35.75,19.45
638,University of Fribourg,Switzerland,Europe,M,CO,VH,Public,54.21,27.0,642.0,Above 500,54.21,451.5,101-500,1.1,-190.5,190.5,ARWU Higher,13.6,5.5,14.1,52.5,99.9,51.2,60.4,27.3,11.9,49.6,66.8,29.4,0.0,0.0,10.3,9.3,16.1,16.2
639,Abo Akademi University,Finland,Europe,M,CO,VH,Public,54.14,26.9,643.0,Above 500,54.14,,Unranked,,,,Not Comparable,9.5,7.9,22.1,43.6,60.7,32.6,59.8,53.9,19.28333333333333,13.5,45.2,29.4,0.0,0.0,11.3,10.8,35.75,19.45
640,Inha University,South Korea,Asia,L,FC,VH,Private not for Profit,54.14,26.9,643.0,Above 500,54.14,,Unranked,,,,Not Comparable,17.5,19.9,74.7,25.7,17.7,29.4,28.1,23.8,19.28333333333333,17.1,64.7,29.4,0.0,0.0,11.3,10.8,35.75,19.45
641,Libera Universita' di Bolzano,Italy,Europe,S,FO,VH,Public,54.14,26.9,643.0,Above 500,54.14,,Unranked,,,,Not Comparable,7.8,3.1,20.6,56.3,66.1,60.5,51.9,62.4,19.28333333333333,4.0,37.4,29.4,0.0,0.0,11.3,10.8,35.75,19.45
642,Manchester Metropolitan University,United Kingdom,Europe,XL,CO,VH,Public,54.14,26.9,643.0,Above 500,54.14,,Unranked,,,,Not Comparable,18.8,16.4,11.4,61.4,63.1,65.2,89.0,16.8,19.28333333333333,19.2,78.0,29.4,0.0,0.0,11.3,10.8,35.75,19.45
643,University of Manitoba,Canada,Americas,L,FC,VH,Public,54.14,26.9,643.0,Above 500,54.14,350.5,101-500,23.27,-292.5,292.5,ARWU Higher,19.2,20.0,31.8,68.4,20.1,71.5,70.0,22.6,16.86666666666667,39.5,55.7,29.4,0.0,0.0,8.1,8.0,34.5,15.7
644,King Faisal University,Saudi Arabia,Asia,L,FC,HI,Public,53.79,26.8,648.0,Above 500,53.79,,Unranked,,,,Not Comparable,25.3,29.8,24.5,11.0,99.4,14.9,66.0,6.3,19.28333333333333,14.9,54.3,29.4,0.0,0.0,11.3,10.8,35.75,19.45
645,"University of Tromso, The Arctic University of Norway",Norway,Europe,L,FC,VH,Public,53.79,26.8,648.0,Above 500,53.79,,Unranked,,,,Not Comparable,15.5,7.9,82.5,12.9,75.9,9.8,80.8,12.0,19.28333333333333,9.3,51.4,29.4,0.0,0.0,11.3,10.8,35.75,19.45
646,MGIMO University,Russia,Europe,M,CO,HI,Public,53.64,26.7,650.0,Above 500,53.64,,Unranked,,,,Not Comparable,10.7,38.7,100.0,57.2,15.4,61.3,6.7,1.7,19.28333333333333,69.8,21.7,29.4,0.0,0.0,11.3,10.8,35.75,19.45
647,Paris Lodron University of Salzburg,Austria,Europe,M,CO,VH,Public,53.64,26.7,650.0,Above 500,53.64,,Unranked,,,,Not Comparable,13.3,4.8,38.7,98.1,98.4,98.2,59.1,11.6,19.28333333333333,23.7,62.2,29.4,0.0,0.0,11.3,10.8,35.75,19.45
648,Universidad de la República,Uruguay,Americas,XL,FC,HI,Public,53.64,26.7,650.0,Above 500,53.64,,Unranked,,,,Not Comparable,40.0,20.4,18.2,4.1,10.7,3.3,63.2,2.3,19.28333333333333,90.6,43.3,29.4,0.0,0.0,11.3,10.8,35.75,19.45
649,University of Brescia,Italy,Europe,M,FO,VH,Public,53.64,26.7,650.0,Above 500,53.64,,Unranked,,,,Not Comparable,7.3,4.1,8.7,8.5,2.0,14.2,58.8,85.0,19.28333333333333,11.6,63.9,29.4,0.0,0.0,11.3,10.8,35.75,19.45
650,China University of Mining and Technology,China,Asia,L,FO,VH,Public,53.36,26.6,654.0,Above 500,53.36,,Unranked,,,,Not Comparable,4.3,6.4,25.5,19.4,20.1,21.7,55.5,87.2,19.28333333333333,16.3,39.2,29.4,0.0,0.0,11.3,10.8,35.75,19.45
651,De La Salle University,Philippines,Asia,L,CO,HI,Private not for Profit,53.36,26.6,654.0,Above 500,53.36,,Unranked,,,,Not Comparable,32.7,58.6,9.6,3.5,2.8,7.8,27.3,6.8,19.28333333333333,60.7,44.1,29.4,0.0,0.0,11.3,10.8,35.75,19.45
652,Konkuk University,South Korea,Asia,L,FC,VH,Private not for Profit,53.36,26.6,654.0,Above 500,53.36,,Unranked,,,,Not Comparable,11.6,12.8,61.3,43.9,16.2,49.1,52.5,34.1,19.28333333333333,14.7,61.8,29.4,0.0,0.0,11.3,10.8,35.75,19.45
653,Université de Lille,France,Europe,XL,FC,VH,Public,53.36,26.6,654.0,Above 500,53.36,,Unranked,,,,Not Comparable,33.9,10.6,6.1,25.4,21.0,19.1,94.2,27.0,19.28333333333333,6.9,54.3,29.4,0.0,0.0,11.3,10.8,35.75,19.45
654,"University of Agriculture, Faisalabad",Pakistan,Asia,XL,CO,VH,Public,53.36,26.6,654.0,Above 500,53.36,,Unranked,,,,Not Comparable,7.3,14.6,2.2,1.2,2.6,5.6,75.3,83.4,19.28333333333333,3.1,48.4,29.4,0.0,0.0,11.3,10.8,35.75,19.45
655,University of South Florida,United States,Americas,XL,CO,VH,Public,53.36,26.6,654.0,Above 500,53.36,250.5,101-500,45.23,-403.5,403.5,ARWU Higher,17.4,20.4,13.8,41.4,14.3,46.7,81.9,36.7,22.3,13.5,66.4,29.4,0.0,0.0,16.3,10.4,40.2,18.5
656,Bar-Ilan University,Israel,Asia,L,FC,VH,Public,52.93,26.5,660.0,Above 500,52.93,450.5,101-500,1.32,-209.5,209.5,ARWU Higher,11.0,14.3,10.4,4.9,54.4,3.9,53.2,59.4,13.93333333333333,33.1,41.7,29.4,0.0,0.0,7.2,6.9,27.7,14.7
657,Ca' Foscari University of Venice,Italy,Europe,M,CO,VH,Public,52.93,26.5,660.0,Above 500,52.93,,Unranked,,,,Not Comparable,27.1,21.7,10.1,18.6,44.0,24.7,68.2,20.7,19.28333333333333,20.0,74.0,29.4,0.0,0.0,11.3,10.8,35.75,19.45
658,"Kingston University, London",United Kingdom,Europe,L,CO,HI,Public,52.93,26.5,660.0,Above 500,52.93,,Unranked,,,,Not Comparable,20.7,24.6,7.2,95.8,77.3,96.1,52.0,12.7,19.28333333333333,16.4,49.5,29.4,0.0,0.0,11.3,10.8,35.75,19.45
659,Memorial University of Newfoundland,Canada,Americas,L,FC,VH,Public,52.93,26.5,660.0,Above 500,52.93,450.5,101-500,1.32,-209.5,209.5,ARWU Higher,10.7,10.5,15.7,78.5,30.7,80.6,73.6,43.7,12.1,17.4,53.3,29.4,0.0,0.0,7.9,6.4,22.0,10.3
660,COMSATS University Islamabad,Pakistan,Asia,XL,CO,VH,Public,52.64,26.4,664.0,Above 500,52.64,,Unranked,,,,Not Comparable,17.0,35.8,17.0,1.6,1.4,6.0,87.3,36.8,19.28333333333333,8.3,62.7,29.4,0.0,0.0,11.3,10.8,35.75,19.45
661,Indian Institute of Technology Hyderabad,India,Asia,S,CO,VH,Public,52.64,26.4,664.0,Above 500,52.64,,Unranked,,,,Not Comparable,10.3,15.0,20.2,1.9,1.3,6.2,18.0,84.0,19.28333333333333,6.5,42.3,29.4,0.0,0.0,11.3,10.8,35.75,19.45
662,University of Mumbai,India,Asia,M,FC,VH,Public,52.64,26.4,664.0,Above 500,52.64,,Unranked,,,,Not Comparable,11.3,31.5,4.7,4.3,3.0,8.5,27.6,53.7,19.28333333333333,91.0,41.3,29.4,0.0,0.0,11.3,10.8,35.75,19.45
663,University of Oklahoma,United States,Americas,L,FC,VH,Public,52.64,26.4,664.0,Above 500,52.64,,Unranked,,,,Not Comparable,14.3,18.6,19.8,9.8,27.8,7.5,72.3,41.5,19.28333333333333,35.2,60.5,29.4,0.0,0.0,11.3,10.8,35.75,19.45
664,Birla Institute of Technology and Science,India,Asia,L,CO,VH,Private not for Profit,52.36,26.3,668.0,Above 500,52.36,,Unranked,,,,Not Comparable,18.0,32.6,12.4,4.0,2.9,7.9,41.8,39.3,19.28333333333333,55.0,58.8,29.4,0.0,0.0,11.3,10.8,35.75,19.45
665,Chang Gung University,Taiwan,Asia,M,FO,VH,Private not for Profit,52.36,26.3,668.0,Above 500,52.36,450.5,101-500,1.32,-217.5,217.5,ARWU Higher,9.3,6.6,74.6,9.5,7.9,13.2,25.5,58.2,13.63333333333334,2.1,48.8,29.4,0.0,0.0,3.6,2.7,34.6,21.7
666,Karl-Franzens-Universität Graz,Austria,Europe,L,FO,VH,Public,52.36,26.3,668.0,Above 500,52.36,,Unranked,,,,Not Comparable,26.8,13.1,18.9,38.6,53.4,28.9,70.3,13.6,19.28333333333333,44.0,52.7,29.4,0.0,0.0,11.3,10.8,35.75,19.45
667,Lehigh University,United States,Americas,M,CO,VH,Private not for Profit,52.36,26.3,668.0,Above 500,52.36,450.5,101-500,1.32,-217.5,217.5,ARWU Higher,7.2,12.4,30.5,40.0,68.9,45.4,44.9,37.1,13.63333333333334,45.4,61.5,29.4,0.0,0.0,12.5,8.2,20.2,16.1
668,Palacký University in Olomouc,Czechia,Europe,L,FO,VH,Public,52.36,26.3,668.0,Above 500,52.36,,Unranked,,,,Not Comparable,21.5,19.8,36.5,28.5,40.1,34.5,85.8,14.7,19.28333333333333,9.0,67.5,29.4,0.0,0.0,11.3,10.8,35.75,19.45
669,East China University of Science and Technology,China,Asia,XL,CO,VH,Public,52.0,26.2,673.0,Above 500,52.0,450.5,101-500,1.32,-222.5,222.5,ARWU Higher,9.1,10.3,15.4,2.5,3.3,2.1,43.5,82.5,14.66666666666667,12.5,40.2,29.4,0.0,0.0,5.0,4.6,34.4,15.8
670,Stevens Institute of Technology,United States,Americas,M,FO,VH,Private not for Profit,52.0,26.2,673.0,Above 500,52.0,,Unranked,,,,Not Comparable,4.0,10.0,8.4,98.7,54.1,98.2,21.7,60.9,19.28333333333333,13.5,46.7,29.4,0.0,0.0,11.3,10.8,35.75,19.45
671,Technische Universität Dortmund,Germany,Europe,L,FO,VH,Public,52.0,26.2,673.0,Above 500,52.0,,Unranked,,,,Not Comparable,18.5,35.5,42.7,36.7,32.3,27.5,76.5,11.1,19.28333333333333,12.5,43.0,29.4,0.0,0.0,11.3,10.8,35.75,19.45
672,Beirut Arab University,Lebanon,Asia,S,FC,HI,Private not for Profit,51.79,26.1,676.0,Above 500,51.79,,Unranked,,,,Not Comparable,20.0,22.2,28.8,61.1,94.8,56.5,29.6,7.6,19.28333333333333,44.1,42.1,29.4,0.0,0.0,11.3,10.8,35.75,19.45
673,Jadavpur University,India,Asia,M,FO,VH,Public,51.79,26.1,676.0,Above 500,51.79,,Unranked,,,,Not Comparable,23.2,10.5,13.7,1.1,20.1,5.5,44.0,55.8,19.28333333333333,19.5,61.4,29.4,0.0,0.0,11.3,10.8,35.75,19.45
674,American University in Dubai,United Arab Emirates,Asia,S,FO,HI,Private for Profit,51.64,26.0,678.0,Above 500,51.64,,Unranked,,,,Not Comparable,14.4,38.3,26.2,100.0,100.0,100.0,4.3,3.8,19.28333333333333,45.6,25.4,29.4,0.0,0.0,11.3,10.8,35.75,19.45
675,University of Haifa,Israel,Asia,L,CO,VH,Public,51.64,26.0,678.0,Above 500,51.64,450.5,101-500,1.32,-227.5,227.5,ARWU Higher,17.4,13.0,15.8,6.7,17.8,5.2,69.6,44.8,13.5,29.6,67.4,29.4,0.0,0.0,7.2,6.5,26.8,13.2
676,HUFS - Hankuk University of Foreign Studies,South Korea,Asia,L,CO,HI,Private not for Profit,51.5,25.9,680.0,Above 500,51.5,,Unranked,,,,Not Comparable,17.6,25.5,85.2,70.5,40.1,73.3,14.1,2.5,19.28333333333333,3.6,51.5,29.4,0.0,0.0,11.3,10.8,35.75,19.45
677,Nanjing University of Aeronautics and Astronautics,China,Asia,L,FO,VH,Public,51.5,25.9,680.0,Above 500,51.5,,Unranked,,,,Not Comparable,6.3,10.9,26.4,8.8,7.2,6.8,46.2,79.7,19.28333333333333,1.3,37.0,29.4,0.0,0.0,11.3,10.8,35.75,19.45
678,Ritsumeikan University,Japan,Asia,XL,CO,HI,Private not for Profit,51.5,25.9,680.0,Above 500,51.5,,Unranked,,,,Not Comparable,25.7,61.5,10.3,17.8,36.5,23.9,41.1,5.0,19.28333333333333,4.8,64.4,29.4,0.0,0.0,11.3,10.8,35.75,19.45
679,University of Brawijaya,Indonesia,Asia,XL,FC,HI,Public,51.5,25.9,680.0,Above 500,51.5,,Unranked,,,,Not Comparable,30.1,55.3,20.4,2.7,35.9,6.9,27.3,1.9,19.28333333333333,29.1,53.3,29.4,0.0,0.0,11.3,10.8,35.75,19.45
680,Comenius University Bratislava,Slovakia,Europe,L,FC,HI,Public,51.21,25.8,684.0,Above 500,51.21,,Unranked,,,,Not Comparable,16.8,14.7,61.3,39.0,8.4,44.5,68.8,6.9,19.28333333333333,87.0,43.7,29.4,0.0,0.0,11.3,10.8,35.75,19.45
681,Ton Duc Thang University,Vietnam,Asia,L,CO,VH,Public,51.21,25.8,684.0,Above 500,51.21,,Unranked,,,,Not Comparable,6.1,13.3,8.6,2.0,7.7,6.3,88.1,74.8,19.28333333333333,6.8,43.9,29.4,0.0,0.0,11.3,10.8,35.75,19.45
682,China University of Petroleum,China,Asia,L,CO,VH,Public,51.07,25.7,686.0,Above 500,51.07,,Unranked,,,,Not Comparable,3.1,6.8,10.7,5.2,7.2,4.1,26.4,94.5,19.28333333333333,26.2,35.3,29.4,0.0,0.0,11.3,10.8,35.75,19.45
683,Cyprus University of Technology,Cyprus,Asia,S,CO,VH,Public,51.07,25.7,686.0,Above 500,51.07,,Unranked,,,,Not Comparable,8.1,4.9,49.3,42.0,68.1,43.4,46.6,39.8,19.28333333333333,11.3,49.6,29.4,0.0,0.0,11.3,10.8,35.75,19.45
684,Baku State University,Azerbaijan,Asia,L,CO,HI,Public,50.93,25.6,688.0,Above 500,50.93,,Unranked,,,,Not Comparable,22.0,20.1,94.0,7.0,13.4,11.2,22.1,1.9,19.28333333333333,64.1,43.3,29.4,0.0,0.0,11.3,10.8,35.75,19.45
685,Tomsk Polytechnic University,Russia,Europe,M,FO,VH,Public,50.93,25.6,688.0,Above 500,50.93,,Unranked,,,,Not Comparable,9.4,15.4,96.0,88.8,14.8,83.9,60.4,7.0,19.28333333333333,2.0,47.7,29.4,0.0,0.0,11.3,10.8,35.75,19.45
686,Université Côte d'Azur,France,Europe,XL,FC,VH,Public,50.93,25.6,688.0,Above 500,50.93,,Unranked,,,,Not Comparable,21.6,8.2,9.1,51.0,36.5,55.6,83.3,27.7,19.28333333333333,13.6,69.2,29.4,0.0,0.0,11.3,10.8,35.75,19.45
687,Eastern Mediterranean University,Northern Cyprus,Asia,L,FC,HI,Public,50.71,25.4,691.0,Above 500,50.71,,Unranked,,,,Not Comparable,9.2,4.5,5.6,100.0,77.1,100.0,51.3,31.3,19.28333333333333,53.6,45.4,29.4,0.0,0.0,11.3,10.8,35.75,19.45
688,Universidade Federal do Rio Grande Do Sul,Brazil,Americas,XL,FC,VH,Public,50.71,25.4,691.0,Above 500,50.71,,Unranked,,,,Not Comparable,36.8,9.2,20.0,2.4,3.8,7.0,80.5,15.7,19.28333333333333,32.3,63.9,29.4,0.0,0.0,11.3,10.8,35.75,19.45
689,Universität Regensburg,Germany,Europe,L,FO,VH,Public,50.71,25.4,691.0,Above 500,50.71,,Unranked,,,,Not Comparable,16.0,11.9,77.3,17.7,39.4,23.9,71.0,13.3,19.28333333333333,27.7,38.7,29.4,0.0,0.0,11.3,10.8,35.75,19.45
690,"Vellore Institute of Technology, Vellore, India",India,Asia,XL,CO,VH,Private not for Profit,50.71,25.4,691.0,Above 500,50.71,,Unranked,,,,Not Comparable,20.5,26.0,11.6,5.3,5.0,10.1,81.2,34.3,19.28333333333333,15.8,65.2,29.4,0.0,0.0,11.3,10.8,35.75,19.45
691,Rensselaer Polytechnic Institute,United States,Americas,M,CO,VH,Private not for Profit,50.43,25.3,695.0,Above 500,50.43,350.5,101-500,23.27,-344.5,344.5,ARWU Higher,10.2,17.9,28.7,34.4,20.1,25.7,25.8,54.7,16.0,41.3,38.7,29.4,12.6,0.0,13.9,12.0,22.1,23.5
692,Symbiosis International,India,Asia,L,CO,VH,Private not for Profit,50.36,25.2,696.0,Above 500,50.36,,Unranked,,,,Not Comparable,9.2,94.7,26.5,16.1,23.3,20.4,29.4,3.3,19.28333333333333,8.9,45.6,29.4,0.0,0.0,11.3,10.8,35.75,19.45
693,Ankara Üniversitesi,Turkey,Asia,XL,FC,HI,Public,50.29,25.1,697.0,Above 500,50.29,,Unranked,,,,Not Comparable,30.6,30.4,12.8,9.7,2.8,15.4,74.0,4.6,19.28333333333333,61.2,61.0,29.4,0.0,0.0,11.3,10.8,35.75,19.45
694,Beijing University of Chemical Technology,China,Asia,L,CO,VH,Public,50.29,25.1,697.0,Above 500,50.29,,Unranked,,,,Not Comparable,6.1,7.2,28.6,2.5,3.2,7.1,36.6,81.5,19.28333333333333,2.8,40.5,29.4,0.0,0.0,11.3,10.8,35.75,19.45
695,Kazakh National Agrarian University,Kazakhstan,Asia,M,SP,MD,Public,50.29,25.1,697.0,Above 500,50.29,,Unranked,,,,Not Comparable,22.8,27.7,92.6,39.2,26.2,35.2,7.7,1.4,19.28333333333333,4.3,38.7,29.4,0.0,0.0,11.3,10.8,35.75,19.45
696,Tokyo Medical and Dental University,Japan,Asia,S,FO,VH,Public,50.29,25.1,697.0,Above 500,50.29,450.5,101-500,1.32,-246.5,246.5,ARWU Higher,15.7,9.5,100.0,22.6,3.1,24.3,23.3,29.1,12.23333333333333,1.8,37.5,29.4,0.0,0.0,3.6,9.2,23.9,23.2
697,Universidad de Alcalá,Spain,Europe,L,FC,VH,Public,50.29,25.1,697.0,Above 500,50.29,,Unranked,,,,Not Comparable,13.8,10.2,72.5,50.9,11.8,55.6,79.4,10.8,19.28333333333333,11.8,72.1,29.4,0.0,0.0,11.3,10.8,35.75,19.45
698,University of Klagenfurt,Austria,Europe,S,CO,VH,Public,50.29,25.1,697.0,Above 500,50.29,,Unranked,,,,Not Comparable,7.2,5.8,57.4,94.8,98.2,95.2,43.9,16.4,19.28333333333333,13.6,36.3,29.4,0.0,0.0,11.3,10.8,35.75,19.45
699,"University of Missouri, Columbia",United States,Americas,L,FC,VH,Public,50.29,25.1,697.0,Above 500,50.29,,Unranked,,,,Not Comparable,17.2,15.7,38.5,6.4,29.7,5.0,71.8,23.5,19.28333333333333,48.0,50.9,29.4,0.0,0.0,11.3,10.8,35.75,19.45
700,Jeonbuk National University,South Korea,Asia,L,FC,VH,Public,49.68,,705.5,Above 500,49.68,,Unranked,,,,Not Comparable,19.9,14.2,73.7,16.5,12.5,20.4,34.0,21.4,19.28333333333333,3.5,64.6,29.4,0.0,0.0,11.3,10.8,35.75,19.45
701,Kasetsart University,Thailand,Asia,XL,CO,VH,Public,49.68,,705.5,Above 500,49.68,,Unranked,,,,Not Comparable,37.4,37.1,10.3,1.7,7.7,6.2,46.2,4.6,19.28333333333333,31.2,60.8,29.4,0.0,0.0,11.3,10.8,35.75,19.45
702,"Lingnan University, Hong Kong",Hong Kong SAR China,Asia,S,CO,VH,Public,49.68,,705.5,Above 500,49.68,,Unranked,,,,Not Comparable,16.0,12.5,19.3,99.6,100.0,93.1,10.6,22.3,19.28333333333333,5.0,47.0,29.4,0.0,0.0,11.3,10.8,35.75,19.45
703,Nanjing University of Science and Technology,China,Asia,L,FO,VH,Public,49.68,,705.5,Above 500,49.68,,Unranked,,,,Not Comparable,7.0,8.5,14.6,19.4,20.1,21.7,38.2,86.1,19.28333333333333,6.4,39.4,29.4,0.0,0.0,11.3,10.8,35.75,19.45
704,Shiraz University,Iran,Asia,L,CO,VH,Public,49.68,,705.5,Above 500,49.68,,Unranked,,,,Not Comparable,10.2,10.9,6.0,4.3,1.2,8.0,68.1,68.3,19.28333333333333,23.4,45.7,29.4,0.0,0.0,11.3,10.8,35.75,19.45
705,Universidad Panamericana,Mexico,Americas,L,FO,HI,Private not for Profit,49.68,,705.5,Above 500,49.68,,Unranked,,,,Not Comparable,15.9,34.4,81.2,5.0,24.5,4.0,14.3,1.7,19.28333333333333,73.5,36.2,29.4,0.0,0.0,11.3,10.8,35.75,19.45
706,University of Central Florida,United States,Americas,XL,FC,VH,Public,49.68,,705.5,Above 500,49.68,350.5,101-500,23.27,-355.0,355.0,ARWU Higher,18.6,37.1,4.1,7.7,13.2,6.0,73.7,33.0,17.53333333333333,17.4,45.9,29.4,0.0,0.0,13.6,10.4,28.6,16.6
707,University of Zagreb,Croatia,Europe,XL,FC,VH,Public,49.68,,705.5,Above 500,49.68,450.5,101-500,1.32,-255.0,255.0,ARWU Higher,23.2,12.8,26.8,5.1,1.9,10.0,92.1,8.1,12.93333333333334,98.4,60.9,29.4,0.0,0.0,0.0,2.1,36.7,17.0
708,Asia University Taiwan,Taiwan,Asia,M,CO,VH,Private for Profit,48.96,,715.5,Above 500,48.96,,Unranked,,,,Not Comparable,9.0,2.8,5.1,6.0,14.5,10.2,64.2,79.9,19.28333333333333,2.1,36.6,29.4,0.0,0.0,11.3,10.8,35.75,19.45
709,Budapest University of Technology and Economics,Hungary,Europe,L,FO,VH,Public,48.96,,715.5,Above 500,48.96,,Unranked,,,,Not Comparable,20.8,37.5,18.6,22.7,4.6,28.8,60.0,15.3,19.28333333333333,37.8,57.9,29.4,0.0,0.0,11.3,10.8,35.75,19.45
710,Drexel University,United States,Americas,L,FC,VH,Private not for Profit,48.96,,715.5,Above 500,48.96,350.5,101-500,23.27,-365.0,365.0,ARWU Higher,8.9,11.2,30.2,37.4,31.3,43.0,68.8,36.9,17.36666666666666,35.3,48.7,29.4,0.0,0.0,12.3,10.3,29.5,19.2
711,"Goldsmiths, University of London",United Kingdom,Europe,M,FO,VH,Public,48.96,,715.5,Above 500,48.96,,Unranked,,,,Not Comparable,18.3,7.5,20.8,97.8,89.1,97.9,22.7,17.0,19.28333333333333,25.2,43.0,29.4,0.0,0.0,11.3,10.8,35.75,19.45
712,ISCTE - Instituto Universitario de Lisboa,Portugal,Europe,L,FO,VH,Public,48.96,,715.5,Above 500,48.96,,Unranked,,,,Not Comparable,8.6,19.0,3.2,55.8,27.1,60.0,49.8,42.4,19.28333333333333,40.3,56.7,29.4,0.0,0.0,11.3,10.8,35.75,19.45
713,ITMO University,Russia,Europe,L,FO,VH,Public,48.96,,715.5,Above 500,48.96,,Unranked,,,,Not Comparable,12.7,17.4,92.6,44.5,27.2,49.7,60.1,11.0,19.28333333333333,3.9,26.6,29.4,0.0,0.0,11.3,10.8,35.75,19.45
714,Technische Universität Braunschweig,Germany,Europe,L,CO,VH,Public,48.96,,715.5,Above 500,48.96,,Unranked,,,,Not Comparable,14.4,21.9,69.9,50.9,20.1,38.0,66.1,9.7,19.28333333333333,19.3,47.4,29.4,0.0,0.0,11.3,10.8,35.75,19.45
715,Toronto Metropolitan University,Canada,Americas,XL,CO,VH,Public,48.96,,715.5,Above 500,48.96,,Unranked,,,,Not Comparable,12.5,19.4,2.3,19.6,46.5,25.7,60.9,41.0,19.28333333333333,20.1,66.0,29.4,0.0,0.0,11.3,10.8,35.75,19.45
716,Universität Hohenheim,Germany,Europe,M,SP,VH,Public,48.96,,715.5,Above 500,48.96,,Unranked,,,,Not Comparable,9.1,11.1,19.6,38.4,31.8,28.7,74.1,45.4,19.28333333333333,7.7,55.0,29.4,0.0,0.0,11.3,10.8,35.75,19.45
717,Université de Rennes 1,France,Europe,L,FO,VH,Public,48.96,,715.5,Above 500,48.96,,Unranked,,,,Not Comparable,21.3,11.0,15.6,19.0,15.9,14.4,86.9,36.7,19.28333333333333,9.8,49.4,29.4,0.0,0.0,11.3,10.8,35.75,19.45
718,University of Nebraska - Lincoln,United States,Americas,L,CO,VH,Public,48.96,,715.5,Above 500,48.96,250.5,101-500,45.23,-465.0,465.0,ARWU Higher,14.3,11.5,23.8,12.1,27.1,18.1,79.6,37.7,20.6,17.5,63.8,29.4,17.0,0.0,16.8,11.6,33.4,16.7
719,National University of Science and Technology MISiS,Russia,Europe,M,FO,VH,Public,48.25,,725.5,Above 500,48.25,,Unranked,,,,Not Comparable,7.2,15.5,76.8,67.4,10.7,70.2,43.7,21.0,19.28333333333333,25.1,37.5,29.4,0.0,0.0,11.3,10.8,35.75,19.45
720,National University of Uzbekistan,Uzbekistan,Asia,L,CO,HI,Public,48.25,,725.5,Above 500,48.25,,Unranked,,,,Not Comparable,29.7,38.9,7.5,6.8,92.9,10.4,21.3,1.9,19.28333333333333,30.4,43.5,29.4,0.0,0.0,11.3,10.8,35.75,19.45
721,Pakistan Institute of Engineering and Applied Sciences,Pakistan,Asia,S,SP,HI,Public,48.25,,725.5,Above 500,48.25,,Unranked,,,,Not Comparable,7.4,15.1,62.8,19.4,20.1,21.7,19.0,66.0,19.28333333333333,3.8,10.4,29.4,0.0,0.0,11.3,10.8,35.75,19.45
722,Prince Sattam Bin Abdulaziz University,Saudi Arabia,Asia,L,FO,VH,Public,48.25,,725.5,Above 500,48.25,,Unranked,,,,Not Comparable,6.4,3.1,69.3,15.5,99.6,18.4,93.6,19.6,19.28333333333333,3.0,36.3,29.4,0.0,0.0,11.3,10.8,35.75,19.45
723,Taras Shevchenko National University of Kyiv,Ukraine,Europe,L,CO,VH,Public,48.25,,725.5,Above 500,48.25,,Unranked,,,,Not Comparable,21.9,50.1,30.7,3.7,1.7,8.2,37.6,3.9,19.28333333333333,72.0,37.9,29.4,0.0,0.0,11.3,10.8,35.75,19.45
724,Temple University,United States,Americas,L,FC,VH,Public,48.25,,725.5,Above 500,48.25,350.5,101-500,23.27,-375.0,375.0,ARWU Higher,16.8,15.0,37.9,11.6,4.4,17.5,64.7,24.6,18.2,38.7,72.1,29.4,0.0,0.0,13.3,7.0,34.3,12.6
725,University of Cincinnati,United States,Americas,XL,FC,VH,Public,48.25,,725.5,Above 500,48.25,250.5,101-500,45.23,-475.0,475.0,ARWU Higher,15.1,12.3,24.8,23.7,6.2,17.8,66.9,31.9,23.23333333333333,47.9,63.2,29.4,0.0,0.0,22.6,9.2,37.9,15.0
726,University of Patras,Greece,Europe,L,FC,VH,Public,48.25,,725.5,Above 500,48.25,,Unranked,,,,Not Comparable,16.8,25.7,4.2,9.2,2.3,14.3,66.2,44.3,19.28333333333333,4.7,65.3,29.4,0.0,0.0,11.3,10.8,35.75,19.45
727,UWE Bristol,United Kingdom,Europe,XL,CO,HI,Public,48.25,,725.5,Above 500,48.25,,Unranked,,,,Not Comparable,10.6,15.1,8.9,88.9,66.1,89.9,72.4,25.2,19.28333333333333,4.2,53.3,29.4,0.0,0.0,11.3,10.8,35.75,19.45
728,Auezov South Kazakhstan State University,Kazakhstan,Asia,L,CO,MD,Public,47.54,,735.5,Above 500,47.54,,Unranked,,,,Not Comparable,21.2,33.9,91.6,29.3,20.1,27.9,5.0,1.1,19.28333333333333,4.1,35.3,29.4,0.0,0.0,11.3,10.8,35.75,19.45
729,Far Eastern Federal University,Russia,Europe,L,CO,HI,Public,47.54,,735.5,Above 500,47.54,,Unranked,,,,Not Comparable,13.9,9.5,98.7,79.3,16.7,80.5,48.0,2.6,19.28333333333333,7.1,37.5,29.4,0.0,0.0,11.3,10.8,35.75,19.45
730,National Institute of Technology Tiruchirappalli,India,Asia,M,FO,VH,Public,47.54,,735.5,Above 500,47.54,,Unranked,,,,Not Comparable,4.1,5.3,10.6,3.5,20.1,7.5,38.2,89.5,19.28333333333333,8.8,37.4,29.4,0.0,0.0,11.3,10.8,35.75,19.45
731,Princess Nourah bint Abdulrahman University,Saudi Arabia,Asia,L,CO,VH,Public,47.54,,735.5,Above 500,47.54,,Unranked,,,,Not Comparable,18.3,24.1,28.7,31.3,83.8,35.9,74.6,7.2,19.28333333333333,2.8,49.8,29.4,0.0,0.0,11.3,10.8,35.75,19.45
732,SEGi University,Malaysia,Asia,M,FO,HI,Private for Profit,47.54,,735.5,Above 500,47.54,,Unranked,,,,Not Comparable,6.7,12.6,91.2,100.0,94.9,100.0,6.6,2.1,19.28333333333333,9.4,30.7,29.4,0.0,0.0,11.3,10.8,35.75,19.45
733,"Sofia University ""St. Kliment Ohridski""",Bulgaria,Europe,L,CO,VH,Public,47.54,,735.5,Above 500,47.54,,Unranked,,,,Not Comparable,16.0,25.2,55.0,15.6,4.0,21.1,55.7,3.1,19.28333333333333,88.6,49.4,29.4,0.0,0.0,11.3,10.8,35.75,19.45
734,Texas Tech University,United States,Americas,XL,FC,HI,Public,47.54,,735.5,Above 500,47.54,450.5,101-500,1.32,-285.0,285.0,ARWU Higher,14.5,26.9,10.0,17.4,63.8,23.5,70.6,18.8,13.33333333333333,28.1,66.1,29.4,0.0,0.0,5.1,3.3,31.6,15.1
735,Universidad Central de Venezuela - UCV,Venezuela,Americas,L,FC,MD,Public,47.54,,735.5,Above 500,47.54,,Unranked,,,,Not Comparable,28.9,45.3,41.5,2.0,3.3,6.3,13.3,1.4,19.28333333333333,57.5,36.3,29.4,0.0,0.0,11.3,10.8,35.75,19.45
736,Université de Tunis El Manar,Tunisia,Africa,L,FC,VH,Public,47.54,,735.5,Above 500,47.54,,Unranked,,,,Not Comparable,15.8,6.2,39.9,16.7,61.9,19.9,82.5,9.2,19.28333333333333,61.3,56.7,29.4,0.0,0.0,11.3,10.8,35.75,19.45
737,Yildiz Technical University,Turkey,Asia,L,CO,VH,Public,47.54,,735.5,Above 500,47.54,,Unranked,,,,Not Comparable,13.4,43.2,5.6,27.8,9.5,33.8,55.4,26.0,19.28333333333333,26.7,63.7,29.4,0.0,0.0,11.3,10.8,35.75,19.45
738,Aberystwyth University,United Kingdom,Europe,M,CO,VH,Public,46.82,,745.5,Above 500,46.82,,Unranked,,,,Not Comparable,12.8,11.5,27.6,42.0,61.3,45.4,63.3,23.9,19.28333333333333,11.0,63.1,29.4,0.0,0.0,11.3,10.8,35.75,19.45
739,Adam Mickiewicz University,Poland,Europe,L,CO,VH,Public,46.82,,745.5,Above 500,46.82,,Unranked,,,,Not Comparable,24.1,12.3,45.7,15.6,10.9,21.7,88.7,8.8,19.28333333333333,15.8,63.6,29.4,0.0,0.0,11.3,10.8,35.75,19.45
740,Brandeis University,United States,Americas,M,CO,VH,Private not for Profit,46.82,,745.5,Above 500,46.82,250.5,101-500,45.23,-495.0,495.0,ARWU Higher,12.8,9.7,50.2,83.4,33.0,62.1,24.7,25.0,15.26666666666667,30.5,28.8,29.4,19.2,0.0,8.6,18.8,18.4,24.8
741,Kaunas University of Technology,Lithuania,Europe,M,FO,VH,Public,46.82,,745.5,Above 500,46.82,,Unranked,,,,Not Comparable,15.1,22.0,37.9,40.0,4.8,45.4,68.6,17.5,19.28333333333333,29.0,58.9,29.4,0.0,0.0,11.3,10.8,35.75,19.45
742,Plekhanov Russian University of Economics,Russia,Europe,L,FO,VH,Public,46.82,,745.5,Above 500,46.82,,Unranked,,,,Not Comparable,15.5,30.1,57.8,26.7,4.1,31.7,61.2,3.3,19.28333333333333,55.2,42.4,29.4,0.0,0.0,11.3,10.8,35.75,19.45
743,Shahid Beheshti University,Iran,Asia,L,FO,VH,Public,46.82,,745.5,Above 500,46.82,,Unranked,,,,Not Comparable,11.8,22.5,6.0,24.7,5.2,25.1,68.0,49.4,19.28333333333333,24.2,33.6,29.4,0.0,0.0,11.3,10.8,35.75,19.45
744,Syracuse University,United States,Americas,L,CO,VH,Private not for Profit,46.82,,745.5,Above 500,46.82,450.5,101-500,1.32,-295.0,295.0,ARWU Higher,17.0,18.3,16.1,45.5,25.2,50.5,56.7,17.0,13.76666666666667,58.0,60.9,29.4,0.0,0.0,8.1,8.0,25.2,13.4
745,The Catholic University of Korea,South Korea,Asia,M,FC,VH,Private not for Profit,46.82,,745.5,Above 500,46.82,,Unranked,,,,Not Comparable,7.9,6.0,97.4,52.9,4.7,47.1,14.3,31.0,19.28333333333333,1.9,44.8,29.4,0.0,0.0,11.3,10.8,35.75,19.45
746,University of Baghdad,Iraq,Asia,XL,FC,VH,Public,46.82,,745.5,Above 500,46.82,,Unranked,,,,Not Comparable,18.1,41.2,31.1,1.2,2.8,1.1,69.0,2.5,19.28333333333333,85.6,43.4,29.4,0.0,0.0,11.3,10.8,35.75,19.45
747,University of Malta,Malta,Europe,M,FC,VH,Public,46.82,,745.5,Above 500,46.82,,Unranked,,,,Not Comparable,9.3,7.4,47.7,42.2,33.1,47.5,76.8,10.1,19.28333333333333,98.1,38.2,29.4,0.0,0.0,11.3,10.8,35.75,19.45
748,University of Messina,Italy,Europe,L,FC,VH,Public,46.82,,745.5,Above 500,46.82,,Unranked,,,,Not Comparable,12.6,2.9,18.6,17.8,1.4,23.9,78.6,55.5,19.28333333333333,1.6,61.5,29.4,0.0,0.0,11.3,10.8,35.75,19.45
749,University of Pecs,Hungary,Europe,L,FC,HI,Public,46.82,,745.5,Above 500,46.82,,Unranked,,,,Not Comparable,20.1,20.1,52.3,77.3,12.8,79.5,42.4,5.0,19.28333333333333,12.8,53.7,29.4,0.0,0.0,11.3,10.8,35.75,19.45
750,Victoria University,Australia,Oceania,L,CO,HI,Public,46.82,,745.5,Above 500,46.82,,Unranked,,,,Not Comparable,9.2,10.1,3.4,74.6,23.6,77.1,48.9,48.7,19.28333333333333,9.7,59.3,29.4,0.0,0.0,11.3,10.8,35.75,19.45
751,Vytautas Magnus University,Lithuania,Europe,M,FO,VH,Public,46.82,,745.5,Above 500,46.82,,Unranked,,,,Not Comparable,14.0,19.9,44.2,70.8,46.8,73.5,62.8,5.0,19.28333333333333,26.8,47.0,29.4,0.0,0.0,11.3,10.8,35.75,19.45
752,Martin-Luther-Universität Halle-Wittenberg,Germany,Europe,L,FC,VH,Public,46.11,,755.5,Above 500,46.11,,Unranked,,,,Not Comparable,15.1,9.9,89.4,17.0,20.1,12.9,86.5,11.2,19.28333333333333,6.3,47.1,29.4,0.0,0.0,11.3,10.8,35.75,19.45
753,Université de Lorraine,France,Europe,XL,FO,VH,Public,46.11,,755.5,Above 500,46.11,,Unranked,,,,Not Comparable,19.2,5.0,8.6,40.0,40.5,29.9,95.6,24.7,19.28333333333333,22.3,54.5,29.4,0.0,0.0,11.3,10.8,35.75,19.45
754,University of New Mexico,United States,Americas,L,FC,VH,Public,46.11,,755.5,Above 500,46.11,,Unranked,,,,Not Comparable,14.2,16.9,57.3,7.1,11.0,5.5,83.6,20.4,19.28333333333333,11.4,53.8,29.4,0.0,0.0,11.3,10.8,35.75,19.45
755,University of Oregon,United States,Americas,L,CO,VH,Public,46.11,,755.5,Above 500,46.11,350.5,101-500,23.27,-405.0,405.0,ARWU Higher,23.2,22.5,14.7,5.4,10.5,4.3,53.8,25.3,17.4,36.9,55.7,29.4,8.9,0.0,10.1,14.8,27.3,18.3
756,University of Trieste,Italy,Europe,L,FC,VH,Public,46.11,,755.5,Above 500,46.11,450.5,101-500,1.32,-305.0,305.0,ARWU Higher,16.1,7.8,5.5,16.8,11.6,22.9,70.8,53.8,13.66666666666667,18.7,36.4,29.4,0.0,0.0,5.0,10.9,25.1,20.1
757,Al-Ahliyya Amman University,Jordan,Asia,M,FO,VH,Private not for Profit,45.39,,765.5,Above 500,45.39,,Unranked,,,,Not Comparable,17.1,21.0,15.8,100.0,93.7,98.0,32.7,6.4,19.28333333333333,6.0,38.2,29.4,0.0,0.0,11.3,10.8,35.75,19.45
758,Babes-Bolyai University,Romania,Europe,XL,CO,VH,Public,45.39,,765.5,Above 500,45.39,,Unranked,,,,Not Comparable,21.9,34.9,8.7,7.1,18.9,12.6,83.9,8.0,19.28333333333333,35.9,65.0,29.4,0.0,0.0,11.3,10.8,35.75,19.45
759,Bangladesh University of Engineering and Technology,Bangladesh,Asia,M,SP,VH,Public,45.39,,765.5,Above 500,45.39,,Unranked,,,,Not Comparable,21.3,42.5,15.6,19.4,20.1,21.7,23.0,30.8,19.28333333333333,29.9,30.0,29.4,0.0,0.0,11.3,10.8,35.75,19.45
760,Czech University of Life Sciences in Prague,Czechia,Europe,L,FO,VH,Public,45.39,,765.5,Above 500,45.39,,Unranked,,,,Not Comparable,11.6,8.7,13.7,82.5,36.0,84.1,85.4,22.3,19.28333333333333,5.0,72.5,29.4,0.0,0.0,11.3,10.8,35.75,19.45
761,"Government College University, Faisalabad",Pakistan,Asia,L,CO,VH,Public,45.39,,765.5,Above 500,45.39,,Unranked,,,,Not Comparable,4.2,7.1,7.6,1.1,1.3,5.5,77.6,72.2,19.28333333333333,33.5,32.2,29.4,0.0,0.0,11.3,10.8,35.75,19.45
762,"Jamia Millia Islamia, New Delhi",India,Asia,M,CO,VH,Public,45.39,,765.5,Above 500,45.39,,Unranked,,,,Not Comparable,13.0,5.6,40.1,10.7,4.2,14.8,60.5,47.7,19.28333333333333,6.3,49.7,29.4,0.0,0.0,11.3,10.8,35.75,19.45
763,Khoja Akhmet Yassawi International Kazakh-Turkish University,Kazakhstan,Asia,M,FC,MD,Public,45.39,,765.5,Above 500,45.39,,Unranked,,,,Not Comparable,19.1,46.3,57.5,45.5,27.8,40.0,4.1,1.3,19.28333333333333,10.7,30.1,29.4,0.0,0.0,11.3,10.8,35.75,19.45
764,New Jersey Institute of Technology,United States,Americas,M,FO,VH,Public,45.39,,765.5,Above 500,45.39,450.5,101-500,1.32,-315.0,315.0,ARWU Higher,7.5,19.8,13.2,65.4,36.0,68.7,37.7,40.6,11.76666666666667,10.4,54.2,29.4,0.0,0.0,7.7,7.6,20.0,14.9
765,Riga Technical University,Latvia,Europe,M,CO,VH,Public,45.39,,765.5,Above 500,45.39,,Unranked,,,,Not Comparable,12.6,31.9,31.7,84.9,22.1,86.3,38.2,6.0,19.28333333333333,40.5,47.6,29.4,0.0,0.0,11.3,10.8,35.75,19.45
766,University of Belgrade,Serbia,Europe,XL,FC,VH,Public,45.39,,765.5,Above 500,45.39,350.5,101-500,23.27,-415.0,415.0,ARWU Higher,23.6,14.0,6.5,7.4,3.6,5.8,94.5,10.1,15.26666666666667,98.4,52.1,29.4,0.0,0.0,0.0,2.5,43.3,21.0
767,University of Bucharest,Romania,Europe,XL,CO,VH,Public,45.39,,765.5,Above 500,45.39,,Unranked,,,,Not Comparable,21.1,35.9,9.0,4.8,3.5,10.0,72.3,8.3,19.28333333333333,67.9,60.8,29.4,0.0,0.0,11.3,10.8,35.75,19.45
768,University of Nizwa,Oman,Asia,S,CO,VH,Private not for Profit,45.39,,765.5,Above 500,45.39,,Unranked,,,,Not Comparable,11.0,12.8,47.5,26.2,100.0,27.0,26.1,13.0,19.28333333333333,73.5,19.0,29.4,0.0,0.0,11.3,10.8,35.75,19.45
769,"Vietnam National University, Hanoi",Vietnam,Asia,XL,CO,HI,Public,45.39,,765.5,Above 500,45.39,,Unranked,,,,Not Comparable,24.3,33.0,9.2,1.3,6.6,1.3,68.3,4.3,19.28333333333333,68.7,69.4,29.4,0.0,0.0,11.3,10.8,35.75,19.45
770,Holy Spirit University of Kaslik,Lebanon,Asia,M,FO,HI,Private not for Profit,44.68,,775.5,Above 500,44.68,,Unranked,,,,Not Comparable,11.1,20.7,70.4,52.2,99.4,53.4,9.6,3.8,19.28333333333333,7.3,38.0,29.4,0.0,0.0,11.3,10.8,35.75,19.45
771,Philipps-Universität Marburg,Germany,Europe,L,FC,VH,Public,44.68,,775.5,Above 500,44.68,,Unranked,,,,Not Comparable,16.3,15.1,7.4,31.9,19.0,23.9,65.9,39.6,19.28333333333333,8.9,47.6,29.4,0.0,0.0,11.3,10.8,35.75,19.45
772,Rovira i Virgili University,Spain,Europe,L,FC,VH,Public,44.68,,775.5,Above 500,44.68,,Unranked,,,,Not Comparable,9.5,4.5,19.9,28.4,9.8,34.4,82.2,48.0,19.28333333333333,1.8,65.0,29.4,0.0,0.0,11.3,10.8,35.75,19.45
773,Rutgers University - Newark,United States,Americas,M,CO,VH,Public,44.68,,775.5,Above 500,44.68,,Unranked,,,,Not Comparable,13.7,14.2,26.1,44.8,31.2,49.1,26.9,26.0,19.28333333333333,44.6,61.2,29.4,0.0,0.0,11.3,10.8,35.75,19.45
774,Thapar Institute of Engineering & Technology,India,Asia,M,FO,VH,Public,44.68,,775.5,Above 500,44.68,,Unranked,,,,Not Comparable,4.0,9.3,14.3,4.7,17.1,8.7,33.7,71.2,19.28333333333333,11.6,58.5,29.4,0.0,0.0,11.3,10.8,35.75,19.45
775,Universidad de Palermo,Argentina,Americas,S,FO,HI,Private not for Profit,44.68,,775.5,Above 500,44.68,,Unranked,,,,Not Comparable,15.8,16.0,96.0,94.3,42.0,90.0,3.6,1.1,19.28333333333333,10.1,48.7,29.4,0.0,0.0,11.3,10.8,35.75,19.45
776,University of Calcutta,India,Asia,L,CO,VH,Public,44.68,,775.5,Above 500,44.68,450.5,101-500,1.32,-325.0,325.0,ARWU Higher,19.7,11.1,7.7,1.3,31.3,5.7,57.0,33.9,4.9,61.6,34.4,29.4,15.4,12.9,0.0,0.0,14.7,9.5
777,University of Maynooth,Ireland,Europe,L,FO,VH,Public,44.68,,775.5,Above 500,44.68,,Unranked,,,,Not Comparable,16.6,13.1,14.2,32.2,91.2,38.0,45.1,21.0,19.28333333333333,16.3,52.3,29.4,0.0,0.0,11.3,10.8,35.75,19.45
778,Alexandria University,Egypt,Africa,XL,FC,VH,Public,43.96,,785.5,Above 500,43.96,,Unranked,,,,Not Comparable,32.7,24.2,7.2,13.6,1.9,19.0,80.7,3.5,19.28333333333333,33.0,56.6,29.4,0.0,0.0,11.3,10.8,35.75,19.45
779,Carleton University,Canada,Americas,L,CO,VH,Public,43.96,,785.5,Above 500,43.96,450.5,101-500,1.32,-335.0,335.0,ARWU Higher,15.6,16.8,7.3,56.9,17.6,42.4,74.9,18.6,14.83333333333333,43.1,61.1,29.4,0.0,0.0,12.2,5.5,26.8,16.0
780,Georgia State University,United States,Americas,L,FO,VH,Public,43.96,,785.5,Above 500,43.96,,Unranked,,,,Not Comparable,14.8,29.1,6.0,18.9,6.6,14.3,64.6,33.2,19.28333333333333,29.0,47.3,29.4,0.0,0.0,11.3,10.8,35.75,19.45
781,Hong Kong Metropolitan University,Hong Kong SAR China,Asia,L,FO,HI,,43.96,,785.5,Above 500,43.96,,Unranked,,,,Not Comparable,26.5,7.1,4.2,92.9,90.3,81.9,11.2,9.7,19.28333333333333,29.3,36.6,29.4,0.0,0.0,11.3,10.8,35.75,19.45
782,Kuwait University,Kuwait,Asia,XL,FC,HI,Public,43.96,,785.5,Above 500,43.96,,Unranked,,,,Not Comparable,20.9,17.5,9.4,32.0,24.1,37.8,55.1,5.5,19.28333333333333,97.1,58.3,29.4,0.0,0.0,11.3,10.8,35.75,19.45
783,Technological University of Dublin,Ireland,Europe,L,CO,HI,Public,43.96,,785.5,Above 500,43.96,,Unranked,,,,Not Comparable,17.7,22.4,18.0,63.7,49.8,67.3,53.7,6.1,19.28333333333333,22.6,58.7,29.4,0.0,0.0,11.3,10.8,35.75,19.45
784,Universidad de Alicante,Spain,Europe,L,FC,VH,Public,43.96,,785.5,Above 500,43.96,,Unranked,,,,Not Comparable,21.1,11.5,36.0,21.4,11.5,27.5,79.3,14.2,19.28333333333333,10.4,70.9,29.4,0.0,0.0,11.3,10.8,35.75,19.45
785,Universidad de Antioquia,Colombia,Americas,XL,FO,VH,Public,43.96,,785.5,Above 500,43.96,,Unranked,,,,Not Comparable,39.7,24.1,5.9,19.4,4.9,21.7,55.7,7.1,19.28333333333333,26.7,45.5,29.4,0.0,0.0,11.3,10.8,35.75,19.45
786,Universidad del Rosario,Colombia,Americas,M,FC,HI,Private not for Profit,43.96,,785.5,Above 500,43.96,,Unranked,,,,Not Comparable,23.8,32.7,35.1,5.8,9.8,4.6,31.2,4.4,19.28333333333333,48.5,58.2,29.4,0.0,0.0,11.3,10.8,35.75,19.45
787,"Universidade Católica Portuguesa, UCP",Portugal,Europe,M,FO,VH,Private not for Profit,43.96,,785.5,Above 500,43.96,,Unranked,,,,Not Comparable,16.5,31.2,14.1,58.3,17.1,62.3,33.8,12.9,19.28333333333333,57.7,47.9,29.4,0.0,0.0,11.3,10.8,35.75,19.45
788,University of Kentucky,United States,Americas,L,FC,VH,Public,43.96,,785.5,Above 500,43.96,250.5,101-500,45.23,-535.0,535.0,ARWU Higher,15.0,15.0,19.2,5.7,18.2,4.5,77.3,32.1,18.36666666666667,24.4,59.6,29.4,10.3,0.0,3.6,12.1,39.4,13.6
789,University of Mons,Belgium,Europe,M,CO,VH,Public,43.96,,785.5,Above 500,43.96,,Unranked,,,,Not Comparable,7.0,8.1,5.2,47.0,40.9,50.6,43.6,53.2,19.28333333333333,7.3,54.4,29.4,0.0,0.0,11.3,10.8,35.75,19.45
790,V.N. Karazin Kharkiv National University,Ukraine,Europe,L,FC,HI,Public,43.96,,785.5,Above 500,43.96,,Unranked,,,,Not Comparable,14.3,30.2,70.5,67.8,4.4,69.0,35.2,1.9,19.28333333333333,4.6,46.2,29.4,0.0,0.0,11.3,10.8,35.75,19.45
791,Wayne State University,United States,Americas,L,FC,VH,Public,43.96,,785.5,Above 500,43.96,350.5,101-500,23.27,-435.0,435.0,ARWU Higher,9.0,6.8,70.3,10.5,17.9,8.1,69.8,18.0,17.0,34.1,66.9,29.4,0.0,0.0,3.6,9.3,38.1,14.2
792,Applied Science Private University - Jordan,Jordan,Asia,M,CO,HI,Private for Profit,43.25,,795.5,Above 500,43.25,,Unranked,,,,Not Comparable,16.4,27.8,30.0,82.1,36.3,79.3,44.9,7.4,19.28333333333333,5.9,39.4,29.4,0.0,0.0,11.3,10.8,35.75,19.45
793,Beijing University of Technology,China,Asia,L,CO,VH,Public,43.25,,795.5,Above 500,43.25,,Unranked,,,,Not Comparable,9.0,10.8,41.9,2.7,5.3,7.5,38.4,55.4,19.28333333333333,7.6,33.4,29.4,0.0,0.0,11.3,10.8,35.75,19.45
794,Chiba University,Japan,Asia,L,FC,VH,Public,43.25,,795.5,Above 500,43.25,350.5,101-500,23.27,-445.0,445.0,ARWU Higher,22.5,12.5,65.8,7.9,11.3,12.1,30.2,17.8,16.26666666666667,6.2,48.7,29.4,0.0,0.0,10.0,9.7,29.1,16.4
795,Lanzhou University,China,Asia,XL,CO,VH,Public,43.25,,795.5,Above 500,43.25,350.5,101-500,23.27,-445.0,445.0,ARWU Higher,9.4,5.3,43.4,2.2,3.0,1.9,69.6,47.7,16.3,11.1,45.3,29.4,0.0,0.0,7.1,2.9,38.9,18.9
796,Norwegian University of Life Sciences,Norway,Europe,M,FO,VH,,43.25,,795.5,Above 500,43.25,,Unranked,,,,Not Comparable,8.2,8.2,100.0,19.4,20.1,21.7,77.7,13.4,19.28333333333333,25.5,50.8,29.4,0.0,0.0,11.3,10.8,35.75,19.45
797,Pontificia Universidad Católica de Valparaíso,Chile,Americas,L,CO,VH,Private not for Profit,43.25,,795.5,Above 500,43.25,,Unranked,,,,Not Comparable,36.4,29.0,6.8,2.6,15.1,2.2,43.3,13.2,19.28333333333333,12.2,36.9,29.4,0.0,0.0,11.3,10.8,35.75,19.45
798,Universiti Tunku Abdul Rahman,Malaysia,Asia,M,FC,HI,Private not for Profit,43.25,,795.5,Above 500,43.25,,Unranked,,,,Not Comparable,19.4,43.9,19.2,8.0,15.8,11.9,51.7,13.4,19.28333333333333,5.1,57.7,29.4,0.0,0.0,11.3,10.8,35.75,19.45
799,Wake Forest University,United States,Americas,M,FC,VH,Private not for Profit,43.25,,795.5,Above 500,43.25,450.5,101-500,1.32,-345.0,345.0,ARWU Higher,7.4,18.9,100.0,16.0,6.2,12.1,38.8,11.9,15.8,28.3,42.2,29.4,0.0,0.0,14.9,7.5,25.0,11.9
800,AGH University of Krakow,Poland,Europe,L,CO,VH,Public,41.11,,825.5,Above 500,41.11,,Unranked,,,,Not Comparable,13.1,30.6,54.7,7.3,4.4,12.1,75.6,12.7,19.28333333333333,4.0,47.4,29.4,0.0,0.0,11.3,10.8,35.75,19.45
801,Ahlia University,Bahrain,Asia,S,SP,HI,Private not for Profit,41.11,,825.5,Above 500,41.11,,Unranked,,,,Not Comparable,18.1,9.9,38.4,61.7,100.0,46.0,11.1,10.3,19.28333333333333,12.1,26.4,29.4,0.0,0.0,11.3,10.8,35.75,19.45
802,Alfaisal University,Saudi Arabia,Asia,S,FO,VH,Private not for Profit,41.11,,825.5,Above 500,41.11,,Unranked,,,,Not Comparable,7.9,5.9,31.7,96.7,100.0,92.4,28.1,21.8,19.28333333333333,5.7,31.0,29.4,0.0,0.0,11.3,10.8,35.75,19.45
803,Azerbaijan State University of Economics,Azerbaijan,Asia,L,FO,HI,Public,41.11,,825.5,Above 500,41.11,,Unranked,,,,Not Comparable,21.2,37.2,36.7,10.7,32.0,13.9,11.7,1.5,19.28333333333333,51.5,39.2,29.4,0.0,0.0,11.3,10.8,35.75,19.45
804,Bournemouth University,United Kingdom,Europe,L,CO,VH,Public,41.11,,825.5,Above 500,41.11,,Unranked,,,,Not Comparable,8.0,11.0,8.1,47.7,84.7,52.6,76.3,29.4,19.28333333333333,7.7,43.4,29.4,0.0,0.0,11.3,10.8,35.75,19.45
805,De Montfort University,United Kingdom,Europe,L,FO,VH,Public,41.11,,825.5,Above 500,41.11,,Unranked,,,,Not Comparable,6.4,9.5,6.8,96.4,81.4,96.6,57.1,16.7,19.28333333333333,10.5,64.5,29.4,0.0,0.0,11.3,10.8,35.75,19.45
806,Donghua University,China,Asia,L,CO,VH,Public,41.11,,825.5,Above 500,41.11,,Unranked,,,,Not Comparable,4.5,4.4,32.4,4.2,2.0,3.4,32.1,70.6,19.28333333333333,5.1,28.5,29.4,0.0,0.0,11.3,10.8,35.75,19.45
807,Gdansk University of Technology,Poland,Europe,L,FO,VH,Public,41.11,,825.5,Above 500,41.11,,Unranked,,,,Not Comparable,12.0,24.1,31.8,7.8,6.9,12.7,70.0,25.5,19.28333333333333,4.0,64.0,29.4,0.0,0.0,11.3,10.8,35.75,19.45
808,German Jordanian University,Jordan,Asia,S,FO,VH,Public,41.11,,825.5,Above 500,41.11,,Unranked,,,,Not Comparable,14.6,28.7,34.6,23.9,85.3,26.0,18.3,12.7,19.28333333333333,11.3,22.1,29.4,0.0,0.0,11.3,10.8,35.75,19.45
809,IIT Gandhinagar,India,Asia,S,FO,VH,Public,41.11,,825.5,Above 500,41.11,,Unranked,,,,Not Comparable,7.0,9.1,51.9,2.2,2.7,6.4,20.1,53.2,19.28333333333333,1.9,42.3,29.4,0.0,0.0,11.3,10.8,35.75,19.45
810,Instituto Tecnológico Autonomo de México,Mexico,Americas,S,SP,MD,Private not for Profit,41.11,,825.5,Above 500,41.11,,Unranked,,,,Not Comparable,21.5,40.0,22.3,2.2,51.1,6.6,8.7,2.7,19.28333333333333,80.0,24.6,29.4,0.0,0.0,11.3,10.8,35.75,19.45
811,Keele University,United Kingdom,Europe,M,FC,VH,Public,41.11,,825.5,Above 500,41.11,,Unranked,,,,Not Comparable,8.5,8.0,21.3,50.7,60.9,42.3,66.4,28.5,19.28333333333333,10.1,39.4,29.4,0.0,0.0,11.3,10.8,35.75,19.45
812,Middlesex University,United Kingdom,Europe,L,CO,HI,Public,41.11,,825.5,Above 500,41.11,,Unranked,,,,Not Comparable,7.5,9.3,11.3,99.7,88.6,99.7,56.5,14.3,19.28333333333333,24.6,40.0,29.4,0.0,0.0,11.3,10.8,35.75,19.45
813,"National Technical University of Ukraine ""Igor Sikorsky Kyiv Polytechnic Institute""",Ukraine,Europe,L,CO,VH,Public,41.11,,825.5,Above 500,41.11,,Unranked,,,,Not Comparable,18.4,49.0,38.5,3.0,1.3,7.3,22.7,2.1,19.28333333333333,48.8,37.2,29.4,0.0,0.0,11.3,10.8,35.75,19.45
814,Northwest Agriculture and Forestry University,China,Asia,XL,CO,VH,Public,41.11,,825.5,Above 500,41.11,,Unranked,,,,Not Comparable,5.2,2.9,35.0,2.0,20.1,1.7,70.6,61.5,19.28333333333333,5.1,39.0,29.4,0.0,0.0,11.3,10.8,35.75,19.45
815,Ocean University of China,China,Asia,XL,FC,VH,Public,41.11,,825.5,Above 500,41.11,,Unranked,,,,Not Comparable,6.3,5.8,9.6,2.6,4.0,2.2,49.8,72.1,19.28333333333333,3.9,41.5,29.4,0.0,0.0,11.3,10.8,35.75,19.45
816,Perugia University,Italy,Europe,L,FC,VH,Public,41.11,,825.5,Above 500,41.11,,Unranked,,,,Not Comparable,12.0,5.2,5.0,10.0,8.8,13.9,71.5,53.0,19.28333333333333,5.2,49.3,29.4,0.0,0.0,11.3,10.8,35.75,19.45
817,Politecnico di Bari,Italy,Europe,M,SP,VH,Public,41.11,,825.5,Above 500,41.11,,Unranked,,,,Not Comparable,9.8,9.0,13.1,13.1,6.3,10.0,47.6,64.7,19.28333333333333,3.7,27.4,29.4,0.0,0.0,11.3,10.8,35.75,19.45
818,Qassim University,Saudi Arabia,Asia,L,FC,VH,Public,41.11,,825.5,Above 500,41.11,,Unranked,,,,Not Comparable,15.5,6.5,47.0,25.1,100.0,31.1,72.1,3.8,19.28333333333333,3.0,52.2,29.4,0.0,0.0,11.3,10.8,35.75,19.45
819,Soochow University,China,Asia,XL,CO,VH,Public,41.11,,825.5,Above 500,41.11,450.5,101-500,1.32,-375.0,375.0,ARWU Higher,9.2,8.2,25.8,2.4,3.4,7.2,51.1,57.3,15.1,24.0,35.6,29.4,0.0,0.0,0.0,4.0,41.3,15.3
820,"The New School, New York City and Paris",United States,Americas,M,FO,VH,Private not for Profit,41.11,,825.5,Above 500,41.11,,Unranked,,,,Not Comparable,20.4,17.9,47.6,97.9,8.2,98.0,21.1,4.6,19.28333333333333,24.9,24.1,29.4,0.0,0.0,11.3,10.8,35.75,19.45
821,Tokyo University of Science,Japan,Asia,L,FO,VH,Private not for Profit,41.11,,825.5,Above 500,41.11,450.5,101-500,1.32,-375.0,375.0,ARWU Higher,11.5,57.5,12.1,7.2,15.1,10.7,22.6,16.3,12.8,49.0,46.5,29.4,0.0,0.0,7.1,8.4,22.9,16.3
822,Universidad de la Habana,Cuba,Americas,L,FO,HI,Public,41.11,,825.5,Above 500,41.11,,Unranked,,,,Not Comparable,19.9,17.8,71.0,6.9,3.3,5.3,19.3,2.4,19.28333333333333,86.0,32.2,29.4,0.0,0.0,11.3,10.8,35.75,19.45
823,Universidad de Montevideo,Uruguay,Americas,S,FC,MD,Private not for Profit,41.11,,825.5,Above 500,41.11,,Unranked,,,,Not Comparable,24.9,25.8,81.2,6.1,27.0,9.9,7.9,1.4,19.28333333333333,13.4,11.7,29.4,0.0,0.0,11.3,10.8,35.75,19.45
824,Universidad de San Francisco de Quito,Ecuador,Americas,M,FC,HI,Private not for Profit,41.11,,825.5,Above 500,41.11,,Unranked,,,,Not Comparable,25.0,18.2,41.4,2.9,57.2,7.3,32.1,4.6,19.28333333333333,12.5,54.8,29.4,0.0,0.0,11.3,10.8,35.75,19.45
825,Universidade de Brasilia,Brazil,Americas,XL,FC,VH,Public,41.11,,825.5,Above 500,41.11,,Unranked,,,,Not Comparable,34.8,10.8,9.0,2.1,12.8,6.7,63.7,8.3,19.28333333333333,36.3,66.6,29.4,0.0,0.0,11.3,10.8,35.75,19.45
826,Universidade Federal de Santa Catarina,Brazil,Americas,L,FC,VH,Public,41.11,,825.5,Above 500,41.11,,Unranked,,,,Not Comparable,26.1,8.3,25.2,4.0,5.9,8.7,64.4,15.8,19.28333333333333,23.7,65.2,29.4,0.0,0.0,11.3,10.8,35.75,19.45
827,Universidade Federal de São Paulo,Brazil,Americas,L,FC,VH,Public,41.11,,825.5,Above 500,41.11,,Unranked,,,,Not Comparable,14.1,8.8,97.9,2.2,6.1,6.7,49.5,10.4,19.28333333333333,3.6,61.8,29.4,0.0,0.0,11.3,10.8,35.75,19.45
828,Universita' degli studi di Salerno,Italy,Europe,L,FC,VH,Public,41.11,,825.5,Above 500,41.11,,Unranked,,,,Not Comparable,12.3,6.1,9.6,2.6,4.4,7.4,85.5,46.9,19.28333333333333,5.4,58.4,29.4,0.0,0.0,11.3,10.8,35.75,19.45
829,Universita' Politecnica delle Marche - UNIVPM,Italy,Europe,M,FO,VH,Public,41.11,,825.5,Above 500,41.11,,Unranked,,,,Not Comparable,8.0,5.2,17.1,11.6,8.6,17.5,77.4,55.3,19.28333333333333,3.9,57.3,29.4,0.0,0.0,11.3,10.8,35.75,19.45
830,Universität Duisburg-Essen,Germany,Europe,XL,FC,VH,Public,41.11,,825.5,Above 500,41.11,,Unranked,,,,Not Comparable,16.1,8.1,21.9,52.7,33.0,57.2,90.5,15.3,19.28333333333333,16.9,44.9,29.4,0.0,0.0,11.3,10.8,35.75,19.45
831,Universiti Malaysia Terengganu,Malaysia,Asia,M,CO,VH,Public,41.11,,825.5,Above 500,41.11,,Unranked,,,,Not Comparable,16.7,8.2,18.6,30.3,23.6,31.7,58.9,28.9,19.28333333333333,5.0,58.2,29.4,0.0,0.0,11.3,10.8,35.75,19.45
832,University of Bari,Italy,Europe,XL,FO,VH,Public,41.11,,825.5,Above 500,41.11,450.5,101-500,1.32,-375.0,375.0,ARWU Higher,16.8,5.3,7.4,4.0,6.9,9.1,80.7,43.1,12.73333333333333,12.2,56.3,29.4,0.0,0.0,0.0,7.8,30.4,13.1
833,University of Brighton,United Kingdom,Europe,L,FO,VH,Public,41.11,,825.5,Above 500,41.11,,Unranked,,,,Not Comparable,9.6,9.7,12.4,68.1,64.9,71.2,73.1,24.9,19.28333333333333,11.5,39.1,29.4,0.0,0.0,11.3,10.8,35.75,19.45
834,University of Engineering & Technology Lahore,Pakistan,Asia,L,SP,VH,Public,41.11,,825.5,Above 500,41.11,,Unranked,,,,Not Comparable,11.1,49.1,20.4,2.3,20.1,6.5,56.5,15.1,19.28333333333333,54.1,40.7,29.4,0.0,0.0,11.3,10.8,35.75,19.45
835,University of Greenwich,United Kingdom,Europe,L,CO,HI,Public,41.11,,825.5,Above 500,41.11,,Unranked,,,,Not Comparable,6.2,7.0,5.2,99.6,94.0,99.6,75.8,15.2,19.28333333333333,19.7,44.9,29.4,0.0,0.0,11.3,10.8,35.75,19.45
836,University of Hyderabad,India,Asia,M,FC,VH,Public,41.11,,825.5,Above 500,41.11,,Unranked,,,,Not Comparable,17.7,4.6,20.7,2.6,20.1,6.9,34.0,54.5,19.28333333333333,3.4,42.1,29.4,0.0,0.0,11.3,10.8,35.75,19.45
837,University of Latvia,Latvia,Europe,M,FC,VH,Public,41.11,,825.5,Above 500,41.11,,Unranked,,,,Not Comparable,14.5,22.8,10.0,10.0,16.1,15.8,66.6,10.4,19.28333333333333,92.0,56.0,29.4,0.0,0.0,11.3,10.8,35.75,19.45
838,University of Lincoln,United Kingdom,Europe,L,CO,VH,Public,41.11,,825.5,Above 500,41.11,,Unranked,,,,Not Comparable,8.0,9.3,13.0,73.7,84.8,75.2,73.7,14.6,19.28333333333333,6.0,63.8,29.4,0.0,0.0,11.3,10.8,35.75,19.45
839,"University of Maryland, Baltimore",United States,Americas,M,FC,VH,Public,41.11,,825.5,Above 500,41.11,250.5,101-500,45.23,-575.0,575.0,ARWU Higher,7.6,2.3,100.0,10.2,22.1,7.9,45.7,22.5,23.26666666666667,2.3,41.3,29.4,0.0,0.0,19.1,13.6,37.1,16.5
840,"University of Maryland, Baltimore County",United States,Americas,L,FC,HI,Public,41.11,,825.5,Above 500,41.11,450.5,101-500,1.32,-375.0,375.0,ARWU Higher,13.6,8.2,18.9,50.8,72.9,55.5,45.4,20.0,13.9,10.3,66.0,29.4,0.0,0.0,17.4,6.5,17.8,17.3
841,University of Modena and Reggio Emilia,Italy,Europe,L,FC,VH,Public,41.11,,825.5,Above 500,41.11,,Unranked,,,,Not Comparable,12.3,7.6,4.6,7.5,4.8,13.1,55.1,56.7,19.28333333333333,20.3,54.4,29.4,0.0,0.0,11.3,10.8,35.75,19.45
842,University of Namur,Belgium,Europe,M,FO,VH,,41.11,,825.5,Above 500,41.11,,Unranked,,,,Not Comparable,6.4,8.8,5.8,59.3,37.2,62.7,47.5,44.4,19.28333333333333,10.3,53.4,29.4,0.0,0.0,11.3,10.8,35.75,19.45
843,University of Ulsan,South Korea,Asia,L,FC,VH,Private not for Profit,41.11,,825.5,Above 500,41.11,,Unranked,,,,Not Comparable,6.0,3.8,60.2,3.6,2.7,7.9,29.1,50.1,19.28333333333333,6.4,44.2,29.4,0.0,0.0,11.3,10.8,35.75,19.45
844,University of Westminster,United Kingdom,Europe,L,CO,HI,Public,41.11,,825.5,Above 500,41.11,,Unranked,,,,Not Comparable,12.3,11.4,7.1,99.2,85.2,99.2,37.6,9.0,19.28333333333333,34.2,40.3,29.4,0.0,0.0,11.3,10.8,35.75,19.45
845,University of Wroclaw,Poland,Europe,L,CO,VH,Public,41.11,,825.5,Above 500,41.11,450.5,101-500,1.32,-375.0,375.0,ARWU Higher,20.6,22.0,45.0,15.6,7.2,21.7,63.2,6.9,10.46666666666667,18.5,45.3,29.4,8.9,0.0,0.0,6.2,25.2,11.3
846,Vietnam National University - Ho Chi Minh City,Vietnam,Asia,XL,CO,VH,Public,41.11,,825.5,Above 500,41.11,,Unranked,,,,Not Comparable,29.1,44.7,7.1,1.2,7.3,5.7,46.8,3.9,19.28333333333333,34.4,45.1,29.4,0.0,0.0,11.3,10.8,35.75,19.45
847,Zurich University of Applied Sciences,Switzerland,Europe,M,CO,VH,,41.11,,825.5,Above 500,41.11,,Unranked,,,,Not Comparable,7.2,12.5,81.1,25.1,73.9,31.2,43.1,5.0,19.28333333333333,7.4,55.1,29.4,0.0,0.0,11.3,10.8,35.75,19.45
848,Addis Ababa University,Ethiopia,Africa,XL,FO,VH,,37.54,,875.5,Above 500,37.54,,Unranked,,,,Not Comparable,7.8,12.1,65.3,19.4,20.1,21.7,63.8,2.5,19.28333333333333,96.9,41.7,29.4,0.0,0.0,11.3,10.8,35.75,19.45
849,Altai State University,Russia,Europe,M,CO,VH,Public,37.54,,875.5,Above 500,37.54,,Unranked,,,,Not Comparable,12.9,7.0,90.7,71.3,8.6,68.1,18.3,1.9,19.28333333333333,2.0,46.2,29.4,0.0,0.0,11.3,10.8,35.75,19.45
850,Auburn University,United States,Americas,XL,CO,VH,Public,37.54,,875.5,Above 500,37.54,450.5,101-500,1.32,-425.0,425.0,ARWU Higher,11.6,17.6,10.7,10.1,58.1,16.0,57.2,24.3,14.36666666666666,29.6,50.1,29.4,0.0,0.0,8.6,6.3,28.2,13.3
851,Australian Catholic University,Australia,Oceania,L,CO,HI,Public,37.54,,875.5,Above 500,37.54,,Unranked,,,,Not Comparable,12.0,11.8,8.0,61.7,86.4,65.4,35.6,19.4,19.28333333333333,1.7,49.3,29.4,0.0,0.0,11.3,10.8,35.75,19.45
852,Azerbaijan State Oil and Industry University,Azerbaijan,Asia,L,FO,HI,Public,37.54,,875.5,Above 500,37.54,,Unranked,,,,Not Comparable,13.1,19.0,73.3,9.7,46.8,13.9,8.5,1.5,19.28333333333333,45.0,31.0,29.4,0.0,0.0,11.3,10.8,35.75,19.45
853,Azerbaijan Technical University,Azerbaijan,Asia,M,SP,MD,,37.54,,875.5,Above 500,37.54,,Unranked,,,,Not Comparable,19.1,25.5,82.2,13.4,13.9,16.5,4.2,1.4,19.28333333333333,11.6,27.9,29.4,0.0,0.0,11.3,10.8,35.75,19.45
854,Beijing Jiaotong University,China,Asia,L,FO,VH,Public,37.54,,875.5,Above 500,37.54,,Unranked,,,,Not Comparable,12.3,16.8,31.4,17.0,4.9,12.9,46.1,34.4,19.28333333333333,13.5,30.8,29.4,0.0,0.0,11.3,10.8,35.75,19.45
855,Belarusian National Technical University,Belarus,Europe,L,SP,LO,Public,37.54,,875.5,Above 500,37.54,,Unranked,,,,Not Comparable,16.6,41.3,64.6,66.9,2.6,62.0,3.2,1.0,19.28333333333333,7.5,48.7,29.4,0.0,0.0,11.3,10.8,35.75,19.45
856,BINUS UNIVERSITY,Indonesia,Asia,L,CO,VH,Private for Profit,37.54,,875.5,Above 500,37.54,,Unranked,,,,Not Comparable,20.1,33.3,28.5,8.7,51.5,13.5,14.4,4.3,19.28333333333333,20.6,41.1,29.4,0.0,0.0,11.3,10.8,35.75,19.45
857,Catania University,Italy,Europe,L,FC,VH,Public,37.54,,875.5,Above 500,37.54,,Unranked,,,,Not Comparable,17.5,6.2,8.7,8.2,15.4,12.6,74.4,35.9,19.28333333333333,9.4,46.3,29.4,0.0,0.0,11.3,10.8,35.75,19.45
858,China University of Geosciences,China,Asia,L,FO,VH,Public,37.54,,875.5,Above 500,37.54,,Unranked,,,,Not Comparable,6.6,5.6,60.4,4.5,1.8,3.6,60.0,40.1,19.28333333333333,1.3,43.3,29.4,0.0,0.0,11.3,10.8,35.75,19.45
859,Chungnam National University,South Korea,Asia,L,FC,VH,Public,37.54,,875.5,Above 500,37.54,450.5,101-500,1.32,-425.0,425.0,ARWU Higher,11.7,10.6,54.7,20.0,8.4,25.1,40.8,21.0,12.5,6.7,59.9,29.4,0.0,0.0,0.0,6.8,30.7,15.0
860,Dhofar University,Oman,Asia,S,FO,VH,Private not for Profit,37.54,,875.5,Above 500,37.54,,Unranked,,,,Not Comparable,10.0,9.5,12.1,11.1,100.0,13.8,35.1,19.6,19.28333333333333,70.3,18.7,29.4,0.0,0.0,11.3,10.8,35.75,19.45
861,Edinburgh Napier University,United Kingdom,Europe,L,CO,HI,Public,37.54,,875.5,Above 500,37.54,,Unranked,,,,Not Comparable,7.9,5.5,6.1,84.7,89.5,86.1,59.4,21.9,19.28333333333333,8.6,40.1,29.4,0.0,0.0,11.3,10.8,35.75,19.45
862,Effat University,Saudi Arabia,Asia,S,FO,VH,Private not for Profit,37.54,,875.5,Above 500,37.54,,Unranked,,,,Not Comparable,4.9,5.4,25.3,98.9,100.0,91.3,18.8,22.7,19.28333333333333,3.4,26.1,29.4,0.0,0.0,11.3,10.8,35.75,19.45
863,European University of Lefke,Northern Cyprus,Asia,M,FO,HI,Public,37.54,,875.5,Above 500,37.54,,Unranked,,,,Not Comparable,6.7,14.4,10.0,100.0,100.0,100.0,13.7,11.5,19.28333333333333,55.0,18.7,29.4,0.0,0.0,11.3,10.8,35.75,19.45
864,I.M. Sechenov First Moscow State Medical University,Russia,Europe,L,SP,VH,Public,37.54,,875.5,Above 500,37.54,,Unranked,,,,Not Comparable,5.0,10.3,63.9,74.0,12.2,75.8,84.3,10.4,19.28333333333333,2.0,24.3,29.4,0.0,0.0,11.3,10.8,35.75,19.45
865,Imam Muhammad Ibn Saud Islamic University - IMSIU,Saudi Arabia,Asia,XL,FC,HI,Public,37.54,,875.5,Above 500,37.54,,Unranked,,,,Not Comparable,16.7,11.9,27.1,18.5,91.9,24.6,56.8,2.4,19.28333333333333,35.6,34.8,29.4,0.0,0.0,11.3,10.8,35.75,19.45
866,Instituto Politécnico Nacional,Mexico,Americas,XL,FO,VH,Public,37.54,,875.5,Above 500,37.54,,Unranked,,,,Not Comparable,26.6,33.9,17.0,2.1,6.7,6.6,47.4,3.1,19.28333333333333,12.7,56.3,29.4,0.0,0.0,11.3,10.8,35.75,19.45
867,Jiangnan University,China,Asia,L,FC,VH,Public,37.54,,875.5,Above 500,37.54,,Unranked,,,,Not Comparable,5.8,4.7,15.6,19.4,20.1,21.7,58.3,65.0,19.28333333333333,1.2,30.0,29.4,0.0,0.0,11.3,10.8,35.75,19.45
868,Liverpool John Moores University,United Kingdom,Europe,L,CO,VH,Public,37.54,,875.5,Above 500,37.54,,Unranked,,,,Not Comparable,13.5,12.0,9.6,21.2,53.8,27.3,89.7,20.4,19.28333333333333,11.5,53.9,29.4,0.0,0.0,11.3,10.8,35.75,19.45
869,Louisiana State University,United States,Americas,XL,CO,VH,Public,37.54,,875.5,Above 500,37.54,,Unranked,,,,Not Comparable,14.1,12.9,9.6,6.9,22.4,12.5,63.4,23.8,19.28333333333333,36.8,75.4,29.4,0.0,0.0,11.3,10.8,35.75,19.45
870,Manipal Academy of Higher Education - Manipal University,India,Asia,L,FC,VH,Private not for Profit,37.54,,875.5,Above 500,37.54,,Unranked,,,,Not Comparable,14.7,11.8,50.3,17.4,2.9,20.7,73.7,9.7,19.28333333333333,13.7,65.0,29.4,0.0,0.0,11.3,10.8,35.75,19.45
871,Mendel University in Brno,Czechia,Europe,M,FO,VH,Public,37.54,,875.5,Above 500,37.54,,Unranked,,,,Not Comparable,9.8,8.3,68.8,38.8,14.3,41.5,74.1,8.3,19.28333333333333,4.8,49.4,29.4,0.0,0.0,11.3,10.8,35.75,19.45
872,Multimedia University,Malaysia,Asia,M,FO,VH,Private for Profit,37.54,,875.5,Above 500,37.54,,Unranked,,,,Not Comparable,18.9,27.0,17.3,56.8,53.6,60.8,26.9,9.2,19.28333333333333,5.1,39.1,29.4,0.0,0.0,11.3,10.8,35.75,19.45
873,Nantes University,France,Europe,XL,CO,VH,Public,37.54,,875.5,Above 500,37.54,,Unranked,,,,Not Comparable,14.8,5.9,12.3,25.0,20.2,31.0,88.1,30.6,19.28333333333333,4.6,48.3,29.4,0.0,0.0,11.3,10.8,35.75,19.45
874,O. P. Jindal Global University,India,Asia,M,SP,VH,Private not for Profit,37.54,,875.5,Above 500,37.54,,Unranked,,,,Not Comparable,15.9,29.7,66.8,2.1,34.3,6.5,23.3,3.2,19.28333333333333,3.5,46.7,29.4,0.0,0.0,11.3,10.8,35.75,19.45
875,Oklahoma State University,United States,Americas,L,FC,HI,Public,37.54,,875.5,Above 500,37.54,450.5,101-500,1.32,-425.0,425.0,ARWU Higher,10.6,12.8,12.2,12.0,65.0,17.9,71.4,21.3,13.6,30.6,50.5,29.4,0.0,0.0,8.6,4.6,27.6,13.6
876,Prince of Songkla University,Thailand,Asia,XL,FC,HI,Public,37.54,,875.5,Above 500,37.54,,Unranked,,,,Not Comparable,32.4,13.5,20.4,2.7,7.4,7.2,55.4,6.9,19.28333333333333,5.6,60.9,29.4,0.0,0.0,11.3,10.8,35.75,19.45
877,Tokyo University of Agriculture and Technology,Japan,Asia,M,FO,VH,Public,37.54,,875.5,Above 500,37.54,450.5,101-500,1.32,-425.0,425.0,ARWU Higher,15.6,11.2,18.7,11.3,11.6,15.3,42.4,40.3,11.36666666666667,1.7,33.2,29.4,0.0,0.0,7.2,3.3,23.6,19.7
878,Universidad Anahuac,Mexico,Americas,L,CO,MD,Private not for Profit,37.54,,875.5,Above 500,37.54,,Unranked,,,,Not Comparable,18.0,29.7,60.9,5.2,6.2,9.5,3.7,1.4,19.28333333333333,68.7,25.3,29.4,0.0,0.0,11.3,10.8,35.75,19.45
879,Universidad Nacional de Córdoba,Argentina,Americas,XL,FC,HI,Public,37.54,,875.5,Above 500,37.54,,Unranked,,,,Not Comparable,39.0,23.3,8.0,2.2,1.6,1.9,41.3,2.3,19.28333333333333,20.0,39.1,29.4,0.0,0.0,11.3,10.8,35.75,19.45
880,Universidade de Vigo,Spain,Europe,L,CO,VH,Public,37.54,,875.5,Above 500,37.54,,Unranked,,,,Not Comparable,14.0,9.1,15.4,11.4,4.5,8.7,81.5,32.5,19.28333333333333,5.1,72.7,29.4,0.0,0.0,11.3,10.8,35.75,19.45
881,Universita' degli Studi della Tuscia,Italy,Europe,M,FO,VH,Public,37.54,,875.5,Above 500,37.54,,Unranked,,,,Not Comparable,4.0,1.8,8.4,28.5,19.3,32.8,40.5,67.2,19.28333333333333,2.0,36.7,29.4,0.0,0.0,11.3,10.8,35.75,19.45
882,Universität Düsseldorf,Germany,Europe,L,FC,VH,Public,37.54,,875.5,Above 500,37.54,,Unranked,,,,Not Comparable,16.2,11.4,60.4,30.6,20.1,23.0,68.5,11.5,19.28333333333333,4.9,36.9,29.4,0.0,0.0,11.3,10.8,35.75,19.45
883,Universität Rostock,Germany,Europe,L,FC,HI,Public,37.54,,875.5,Above 500,37.54,,Unranked,,,,Not Comparable,9.6,5.0,92.6,21.2,20.1,16.0,77.3,9.5,19.28333333333333,6.6,39.5,29.4,0.0,0.0,11.3,10.8,35.75,19.45
884,Université de Franche-Comté,France,Europe,S,CO,VH,Public,37.54,,875.5,Above 500,37.54,,Unranked,,,,Not Comparable,7.6,3.6,100.0,19.4,20.1,21.7,77.4,18.7,19.28333333333333,3.8,32.0,29.4,0.0,0.0,11.3,10.8,35.75,19.45
885,Université du Québec,Canada,Americas,XL,FC,HI,Public,37.54,,875.5,Above 500,37.54,,Unranked,,,,Not Comparable,20.5,14.9,2.5,19.0,40.3,14.4,65.4,16.8,19.28333333333333,31.4,51.6,29.4,0.0,0.0,11.3,10.8,35.75,19.45
886,Universiti Pendidikan Sultan Idris,Malaysia,Asia,M,FO,VH,Public,37.54,,875.5,Above 500,37.54,,Unranked,,,,Not Comparable,17.0,18.5,39.1,63.4,45.3,56.9,23.0,5.5,19.28333333333333,5.2,42.5,29.4,0.0,0.0,11.3,10.8,35.75,19.45
887,"University of Colorado, Denver",United States,Americas,L,FC,HI,Public,37.54,,875.5,Above 500,37.54,,Unranked,,,,Not Comparable,10.5,11.7,100.0,20.6,4.3,26.8,39.8,5.0,19.28333333333333,10.5,39.7,29.4,0.0,0.0,11.3,10.8,35.75,19.45
888,University of Dubai,United Arab Emirates,Asia,S,SP,MD,Private not for Profit,37.54,,875.5,Above 500,37.54,,Unranked,,,,Not Comparable,6.0,11.5,12.6,88.7,100.0,82.2,14.4,24.2,19.28333333333333,11.2,19.1,29.4,0.0,0.0,11.3,10.8,35.75,19.45
889,University of Gdansk,Poland,Europe,L,CO,VH,Public,37.54,,875.5,Above 500,37.54,,Unranked,,,,Not Comparable,17.4,13.4,41.4,5.1,4.5,9.6,73.9,7.4,19.28333333333333,23.6,71.0,29.4,0.0,0.0,11.3,10.8,35.75,19.45
890,University of Ghana,Ghana,Africa,XL,FC,HI,Public,37.54,,875.5,Above 500,37.54,,Unranked,,,,Not Comparable,17.8,12.4,2.1,1.8,8.1,1.6,80.8,10.8,19.28333333333333,96.8,52.8,29.4,0.0,0.0,11.3,10.8,35.75,19.45
891,University of Santo Tomas,Philippines,Asia,XL,FC,MD,Private not for Profit,37.54,,875.5,Above 500,37.54,,Unranked,,,,Not Comparable,20.3,45.9,14.1,9.0,38.5,7.0,19.1,1.7,19.28333333333333,25.5,40.2,29.4,0.0,0.0,11.3,10.8,35.75,19.45
892,University of Seoul,South Korea,Asia,M,CO,VH,Public,37.54,,875.5,Above 500,37.54,,Unranked,,,,Not Comparable,17.6,15.6,49.2,12.0,6.4,16.3,38.4,16.5,19.28333333333333,6.9,48.5,29.4,0.0,0.0,11.3,10.8,35.75,19.45
893,University of Stavanger,Norway,Europe,M,CO,VH,,37.54,,875.5,Above 500,37.54,,Unranked,,,,Not Comparable,10.4,11.2,83.2,19.4,20.1,21.7,72.2,10.9,19.28333333333333,12.9,45.2,29.4,0.0,0.0,11.3,10.8,35.75,19.45
894,Verona University,Italy,Europe,L,FO,VH,Public,37.54,,875.5,Above 500,37.54,,Unranked,,,,Not Comparable,13.1,5.0,5.9,8.4,6.3,14.1,70.3,50.0,19.28333333333333,6.9,52.7,29.4,0.0,0.0,11.3,10.8,35.75,19.45
895,Vilnius Gediminas Technical University,Lithuania,Europe,M,SP,VH,Public,37.54,,875.5,Above 500,37.54,,Unranked,,,,Not Comparable,13.8,17.4,38.4,54.3,19.3,58.7,42.7,15.6,19.28333333333333,9.3,35.1,29.4,0.0,0.0,11.3,10.8,35.75,19.45
896,Worcester Polytechnic Institute,United States,Americas,M,FO,VH,Private not for Profit,37.54,,875.5,Above 500,37.54,,Unranked,,,,Not Comparable,3.7,15.3,20.5,36.6,36.9,27.4,29.4,40.7,19.28333333333333,16.7,47.3,29.4,0.0,0.0,11.3,10.8,35.75,19.45
897,Wroclaw University of Science and Technology,Poland,Europe,L,SP,VH,Public,37.54,,875.5,Above 500,37.54,,Unranked,,,,Not Comparable,15.0,31.0,45.7,10.6,4.7,15.9,68.8,10.8,19.28333333333333,4.0,31.2,29.4,0.0,0.0,11.3,10.8,35.75,19.45
898,Yarmouk University,Jordan,Asia,L,FC,HI,Public,37.54,,875.5,Above 500,37.54,,Unranked,,,,Not Comparable,23.4,32.0,5.3,25.9,7.7,28.4,44.6,5.2,19.28333333333333,42.3,45.3,29.4,0.0,0.0,11.3,10.8,35.75,19.45
899,Al Jouf University,Saudi Arabia,Asia,M,FC,VH,Public,33.96,,925.5,Above 500,33.96,,Unranked,,,,Not Comparable,12.6,9.8,44.8,3.2,99.2,7.3,56.9,7.0,19.28333333333333,2.9,23.7,29.4,0.0,0.0,11.3,10.8,35.75,19.45
900,American University of Central Asia,Kyrgyzstan,Asia,S,FO,MD,Private not for Profit,33.96,,925.5,Above 500,33.96,,Unranked,,,,Not Comparable,12.7,14.5,60.9,96.4,58.0,81.5,4.3,2.4,19.28333333333333,6.6,7.5,29.4,0.0,0.0,11.3,10.8,35.75,19.45
901,Baku Engineering University,Azerbaijan,Asia,M,FO,MD,Public,33.96,,925.5,Above 500,33.96,,Unranked,,,,Not Comparable,24.9,37.5,37.1,8.7,21.3,12.3,3.8,1.5,19.28333333333333,11.7,29.4,29.4,0.0,0.0,11.3,10.8,35.75,19.45
902,Colegio de México,Mexico,Americas,S,SP,VH,Public,33.96,,925.5,Above 500,33.96,,Unranked,,,,Not Comparable,19.5,5.8,100.0,26.7,11.5,20.0,9.8,2.9,19.28333333333333,3.3,13.9,29.4,0.0,0.0,11.3,10.8,35.75,19.45
903,Future University in Egypt,Egypt,Africa,M,FO,VH,Private not for Profit,33.96,,925.5,Above 500,33.96,,Unranked,,,,Not Comparable,7.1,40.5,47.2,33.0,18.2,34.5,50.4,5.3,19.28333333333333,3.3,35.7,29.4,0.0,0.0,11.3,10.8,35.75,19.45
904,Gazi Üniversitesi,Turkey,Asia,XL,FC,HI,Public,33.96,,925.5,Above 500,33.96,,Unranked,,,,Not Comparable,23.7,24.4,9.8,7.5,1.2,13.1,61.2,7.6,19.28333333333333,28.9,55.6,29.4,0.0,0.0,11.3,10.8,35.75,19.45
905,Gulf University for Science and Technology,Kuwait,Asia,S,FO,VH,Private for Profit,33.96,,925.5,Above 500,33.96,,Unranked,,,,Not Comparable,15.9,15.1,18.4,34.6,100.0,37.8,19.5,10.6,19.28333333333333,11.8,28.7,29.4,0.0,0.0,11.3,10.8,35.75,19.45
906,Huazhong Agricultural University,China,Asia,XL,CO,VH,Public,33.96,,925.5,Above 500,33.96,,Unranked,,,,Not Comparable,5.2,2.1,8.5,2.4,5.0,2.0,41.4,65.6,19.28333333333333,5.1,38.8,29.4,0.0,0.0,11.3,10.8,35.75,19.45
907,Kanazawa University,Japan,Asia,M,FC,VH,Public,33.96,,925.5,Above 500,33.96,450.5,101-500,1.32,-475.0,475.0,ARWU Higher,13.2,7.1,58.1,10.8,11.6,15.4,33.9,22.1,13.23333333333333,1.7,53.1,29.4,0.0,0.0,5.1,10.0,24.6,14.2
908,Kansas State University,United States,Americas,L,CO,VH,Public,33.96,,925.5,Above 500,33.96,450.5,101-500,1.32,-475.0,475.0,ARWU Higher,9.1,11.9,16.2,9.5,26.2,7.3,60.4,31.6,15.16666666666667,21.0,43.4,29.4,0.0,0.0,7.1,10.5,27.9,13.9
909,Karaganda Buketov University,Kazakhstan,Asia,L,CO,MD,Private not for Profit,33.96,,925.5,Above 500,33.96,,Unranked,,,,Not Comparable,17.6,36.7,60.0,18.5,14.5,19.8,5.7,1.2,19.28333333333333,10.5,22.3,29.4,0.0,0.0,11.3,10.8,35.75,19.45
910,Khon Kaen University,Thailand,Asia,XL,FC,HI,Public,33.96,,925.5,Above 500,33.96,,Unranked,,,,Not Comparable,26.6,22.6,11.7,3.3,6.4,7.6,57.1,8.8,19.28333333333333,5.9,59.9,29.4,0.0,0.0,11.3,10.8,35.75,19.45
911,King Mongkut's University of Technology Thonburi,Thailand,Asia,L,CO,VH,Public,33.96,,925.5,Above 500,33.96,,Unranked,,,,Not Comparable,20.8,15.1,17.9,7.1,11.7,11.5,45.0,17.7,19.28333333333333,3.1,61.5,29.4,0.0,0.0,11.3,10.8,35.75,19.45
912,London South Bank University,United Kingdom,Europe,L,FO,VH,Public,33.96,,925.5,Above 500,33.96,,Unranked,,,,Not Comparable,4.9,6.3,13.6,98.1,94.1,98.2,47.7,8.5,19.28333333333333,15.2,50.8,29.4,0.0,0.0,11.3,10.8,35.75,19.45
913,Lovely Professional University,India,Asia,XL,CO,VH,Private not for Profit,33.96,,925.5,Above 500,33.96,,Unranked,,,,Not Comparable,20.0,27.3,17.1,7.0,14.0,11.5,73.7,10.9,19.28333333333333,1.7,49.4,29.4,0.0,0.0,11.3,10.8,35.75,19.45
914,Macao Polytechnic University,Macau SAR China,Asia,M,FO,HI,,33.96,,925.5,Above 500,33.96,,Unranked,,,,Not Comparable,5.6,10.0,34.3,96.4,100.0,81.5,5.6,3.0,19.28333333333333,38.1,22.6,29.4,0.0,0.0,11.3,10.8,35.75,19.45
915,Michigan Technological University,United States,Americas,M,CO,VH,Public,33.96,,925.5,Above 500,33.96,452.5,101-500,0.88,-473.0,473.0,ARWU Higher,6.2,10.2,32.2,20.1,18.2,15.2,55.2,38.2,11.0,4.6,37.9,29.4,11.2,0.0,10.3,5.8,16.9,15.5
916,Nagasaki University,Japan,Asia,M,FC,VH,Public,33.96,,925.5,Above 500,33.96,450.5,101-500,1.32,-475.0,475.0,ARWU Higher,9.0,3.7,84.3,10.8,8.5,15.3,48.4,12.2,12.03333333333333,3.4,59.6,29.4,13.2,0.0,10.2,3.5,22.4,10.3
917,Osaka Metropolitan University,Japan,Asia,L,FC,VH,,33.96,,925.5,Above 500,33.96,,Unranked,,,,Not Comparable,18.1,14.0,57.2,5.2,6.2,9.4,34.1,12.3,19.28333333333333,8.9,47.7,29.4,0.0,0.0,11.3,10.8,35.75,19.45
918,Panjab University,India,Asia,L,CO,VH,Public,33.96,,925.5,Above 500,33.96,,Unranked,,,,Not Comparable,9.4,11.5,10.3,3.2,20.1,7.5,33.0,43.5,19.28333333333333,39.6,50.9,29.4,0.0,0.0,11.3,10.8,35.75,19.45
919,Princess Sumaya University for Technology,Jordan,Asia,S,SP,HI,Private not for Profit,33.96,,925.5,Above 500,33.96,,Unranked,,,,Not Comparable,11.0,36.8,14.3,57.2,60.1,54.4,8.8,12.1,19.28333333333333,6.3,31.3,29.4,0.0,0.0,11.3,10.8,35.75,19.45
920,Saveetha Institute of Medical And Technical Sciences,India,Asia,L,FO,VH,Private not for Profit,33.96,,925.5,Above 500,33.96,,Unranked,,,,Not Comparable,8.9,2.9,26.2,10.7,84.0,15.4,83.0,20.3,19.28333333333333,1.7,48.2,29.4,0.0,0.0,11.3,10.8,35.75,19.45
921,Taif University,Saudi Arabia,Asia,XL,FC,VH,Public,33.96,,925.5,Above 500,33.96,,Unranked,,,,Not Comparable,7.0,2.7,9.2,4.7,100.0,9.2,80.5,30.2,19.28333333333333,2.9,46.0,29.4,0.0,0.0,11.3,10.8,35.75,19.45
922,Tallinn University,Estonia,Europe,M,FO,VH,Public,33.96,,925.5,Above 500,33.96,,Unranked,,,,Not Comparable,11.1,12.4,12.6,30.6,63.9,36.5,55.1,9.9,19.28333333333333,45.6,44.3,29.4,0.0,0.0,11.3,10.8,35.75,19.45
923,Tashkent State Technical University,Uzbekistan,Asia,L,CO,HI,Public,33.96,,925.5,Above 500,33.96,,Unranked,,,,Not Comparable,30.6,16.2,20.1,1.8,62.9,6.1,9.9,2.1,19.28333333333333,30.7,33.9,29.4,0.0,0.0,11.3,10.8,35.75,19.45
924,Universidad Católica Andrés Bello - UCAB,Venezuela,Americas,M,FO,MD,Private not for Profit,33.96,,925.5,Above 500,33.96,,Unranked,,,,Not Comparable,33.6,56.4,7.4,5.3,5.5,9.2,55.8,1.0,19.28333333333333,22.6,48.7,29.4,0.0,0.0,11.3,10.8,35.75,19.45
925,Universidad Católica del Uruguay,Uruguay,Americas,S,CO,MD,Private not for Profit,33.96,,925.5,Above 500,33.96,,Unranked,,,,Not Comparable,18.2,25.5,77.3,6.0,13.2,10.0,9.1,1.5,19.28333333333333,27.4,22.6,29.4,0.0,0.0,11.3,10.8,35.75,19.45
926,Universidad de los Andes Chile,Chile,Americas,M,FC,HI,Private not for Profit,33.96,,925.5,Above 500,33.96,,Unranked,,,,Not Comparable,25.3,36.5,13.4,3.5,15.1,7.7,17.9,4.7,19.28333333333333,45.2,28.9,29.4,0.0,0.0,11.3,10.8,35.75,19.45
927,Universidad de Oviedo,Spain,Europe,L,CO,VH,Public,33.96,,925.5,Above 500,33.96,,Unranked,,,,Not Comparable,18.2,8.4,34.1,6.0,5.8,11.4,74.0,11.6,19.28333333333333,11.9,63.7,29.4,0.0,0.0,11.3,10.8,35.75,19.45
928,Universidad de Valladolid,Spain,Europe,L,CO,VH,,33.96,,925.5,Above 500,33.96,,Unranked,,,,Not Comparable,16.1,6.4,41.2,7.7,9.6,13.3,84.9,7.1,19.28333333333333,20.3,59.2,29.4,0.0,0.0,11.3,10.8,35.75,19.45
929,Universidad Europea de Madrid,Spain,Europe,L,FC,MD,,33.96,,925.5,Above 500,33.96,,Unranked,,,,Not Comparable,7.7,19.7,56.6,96.1,14.4,96.4,11.6,3.0,19.28333333333333,10.7,45.0,29.4,0.0,0.0,11.3,10.8,35.75,19.45
930,Universidad Iberoamericana,Mexico,Americas,M,FC,MD,Private not for Profit,33.96,,925.5,Above 500,33.96,,Unranked,,,,Not Comparable,24.2,30.2,34.2,3.6,8.1,7.8,5.4,1.8,19.28333333333333,71.4,25.7,29.4,0.0,0.0,11.3,10.8,35.75,19.45
931,Università degli Studi Roma Tre,Italy,Europe,XL,CO,VH,Public,33.96,,925.5,Above 500,33.96,,Unranked,,,,Not Comparable,24.7,14.6,3.3,7.8,8.8,6.0,66.7,15.5,19.28333333333333,11.0,56.2,29.4,0.0,0.0,11.3,10.8,35.75,19.45
932,Université de Sherbrooke,Canada,Americas,L,FC,HI,Public,33.96,,925.5,Above 500,33.96,,Unranked,,,,Not Comparable,8.2,4.4,24.2,13.9,62.6,10.5,55.0,24.2,19.28333333333333,31.8,48.5,29.4,0.0,0.0,11.3,10.8,35.75,19.45
933,University at Albany SUNY,United States,Americas,L,CO,VH,Public,33.96,,925.5,Above 500,33.96,,Unranked,,,,Not Comparable,10.1,9.7,7.3,10.1,5.3,7.8,63.2,44.1,19.28333333333333,12.8,47.4,29.4,0.0,0.0,11.3,10.8,35.75,19.45
934,University of Alabama,United States,Americas,XL,CO,VH,Public,33.96,,925.5,Above 500,33.96,,Unranked,,,,Not Comparable,12.1,29.6,8.0,4.4,7.1,3.5,59.7,18.8,19.28333333333333,29.4,53.1,29.4,0.0,0.0,11.3,10.8,35.75,19.45
935,University of Alaska Fairbanks,United States,Americas,S,CO,VH,Public,33.96,,925.5,Above 500,33.96,,Unranked,,,,Not Comparable,3.4,3.5,99.7,5.5,6.3,4.3,40.4,19.9,19.28333333333333,5.9,37.9,29.4,0.0,0.0,11.3,10.8,35.75,19.45
936,University of Hertfordshire,United Kingdom,Europe,L,CO,HI,Public,33.96,,925.5,Above 500,33.96,451.5,101-500,1.1,-474.0,474.0,ARWU Higher,5.8,6.7,6.8,100.0,81.4,100.0,57.7,12.1,11.13333333333333,17.0,39.0,29.4,0.0,0.0,7.3,10.4,15.7,20.3
937,University of Maribor,Slovenia,Europe,L,FC,HI,Public,33.96,,925.5,Above 500,33.96,,Unranked,,,,Not Comparable,10.8,15.6,36.4,27.3,2.3,28.3,67.4,12.7,19.28333333333333,41.3,49.9,29.4,0.0,0.0,11.3,10.8,35.75,19.45
938,University of North Texas,United States,Americas,XL,FC,HI,Public,33.96,,925.5,Above 500,33.96,,Unranked,,,,Not Comparable,10.1,9.7,3.2,51.5,6.3,38.4,69.0,30.5,19.28333333333333,29.4,40.6,29.4,0.0,0.0,11.3,10.8,35.75,19.45
939,University of Peshawar,Pakistan,Asia,L,FO,VH,Public,33.96,,925.5,Above 500,33.96,,Unranked,,,,Not Comparable,9.4,11.9,87.2,2.0,20.1,1.7,49.0,12.3,19.28333333333333,19.2,25.8,29.4,0.0,0.0,11.3,10.8,35.75,19.45
940,University of Petroleum and Energy Studies,India,Asia,M,FO,VH,Private for Profit,33.96,,925.5,Above 500,33.96,,Unranked,,,,Not Comparable,23.4,7.7,46.5,1.4,23.7,5.8,66.5,9.5,19.28333333333333,1.7,27.2,29.4,0.0,0.0,11.3,10.8,35.75,19.45
941,University of Salford,United Kingdom,Europe,L,CO,HI,Public,33.96,,925.5,Above 500,33.96,,Unranked,,,,Not Comparable,10.8,7.9,9.1,88.2,55.6,89.2,61.6,12.0,19.28333333333333,13.8,43.4,29.4,0.0,0.0,11.3,10.8,35.75,19.45
942,University of South Africa,South Africa,Africa,XL,CO,VH,Public,33.96,,925.5,Above 500,33.96,,Unranked,,,,Not Comparable,13.8,13.6,1.2,13.3,20.1,10.1,92.5,11.7,19.28333333333333,96.0,43.3,29.4,0.0,0.0,11.3,10.8,35.75,19.45
943,Virginia Commonwealth University,United States,Americas,L,FC,VH,Public,33.96,,925.5,Above 500,33.96,175.5,101-500,61.69,-750.0,750.0,ARWU Higher,9.5,9.9,42.8,6.0,12.6,11.5,68.8,20.0,19.33333333333333,18.3,48.4,29.4,10.3,14.1,15.9,7.8,34.3,14.6
944,Yeungnam University,South Korea,Asia,L,FC,VH,Private for Profit,33.96,,925.5,Above 500,33.96,,Unranked,,,,Not Comparable,5.1,4.7,18.9,17.8,38.6,23.3,46.7,47.5,19.28333333333333,4.9,33.5,29.4,0.0,0.0,11.3,10.8,35.75,19.45
945,Abylkas Saginov Karaganda Technical University,Kazakhstan,Asia,M,FO,HI,Public,30.39,,975.5,Above 500,30.39,,Unranked,,,,Not Comparable,10.3,16.9,90.3,25.6,15.5,26.4,3.1,1.3,19.28333333333333,7.8,29.7,29.4,0.0,0.0,11.3,10.8,35.75,19.45
946,Al Nahrain University,Iraq,Asia,M,FO,VH,Public,30.39,,975.5,Above 500,30.39,,Unranked,,,,Not Comparable,8.2,24.1,98.9,1.0,2.5,5.5,15.6,3.7,19.28333333333333,10.1,29.4,29.4,0.0,0.0,11.3,10.8,35.75,19.45
947,Al-Quds University,Palestine,Asia,M,FC,MD,Public,30.39,,975.5,Above 500,30.39,,Unranked,,,,Not Comparable,10.1,20.5,19.4,90.5,72.3,76.3,15.0,2.8,19.28333333333333,12.3,40.1,29.4,0.0,0.0,11.3,10.8,35.75,19.45
948,Amity University,India,Asia,L,CO,VH,Private not for Profit,30.39,,975.5,Above 500,30.39,,Unranked,,,,Not Comparable,10.5,18.3,18.2,34.9,12.1,36.3,67.5,14.9,19.28333333333333,4.9,54.7,29.4,0.0,0.0,11.3,10.8,35.75,19.45
949,Athens University of Economics And Business,Greece,Europe,M,SP,HI,Public,30.39,,975.5,Above 500,30.39,,Unranked,,,,Not Comparable,10.1,37.2,2.1,6.6,1.9,11.0,14.8,31.9,19.28333333333333,33.9,39.8,29.4,0.0,0.0,11.3,10.8,35.75,19.45
950,Charles Sturt University,Australia,Oceania,L,CO,VH,Public,30.39,,975.5,Above 500,30.39,,Unranked,,,,Not Comparable,6.4,9.4,14.1,47.2,66.0,52.2,60.4,13.9,19.28333333333333,13.4,64.9,29.4,0.0,0.0,11.3,10.8,35.75,19.45
951,Clarkson University,United States,Americas,S,CO,VH,Private not for Profit,30.39,,975.5,Above 500,30.39,,Unranked,,,,Not Comparable,1.0,4.0,19.0,38.0,42.9,42.1,31.0,47.3,19.28333333333333,12.2,26.9,29.4,0.0,0.0,11.3,10.8,35.75,19.45
952,Clemson University,United States,Americas,L,CO,VH,Public,30.39,,975.5,Above 500,30.39,450.5,101-500,1.32,-525.0,525.0,ARWU Higher,9.6,15.2,18.5,10.6,16.3,8.1,75.8,24.8,13.46666666666667,13.5,47.7,29.4,0.0,0.0,6.3,7.8,26.3,14.4
953,CY Cergy Paris University,France,Europe,M,FO,VH,Public,30.39,,975.5,Above 500,30.39,,Unranked,,,,Not Comparable,5.2,5.2,64.9,59.0,55.1,62.9,47.9,7.4,19.28333333333333,1.3,31.4,29.4,0.0,0.0,11.3,10.8,35.75,19.45
954,Escuela Superior Politécnica del Litoral - ESPOL,Ecuador,Americas,M,CO,VH,Public,30.39,,975.5,Above 500,30.39,,Unranked,,,,Not Comparable,22.7,21.5,32.6,2.4,20.1,6.7,27.4,5.0,19.28333333333333,12.3,49.3,29.4,0.0,0.0,11.3,10.8,35.75,19.45
955,Ferdowsi University of Mashhad,Iran,Asia,L,CO,VH,Public,30.39,,975.5,Above 500,30.39,,Unranked,,,,Not Comparable,11.1,10.9,5.7,9.5,20.1,12.4,74.5,35.1,19.28333333333333,12.9,33.3,29.4,0.0,0.0,11.3,10.8,35.75,19.45
956,George Mason University,United States,Americas,L,CO,VH,Public,30.39,,975.5,Above 500,30.39,175.5,101-500,61.69,-800.0,800.0,ARWU Higher,12.0,11.6,17.1,17.1,15.6,12.9,67.6,18.0,14.23333333333333,17.4,56.1,29.4,0.0,31.9,5.1,8.9,28.7,18.5
957,Guru Gobind Singh Indraprastha University,India,Asia,S,CO,VH,Public,30.39,,975.5,Above 500,30.39,,Unranked,,,,Not Comparable,5.8,14.6,12.5,9.4,5.0,12.6,26.9,48.5,19.28333333333333,12.8,43.0,29.4,0.0,0.0,11.3,10.8,35.75,19.45
958,Hasanuddin University,Indonesia,Asia,XL,FC,HI,Public,30.39,,975.5,Above 500,30.39,,Unranked,,,,Not Comparable,23.5,17.5,41.9,3.1,11.9,7.8,20.0,1.7,19.28333333333333,22.0,53.0,29.4,0.0,0.0,11.3,10.8,35.75,19.45
959,Immanuel Kant Baltic Federal University,Russia,Europe,M,CO,VH,Public,30.39,,975.5,Above 500,30.39,,Unranked,,,,Not Comparable,7.7,4.7,86.3,53.2,28.1,51.0,34.5,3.1,19.28333333333333,1.9,32.1,29.4,0.0,0.0,11.3,10.8,35.75,19.45
960,Indian Institute of Technology Bhubaneswar,India,Asia,S,FO,VH,Public,30.39,,975.5,Above 500,30.39,,Unranked,,,,Not Comparable,5.0,12.4,15.9,1.1,20.1,5.5,10.8,55.6,19.28333333333333,1.8,42.4,29.4,0.0,0.0,11.3,10.8,35.75,19.45
961,Ivane Javakhishvili Tbilisi State University,Georgia,Asia,L,FC,MD,Public,30.39,,975.5,Above 500,30.39,,Unranked,,,,Not Comparable,11.9,1.4,83.5,7.5,1.9,12.2,24.7,1.4,19.28333333333333,95.2,18.2,29.4,0.0,0.0,11.3,10.8,35.75,19.45
962,Khazar University,Azerbaijan,Asia,M,CO,MD,Private not for Profit,30.39,,975.5,Above 500,30.39,,Unranked,,,,Not Comparable,7.8,15.1,60.6,37.1,82.3,35.8,7.6,3.3,19.28333333333333,11.9,27.5,29.4,0.0,0.0,11.3,10.8,35.75,19.45
963,Kumamoto University,Japan,Asia,M,FC,VH,Public,30.39,,975.5,Above 500,30.39,451.5,101-500,1.1,-524.0,524.0,ARWU Higher,9.2,4.4,67.5,6.9,8.2,11.4,33.9,21.4,12.73333333333333,3.4,50.4,29.4,0.0,0.0,7.3,5.4,25.5,15.7
964,Kyrgyz-Turkish Manas University,Kyrgyzstan,Asia,S,CO,HI,Public,30.39,,975.5,Above 500,30.39,,Unranked,,,,Not Comparable,19.2,23.0,14.5,28.2,95.3,26.6,8.2,3.0,19.28333333333333,7.9,33.1,29.4,0.0,0.0,11.3,10.8,35.75,19.45
965,Lodz University,Poland,Europe,L,CO,VH,Public,30.39,,975.5,Above 500,30.39,,Unranked,,,,Not Comparable,15.4,7.3,47.9,19.0,5.7,25.1,75.7,6.9,19.28333333333333,21.0,29.8,29.4,0.0,0.0,11.3,10.8,35.75,19.45
966,Nanjing Agricultural University,China,Asia,L,CO,VH,Public,30.39,,975.5,Above 500,30.39,,Unranked,,,,Not Comparable,6.1,2.3,17.8,2.2,20.1,1.9,54.8,53.0,19.28333333333333,1.2,39.1,29.4,0.0,0.0,11.3,10.8,35.75,19.45
967,Nanjing Normal University,China,Asia,XL,SP,VH,Public,30.39,,975.5,Above 500,30.39,,Unranked,,,,Not Comparable,6.4,4.6,20.7,7.8,20.1,6.0,57.2,42.8,19.28333333333333,8.2,40.2,29.4,0.0,0.0,11.3,10.8,35.75,19.45
968,North South University,Bangladesh,Asia,L,FO,HI,Private not for Profit,30.39,,975.5,Above 500,30.39,,Unranked,,,,Not Comparable,16.9,54.1,7.5,1.6,10.5,6.0,30.2,6.6,19.28333333333333,11.7,37.3,29.4,0.0,0.0,11.3,10.8,35.75,19.45
969,North-West University,South Africa,Africa,XL,CO,VH,Public,30.39,,975.5,Above 500,30.39,,Unranked,,,,Not Comparable,8.4,14.9,7.0,3.1,9.2,7.7,94.6,24.9,19.28333333333333,24.8,60.4,29.4,0.0,0.0,11.3,10.8,35.75,19.45
970,Okayama University,Japan,Asia,L,FC,VH,Public,30.39,,975.5,Above 500,30.39,450.5,101-500,1.32,-525.0,525.0,ARWU Higher,11.5,5.1,67.5,11.6,8.3,17.0,41.7,14.7,13.63333333333334,3.4,58.3,29.4,0.0,0.0,3.6,9.0,28.3,11.7
971,Rochester Institute of Technology,United States,Americas,L,CO,VH,Private not for Profit,30.39,,975.5,Above 500,30.39,,Unranked,,,,Not Comparable,10.0,28.4,24.6,26.9,8.7,33.0,41.2,11.5,19.28333333333333,13.7,55.1,29.4,0.0,0.0,11.3,10.8,35.75,19.45
972,Saint Louis University,United States,Americas,L,CO,VH,Private not for Profit,30.39,,975.5,Above 500,30.39,450.5,101-500,1.32,-525.0,525.0,ARWU Higher,5.7,4.2,50.8,42.2,20.6,31.5,23.5,23.8,11.43333333333333,18.5,35.9,29.4,0.0,11.5,5.1,5.0,24.2,11.8
973,Sohar University,Oman,Asia,S,FO,VH,Private not for Profit,30.39,,975.5,Above 500,30.39,,Unranked,,,,Not Comparable,8.1,10.5,3.8,4.6,100.0,8.7,23.6,19.9,19.28333333333333,71.0,34.2,29.4,0.0,0.0,11.3,10.8,35.75,19.45
974,Sophia University,Japan,Asia,L,CO,HI,Private not for Profit,30.39,,975.5,Above 500,30.39,,Unranked,,,,Not Comparable,18.7,27.2,25.9,20.3,41.0,26.4,9.1,2.5,19.28333333333333,21.3,48.7,29.4,0.0,0.0,11.3,10.8,35.75,19.45
975,South Ural State University,Russia,Europe,L,CO,VH,Public,30.39,,975.5,Above 500,30.39,,Unranked,,,,Not Comparable,8.6,9.4,57.4,22.5,5.6,26.0,84.2,8.3,19.28333333333333,5.5,33.3,29.4,0.0,0.0,11.3,10.8,35.75,19.45
976,The Robert Gordon University,United Kingdom,Europe,L,CO,HI,Public,30.39,,975.5,Above 500,30.39,,Unranked,,,,Not Comparable,4.0,19.4,6.7,84.4,78.5,85.8,34.2,11.4,19.28333333333333,9.4,46.9,29.4,0.0,0.0,11.3,10.8,35.75,19.45
977,Universidad Autónoma Metropolitana,Mexico,Americas,XL,FC,HI,Public,30.39,,975.5,Above 500,30.39,,Unranked,,,,Not Comparable,32.5,16.0,5.3,1.5,11.5,1.4,47.1,4.3,19.28333333333333,6.2,47.7,29.4,0.0,0.0,11.3,10.8,35.75,19.45
978,Universidad de Belgrano,Argentina,Americas,M,FO,MD,Private not for Profit,30.39,,975.5,Above 500,30.39,,Unranked,,,,Not Comparable,11.2,15.3,85.1,39.0,7.3,29.2,55.8,1.0,19.28333333333333,44.3,48.7,29.4,0.0,0.0,11.3,10.8,35.75,19.45
979,Universidad de Córdoba - España,Spain,Europe,L,CO,VH,,30.39,,975.5,Above 500,30.39,,Unranked,,,,Not Comparable,15.5,6.5,32.8,19.4,20.1,21.7,79.5,18.1,19.28333333333333,5.9,46.0,29.4,0.0,0.0,11.3,10.8,35.75,19.45
980,Universidad de La Sabana,Colombia,Americas,M,FC,HI,Private not for Profit,30.39,,975.5,Above 500,30.39,,Unranked,,,,Not Comparable,30.1,30.1,21.8,2.6,3.7,6.9,17.6,3.6,19.28333333333333,14.4,31.5,29.4,0.0,0.0,11.3,10.8,35.75,19.45
981,Universidad EAFIT,Colombia,Americas,L,CO,HI,Private not for Profit,30.39,,975.5,Above 500,30.39,,Unranked,,,,Not Comparable,19.4,46.0,6.8,1.9,4.1,1.7,10.8,4.1,19.28333333333333,51.8,45.4,29.4,0.0,0.0,11.3,10.8,35.75,19.45
982,Universidad Espíritu Santo,Ecuador,Americas,S,FO,VH,Private not for Profit,30.39,,975.5,Above 500,30.39,,Unranked,,,,Not Comparable,6.1,8.9,33.7,63.5,62.5,47.3,25.3,11.2,19.28333333333333,13.1,42.8,29.4,0.0,0.0,11.3,10.8,35.75,19.45
983,Universidad Externado de Colombia,Colombia,Americas,L,FO,MD,Private not for Profit,30.39,,975.5,Above 500,30.39,,Unranked,,,,Not Comparable,15.8,33.5,48.9,2.1,10.7,1.8,5.6,1.2,19.28333333333333,41.2,23.8,29.4,0.0,0.0,11.3,10.8,35.75,19.45
984,Universidad Nacional Mayor de San Marcos,Peru,Americas,XL,FC,HI,Public,30.39,,975.5,Above 500,30.39,,Unranked,,,,Not Comparable,28.9,28.4,11.0,19.4,20.1,21.7,32.9,1.7,19.28333333333333,53.0,24.3,29.4,0.0,0.0,11.3,10.8,35.75,19.45
985,Universidad Torcuato Di Tella,Argentina,Americas,S,SP,HI,Private not for Profit,30.39,,975.5,Above 500,30.39,,Unranked,,,,Not Comparable,18.4,35.9,18.5,13.6,41.2,10.3,5.3,3.8,19.28333333333333,41.5,18.5,29.4,0.0,0.0,11.3,10.8,35.75,19.45
986,Universita' degli Studi di Ferrara,Italy,Europe,L,FC,HI,Public,30.39,,975.5,Above 500,30.39,,Unranked,,,,Not Comparable,9.3,4.7,3.6,6.8,3.8,12.3,65.5,47.3,19.28333333333333,7.0,54.2,29.4,0.0,0.0,11.3,10.8,35.75,19.45
987,Università della Calabria,Italy,Europe,M,CO,VH,Public,30.39,,975.5,Above 500,30.39,,Unranked,,,,Not Comparable,11.1,4.5,10.6,7.9,9.2,13.5,79.1,34.9,19.28333333333333,1.7,57.5,29.4,0.0,0.0,11.3,10.8,35.75,19.45
988,University of Bahrain,Bahrain,Asia,L,CO,HI,Public,30.39,,975.5,Above 500,30.39,,Unranked,,,,Not Comparable,14.3,15.1,8.1,10.5,94.1,14.0,38.7,5.0,19.28333333333333,55.5,28.9,29.4,0.0,0.0,11.3,10.8,35.75,19.45
989,University of Cyberjaya,Malaysia,Asia,S,FO,HI,,30.39,,975.5,Above 500,30.39,,Unranked,,,,Not Comparable,22.5,6.1,48.9,87.3,23.4,86.3,7.2,2.1,19.28333333333333,4.8,48.7,29.4,0.0,0.0,11.3,10.8,35.75,19.45
990,University of Ha'il,Saudi Arabia,Asia,L,FC,HI,Public,30.39,,975.5,Above 500,30.39,,Unranked,,,,Not Comparable,8.7,4.3,41.1,5.4,100.0,9.8,62.3,5.0,19.28333333333333,2.9,45.6,29.4,0.0,0.0,11.3,10.8,35.75,19.45
991,University of Lahore,Pakistan,Asia,L,CO,VH,Private not for Profit,30.39,,975.5,Above 500,30.39,,Unranked,,,,Not Comparable,17.8,23.4,14.3,6.0,8.0,9.7,76.4,8.5,19.28333333333333,3.4,62.2,29.4,0.0,0.0,11.3,10.8,35.75,19.45
992,University of Massachusetts - Boston,United States,Americas,L,FC,HI,Public,30.39,,975.5,Above 500,30.39,,Unranked,,,,Not Comparable,13.8,23.5,14.4,27.1,7.2,20.3,35.3,23.3,19.28333333333333,7.4,49.4,29.4,0.0,0.0,11.3,10.8,35.75,19.45
993,University of the Western Cape,South Africa,Africa,L,CO,VH,Public,30.39,,975.5,Above 500,30.39,,Unranked,,,,Not Comparable,12.0,6.4,6.1,5.5,30.3,10.5,84.4,23.9,19.28333333333333,28.1,35.7,29.4,0.0,0.0,11.3,10.8,35.75,19.45
994,Wuhan University of Technology,China,Asia,XL,CO,VH,Public,30.39,,975.5,Above 500,30.39,,Unranked,,,,Not Comparable,7.2,4.6,24.1,4.4,20.1,3.5,64.2,41.2,19.28333333333333,10.1,34.9,29.4,0.0,0.0,11.3,10.8,35.75,19.45
995,Adamson University,Philippines,Asia,M,CO,MD,Private for Profit,21.46,,1100.5,Above 500,21.46,,Unranked,,,,Not Comparable,39.3,17.9,7.6,2.8,18.1,7.1,4.8,1.7,19.28333333333333,3.5,10.1,29.4,0.0,0.0,11.3,10.8,35.75,19.45
996,Aga Khan University,Pakistan,Asia,S,FO,VH,Private not for Profit,21.46,,1100.5,Above 500,21.46,,Unranked,,,,Not Comparable,6.4,10.0,100.0,2.0,1.5,1.7,18.2,11.4,19.28333333333333,8.3,22.6,29.4,0.0,0.0,11.3,10.8,35.75,19.45
997,Al Azhar University,Egypt,Africa,XL,CO,VH,Public,21.46,,1100.5,Above 500,21.46,,Unranked,,,,Not Comparable,21.5,13.9,14.9,16.8,1.7,12.7,64.4,2.0,19.28333333333333,33.2,35.3,29.4,0.0,0.0,11.3,10.8,35.75,19.45
998,Alexandru Ioan Cuza University,Romania,Europe,L,CO,HI,Public,21.46,,1100.5,Above 500,21.46,,Unranked,,,,Not Comparable,11.7,20.6,7.8,17.0,4.6,21.4,49.1,5.8,19.28333333333333,23.1,48.7,29.4,0.0,0.0,11.3,10.8,35.75,19.45
999,"Aligarh Muslim University, Aligarh",India,Asia,L,CO,VH,Public,21.46,,1100.5,Above 500,21.46,,Unranked,,,,Not Comparable,15.4,5.3,18.4,1.8,20.1,6.2,64.8,24.7,19.28333333333333,3.2,45.8,29.4,0.0,0.0,11.3,10.8,35.75,19.45
1000,Almaty Technological University,Kazakhstan,Asia,M,CO,MD,Public,21.46,,1100.5,Above 500,21.46,,Unranked,,,,Not Comparable,5.9,8.9,93.9,14.4,27.8,17.4,4.4,1.1,19.28333333333333,4.2,26.6,29.4,0.0,0.0,11.3,10.8,35.75,19.45
1001,Amrita Vishwa Vidyapeetham,India,Asia,L,FC,VH,Private not for Profit,21.46,,1100.5,Above 500,21.46,,Unranked,,,,Not Comparable,6.9,6.6,39.2,2.5,36.7,2.1,67.4,10.7,19.28333333333333,1.2,26.8,29.4,0.0,0.0,11.3,10.8,35.75,19.45
1002,An-Najah National University,Palestine,Asia,L,FC,MD,Public,21.46,,1100.5,Above 500,21.46,,Unranked,,,,Not Comparable,13.5,14.5,11.5,47.4,49.8,43.8,39.0,4.3,19.28333333333333,11.3,47.1,29.4,0.0,0.0,11.3,10.8,35.75,19.45
1003,"Arab Academy for Science, Technology and Maritime Transport",Egypt,Africa,L,FO,VH,Public,21.46,,1100.5,Above 500,21.46,,Unranked,,,,Not Comparable,7.5,12.4,44.7,34.9,9.2,33.6,27.0,2.4,19.28333333333333,16.8,29.7,29.4,0.0,0.0,11.3,10.8,35.75,19.45
1004,Asfendiyarov Kazakh National Medical University,Kazakhstan,Asia,M,FO,HI,Public,21.46,,1100.5,Above 500,21.46,,Unranked,,,,Not Comparable,7.3,8.8,67.2,76.8,15.8,70.3,6.4,1.3,19.28333333333333,7.8,48.7,29.4,0.0,0.0,11.3,10.8,35.75,19.45
1005,Assiut University,Egypt,Africa,XL,FC,HI,Public,21.46,,1100.5,Above 500,21.46,,Unranked,,,,Not Comparable,16.3,15.1,20.7,7.2,21.1,10.6,66.5,4.0,19.28333333333333,3.0,53.3,29.4,0.0,0.0,11.3,10.8,35.75,19.45
1006,Azerbaijan University of Architecture and Construction,Azerbaijan,Asia,M,FO,MD,Public,21.46,,1100.5,Above 500,21.46,,Unranked,,,,Not Comparable,25.7,20.7,42.1,14.5,9.9,17.1,1.3,1.0,19.28333333333333,11.8,25.8,29.4,0.0,0.0,11.3,10.8,35.75,19.45
1007,Banaras Hindu University,India,Asia,L,FC,VH,Public,21.46,,1100.5,Above 500,21.46,,Unranked,,,,Not Comparable,18.9,10.6,14.4,3.0,1.5,7.2,59.3,18.8,19.28333333333333,15.6,44.5,29.4,0.0,0.0,11.3,10.8,35.75,19.45
1008,Baylor University,United States,Americas,L,CO,VH,Private not for Profit,21.46,,1100.5,Above 500,21.46,,Unranked,,,,Not Comparable,8.7,20.9,17.5,6.6,3.7,5.2,46.9,12.8,19.28333333333333,24.5,42.9,29.4,0.0,0.0,11.3,10.8,35.75,19.45
1009,Beijing University of Posts and Telecommunications,China,Asia,L,FO,VH,Public,21.46,,1100.5,Above 500,21.46,,Unranked,,,,Not Comparable,4.3,9.2,19.8,2.8,6.4,2.3,22.1,45.2,19.28333333333333,22.4,27.3,29.4,0.0,0.0,11.3,10.8,35.75,19.45
1010,Binghamton University SUNY,United States,Americas,L,CO,VH,Public,21.46,,1100.5,Above 500,21.46,,Unranked,,,,Not Comparable,10.1,14.1,9.3,15.5,17.3,21.6,26.2,19.5,19.28333333333333,11.3,44.8,29.4,0.0,0.0,11.3,10.8,35.75,19.45
1011,Birmingham City University,United Kingdom,Europe,XL,FO,HI,Public,21.46,,1100.5,Above 500,21.46,,Unranked,,,,Not Comparable,8.2,8.0,8.7,65.5,54.9,68.8,44.5,6.5,19.28333333333333,12.1,37.9,29.4,0.0,0.0,11.3,10.8,35.75,19.45
1012,Brigham Young University,United States,Americas,XL,CO,VH,Private not for Profit,21.46,,1100.5,Above 500,21.46,350.5,101-500,23.27,-750.0,750.0,ARWU Higher,7.7,13.5,6.7,5.3,1.3,4.2,51.9,15.8,15.63333333333333,36.9,44.6,29.4,8.9,0.0,12.2,8.4,26.3,12.9
1013,CEU University,Spain,Europe,L,FO,VH,,21.46,,1100.5,Above 500,21.46,,Unranked,,,,Not Comparable,7.3,20.8,26.5,58.4,8.4,62.4,18.5,3.1,19.28333333333333,16.6,35.6,29.4,0.0,0.0,11.3,10.8,35.75,19.45
1014,Chung Yuan Christian University,Taiwan,Asia,L,CO,HI,Public,21.46,,1100.5,Above 500,21.46,,Unranked,,,,Not Comparable,9.9,9.2,6.9,11.8,5.3,14.9,17.3,25.2,19.28333333333333,28.6,46.7,29.4,0.0,0.0,11.3,10.8,35.75,19.45
1015,Chungbuk National University,South Korea,Asia,M,FC,VH,Public,21.46,,1100.5,Above 500,21.46,,Unranked,,,,Not Comparable,6.5,4.6,47.9,21.5,10.7,21.6,33.4,19.6,19.28333333333333,1.8,50.9,29.4,0.0,0.0,11.3,10.8,35.75,19.45
1016,Clark University,United States,Americas,S,CO,VH,Private not for Profit,21.46,,1100.5,Above 500,21.46,,Unranked,,,,Not Comparable,2.5,3.6,25.6,94.6,15.2,93.8,29.1,23.5,19.28333333333333,19.3,42.4,29.4,0.0,0.0,11.3,10.8,35.75,19.45
1017,Cracow University of Technology of Tadeusz Kościuszko,Poland,Europe,L,SP,VH,Public,21.46,,1100.5,Above 500,21.46,,Unranked,,,,Not Comparable,12.6,28.1,28.3,9.2,3.4,12.6,44.2,10.0,19.28333333333333,10.3,20.5,29.4,0.0,0.0,11.3,10.8,35.75,19.45
1018,D. Serikbayev East Kazakhstan Technical University,Kazakhstan,Asia,M,FO,HI,Public,21.46,,1100.5,Above 500,21.46,,Unranked,,,,Not Comparable,14.6,18.2,75.9,5.5,23.7,9.5,5.2,1.4,19.28333333333333,4.4,31.0,29.4,0.0,0.0,11.3,10.8,35.75,19.45
1019,Daffodil International University,Bangladesh,Asia,L,FO,VH,Private not for Profit,21.46,,1100.5,Above 500,21.46,,Unranked,,,,Not Comparable,15.6,23.0,5.7,5.0,7.7,8.6,45.1,6.9,19.28333333333333,8.3,51.7,29.4,0.0,0.0,11.3,10.8,35.75,19.45
1020,Dankook University,South Korea,Asia,L,FC,HI,Private not for Profit,21.46,,1100.5,Above 500,21.46,,Unranked,,,,Not Comparable,10.0,8.3,72.0,12.6,5.5,16.2,17.1,4.8,19.28333333333333,3.6,47.6,29.4,0.0,0.0,11.3,10.8,35.75,19.45
1021,Ege Üniversitesi,Turkey,Asia,XL,FC,HI,Public,21.46,,1100.5,Above 500,21.46,,Unranked,,,,Not Comparable,14.5,24.4,21.0,9.2,1.4,14.9,71.3,5.1,19.28333333333333,6.6,33.0,29.4,0.0,0.0,11.3,10.8,35.75,19.45
1022,Financial University under the Government of the Russian Federation,Russia,Europe,L,FO,VH,Public,21.46,,1100.5,Above 500,21.46,,Unranked,,,,Not Comparable,4.9,17.4,44.1,39.2,6.7,44.7,37.6,2.7,19.28333333333333,57.5,43.8,29.4,0.0,0.0,11.3,10.8,35.75,19.45
1023,Florida Atlantic University - Boca Raton,United States,Americas,L,FC,HI,Public,21.46,,1100.5,Above 500,21.46,,Unranked,,,,Not Comparable,6.6,15.2,6.2,13.1,8.4,9.9,65.3,18.2,19.28333333333333,13.0,48.4,29.4,0.0,0.0,11.3,10.8,35.75,19.45
1024,Fordham University,United States,Americas,L,CO,HI,Private not for Profit,21.46,,1100.5,Above 500,21.46,,Unranked,,,,Not Comparable,9.1,16.8,19.3,23.3,10.5,17.5,23.3,9.6,19.28333333333333,47.6,32.1,29.4,0.0,0.0,11.3,10.8,35.75,19.45
1025,Gebze Technical University,Turkey,Asia,M,CO,VH,Public,21.46,,1100.5,Above 500,21.46,,Unranked,,,,Not Comparable,7.0,9.5,9.1,10.6,19.7,15.3,41.4,40.3,19.28333333333333,2.5,42.2,29.4,0.0,0.0,11.3,10.8,35.75,19.45
1026,Georgian Technical University,Georgia,Asia,L,FO,HI,Public,21.46,,1100.5,Above 500,21.46,,Unranked,,,,Not Comparable,7.1,7.1,1.0,19.4,20.1,21.7,7.8,54.4,19.28333333333333,29.3,3.0,29.4,0.0,0.0,11.3,10.8,35.75,19.45
1027,German University of Technology in Oman,Oman,Asia,S,FO,HI,Private for Profit,21.46,,1100.5,Above 500,21.46,,Unranked,,,,Not Comparable,9.1,14.3,5.7,5.9,100.0,9.8,14.4,8.5,19.28333333333333,73.2,48.7,29.4,0.0,0.0,11.3,10.8,35.75,19.45
1028,Gifu University,Japan,Asia,M,FO,VH,Public,21.46,,1100.5,Above 500,21.46,451.5,101-500,1.1,-649.0,649.0,ARWU Higher,6.4,4.5,58.9,6.2,7.1,10.2,23.4,14.3,12.0,1.8,44.1,29.4,0.0,0.0,7.3,4.8,23.9,15.6
1029,Glasgow Caledonian University,United Kingdom,Europe,L,FO,VH,Public,21.46,,1100.5,Above 500,21.46,,Unranked,,,,Not Comparable,7.2,9.5,6.3,77.3,45.5,79.4,40.3,11.2,19.28333333333333,8.5,56.7,29.4,0.0,0.0,11.3,10.8,35.75,19.45
1030,Hallym University,South Korea,Asia,M,FC,VH,Private not for Profit,21.46,,1100.5,Above 500,21.46,,Unranked,,,,Not Comparable,3.4,2.7,95.6,3.5,4.3,7.6,9.1,13.1,19.28333333333333,1.8,41.4,29.4,0.0,0.0,11.3,10.8,35.75,19.45
1031,Harbin Engineering University,China,Asia,L,FO,VH,Public,21.46,,1100.5,Above 500,21.46,,Unranked,,,,Not Comparable,5.2,6.5,24.0,3.6,3.0,8.6,40.0,46.8,19.28333333333333,7.2,24.3,29.4,0.0,0.0,11.3,10.8,35.75,19.45
1032,Hohai University,China,Asia,XL,FO,VH,Public,21.46,,1100.5,Above 500,21.46,,Unranked,,,,Not Comparable,3.2,2.7,17.8,19.4,20.1,21.7,74.1,33.2,19.28333333333333,1.2,39.3,29.4,0.0,0.0,11.3,10.8,35.75,19.45
1033,Howard University,United States,Americas,M,FC,HI,Private not for Profit,21.46,,1100.5,Above 500,21.46,456.5,101-500,0.0,-644.0,644.0,ARWU Higher,8.3,16.1,43.6,6.4,1.2,5.0,35.2,6.0,10.06666666666666,37.8,37.9,29.4,14.4,0.0,7.4,5.9,16.9,8.7
1034,Islamic University of Lebanon,Lebanon,Asia,M,FO,MD,Private for Profit,21.46,,1100.5,Above 500,21.46,,Unranked,,,,Not Comparable,10.6,13.4,39.6,98.8,36.7,81.8,2.2,1.2,19.28333333333333,3.9,48.7,29.4,0.0,0.0,11.3,10.8,35.75,19.45
1035,IU Indianapolis,United States,Americas,L,FC,HI,Public,21.46,,1100.5,Above 500,21.46,,Unranked,,,,Not Comparable,8.9,8.4,23.5,9.0,38.8,14.7,51.3,22.6,19.28333333333333,6.5,43.7,29.4,0.0,0.0,11.3,10.8,35.75,19.45
1036,Kalinga Institute of Industrial Technology,India,Asia,L,CO,VH,Private not for Profit,21.46,,1100.5,Above 500,21.46,,Unranked,,,,Not Comparable,6.4,5.2,52.1,25.0,18.0,29.4,53.3,5.3,19.28333333333333,1.7,50.7,29.4,0.0,0.0,11.3,10.8,35.75,19.45
1037,Kangwon National University,South Korea,Asia,L,FC,HI,Public,21.46,,1100.5,Above 500,21.46,,Unranked,,,,Not Comparable,8.0,7.1,32.0,10.2,6.5,14.2,28.6,15.4,19.28333333333333,3.5,56.6,29.4,0.0,0.0,11.3,10.8,35.75,19.45
1038,Kazakh-British Technical University,Kazakhstan,Asia,M,FO,HI,Public,21.46,,1100.5,Above 500,21.46,,Unranked,,,,Not Comparable,15.9,41.9,17.8,4.1,15.3,8.2,13.9,2.6,19.28333333333333,4.3,32.7,29.4,0.0,0.0,11.3,10.8,35.75,19.45
1039,Kent State University,United States,Americas,L,FO,VH,Public,21.46,,1100.5,Above 500,21.46,450.5,101-500,1.32,-650.0,650.0,ARWU Higher,7.0,4.8,9.0,15.7,25.4,11.9,62.5,20.0,13.5,11.3,40.8,29.4,0.0,0.0,5.1,13.0,22.4,14.0
1040,Kookmin University,South Korea,Asia,L,CO,HI,Private for Profit,21.46,,1100.5,Above 500,21.46,,Unranked,,,,Not Comparable,5.3,6.2,51.0,63.5,7.0,63.9,9.9,5.3,19.28333333333333,5.2,43.7,29.4,0.0,0.0,11.3,10.8,35.75,19.45
1041,Kyrgyz Russian Slavic University,Kyrgyzstan,Asia,M,CO,MD,Public,21.46,,1100.5,Above 500,21.46,,Unranked,,,,Not Comparable,10.9,13.4,99.9,19.4,20.1,21.7,1.6,1.0,19.28333333333333,35.4,48.7,29.4,0.0,0.0,11.3,10.8,35.75,19.45
1042,Kyushu Institute of Technology,Japan,Asia,M,SP,VH,Public,21.46,,1100.5,Above 500,21.46,,Unranked,,,,Not Comparable,5.0,9.0,12.9,5.9,10.4,10.1,21.6,37.5,19.28333333333333,1.8,34.9,29.4,0.0,0.0,11.3,10.8,35.75,19.45
1043,Leeds Beckett University,United Kingdom,Europe,L,CO,HI,Public,21.46,,1100.5,Above 500,21.46,,Unranked,,,,Not Comparable,5.1,10.3,5.2,45.2,46.9,50.3,36.6,13.5,19.28333333333333,10.8,61.7,29.4,0.0,0.0,11.3,10.8,35.75,19.45
1044,Lobachevsky State University of Nizhni Novgorod,Russia,Europe,L,FO,VH,Public,21.46,,1100.5,Above 500,21.46,,Unranked,,,,Not Comparable,10.0,8.2,50.9,37.0,2.6,42.6,18.0,3.5,19.28333333333333,3.9,38.2,29.4,0.0,0.0,11.3,10.8,35.75,19.45
1045,Lodz University of Technology,Poland,Europe,M,SP,VH,Public,21.46,,1100.5,Above 500,21.46,,Unranked,,,,Not Comparable,6.0,7.3,59.0,8.3,4.1,12.4,49.2,16.0,19.28333333333333,4.1,40.3,29.4,0.0,0.0,11.3,10.8,35.75,19.45
1046,London Metropolitan University,United Kingdom,Europe,L,CO,MD,Public,21.46,,1100.5,Above 500,21.46,,Unranked,,,,Not Comparable,5.9,7.3,4.7,97.6,68.5,97.7,22.4,7.0,19.28333333333333,20.8,20.9,29.4,0.0,0.0,11.3,10.8,35.75,19.45
1047,Loyola University Chicago,United States,Americas,L,FC,HI,Private not for Profit,21.46,,1100.5,Above 500,21.46,450.5,101-500,1.32,-650.0,650.0,ARWU Higher,12.2,21.2,30.5,5.0,9.3,4.0,36.2,12.6,12.16666666666667,24.1,33.5,29.4,0.0,0.0,7.9,3.8,24.8,11.2
1048,Makerere University,Uganda,Africa,XL,FC,HI,Public,21.46,,1100.5,Above 500,21.46,,Unranked,,,,Not Comparable,13.4,5.3,5.8,13.6,8.3,10.3,65.3,6.5,19.28333333333333,98.3,42.0,29.4,0.0,0.0,11.3,10.8,35.75,19.45
1049,Mansoura University,Egypt,Africa,XL,FC,VH,Public,21.46,,1100.5,Above 500,21.46,,Unranked,,,,Not Comparable,18.8,15.8,5.2,21.2,9.9,24.5,81.9,5.0,19.28333333333333,12.6,55.5,29.4,0.0,0.0,11.3,10.8,35.75,19.45
1050,Marmara University,Turkey,Asia,XL,FO,VH,Public,21.46,,1100.5,Above 500,21.46,,Unranked,,,,Not Comparable,11.8,23.1,5.4,6.8,5.5,12.3,52.5,4.9,19.28333333333333,38.1,42.6,29.4,0.0,0.0,11.3,10.8,35.75,19.45
1051,MATE Hungarian University of Agriculture and Life Sciences,Hungary,Europe,M,FO,VH,Private not for Profit,21.46,,1100.5,Above 500,21.46,,Unranked,,,,Not Comparable,7.1,8.0,34.1,43.1,4.1,48.3,59.0,7.2,19.28333333333333,4.8,55.4,29.4,0.0,0.0,11.3,10.8,35.75,19.45
1052,Middle East University Jordan,Jordan,Asia,S,FO,VH,Private not for Profit,21.46,,1100.5,Above 500,21.46,,Unranked,,,,Not Comparable,9.1,7.2,12.4,90.9,10.6,80.9,47.7,13.2,19.28333333333333,5.9,8.0,29.4,0.0,0.0,11.3,10.8,35.75,19.45
1053,Mississippi State University,United States,Americas,L,CO,VH,Public,21.46,,1100.5,Above 500,21.46,452.5,101-500,0.88,-648.0,648.0,ARWU Higher,7.2,8.7,9.1,5.5,19.7,4.3,70.2,33.5,12.7,12.8,38.5,29.4,0.0,0.0,7.3,6.4,24.4,12.3
1054,Mustansiriyah University,Iraq,Asia,XL,FC,HI,Public,21.46,,1100.5,Above 500,21.46,,Unranked,,,,Not Comparable,8.3,23.5,64.9,6.3,43.6,5.0,19.2,1.8,19.28333333333333,10.4,26.5,29.4,0.0,0.0,11.3,10.8,35.75,19.45
1055,Mutah University,Jordan,Asia,L,FC,MD,Public,21.46,,1100.5,Above 500,21.46,,Unranked,,,,Not Comparable,15.6,21.8,12.1,32.9,15.7,32.2,28.0,3.4,19.28333333333333,10.1,33.2,29.4,0.0,0.0,11.3,10.8,35.75,19.45
1056,Mykolas Romeris University,Lithuania,Europe,S,FO,VH,Public,21.46,,1100.5,Above 500,21.46,,Unranked,,,,Not Comparable,6.0,12.9,22.7,51.6,12.1,55.0,23.6,7.1,19.28333333333333,53.2,50.4,29.4,0.0,0.0,11.3,10.8,35.75,19.45
1057,Narxoz University,Kazakhstan,Asia,M,FO,MD,Private not for Profit,21.46,,1100.5,Above 500,21.46,,Unranked,,,,Not Comparable,15.7,14.9,26.1,20.7,31.0,22.1,1.0,1.5,19.28333333333333,69.7,35.6,29.4,0.0,0.0,11.3,10.8,35.75,19.45
1058,National Research Saratov State University,Russia,Europe,M,FO,VH,Public,21.46,,1100.5,Above 500,21.46,,Unranked,,,,Not Comparable,5.0,5.3,97.6,26.9,4.0,20.2,14.4,2.4,19.28333333333333,1.8,10.2,29.4,0.0,0.0,11.3,10.8,35.75,19.45
1059,"National Technical University ""Kharkiv Polytechnic Institute""",Ukraine,Europe,M,CO,VH,Public,21.46,,1100.5,Above 500,21.46,,Unranked,,,,Not Comparable,7.6,20.8,61.1,33.3,2.3,34.7,17.1,1.8,19.28333333333333,4.6,38.9,29.4,0.0,0.0,11.3,10.8,35.75,19.45
1060,National University Lviv Polytechnic,Ukraine,Europe,L,CO,VH,Public,21.46,,1100.5,Above 500,21.46,,Unranked,,,,Not Comparable,9.6,26.3,38.6,2.1,3.7,6.4,20.2,2.6,19.28333333333333,17.9,50.8,29.4,0.0,0.0,11.3,10.8,35.75,19.45
1061,Nicolaus Copernicus University,Poland,Europe,L,FC,HI,Public,21.46,,1100.5,Above 500,21.46,,Unranked,,,,Not Comparable,10.3,4.8,65.8,11.3,4.6,15.8,81.3,9.4,19.28333333333333,3.9,30.1,29.4,0.0,0.0,11.3,10.8,35.75,19.45
1062,Niigata University,Japan,Asia,L,FC,HI,Public,21.46,,1100.5,Above 500,21.46,450.5,101-500,1.32,-650.0,650.0,ARWU Higher,6.6,5.1,88.7,6.1,6.6,10.6,23.1,6.7,14.33333333333333,7.2,43.0,29.4,0.0,0.0,12.5,5.9,24.6,13.0
1063,Northern Arizona University,United States,Americas,L,CO,VH,Public,21.46,,1100.5,Above 500,21.46,450.5,101-500,1.32,-650.0,650.0,ARWU Higher,9.5,16.2,6.7,3.8,3.5,3.1,48.0,23.4,12.73333333333333,7.5,45.2,29.4,0.0,0.0,11.1,12.0,15.1,11.0
1064,Northern Borders University,Saudi Arabia,Asia,M,FC,HI,Public,21.46,,1100.5,Above 500,21.46,,Unranked,,,,Not Comparable,13.4,6.4,28.8,16.1,100.0,12.2,18.0,4.5,19.28333333333333,3.0,15.7,29.4,0.0,0.0,11.3,10.8,35.75,19.45
1065,Northwest University,China,Asia,L,CO,VH,Public,21.46,,1100.5,Above 500,21.46,,Unranked,,,,Not Comparable,5.8,3.2,55.7,4.7,4.8,9.3,37.6,31.8,19.28333333333333,5.1,33.1,29.4,0.0,0.0,11.3,10.8,35.75,19.45
1066,Notre Dame University-Louaize,Lebanon,Asia,S,CO,HI,Private not for Profit,21.46,,1100.5,Above 500,21.46,,Unranked,,,,Not Comparable,6.5,19.8,25.1,27.1,87.9,30.5,7.3,3.8,19.28333333333333,3.9,17.5,29.4,0.0,0.0,11.3,10.8,35.75,19.45
1067,Obuda University,Hungary,Europe,M,FO,VH,Public,21.46,,1100.5,Above 500,21.46,,Unranked,,,,Not Comparable,7.9,8.9,3.9,13.3,34.7,19.3,44.5,19.6,19.28333333333333,5.1,42.4,29.4,0.0,0.0,11.3,10.8,35.75,19.45
1068,Ohio University,United States,Americas,L,FC,HI,Public,21.46,,1100.5,Above 500,21.46,450.5,101-500,1.32,-650.0,650.0,ARWU Higher,10.9,13.3,7.6,6.3,3.9,11.7,51.8,14.0,10.7,27.9,38.3,29.4,15.1,0.0,0.0,9.1,23.0,12.4
1069,Pavol Josef Safarik University,Slovakia,Europe,M,FC,HI,Public,21.46,,1100.5,Above 500,21.46,,Unranked,,,,Not Comparable,6.4,5.6,69.2,78.5,7.0,74.5,41.6,5.5,19.28333333333333,5.5,22.2,29.4,0.0,0.0,11.3,10.8,35.75,19.45
1070,Pontificia Universidad Catolica del Ecuador,Ecuador,Americas,L,FO,HI,Private not for Profit,21.46,,1100.5,Above 500,21.46,,Unranked,,,,Not Comparable,24.4,19.1,13.5,2.6,18.0,2.2,35.3,1.9,19.28333333333333,46.2,23.0,29.4,0.0,0.0,11.3,10.8,35.75,19.45
1071,Pontificia Universidade Católica de São Paulo,Brazil,Americas,M,FC,MD,Private not for Profit,21.46,,1100.5,Above 500,21.46,,Unranked,,,,Not Comparable,13.2,21.2,48.8,1.5,5.2,5.9,2.9,1.7,19.28333333333333,44.1,14.9,29.4,0.0,0.0,11.3,10.8,35.75,19.45
1072,Poznan University of Life Sciences,Poland,Europe,M,FO,VH,Public,21.46,,1100.5,Above 500,21.46,,Unranked,,,,Not Comparable,6.6,4.1,92.2,11.1,1.7,14.5,37.5,14.8,19.28333333333333,4.1,26.6,29.4,0.0,0.0,11.3,10.8,35.75,19.45
1073,Poznan University of Technology,Poland,Europe,L,FO,VH,Public,21.46,,1100.5,Above 500,21.46,,Unranked,,,,Not Comparable,10.9,13.1,39.8,10.7,3.4,15.5,47.8,12.8,19.28333333333333,7.4,27.6,29.4,0.0,0.0,11.3,10.8,35.75,19.45
1074,Rhodes University,South Africa,Africa,M,FO,VH,Public,21.46,,1100.5,Above 500,21.46,,Unranked,,,,Not Comparable,8.0,9.1,17.2,46.4,20.1,34.6,56.5,18.9,19.28333333333333,42.9,42.2,29.4,0.0,0.0,11.3,10.8,35.75,19.45
1075,Riga Stradins University,Latvia,Europe,M,SP,HI,Public,21.46,,1100.5,Above 500,21.46,,Unranked,,,,Not Comparable,7.4,16.2,16.3,96.1,30.9,95.9,15.9,3.4,19.28333333333333,14.8,29.5,29.4,0.0,0.0,11.3,10.8,35.75,19.45
1076,Ritsumeikan Asia Pacific University,Japan,Asia,M,SP,LO,Private for Profit,21.46,,1100.5,Above 500,21.46,,Unranked,,,,Not Comparable,8.3,11.8,4.3,99.7,99.5,99.7,4.7,4.1,19.28333333333333,1.7,14.4,29.4,0.0,0.0,11.3,10.8,35.75,19.45
1077,Saint-Petersburg Mining University,Russia,Europe,M,FO,VH,Public,21.46,,1100.5,Above 500,21.46,,Unranked,,,,Not Comparable,3.1,5.9,79.1,44.4,28.1,49.6,9.6,3.7,19.28333333333333,13.2,28.3,29.4,0.0,0.0,11.3,10.8,35.75,19.45
1078,Samarkand State University,Uzbekistan,Asia,L,CO,MD,Public,21.46,,1100.5,Above 500,21.46,,Unranked,,,,Not Comparable,23.7,18.0,41.0,6.5,25.1,10.4,7.3,1.3,19.28333333333333,9.5,11.6,29.4,0.0,0.0,11.3,10.8,35.75,19.45
1079,San Diego State University,United States,Americas,XL,CO,VH,Public,21.46,,1100.5,Above 500,21.46,350.5,101-500,23.27,-750.0,750.0,ARWU Higher,7.9,8.7,4.5,4.6,7.9,3.7,70.6,22.8,16.2,32.1,46.5,29.4,0.0,0.0,14.3,10.1,24.2,16.2
1080,Sebelas Maret University,Indonesia,Asia,XL,FC,HI,Public,21.46,,1100.5,Above 500,21.46,,Unranked,,,,Not Comparable,21.2,21.4,25.2,11.2,33.3,16.9,20.5,2.5,19.28333333333333,2.8,50.8,29.4,0.0,0.0,11.3,10.8,35.75,19.45
1081,Seoul National University of Science and Technology,South Korea,Asia,M,FO,VH,Public,21.46,,1100.5,Above 500,21.46,,Unranked,,,,Not Comparable,10.5,7.9,20.5,32.2,12.0,28.6,28.6,18.9,19.28333333333333,1.9,49.7,29.4,0.0,0.0,11.3,10.8,35.75,19.45
1082,Sheffield Hallam University,United Kingdom,Europe,XL,CO,HI,Public,21.46,,1100.5,Above 500,21.46,,Unranked,,,,Not Comparable,9.8,13.4,10.9,42.7,42.6,48.0,60.6,7.1,19.28333333333333,12.3,40.6,29.4,0.0,0.0,11.3,10.8,35.75,19.45
1083,Siberian Federal University,Russia,Europe,M,CO,VH,Public,21.46,,1100.5,Above 500,21.46,,Unranked,,,,Not Comparable,7.8,9.9,29.9,46.0,56.8,47.4,37.7,7.9,19.28333333333333,10.3,44.4,29.4,0.0,0.0,11.3,10.8,35.75,19.45
1084,Silesian University of Technology in Gliwice,Poland,Europe,L,FO,VH,Public,21.46,,1100.5,Above 500,21.46,,Unranked,,,,Not Comparable,8.7,9.8,39.3,7.1,4.9,12.4,75.2,15.2,19.28333333333333,13.2,32.1,29.4,0.0,0.0,11.3,10.8,35.75,19.45
1085,Slovak University of Technology in Bratislava,Slovakia,Europe,M,FO,VH,Public,21.46,,1100.5,Above 500,21.46,,Unranked,,,,Not Comparable,10.8,10.6,48.9,29.1,4.8,21.8,54.2,7.7,19.28333333333333,17.9,28.1,29.4,0.0,0.0,11.3,10.8,35.75,19.45
1086,Soonchunhyang University,South Korea,Asia,M,FC,VH,Private not for Profit,21.46,,1100.5,Above 500,21.46,,Unranked,,,,Not Comparable,7.7,9.1,70.9,7.3,7.5,11.0,12.8,10.1,19.28333333333333,1.9,45.2,29.4,0.0,0.0,11.3,10.8,35.75,19.45
1087,Southern Federal University,Russia,Europe,L,CO,VH,Public,21.46,,1100.5,Above 500,21.46,,Unranked,,,,Not Comparable,7.0,7.5,65.4,42.3,4.9,47.6,43.6,3.5,19.28333333333333,3.7,31.4,29.4,0.0,0.0,11.3,10.8,35.75,19.45
1088,Southern Methodist University,United States,Americas,M,CO,VH,Private not for Profit,21.46,,1100.5,Above 500,21.46,451.5,101-500,1.1,-649.0,649.0,ARWU Higher,6.4,10.9,37.6,16.3,15.8,12.4,28.8,11.9,10.1,62.4,41.9,29.4,13.4,0.0,7.3,4.7,18.3,13.0
1089,Southwest University,China,Asia,XL,CO,VH,Public,21.46,,1100.5,Above 500,21.46,,Unranked,,,,Not Comparable,3.2,3.5,12.0,5.3,1.5,4.2,51.4,45.1,19.28333333333333,16.5,37.9,29.4,0.0,0.0,11.3,10.8,35.75,19.45
1090,SRM Institute of Science and Technology,India,Asia,XL,CO,VH,Private not for Profit,21.46,,1100.5,Above 500,21.46,,Unranked,,,,Not Comparable,14.1,21.8,17.1,2.6,1.7,7.1,75.1,8.6,19.28333333333333,4.9,49.2,29.4,0.0,0.0,11.3,10.8,35.75,19.45
1091,Sumgait State University,Azerbaijan,Asia,M,CO,MD,Public,21.46,,1100.5,Above 500,21.46,,Unranked,,,,Not Comparable,14.1,12.6,97.9,1.4,2.6,5.8,1.8,1.1,19.28333333333333,12.0,48.7,29.4,0.0,0.0,11.3,10.8,35.75,19.45
1092,Sumy State University,Ukraine,Europe,M,FC,HI,Public,21.46,,1100.5,Above 500,21.46,,Unranked,,,,Not Comparable,6.3,11.0,47.1,29.1,3.9,29.5,35.5,5.2,19.28333333333333,4.5,48.2,29.4,0.0,0.0,11.3,10.8,35.75,19.45
1093,Sungshin Women's University,South Korea,Asia,M,CO,MD,Private not for Profit,21.46,,1100.5,Above 500,21.46,,Unranked,,,,Not Comparable,9.1,13.4,85.0,6.6,3.7,10.6,2.7,1.5,19.28333333333333,1.8,28.5,29.4,0.0,0.0,11.3,10.8,35.75,19.45
1094,Széchenyi István University,Hungary,Europe,M,FO,VH,Private for Profit,21.46,,1100.5,Above 500,21.46,,Unranked,,,,Not Comparable,12.2,36.6,28.9,13.4,4.9,19.3,16.5,2.9,19.28333333333333,4.8,44.9,29.4,0.0,0.0,11.3,10.8,35.75,19.45
1095,Tashkent State University of Economics,Uzbekistan,Asia,L,SP,MD,Public,21.46,,1100.5,Above 500,21.46,,Unranked,,,,Not Comparable,15.7,31.4,14.0,11.3,19.2,13.9,13.5,1.5,19.28333333333333,23.7,36.7,29.4,0.0,0.0,11.3,10.8,35.75,19.45
1096,Technical University of Kosice,Slovakia,Europe,M,FO,VH,Public,21.46,,1100.5,Above 500,21.46,,Unranked,,,,Not Comparable,8.2,13.8,21.4,89.6,1.8,66.7,40.5,10.3,19.28333333333333,21.4,21.9,29.4,0.0,0.0,11.3,10.8,35.75,19.45
1097,Technical University of Ostrava,Czechia,Europe,M,FO,VH,Public,21.46,,1100.5,Above 500,21.46,,Unranked,,,,Not Comparable,7.7,21.5,28.9,41.1,15.2,45.1,56.9,10.3,19.28333333333333,5.0,46.5,29.4,0.0,0.0,11.3,10.8,35.75,19.45
1098,Telkom University,Indonesia,Asia,L,SP,VH,Private for Profit,21.46,,1100.5,Above 500,21.46,,Unranked,,,,Not Comparable,13.6,14.7,23.3,12.1,53.5,17.0,15.5,2.5,19.28333333333333,11.6,36.3,29.4,0.0,0.0,11.3,10.8,35.75,19.45
1099,The City College of New York,United States,Americas,L,FC,HI,Public,21.46,,1100.5,Above 500,21.46,,Unranked,,,,Not Comparable,11.8,8.0,15.0,8.6,5.0,6.6,46.7,17.8,19.28333333333333,7.1,39.0,29.4,0.0,0.0,11.3,10.8,35.75,19.45
1100,"The Federal University of Sao Carlos, UFSCar",Brazil,Americas,L,FC,VH,Public,21.46,,1100.5,Above 500,21.46,,Unranked,,,,Not Comparable,15.0,10.8,20.3,2.5,3.4,2.1,47.1,28.8,19.28333333333333,1.8,41.3,29.4,0.0,0.0,11.3,10.8,35.75,19.45
1101,The Hashemite University,Jordan,Asia,L,FC,HI,Public,21.46,,1100.5,Above 500,21.46,,Unranked,,,,Not Comparable,15.6,23.7,5.5,18.4,9.9,13.9,45.1,7.8,19.28333333333333,5.1,45.4,29.4,0.0,0.0,11.3,10.8,35.75,19.45
1102,Tokyo Metropolitan University,Japan,Asia,M,CO,VH,Public,21.46,,1100.5,Above 500,21.46,452.5,101-500,0.88,-648.0,648.0,ARWU Higher,17.5,8.2,41.9,8.0,9.7,11.6,39.5,14.8,13.2,4.9,26.4,29.4,0.0,0.0,7.3,8.3,24.0,12.1
1103,Universidad Andrés Bello - UNAB,Chile,Americas,XL,FC,HI,Private not for Profit,21.46,,1100.5,Above 500,21.46,,Unranked,,,,Not Comparable,19.5,16.4,11.1,3.8,9.6,8.2,60.9,3.9,19.28333333333333,2.5,56.9,29.4,0.0,0.0,11.3,10.8,35.75,19.45
1104,Universidad Argentina de la Empresa -UADE,Argentina,Americas,L,FO,MD,Private not for Profit,21.46,,1100.5,Above 500,21.46,,Unranked,,,,Not Comparable,6.4,17.3,98.1,9.9,2.7,14.2,1.3,1.0,19.28333333333333,29.2,48.7,29.4,0.0,0.0,11.3,10.8,35.75,19.45
1105,Universidad Austral de Chile,Chile,Americas,L,FC,HI,Private not for Profit,21.46,,1100.5,Above 500,21.46,,Unranked,,,,Not Comparable,19.3,15.4,4.1,2.5,20.5,6.8,45.8,14.3,19.28333333333333,4.8,44.0,29.4,0.0,0.0,11.3,10.8,35.75,19.45
1106,Universidad de Castilla-La Mancha,Spain,Europe,L,FC,VH,Public,21.46,,1100.5,Above 500,21.46,,Unranked,,,,Not Comparable,10.7,4.7,22.0,9.7,2.7,15.5,70.4,17.9,19.28333333333333,7.9,46.9,29.4,0.0,0.0,11.3,10.8,35.75,19.45
1107,Universidad de Guadalajara,Mexico,Americas,XL,FC,HI,Public,21.46,,1100.5,Above 500,21.46,,Unranked,,,,Not Comparable,26.5,12.5,21.3,1.3,2.8,5.7,45.1,1.6,19.28333333333333,9.8,55.2,29.4,0.0,0.0,11.3,10.8,35.75,19.45
1108,Universidad de las Américas Puebla,Mexico,Americas,M,FC,MD,Private not for Profit,21.46,,1100.5,Above 500,21.46,,Unranked,,,,Not Comparable,11.7,13.1,56.0,15.7,21.9,16.6,6.9,3.4,19.28333333333333,4.7,18.6,29.4,0.0,0.0,11.3,10.8,35.75,19.45
1109,Universidad de León,Spain,Europe,M,CO,VH,,21.46,,1100.5,Above 500,21.46,,Unranked,,,,Not Comparable,10.4,7.1,52.1,20.6,3.7,15.5,46.6,9.6,19.28333333333333,3.5,60.7,29.4,0.0,0.0,11.3,10.8,35.75,19.45
1110,Universidad de Puerto Rico,Puerto Rico,Americas,XL,FC,HI,Public,21.46,,1100.5,Above 500,21.46,,Unranked,,,,Not Comparable,14.8,10.8,23.0,2.1,8.3,6.4,43.4,3.5,19.28333333333333,71.8,37.7,29.4,0.0,0.0,11.3,10.8,35.75,19.45
1111,Universidad de San Andrés,Argentina,Americas,S,SP,HI,Private not for Profit,21.46,,1100.5,Above 500,21.46,,Unranked,,,,Not Comparable,11.7,25.2,53.0,7.6,10.2,5.9,11.7,4.1,19.28333333333333,32.5,48.7,29.4,0.0,0.0,11.3,10.8,35.75,19.45
1112,Universidad de Talca,Chile,Americas,M,FO,VH,Public,21.46,,1100.5,Above 500,21.46,,Unranked,,,,Not Comparable,14.4,11.7,9.1,1.9,27.4,1.7,46.4,13.2,19.28333333333333,2.5,29.4,29.4,0.0,0.0,11.3,10.8,35.75,19.45
1113,Universidad del Valle,Colombia,Americas,XL,FC,MD,Public,21.46,,1100.5,Above 500,21.46,,Unranked,,,,Not Comparable,24.1,9.7,11.1,2.2,3.3,6.6,24.7,2.8,19.28333333333333,28.8,34.9,29.4,0.0,0.0,11.3,10.8,35.75,19.45
1114,Universidad Diego Portales,Chile,Americas,L,FO,VH,Private not for Profit,21.46,,1100.5,Above 500,21.46,,Unranked,,,,Not Comparable,19.0,25.8,11.9,6.3,17.5,4.9,37.1,5.5,19.28333333333333,8.8,36.4,29.4,0.0,0.0,11.3,10.8,35.75,19.45
1115,Universidad ICESI,Colombia,Americas,M,FO,HI,Private not for Profit,21.46,,1100.5,Above 500,21.46,,Unranked,,,,Not Comparable,7.8,8.8,87.6,5.2,5.1,9.3,7.4,2.4,19.28333333333333,12.9,15.9,29.4,0.0,0.0,11.3,10.8,35.75,19.45
1116,Universidad Nacional de Rosario,Argentina,Americas,XL,FC,MD,Public,21.46,,1100.5,Above 500,21.46,,Unranked,,,,Not Comparable,27.4,14.9,29.9,10.8,20.1,8.3,27.0,1.4,19.28333333333333,15.2,18.8,29.4,0.0,0.0,11.3,10.8,35.75,19.45
1117,Universidad ORT Uruguay,Uruguay,Americas,M,FO,MD,Private not for Profit,21.46,,1100.5,Above 500,21.46,,Unranked,,,,Not Comparable,13.2,22.2,84.2,2.9,17.1,2.4,3.6,1.4,19.28333333333333,7.0,7.4,29.4,0.0,0.0,11.3,10.8,35.75,19.45
1118,Universidad Peruana Cayetano Heredia,Peru,Americas,M,FO,VH,Private not for Profit,21.46,,1100.5,Above 500,21.46,,Unranked,,,,Not Comparable,15.2,12.1,59.1,1.8,1.6,1.6,23.9,3.6,19.28333333333333,4.6,53.2,29.4,0.0,0.0,11.3,10.8,35.75,19.45
1119,Universidad Pontificia Bolivariana,Colombia,Americas,M,FO,VH,Private not for Profit,21.46,,1100.5,Above 500,21.46,,Unranked,,,,Not Comparable,10.7,12.7,83.9,4.5,4.8,8.8,17.7,2.8,19.28333333333333,27.6,28.5,29.4,0.0,0.0,11.3,10.8,35.75,19.45
1120,Universidad Rey Juan Carlos,Spain,Europe,XL,CO,VH,Public,21.46,,1100.5,Above 500,21.46,,Unranked,,,,Not Comparable,12.5,16.9,11.5,20.3,24.2,26.4,65.3,9.4,19.28333333333333,14.5,64.0,29.4,0.0,0.0,11.3,10.8,35.75,19.45
1121,Universidad Simón Bolívar Venezuela,Venezuela,Americas,S,FO,VH,Public,21.46,,1100.5,Above 500,21.46,,Unranked,,,,Not Comparable,19.5,22.6,23.5,1.1,2.1,1.1,11.6,3.8,19.28333333333333,42.0,11.6,29.4,0.0,0.0,11.3,10.8,35.75,19.45
1122,Universidad Técnica Federico Santa María,Chile,Americas,L,FO,VH,Private not for Profit,21.46,,1100.5,Above 500,21.46,,Unranked,,,,Not Comparable,13.3,37.5,4.7,1.8,19.0,1.6,46.3,8.3,19.28333333333333,17.7,42.7,29.4,0.0,0.0,11.3,10.8,35.75,19.45
1123,Universidade da Coruña,Spain,Europe,L,CO,VH,Public,21.46,,1100.5,Above 500,21.46,,Unranked,,,,Not Comparable,8.5,7.1,29.3,9.4,3.5,15.2,61.7,13.8,19.28333333333333,3.6,61.1,29.4,0.0,0.0,11.3,10.8,35.75,19.45
1124,Universidade Federal do Paraná,Brazil,Americas,XL,FC,VH,Public,21.46,,1100.5,Above 500,21.46,,Unranked,,,,Not Comparable,19.4,8.7,25.7,11.2,3.9,8.5,55.4,9.8,19.28333333333333,18.0,40.0,29.4,0.0,0.0,11.3,10.8,35.75,19.45
1125,"Universita' degli Studi di Napoli ""Parthenope""",Italy,Europe,M,FO,VH,Public,21.46,,1100.5,Above 500,21.46,,Unranked,,,,Not Comparable,5.6,3.4,4.2,4.2,2.0,8.7,33.3,47.2,19.28333333333333,1.8,41.2,29.4,0.0,0.0,11.3,10.8,35.75,19.45
1126,Università degli Studi di Udine,Italy,Europe,M,CO,VH,Public,21.46,,1100.5,Above 500,21.46,,Unranked,,,,Not Comparable,9.5,4.8,15.2,8.2,5.7,13.6,52.1,23.9,19.28333333333333,2.0,42.8,29.4,0.0,0.0,11.3,10.8,35.75,19.45
1127,"Universita degli Studi ""G. D'Annunzio"" Chieti-Pescara",Italy,Europe,L,FO,VH,Public,21.46,,1100.5,Above 500,21.46,,Unranked,,,,Not Comparable,4.9,3.0,4.6,5.1,5.1,4.0,60.3,45.9,19.28333333333333,3.2,29.6,29.4,0.0,0.0,11.3,10.8,35.75,19.45
1128,Universitas Sumatera Utara,Indonesia,Asia,XL,FC,HI,Public,21.46,,1100.5,Above 500,21.46,,Unranked,,,,Not Comparable,14.4,13.4,38.0,2.6,14.1,7.0,28.6,1.8,19.28333333333333,7.4,46.0,29.4,0.0,0.0,11.3,10.8,35.75,19.45
1129,Universität Bielefeld,Germany,Europe,L,FO,VH,Public,21.46,,1100.5,Above 500,21.46,,Unranked,,,,Not Comparable,19.9,7.5,16.1,16.3,25.9,12.4,68.9,8.8,19.28333333333333,4.9,44.1,29.4,0.0,0.0,11.3,10.8,35.75,19.45
1130,Universitat de Lleida,Spain,Europe,M,CO,VH,,21.46,,1100.5,Above 500,21.46,,Unranked,,,,Not Comparable,7.4,3.7,27.5,16.2,7.3,22.3,56.4,21.5,19.28333333333333,5.2,59.1,29.4,0.0,0.0,11.3,10.8,35.75,19.45
1131,Universitat Jaume I,Spain,Europe,L,CO,VH,Public,21.46,,1100.5,Above 500,21.46,,Unranked,,,,Not Comparable,7.7,3.3,20.8,24.1,4.8,30.2,51.1,28.4,19.28333333333333,1.7,59.6,29.4,0.0,0.0,11.3,10.8,35.75,19.45
1132,Université de Bretagne Occidentale,France,Europe,L,FO,VH,,21.46,,1100.5,Above 500,21.46,,Unranked,,,,Not Comparable,6.2,5.4,32.1,19.4,20.1,21.7,82.7,25.2,19.28333333333333,3.6,47.2,29.4,0.0,0.0,11.3,10.8,35.75,19.45
1133,Université de Sfax,Tunisia,Africa,XL,CO,VH,Public,21.46,,1100.5,Above 500,21.46,,Unranked,,,,Not Comparable,11.4,4.2,56.3,5.6,1.1,9.6,58.9,6.1,19.28333333333333,13.6,49.6,29.4,0.0,0.0,11.3,10.8,35.75,19.45
1134,Université Lumière Lyon 2,France,Europe,L,SP,VH,Public,21.46,,1100.5,Above 500,21.46,,Unranked,,,,Not Comparable,14.3,5.6,5.6,48.8,33.5,53.6,62.5,11.8,19.28333333333333,2.4,31.9,29.4,0.0,0.0,11.3,10.8,35.75,19.45
1135,Université Paris 2 Panthéon-Assas,France,Europe,L,SP,VH,Public,21.46,,1100.5,Above 500,21.46,,Unranked,,,,Not Comparable,8.5,8.2,63.1,38.6,15.8,44.1,6.1,1.4,19.28333333333333,64.4,17.0,29.4,0.0,0.0,11.3,10.8,35.75,19.45
1136,Université Sorbonne Paris Nord,France,Europe,L,FO,VH,,21.46,,1100.5,Above 500,21.46,,Unranked,,,,Not Comparable,14.0,7.9,6.0,19.4,20.1,21.7,57.2,37.6,19.28333333333333,6.9,33.5,29.4,0.0,0.0,11.3,10.8,35.75,19.45
1137,"Université Toulouse 1, Capitole",France,Europe,L,FO,VH,Public,21.46,,1100.5,Above 500,21.46,,Unranked,,,,Not Comparable,18.3,8.7,2.2,63.0,32.1,46.9,52.2,10.1,19.28333333333333,7.9,33.0,29.4,0.0,0.0,11.3,10.8,35.75,19.45
1138,Universiti Malaysia Perlis,Malaysia,Asia,M,FO,VH,Public,21.46,,1100.5,Above 500,21.46,,Unranked,,,,Not Comparable,10.7,9.1,29.8,4.9,1.8,9.1,47.9,13.7,19.28333333333333,5.2,43.1,29.4,0.0,0.0,11.3,10.8,35.75,19.45
1139,Universiti Malaysia Sarawak,Malaysia,Asia,M,FC,HI,Public,21.46,,1100.5,Above 500,21.46,,Unranked,,,,Not Comparable,20.1,14.4,17.3,19.7,43.9,23.0,35.9,6.8,19.28333333333333,5.0,42.6,29.4,0.0,0.0,11.3,10.8,35.75,19.45
1140,Universiti Tun Hussein Onn University of Malaysia,Malaysia,Asia,L,CO,VH,Public,21.46,,1100.5,Above 500,21.46,,Unranked,,,,Not Comparable,14.5,12.2,11.7,12.0,6.8,15.0,45.8,18.6,19.28333333333333,5.0,49.7,29.4,0.0,0.0,11.3,10.8,35.75,19.45
1141,"University of Alabama, Birmingham",United States,Americas,L,FC,VH,Public,21.46,,1100.5,Above 500,21.46,,Unranked,,,,Not Comparable,7.3,4.6,62.6,19.4,20.1,21.7,57.2,24.1,19.28333333333333,5.0,35.6,29.4,0.0,0.0,11.3,10.8,35.75,19.45
1142,University of Anbar,Iraq,Asia,L,CO,HI,Public,21.46,,1100.5,Above 500,21.46,,Unranked,,,,Not Comparable,25.3,15.4,27.2,1.8,3.5,6.3,25.9,3.0,19.28333333333333,5.6,31.7,29.4,0.0,0.0,11.3,10.8,35.75,19.45
1143,University of Arkansas Fayetteville,United States,Americas,L,CO,VH,Public,21.46,,1100.5,Above 500,21.46,,Unranked,,,,Not Comparable,8.4,7.4,7.8,4.4,9.2,3.5,67.8,19.0,19.28333333333333,34.4,45.1,29.4,0.0,0.0,11.3,10.8,35.75,19.45
1144,University of Balamand,Lebanon,Asia,M,CO,HI,Private not for Profit,21.46,,1100.5,Above 500,21.46,,Unranked,,,,Not Comparable,8.0,21.2,49.8,26.9,20.5,31.2,14.4,3.6,19.28333333333333,3.8,33.6,29.4,0.0,0.0,11.3,10.8,35.75,19.45
1145,University of Central Lancashire,United Kingdom,Europe,L,CO,HI,Public,21.46,,1100.5,Above 500,21.46,,Unranked,,,,Not Comparable,6.5,9.3,12.4,78.4,43.2,80.5,56.9,7.1,19.28333333333333,3.3,35.5,29.4,0.0,0.0,11.3,10.8,35.75,19.45
1146,University of Colombo,Sri Lanka,Asia,L,CO,HI,Public,21.46,,1100.5,Above 500,21.46,,Unranked,,,,Not Comparable,15.1,20.9,3.3,1.5,1.2,5.9,20.7,6.1,19.28333333333333,76.0,61.1,29.4,0.0,0.0,11.3,10.8,35.75,19.45
1147,University of Denver,United States,Americas,M,CO,VH,Private not for Profit,21.46,,1100.5,Above 500,21.46,,Unranked,,,,Not Comparable,7.8,12.2,43.6,14.2,6.0,20.2,31.8,12.7,19.28333333333333,37.5,49.5,29.4,0.0,0.0,11.3,10.8,35.75,19.45
1148,University of Deusto,Spain,Europe,M,FO,VH,,21.46,,1100.5,Above 500,21.46,,Unranked,,,,Not Comparable,8.9,29.8,7.4,29.9,8.8,35.8,29.1,14.3,19.28333333333333,52.2,31.6,29.4,0.0,0.0,11.3,10.8,35.75,19.45
1149,University of East London,United Kingdom,Europe,L,FO,HI,Public,21.46,,1100.5,Above 500,21.46,,Unranked,,,,Not Comparable,3.9,6.5,2.6,99.8,83.3,99.8,34.5,9.5,19.28333333333333,14.1,29.5,29.4,0.0,0.0,11.3,10.8,35.75,19.45
1150,University of Hradec Kralove,Czechia,Europe,M,FO,VH,Public,21.46,,1100.5,Above 500,21.46,,Unranked,,,,Not Comparable,5.8,6.9,24.8,6.2,60.2,10.5,49.4,13.3,19.28333333333333,5.2,23.0,29.4,0.0,0.0,11.3,10.8,35.75,19.45
1151,University of Ibadan,Nigeria,Africa,XL,CO,VH,,21.46,,1100.5,Above 500,21.46,,Unranked,,,,Not Comparable,11.6,16.6,6.4,19.4,20.1,21.7,64.8,7.3,19.28333333333333,76.2,41.9,29.4,0.0,0.0,11.3,10.8,35.75,19.45
1152,University of Idaho,United States,Americas,M,CO,VH,Public,21.46,,1100.5,Above 500,21.46,452.5,101-500,0.88,-648.0,648.0,ARWU Higher,3.5,1.6,15.4,12.2,8.6,9.3,32.0,36.9,12.16666666666667,7.5,41.7,29.4,0.0,0.0,7.3,8.0,21.2,13.4
1153,University of Ioannina,Greece,Europe,XL,FC,HI,,21.46,,1100.5,Above 500,21.46,,Unranked,,,,Not Comparable,9.4,5.6,1.9,7.5,2.0,11.9,55.7,32.0,19.28333333333333,3.6,36.5,29.4,0.0,0.0,11.3,10.8,35.75,19.45
1154,University of Isfahan,Iran,Asia,L,CO,VH,Public,21.46,,1100.5,Above 500,21.46,,Unranked,,,,Not Comparable,7.7,10.7,4.9,2.5,20.1,2.1,52.8,30.7,19.28333333333333,4.7,27.7,29.4,0.0,0.0,11.3,10.8,35.75,19.45
1155,University of Karachi,Pakistan,Asia,XL,CO,HI,Public,21.46,,1100.5,Above 500,21.46,,Unranked,,,,Not Comparable,14.5,19.2,2.0,1.2,4.7,1.1,48.4,10.4,19.28333333333333,51.2,31.3,29.4,0.0,0.0,11.3,10.8,35.75,19.45
1156,University of Lagos,Nigeria,Africa,XL,CO,HI,,21.46,,1100.5,Above 500,21.46,,Unranked,,,,Not Comparable,9.4,16.5,2.5,19.4,20.1,21.7,45.9,5.2,19.28333333333333,90.4,36.6,29.4,0.0,0.0,11.3,10.8,35.75,19.45
1157,University of Louisville,United States,Americas,L,FC,HI,Public,21.46,,1100.5,Above 500,21.46,451.5,101-500,1.1,-649.0,649.0,ARWU Higher,3.9,4.2,43.8,5.9,21.8,11.3,59.6,13.3,12.8,9.8,39.5,29.4,0.0,0.0,0.0,7.5,30.9,15.9
1158,University of Malaysia Sabah,Malaysia,Asia,L,FC,HI,Public,21.46,,1100.5,Above 500,21.46,,Unranked,,,,Not Comparable,22.0,15.7,15.1,12.4,23.9,15.3,33.2,6.2,19.28333333333333,5.0,48.1,29.4,0.0,0.0,11.3,10.8,35.75,19.45
1159,University of Mississippi,United States,Americas,L,CO,VH,Public,21.46,,1100.5,Above 500,21.46,450.5,101-500,1.32,-650.0,650.0,ARWU Higher,4.6,3.2,78.0,5.1,5.2,10.4,47.6,12.0,12.23333333333333,9.2,35.9,29.4,0.0,0.0,7.7,4.9,24.1,11.7
1160,"University of Missouri, Kansas City",United States,Americas,M,CO,VH,Public,21.46,,1100.5,Above 500,21.46,,Unranked,,,,Not Comparable,5.1,9.5,21.9,31.3,6.9,23.5,26.4,25.7,19.28333333333333,13.4,30.8,29.4,0.0,0.0,11.3,10.8,35.75,19.45
1161,University of Murcia,Spain,Europe,L,FC,VH,Public,21.46,,1100.5,Above 500,21.46,,Unranked,,,,Not Comparable,15.3,5.4,24.9,7.0,20.1,12.2,77.9,14.9,19.28333333333333,4.9,64.4,29.4,0.0,0.0,11.3,10.8,35.75,19.45
1162,University of Nairobi,Kenya,Africa,XL,FC,HI,Public,21.46,,1100.5,Above 500,21.46,,Unranked,,,,Not Comparable,12.8,13.7,25.7,19.4,20.1,21.7,48.7,2.6,19.28333333333333,95.6,39.1,29.4,0.0,0.0,11.3,10.8,35.75,19.45
1163,University of Nevada - Reno,United States,Americas,L,FC,HI,Public,21.46,,1100.5,Above 500,21.46,450.5,101-500,1.32,-650.0,650.0,ARWU Higher,6.4,6.5,24.2,4.1,23.4,3.3,62.9,24.4,13.66666666666667,13.9,48.1,29.4,0.0,0.0,7.2,11.2,22.6,12.5
1164,University of New England,Australia,Oceania,L,CO,VH,Public,21.46,,1100.5,Above 500,21.46,456.5,101-500,0.0,-644.0,644.0,ARWU Higher,12.5,9.6,8.2,6.1,6.3,10.0,67.3,16.0,11.46666666666667,15.7,50.9,29.4,0.0,0.0,7.4,9.8,17.2,18.2
1165,University of New Hampshire,United States,Americas,L,CO,VH,Public,21.46,,1100.5,Above 500,21.46,,Unranked,,,,Not Comparable,6.0,9.1,17.7,4.9,11.7,3.9,32.4,24.8,19.28333333333333,13.3,47.1,29.4,0.0,0.0,11.3,10.8,35.75,19.45
1166,University of North Carolina at Charlotte,United States,Americas,L,CO,VH,Public,21.46,,1100.5,Above 500,21.46,,Unranked,,,,Not Comparable,6.7,7.0,7.7,13.7,15.5,19.7,66.4,19.6,19.28333333333333,15.3,43.9,29.4,0.0,0.0,11.3,10.8,35.75,19.45
1167,University of Parma,Italy,Europe,XL,FC,HI,Public,21.46,,1100.5,Above 500,21.46,450.5,101-500,1.32,-650.0,650.0,ARWU Higher,13.6,5.8,4.5,16.8,5.2,22.9,63.0,33.0,14.13333333333333,12.5,37.0,29.4,0.0,0.0,13.6,2.1,26.7,19.6
1168,University of Regina,Canada,Americas,L,CO,HI,Public,21.46,,1100.5,Above 500,21.46,,Unranked,,,,Not Comparable,4.7,2.9,5.7,51.2,4.0,54.5,48.5,34.3,19.28333333333333,6.4,64.2,29.4,0.0,0.0,11.3,10.8,35.75,19.45
1169,University of Rhode Island,United States,Americas,L,CO,VH,Public,21.46,,1100.5,Above 500,21.46,450.5,101-500,1.32,-650.0,650.0,ARWU Higher,7.2,5.7,8.7,4.3,7.8,9.2,53.2,26.5,14.13333333333333,15.8,68.0,29.4,0.0,0.0,15.2,6.1,21.1,16.0
1170,University of Salento,Italy,Europe,L,CO,VH,Public,21.46,,1100.5,Above 500,21.46,,Unranked,,,,Not Comparable,6.8,1.9,8.2,4.5,1.5,9.5,71.9,41.5,19.28333333333333,3.4,31.9,29.4,0.0,0.0,11.3,10.8,35.75,19.45
1171,University of South Bohemia,Czechia,Europe,M,CO,VH,Public,21.46,,1100.5,Above 500,21.46,,Unranked,,,,Not Comparable,7.1,5.8,53.7,19.8,27.7,26.0,57.2,12.5,19.28333333333333,2.5,47.0,29.4,0.0,0.0,11.3,10.8,35.75,19.45
1172,University of Tabuk,Saudi Arabia,Asia,L,FC,HI,Public,21.46,,1100.5,Above 500,21.46,,Unranked,,,,Not Comparable,8.8,3.5,27.3,5.5,93.7,9.9,42.7,6.7,19.28333333333333,2.8,34.7,29.4,0.0,0.0,11.3,10.8,35.75,19.45
1173,University of Texas Arlington,United States,Americas,XL,CO,VH,Public,21.46,,1100.5,Above 500,21.46,,Unranked,,,,Not Comparable,7.0,9.2,6.6,39.7,12.7,45.2,57.7,16.4,19.28333333333333,14.9,64.5,29.4,0.0,0.0,11.3,10.8,35.75,19.45
1174,University of Texas at San Antonio,United States,Americas,L,FC,HI,Public,21.46,,1100.5,Above 500,21.46,,Unranked,,,,Not Comparable,6.7,6.0,5.8,4.6,14.1,3.7,59.9,30.6,19.28333333333333,8.0,44.5,29.4,0.0,0.0,11.3,10.8,35.75,19.45
1175,University of the Algarve,Portugal,Europe,M,CO,VH,,21.46,,1100.5,Above 500,21.46,,Unranked,,,,Not Comparable,7.2,3.2,13.6,53.0,6.6,57.4,66.3,28.3,19.28333333333333,3.0,45.0,29.4,0.0,0.0,11.3,10.8,35.75,19.45
1176,University of the Free State,South Africa,Africa,L,FO,VH,Public,21.46,,1100.5,Above 500,21.46,,Unranked,,,,Not Comparable,7.2,12.1,4.9,8.3,20.1,6.4,93.7,13.8,19.28333333333333,18.4,41.7,29.4,0.0,0.0,11.3,10.8,35.75,19.45
1177,University of Toledo,United States,Americas,L,FC,HI,Public,21.46,,1100.5,Above 500,21.46,,Unranked,,,,Not Comparable,4.2,4.5,13.8,21.6,7.7,16.3,45.4,28.8,19.28333333333333,14.5,39.9,29.4,0.0,0.0,11.3,10.8,35.75,19.45
1178,University of Tulsa,United States,Americas,S,CO,VH,Private not for Profit,21.46,,1100.5,Above 500,21.46,,Unranked,,,,Not Comparable,2.8,5.3,49.8,39.7,20.7,45.2,22.2,15.1,19.28333333333333,22.5,46.7,29.4,0.0,0.0,11.3,10.8,35.75,19.45
1179,University of Vermont,United States,Americas,L,FC,HI,Public,21.46,,1100.5,Above 500,21.46,350.5,101-500,23.27,-750.0,750.0,ARWU Higher,3.7,6.8,39.8,3.8,8.8,8.8,66.2,23.0,16.73333333333333,22.3,52.0,29.4,13.6,0.0,12.2,11.4,26.6,14.8
1180,University of Warmia and Mazury in Olsztyn,Poland,Europe,L,FC,HI,Public,21.46,,1100.5,Above 500,21.46,,Unranked,,,,Not Comparable,10.8,14.5,42.0,4.6,2.6,9.0,42.6,7.7,19.28333333333333,4.0,43.7,29.4,0.0,0.0,11.3,10.8,35.75,19.45
1181,University of Wolverhampton,United Kingdom,Europe,L,CO,HI,Public,21.46,,1100.5,Above 500,21.46,,Unranked,,,,Not Comparable,3.1,3.7,14.0,78.9,40.8,80.9,55.7,14.9,19.28333333333333,5.9,31.0,29.4,0.0,0.0,11.3,10.8,35.75,19.45
1182,University of Wyoming,United States,Americas,M,CO,VH,Public,21.46,,1100.5,Above 500,21.46,350.5,101-500,23.27,-750.0,750.0,ARWU Higher,3.6,2.3,39.4,8.1,12.6,13.5,52.0,29.6,15.43333333333333,10.6,43.4,29.4,0.0,0.0,8.6,14.4,23.3,16.9
1183,University of Zilina,Slovakia,Europe,M,FO,VH,Public,21.46,,1100.5,Above 500,21.46,,Unranked,,,,Not Comparable,6.3,7.3,59.5,12.3,5.5,14.7,25.6,13.9,19.28333333333333,5.6,36.5,29.4,0.0,0.0,11.3,10.8,35.75,19.45
1184,Utah State University,United States,Americas,L,CO,VH,Public,21.46,,1100.5,Above 500,21.46,450.5,101-500,1.32,-650.0,650.0,ARWU Higher,7.4,4.2,8.6,2.7,1.1,2.3,67.2,32.8,13.16666666666667,11.3,48.2,29.4,13.6,0.0,3.6,10.8,25.1,15.5
1185,Van Lang University,Vietnam,Asia,L,FO,HI,Private for Profit,21.46,,1100.5,Above 500,21.46,,Unranked,,,,Not Comparable,31.4,10.3,28.9,1.3,10.6,5.7,45.3,2.3,19.28333333333333,4.9,48.7,29.4,0.0,0.0,11.3,10.8,35.75,19.45
1186,Warsaw University of Life Sciences,Poland,Europe,L,FO,VH,Public,21.46,,1100.5,Above 500,21.46,,Unranked,,,,Not Comparable,8.0,7.9,23.1,11.9,2.4,15.8,67.5,14.6,19.28333333333333,7.1,42.6,29.4,0.0,0.0,11.3,10.8,35.75,19.45
1187,West Virginia University,United States,Americas,L,FC,VH,Public,21.46,,1100.5,Above 500,21.46,456.5,101-500,0.0,-644.0,644.0,ARWU Higher,6.4,7.5,15.0,8.8,8.3,6.8,66.9,28.4,11.96666666666667,21.4,44.6,29.4,0.0,0.0,0.0,7.5,28.4,13.7
1188,William & Mary,United States,Americas,M,CO,VH,Public,21.46,,1100.5,Above 500,21.46,,Unranked,,,,Not Comparable,10.0,14.9,26.4,9.0,6.0,14.7,37.9,16.2,19.28333333333333,38.6,44.4,29.4,0.0,0.0,11.3,10.8,35.75,19.45
1189,Xi'an Jiaotong-Liverpool University,China,Asia,L,CO,HI,Private not for Profit,21.46,,1100.5,Above 500,21.46,,Unranked,,,,Not Comparable,5.9,5.4,8.1,5.2,95.2,10.2,45.9,12.0,19.28333333333333,1.3,44.0,29.4,0.0,0.0,11.3,10.8,35.75,19.45
1190,Yerevan State University,Armenia,Asia,M,CO,HI,Public,21.46,,1100.5,Above 500,21.46,,Unranked,,,,Not Comparable,8.7,6.0,64.8,3.0,8.7,7.2,21.2,1.9,19.28333333333333,90.0,13.3,29.4,0.0,0.0,11.3,10.8,35.75,19.45
1191,Yokohama City University,Japan,Asia,M,FO,VH,Public,21.46,,1100.5,Above 500,21.46,,Unranked,,,,Not Comparable,3.3,3.7,96.7,6.0,7.2,10.0,15.0,19.0,19.28333333333333,3.5,14.5,29.4,0.0,0.0,11.3,10.8,35.75,19.45
1192,Yokohama National University,Japan,Asia,M,CO,VH,Public,21.46,,1100.5,Above 500,21.46,,Unranked,,,,Not Comparable,11.6,24.5,22.9,12.5,17.2,18.2,28.1,11.3,19.28333333333333,22.5,41.2,29.4,0.0,0.0,11.3,10.8,35.75,19.45
1193,Yuan Ze University,Taiwan,Asia,M,CO,VH,Private for Profit,21.46,,1100.5,Above 500,21.46,,Unranked,,,,Not Comparable,8.6,9.7,13.7,23.0,22.2,25.9,38.9,19.7,19.28333333333333,2.1,42.9,29.4,0.0,0.0,11.3,10.8,35.75,19.45
1194,ADA University,Azerbaijan,Asia,S,SP,LO,Public,7.18,,1300.5,Above 500,7.18,,Unranked,,,,Not Comparable,8.4,22.4,62.3,7.7,20.2,11.9,5.2,1.3,19.28333333333333,12.0,48.7,29.4,0.0,0.0,11.3,10.8,35.75,19.45
1195,"Ahmadu Bello University, Zaria",Nigeria,Africa,XL,CO,HI,,7.18,,1300.5,Above 500,7.18,,Unranked,,,,Not Comparable,6.3,9.4,10.0,1.4,2.0,5.8,44.1,2.2,19.28333333333333,80.8,28.0,29.4,0.0,0.0,11.3,10.8,35.75,19.45
1196,Al Zaytoonah University,Jordan,Asia,M,CO,HI,Private not for Profit,7.18,,1300.5,Above 500,7.18,,Unranked,,,,Not Comparable,5.9,7.7,4.9,52.4,26.9,48.3,16.8,8.1,19.28333333333333,5.3,14.1,29.4,0.0,0.0,11.3,10.8,35.75,19.45
1197,Al-Balqa Applied University,Jordan,Asia,L,FC,HI,Public,7.18,,1300.5,Above 500,7.18,,Unranked,,,,Not Comparable,10.2,15.4,6.0,5.2,15.2,9.2,46.0,5.8,19.28333333333333,5.5,41.8,29.4,0.0,0.0,11.3,10.8,35.75,19.45
1198,Amman Arab University,Jordan,Asia,S,FO,VH,Private not for Profit,7.18,,1300.5,Above 500,7.18,,Unranked,,,,Not Comparable,8.4,6.0,13.0,58.6,10.6,53.4,12.2,16.0,19.28333333333333,5.4,8.9,29.4,0.0,0.0,11.3,10.8,35.75,19.45
1199,Ashoka University,India,Asia,S,SP,VH,Private for Profit,7.18,,1300.5,Above 500,7.18,,Unranked,,,,Not Comparable,10.1,7.2,28.4,7.5,20.5,10.9,3.4,6.2,19.28333333333333,1.9,26.3,29.4,0.0,0.0,11.3,10.8,35.75,19.45
1200,Ataturk University,Turkey,Asia,XL,CO,VH,Public,7.18,,1300.5,Above 500,7.18,,Unranked,,,,Not Comparable,8.1,2.9,4.1,20.7,4.7,26.9,49.3,9.7,19.28333333333333,11.3,34.6,29.4,0.0,0.0,11.3,10.8,35.75,19.45
1201,Bahauddin Zakariya University,Pakistan,Asia,L,CO,VH,Public,7.18,,1300.5,Above 500,7.18,,Unranked,,,,Not Comparable,8.5,7.8,4.1,1.0,20.1,1.0,50.8,30.3,19.28333333333333,8.3,25.7,29.4,0.0,0.0,11.3,10.8,35.75,19.45
1202,Beijing Foreign Studies University,China,Asia,M,SP,VH,Public,7.18,,1300.5,Above 500,7.18,,Unranked,,,,Not Comparable,8.4,7.8,42.6,48.4,25.4,36.1,4.4,2.5,19.28333333333333,15.5,10.0,29.4,0.0,0.0,11.3,10.8,35.75,19.45
1203,Beijing University of Chinese Medicine,China,Asia,L,FO,VH,Public,7.18,,1300.5,Above 500,7.18,,Unranked,,,,Not Comparable,5.7,6.4,44.2,13.3,20.1,10.1,7.6,14.7,19.28333333333333,4.1,8.4,29.4,0.0,0.0,11.3,10.8,35.75,19.45
1204,Benemérita Universidad Autónoma de Puebla,Mexico,Americas,XL,FC,HI,Public,7.18,,1300.5,Above 500,7.18,,Unranked,,,,Not Comparable,19.9,8.0,2.4,1.7,3.6,6.1,29.1,2.9,19.28333333333333,2.3,28.9,29.4,0.0,0.0,11.3,10.8,35.75,19.45
1205,Beni-Suef University,Egypt,Africa,XL,FC,HI,Public,7.18,,1300.5,Above 500,7.18,,Unranked,,,,Not Comparable,8.7,4.1,2.1,1.6,13.7,6.0,51.5,11.1,19.28333333333333,2.8,39.8,29.4,0.0,0.0,11.3,10.8,35.75,19.45
1206,Birzeit university,Palestine,Asia,M,CO,HI,Private not for Profit,7.18,,1300.5,Above 500,7.18,,Unranked,,,,Not Comparable,12.5,8.5,6.7,7.4,17.9,5.7,20.0,5.1,19.28333333333333,38.3,12.3,29.4,0.0,0.0,11.3,10.8,35.75,19.45
1207,BRAC University,Bangladesh,Asia,L,CO,HI,Private not for Profit,7.18,,1300.5,Above 500,7.18,,Unranked,,,,Not Comparable,14.9,33.4,11.6,1.8,1.7,6.2,30.4,3.6,19.28333333333333,4.5,30.0,29.4,0.0,0.0,11.3,10.8,35.75,19.45
1208,British University in Egypt,Egypt,Africa,M,FO,VH,Private for Profit,7.18,,1300.5,Above 500,7.18,,Unranked,,,,Not Comparable,8.4,10.8,36.7,6.1,1.8,10.1,18.4,4.6,19.28333333333333,3.0,20.6,29.4,0.0,0.0,11.3,10.8,35.75,19.45
1209,Brock University,Canada,Americas,L,CO,HI,Public,7.18,,1300.5,Above 500,7.18,,Unranked,,,,Not Comparable,6.7,10.9,4.7,27.5,4.2,33.5,29.2,16.6,19.28333333333333,6.7,41.5,29.4,0.0,0.0,11.3,10.8,35.75,19.45
1210,California Polytechnic State University,United States,Americas,L,CO,HI,Public,7.18,,1300.5,Above 500,7.18,,Unranked,,,,Not Comparable,5.6,20.0,9.4,19.4,20.1,21.7,43.6,4.9,19.28333333333333,19.4,32.8,29.4,0.0,0.0,11.3,10.8,35.75,19.45
1211,Can Tho University,Vietnam,Asia,XL,CO,HI,Public,7.18,,1300.5,Above 500,7.18,,Unranked,,,,Not Comparable,10.2,6.2,3.1,1.0,65.2,5.5,36.8,4.6,19.28333333333333,6.6,39.7,29.4,0.0,0.0,11.3,10.8,35.75,19.45
1212,Canterbury Christ Church University,United Kingdom,Europe,XL,CO,MD,Public,7.18,,1300.5,Above 500,7.18,,Unranked,,,,Not Comparable,6.8,4.7,5.3,60.4,41.5,64.2,21.9,6.8,19.28333333333333,2.2,21.7,29.4,0.0,0.0,11.3,10.8,35.75,19.45
1213,Chang Jung Christian University,Taiwan,Asia,M,CO,HI,Private not for Profit,7.18,,1300.5,Above 500,7.18,,Unranked,,,,Not Comparable,8.5,4.9,57.0,9.3,8.2,12.6,6.0,2.6,19.28333333333333,2.2,34.9,29.4,0.0,0.0,11.3,10.8,35.75,19.45
1214,China University of Political Science and Law,China,Asia,L,FO,MD,Public,7.18,,1300.5,Above 500,7.18,,Unranked,,,,Not Comparable,3.5,62.2,11.1,2.2,5.0,6.8,7.9,1.5,19.28333333333333,9.6,10.2,29.4,0.0,0.0,11.3,10.8,35.75,19.45
1215,Chitkara University,India,Asia,L,CO,VH,Private not for Profit,7.18,,1300.5,Above 500,7.18,,Unranked,,,,Not Comparable,10.0,10.9,18.2,5.4,13.1,9.1,44.0,5.4,19.28333333333333,1.7,47.4,29.4,0.0,0.0,11.3,10.8,35.75,19.45
1216,Cukurova University,Turkey,Asia,XL,FC,HI,Public,7.18,,1300.5,Above 500,7.18,,Unranked,,,,Not Comparable,6.7,6.1,8.6,6.5,2.5,12.0,56.0,4.9,19.28333333333333,14.1,42.3,29.4,0.0,0.0,11.3,10.8,35.75,19.45
1217,Damascus University,Syria,Asia,XL,FC,MD,Public,7.18,,1300.5,Above 500,7.18,,Unranked,,,,Not Comparable,8.0,6.4,1.7,11.2,5.4,14.6,23.2,1.5,19.28333333333333,95.8,32.0,29.4,0.0,0.0,11.3,10.8,35.75,19.45
1218,Delta University for Science & Technology,Egypt,Africa,L,FO,HI,Private not for Profit,7.18,,1300.5,Above 500,7.18,,Unranked,,,,Not Comparable,26.2,8.8,5.7,2.4,8.5,6.6,14.0,5.1,19.28333333333333,3.2,33.1,29.4,0.0,0.0,11.3,10.8,35.75,19.45
1219,Dokuz Eylül Üniversitesi,Turkey,Asia,XL,FC,HI,Public,7.18,,1300.5,Above 500,7.18,,Unranked,,,,Not Comparable,9.5,13.8,5.9,19.4,2.7,25.6,51.6,3.5,19.28333333333333,9.2,56.8,29.4,0.0,0.0,11.3,10.8,35.75,19.45
1220,Doshisha University,Japan,Asia,L,CO,HI,Private not for Profit,7.18,,1300.5,Above 500,7.18,,Unranked,,,,Not Comparable,11.1,16.2,7.0,6.3,22.1,11.6,18.7,2.5,19.28333333333333,26.3,22.1,29.4,0.0,0.0,11.3,10.8,35.75,19.45
1221,Erciyes Üniversitesi,Turkey,Asia,XL,FC,HI,Public,7.18,,1300.5,Above 500,7.18,,Unranked,,,,Not Comparable,6.8,4.5,3.7,14.7,9.9,20.8,53.1,11.5,19.28333333333333,2.1,52.3,29.4,0.0,0.0,11.3,10.8,35.75,19.45
1222,Feng Chia University,Taiwan,Asia,L,FO,VH,Private for Profit,7.18,,1300.5,Above 500,7.18,,Unranked,,,,Not Comparable,12.3,11.8,6.4,6.8,5.6,11.0,10.1,11.7,19.28333333333333,21.0,53.9,29.4,0.0,0.0,11.3,10.8,35.75,19.45
1223,Fu Jen Catholic University,Taiwan,Asia,L,FC,HI,Private not for Profit,7.18,,1300.5,Above 500,7.18,,Unranked,,,,Not Comparable,10.6,10.8,4.5,8.1,13.2,12.5,9.3,14.9,19.28333333333333,35.8,44.5,29.4,0.0,0.0,11.3,10.8,35.75,19.45
1224,Galgotias University,India,Asia,L,CO,HI,Private not for Profit,7.18,,1300.5,Above 500,7.18,,Unranked,,,,Not Comparable,16.6,4.6,36.2,15.0,21.1,18.1,16.9,3.2,19.28333333333333,3.3,48.7,29.4,0.0,0.0,11.3,10.8,35.75,19.45
1225,German university in Cairo,Egypt,Africa,L,CO,HI,Private not for Profit,7.18,,1300.5,Above 500,7.18,,Unranked,,,,Not Comparable,11.6,21.3,9.8,1.4,17.8,1.3,20.4,3.3,19.28333333333333,5.7,9.5,29.4,0.0,0.0,11.3,10.8,35.75,19.45
1226,Gunma University,Japan,Asia,M,FO,VH,Public,7.18,,1300.5,Above 500,7.18,450.5,101-500,1.32,-850.0,850.0,ARWU Higher,3.8,2.8,89.8,5.2,5.5,8.6,10.5,9.0,12.23333333333333,1.8,15.4,29.4,0.0,0.0,7.2,7.3,22.2,16.5
1227,Hanoi University of Science and Technology,Vietnam,Asia,XL,FO,VH,Public,7.18,,1300.5,Above 500,7.18,,Unranked,,,,Not Comparable,12.3,15.9,3.3,1.5,5.7,5.8,23.3,10.0,19.28333333333333,30.8,51.3,29.4,0.0,0.0,11.3,10.8,35.75,19.45
1228,Helwan University,Egypt,Africa,XL,CO,HI,Public,7.18,,1300.5,Above 500,7.18,,Unranked,,,,Not Comparable,11.0,15.0,4.9,3.4,1.2,2.8,63.6,2.6,19.28333333333333,20.1,36.1,29.4,0.0,0.0,11.3,10.8,35.75,19.45
1229,Industrial University of Ho Chi Minh City,Vietnam,Asia,L,CO,HI,Public,7.18,,1300.5,Above 500,7.18,,Unranked,,,,Not Comparable,22.6,15.2,5.2,2.8,1.5,6.9,13.1,5.0,19.28333333333333,6.7,19.5,29.4,0.0,0.0,11.3,10.8,35.75,19.45
1230,Institut Teknologi Nasional Bandung,Indonesia,Asia,M,SP,LO,Private not for Profit,7.18,,1300.5,Above 500,7.18,,Unranked,,,,Not Comparable,22.4,5.0,13.2,1.3,3.1,5.7,3.4,1.5,19.28333333333333,2.8,26.9,29.4,0.0,0.0,11.3,10.8,35.75,19.45
1231,Instituto Tecnológico de Santo Domingo,Dominican Republic,Americas,M,FO,MD,Public,7.18,,1300.5,Above 500,7.18,,Unranked,,,,Not Comparable,1.9,6.3,36.2,5.2,22.9,9.2,7.3,2.0,19.28333333333333,49.7,17.6,29.4,0.0,0.0,11.3,10.8,35.75,19.45
1232,International Christian University,Japan,Asia,S,FO,HI,Private for Profit,7.18,,1300.5,Above 500,7.18,,Unranked,,,,Not Comparable,6.3,14.8,21.5,15.8,83.2,12.0,6.0,1.9,19.28333333333333,14.9,15.5,29.4,0.0,0.0,11.3,10.8,35.75,19.45
1233,International Islamic University Islamabad,Pakistan,Asia,L,CO,HI,Public,7.18,,1300.5,Above 500,7.18,,Unranked,,,,Not Comparable,9.3,14.3,5.0,9.6,5.7,13.2,57.9,15.5,19.28333333333333,3.3,28.8,29.4,0.0,0.0,11.3,10.8,35.75,19.45
1234,Islamic Azad University,Iran,Asia,,CO,,,7.18,,1300.5,Above 500,7.18,,Unranked,,,,Not Comparable,6.1,5.0,1.7,1.1,20.1,1.1,96.3,8.5,19.28333333333333,35.7,29.4,29.4,0.0,0.0,11.3,10.8,35.75,19.45
1235,Islamic University of Madinah,Saudi Arabia,Asia,L,FO,HI,Public,7.18,,1300.5,Above 500,7.18,,Unranked,,,,Not Comparable,8.1,3.5,7.8,100.0,46.5,100.0,19.1,3.0,19.28333333333333,2.6,7.6,29.4,0.0,0.0,11.3,10.8,35.75,19.45
1236,Islamic University of Technology,Bangladesh,Asia,S,FO,VH,Public,7.18,,1300.5,Above 500,7.18,,Unranked,,,,Not Comparable,6.5,15.2,13.9,25.5,5.6,25.5,6.0,16.2,19.28333333333333,5.0,15.2,29.4,0.0,0.0,11.3,10.8,35.75,19.45
1237,Istanbul Aydin University,Turkey,Asia,L,FO,HI,Private not for Profit,7.18,,1300.5,Above 500,7.18,,Unranked,,,,Not Comparable,8.6,6.2,19.1,68.6,13.6,71.7,10.2,2.1,19.28333333333333,2.4,32.1,29.4,0.0,0.0,11.3,10.8,35.75,19.45
1238,Ivan Franko National University of Lviv,Ukraine,Europe,L,CO,HI,Public,7.18,,1300.5,Above 500,7.18,,Unranked,,,,Not Comparable,9.6,25.3,32.8,1.6,1.3,6.0,13.3,1.7,19.28333333333333,26.1,43.1,29.4,0.0,0.0,11.3,10.8,35.75,19.45
1239,Izmir Yüksek Teknoloji Enstitüsü,Turkey,Asia,S,CO,VH,Public,7.18,,1300.5,Above 500,7.18,,Unranked,,,,Not Comparable,11.0,10.8,8.3,5.2,8.7,9.4,22.7,18.6,19.28333333333333,2.4,38.7,29.4,0.0,0.0,11.3,10.8,35.75,19.45
1240,Jahangirnagar University,Bangladesh,Asia,L,CO,HI,,7.18,,1300.5,Above 500,7.18,,Unranked,,,,Not Comparable,12.2,17.5,5.7,19.4,20.1,21.7,35.3,9.3,19.28333333333333,4.5,33.2,29.4,0.0,0.0,11.3,10.8,35.75,19.45
1241,Jeju National University,South Korea,Asia,M,FC,VH,Public,7.18,,1300.5,Above 500,7.18,,Unranked,,,,Not Comparable,5.1,3.4,44.3,9.3,9.4,13.1,23.4,13.5,19.28333333333333,1.8,53.4,29.4,0.0,0.0,11.3,10.8,35.75,19.45
1242,Kagoshima University,Japan,Asia,M,FC,VH,Public,7.18,,1300.5,Above 500,7.18,451.5,101-500,1.1,-849.0,849.0,ARWU Higher,7.8,4.7,69.6,5.0,5.1,4.0,24.0,6.1,12.43333333333334,1.6,23.0,29.4,0.0,0.0,10.3,4.9,22.1,13.5
1243,Kazakh Ablai khan University of International Relations and World Languages,Kazakhstan,Asia,M,SP,LO,Public,7.18,,1300.5,Above 500,7.18,,Unranked,,,,Not Comparable,10.4,16.7,54.1,8.7,9.9,11.8,1.3,1.0,19.28333333333333,4.2,48.7,29.4,0.0,0.0,11.3,10.8,35.75,19.45
1244,Kharkiv National University of Radio Electronics,Ukraine,Europe,M,SP,HI,Public,7.18,,1300.5,Above 500,7.18,,Unranked,,,,Not Comparable,3.2,22.5,31.1,10.7,1.8,14.9,12.9,2.2,19.28333333333333,4.7,33.3,29.4,0.0,0.0,11.3,10.8,35.75,19.45
1245,King Mongkut's Institute of Technology Ladkrabang,Thailand,Asia,L,CO,VH,Public,7.18,,1300.5,Above 500,7.18,,Unranked,,,,Not Comparable,13.5,11.4,6.3,4.2,31.2,8.5,20.2,6.1,19.28333333333333,10.7,36.7,29.4,0.0,0.0,11.3,10.8,35.75,19.45
1246,King Mongkut's University of Technology North Bangkok,Thailand,Asia,L,FO,VH,Public,7.18,,1300.5,Above 500,7.18,,Unranked,,,,Not Comparable,13.4,11.9,5.3,1.4,3.8,5.8,31.1,7.3,19.28333333333333,3.1,31.7,29.4,0.0,0.0,11.3,10.8,35.75,19.45
1247,Kwame Nkrumah University of Science and Technology,Ghana,Africa,XL,CO,HI,,7.18,,1300.5,Above 500,7.18,,Unranked,,,,Not Comparable,10.2,9.2,6.0,19.4,20.1,21.7,65.9,3.9,19.28333333333333,49.9,42.3,29.4,0.0,0.0,11.3,10.8,35.75,19.45
1248,Kyrgyz National University,Kyrgyzstan,Asia,L,CO,LO,Public,7.18,,1300.5,Above 500,7.18,,Unranked,,,,Not Comparable,14.3,12.6,28.4,14.0,2.6,16.2,4.5,1.1,19.28333333333333,51.7,48.7,29.4,0.0,0.0,11.3,10.8,35.75,19.45
1249,Kyrgyz State Technical University named after I. Razzakov,Kyrgyzstan,Asia,L,SP,LO,Public,7.18,,1300.5,Above 500,7.18,,Unranked,,,,Not Comparable,16.1,15.1,13.9,11.5,10.7,14.2,1.1,1.0,19.28333333333333,30.6,8.5,29.4,0.0,0.0,11.3,10.8,35.75,19.45
1250,Latvia University of Life Sciences and Technologies,Latvia,Europe,S,FO,VH,Public,7.18,,1300.5,Above 500,7.18,,Unranked,,,,Not Comparable,7.5,10.1,5.7,16.5,1.8,19.1,24.1,7.9,19.28333333333333,17.7,35.8,29.4,0.0,0.0,11.3,10.8,35.75,19.45
1251,Marquette University,United States,Americas,M,CO,VH,Private not for Profit,7.18,,1300.5,Above 500,7.18,,Unranked,,,,Not Comparable,3.6,3.2,28.5,5.0,8.6,10.0,31.7,15.2,19.28333333333333,27.3,30.0,29.4,0.0,0.0,11.3,10.8,35.75,19.45
1252,Meiji University,Japan,Asia,XL,FO,HI,Private for Profit,7.18,,1300.5,Above 500,7.18,,Unranked,,,,Not Comparable,9.4,24.6,5.9,8.9,14.5,13.3,12.6,2.5,19.28333333333333,29.4,29.4,29.4,0.0,0.0,11.3,10.8,35.75,19.45
1253,Miami University,United States,Americas,L,CO,HI,Public,7.18,,1300.5,Above 500,7.18,,Unranked,,,,Not Comparable,3.4,11.8,8.9,11.1,7.0,8.5,44.4,14.0,19.28333333333333,42.5,37.9,29.4,0.0,0.0,11.3,10.8,35.75,19.45
1254,Nagoya Institute of Technology,Japan,Asia,M,FO,VH,Public,7.18,,1300.5,Above 500,7.18,,Unranked,,,,Not Comparable,9.5,4.4,11.5,7.8,6.9,6.0,19.6,28.6,19.28333333333333,8.6,18.1,29.4,0.0,0.0,11.3,10.8,35.75,19.45
1255,National Chin-Yi University of Technology,Taiwan,Asia,M,FO,VH,Public,7.18,,1300.5,Above 500,7.18,,Unranked,,,,Not Comparable,13.0,16.4,8.8,20.6,3.1,21.3,15.6,12.9,19.28333333333333,2.1,40.0,29.4,0.0,0.0,11.3,10.8,35.75,19.45
1256,National Dong Hwa University,Taiwan,Asia,M,CO,HI,Public,7.18,,1300.5,Above 500,7.18,,Unranked,,,,Not Comparable,16.3,7.0,8.6,18.6,13.9,22.2,10.7,8.7,19.28333333333333,2.1,46.9,29.4,0.0,0.0,11.3,10.8,35.75,19.45
1257,National Research University Moscow Power Engineering Institute,Russia,Europe,M,FO,VH,Public,7.18,,1300.5,Above 500,7.18,,Unranked,,,,Not Comparable,6.6,8.4,21.9,54.9,6.0,55.1,15.8,2.5,19.28333333333333,17.2,16.8,29.4,0.0,0.0,11.3,10.8,35.75,19.45
1258,National Taiwan Ocean University,Taiwan,Asia,M,FO,VH,Public,7.18,,1300.5,Above 500,7.18,,Unranked,,,,Not Comparable,7.7,6.3,16.0,13.9,10.2,16.6,18.6,18.5,19.28333333333333,4.1,55.7,29.4,0.0,0.0,11.3,10.8,35.75,19.45
1259,National University of Kyiv-Mohyla Academy,Ukraine,Europe,S,FO,VH,Public,7.18,,1300.5,Above 500,7.18,,Unranked,,,,Not Comparable,5.6,26.8,57.1,1.3,2.6,5.7,6.1,1.5,19.28333333333333,29.9,16.5,29.4,0.0,0.0,11.3,10.8,35.75,19.45
1260,New Mexico State University,United States,Americas,L,CO,VH,,7.18,,1300.5,Above 500,7.18,452.5,101-500,0.88,-848.0,848.0,ARWU Higher,6.6,6.8,13.0,10.0,10.4,7.7,38.6,21.3,13.06666666666667,10.8,43.0,29.4,0.0,0.0,10.3,8.9,20.0,12.5
1261,Novosibirsk State Technical University,Russia,Europe,L,FO,VH,Public,7.18,,1300.5,Above 500,7.18,,Unranked,,,,Not Comparable,5.7,11.1,27.7,56.7,2.0,55.2,11.6,2.8,19.28333333333333,7.3,15.2,29.4,0.0,0.0,11.3,10.8,35.75,19.45
1262,Odessa I.I.Mechnikov National University,Ukraine,Europe,M,FO,HI,Public,7.18,,1300.5,Above 500,7.18,,Unranked,,,,Not Comparable,3.9,6.3,70.5,6.1,2.2,10.1,12.9,1.6,19.28333333333333,16.8,15.5,29.4,0.0,0.0,11.3,10.8,35.75,19.45
1263,"Osmania University, Hyderabad",India,Asia,M,CO,VH,Public,7.18,,1300.5,Above 500,7.18,,Unranked,,,,Not Comparable,6.0,6.2,5.0,9.3,20.1,7.1,25.2,35.1,19.28333333333333,16.3,20.5,29.4,0.0,0.0,11.3,10.8,35.75,19.45
1264,Ozyegin University,Turkey,Asia,M,FO,VH,Private not for Profit,7.18,,1300.5,Above 500,7.18,,Unranked,,,,Not Comparable,6.6,16.1,10.2,33.5,14.7,38.7,18.4,10.1,19.28333333333333,2.6,45.1,29.4,0.0,0.0,11.3,10.8,35.75,19.45
1265,Palestine Technical University - Kadoorie,Palestine,Asia,S,CO,HI,Public,7.18,,1300.5,Above 500,7.18,,Unranked,,,,Not Comparable,9.4,9.1,29.8,16.4,66.5,17.5,18.0,3.5,19.28333333333333,12.0,6.1,29.4,0.0,0.0,11.3,10.8,35.75,19.45
1266,Pondicherry University,India,Asia,M,CO,VH,Public,7.18,,1300.5,Above 500,7.18,,Unranked,,,,Not Comparable,5.1,3.4,7.4,1.6,2.3,6.0,34.7,33.4,19.28333333333333,3.2,47.1,29.4,0.0,0.0,11.3,10.8,35.75,19.45
1267,Pontificia Universidade Católica do Rio Grande do Sul,Brazil,Americas,M,FC,HI,Private not for Profit,7.18,,1300.5,Above 500,7.18,,Unranked,,,,Not Comparable,8.7,6.0,18.4,2.2,3.2,6.6,19.8,19.9,19.28333333333333,11.7,28.5,29.4,0.0,0.0,11.3,10.8,35.75,19.45
1268,Portland State University,United States,Americas,L,CO,VH,Public,7.18,,1300.5,Above 500,7.18,450.5,101-500,1.32,-850.0,850.0,ARWU Higher,4.9,2.6,14.8,10.8,2.1,8.3,42.3,15.7,12.43333333333333,16.5,47.0,29.4,0.0,0.0,10.2,7.6,19.5,13.5
1269,Pratt Institute,United States,Americas,M,FO,HI,Private not for Profit,7.18,,1300.5,Above 500,7.18,,Unranked,,,,Not Comparable,6.9,7.0,47.5,95.6,7.5,71.1,2.1,1.7,19.28333333333333,7.1,10.1,29.4,0.0,0.0,11.3,10.8,35.75,19.45
1270,Pukyong National University,South Korea,Asia,L,CO,VH,Public,7.18,,1300.5,Above 500,7.18,,Unranked,,,,Not Comparable,9.4,6.0,21.2,13.9,6.6,10.6,33.9,13.6,19.28333333333333,1.7,58.6,29.4,0.0,0.0,11.3,10.8,35.75,19.45
1271,"Queen Margaret University, Edinburgh",United Kingdom,Europe,M,FO,HI,Public,7.18,,1300.5,Above 500,7.18,,Unranked,,,,Not Comparable,4.3,6.5,6.3,67.4,68.4,70.6,3.5,19.1,19.28333333333333,1.0,18.6,29.4,0.0,0.0,11.3,10.8,35.75,19.45
1272,Riphah International University,Pakistan,Asia,L,CO,HI,Private not for Profit,7.18,,1300.5,Above 500,7.18,,Unranked,,,,Not Comparable,13.8,8.2,26.2,1.5,2.2,5.9,51.8,6.4,19.28333333333333,3.2,32.3,29.4,0.0,0.0,11.3,10.8,35.75,19.45
1273,Saint-Petersburg Electrotechnical University LETI,Russia,Europe,M,FO,VH,Public,7.18,,1300.5,Above 500,7.18,,Unranked,,,,Not Comparable,4.8,6.3,51.9,56.2,5.6,58.5,15.9,3.0,19.28333333333333,7.3,26.4,29.4,0.0,0.0,11.3,10.8,35.75,19.45
1274,Saken Seifullin Kazakh Agrotechnical University,Kazakhstan,Asia,M,FO,HI,Private not for Profit,7.18,,1300.5,Above 500,7.18,,Unranked,,,,Not Comparable,10.2,18.0,42.2,9.4,23.5,12.5,3.6,1.5,19.28333333333333,4.2,36.7,29.4,0.0,0.0,11.3,10.8,35.75,19.45
1275,Samara National Research University,Russia,Europe,M,CO,VH,Public,7.18,,1300.5,Above 500,7.18,,Unranked,,,,Not Comparable,4.0,3.7,74.6,22.3,2.9,27.1,19.5,3.2,19.28333333333333,13.2,30.6,29.4,0.0,0.0,11.3,10.8,35.75,19.45
1276,Sathyabama Institute of Science and Technology,India,Asia,L,CO,VH,Private not for Profit,7.18,,1300.5,Above 500,7.18,,Unranked,,,,Not Comparable,11.0,10.4,27.0,6.1,7.5,10.6,29.5,9.4,19.28333333333333,1.7,51.0,29.4,0.0,0.0,11.3,10.8,35.75,19.45
1277,Seattle University,United States,Americas,M,CO,HI,Private not for Profit,7.18,,1300.5,Above 500,7.18,,Unranked,,,,Not Comparable,6.6,14.0,40.5,22.1,1.7,28.3,6.0,3.2,19.28333333333333,15.3,42.5,29.4,0.0,0.0,11.3,10.8,35.75,19.45
1278,Selcuk University,Turkey,Asia,L,CO,VH,Public,7.18,,1300.5,Above 500,7.18,,Unranked,,,,Not Comparable,7.5,3.7,23.7,23.6,2.4,29.7,53.8,7.3,19.28333333333333,13.6,45.7,29.4,0.0,0.0,11.3,10.8,35.75,19.45
1279,Shanghai International Studies University,China,Asia,L,SP,VH,Public,7.18,,1300.5,Above 500,7.18,,Unranked,,,,Not Comparable,7.2,6.4,21.7,40.0,33.8,29.9,10.8,3.3,19.28333333333333,9.3,9.4,29.4,0.0,0.0,11.3,10.8,35.75,19.45
1280,Shanghai University of Finance and Economics,China,Asia,L,SP,VH,Public,7.18,,1300.5,Above 500,7.18,,Unranked,,,,Not Comparable,5.8,15.1,12.2,3.6,20.4,8.7,14.1,9.9,19.28333333333333,48.0,32.0,29.4,0.0,0.0,11.3,10.8,35.75,19.45
1281,Shinshu University,Japan,Asia,M,FC,VH,Public,7.18,,1300.5,Above 500,7.18,,Unranked,,,,Not Comparable,4.7,4.9,39.9,4.7,6.8,8.8,25.2,20.2,19.28333333333333,3.4,24.6,29.4,0.0,0.0,11.3,10.8,35.75,19.45
1282,Shiv Nadar University,India,Asia,S,CO,VH,Private for Profit,7.18,,1300.5,Above 500,7.18,,Unranked,,,,Not Comparable,7.5,6.1,42.1,3.2,17.4,7.3,13.5,20.8,19.28333333333333,1.8,30.4,29.4,0.0,0.0,11.3,10.8,35.75,19.45
1283,"Siksha ‘O' Anusandhan, SOA",India,Asia,L,FO,VH,Private not for Profit,7.18,,1300.5,Above 500,7.18,,Unranked,,,,Not Comparable,8.2,5.5,41.6,4.0,3.2,8.2,28.7,11.4,19.28333333333333,1.7,35.8,29.4,0.0,0.0,11.3,10.8,35.75,19.45
1284,Slovak University of Agriculture in Nitra,Slovakia,Europe,S,SP,HI,Public,7.18,,1300.5,Above 500,7.18,,Unranked,,,,Not Comparable,8.9,10.6,36.7,8.9,8.8,12.3,28.5,15.5,19.28333333333333,5.7,24.9,29.4,0.0,0.0,11.3,10.8,35.75,19.45
1285,Sookmyung Women's University,South Korea,Asia,M,CO,HI,Private for Profit,7.18,,1300.5,Above 500,7.18,,Unranked,,,,Not Comparable,6.9,9.7,46.8,5.0,4.8,9.3,6.1,4.9,19.28333333333333,1.9,39.8,29.4,0.0,0.0,11.3,10.8,35.75,19.45
1286,Suranaree University of Technology,Thailand,Asia,L,FC,HI,Public,7.18,,1300.5,Above 500,7.18,,Unranked,,,,Not Comparable,10.2,6.5,5.9,2.4,7.4,6.7,27.3,16.7,19.28333333333333,3.2,44.6,29.4,0.0,0.0,11.3,10.8,35.75,19.45
1287,Taibah University,Saudi Arabia,Asia,XL,FC,HI,Public,7.18,,1300.5,Above 500,7.18,,Unranked,,,,Not Comparable,9.2,4.3,7.6,3.6,90.6,8.2,38.0,7.4,19.28333333333333,2.5,32.5,29.4,0.0,0.0,11.3,10.8,35.75,19.45
1288,Tamkang University,Taiwan,Asia,L,CO,HI,Private for Profit,7.18,,1300.5,Above 500,7.18,,Unranked,,,,Not Comparable,7.8,9.9,5.2,11.6,8.0,16.4,24.6,11.0,19.28333333333333,35.6,45.7,29.4,0.0,0.0,11.3,10.8,35.75,19.45
1289,Tanta University,Egypt,Africa,XL,FC,HI,Public,7.18,,1300.5,Above 500,7.18,,Unranked,,,,Not Comparable,7.7,9.8,7.2,3.0,1.5,7.3,73.3,4.0,19.28333333333333,5.7,48.1,29.4,0.0,0.0,11.3,10.8,35.75,19.45
1290,Tashkent State Transport University,Uzbekistan,Asia,L,FO,HI,Public,7.18,,1300.5,Above 500,7.18,,Unranked,,,,Not Comparable,19.3,10.8,24.7,2.3,3.5,6.5,2.0,1.3,19.28333333333333,9.2,30.1,29.4,0.0,0.0,11.3,10.8,35.75,19.45
1291,Technical University of Cluj-Napoca,Romania,Europe,L,SP,VH,Public,7.18,,1300.5,Above 500,7.18,,Unranked,,,,Not Comparable,5.8,10.7,10.5,5.6,4.0,10.1,46.5,8.2,19.28333333333333,5.1,42.1,29.4,0.0,0.0,11.3,10.8,35.75,19.45
1292,Technical University of Liberec,Czechia,Europe,M,CO,VH,Public,7.18,,1300.5,Above 500,7.18,,Unranked,,,,Not Comparable,5.6,5.0,43.9,14.9,15.6,18.7,28.5,9.3,19.28333333333333,2.5,15.7,29.4,0.0,0.0,11.3,10.8,35.75,19.45
1293,Technische Universität Kaiserslautern,Germany,Europe,L,CO,VH,,7.18,,1300.5,Above 500,7.18,,Unranked,,,,Not Comparable,8.6,6.0,22.2,19.4,20.1,21.7,63.4,7.5,19.28333333333333,5.4,48.7,29.4,0.0,0.0,11.3,10.8,35.75,19.45
1294,Tecnológico de Costa Rica,Costa Rica,Americas,M,FO,HI,Public,7.18,,1300.5,Above 500,7.18,,Unranked,,,,Not Comparable,11.2,24.9,23.2,3.0,9.7,7.3,11.1,2.1,19.28333333333333,11.6,17.8,29.4,0.0,0.0,11.3,10.8,35.75,19.45
1295,"The ""Gheorghe Asachi"" Technical University of Iasi",Romania,Europe,L,SP,VH,Public,7.18,,1300.5,Above 500,7.18,,Unranked,,,,Not Comparable,6.5,14.5,3.8,8.6,20.1,6.6,49.3,10.0,19.28333333333333,5.3,22.7,29.4,0.0,0.0,11.3,10.8,35.75,19.45
1296,The Russian Presidential Academy of National Economy and Public Administration,Russia,Europe,XL,FO,VH,Public,7.18,,1300.5,Above 500,7.18,,Unranked,,,,Not Comparable,5.6,14.9,48.4,4.6,2.1,9.3,21.8,1.2,19.28333333333333,53.7,14.3,29.4,0.0,0.0,11.3,10.8,35.75,19.45
1297,The University of Northampton,United Kingdom,Europe,L,CO,MD,Public,7.18,,1300.5,Above 500,7.18,,Unranked,,,,Not Comparable,3.4,3.9,6.4,93.4,51.5,93.9,16.8,4.4,19.28333333333333,5.9,19.0,29.4,0.0,0.0,11.3,10.8,35.75,19.45
1298,"The University of Notre Dame, Australia",Australia,Oceania,M,FC,HI,Private not for Profit,7.18,,1300.5,Above 500,7.18,,Unranked,,,,Not Comparable,3.4,5.9,6.3,21.9,53.7,28.0,11.5,10.2,19.28333333333333,1.7,34.1,29.4,0.0,0.0,11.3,10.8,35.75,19.45
1299,Tishk International University,Iraq,Asia,M,CO,HI,Private for Profit,7.18,,1300.5,Above 500,7.18,,Unranked,,,,Not Comparable,13.4,4.0,8.0,1.6,74.2,5.9,33.5,11.8,19.28333333333333,5.9,17.3,29.4,0.0,0.0,11.3,10.8,35.75,19.45
1300,Tokai University,Japan,Asia,L,FC,HI,Private not for Profit,7.18,,1300.5,Above 500,7.18,,Unranked,,,,Not Comparable,12.8,9.0,18.1,5.3,7.7,4.2,28.8,5.4,19.28333333333333,3.4,34.4,29.4,0.0,0.0,11.3,10.8,35.75,19.45
1301,Tokushima University,Japan,Asia,M,SP,VH,Public,7.18,,1300.5,Above 500,7.18,,Unranked,,,,Not Comparable,5.4,3.2,70.1,3.8,3.3,7.8,18.2,10.2,19.28333333333333,6.4,23.3,29.4,0.0,0.0,11.3,10.8,35.75,19.45
1302,Tomas Bata University in Zlin,Czechia,Europe,M,CO,HI,Public,7.18,,1300.5,Above 500,7.18,,Unranked,,,,Not Comparable,6.1,10.3,13.6,30.7,33.1,35.5,31.2,11.1,19.28333333333333,5.1,26.2,29.4,0.0,0.0,11.3,10.8,35.75,19.45
1303,Transilvania University of Brasov,Romania,Europe,L,FC,HI,Public,7.18,,1300.5,Above 500,7.18,,Unranked,,,,Not Comparable,9.0,10.2,8.4,3.8,5.0,8.9,69.6,7.1,19.28333333333333,5.3,32.2,29.4,0.0,0.0,11.3,10.8,35.75,19.45
1304,Tunghai University,Taiwan,Asia,L,FO,VH,Private for Profit,7.18,,1300.5,Above 500,7.18,,Unranked,,,,Not Comparable,10.1,9.2,6.7,17.8,13.5,21.7,28.2,13.1,19.28333333333333,21.9,47.5,29.4,0.0,0.0,11.3,10.8,35.75,19.45
1305,UCAM Universidad Católica San Antonio de Murcia,Spain,Europe,L,FO,VH,,7.18,,1300.5,Above 500,7.18,,Unranked,,,,Not Comparable,9.6,5.6,9.9,43.8,14.6,49.0,23.9,7.5,19.28333333333333,1.8,41.4,29.4,0.0,0.0,11.3,10.8,35.75,19.45
1306,Universidad Autónoma Chapingo,Mexico,Americas,M,FO,VH,Public,7.18,,1300.5,Above 500,7.18,,Unranked,,,,Not Comparable,4.1,4.2,77.6,1.3,8.7,1.2,6.4,2.1,19.28333333333333,13.0,16.8,29.4,0.0,0.0,11.3,10.8,35.75,19.45
1307,Universidad Autónoma de Guadalajara,Mexico,Americas,M,FC,MD,Private for Profit,7.18,,1300.5,Above 500,7.18,,Unranked,,,,Not Comparable,10.3,5.2,28.7,23.6,45.7,17.8,2.4,1.2,19.28333333333333,2.1,7.3,29.4,0.0,0.0,11.3,10.8,35.75,19.45
1308,Universidad Autónoma de Nuevo León,Mexico,Americas,XL,FC,HI,Public,7.18,,1300.5,Above 500,7.18,,Unranked,,,,Not Comparable,20.9,10.7,3.1,1.3,4.0,1.2,39.1,2.9,19.28333333333333,18.4,43.7,29.4,0.0,0.0,11.3,10.8,35.75,19.45
1309,Universidad Autónoma del Estado de Hidalgo,Mexico,Americas,XL,FC,MD,Public,7.18,,1300.5,Above 500,7.18,,Unranked,,,,Not Comparable,3.6,8.3,51.7,2.9,2.6,7.2,13.3,1.9,19.28333333333333,2.3,41.8,29.4,0.0,0.0,11.3,10.8,35.75,19.45
1310,Universidad Autónoma del Estado de México,Mexico,Americas,XL,FC,MD,Public,7.18,,1300.5,Above 500,7.18,,Unranked,,,,Not Comparable,23.0,12.8,7.5,1.7,3.9,6.1,15.6,2.0,19.28333333333333,2.1,39.8,29.4,0.0,0.0,11.3,10.8,35.75,19.45
1311,Universidad Católica del Norte,Chile,Americas,M,FC,HI,Private not for Profit,7.18,,1300.5,Above 500,7.18,,Unranked,,,,Not Comparable,5.7,5.0,10.9,8.5,21.9,6.5,45.0,9.3,19.28333333333333,2.5,53.0,29.4,0.0,0.0,11.3,10.8,35.75,19.45
1312,Universidad Central Marta Abreu de Las Villas,Cuba,Americas,M,CO,HI,Public,7.18,,1300.5,Above 500,7.18,,Unranked,,,,Not Comparable,4.8,2.0,99.9,1.6,1.1,1.4,9.4,1.6,19.28333333333333,26.5,10.2,29.4,0.0,0.0,11.3,10.8,35.75,19.45
1313,Universidad Cientifica del Sur,Peru,Americas,L,FC,MD,Private for Profit,7.18,,1300.5,Above 500,7.18,,Unranked,,,,Not Comparable,6.1,6.8,68.3,1.3,4.2,5.7,14.8,1.7,19.28333333333333,4.8,30.1,29.4,0.0,0.0,11.3,10.8,35.75,19.45
1314,Universidad de la Frontera,Chile,Americas,M,CO,VH,Public,7.18,,1300.5,Above 500,7.18,,Unranked,,,,Not Comparable,14.4,7.5,6.5,1.7,3.1,1.5,44.0,19.2,19.28333333333333,2.7,32.3,29.4,0.0,0.0,11.3,10.8,35.75,19.45
1315,Universidad de Las Américas Ecuador,Ecuador,Americas,L,CO,HI,Private not for Profit,7.18,,1300.5,Above 500,7.18,,Unranked,,,,Not Comparable,14.4,8.4,21.1,5.0,24.7,9.2,18.3,2.6,19.28333333333333,7.0,30.9,29.4,0.0,0.0,11.3,10.8,35.75,19.45
1316,Universidad de Lima,Peru,Americas,L,SP,HI,Private not for Profit,7.18,,1300.5,Above 500,7.18,,Unranked,,,,Not Comparable,14.1,31.8,6.8,3.7,3.7,8.1,11.3,1.7,19.28333333333333,30.3,33.9,29.4,0.0,0.0,11.3,10.8,35.75,19.45
1317,Universidad de los Andes Mérida,Venezuela,Americas,L,FC,MD,Public,7.18,,1300.5,Above 500,7.18,,Unranked,,,,Not Comparable,20.2,12.7,26.3,2.0,1.5,6.3,19.3,1.6,19.28333333333333,22.4,32.0,29.4,0.0,0.0,11.3,10.8,35.75,19.45
1318,Universidad de Monterrey,Mexico,Americas,M,FO,HI,Private not for Profit,7.18,,1300.5,Above 500,7.18,,Unranked,,,,Not Comparable,19.8,15.4,8.7,6.8,18.2,5.3,9.2,2.4,19.28333333333333,6.4,32.5,29.4,0.0,0.0,11.3,10.8,35.75,19.45
1319,Universidad de Valparaíso,Chile,Americas,L,FC,HI,Public,7.18,,1300.5,Above 500,7.18,,Unranked,,,,Not Comparable,15.5,8.4,12.8,2.9,8.6,2.4,34.3,5.0,19.28333333333333,4.8,39.7,29.4,0.0,0.0,11.3,10.8,35.75,19.45
1320,Universidad del Desarrollo,Chile,Americas,L,CO,HI,Private not for Profit,7.18,,1300.5,Above 500,7.18,,Unranked,,,,Not Comparable,11.8,15.7,15.7,3.3,10.6,7.6,18.3,4.0,19.28333333333333,6.8,47.5,29.4,0.0,0.0,11.3,10.8,35.75,19.45
1321,Universidad del Norte,Colombia,Americas,M,FC,HI,Private not for Profit,7.18,,1300.5,Above 500,7.18,,Unranked,,,,Not Comparable,13.2,14.3,12.7,1.7,8.5,6.0,27.1,6.0,19.28333333333333,10.8,44.2,29.4,0.0,0.0,11.3,10.8,35.75,19.45
1322,Universidad del Valle de Guatemala,Guatemala,Americas,M,CO,MD,Private not for Profit,7.18,,1300.5,Above 500,7.18,,Unranked,,,,Not Comparable,6.5,11.0,61.9,3.2,9.4,7.4,5.6,1.4,19.28333333333333,15.3,11.0,29.4,0.0,0.0,11.3,10.8,35.75,19.45
1323,Universidad Industrial de Santander,Colombia,Americas,L,FC,MD,Public,7.18,,1300.5,Above 500,7.18,,Unranked,,,,Not Comparable,12.7,17.6,5.8,2.0,6.0,6.3,18.5,3.4,19.28333333333333,13.3,28.5,29.4,0.0,0.0,11.3,10.8,35.75,19.45
1324,Universidad Jesuita de Guadalajara - ITESO,Mexico,Americas,M,FO,MD,Private not for Profit,7.18,,1300.5,Above 500,7.18,,Unranked,,,,Not Comparable,9.3,7.8,84.6,2.5,3.8,2.1,3.7,1.2,19.28333333333333,2.3,21.8,29.4,0.0,0.0,11.3,10.8,35.75,19.45
1325,Universidad Nacional Costa Rica,Costa Rica,Americas,L,CO,MD,Public,7.18,,1300.5,Above 500,7.18,,Unranked,,,,Not Comparable,13.5,18.4,17.5,4.1,13.1,3.3,16.8,2.2,19.28333333333333,11.4,23.3,29.4,0.0,0.0,11.3,10.8,35.75,19.45
1326,Universidad Nacional de Asunción,Paraguay,Americas,XL,FC,MD,Public,7.18,,1300.5,Above 500,7.18,,Unranked,,,,Not Comparable,7.6,5.5,43.1,2.7,1.5,7.0,13.1,1.2,19.28333333333333,73.8,28.8,29.4,0.0,0.0,11.3,10.8,35.75,19.45
1327,Universidad Nacional de Cuyo,Argentina,Americas,XL,FC,HI,Public,7.18,,1300.5,Above 500,7.18,,Unranked,,,,Not Comparable,17.8,10.7,23.9,11.6,2.1,8.9,26.5,2.8,19.28333333333333,14.8,43.7,29.4,0.0,0.0,11.3,10.8,35.75,19.45
1328,Universidad Nacional de Ingeniería Peru,Peru,Americas,L,FO,HI,,7.18,,1300.5,Above 500,7.18,,Unranked,,,,Not Comparable,11.2,31.2,10.2,1.4,1.3,5.8,7.1,2.0,19.28333333333333,27.5,10.5,29.4,0.0,0.0,11.3,10.8,35.75,19.45
1329,Universidad Nacional de San Luis,Argentina,Americas,L,FO,HI,Public,7.18,,1300.5,Above 500,7.18,,Unranked,,,,Not Comparable,3.9,2.0,84.8,19.4,20.1,21.7,10.1,1.4,19.28333333333333,1.5,18.0,29.4,0.0,0.0,11.3,10.8,35.75,19.45
1330,Universidad Nacional del Centro de la Provincia de Buenos Aires,Argentina,Americas,L,FC,MD,Public,7.18,,1300.5,Above 500,7.18,,Unranked,,,,Not Comparable,6.3,6.3,81.4,19.4,20.1,21.7,7.7,1.8,19.28333333333333,1.5,20.5,29.4,0.0,0.0,11.3,10.8,35.75,19.45
1331,Universidad Nacional del Litoral,Argentina,Americas,XL,CO,HI,Public,7.18,,1300.5,Above 500,7.18,,Unranked,,,,Not Comparable,18.1,10.1,3.1,1.5,6.6,1.4,26.8,4.1,19.28333333333333,7.1,41.0,29.4,0.0,0.0,11.3,10.8,35.75,19.45
1332,Universidad Peruana de Ciencias Aplicadas,Peru,Americas,XL,FO,HI,Private not for Profit,7.18,,1300.5,Above 500,7.18,,Unranked,,,,Not Comparable,17.8,26.8,4.7,2.1,17.1,1.8,10.1,1.4,19.28333333333333,4.8,32.0,29.4,0.0,0.0,11.3,10.8,35.75,19.45
1333,Universidad Tecnológica de Panamá,Panama,Americas,L,CO,MD,Public,7.18,,1300.5,Above 500,7.18,,Unranked,,,,Not Comparable,9.5,19.9,38.2,8.0,4.9,12.0,5.2,1.2,19.28333333333333,7.3,24.5,29.4,0.0,0.0,11.3,10.8,35.75,19.45
1334,Universidad Tecnológica Nacional,Argentina,Americas,XL,SP,HI,Public,7.18,,1300.5,Above 500,7.18,,Unranked,,,,Not Comparable,5.2,19.2,56.6,3.8,20.1,3.1,10.9,1.2,19.28333333333333,9.2,19.1,29.4,0.0,0.0,11.3,10.8,35.75,19.45
1335,Universidade do Estado do Rio de Janeiro,Brazil,Americas,XL,FC,HI,Public,7.18,,1300.5,Above 500,7.18,,Unranked,,,,Not Comparable,13.2,6.5,22.6,1.4,4.8,1.3,48.0,4.0,19.28333333333333,22.6,31.8,29.4,0.0,0.0,11.3,10.8,35.75,19.45
1336,Universidade Federal da Bahia,Brazil,Americas,XL,FC,HI,Public,7.18,,1300.5,Above 500,7.18,,Unranked,,,,Not Comparable,13.5,5.0,11.8,2.0,6.9,1.8,48.7,5.7,19.28333333333333,20.6,41.4,29.4,0.0,0.0,11.3,10.8,35.75,19.45
1337,Universidade Federal de Pernambuco,Brazil,Americas,XL,FC,HI,Public,7.18,,1300.5,Above 500,7.18,,Unranked,,,,Not Comparable,16.0,4.4,20.3,1.4,4.8,5.9,58.3,7.6,19.28333333333333,6.8,36.1,29.4,0.0,0.0,11.3,10.8,35.75,19.45
1338,Universidade Federal de Viçosa,Brazil,Americas,L,FC,HI,Public,7.18,,1300.5,Above 500,7.18,,Unranked,,,,Not Comparable,6.8,4.3,17.4,3.7,3.4,8.1,26.5,16.2,19.28333333333333,5.7,49.6,29.4,0.0,0.0,11.3,10.8,35.75,19.45
1339,Universidade Federal do Ceará,Brazil,Americas,XL,FC,HI,Public,7.18,,1300.5,Above 500,7.18,,Unranked,,,,Not Comparable,11.3,4.8,7.9,1.7,1.5,6.1,41.7,10.1,19.28333333333333,8.0,36.2,29.4,0.0,0.0,11.3,10.8,35.75,19.45
1340,Universidade Federal Fluminense,Brazil,Americas,XL,FC,HI,Public,7.18,,1300.5,Above 500,7.18,,Unranked,,,,Not Comparable,12.5,3.1,17.4,1.3,8.8,5.8,57.0,6.4,19.28333333333333,17.6,55.7,29.4,0.0,0.0,11.3,10.8,35.75,19.45
1341,Universidade Presbiteriana Mackenzie,Brazil,Americas,M,CO,HI,Private not for Profit,7.18,,1300.5,Above 500,7.18,,Unranked,,,,Not Comparable,5.8,12.6,19.5,1.1,2.3,5.6,13.8,3.8,19.28333333333333,56.4,18.1,29.4,0.0,0.0,11.3,10.8,35.75,19.45
1342,Universita' degli Studi di Urbino Carlo Bo,Italy,Europe,L,FO,VH,Public,7.18,,1300.5,Above 500,7.18,,Unranked,,,,Not Comparable,6.8,2.8,3.0,9.1,22.6,14.2,28.5,14.5,19.28333333333333,13.8,27.3,29.4,0.0,0.0,11.3,10.8,35.75,19.45
1343,Universitas Muhammadiyah Yogyakarta,Indonesia,Asia,L,FO,HI,Private not for Profit,7.18,,1300.5,Above 500,7.18,,Unranked,,,,Not Comparable,10.9,4.2,4.8,3.9,82.5,8.3,8.3,2.2,19.28333333333333,2.7,37.9,29.4,0.0,0.0,11.3,10.8,35.75,19.45
1344,Universitas Negeri Yogyakarta,Indonesia,Asia,L,CO,HI,Public,7.18,,1300.5,Above 500,7.18,,Unranked,,,,Not Comparable,17.4,6.7,12.2,2.8,18.8,7.2,10.8,2.0,19.28333333333333,2.8,32.5,29.4,0.0,0.0,11.3,10.8,35.75,19.45
1345,Universitas Pendidikan Indonesia,Indonesia,Asia,XL,CO,HI,Public,7.18,,1300.5,Above 500,7.18,,Unranked,,,,Not Comparable,17.4,5.7,16.2,2.5,17.6,7.1,20.0,2.2,19.28333333333333,2.7,43.1,29.4,0.0,0.0,11.3,10.8,35.75,19.45
1346,Universitas Trisakti,Indonesia,Asia,M,FO,VH,Private not for Profit,7.18,,1300.5,Above 500,7.18,,Unranked,,,,Not Comparable,14.3,5.8,29.0,1.3,3.0,5.7,4.1,1.5,19.28333333333333,41.1,33.3,29.4,0.0,0.0,11.3,10.8,35.75,19.45
1347,Universität Siegen,Germany,Europe,L,CO,HI,Public,7.18,,1300.5,Above 500,7.18,,Unranked,,,,Not Comparable,5.4,1.2,15.4,37.3,53.9,42.9,42.0,10.2,19.28333333333333,4.9,29.2,29.4,0.0,0.0,11.3,10.8,35.75,19.45
1348,Université de Caen Normandie,France,Europe,L,FC,HI,Public,7.18,,1300.5,Above 500,7.18,,Unranked,,,,Not Comparable,11.3,5.2,9.2,11.4,11.0,8.7,76.4,10.3,19.28333333333333,6.6,35.8,29.4,0.0,0.0,11.3,10.8,35.75,19.45
1349,Université de Limoges,France,Europe,M,SP,VH,,7.18,,1300.5,Above 500,7.18,,Unranked,,,,Not Comparable,8.9,5.5,22.4,19.4,20.1,21.7,55.9,9.1,19.28333333333333,3.6,29.6,29.4,0.0,0.0,11.3,10.8,35.75,19.45
1350,Université de Poitiers,France,Europe,L,CO,VH,Public,7.18,,1300.5,Above 500,7.18,,Unranked,,,,Not Comparable,11.1,1.2,7.6,38.9,20.1,29.1,74.6,8.5,19.28333333333333,13.6,39.3,29.4,0.0,0.0,11.3,10.8,35.75,19.45
1351,Université de Sousse,Tunisia,Africa,L,FC,HI,Public,7.18,,1300.5,Above 500,7.18,,Unranked,,,,Not Comparable,6.4,3.9,51.8,3.7,1.2,7.9,36.6,2.9,19.28333333333333,9.4,44.1,29.4,0.0,0.0,11.3,10.8,35.75,19.45
1352,Université de Tunis,Tunisia,Africa,L,FO,VH,Public,7.18,,1300.5,Above 500,7.18,,Unranked,,,,Not Comparable,11.3,5.8,28.3,2.8,2.5,7.1,17.4,3.0,19.28333333333333,58.5,29.6,29.4,0.0,0.0,11.3,10.8,35.75,19.45
1353,Université Ibn Tofail,Morocco,Africa,XL,CO,HI,Public,7.18,,1300.5,Above 500,7.18,,Unranked,,,,Not Comparable,14.6,3.1,1.5,4.2,27.0,9.1,28.6,12.0,19.28333333333333,5.0,36.8,29.4,0.0,0.0,11.3,10.8,35.75,19.45
1354,Université Jean Moulin Lyon 3,France,Europe,L,SP,VH,Public,7.18,,1300.5,Above 500,7.18,,Unranked,,,,Not Comparable,11.2,11.4,2.4,44.1,27.0,49.2,11.8,4.3,19.28333333333333,5.9,25.4,29.4,0.0,0.0,11.3,10.8,35.75,19.45
1355,Université Mohammed V de Rabat,Morocco,Africa,XL,CO,VH,Public,7.18,,1300.5,Above 500,7.18,,Unranked,,,,Not Comparable,4.8,3.1,2.4,5.7,4.7,11.1,75.6,9.5,19.28333333333333,75.8,42.6,29.4,0.0,0.0,11.3,10.8,35.75,19.45
1356,Université Paris-Nanterre,France,Europe,XL,FO,VH,Public,7.18,,1300.5,Above 500,7.18,,Unranked,,,,Not Comparable,14.6,4.7,4.7,2.1,11.7,1.8,60.0,4.0,19.28333333333333,44.3,39.8,29.4,0.0,0.0,11.3,10.8,35.75,19.45
1357,Université Paul-Valéry Montpellier 3,France,Europe,L,FO,VH,Public,7.18,,1300.5,Above 500,7.18,,Unranked,,,,Not Comparable,14.9,6.1,4.0,45.3,6.8,33.9,50.9,8.7,19.28333333333333,2.4,36.3,29.4,0.0,0.0,11.3,10.8,35.75,19.45
1358,Universiti Kuala Lumpur,Malaysia,Asia,L,FC,HI,Private for Profit,7.18,,1300.5,Above 500,7.18,,Unranked,,,,Not Comparable,9.9,10.8,33.8,5.0,7.1,9.8,18.1,4.1,19.28333333333333,5.1,23.2,29.4,0.0,0.0,11.3,10.8,35.75,19.45
1359,Universiti Malaysia Kelantan,Malaysia,Asia,M,CO,VH,Public,7.18,,1300.5,Above 500,7.18,,Unranked,,,,Not Comparable,9.5,3.6,7.1,14.2,17.0,16.4,25.5,10.6,19.28333333333333,5.1,47.9,29.4,0.0,0.0,11.3,10.8,35.75,19.45
1360,Universiti Teknikal Malaysia Melaka,Malaysia,Asia,M,SP,VH,Public,7.18,,1300.5,Above 500,7.18,,Unranked,,,,Not Comparable,10.3,11.2,18.0,10.7,5.4,13.9,34.7,11.4,19.28333333333333,5.2,36.4,29.4,0.0,0.0,11.3,10.8,35.75,19.45
1361,University of Babylon,Iraq,Asia,L,FC,HI,Public,7.18,,1300.5,Above 500,7.18,,Unranked,,,,Not Comparable,7.7,25.9,19.6,1.2,1.3,1.1,36.6,3.7,19.28333333333333,5.8,29.8,29.4,0.0,0.0,11.3,10.8,35.75,19.45
1362,University of Basrah,Iraq,Asia,XL,FC,HI,Public,7.18,,1300.5,Above 500,7.18,,Unranked,,,,Not Comparable,9.1,26.6,18.7,1.0,20.1,1.0,34.7,2.2,19.28333333333333,14.2,20.0,29.4,0.0,0.0,11.3,10.8,35.75,19.45
1363,University of Derby,United Kingdom,Europe,L,CO,HI,Public,7.18,,1300.5,Above 500,7.18,,Unranked,,,,Not Comparable,5.4,7.5,12.0,49.9,40.8,54.6,42.8,10.9,19.28333333333333,2.2,34.0,29.4,0.0,0.0,11.3,10.8,35.75,19.45
1364,University of International Business and Economics,China,Asia,L,SP,VH,Public,7.18,,1300.5,Above 500,7.18,,Unranked,,,,Not Comparable,3.3,5.1,16.5,43.3,8.6,32.4,8.2,8.4,19.28333333333333,21.2,29.8,29.4,0.0,0.0,11.3,10.8,35.75,19.45
1365,University of Kerbala,Iraq,Asia,L,FC,HI,Public,7.18,,1300.5,Above 500,7.18,,Unranked,,,,Not Comparable,12.8,14.8,35.3,1.9,2.1,1.7,13.9,2.0,19.28333333333333,5.6,21.3,29.4,0.0,0.0,11.3,10.8,35.75,19.45
1366,University of Khartoum,Sudan,Africa,L,FO,HI,Public,7.18,,1300.5,Above 500,7.18,,Unranked,,,,Not Comparable,8.9,6.9,8.2,2.1,20.1,1.8,53.5,5.1,19.28333333333333,84.9,23.3,29.4,0.0,0.0,11.3,10.8,35.75,19.45
1367,University of Kufa,Iraq,Asia,XL,FC,HI,Public,7.18,,1300.5,Above 500,7.18,,Unranked,,,,Not Comparable,7.4,33.3,31.7,1.0,20.1,1.0,26.3,2.1,19.28333333333333,5.7,15.6,29.4,0.0,0.0,11.3,10.8,35.75,19.45
1368,"University of Management and Technology, Pakistan",Pakistan,Asia,L,CO,HI,Private not for Profit,7.18,,1300.5,Above 500,7.18,,Unranked,,,,Not Comparable,7.2,10.9,17.6,1.7,1.9,6.0,54.4,9.4,19.28333333333333,3.3,46.6,29.4,0.0,0.0,11.3,10.8,35.75,19.45
1369,University of Memphis,United States,Americas,L,CO,VH,Public,7.18,,1300.5,Above 500,7.18,,Unranked,,,,Not Comparable,4.1,4.1,18.6,19.4,2.5,14.7,41.9,13.9,19.28333333333333,15.0,35.1,29.4,0.0,0.0,11.3,10.8,35.75,19.45
1370,University of Miskolc,Hungary,Europe,M,FO,VH,Private not for Profit,7.18,,1300.5,Above 500,7.18,,Unranked,,,,Not Comparable,9.0,10.3,20.4,6.4,3.0,5.0,24.5,4.7,19.28333333333333,16.3,27.8,29.4,0.0,0.0,11.3,10.8,35.75,19.45
1371,University of Mosul,Iraq,Asia,XL,FC,HI,Public,7.18,,1300.5,Above 500,7.18,,Unranked,,,,Not Comparable,7.3,12.9,23.4,1.3,1.0,5.7,30.2,1.7,19.28333333333333,28.8,26.4,29.4,0.0,0.0,11.3,10.8,35.75,19.45
1372,University of North Carolina at Greensboro,United States,Americas,L,FO,VH,Public,7.18,,1300.5,Above 500,7.18,,Unranked,,,,Not Comparable,3.6,4.5,12.2,4.3,10.3,3.4,49.6,15.1,19.28333333333333,5.0,32.8,29.4,0.0,0.0,11.3,10.8,35.75,19.45
1373,University of Novi Sad,Serbia,Europe,XL,FC,HI,Public,7.18,,1300.5,Above 500,7.18,,Unranked,,,,Not Comparable,12.5,6.5,10.5,19.4,20.1,21.7,82.1,6.9,19.28333333333333,30.7,31.2,29.4,0.0,0.0,11.3,10.8,35.75,19.45
1374,University of Ostrava,Czechia,Europe,M,FC,HI,Public,7.18,,1300.5,Above 500,7.18,,Unranked,,,,Not Comparable,8.0,2.9,20.5,32.2,34.6,24.2,28.9,5.9,19.28333333333333,5.0,24.2,29.4,0.0,0.0,11.3,10.8,35.75,19.45
1375,University of Pannonia,Hungary,Europe,S,FO,VH,Public,7.18,,1300.5,Above 500,7.18,,Unranked,,,,Not Comparable,6.1,7.3,33.3,7.2,5.8,5.6,55.5,14.9,19.28333333333333,5.0,23.4,29.4,0.0,0.0,11.3,10.8,35.75,19.45
1376,University of Pardubice,Czechia,Europe,M,CO,VH,Public,7.18,,1300.5,Above 500,7.18,,Unranked,,,,Not Comparable,5.2,5.2,47.8,15.5,12.3,19.7,36.2,5.8,19.28333333333333,2.5,15.8,29.4,0.0,0.0,11.3,10.8,35.75,19.45
1377,University of Peradeniya,Sri Lanka,Asia,L,CO,HI,Public,7.18,,1300.5,Above 500,7.18,,Unranked,,,,Not Comparable,10.4,13.6,14.3,1.6,20.1,6.0,39.5,3.7,19.28333333333333,17.7,50.6,29.4,0.0,0.0,11.3,10.8,35.75,19.45
1378,University of Petra,Jordan,Asia,M,CO,HI,Private for Profit,7.18,,1300.5,Above 500,7.18,,Unranked,,,,Not Comparable,8.8,8.1,10.0,47.1,25.9,44.2,9.9,6.2,19.28333333333333,5.7,34.6,29.4,0.0,0.0,11.3,10.8,35.75,19.45
1379,University of Primorska,Slovenia,Europe,M,CO,HI,Public,7.18,,1300.5,Above 500,7.18,,Unranked,,,,Not Comparable,3.6,5.7,12.3,38.9,31.6,37.4,45.4,8.3,19.28333333333333,13.2,21.8,29.4,0.0,0.0,11.3,10.8,35.75,19.45
1380,University of Rajshahi,Bangladesh,Asia,L,CO,HI,,7.18,,1300.5,Above 500,7.18,,Unranked,,,,Not Comparable,13.2,13.1,6.2,1.2,1.3,5.6,23.5,6.4,19.28333333333333,4.4,39.3,29.4,0.0,0.0,11.3,10.8,35.75,19.45
1381,University of Rijeka,Croatia,Europe,L,CO,VH,Public,7.18,,1300.5,Above 500,7.18,,Unranked,,,,Not Comparable,7.3,8.4,17.0,5.8,2.8,10.1,50.2,8.7,19.28333333333333,15.3,42.4,29.4,0.0,0.0,11.3,10.8,35.75,19.45
1382,University of San Diego,United States,Americas,M,CO,HI,Private not for Profit,7.18,,1300.5,Above 500,7.18,,Unranked,,,,Not Comparable,9.0,15.2,27.8,10.5,4.9,8.0,6.9,4.5,19.28333333333333,20.3,21.4,29.4,0.0,0.0,11.3,10.8,35.75,19.45
1383,University of San Francisco,United States,Americas,M,CO,HI,Private not for Profit,7.18,,1300.5,Above 500,7.18,,Unranked,,,,Not Comparable,6.9,12.1,27.5,27.1,3.9,20.3,9.3,5.7,19.28333333333333,39.0,31.8,29.4,0.0,0.0,11.3,10.8,35.75,19.45
1384,University of Sarajevo,Bosnia and Herzegovina,Europe,L,CO,HI,Public,7.18,,1300.5,Above 500,7.18,,Unranked,,,,Not Comparable,5.0,1.0,6.5,5.2,20.1,4.1,41.3,2.9,19.28333333333333,89.1,20.5,29.4,0.0,0.0,11.3,10.8,35.75,19.45
1385,University of Silesia in Katowice,Poland,Europe,L,CO,VH,Public,7.18,,1300.5,Above 500,7.18,,Unranked,,,,Not Comparable,8.6,6.8,31.3,7.4,5.1,12.0,59.3,5.7,19.28333333333333,10.1,44.4,29.4,0.0,0.0,11.3,10.8,35.75,19.45
1386,University of South Alabama,United States,Americas,L,CO,HI,Public,7.18,,1300.5,Above 500,7.18,,Unranked,,,,Not Comparable,5.6,11.1,23.1,2.7,20.1,2.3,13.7,13.1,19.28333333333333,3.2,28.9,29.4,0.0,0.0,11.3,10.8,35.75,19.45
1387,University of Split,Croatia,Europe,L,FC,HI,Public,7.18,,1300.5,Above 500,7.18,,Unranked,,,,Not Comparable,7.6,9.2,8.7,3.3,1.6,7.5,52.3,8.8,19.28333333333333,22.4,44.8,29.4,0.0,0.0,11.3,10.8,35.75,19.45
1388,University of Texas El Paso,United States,Americas,L,CO,VH,Public,7.18,,1300.5,Above 500,7.18,,Unranked,,,,Not Comparable,6.8,3.7,7.6,10.1,13.9,7.8,61.6,21.5,19.28333333333333,9.1,41.5,29.4,0.0,0.0,11.3,10.8,35.75,19.45
1389,University of Tyumen,Russia,Europe,M,CO,VH,Public,7.18,,1300.5,Above 500,7.18,,Unranked,,,,Not Comparable,2.7,3.4,44.0,23.2,6.0,25.0,25.1,2.6,19.28333333333333,5.7,30.3,29.4,0.0,0.0,11.3,10.8,35.75,19.45
1390,University of Wisconsin Milwaukee,United States,Americas,L,CO,VH,Public,7.18,,1300.5,Above 500,7.18,,Unranked,,,,Not Comparable,9.0,3.8,13.8,12.4,11.8,9.4,37.0,15.3,19.28333333333333,16.0,46.3,29.4,0.0,0.0,11.3,10.8,35.75,19.45
1391,University POLITEHNICA of Bucharest,Romania,Europe,L,FO,VH,Public,7.18,,1300.5,Above 500,7.18,,Unranked,,,,Not Comparable,6.3,20.8,4.9,4.7,1.7,3.7,61.4,14.6,19.28333333333333,9.4,22.8,29.4,0.0,0.0,11.3,10.8,35.75,19.45
1392,University Toulouse – Jean Jaurès,France,Europe,L,FO,VH,Public,7.18,,1300.5,Above 500,7.18,,Unranked,,,,Not Comparable,13.1,4.8,1.8,31.0,34.1,23.2,64.0,9.0,19.28333333333333,2.4,30.1,29.4,0.0,0.0,11.3,10.8,35.75,19.45
1393,West University of Timisoara,Romania,Europe,L,CO,HI,Public,7.18,,1300.5,Above 500,7.18,,Unranked,,,,Not Comparable,13.7,17.0,7.4,10.6,2.0,14.8,29.8,5.5,19.28333333333333,32.8,42.2,29.4,0.0,0.0,11.3,10.8,35.75,19.45
1394,Western Michigan University,United States,Americas,L,FC,HI,Public,7.18,,1300.5,Above 500,7.18,,Unranked,,,,Not Comparable,5.0,9.5,15.7,17.5,37.6,23.6,33.0,10.7,19.28333333333333,26.3,37.6,29.4,0.0,0.0,11.3,10.8,35.75,19.45
1395,Yessenov University,Kazakhstan,Asia,M,CO,MD,Public,7.18,,1300.5,Above 500,7.18,,Unranked,,,,Not Comparable,16.7,6.9,19.2,28.3,38.4,27.9,2.7,1.2,19.28333333333333,4.3,15.9,29.4,0.0,0.0,11.3,10.8,35.75,19.45
1396,Zagazig University,Egypt,Africa,XL,FC,VH,Public,7.18,,1300.5,Above 500,7.18,,Unranked,,,,Not Comparable,11.3,9.1,4.5,8.1,1.3,12.0,69.8,5.1,19.28333333333333,5.2,53.0,29.4,0.0,0.0,11.3,10.8,35.75,19.45
1397,Zarqa University,Jordan,Asia,M,FC,HI,Private not for Profit,7.18,,1300.5,Above 500,7.18,,Unranked,,,,Not Comparable,7.9,4.1,9.0,63.5,24.9,58.1,15.0,3.8,19.28333333333333,5.4,12.1,29.4,0.0,0.0,11.3,10.8,35.75,19.45
1398,Akdeniz Üniversitesi,Turkey,Asia,XL,FC,HI,Public,0.0,,1401.0,Above 500,0.0,,Unranked,,,,Not Comparable,8.3,8.0,5.6,6.0,2.2,11.4,47.6,6.1,19.28333333333333,2.4,22.1,29.4,0.0,0.0,11.3,10.8,35.75,19.45
1399,American International University-Bangladesh,Bangladesh,Asia,M,FO,VH,Private not for Profit,0.0,,1401.0,Above 500,0.0,,Unranked,,,,Not Comparable,8.3,8.5,9.0,17.7,5.4,18.5,7.9,4.4,19.28333333333333,4.6,30.3,29.4,0.0,0.0,11.3,10.8,35.75,19.45
1400,Anadolu University,Turkey,Asia,L,SP,VH,Public,0.0,,1401.0,Above 500,0.0,,Unranked,,,,Not Comparable,6.2,8.4,17.5,5.3,2.2,4.2,24.9,5.1,19.28333333333333,22.3,22.3,29.4,0.0,0.0,11.3,10.8,35.75,19.45
1401,Aoyama Gakuin University,Japan,Asia,L,FO,HI,Private not for Profit,0.0,,1401.0,Above 500,0.0,,Unranked,,,,Not Comparable,7.1,16.8,7.4,4.5,20.3,3.6,9.5,2.5,19.28333333333333,14.5,9.6,29.4,0.0,0.0,11.3,10.8,35.75,19.45
1402,Aswan University,Egypt,Africa,L,FC,HI,Public,0.0,,1401.0,Above 500,0.0,,Unranked,,,,Not Comparable,7.1,2.2,11.8,1.8,1.1,6.1,53.9,6.4,19.28333333333333,2.9,40.0,29.4,0.0,0.0,11.3,10.8,35.75,19.45
1403,Atma Jaya Catholic University Indonesia,Indonesia,Asia,M,FO,HI,Private for Profit,0.0,,1401.0,Above 500,0.0,,Unranked,,,,Not Comparable,11.1,10.7,10.5,1.7,9.8,6.1,7.4,2.0,19.28333333333333,22.6,30.2,29.4,0.0,0.0,11.3,10.8,35.75,19.45
1404,Belarusian State University of Informatics and Radioelectronics,Belarus,Europe,M,CO,HI,Public,0.0,,1401.0,Above 500,0.0,,Unranked,,,,Not Comparable,6.7,23.4,26.1,17.6,2.6,20.4,7.2,1.4,19.28333333333333,7.5,48.7,29.4,0.0,0.0,11.3,10.8,35.75,19.45
1405,Belgorod State University,Russia,Europe,L,FC,HI,Public,0.0,,1401.0,Above 500,0.0,,Unranked,,,,Not Comparable,3.1,1.9,17.5,70.3,1.9,73.2,14.1,2.8,19.28333333333333,2.1,22.7,29.4,0.0,0.0,11.3,10.8,35.75,19.45
1406,Benha University,Egypt,Africa,XL,FC,HI,Public,0.0,,1401.0,Above 500,0.0,,Unranked,,,,Not Comparable,6.2,4.4,8.2,2.4,1.0,6.7,59.7,4.2,19.28333333333333,2.9,36.1,29.4,0.0,0.0,11.3,10.8,35.75,19.45
1407,Central Michigan University,United States,Americas,L,FC,HI,Public,0.0,,1401.0,Above 500,0.0,,Unranked,,,,Not Comparable,3.6,5.0,11.5,23.4,4.8,17.6,26.2,11.2,19.28333333333333,15.0,29.2,29.4,0.0,0.0,11.3,10.8,35.75,19.45
1408,Chaoyang University of Technology,Taiwan,Asia,L,FO,VH,Private for Profit,0.0,,1401.0,Above 500,0.0,,Unranked,,,,Not Comparable,5.0,6.7,6.4,13.2,7.4,15.9,22.2,8.4,19.28333333333333,2.1,40.6,29.4,0.0,0.0,11.3,10.8,35.75,19.45
1409,Chittagong University of Engineering and Technology,Bangladesh,Asia,M,SP,HI,Public,0.0,,1401.0,Above 500,0.0,,Unranked,,,,Not Comparable,10.0,16.2,10.0,19.4,1.6,21.7,8.1,12.1,19.28333333333333,4.8,20.3,29.4,0.0,0.0,11.3,10.8,35.75,19.45
1410,"CHRIST, Bengaluru",India,Asia,XL,CO,HI,Private not for Profit,0.0,,1401.0,Above 500,0.0,,Unranked,,,,Not Comparable,7.0,5.6,8.0,2.4,4.7,6.8,34.0,4.7,19.28333333333333,6.3,33.2,29.4,0.0,0.0,11.3,10.8,35.75,19.45
1411,Cleveland State University,United States,Americas,M,FO,VH,Public,0.0,,1401.0,Above 500,0.0,,Unranked,,,,Not Comparable,4.5,6.2,12.3,47.6,5.6,35.6,17.9,7.7,19.28333333333333,12.4,25.7,29.4,0.0,0.0,11.3,10.8,35.75,19.45
1412,East West University,Bangladesh,Asia,L,FO,HI,Private not for Profit,0.0,,1401.0,Above 500,0.0,,Unranked,,,,Not Comparable,8.8,17.7,3.7,1.0,1.4,5.5,9.2,4.5,19.28333333333333,8.3,32.5,29.4,0.0,0.0,11.3,10.8,35.75,19.45
1413,Escuela Politécnica Nacional,Ecuador,Americas,M,FO,VH,Public,0.0,,1401.0,Above 500,0.0,,Unranked,,,,Not Comparable,10.2,10.8,18.8,3.0,6.3,7.1,16.9,5.7,19.28333333333333,6.6,25.2,29.4,0.0,0.0,11.3,10.8,35.75,19.45
1414,Harper Adams University,United Kingdom,Europe,M,FO,HI,Public,0.0,,1401.0,Above 500,0.0,,Unranked,,,,Not Comparable,4.0,15.7,7.1,5.9,21.8,9.8,14.1,12.4,19.28333333333333,1.0,18.6,29.4,0.0,0.0,11.3,10.8,35.75,19.45
1415,Herzen State Pedagogical University of Russia,Russia,Europe,L,FO,HI,Public,0.0,,1401.0,Above 500,0.0,,Unranked,,,,Not Comparable,3.8,4.2,22.2,59.8,1.7,56.4,11.4,1.5,19.28333333333333,7.2,25.4,29.4,0.0,0.0,11.3,10.8,35.75,19.45
1416,Hongik University,South Korea,Asia,L,FO,VH,Private for Profit,0.0,,1401.0,Above 500,0.0,,Unranked,,,,Not Comparable,6.3,8.7,13.8,14.8,18.9,18.2,14.6,5.3,19.28333333333333,6.4,26.9,29.4,0.0,0.0,11.3,10.8,35.75,19.45
1417,Hue University,Vietnam,Asia,XL,CO,HI,Public,0.0,,1401.0,Above 500,0.0,,Unranked,,,,Not Comparable,7.6,15.0,3.7,2.0,1.5,6.2,27.7,2.6,19.28333333333333,6.6,28.3,29.4,0.0,0.0,11.3,10.8,35.75,19.45
1418,"Independent University,Bangladesh",Bangladesh,Asia,M,CO,HI,Private not for Profit,0.0,,1401.0,Above 500,0.0,,Unranked,,,,Not Comparable,8.8,16.9,2.5,1.1,1.3,5.5,12.1,7.3,19.28333333333333,11.6,24.9,29.4,0.0,0.0,11.3,10.8,35.75,19.45
1419,Indian Institute of Information Technology - Allahabad,India,Asia,S,FO,VH,Public,0.0,,1401.0,Above 500,0.0,,Unranked,,,,Not Comparable,4.2,12.7,3.2,4.0,20.1,7.9,8.4,27.5,19.28333333333333,1.9,6.6,29.4,0.0,0.0,11.3,10.8,35.75,19.45
1420,Islamic University of Indonesia,Indonesia,Asia,L,CO,HI,Private not for Profit,0.0,,1401.0,Above 500,0.0,,Unranked,,,,Not Comparable,17.5,7.4,2.8,1.2,3.8,1.1,12.9,3.2,19.28333333333333,5.1,34.4,29.4,0.0,0.0,11.3,10.8,35.75,19.45
1421,Istanbul Bilgi Üniversitesi,Turkey,Asia,M,FO,HI,Private not for Profit,0.0,,1401.0,Above 500,0.0,,Unranked,,,,Not Comparable,5.6,9.6,15.2,25.4,4.1,30.9,6.6,2.7,19.28333333333333,24.2,38.8,29.4,0.0,0.0,11.3,10.8,35.75,19.45
1422,Jadara University,Jordan,Asia,M,CO,MD,Private not for Profit,0.0,,1401.0,Above 500,0.0,,Unranked,,,,Not Comparable,9.9,4.2,29.4,49.7,4.5,37.1,4.2,3.3,19.28333333333333,5.9,48.7,29.4,0.0,0.0,11.3,10.8,35.75,19.45
1423,"Jamia Hamdard, New Delhi",India,Asia,M,FO,VH,Public,0.0,,1401.0,Above 500,0.0,,Unranked,,,,Not Comparable,6.3,2.8,13.5,3.8,20.1,7.8,13.7,25.5,19.28333333333333,1.8,14.4,29.4,0.0,0.0,11.3,10.8,35.75,19.45
1424,Kazan National Research Technological University,Russia,Europe,L,CO,HI,Public,0.0,,1401.0,Above 500,0.0,,Unranked,,,,Not Comparable,5.3,7.8,27.9,30.9,1.9,32.4,10.3,2.0,19.28333333333333,5.5,13.7,29.4,0.0,0.0,11.3,10.8,35.75,19.45
1425,Khulna University,Bangladesh,Asia,M,CO,HI,,0.0,,1401.0,Above 500,0.0,,Unranked,,,,Not Comparable,8.6,7.9,14.3,19.4,20.1,21.7,20.8,8.6,19.28333333333333,4.3,25.4,29.4,0.0,0.0,11.3,10.8,35.75,19.45
1426,Khulna University of Engineering and Technology,Bangladesh,Asia,M,SP,HI,Public,0.0,,1401.0,Above 500,0.0,,Unranked,,,,Not Comparable,7.3,16.7,10.5,19.4,1.4,21.7,12.6,13.4,19.28333333333333,4.5,22.0,29.4,0.0,0.0,11.3,10.8,35.75,19.45
1427,Kindai University,Japan,Asia,XL,FC,HI,Private for Profit,0.0,,1401.0,Above 500,0.0,,Unranked,,,,Not Comparable,5.3,6.4,10.2,3.2,25.7,7.4,30.4,8.6,19.28333333333333,1.7,41.2,29.4,0.0,0.0,11.3,10.8,35.75,19.45
1428,Lublin University of Technology,Poland,Europe,M,FO,VH,Public,0.0,,1401.0,Above 500,0.0,,Unranked,,,,Not Comparable,6.9,3.0,28.1,29.5,2.5,27.5,14.4,8.9,19.28333333333333,3.9,17.7,29.4,0.0,0.0,11.3,10.8,35.75,19.45
1429,M. Kozybayev North Kazakhstan University,Kazakhstan,Asia,M,CO,MD,Public,0.0,,1401.0,Above 500,0.0,,Unranked,,,,Not Comparable,6.8,12.5,33.4,8.0,5.4,11.2,3.8,1.3,19.28333333333333,4.1,24.1,29.4,0.0,0.0,11.3,10.8,35.75,19.45
1430,Mahasarakham University,Thailand,Asia,XL,FC,MD,Public,0.0,,1401.0,Above 500,0.0,,Unranked,,,,Not Comparable,18.5,2.7,2.8,3.6,8.7,7.7,11.0,2.6,19.28333333333333,10.3,23.9,29.4,0.0,0.0,11.3,10.8,35.75,19.45
1431,Manav Rachna International Institute of Research and Studies,India,Asia,M,CO,HI,Private for Profit,0.0,,1401.0,Above 500,0.0,,Unranked,,,,Not Comparable,5.9,2.5,43.9,3.4,7.4,7.6,3.3,3.7,19.28333333333333,1.8,23.6,29.4,0.0,0.0,11.3,10.8,35.75,19.45
1432,Mapua University,Philippines,Asia,M,FO,VH,Private for Profit,0.0,,1401.0,Above 500,0.0,,Unranked,,,,Not Comparable,9.7,16.2,4.3,1.9,3.0,1.7,6.3,9.3,19.28333333333333,3.9,37.0,29.4,0.0,0.0,11.3,10.8,35.75,19.45
1433,Mendeleev University of Chemical Technology of Russia,Russia,Europe,M,FO,VH,Public,0.0,,1401.0,Above 500,0.0,,Unranked,,,,Not Comparable,4.7,7.3,26.1,15.7,1.1,19.2,15.5,5.6,19.28333333333333,14.2,10.4,29.4,0.0,0.0,11.3,10.8,35.75,19.45
1434,Naresuan University,Thailand,Asia,L,FC,MD,Public,0.0,,1401.0,Above 500,0.0,,Unranked,,,,Not Comparable,10.9,5.3,9.3,1.8,6.9,6.2,12.5,3.0,19.28333333333333,3.1,39.6,29.4,0.0,0.0,11.3,10.8,35.75,19.45
1435,National Taipei University,Taiwan,Asia,M,FO,HI,Public,0.0,,1401.0,Above 500,0.0,,Unranked,,,,Not Comparable,12.4,8.0,11.6,10.1,5.9,14.6,3.9,4.4,19.28333333333333,26.6,26.6,29.4,0.0,0.0,11.3,10.8,35.75,19.45
1436,Nile University,Egypt,Africa,S,SP,HI,Private not for Profit,0.0,,1401.0,Above 500,0.0,,Unranked,,,,Not Comparable,8.6,4.6,29.2,2.7,5.5,6.9,9.8,7.4,19.28333333333333,3.3,19.8,29.4,0.0,0.0,11.3,10.8,35.75,19.45
1437,Pavlodar State University named after Toraighyrov,Kazakhstan,Asia,M,CO,MD,Public,0.0,,1401.0,Above 500,0.0,,Unranked,,,,Not Comparable,8.9,12.4,28.9,5.7,3.4,4.5,3.0,1.4,19.28333333333333,4.2,21.8,29.4,0.0,0.0,11.3,10.8,35.75,19.45
1438,Perm State University,Russia,Europe,M,CO,VH,Public,0.0,,1401.0,Above 500,0.0,,Unranked,,,,Not Comparable,4.0,3.3,35.4,20.4,1.8,22.2,6.0,2.1,19.28333333333333,4.0,29.7,29.4,0.0,0.0,11.3,10.8,35.75,19.45
1439,Petra Christian University,Indonesia,Asia,M,FO,HI,Private for Profit,0.0,,1401.0,Above 500,0.0,,Unranked,,,,Not Comparable,11.7,8.7,12.5,1.2,7.6,5.6,6.7,2.6,19.28333333333333,2.9,28.7,29.4,0.0,0.0,11.3,10.8,35.75,19.45
1440,Pontificia Universidad Catolica Madre y Maestra,Dominican Republic,Americas,L,FC,LO,Private not for Profit,0.0,,1401.0,Above 500,0.0,,Unranked,,,,Not Comparable,6.0,7.5,14.8,14.2,12.0,17.2,9.4,1.6,19.28333333333333,51.8,24.8,29.4,0.0,0.0,11.3,10.8,35.75,19.45
1441,Rajshahi University of Engineering and Technology,Bangladesh,Asia,M,SP,HI,,0.0,,1401.0,Above 500,0.0,,Unranked,,,,Not Comparable,6.9,13.3,9.9,19.4,20.1,21.7,9.8,16.0,19.28333333333333,4.1,18.0,29.4,0.0,0.0,11.3,10.8,35.75,19.45
1442,Rikkyo University,Japan,Asia,L,FO,HI,Private for Profit,0.0,,1401.0,Above 500,0.0,,Unranked,,,,Not Comparable,5.5,14.3,9.9,10.6,32.8,14.2,12.3,3.0,19.28333333333333,10.0,30.0,29.4,0.0,0.0,11.3,10.8,35.75,19.45
1443,Sakarya University,Turkey,Asia,XL,FC,HI,Public,0.0,,1401.0,Above 500,0.0,,Unranked,,,,Not Comparable,5.9,7.6,4.9,21.8,2.6,27.9,26.1,6.6,19.28333333333333,2.3,49.5,29.4,0.0,0.0,11.3,10.8,35.75,19.45
1444,San Francisco State University,United States,Americas,L,CO,HI,,0.0,,1401.0,Above 500,0.0,,Unranked,,,,Not Comparable,5.2,7.1,8.3,7.7,4.9,6.0,32.4,6.7,19.28333333333333,16.4,36.1,29.4,0.0,0.0,11.3,10.8,35.75,19.45
1445,"Shakarim University of the City of Semey, Kazakhstan",Kazakhstan,Asia,M,CO,MD,Public,0.0,,1401.0,Above 500,0.0,,Unranked,,,,Not Comparable,10.4,10.2,16.4,3.3,27.7,7.2,2.4,1.7,19.28333333333333,4.2,31.3,29.4,0.0,0.0,11.3,10.8,35.75,19.45
1446,Shanghai Normal University,China,Asia,XL,CO,HI,Public,0.0,,1401.0,Above 500,0.0,,Unranked,,,,Not Comparable,4.4,3.4,17.0,4.9,6.8,10.0,24.9,9.5,19.28333333333333,1.4,32.2,29.4,0.0,0.0,11.3,10.8,35.75,19.45
1447,Silpakorn University,Thailand,Asia,L,CO,HI,Public,0.0,,1401.0,Above 500,0.0,,Unranked,,,,Not Comparable,10.4,12.6,5.7,2.7,8.0,7.1,26.7,4.5,19.28333333333333,3.1,22.6,29.4,0.0,0.0,11.3,10.8,35.75,19.45
1448,Soka University,Japan,Asia,M,CO,MD,Private not for Profit,0.0,,1401.0,Above 500,0.0,,Unranked,,,,Not Comparable,5.9,8.2,10.7,13.3,67.7,16.1,11.9,3.1,19.28333333333333,1.6,11.8,29.4,0.0,0.0,11.3,10.8,35.75,19.45
1449,Soongsil University,South Korea,Asia,L,FO,VH,Private for Profit,0.0,,1401.0,Above 500,0.0,,Unranked,,,,Not Comparable,3.4,6.9,12.0,24.0,5.7,18.0,22.3,9.2,19.28333333333333,3.5,20.3,29.4,0.0,0.0,11.3,10.8,35.75,19.45
1450,State University Malang,Indonesia,Asia,XL,FO,VH,Public,0.0,,1401.0,Above 500,0.0,,Unranked,,,,Not Comparable,10.5,4.9,9.9,1.6,23.4,6.1,13.0,2.9,19.28333333333333,7.3,34.1,29.4,0.0,0.0,11.3,10.8,35.75,19.45
1451,Stefan cel Mare University of Suceava,Romania,Europe,M,CO,HI,Public,0.0,,1401.0,Above 500,0.0,,Unranked,,,,Not Comparable,5.5,5.3,7.1,38.7,3.3,35.4,25.2,8.9,19.28333333333333,5.3,34.3,29.4,0.0,0.0,11.3,10.8,35.75,19.45
1452,Suez Canal University,Egypt,Africa,XL,FC,HI,Public,0.0,,1401.0,Above 500,0.0,,Unranked,,,,Not Comparable,6.1,3.9,17.4,3.0,2.5,7.3,52.2,4.4,19.28333333333333,2.9,48.0,29.4,0.0,0.0,11.3,10.8,35.75,19.45
1453,Tashkent University of Information Technologies,Uzbekistan,Asia,L,SP,HI,Public,0.0,,1401.0,Above 500,0.0,,Unranked,,,,Not Comparable,10.7,15.4,7.4,3.3,10.4,7.4,3.5,1.7,19.28333333333333,9.4,27.7,29.4,0.0,0.0,11.3,10.8,35.75,19.45
1454,"The Islamia University of Bahawalpur,Pakistan",Pakistan,Asia,XL,CO,HI,Public,0.0,,1401.0,Above 500,0.0,,Unranked,,,,Not Comparable,6.2,7.0,4.7,19.4,20.1,21.7,55.8,9.1,19.28333333333333,3.1,36.2,29.4,0.0,0.0,11.3,10.8,35.75,19.45
1455,Tongmyong University,South Korea,Asia,M,FO,HI,,0.0,,1401.0,Above 500,0.0,,Unranked,,,,Not Comparable,6.3,3.6,38.8,60.2,8.5,53.2,1.9,2.0,19.28333333333333,1.9,5.3,29.4,0.0,0.0,11.3,10.8,35.75,19.45
1456,Universidad Autónoma de Baja California,Mexico,Americas,XL,CO,HI,Public,0.0,,1401.0,Above 500,0.0,,Unranked,,,,Not Comparable,10.5,7.6,6.0,5.8,4.8,4.6,13.7,2.3,19.28333333333333,2.3,49.0,29.4,0.0,0.0,11.3,10.8,35.75,19.45
1457,Universidad Autónoma de Chile,Chile,Americas,XL,FO,VH,Private not for Profit,0.0,,1401.0,Above 500,0.0,,Unranked,,,,Not Comparable,7.9,4.7,6.2,1.7,15.6,1.5,38.9,6.2,19.28333333333333,2.5,35.9,29.4,0.0,0.0,11.3,10.8,35.75,19.45
1458,Universidad Católica de Temuco,Chile,Americas,M,CO,HI,Private not for Profit,0.0,,1401.0,Above 500,0.0,,Unranked,,,,Not Comparable,5.4,2.5,2.7,1.4,49.7,1.3,21.9,9.7,19.28333333333333,2.5,26.7,29.4,0.0,0.0,11.3,10.8,35.75,19.45
1459,Universidad de Cuenca,Ecuador,Americas,L,FC,MD,Public,0.0,,1401.0,Above 500,0.0,,Unranked,,,,Not Comparable,11.1,5.1,6.1,3.2,6.8,2.6,20.2,3.1,19.28333333333333,16.1,39.3,29.4,0.0,0.0,11.3,10.8,35.75,19.45
1460,Universidad de Guanajuato,Mexico,Americas,XL,CO,HI,Public,0.0,,1401.0,Above 500,0.0,,Unranked,,,,Not Comparable,11.4,3.6,7.2,2.0,7.5,6.3,24.6,4.8,19.28333333333333,9.5,23.5,29.4,0.0,0.0,11.3,10.8,35.75,19.45
1461,Universidad de Panama,Panama,Americas,XL,FO,MD,Public,0.0,,1401.0,Above 500,0.0,,Unranked,,,,Not Comparable,8.5,6.4,4.3,4.6,4.1,8.9,11.2,1.2,19.28333333333333,63.1,25.9,29.4,0.0,0.0,11.3,10.8,35.75,19.45
1462,Universidad de Piura,Peru,Americas,M,FO,HI,Private not for Profit,0.0,,1401.0,Above 500,0.0,,Unranked,,,,Not Comparable,11.8,14.1,8.0,1.2,7.6,1.2,4.7,1.4,19.28333333333333,15.4,13.9,29.4,0.0,0.0,11.3,10.8,35.75,19.45
1463,Universidad de Tarapaca,Chile,Americas,M,CO,VH,Public,0.0,,1401.0,Above 500,0.0,,Unranked,,,,Not Comparable,4.1,2.1,4.4,19.4,17.7,21.7,49.6,20.4,19.28333333333333,2.5,21.0,29.4,0.0,0.0,11.3,10.8,35.75,19.45
1464,Universidad del Bio-Bio,Chile,Americas,M,CO,VH,Public,0.0,,1401.0,Above 500,0.0,,Unranked,,,,Not Comparable,11.6,5.0,4.9,1.9,11.8,1.6,32.1,8.6,19.28333333333333,2.5,24.0,29.4,0.0,0.0,11.3,10.8,35.75,19.45
1465,Universidad del Zulia,Venezuela,Americas,L,FC,MD,Public,0.0,,1401.0,Above 500,0.0,,Unranked,,,,Not Comparable,14.7,12.8,5.2,1.5,1.2,1.4,14.5,2.6,19.28333333333333,12.4,8.3,29.4,0.0,0.0,11.3,10.8,35.75,19.45
1466,Universidad La Salle,Mexico,Americas,M,FO,MD,Private for Profit,0.0,,1401.0,Above 500,0.0,,Unranked,,,,Not Comparable,6.2,17.4,28.9,2.4,3.4,2.0,1.8,1.4,19.28333333333333,6.4,10.1,29.4,0.0,0.0,11.3,10.8,35.75,19.45
1467,Universidad Latinoamericana de Ciencia y Tecnología Costa Rica,Costa Rica,Americas,S,CO,LO,Private not for Profit,0.0,,1401.0,Above 500,0.0,,Unranked,,,,Not Comparable,7.8,17.2,32.6,12.8,13.8,9.8,1.1,1.1,19.28333333333333,12.3,48.7,29.4,0.0,0.0,11.3,10.8,35.75,19.45
1468,Universidad Metropolitana,Venezuela,Americas,M,CO,LO,Private not for Profit,0.0,,1401.0,Above 500,0.0,,Unranked,,,,Not Comparable,9.8,24.4,6.4,3.3,3.9,7.4,2.3,1.1,19.28333333333333,28.1,48.7,29.4,0.0,0.0,11.3,10.8,35.75,19.45
1469,Universidad Nacional Agraria la Molina,Peru,Americas,M,FO,VH,Public,0.0,,1401.0,Above 500,0.0,,Unranked,,,,Not Comparable,9.3,8.0,16.7,2.8,1.5,7.0,12.6,2.8,19.28333333333333,4.7,34.4,29.4,0.0,0.0,11.3,10.8,35.75,19.45
1470,Universidad Nacional de San Martín,Argentina,Americas,L,CO,HI,Public,0.0,,1401.0,Above 500,0.0,,Unranked,,,,Not Comparable,15.7,4.7,7.6,6.9,1.9,5.4,29.1,3.9,19.28333333333333,1.5,26.9,29.4,0.0,0.0,11.3,10.8,35.75,19.45
1471,Universidad Nacional del Sur,Argentina,Americas,L,FC,HI,Public,0.0,,1401.0,Above 500,0.0,,Unranked,,,,Not Comparable,8.1,4.6,23.1,19.4,20.1,21.7,30.0,2.4,19.28333333333333,4.7,29.0,29.4,0.0,0.0,11.3,10.8,35.75,19.45
1472,Universidad Tecnológica Centroamericana - Honduras,Honduras,Americas,M,FO,HI,Private not for Profit,0.0,,1401.0,Above 500,0.0,,Unranked,,,,Not Comparable,7.9,7.7,29.9,3.3,6.0,7.4,10.6,1.3,19.28333333333333,24.4,24.7,29.4,0.0,0.0,11.3,10.8,35.75,19.45
1473,Universidade Federal de Uberlândia,Brazil,Americas,L,FC,HI,Public,0.0,,1401.0,Above 500,0.0,,Unranked,,,,Not Comparable,5.4,2.6,21.0,1.8,2.4,6.2,32.8,6.0,19.28333333333333,3.0,42.5,29.4,0.0,0.0,11.3,10.8,35.75,19.45
1474,Universidade Federal do Rio Grande Do Norte,Brazil,Americas,XL,FC,HI,Public,0.0,,1401.0,Above 500,0.0,,Unranked,,,,Not Comparable,6.7,1.6,10.8,1.3,20.1,5.8,50.1,7.0,19.28333333333333,1.4,31.3,29.4,0.0,0.0,11.3,10.8,35.75,19.45
1475,Università degli studi di Bergamo,Italy,Europe,L,FO,VH,Public,0.0,,1401.0,Above 500,0.0,,Unranked,,,,Not Comparable,7.2,4.2,2.5,12.3,5.8,18.2,39.1,11.9,19.28333333333333,5.5,31.4,29.4,0.0,0.0,11.3,10.8,35.75,19.45
1476,Universitas Andalas,Indonesia,Asia,XL,CO,HI,Public,0.0,,1401.0,Above 500,0.0,,Unranked,,,,Not Comparable,13.4,8.1,13.9,3.6,14.4,7.8,6.0,1.5,19.28333333333333,5.1,39.1,29.4,0.0,0.0,11.3,10.8,35.75,19.45
1477,Universitas Negeri Padang,Indonesia,Asia,XL,FO,HI,Public,0.0,,1401.0,Above 500,0.0,,Unranked,,,,Not Comparable,10.5,2.5,31.5,2.1,17.7,6.4,6.4,1.3,19.28333333333333,2.6,39.2,29.4,0.0,0.0,11.3,10.8,35.75,19.45
1478,Universitas Syiah Kuala,Indonesia,Asia,L,FC,HI,Public,0.0,,1401.0,Above 500,0.0,,Unranked,,,,Not Comparable,8.6,3.0,18.1,2.5,3.1,6.8,24.4,3.6,19.28333333333333,2.6,38.6,29.4,0.0,0.0,11.3,10.8,35.75,19.45
1479,Universiti Sultan Zainal Abidin,Malaysia,Asia,M,CO,VH,Public,0.0,,1401.0,Above 500,0.0,,Unranked,,,,Not Comparable,8.0,2.8,13.8,9.9,19.5,13.6,28.1,5.4,19.28333333333333,5.1,16.9,29.4,0.0,0.0,11.3,10.8,35.75,19.45
1480,University of Da Nang,Vietnam,Asia,XL,CO,HI,Public,0.0,,1401.0,Above 500,0.0,,Unranked,,,,Not Comparable,8.1,12.3,3.5,2.3,3.6,6.7,44.0,3.8,19.28333333333333,6.7,27.6,29.4,0.0,0.0,11.3,10.8,35.75,19.45
1481,University of Hawaii at Hilo,United States,Americas,S,CO,HI,,0.0,,1401.0,Above 500,0.0,,Unranked,,,,Not Comparable,2.8,3.8,32.4,7.8,3.3,6.0,17.2,13.5,19.28333333333333,5.5,19.6,29.4,0.0,0.0,11.3,10.8,35.75,19.45
1482,University of Missouri Saint Louis,United States,Americas,M,CO,HI,Public,0.0,,1401.0,Above 500,0.0,,Unranked,,,,Not Comparable,5.1,6.5,19.5,7.9,5.8,6.1,10.1,13.0,19.28333333333333,12.7,21.9,29.4,0.0,0.0,11.3,10.8,35.75,19.45
1483,University of Moratuwa,Sri Lanka,Asia,M,SP,VH,Public,0.0,,1401.0,Above 500,0.0,,Unranked,,,,Not Comparable,6.0,8.0,5.3,1.0,20.1,1.0,13.2,15.6,19.28333333333333,13.1,24.9,29.4,0.0,0.0,11.3,10.8,35.75,19.45
1484,University of Oradea,Romania,Europe,L,FC,MD,Public,0.0,,1401.0,Above 500,0.0,,Unranked,,,,Not Comparable,7.5,4.2,6.5,9.4,1.7,13.8,38.8,4.0,19.28333333333333,9.0,41.8,29.4,0.0,0.0,11.3,10.8,35.75,19.45
1485,University of Sri Jayewardenepura,Sri Lanka,Asia,L,CO,HI,Public,0.0,,1401.0,Above 500,0.0,,Unranked,,,,Not Comparable,8.0,12.2,5.7,1.3,20.1,5.7,27.8,7.0,19.28333333333333,22.8,27.4,29.4,0.0,0.0,11.3,10.8,35.75,19.45
1486,University of the Pacific,United States,Americas,M,CO,HI,Private not for Profit,0.0,,1401.0,Above 500,0.0,,Unranked,,,,Not Comparable,1.8,7.2,40.1,21.0,3.5,15.8,9.6,4.8,19.28333333333333,13.0,9.9,29.4,0.0,0.0,11.3,10.8,35.75,19.45
1487,University of Tripoli,Libya,Africa,XL,FC,MD,Public,0.0,,1401.0,Above 500,0.0,,Unranked,,,,Not Comparable,6.8,12.8,8.6,3.4,1.2,7.6,30.6,1.3,19.28333333333333,28.7,11.2,29.4,0.0,0.0,11.3,10.8,35.75,19.45
1488,University of West Bohemia,Czechia,Europe,M,CO,VH,Public,0.0,,1401.0,Above 500,0.0,,Unranked,,,,Not Comparable,7.2,5.3,12.5,6.2,20.1,4.8,40.9,7.9,19.28333333333333,15.5,19.5,29.4,0.0,0.0,11.3,10.8,35.75,19.45
1489,Voronezh State University,Russia,Europe,L,CO,HI,Public,0.0,,1401.0,Above 500,0.0,,Unranked,,,,Not Comparable,5.7,4.7,31.3,34.5,3.7,40.2,12.2,1.6,19.28333333333333,3.5,20.4,29.4,0.0,0.0,11.3,10.8,35.75,19.45
1490,Walailak University,Thailand,Asia,L,FC,MD,Public,0.0,,1401.0,Above 500,0.0,,Unranked,,,,Not Comparable,8.3,2.7,12.5,3.0,13.9,7.4,31.5,5.6,19.28333333333333,3.2,43.0,29.4,0.0,0.0,11.3,10.8,35.75,19.45
1491,Yamaguchi University,Japan,Asia,M,FC,HI,Public,0.0,,1401.0,Above 500,0.0,450.5,101-500,1.32,-950.5,950.5,ARWU Higher,4.4,2.9,46.1,4.5,8.0,8.9,15.4,8.2,12.96666666666667,1.7,22.5,29.4,0.0,0.0,16.1,2.8,20.0,13.2
1492,Youngsan University,South Korea,Asia,M,SP,MD,Private for Profit,0.0,,1401.0,Above 500,0.0,,Unranked,,,,Not Comparable,6.5,11.9,25.6,25.3,3.5,24.7,2.5,2.0,19.28333333333333,1.9,11.5,29.4,0.0,0.0,11.3,10.8,35.75,19.45
