2025 Rank,2024 Rank,Institution Name,Location,Location Full,Size,Academic Reputation,Employer Reputation,Faculty Student,Citations per Faculty,International Faculty,International Students_QS,International Research Network,Employment Outcomes,Sustainability,QS Overall Score,Join_Name,Rank,Name,Country,Student Population,Students to Staff Ratio,International Students_THE,Female to Male Ratio,Overall Score,Teaching,Research Environment,Research Quality,Industry Impact,International Outlook,Year
1201-1400,1201-1400,"The ""Gheorghe Asachi"" Technical University of Iasi",RO,Romania,L,5.3,9.7,2.4,6.0,,4.6,34.1,4.0,1.0,-,"""gheorghe asachi"" technical iasi",,,,,,,,,,,,,,
,,,,,,,,,,,,,,,,a coruña,1250.0,University of A Coruña,Spain,15383.0,12.5,6%,52 : 48,29.7235,24.5,17.6,43.1,41.8,37.2,2025.0
306,336,Aalborg University,DK,Denmark,L,19.9,20.8,25.5,53.2,77.3,14.9,92.1,23.3,75.6,35.7,aalborg,254.0,Aalborg University,Denmark,16871.0,14.4,13%,,55.601,31.7,44.7,80.9,87.6,73.5,2025.0
113,109,Aalto University,FI,Finland,L,45.7,40.6,33.2,73.6,95.2,40.1,78.2,95.1,94.7,57.9,aalto,196.0,Aalto University,Finland,14298.0,20.3,25%,39 : 61,58.921,41.7,43.1,81.3,88.2,82.7,2025.0
144,143,Aarhus University,DK,Denmark,L,54.7,27.6,30.8,63.8,89.8,11.9,96.1,69.5,76.4,53.3,aarhus,111.0,Aarhus University,Denmark,25966.0,12.8,15%,56 : 44,65.498,44.2,59.4,84.3,99.7,79.4,2025.0
671-680,681-690,Abai Kazakh National Pedagogical University,KZ,Kazakhstan,L,26.5,22.8,53.8,1.1,37.8,3.7,4.1,12.6,1.7,-,abai kazakh national pedagogical,,,,,,,,,,,,,,
,,,,,,,,,,,,,,,,abdelmalek essaâdi,1601.0,Abdelmalek Essaâdi University,Morocco,117968.0,85.8,1%,53 : 47,23.5945,20.8,10.4,38.1,20.0,29.5,2025.0
,,,,,,,,,,,,,,,,abdul wali khan mardan,805.0,Abdul Wali Khan University Mardan,Pakistan,12706.0,22.2,0%,27 : 73,38.166,18.8,12.7,81.2,21.8,49.4,2025.0
236,208,University of Aberdeen,UK,United Kingdom,L,30.5,28.8,32.7,32.0,94.5,92.6,88.5,22.2,96.5,42.3,aberdeen,250.0,University of Aberdeen,United Kingdom,13455.0,15.5,40%,57 : 43,55.745,34.8,36.0,81.9,79.1,97.4,2025.0
661-670,661-670,Aberystwyth University,UK,United Kingdom,M,9.4,5.9,18.5,20.3,44.6,46.5,65.9,7.1,44.9,-,aberystwyth,661.0,Aberystwyth University,United Kingdom,6010.0,14.8,22%,50 : 50,41.57,25.7,21.9,63.2,57.0,85.3,2025.0
621-630,601-610,Abo Akademi University,FI,Finland,M,7.5,4.8,18.9,43.2,45.9,22.6,64.5,8.3,6.4,-,abo akademi,,,,,,,,,,,,,,
,,,,,,,,,,,,,,,,abou bekr belkaïd tlemcen,1912.0,University of Abou Bekr Belkaïd Tlemcen,Algeria,39934.0,16.8,1%,59 : 41,17.342499999999998,25.4,8.8,12.6,21.0,35.7,2025.0
501,580,Abu Dhabi University,AE,United Arab Emirates,S,15.9,24.6,14.9,16.7,100.0,99.8,27.3,8.3,1.5,24.1,abu dhabi,191.0,Abu Dhabi University,United Arab Emirates,2344.0,10.7,60%,50 : 50,59.251,45.1,39.2,87.4,25.4,97.9,2025.0
,,,,,,,,,,,,,,,,acharya nagarjuna,1543.0,Acharya Nagarjuna University,India,6220.0,7.6,7%,32 : 68,24.570500000000003,44.7,9.7,17.9,26.4,28.6,2025.0
,,,,,,,,,,,,,,,,acıbadem,1678.0,Acıbadem University,Turkey,3178.0,7.2,6%,74 : 26,22.426,27.1,12.8,24.2,21.8,34.5,2025.0
761-770,731-740,"Adam Mickiewicz University, Pozna?",PL,Poland,L,16.0,9.1,33.3,4.8,7.7,8.3,86.7,7.5,31.6,-,"adam mickiewicz, pozna?",,,,,,,,,,,,,,
,,,,,,,,,,,,,,,,"adam mickiewicz, poznań",1116.0,"Adam Mickiewicz University, Poznań",Poland,31009.0,23.8,7%,68 : 32,32.1545,19.6,30.7,44.4,32.3,38.1,2025.0
,,,,,,,,,,,,,,,,adana alparslan türkeş science and technology,1884.0,Adana Alparslan Türkeş Science and Technology University,Turkey,4354.0,13.1,0%,42 : 58,18.15,17.1,8.7,28.1,16.5,19.9,2025.0
771-780,851-900,Addis Ababa University,ET,Ethiopia,XL,6.4,9.3,58.8,1.7,,,55.2,95.5,3.3,-,addis ababa,,,,,,,,,,,,,,
82,89,The University of Adelaide,AU,Australia,L,56.0,38.9,17.9,87.0,100.0,99.3,93.6,51.5,95.7,63.8,adelaide,129.0,University of Adelaide,Australia,22577.0,31.4,30%,50 : 50,63.8135,39.1,48.1,92.3,93.5,92.0,2025.0
,,,,,,,,,,,,,,,,adelphi,1758.0,Adelphi University,United States,7044.0,12.1,6%,71 : 29,20.98,24.1,7.7,28.4,17.0,32.5,2025.0
,,,,,,,,,,,,,,,,adolfo ibáñez,1371.0,Adolfo Ibáñez University,Chile,10681.0,21.5,5%,38 : 62,27.5955,15.3,17.0,41.8,21.8,63.2,2025.0
,,,,,,,,,,,,,,,,aegean,1100.0,University of the Aegean,Greece,20958.0,54.6,2%,57 : 43,32.425999999999995,19.1,22.5,49.0,78.6,32.3,2025.0
,,,,,,,,,,,,,,,,afyon kocatepe,1937.0,Afyon Kocatepe University,Turkey,21336.0,34.0,5%,50 : 50,16.6265,13.6,9.8,23.5,21.0,25.1,2025.0
,,,,,,,,,,,,,,,,agh krakow,1169.0,AGH University of Krakow,Poland,18279.0,11.6,4%,34 : 66,31.074,27.6,21.3,38.5,69.0,32.6,2025.0
851-900,901-950,AGH University of Science and Technology,PL,Poland,L,9.6,13.9,41.5,6.5,2.9,5.3,75.6,3.2,1.7,-,agh science and technology,,,,,,,,,,,,,,
681-690,741-750,"University of Agriculture, Faisalabad ",PK,Pakistan,XL,6.3,11.6,1.6,61.0,2.5,1.1,66.7,2.4,1.7,-,"agriculture, faisalabad",,,,,,,,,,,,,,
,,,,,,,,,,,,,,,,"agriculture, peshawar",1290.0,"The University of Agriculture, Peshawar",Pakistan,10363.0,33.4,1%,10 : 90,29.1065,24.5,10.8,47.0,24.3,49.0,2025.0
711-720,751-760,Ahlia University,BH,Bahrain,S,16.7,8.4,31.7,3.8,100.0,42.7,9.3,12.7,2.5,-,ahlia,,,,,,,,,,,,,,
,,,,,,,,,,,,,,,,ahmadu bello,1174.0,Ahmadu Bello University,Nigeria,49531.0,16.6,0%,37 : 63,30.98,23.1,12.4,55.7,19.8,40.9,2025.0
,,,,,,,,,,,,,,,,aichi medical,1257.0,Aichi Medical University,Japan,1294.0,2.8,1%,60 : 40,29.597,29.5,14.2,44.0,47.6,22.3,2025.0
592,721-730,Ain Shams University ,EG,Egypt,XL,24.0,32.2,11.3,1.9,23.1,7.5,74.2,56.3,9.8,21,ain shams,1122.0,Ain Shams University,Egypt,169073.0,14.6,7%,50 : 50,32.088,26.8,16.4,46.2,39.4,53.2,2025.0
,,,,,,,,,,,,,,,,air,701.0,Air University,Pakistan,9192.0,13.7,0%,37 : 63,40.4815,23.0,12.7,82.6,38.4,49.3,2025.0
308,345,Airlangga University,ID,Indonesia,XL,37.1,79.1,57.0,1.5,58.0,6.7,40.3,18.9,16.3,35.3,airlangga,,,,,,,,,,,,,,
481,387,Aix-Marseille University,FR,France,XL,36.9,6.5,7.9,21.7,17.5,18.2,99.1,15.2,25.5,25,aix-marseille,408.0,Aix-Marseille University,France,72381.0,15.5,15%,60 : 40,49.11449999999999,43.5,27.5,66.7,63.8,76.6,2025.0
,,,,,,,,,,,,,,,,aizu,657.0,The University of Aizu,Japan,1240.0,11.3,13%,11 : 89,41.597,29.8,13.4,68.1,57.0,82.8,2025.0
477,551,Ajman University,AE,United Arab Emirates,S,17.3,42.2,9.6,3.2,100.0,100.0,48.4,9.8,1.4,25.1,ajman,473.0,Ajman University,United Arab Emirates,4535.0,13.7,81%,57 : 43,46.78999999999999,25.9,25.2,78.9,18.1,99.3,2025.0
631-640,631-640,Ajou University ,KR,South Korea,M,13.7,15.0,68.9,17.9,9.3,24.2,18.8,4.2,23.7,-,ajou,518.0,Ajou University,South Korea,7763.0,15.9,15%,40 : 60,45.248,35.6,38.7,53.9,94.2,47.8,2025.0
,,,,,,,,,,,,,,,,akdeniz,1225.0,Akdeniz University,Turkey,45402.0,34.2,4%,44 : 56,30.1315,23.3,25.3,38.8,59.4,25.4,2025.0
1401+,1401+,Akdeniz Üniversitesi,TR,Turkey,XL,5.7,4.8,3.5,3.0,1.2,1.1,33.7,2.0,1.0,-,akdeniz üniversitesi,,,,,,,,,,,,,,
,,,,,,,,,,,,,,,,akita,1737.0,Akita University,Japan,5035.0,10.8,4%,35 : 65,21.2325,26.7,13.9,18.6,41.5,27.8,2025.0
,,,,,,,,,,,,,,,,aksaray,1964.0,Aksaray University,Turkey,20546.0,23.0,9%,49 : 51,15.991,11.8,9.1,23.1,19.9,28.6,2025.0
552,611-620,Al Ain University,AE,United Arab Emirates,S,22.6,15.7,13.4,5.9,100.0,100.0,27.5,5.9,5.2,22.5,al ain,460.0,Al Ain University,United Arab Emirates,2546.0,12.1,61%,52 : 48,47.32,34.9,38.0,59.7,17.3,98.7,2025.0
,,,,,,,,,,,,,,,,al al-bayt,999.0,Al al-Bayt University,Jordan,18857.0,41.1,4%,60 : 40,34.4905,12.6,11.3,76.4,17.1,51.9,2025.0
801-850,801-850,Al-Ahliyya Amman University,JO,Jordan,M,9.6,10.1,9.4,2.7,75.5,100.0,16.9,4.6,1.5,-,al-ahliyya amman,644.0,Al-Ahliyya Amman University,Jordan,4390.0,13.7,62%,49 : 51,41.9705,18.5,18.9,74.2,51.3,89.6,2025.0
1001-1200,1201-1400,Al-Azhar University,EG,Egypt,XL,13.1,10.3,11.0,1.4,1.4,9.5,58.3,22.6,1.1,-,al-azhar,953.0,Al-Azhar University,Egypt,270123.0,21.6,9%,42 : 58,35.2855,19.9,11.5,69.7,22.0,57.2,2025.0
,,,,,,,,,,,,,,,,al-baha,1182.0,Al-Baha University,Saudi Arabia,18262.0,12.9,2%,57 : 43,30.838,19.3,8.5,54.4,17.8,75.3,2025.0
1201-1400,1401+,Al-Balqa Applied University,JO,Jordan,L,5.8,6.6,4.8,2.7,7.6,2.5,32.9,3.9,6.7,-,al-balqa applied,1163.0,Al-Balqa Applied University,Jordan,24118.0,23.9,3%,59 : 41,31.26,13.1,15.5,61.3,28.2,45.1,2025.0
163,230,Al-Farabi Kazakh National University,KZ,Kazakhstan,L,54.2,79.6,99.3,1.4,49.0,54.2,64.7,59.6,29.8,51,al-farabi kazakh national,1428.0,Al-Farabi Kazakh National University,Kazakhstan,19546.0,4.8,28%,53 : 47,26.5885,29.4,11.9,24.2,18.3,86.3,2025.0
,,,,,,,,,,,,,,,,al-furat al-awsat technical,2062.0,Al-Furat Al-Awsat Technical University,Iraq,25235.0,29.4,0%,47 : 53,13.4005,11.2,8.3,17.3,18.8,23.3,2025.0
,,,,,,,,,,,,,,,,al-hussein bin talal,1474.0,Al-Hussein Bin Talal University,Jordan,11222.0,30.4,1%,54 : 46,25.6765,11.2,11.1,49.3,18.9,48.1,2025.0
,,,,,,,,,,,,,,,,al-muthanna,1893.0,Al-Muthanna University,Iraq,10806.0,13.0,0%,61 : 39,17.815,17.7,8.4,23.2,16.0,34.1,2025.0
,,,,,,,,,,,,,,,,al-nahrain,1704.0,Al-Nahrain University,Iraq,7404.0,7.0,0%,58 : 42,21.924,26.9,9.4,29.1,21.5,22.3,2025.0
,,,,,,,,,,,,,,,,al-qadisiyah,1551.0,University of Al-Qadisiyah,Iraq,24634.0,14.5,0%,52 : 48,24.451,20.0,7.8,45.5,16.1,26.6,2025.0
851-900,1001-1200,Al-Quds University,PS,"Palestinian Territory, Occupied",M,5.8,14.6,12.7,1.7,61.5,66.8,30.6,23.5,3.0,-,al-quds,,,,,,,,,,,,,,
,,,,,,,,,,,,,,,,al-zaytoonah jordan,1102.0,Al-Zaytoonah University of Jordan,Jordan,8663.0,27.0,31%,49 : 51,32.3775,12.5,16.6,59.5,17.9,70.8,2025.0
951-1000,951-1000,The University of Alabama,US,United States,XL,10.0,20.3,5.3,11.9,5.3,2.5,54.9,10.7,6.7,-,alabama,835.0,The University of Alabama,United States,35247.0,21.0,3%,57 : 43,37.55499999999999,27.1,22.1,61.3,46.1,38.9,2025.0
901-950,901-950,"University of Alabama, Birmingham",US,United States,L,5.8,4.2,56.0,16.8,,,54.5,1.7,2.0,-,"alabama, birmingham",,,,,,,,,,,,,,
,,,,,,,,,,,,,,,,alagappa,815.0,Alagappa University,India,5516.0,14.9,0%,60 : 40,37.8505,36.0,14.0,62.3,29.7,43.9,2025.0
801-850,781-790,University of Alaska Fairbanks,US,United States,S,2.7,2.0,98.8,12.9,4.8,3.0,42.6,4.2,2.5,-,alaska fairbanks,607.0,University of Alaska Fairbanks,United States,2771.0,8.3,6%,55 : 45,42.9585,34.0,31.0,55.3,51.9,70.3,2025.0
212,192,Albert-Ludwigs-Universitaet Freiburg,DE,Germany,L,43.1,24.5,24.6,52.2,67.6,33.7,92.3,32.5,90.0,44.8,albert-ludwigs-universitaet freiburg,,,,,,,,,,,,,,
96,111,University of Alberta,CA,Canada,XL,57.0,42.2,39.1,61.3,98.3,71.0,96.0,70.0,97.6,61.2,alberta,116.0,University of Alberta,Canada,34169.0,23.9,27%,,65.232,48.2,56.7,79.3,100.0,90.4,2025.0
,,,,,,,,,,,,,,,,alberto hurtado,1871.0,Alberto Hurtado University,Chile,7095.0,20.7,2%,57 : 43,18.4195,13.8,14.7,22.2,15.7,37.3,2025.0
,,,,,,,,,,,,,,,,alborz medical sciences,783.0,Alborz University of Medical Sciences,Iran,3412.0,10.9,1%,54 : 46,38.5745,37.6,12.5,69.5,24.0,27.3,2025.0
,,,,,,,,,,,,,,,,alcalá,954.0,University of Alcalá,Spain,16794.0,11.6,18%,58 : 42,35.242,27.5,17.0,53.6,43.3,58.5,2025.0
801-850,901-950,Alexandria University ,EG,Egypt,XL,23.1,18.3,4.5,2.0,1.7,4.8,76.4,24.3,6.9,-,alexandria,1014.0,Alexandria University,Egypt,199537.0,20.6,5%,60 : 40,34.04899999999999,19.2,18.6,59.5,29.9,52.6,2025.0
1201-1400,1201-1400,Alexandru Ioan Cuza University,RO,Romania,L,7.5,11.9,5.5,3.0,3.5,9.6,40.2,14.3,3.2,-,alexandru ioan cuza,1654.0,Alexandru Ioan Cuza University,Romania,24049.0,21.2,8%,55 : 45,22.8565,19.0,12.0,30.8,38.1,40.1,2025.0
791-800,731-740,Alfaisal University,SA,Saudi Arabia,S,4.8,3.0,21.6,10.6,100.0,89.0,19.1,4.4,1.1,-,alfaisal,631.0,Alfaisal University,Saudi Arabia,3475.0,11.3,36%,58 : 42,42.3515,23.3,17.1,71.1,47.1,97.4,2025.0
,,,,,,,,,,,,,,,,algarve,1041.0,University of Algarve,Portugal,9294.0,15.3,18%,55 : 45,33.5175,18.2,20.6,54.4,27.3,63.5,2025.0
801-850,801-850,University of Alicante,ES,Spain,L,13.5,6.7,25.3,7.7,7.3,12.8,71.7,7.6,31.3,-,alicante,1055.0,University of Alicante,Spain,22503.0,14.0,8%,59 : 41,33.27,26.1,21.3,46.9,56.4,40.9,2025.0
1001-1200,1001-1200,Aligarh Muslim University,IN,India,L,11.1,2.8,16.2,12.1,1.0,1.4,46.0,2.7,13.2,-,aligarh muslim,679.0,Aligarh Muslim University,India,19237.0,11.6,1%,42 : 58,41.152,42.4,15.3,65.9,36.3,39.8,2025.0
,,,,,,,,,,,,,,,,allameh tabataba ’i,1521.0,Allameh Tabataba ’i University,Iran,14874.0,27.8,3%,57 : 43,24.8875,29.0,14.6,29.8,22.9,29.9,2025.0
133,154,Alma Mater Studiorum - University of Bologna,IT,Italy,XL,80.8,47.8,3.7,46.6,14.5,12.3,96.0,53.8,88.4,54.1,alma mater studiorum - bologna,,,,,,,,,,,,,,
951-1000,801-850,Almaty Technological University,KZ,Kazakhstan,M,6.2,4.2,88.1,1.0,25.0,4.8,2.9,3.3,1.1,-,almaty technological,,,,,,,,,,,,,,
,,,,,,,,,,,,,,,,almería,1156.0,University of Almería,Spain,13015.0,17.1,12%,56 : 44,31.33,21.6,19.9,48.7,30.8,44.6,2025.0
741-750,701-710,Altai State University,RU,Russia,M,11.7,3.3,87.5,1.4,6.3,60.0,18.8,1.9,10.1,-,altai state,1683.0,Altai State University,Russian Federation,9032.0,18.5,28%,55 : 45,22.2805,21.9,17.6,16.4,24.9,64.0,2025.0
,,,,,,,,,,,,,,,,altınbaş,1786.0,Altınbaş University,Turkey,11139.0,30.2,52%,42 : 58,20.154499999999995,12.9,11.5,27.3,20.1,53.6,2025.0
,,,,,,,,,,,,,,,,alzahra,1613.0,Alzahra University,Iran,10105.0,28.5,2%,100 : 0,23.437,23.6,16.4,28.1,24.1,31.0,2025.0
,,,,,,,,,,,,,,,,amedeo avogadro eastern piedmont,813.0,Amedeo Avogadro University of Eastern Piedmont,Italy,15568.0,37.9,9%,61 : 39,37.95,13.3,23.4,71.6,51.2,49.5,2025.0
711-720,791-800,American University,US,United States,M,16.2,29.3,32.9,4.3,8.0,19.4,30.6,40.5,4.8,-,american,715.0,American University,United States,13616.0,12.8,11%,63 : 37,40.212,34.8,19.0,65.0,40.9,44.0,2025.0
,,,,,,,,,,,,,,,,american beirut,521.0,American University of Beirut,Lebanon,8100.0,8.5,19%,49 : 51,45.1835,33.2,23.1,66.6,85.2,70.7,2025.0
250,226,American University of Beirut (AUB),LB,Lebanon,M,28.6,29.5,48.5,28.9,63.2,37.0,73.1,97.0,80.5,40.6,american beirut (aub),,,,,,,,,,,,,,
410,415,The American University in Cairo,EG,Egypt,M,32.1,31.1,35.5,5.2,97.0,3.8,29.4,75.6,14.6,29,american in cairo,760.0,American University in Cairo,Egypt,6068.0,14.1,7%,58 : 42,38.93,26.5,26.8,55.4,33.2,71.9,2025.0
621-630,601-610,American University in Dubai,AE,United Arab Emirates,S,10.3,16.9,25.2,1.9,100.0,100.0,4.5,41.3,1.0,-,american in dubai,,,,,,,,,,,,,,
,,,,,,,,,,,,,,,,american international – bangladesh,1416.0,American International University – Bangladesh,Bangladesh,10909.0,20.7,1%,24 : 76,26.849,12.1,9.2,57.8,23.1,31.3,2025.0
611-620,671-680,American University of the Middle East,KW,Kuwait,M,23.1,21.6,19.7,3.7,100.0,23.0,35.1,5.1,3.5,-,american middle east,492.0,American University of the Middle East,Kuwait,5049.0,12.4,14%,63 : 37,46.211,36.2,25.0,69.5,25.3,85.6,2025.0
485,,American University of Ras Al Khaimah ( AURAK ),AE,United Arab Emirates,S,4.6,3.3,35.5,46.8,100.0,100.0,15.4,4.1,1.1,24.8,american ras al khaimah ( aurak ),,,,,,,,,,,,,,
332,364,American University of Sharjah,AE,United Arab Emirates,M,20.9,38.6,19.1,23.9,100.0,100.0,48.1,48.0,16.5,33.6,american sharjah,626.0,American University of Sharjah,United Arab Emirates,5024.0,12.8,74%,54 : 46,42.4445,23.9,24.0,65.5,54.6,88.0,2025.0
403,375,Amirkabir University of Technology,IR,"Iran, Islamic Republic of",M,5.2,20.5,4.6,100.0,24.6,2.8,70.2,5.8,1.6,29.5,amirkabir technology,383.0,Amirkabir University of Technology,Iran,9638.0,20.8,3%,34 : 66,49.91,35.3,33.0,76.3,90.6,45.5,2025.0
1001-1200,1001-1200,Amity University,IN,India,L,9.8,10.6,10.7,7.1,3.7,21.1,61.5,4.1,10.8,-,amity,,,,,,,,,,,,,,
,,,,,,,,,,,,,,,,"amity rajasthan, jaipur",1059.0,"Amity University Rajasthan, Jaipur",India,3444.0,14.2,0%,44 : 56,33.242999999999995,23.6,12.5,65.6,17.4,30.4,2025.0
,,,,,,,,,,,,,,,,"amity, gurugram",1460.0,"Amity University, Gurugram",India,5683.0,15.2,1%,50 : 50,25.9665,19.9,11.8,46.0,17.1,29.2,2025.0
,,,,,,,,,,,,,,,,"amity, noida",787.0,"Amity University, Noida",India,28507.0,15.6,12%,52 : 48,38.4935,27.0,14.0,74.5,27.4,40.3,2025.0
1001-1200,1001-1200,Amrita Vishwa Vidyapeetham,IN,India,L,5.8,4.7,24.0,5.7,35.5,1.6,39.7,1.7,1.1,-,amrita vishwa vidyapeetham,,,,,,,,,,,,,,
55,53,University of Amsterdam,NL,Netherlands,XL,83.8,52.1,21.4,92.2,96.0,87.5,96.3,79.8,38.2,73.7,amsterdam,59.0,University of Amsterdam,Netherlands,29759.0,12.8,39%,60 : 40,73.80249999999998,54.5,63.8,97.1,77.2,93.4,2025.0
1001-1200,1001-1200,An-Najah National University,PS,"Palestinian Territory, Occupied",L,7.7,12.1,7.3,2.3,34.6,24.8,31.8,21.8,1.1,-,an-najah national,1321.0,An-Najah National University,Palestine,24995.0,24.5,12%,66 : 34,28.397,20.7,11.0,44.6,23.2,63.9,2025.0
1201-1400,1201-1400,Anadolu University,TR,Turkey,L,4.9,3.9,13.1,2.6,1.8,2.9,17.5,13.9,1.0,-,anadolu,1112.0,Anadolu University,Turkey,22455.0,17.1,5%,54 : 46,32.196,26.1,11.0,60.0,20.6,33.1,2025.0
,,,,,,,,,,,,,,,,anbar,1499.0,University of Anbar,Iraq,28185.0,12.7,1%,55 : 45,25.192000000000004,20.3,8.7,43.4,34.7,30.3,2025.0
,,,,,,,,,,,,,,,,"andes, chile",1556.0,"University of the Andes, Chile",Chile,10206.0,18.0,2%,56 : 44,24.3915,20.8,15.3,31.1,20.9,48.7,2025.0
,,,,,,,,,,,,,,,,"andes, colombia",1056.0,"University of the Andes, Colombia",Colombia,16133.0,14.0,2%,45 : 55,33.2605,23.8,21.0,47.6,36.3,58.9,2025.0
,,,,,,,,,,,,,,,,"andes, venezuela",1943.0,"University of the Andes, Venezuela",Venezuela,20855.0,10.9,1%,60 : 40,16.5185,20.7,8.8,10.5,24.0,50.0,2025.0
,,,,,,,,,,,,,,,,angers,1320.0,University of Angers,France,26295.0,26.8,13%,65 : 35,28.4075,15.1,14.1,43.6,48.1,64.8,2025.0
,,,,,,,,,,,,,,,,anglia ruskin (aru),599.0,Anglia Ruskin University (ARU),United Kingdom,18490.0,20.3,38%,62 : 38,43.30850000000001,20.6,15.0,82.4,29.1,93.3,2025.0
,,,,,,,,,,,,,,,,ankara,1693.0,Ankara University,Turkey,11319.0,6.7,6%,56 : 44,22.041000000000004,18.1,12.3,30.7,32.3,35.1,2025.0
,,,,,,,,,,,,,,,,ankara yildirim beyazit,1745.0,Ankara Yildirim Beyazit University,Turkey,23081.0,22.3,11%,56 : 44,21.118,18.6,12.9,28.2,23.5,33.2,2025.0
801-850,901-950,Ankara Üniversitesi,TR,Turkey,XL,20.2,16.8,7.8,2.6,2.3,4.6,70.6,53.5,2.9,-,ankara üniversitesi,,,,,,,,,,,,,,
383,427,Anna University,IN,India,L,10.0,12.0,5.5,100.0,,1.3,89.2,5.9,24.7,30.6,anna,488.0,Anna University,India,11855.0,12.8,1%,42 : 58,46.3655,36.9,28.7,76.7,65.8,20.2,2025.0
,,,,,,,,,,,,,,,,antioquia,1442.0,University of Antioquia,Colombia,37067.0,18.1,0%,51 : 49,26.3255,19.0,19.7,34.7,40.5,39.7,2025.0
,,,,,,,,,,,,,,,,antofagasta,1457.0,University of Antofagasta,Chile,7978.0,13.3,2%,56 : 44,25.9785,18.5,9.5,43.5,17.4,53.6,2025.0
,,,,,,,,,,,,,,,,antonio nariño,1702.0,Antonio Nariño University,Colombia,14046.0,12.5,1%,57 : 43,21.9725,18.2,8.0,32.7,16.4,50.9,2025.0
267,248,University of Antwerp,BE,Belgium,L,24.1,11.3,37.5,48.1,94.4,32.0,94.6,44.8,74.8,38.7,antwerp,168.0,University of Antwerp,Belgium,16398.0,32.3,18%,57 : 43,60.731,38.1,44.6,89.9,98.5,75.3,2025.0
1201-1400,1201-1400,Aoyama Gakuin University,JP,Japan,L,7.0,10.9,5.2,1.8,15.4,2.5,6.2,9.5,1.0,-,aoyama gakuin,2018.0,Aoyama Gakuin University,Japan,20276.0,12.3,2%,49 : 51,14.879499999999998,19.6,9.0,9.3,25.5,35.7,2025.0
539,582,Applied Science University - Bahrain,BH,Bahrain,S,23.5,25.0,39.3,2.0,100.0,46.8,13.3,11.3,1.7,22.8,applied science - bahrain,,,,,,,,,,,,,,
,,,,,,,,,,,,,,,,applied science private,573.0,Applied Science Private University,Jordan,3776.0,10.7,24%,53 : 47,44.093,22.0,17.7,84.2,20.5,85.2,2025.0
851-900,,Applied Science Private University - Jordan,JO,Jordan,S,9.9,15.7,28.6,3.1,39.3,59.7,10.4,4.6,1.8,-,applied science private - jordan,,,,,,,,,,,,,,
,,,,,,,,,,,,,,,,applied sciences and arts of western switzerland,1309.0,University of Applied Sciences and Arts of Western Switzerland,Switzerland,17909.0,6.3,29%,54 : 46,28.6765,24.3,13.5,33.4,29.2,85.4,2025.0
1001-1200,1001-1200,"Arab Academy for Science, Technology and Maritime Transport",EG,Egypt,L,7.4,8.4,33.0,1.5,6.8,20.4,29.8,11.4,1.6,-,"arab academy for science, technology and maritime transport",1213.0,"Arab Academy for Science, Technology and Maritime Transport",Egypt,35916.0,12.6,9%,32 : 68,30.4025,29.4,17.0,39.4,26.8,52.1,2025.0
,,,,,,,,,,,,,,,,arabian gulf,507.0,Arabian Gulf University,Bahrain,1538.0,6.5,70%,71 : 29,45.585,44.5,12.7,68.9,27.3,93.5,2025.0
,,,,,,,,,,,,,,,,arak,1668.0,Arak University,Iran,6722.0,16.2,12%,58 : 42,22.5885,20.7,11.9,31.7,23.9,34.2,2025.0
,,,,,,,,,,,,,,,,arak medical sciences,869.0,Arak University of Medical Sciences,Iran,3545.0,11.9,4%,55 : 45,36.924,34.5,11.5,69.0,24.1,23.3,2025.0
,,,,,,,,,,,,,,,,ariel,1424.0,Ariel University,Israel,13670.0,20.2,1%,51 : 49,26.6505,16.6,19.6,40.3,36.3,33.7,2025.0
508,530,Aristotle University of Thessaloniki,GR,Greece,XL,28.2,26.1,4.3,15.8,1.7,4.1,90.5,38.3,44.3,23.9,aristotle thessaloniki,892.0,Aristotle University of Thessaloniki,Greece,48660.0,17.6,5%,58 : 42,36.4445,21.3,19.3,64.6,60.6,36.8,2025.0
293,285,The University of Arizona,US,United States,XL,37.3,22.2,44.4,38.8,31.6,15.1,94.1,37.1,40.4,37,arizona,136.0,University of Arizona,United States,47926.0,19.6,7%,57 : 43,62.6895,48.0,52.8,86.3,81.0,54.5,2025.0
200,179,Arizona State University,US,United States,XL,48.6,44.1,7.4,47.1,52.1,37.2,95.7,23.6,96.3,46.2,arizona state,,,,,,,,,,,,,,
,,,,,,,,,,,,,,,,arizona state (tempe),212.0,Arizona State University (Tempe),United States,50855.0,19.8,15%,46 : 54,57.984,38.5,45.2,84.4,70.9,71.5,2025.0
,,,,,,,,,,,,,,,,arkansas,585.0,University of Arkansas,United States,26280.0,19.6,4%,56 : 44,43.7,29.4,31.9,68.1,65.4,36.4,2025.0
1001-1200,1001-1200,University of Arkansas Fayetteville ,US,United States,L,5.8,3.5,6.3,11.9,4.8,3.0,51.6,15.4,3.8,-,arkansas fayetteville,,,,,,,,,,,,,,
,,,,,,,,,,,,,,,,arts et métiers,988.0,Arts et Métiers,France,6140.0,16.7,13%,18 : 82,34.645,31.0,20.1,38.4,75.9,68.2,2025.0
611-620,621-630,Asia Pacific University of Technology and Innovation (APU),MY,Malaysia,S,9.3,12.5,62.2,1.6,92.0,100.0,6.8,4.0,1.6,-,asia pacific technology and innovation (apu),,,,,,,,,,,,,,
801-850,901-950,Asia University Taiwan,TW,Taiwan,M,5.9,1.8,3.6,52.5,9.9,3.2,57.1,2.0,1.7,-,asia taiwan,,,,,,,,,,,,,,
,,,,,,,,,,,,,,,,"asia, taiwan",455.0,"Asia University, Taiwan",Taiwan,10913.0,30.9,4%,63 : 37,47.4485,17.4,36.5,83.5,72.7,50.3,2025.0
1001-1200,1001-1200,Assiut University ,EG,Egypt,XL,11.4,9.8,13.6,2.2,11.8,3.5,56.0,2.5,5.4,-,assiut,1298.0,Assiut University,Egypt,96739.0,16.5,6%,40 : 60,28.951,19.0,11.3,49.2,23.6,58.2,2025.0
423,446,Aston University,UK,United Kingdom,L,12.5,18.5,9.0,34.4,94.2,53.8,79.2,19.6,46.9,28.1,aston,396.0,Aston University,United Kingdom,13850.0,19.5,30%,48 : 52,49.496,20.4,26.5,86.7,64.2,96.2,2025.0
,,,,,,,,,,,,,,,,aswan,1044.0,Aswan University,Egypt,35637.0,43.1,1%,56 : 44,33.48499999999999,16.9,12.5,67.5,21.3,50.3,2025.0
1201-1400,1401+,Ataturk University,TR,Turkey,XL,5.8,2.3,2.9,4.4,3.2,7.4,39.4,7.8,1.1,-,ataturk,,,,,,,,,,,,,,
,,,,,,,,,,,,,,,,atatürk,1084.0,Atatürk University,Turkey,42757.0,26.1,9%,41 : 59,32.7235,24.8,25.8,47.9,27.2,32.9,2025.0
516,563,Ateneo de Manila University,PH,Philippines,L,21.4,64.5,24.4,1.8,2.9,2.5,23.0,70.6,15.6,23.6,ateneo de manila,1094.0,Ateneo de Manila University,Philippines,14282.0,10.2,1%,55 : 45,32.5925,30.1,10.8,57.0,24.4,33.4,2025.0
951-1000,901-950,Athens University of Economics and Business,GR,Greece,M,7.6,29.3,1.7,20.0,1.6,3.1,14.0,20.9,2.4,-,athens economics and business,1021.0,Athens University of Economics and Business,Greece,8957.0,45.9,5%,46 : 54,33.8475,18.2,23.5,52.6,62.9,44.9,2025.0
1201-1400,1201-1400,Atma Jaya Catholic University Jakarta,ID,Indonesia,M,6.8,7.7,8.7,1.3,3.4,1.2,7.5,18.0,1.1,-,atma jaya catholic jakarta,,,,,,,,,,,,,,
,,,,,,,,,,,,,,,,atılım,1637.0,Atılım University,Turkey,9249.0,12.9,9%,41 : 59,23.1,18.7,9.6,35.3,20.3,45.3,2025.0
951-1000,801-850,Auburn University,US,United States,L,7.1,7.7,7.6,17.2,27.6,6.0,54.7,16.4,10.9,-,auburn,637.0,Auburn University,United States,28249.0,18.3,8%,51 : 49,42.224,35.0,26.7,56.8,69.9,57.6,2025.0
65,68,The University of Auckland,NZ,New Zealand,XL,82.2,44.7,15.5,66.9,100.0,84.0,87.4,92.9,99.7,69.7,auckland,152.0,University of Auckland,New Zealand,34626.0,24.4,31%,56 : 44,61.8475,40.4,46.4,87.8,87.4,88.5,2025.0
,,,,,,,,,,,,,,,,auckland technology,501.0,Auckland University of Technology,New Zealand,17888.0,16.4,45%,61 : 39,45.9545,22.5,21.4,81.5,44.4,91.8,2025.0
412,407,Auckland University of Technology (AUT),NZ,New Zealand,L,19.3,11.2,10.6,21.7,100.0,99.8,52.6,12.4,72.6,28.9,auckland technology (aut),,,,,,,,,,,,,,
621-630,611-620,Auezov South Kazakhstan University (SKU),KZ,Kazakhstan,L,18.5,28.7,89.5,1.0,12.9,16.2,4.0,3.2,2.6,-,auezov south kazakhstan (sku),,,,,,,,,,,,,,
,,,,,,,,,,,,,,,,austral,1138.0,Austral University,Argentina,5205.0,9.0,8%,53 : 47,31.7525,24.6,11.5,54.2,23.7,52.7,2025.0
,,,,,,,,,,,,,,,,austral chile,1640.0,Austral University of Chile,Chile,18994.0,18.5,1%,54 : 46,23.078,15.6,15.3,29.1,32.6,53.4,2025.0
901-950,801-850,Australian Catholic University,AU,Australia,L,8.2,8.9,5.1,12.1,71.0,41.7,33.9,1.7,2.7,-,australian catholic,413.0,Australian Catholic University,Australia,23279.0,34.8,20%,76 : 24,48.88,16.7,25.4,97.1,25.0,86.1,2025.0
30,34,The Australian National University,AU,Australia,L,93.8,75.4,34.6,84.6,100.0,96.2,91.4,56.6,97.1,82.4,australian national,73.0,Australian National University,Australia,17100.0,14.8,48%,53 : 47,70.685,53.6,65.1,85.0,86.1,94.0,2025.0
,,,,,,,,,,,,,,,,autonomous baja california,2056.0,Autonomous University of Baja California,Mexico,68621.0,21.4,3%,55 : 45,13.6645,14.0,8.7,12.5,17.6,34.1,2025.0
,,,,,,,,,,,,,,,,autonomous madrid,366.0,Autonomous University of Madrid,Spain,30249.0,13.3,16%,62 : 38,50.617,40.1,31.1,75.2,66.4,60.7,2025.0
,,,,,,,,,,,,,,,,autonomous sinaloa,1483.0,Autonomous University of Sinaloa,Mexico,79904.0,17.5,9%,97 : 3,25.536,14.7,2.9,55.6,16.4,40.3,2025.0
359,344,University of Aveiro,PT,Portugal,L,13.9,5.6,11.1,90.6,4.2,15.3,89.0,2.7,57.7,31.9,aveiro,743.0,University of Aveiro,Portugal,13711.0,16.1,11%,54 : 46,39.4945,29.2,30.1,54.9,52.6,47.7,2025.0
,,,,,,,,,,,,,,,,aydın adnan menderes,1720.0,Aydın Adnan Menderes University,Turkey,14365.0,15.7,3%,50 : 50,21.569,28.5,18.1,17.8,21.0,23.1,2025.0
,,,,,,,,,,,,,,,,azad jammu and kashmir,1294.0,University of Azad Jammu and Kashmir,Pakistan,6532.0,23.7,0%,64 : 36,29.057,14.1,11.5,57.2,18.0,49.1,2025.0
,,,,,,,,,,,,,,,,azarbaijan shahid madani,1119.0,Azarbaijan Shahid Madani University,Iran,6822.0,16.4,2%,61 : 39,32.108,19.7,12.1,65.5,19.0,31.7,2025.0
1001-1200,1001-1200,Azerbaijan State University of Economics,AZ,Azerbaijan,L,13.0,14.5,26.1,1.2,14.2,3.4,4.6,38.6,1.9,-,azerbaijan state economics,,,,,,,,,,,,,,
1001-1200,1201-1400,Azerbaijan State Oil and Industry University,AZ,Azerbaijan,L,7.3,5.3,29.9,1.1,17.4,2.6,6.6,31.4,,-,azerbaijan state oil and industry,2019.0,Azerbaijan State Oil and Industry University,Azerbaijan,14876.0,12.5,3%,32 : 68,14.798999999999998,21.1,7.6,10.7,16.2,33.5,2025.0
,,,,,,,,,,,,,,,,azores,1053.0,University of the Azores,Portugal,2877.0,14.8,7%,75 : 25,33.321,21.3,19.8,56.1,19.2,49.3,2025.0
,,,,,,,,,,,,,,,,b. s. abdur rahman crescent institute of science and technology,1527.0,B. S. Abdur Rahman Crescent Institute of Science and Technology,India,8863.0,17.0,0%,30 : 70,24.8465,22.3,10.5,41.5,23.2,24.6,2025.0
781-790,801-850,Babes-Bolyai University,RO,Romania,XL,15.5,19.5,5.3,4.4,7.8,3.8,80.1,26.7,42.7,-,babes-bolyai,,,,,,,,,,,,,,
,,,,,,,,,,,,,,,,babeş-bolyai,1278.0,Babeş-Bolyai University,Romania,42557.0,20.4,4%,64 : 36,29.224499999999995,19.3,16.4,48.9,31.0,38.2,2025.0
,,,,,,,,,,,,,,,,babol medical sciences,747.0,Babol University of Medical Sciences,Iran,4182.0,11.6,1%,55 : 45,39.34799999999999,41.0,12.4,70.5,20.3,22.6,2025.0
,,,,,,,,,,,,,,,,babol noshirvani technology,574.0,Babol Noshirvani University of Technology,Iran,5768.0,26.1,2%,35 : 65,44.091,22.8,22.1,92.0,32.9,27.2,2025.0
1201-1400,1201-1400,University of Babylon,IQ,Iraq,L,4.6,9.8,14.5,2.0,1.1,1.0,29.9,4.3,1.2,-,babylon,1632.0,University of Babylon,Iraq,29288.0,13.8,0%,55 : 45,23.1265,25.7,8.6,35.7,21.4,19.8,2025.0
,,,,,,,,,,,,,,,,badji mokhtar – annaba,1649.0,Badji Mokhtar University – Annaba,Algeria,33857.0,10.0,2%,71 : 29,22.9915,43.0,8.7,14.5,21.9,34.1,2025.0
801-850,951-1000,University of Baghdad,IQ,Iraq,XL,11.0,16.9,24.6,1.5,2.4,1.1,63.5,72.7,3.1,-,baghdad,1771.0,University of Baghdad,Iraq,77080.0,12.8,0%,59 : 41,20.557,25.2,12.1,23.8,25.1,19.6,2025.0
1201-1400,1201-1400,Bahauddin Zakariya University ,PK,Pakistan,XL,6.0,6.2,1.8,14.6,,1.0,44.6,4.1,1.0,-,bahauddin zakariya,1062.0,Bahauddin Zakariya University,Pakistan,18672.0,18.5,0%,40 : 60,33.222,20.1,12.9,63.5,21.6,48.5,2025.0
951-1000,951-1000,University of Bahrain,BH,Bahrain,L,9.7,5.1,7.0,2.2,87.0,8.9,36.2,36.3,1.1,-,bahrain,,,,,,,,,,,,,,
,,,,,,,,,,,,,,,,bahria,1051.0,Bahria University,Pakistan,21123.0,20.8,1%,48 : 52,33.385,13.7,10.2,72.2,25.7,49.3,2025.0
,,,,,,,,,,,,,,,,bahçeşehir,923.0,Bahçeşehir University,Turkey,19003.0,46.6,24%,50 : 50,35.914,18.3,23.2,59.1,35.0,62.1,2025.0
951-1000,1001-1200,Baku State University,AZ,Azerbaijan,L,12.9,5.5,41.7,1.4,5.3,2.2,16.7,47.7,1.3,-,baku state,1873.0,Baku State University,Azerbaijan,22120.0,12.6,2%,61 : 39,18.3445,22.9,9.1,17.8,19.0,38.0,2025.0
,,,,,,,,,,,,,,,,balearic islands,969.0,University of the Balearic Islands,Spain,12240.0,9.4,8%,60 : 40,34.975500000000004,26.2,16.4,56.6,41.2,51.5,2025.0
,,,,,,,,,,,,,,,,"balochistan information technology, engineering and management sciences (buitems)",1496.0,"Balochistan University of Information Technology, Engineering and Management Sciences (BUITEMS)",Pakistan,11687.0,17.0,0%,25 : 75,25.253000000000004,14.0,9.7,46.2,19.0,49.2,2025.0
1001-1200,1001-1200,Banaras Hindu University,IN,India,L,13.5,8.0,12.4,9.0,1.2,1.7,56.4,8.8,2.7,-,banaras hindu,623.0,Banaras Hindu University,India,13954.0,8.9,3%,43 : 57,42.4915,48.7,17.9,65.9,29.6,26.4,2025.0
256,281,Bandung Institute of Technology (ITB),ID,Indonesia,L,43.2,72.7,55.8,2.6,94.4,3.8,26.3,49.2,37.6,39.9,bandung institute of technology (itb),1490.0,Bandung Institute of Technology (ITB),Indonesia,28650.0,16.3,4%,44 : 56,25.3705,22.6,17.5,30.3,39.4,39.5,2025.0
,,,,,,,,,,,,,,,,bangabandhu sheikh mujibur rahman agricultural,829.0,Bangabandhu Sheikh Mujibur Rahman Agricultural University,Bangladesh,1836.0,8.5,3%,55 : 45,37.639,24.6,9.1,77.3,16.7,51.8,2025.0
,,,,,,,,,,,,,,,,bangladesh agricultural (bau),1093.0,Bangladesh Agricultural University (BAU),Bangladesh,6937.0,10.9,1%,47 : 53,32.601,24.4,9.6,60.1,22.1,49.4,2025.0
761-770,801-850,Bangladesh University of Engineering and Technology,BD,Bangladesh,M,16.9,36.6,13.6,14.9,,1.0,25.1,22.2,1.2,-,bangladesh engineering and technology,1025.0,Bangladesh University of Engineering and Technology,Bangladesh,6040.0,12.2,0%,23 : 77,33.747499999999995,22.5,16.4,62.2,33.1,31.6,2025.0
474,481,Bangor University,UK,United Kingdom,M,8.6,5.8,12.1,43.0,40.7,52.3,75.0,8.1,82.9,25.2,bangor,491.0,Bangor University,United Kingdom,8545.0,15.4,26%,60 : 40,46.228,28.7,25.7,70.7,61.9,88.3,2025.0
,,,,,,,,,,,,,,,,baqiyatallah medical sciences,692.0,Baqiyatallah University of Medical Sciences,Iran,2200.0,6.3,2%,23 : 77,40.6735,47.0,25.2,51.2,61.7,22.3,2025.0
671-680,545,Bar-Ilan University,IL,Israel,L,7.8,6.1,7.5,48.1,46.4,2.7,50.1,22.9,4.2,-,bar-ilan,619.0,Bar-Ilan University,Israel,19524.0,18.9,5%,60 : 40,42.581,32.5,34.2,53.5,86.2,47.7,2025.0
,,,,,,,,,,,,,,,,barcelona,150.0,University of Barcelona,Spain,45402.0,15.2,12%,64 : 36,62.001000000000005,41.6,50.1,90.2,80.5,65.6,2025.0
801-850,741-750,University of Bari,IT,Italy,L,12.4,3.0,4.6,25.0,4.9,2.0,81.6,7.7,25.7,-,bari,,,,,,,,,,,,,,
,,,,,,,,,,,,,,,,bari aldo moro,684.0,University of Bari Aldo Moro,Italy,29891.0,19.3,2%,62 : 38,40.89450000000001,19.8,25.7,74.4,61.7,37.5,2025.0
,,,,,,,,,,,,,,,,bartin,1022.0,Bartin University,Turkey,11985.0,27.4,10%,45 : 55,33.814,12.0,15.1,75.0,17.0,36.2,2025.0
131,124,University of Basel,CH,Switzerland,M,26.6,13.5,61.4,94.5,100.0,85.8,89.4,69.9,44.6,54.3,basel,126.0,University of Basel,Switzerland,8527.0,10.2,33%,57 : 43,64.20100000000001,50.5,42.7,86.0,99.7,95.1,2025.0
,,,,,,,,,,,,,,,,bashkir state medical,1716.0,Bashkir State Medical University,Russian Federation,9213.0,6.7,32%,57 : 43,21.6165,29.7,9.6,19.0,17.4,49.0,2025.0
641-650,621-630,University of the Basque Country,ES,Spain,XL,19.5,7.3,32.8,19.0,2.4,3.5,90.8,22.8,7.3,-,basque country,687.0,University of the Basque Country,Spain,41749.0,14.9,5%,60 : 40,40.82,27.8,23.9,66.3,60.2,45.2,2025.0
1201-1400,1201-1400,University of Basrah,IQ,Iraq,XL,5.5,9.3,18.4,1.4,1.3,1.1,33.7,10.0,1.0,-,basrah,2020.0,University of Basrah,Iraq,50118.0,15.7,0%,64 : 36,14.7885,19.2,7.9,14.6,16.9,23.7,2025.0
150,148,University of Bath,UK,United Kingdom,L,35.8,67.9,18.3,52.0,94.3,80.0,84.2,35.2,90.4,52.1,bath,259.0,University of Bath,United Kingdom,15200.0,15.7,30%,45 : 55,55.499,37.5,35.5,81.3,66.6,94.5,2025.0
,,,,,,,,,,,,,,,,batna 2,2046.0,University of Batna 2,Algeria,24509.0,20.5,1%,55 : 45,14.04,19.2,8.1,10.5,16.8,29.4,2025.0
298,319,Bauman Moscow State Technical University,RU,Russia,L,36.2,51.9,99.9,1.4,65.6,70.0,15.2,7.7,6.8,36.5,bauman moscow state technical,360.0,Bauman Moscow State Technical University,Russian Federation,15858.0,6.7,19%,44 : 56,50.8925,73.6,49.3,27.5,52.4,60.5,2025.0
,,,,,,,,,,,,,,,,bayero,1301.0,Bayero University,Nigeria,37377.0,22.3,0%,37 : 63,28.9275,21.1,9.5,52.0,17.2,48.8,2025.0
1001-1200,1001-1200,Baylor University,US,United States,L,6.1,9.1,11.9,7.5,2.4,3.8,41.8,11.6,4.0,-,baylor,727.0,Baylor University,United States,20958.0,18.3,6%,61 : 39,39.8275,40.6,21.6,56.4,45.6,37.9,2025.0
527,509,University of Bayreuth,DE,Germany,M,10.2,15.7,50.3,25.8,54.8,21.2,75.1,9.0,11.3,23.2,bayreuth,339.0,University of Bayreuth,Germany,7655.0,20.7,15%,45 : 55,51.584,38.9,41.2,66.1,81.7,67.5,2025.0
,,,,,,,,,,,,,,,,başkent,1927.0,Başkent University,Turkey,14125.0,13.9,3%,49 : 51,16.9015,19.9,11.7,16.6,23.7,22.8,2025.0
,,,,,,,,,,,,,,,,bedfordshire,1047.0,University of Bedfordshire,United Kingdom,12935.0,26.9,66%,60 : 40,33.4335,16.6,14.0,56.4,30.1,84.7,2025.0
,,,,,,,,,,,,,,,,beihang,279.0,Beihang University,China,33486.0,12.8,4%,,54.5075,44.1,46.3,71.3,99.9,35.8,2025.0
452,473,Beihang University (former BUAA),CN,China (Mainland),L,12.1,7.8,41.5,72.1,7.0,4.5,51.2,12.8,4.3,26.4,beihang (former buaa),,,,,,,,,,,,,,
701-710,721-730,Beijing University of Chemical Technology,CN,China (Mainland),L,4.5,1.8,19.0,67.1,2.5,1.7,37.2,2.4,1.3,-,beijing chemical technology,482.0,Beijing University of Chemical Technology,China,25350.0,19.9,1%,37 : 63,46.60049999999999,25.8,27.7,85.1,93.1,22.7,2025.0
1201-1400,1001-1200,Beijing University of Chinese Medicine,CN,China (Mainland),M,4.4,1.6,37.2,9.4,,8.8,7.1,3.0,1.0,-,beijing chinese medicine,,,,,,,,,,,,,,
1201-1400,1001-1200,Beijing Foreign Studies University,CN,China (Mainland),M,5.7,2.9,25.9,1.5,19.6,25.8,3.4,7.4,1.0,-,beijing foreign studies,,,,,,,,,,,,,,
302,340,Beijing Institute of Technology,CN,China (Mainland),XL,23.2,24.3,43.4,82.0,5.7,6.7,68.6,14.3,10.1,35.9,beijing institute of technology,245.0,Beijing Institute of Technology,China,32882.0,12.8,9%,,56.16299999999999,45.4,44.0,76.3,98.5,42.4,2025.0
901-950,901-950,Beijing Jiaotong University,CN,China (Mainland),L,9.7,5.4,15.2,31.8,4.7,9.6,29.1,9.6,1.2,-,beijing jiaotong,,,,,,,,,,,,,,
271,272,Beijing Normal University ,CN,China (Mainland),L,33.9,10.3,24.2,92.6,6.6,21.3,70.8,10.5,19.7,38.5,beijing normal,148.0,Beijing Normal University,China,27882.0,14.8,8%,,62.0965,57.5,48.4,79.9,80.7,52.0,2025.0
901-950,851-900,Beijing University of Posts and Telecommunications,CN,China (Mainland),L,3.2,2.6,10.2,49.3,4.7,1.7,18.7,13.5,1.4,-,beijing posts and telecommunications,,,,,,,,,,,,,,
801-850,801-850,Beijing University of Technology,CN,China (Mainland),L,7.7,4.9,38.2,33.1,4.7,1.8,31.9,4.2,1.6,-,beijing technology,,,,,,,,,,,,,,
,,,,,,,,,,,,,,,,beira interior,774.0,University of Beira Interior,Portugal,8179.0,17.2,20%,53 : 47,38.67999999999999,21.2,22.9,67.3,42.0,52.2,2025.0
641-650,711-720,Beirut Arab University ,LB,Lebanon,S,17.7,14.8,19.1,3.3,88.5,48.2,28.0,38.2,1.0,-,beirut arab,663.0,Beirut Arab University,Lebanon,4167.0,10.4,21%,45 : 55,41.5035,48.8,23.0,43.3,19.5,88.9,2025.0
801-850,801-850,Belarusian National Technical University (BNTU),BY,Belarus,L,14.8,26.7,51.0,1.0,2.1,34.1,5.1,5.6,,-,belarusian national technical (bntu),,,,,,,,,,,,,,
387,387,Belarusian State University,BY,Belarus,L,28.4,40.7,93.0,1.3,3.8,59.3,36.4,38.2,1.0,30.3,belarusian state,1732.0,Belarusian State University,Belarus,23445.0,7.9,22%,58 : 42,21.3175,25.2,11.5,12.2,44.9,67.9,2025.0
1201-1400,1201-1400,Belarusian State University of Informatics and Radioelectronics,BY,Belarus,M,6.6,17.1,15.3,1.2,1.1,9.3,7.4,5.9,,-,belarusian state informatics and radioelectronics,,,,,,,,,,,,,,
,,,,,,,,,,,,,,,,belgorod state national research,1840.0,Belgorod State National Research University,Russian Federation,15545.0,17.2,23%,59 : 41,19.043000000000003,22.6,15.3,11.3,33.1,43.0,2025.0
731-740,721-730,University of Belgrade,RS,Serbia,XL,17.6,8.4,4.6,5.3,2.8,4.0,95.2,96.4,3.7,-,belgrade,1004.0,University of Belgrade,Serbia,89910.0,17.7,5%,63 : 37,34.2865,22.4,27.8,50.0,37.6,41.5,2025.0
471,469,Ben-Gurion University of The Negev,IL,Israel,L,14.4,14.5,11.1,51.7,64.0,14.3,64.9,16.3,11.8,25.5,ben-gurion negev,601.0,Ben-Gurion University of the Negev,Israel,16767.0,20.8,2%,52 : 48,43.2665,35.8,31.7,59.9,72.0,35.5,2025.0
1201-1400,1201-1400,Benemérita Universidad Autónoma de Puebla,MX,Mexico,XL,13.7,5.4,2.8,1.9,2.8,1.3,24.5,2.0,1.2,-,benemérita universidad autónoma de puebla,1954.0,Benemérita Universidad Autónoma de Puebla,Mexico,82994.0,23.3,1%,52 : 48,16.299,22.0,8.9,12.3,20.2,36.4,2025.0
,,,,,,,,,,,,,,,,benha,1131.0,Benha University,Egypt,109804.0,30.0,2%,47 : 53,31.918,15.5,9.7,66.8,21.0,48.7,2025.0
,,,,,,,,,,,,,,,,beni-suef,1129.0,Beni-Suef University,Egypt,84041.0,37.7,0%,45 : 55,31.95,21.0,10.6,59.4,21.4,53.4,2025.0
,,,,,,,,,,,,,,,,benin,1427.0,University of Benin,Nigeria,44140.0,24.1,0%,50 : 50,26.614,18.6,8.6,50.6,17.7,36.6,2025.0
,,,,,,,,,,,,,,,,bergamo,1159.0,University of Bergamo,Italy,21445.0,47.8,6%,62 : 38,31.312,17.4,22.0,52.5,31.1,37.4,2025.0
291,281,University of Bergen,NO,Norway,L,31.6,8.3,64.9,28.3,93.3,16.9,90.7,63.9,33.6,37.1,bergen,278.0,University of Bergen,Norway,15607.0,13.0,12%,59 : 41,54.646,35.2,37.1,82.1,76.7,77.4,2025.0
161,126,University of Bern,CH,Switzerland,M,29.7,16.1,45.9,99.3,100.0,38.0,93.8,30.7,52.1,51.2,bern,104.0,University of Bern,Switzerland,12054.0,17.7,17%,59 : 41,65.827,46.1,47.9,92.8,99.1,87.1,2025.0
,,,,,,,,,,,,,,,,bernardo o’higgins,1971.0,Bernardo O’Higgins University,Chile,9486.0,18.8,7%,67 : 33,15.845499999999998,13.8,10.5,12.8,22.3,53.3,2025.0
,,,,,,,,,,,,,,,,bezmiâlem vakif,1642.0,Bezmiâlem Vakif University,Turkey,3519.0,10.6,4%,67 : 33,23.074,31.5,11.9,24.8,20.7,27.5,2025.0
,,,,,,,,,,,,,,,,bharath institute of higher education and research,1762.0,Bharath Institute of Higher Education and Research,India,22742.0,13.6,2%,56 : 44,20.8675,21.8,7.6,29.4,22.5,33.5,2025.0
,,,,,,,,,,,,,,,,bharathiar,846.0,Bharathiar University,India,3953.0,18.8,0%,54 : 46,37.3775,37.3,25.4,49.7,43.2,31.6,2025.0
,,,,,,,,,,,,,,,,bharathidasan,1248.0,Bharathidasan University,India,3299.0,19.4,0%,57 : 43,29.763,34.6,17.5,36.6,29.4,31.0,2025.0
,,,,,,,,,,,,,,,,bharati vidyapeeth,1789.0,Bharati Vidyapeeth University,India,10893.0,7.7,0%,52 : 48,20.102,25.9,10.2,22.2,34.9,19.3,2025.0
1201-1400,1201-1400,University of Bialystok,PL,Poland,M,5.4,2.7,24.0,2.6,,4.7,28.6,3.1,1.0,-,bialystok,,,,,,,,,,,,,,
,,,,,,,,,,,,,,,,bialystok technology,1798.0,Bialystok University of Technology,Poland,6374.0,11.0,6%,35 : 65,19.8965,21.5,13.6,22.4,20.5,27.6,2025.0
1001-1200,951-1000,Bielefeld University,DE,Germany,L,14.2,3.3,8.0,6.7,20.0,7.0,67.0,2.9,4.9,-,bielefeld,,,,,,,,,,,,,,
,,,,,,,,,,,,,,,,bilecik şeyh edebali,1869.0,Bilecik Şeyh Edebali University,Turkey,11076.0,16.8,18%,44 : 56,18.456000000000003,15.8,10.0,24.2,23.0,36.2,2025.0
477,502,Bilkent University,TR,Turkey,M,24.0,52.1,13.3,15.2,61.4,3.7,38.3,19.3,10.6,25.1,bilkent,718.0,Bilkent University,Turkey,8503.0,15.3,5%,48 : 52,40.067,29.0,26.8,50.1,92.5,66.8,2025.0
951-1000,1001-1200,Bina Nusantara University (BINUS),ID,Indonesia,L,12.5,21.8,19.9,2.1,34.7,4.3,10.7,12.9,4.1,-,bina nusantara (binus),,,,,,,,,,,,,,
1001-1200,1001-1200,Binghamton University SUNY,US,United States,L,7.0,5.1,5.7,15.8,10.8,10.3,44.2,3.9,3.1,-,binghamton suny,,,,,,,,,,,,,,
,,,,,,,,,,,,,,,,binus,1374.0,BINUS University,Indonesia,15211.0,14.1,4%,41 : 59,27.5435,21.1,21.0,35.2,49.6,35.8,2025.0
,,,,,,,,,,,,,,,,birjand,1876.0,University of Birjand,Iran,12345.0,34.1,5%,54 : 46,18.289,12.4,9.9,29.6,18.0,28.8,2025.0
,,,,,,,,,,,,,,,,birjand medical sciences,892.0,Birjand University of Medical Sciences,Iran,4054.0,12.0,5%,56 : 44,36.4445,34.4,12.3,64.6,18.3,34.9,2025.0
408,374,"Birkbeck, University of London",UK,United Kingdom,M,10.0,3.6,15.6,57.1,97.7,99.5,55.5,8.8,7.7,29.1,"birkbeck, london",325.0,"Birkbeck, University of London",United Kingdom,7625.0,15.1,41%,57 : 43,52.3685,34.7,32.2,77.8,64.6,91.6,2025.0
,,,,,,,,,,,,,,,,birla institute of technology,1085.0,Birla Institute of Technology,India,6110.0,19.5,0%,27 : 73,32.717,24.8,17.9,56.9,41.0,20.0,2025.0
801-850,951-1000,"Birla Institute of Technology and Science, Pilani",IN,India,L,11.0,19.7,8.0,20.4,2.2,2.5,37.6,25.4,30.4,-,"birla institute of technology and science, pilani",798.0,"Birla Institute of Technology and Science, Pilani",India,15852.0,15.9,3%,19 : 81,38.2615,27.1,19.8,69.4,42.0,27.0,2025.0
80,84,University of Birmingham,UK,United Kingdom,XL,68.9,69.0,39.0,40.5,92.6,89.3,97.5,44.5,96.8,64.1,birmingham,94.0,University of Birmingham,United Kingdom,32590.0,14.8,32%,57 : 43,67.09599999999999,46.7,50.5,95.1,75.3,95.1,2025.0
1001-1200,1001-1200,Birmingham City University ,UK,United Kingdom,L,6.2,4.4,7.3,3.2,42.0,73.8,27.2,6.5,1.4,-,birmingham city,908.0,Birmingham City University,United Kingdom,25145.0,17.2,28%,63 : 37,36.187,18.3,12.1,66.6,23.3,84.9,2025.0
1201-1400,1201-1400,Birzeit university,PS,"Palestinian Territory, Occupied",M,7.6,7.1,4.7,2.8,13.4,4.0,20.4,23.2,1.0,-,birzeit,,,,,,,,,,,,,,
,,,,,,,,,,,,,,,,bisha,1033.0,University of Bisha,Saudi Arabia,13187.0,11.9,2%,63 : 37,33.621,19.9,8.6,63.4,16.6,74.3,2025.0
,,,,,,,,,,,,,,,,biskra,1892.0,University of Biskra,Algeria,29730.0,18.4,0%,63 : 37,17.867,19.0,8.6,20.7,17.7,38.0,2025.0
,,,,,,,,,,,,,,,,blida 1,1960.0,Blida 1 University,Algeria,29944.0,20.9,1%,65 : 35,16.088,19.7,8.8,14.6,17.8,35.1,2025.0
418,514,Bo?aziçi University,TR,Turkey,L,24.9,65.3,4.1,10.7,10.7,2.6,46.8,84.9,46.2,28.5,bo?aziçi,,,,,,,,,,,,,,
,,,,,,,,,,,,,,,,bogomolets national medical,1957.0,Bogomolets National Medical University,Ukraine,12663.0,9.0,18%,,16.131,25.3,9.3,8.2,18.2,37.1,2025.0
,,,,,,,,,,,,,,,,bologna,147.0,University of Bologna,Italy,76955.0,24.2,14%,57 : 43,62.1045,53.1,47.7,83.8,79.8,57.0,2025.0
,,,,,,,,,,,,,,,,bolu abant izzet baysal,1780.0,Bolu Abant Izzet Baysal University,Turkey,24605.0,24.1,13%,56 : 44,20.2495,15.5,9.5,31.6,17.8,36.4,2025.0
587,567,Bond University,AU,Australia,S,4.3,4.6,47.8,28.8,70.4,86.6,26.5,8.4,1.0,21.1,bond,468.0,Bond University,Australia,3561.0,11.1,31%,56 : 44,47.14,27.7,21.7,85.5,24.7,80.5,2025.0
,,,,,,,,,,,,,,,,bonn,89.0,University of Bonn,Germany,25027.0,38.5,15%,57 : 43,67.565,51.8,57.4,89.2,86.2,72.4,2025.0
535,465,University of Bordeaux,FR,France,XL,31.3,5.5,11.5,17.6,27.1,23.3,92.9,16.7,20.1,22.9,bordeaux,445.0,University of Bordeaux,France,50941.0,21.3,15%,60 : 40,47.81049999999999,36.8,30.5,68.3,65.8,66.5,2025.0
108,93,Boston University,US,United States,L,61.9,69.1,38.3,41.3,34.3,88.9,86.9,77.2,65.9,58.1,boston,75.0,Boston University,United States,28939.0,11.7,32%,58 : 42,70.601,60.5,56.2,93.2,71.2,75.3,2025.0
631-640,631-640,Boston College,US,United States,L,21.3,16.2,21.2,16.6,12.5,18.8,50.8,42.2,7.1,-,boston college,260.0,Boston College,United States,13282.0,15.1,12%,56 : 44,55.485,46.3,32.3,85.3,58.3,60.5,2025.0
,,,,,,,,,,,,,,,,botswana,1270.0,University of Botswana,Botswana,16961.0,23.2,5%,60 : 40,29.338,15.3,12.8,52.3,21.0,61.1,2025.0
,,,,,,,,,,,,,,,,botswana international science and technology (biust),1358.0,Botswana International University of Science and Technology (BIUST),Botswana,2231.0,10.4,10%,36 : 64,27.869499999999995,26.0,13.6,32.9,17.7,75.7,2025.0
771-780,731-740,Bournemouth University,UK,United Kingdom,L,5.8,6.4,6.1,16.4,80.3,47.1,72.6,4.8,5.3,-,bournemouth,449.0,Bournemouth University,United Kingdom,14375.0,18.3,21%,54 : 46,47.7,24.0,20.8,87.8,39.7,88.8,2025.0
,,,,,,,,,,,,,,,,bowling green state,1128.0,Bowling Green State University,United States,14575.0,16.3,3%,57 : 43,31.9595,23.1,14.3,57.2,39.7,30.0,2025.0
,,,,,,,,,,,,,,,,bozok,1853.0,Bozok University,Turkey,14885.0,15.9,9%,50 : 50,18.7995,14.9,9.3,28.6,17.8,32.2,2025.0
,,,,,,,,,,,,,,,,boğaziçi,613.0,Boğaziçi University,Turkey,12651.0,28.3,3%,45 : 55,42.8125,28.0,29.7,62.0,84.3,52.9,2025.0
1001-1200,1001-1200,BRAC University,BD,Bangladesh,L,11.6,27.9,10.0,2.0,2.0,1.4,21.4,3.8,1.1,-,brac,1079.0,BRAC University,Bangladesh,16494.0,18.3,0%,43 : 57,32.834,14.1,11.7,71.4,19.1,41.3,2025.0
531,641-650,University of Bradford,UK,United Kingdom,M,9.1,7.1,6.8,21.7,68.5,97.6,66.0,34.3,40.7,23.1,bradford,555.0,University of Bradford,United Kingdom,10230.0,20.7,38%,56 : 44,44.40549999999999,20.4,22.0,76.1,57.5,91.7,2025.0
721-730,661-670,Brandeis University,US,United States,M,9.4,4.8,53.1,11.6,18.0,75.1,32.3,16.5,1.1,-,brandeis,411.0,Brandeis University,United States,5058.0,10.9,34%,58 : 42,48.9285,36.5,26.6,72.5,64.8,81.4,2025.0
,,,,,,,,,,,,,,,,brasília,1462.0,University of Brasília,Brazil,41767.0,13.6,1%,52 : 48,25.8795,31.3,15.5,27.5,28.9,36.6,2025.0
,,,,,,,,,,,,,,,,brawijaya,1858.0,University of Brawijaya,Indonesia,54657.0,14.1,1%,60 : 40,18.7205,21.0,10.8,19.9,23.9,32.9,2025.0
,,,,,,,,,,,,,,,,bremen,328.0,University of Bremen,Germany,11768.0,20.2,14%,56 : 44,52.27049999999999,40.8,40.6,70.3,63.7,64.3,2025.0
691-700,791-800,University of Brescia,IT,Italy,M,4.4,2.2,7.4,56.3,2.6,6.3,55.5,3.3,44.9,-,brescia,384.0,University of Brescia,Italy,9457.0,22.6,5%,52 : 48,49.8685,34.7,23.4,89.0,73.4,42.8,2025.0
1001-1200,1001-1200,Brigham Young University,US,United States,XL,7.5,7.0,4.8,10.4,1.3,3.0,52.4,22.2,3.8,-,brigham young,,,,,,,,,,,,,,
801-850,771-780,University of Brighton,UK,United Kingdom,L,7.9,6.1,8.5,14.9,54.8,51.1,72.5,6.1,6.5,-,brighton,709.0,University of Brighton,United Kingdom,14725.0,16.6,22%,61 : 39,40.284,19.2,19.4,66.4,64.1,86.8,2025.0
54,55,University of Bristol,UK,United Kingdom,L,75.8,82.5,36.7,75.9,87.5,89.8,94.6,51.2,98.9,75.4,bristol,78.0,University of Bristol,United Kingdom,28730.0,14.5,33%,55 : 45,70.02099999999999,49.8,56.9,96.8,71.1,92.6,2025.0
38,34,University of British Columbia,CA,Canada,XL,98.3,94.3,34.5,57.7,95.5,72.8,96.2,74.6,99.8,81,british columbia,41.0,University of British Columbia,Canada,59931.0,19.3,34%,56 : 44,77.79599999999999,62.3,76.7,89.7,79.8,94.3,2025.0
1201-1400,1201-1400,British University in Egypt,EG,Egypt,M,6.0,5.5,25.7,2.3,2.6,2.6,12.0,2.6,1.0,-,british in egypt,1458.0,The British University in Egypt,Egypt,10853.0,14.7,3%,49 : 51,25.977,18.0,10.4,47.2,17.9,37.0,2025.0
611-620,611-620,Brno University of Technology,CZ,Czech Republic,L,13.0,29.3,25.7,7.3,14.8,67.3,78.8,12.7,3.3,-,brno technology,1152.0,Brno University of Technology,Czech Republic,17834.0,15.1,26%,28 : 72,31.3695,25.1,17.9,37.8,72.6,60.4,2025.0
1201-1400,1201-1400,Brock University,CA,Canada,M,4.0,6.3,3.0,13.7,2.1,23.8,30.9,5.2,2.7,-,brock,,,,,,,,,,,,,,
79,73,Brown University,US,United States,M,59.9,49.6,77.7,76.4,79.9,50.9,83.2,63.6,46.6,64.7,brown,60.0,Brown University,United States,10476.0,10.3,20%,,73.77600000000001,71.8,60.9,89.4,68.6,71.6,2025.0
342,343,Brunel University London,UK,United Kingdom,L,11.1,13.3,7.1,46.5,99.1,99.8,77.9,19.9,71.2,33,brunel london,400.0,Brunel University of London,United Kingdom,14630.0,18.3,46%,45 : 55,49.35799999999999,24.7,27.9,80.6,60.7,98.3,2025.0
,,,,,,,,,,,,,,,,bu-ali sina,1287.0,Bu-Ali Sina University,Iran,10659.0,22.4,1%,60 : 40,29.117,23.5,17.1,47.5,24.7,26.5,2025.0
801-850,851-900,University of Bucharest,RO,Romania,XL,15.2,19.5,7.1,4.2,2.6,2.0,69.1,53.4,25.7,-,bucharest,1132.0,University of Bucharest,Romania,32123.0,32.6,2%,70 : 30,31.908,22.9,22.6,51.4,26.4,28.3,2025.0
,,,,,,,,,,,,,,,,bucharest economic studies,935.0,Bucharest University of Economic Studies,Romania,23247.0,15.9,4%,61 : 39,35.7985,18.9,11.6,79.6,18.6,29.8,2025.0
721-730,741-750,Budapest University of Technology and Economics,HU,Hungary,L,15.6,25.7,13.7,8.5,2.8,14.8,56.6,33.2,26.0,-,budapest technology and economics,1352.0,Budapest University of Technology and Economics,Hungary,18440.0,16.8,14%,30 : 70,27.9055,22.4,19.3,34.2,64.2,38.3,2025.0
,,,,,,,,,,,,,,,,burapha,2037.0,Burapha University,Thailand,22829.0,15.9,2%,69 : 31,14.38,17.3,9.9,10.7,25.7,28.9,2025.0
,,,,,,,,,,,,,,,,burdur mehmet akif ersoy,1787.0,Burdur Mehmet Akif Ersoy University,Turkey,23903.0,25.0,4%,51 : 49,20.1355,15.7,9.4,34.2,18.7,23.6,2025.0
,,,,,,,,,,,,,,,,burgos,1348.0,University of Burgos,Spain,8080.0,13.8,5%,55 : 45,27.946,21.4,15.9,42.8,33.3,38.0,2025.0
,,,,,,,,,,,,,,,,bursa technical,1895.0,Bursa Technical University,Turkey,10211.0,19.4,13%,52 : 48,17.773,13.8,8.6,25.7,22.2,34.8,2025.0
,,,,,,,,,,,,,,,,bursa uludağ,1801.0,Bursa Uludağ University,Turkey,37309.0,21.6,10%,50 : 50,19.866,22.0,11.2,21.6,31.2,32.0,2025.0
,,,,,,,,,,,,,,,,béjaïa,1929.0,University of Béjaïa,Algeria,40823.0,23.7,1%,61 : 39,16.851499999999998,16.4,8.8,17.8,19.6,44.5,2025.0
,,,,,,,,,,,,,,,,bío-bío,1959.0,University of Bío-Bío,Chile,11689.0,23.5,1%,43 : 57,16.101499999999998,13.7,11.2,14.5,23.8,46.8,2025.0
601-610,661-670,Ca' Foscari University of Venice ,IT,Italy,L,19.6,15.8,5.7,12.7,42.0,8.9,64.6,12.3,74.5,-,ca' foscari venice,,,,,,,,,,,,,,
,,,,,,,,,,,,,,,,cadiz,1267.0,University of Cadiz,Spain,18592.0,17.4,11%,61 : 39,29.4075,21.0,20.1,42.6,30.9,44.9,2025.0
,,,,,,,,,,,,,,,,cagliari,642.0,University of Cagliari,Italy,14084.0,15.4,2%,62 : 38,41.9775,33.1,22.6,67.0,62.1,41.0,2025.0
350,371,Cairo University,EG,Egypt,XL,45.8,41.0,8.8,3.0,2.9,7.2,86.4,95.5,47.2,32.5,cairo,877.0,Cairo University,Egypt,172478.0,25.9,6%,60 : 40,36.866,26.9,19.7,59.9,42.5,47.3,2025.0
901-950,951-1000,University of Calabria,IT,Italy,M,6.8,2.3,5.5,22.6,8.3,6.2,81.4,1.7,29.6,-,calabria,662.0,University of Calabria,Italy,9324.0,13.8,6%,55 : 45,41.51349999999999,36.5,20.3,64.9,55.6,42.2,2025.0
751-760,801-850,University of Calcutta,IN,India,L,17.1,6.5,5.5,21.4,24.7,1.1,56.0,49.8,1.5,-,calcutta,,,,,,,,,,,,,,
198,182,University of Calgary,CA,Canada,XL,37.9,44.5,18.1,40.3,77.7,66.2,85.2,53.3,93.3,46.3,calgary,220.0,University of Calgary,Canada,34804.0,19.7,26%,53 : 47,57.6235,34.4,42.8,83.6,88.9,85.7,2025.0
,,,,,,,,,,,,,,,,california institute of technology,7.0,California Institute of Technology,United States,2397.0,6.4,32%,38 : 62,96.2765,95.2,97.5,97.3,100.0,89.7,2025.0
10,15,California Institute of Technology (Caltech),US,United States,S,96.5,95.3,100.0,100.0,100.0,79.8,65.5,31.0,62.5,90.9,california institute of technology (caltech),,,,,,,,,,,,,,
1401+,1201-1400,California Polytechnic State University,US,United States,L,3.6,9.1,6.7,3.0,,,25.5,8.7,1.3,-,california polytechnic state,,,,,,,,,,,,,,
1401+,1401+,California State University - Los Angeles,US,United States,L,5.2,3.3,3.8,2.9,3.6,2.3,14.9,5.5,1.0,-,california state - los angeles,,,,,,,,,,,,,,
1401+,1201-1400,"California State University, Long Beach",US,United States,XL,3.7,4.1,4.8,2.9,2.6,3.4,16.4,1.7,1.0,-,"california state, long beach",,,,,,,,,,,,,,
,,,,,,,,,,,,,,,,"california, berkeley",8.0,"University of California, Berkeley",United States,42423.0,18.7,25%,52 : 48,94.565,87.2,98.9,99.0,99.5,86.4,2025.0
12,10,"University of California, Berkeley (UCB)",US,United States,XL,100.0,100.0,23.5,98.2,91.5,61.0,97.2,98.4,100.0,90.1,"california, berkeley (ucb)",,,,,,,,,,,,,,
130,118,"University of California, Davis",US,United States,XL,63.0,48.0,23.5,52.5,72.7,51.3,90.6,22.8,76.1,54.4,"california, davis",62.0,"University of California, Davis",United States,38873.0,13.9,17%,59 : 41,73.54399999999998,63.8,67.8,86.1,89.4,75.4,2025.0
307,268,"University of California, Irvine",US,United States,XL,37.5,22.3,17.3,40.7,43.9,58.7,84.1,11.2,36.0,35.5,"california, irvine",90.0,"University of California, Irvine",United States,35218.0,15.5,25%,54 : 46,67.30799999999999,48.3,53.2,92.9,97.6,78.1,2025.0
,,,,,,,,,,,,,,,,"california, los angeles",18.0,"University of California, Los Angeles",United States,44237.0,9.9,15%,56 : 44,89.7995,84.9,92.1,96.6,89.0,73.4,2025.0
42,29,"University of California, Los Angeles (UCLA)",US,United States,XL,100.0,99.8,35.4,74.0,42.2,22.3,95.5,94.7,67.1,79.8,"california, los angeles (ucla)",,,,,,,,,,,,,,
,,,,,,,,,,,,,,,,"california, merced",438.0,"University of California, Merced",United States,9011.0,19.7,8%,48 : 52,48.05499999999999,29.0,24.0,86.6,68.0,51.2,2025.0
497,404,"University of California, Riverside",US,United States,L,16.3,9.4,6.6,50.9,47.9,10.4,77.3,3.7,21.3,24.2,"california, riverside",276.0,"University of California, Riverside",United States,25347.0,19.7,14%,52 : 48,54.6765,37.0,34.8,83.9,69.8,76.1,2025.0
,,,,,,,,,,,,,,,,"california, san diego",34.0,"University of California, San Diego",United States,39993.0,11.0,21%,49 : 51,79.89,64.9,75.8,97.4,100.0,73.9,2025.0
72,62,"University of California, San Diego (UCSD)",US,United States,XL,89.3,57.8,50.8,67.0,54.6,44.3,95.5,21.7,44.3,67.1,"california, san diego (ucsd)",,,,,,,,,,,,,,
,,,,,,,,,,,,,,,,"california, santa barbara",68.0,"University of California, Santa Barbara",United States,25442.0,27.6,17%,55 : 45,72.6515,49.6,65.5,96.7,96.8,81.9,2025.0
178,163,"University of California, Santa Barbara (UCSB)",US,United States,L,52.6,21.3,7.7,97.8,75.4,17.2,71.2,7.9,28.4,48.9,"california, santa barbara (ucsb)",,,,,,,,,,,,,,
393,332,"University of California, Santa Cruz",US,United States,L,17.7,5.9,7.4,65.3,53.4,7.0,64.5,6.1,83.6,29.9,"california, santa cruz",197.0,"University of California, Santa Cruz",United States,19782.0,24.1,10%,46 : 54,58.885,35.3,41.7,93.2,71.9,73.9,2025.0
5,2,University of Cambridge,UK,United Kingdom,L,100.0,100.0,100.0,84.6,100.0,94.8,99.3,100.0,84.8,96.7,cambridge,5.0,University of Cambridge,United Kingdom,20980.0,11.5,38%,49 : 51,97.36,95.9,99.9,97.6,88.4,97.1,2025.0
,,,,,,,,,,,,,,,,camerino (unicam),993.0,University of Camerino (Unicam),Italy,8622.0,29.1,10%,52 : 48,34.581999999999994,18.9,18.3,58.3,56.8,52.5,2025.0
,,,,,,,,,,,,,,,,campania luigi vanvitelli,875.0,University of Campania Luigi Vanvitelli,Italy,32690.0,26.9,2%,46 : 54,36.8935,24.3,10.0,75.5,47.0,30.6,2025.0
,,,,,,,,,,,,,,,,campinas,395.0,University of Campinas,Brazil,33332.0,19.8,3%,46 : 54,49.497,48.8,47.2,51.0,76.7,40.6,2025.0
,,,,,,,,,,,,,,,,campus bio-medico rome,566.0,Campus Bio-Medico University of Rome,Italy,2438.0,13.9,2%,61 : 39,44.237,34.6,25.6,74.2,49.4,31.6,2025.0
523,551,Canadian University Dubai,AE,United Arab Emirates,S,20.1,19.9,33.5,2.7,100.0,100.0,14.0,17.4,1.6,23.5,canadian dubai,,,,,,,,,,,,,,
403,421,University of Canberra ,AU,Australia,M,14.3,7.7,2.4,51.2,79.6,69.4,63.1,5.6,70.9,29.5,canberra,467.0,University of Canberra,Australia,11230.0,31.5,28%,57 : 43,47.1515,23.1,31.4,74.5,52.9,90.2,2025.0
,,,,,,,,,,,,,,,,cankaya,807.0,Cankaya University,Turkey,7113.0,26.2,1%,46 : 54,38.08,13.7,15.4,82.9,19.5,52.3,2025.0
,,,,,,,,,,,,,,,,canterbury,582.0,University of Canterbury,New Zealand,15960.0,20.8,16%,53 : 47,43.7395,27.5,27.8,62.7,64.0,82.6,2025.0
1001-1200,1001-1200,Canterbury Christ Church University,UK,United Kingdom,L,5.1,2.2,4.7,3.7,34.5,87.6,17.7,1.3,1.0,-,canterbury christ church,1214.0,Canterbury Christ Church University,United Kingdom,10450.0,17.3,16%,68 : 32,30.3725,24.4,13.4,45.7,18.9,64.3,2025.0
261,256,University of Canterbury | Te Whare W?nanga o Waitaha,NZ,New Zealand,L,34.7,27.3,10.4,31.4,100.0,27.7,63.0,82.3,91.1,39.4,canterbury | te whare w?nanga o waitaha,,,,,,,,,,,,,,
,,,,,,,,,,,,,,,,cape coast,888.0,University of Cape Coast,Ghana,32524.0,36.3,0%,38 : 62,36.583,17.7,21.6,67.3,37.0,45.7,2025.0
171,173,University of Cape Town,ZA,South Africa,L,45.2,51.8,13.8,46.8,56.5,19.2,97.3,95.8,95.6,50,cape town,181.0,University of Cape Town,South Africa,21021.0,13.0,13%,55 : 45,59.67199999999999,37.8,45.3,86.6,80.6,82.4,2025.0
,,,,,,,,,,,,,,,,capital medical,719.0,Capital Medical University,China,16006.0,5.0,5%,63 : 37,40.006,36.0,22.5,62.7,54.4,25.0,2025.0
,,,,,,,,,,,,,,,,capital science and technology,790.0,Capital University of Science and Technology,Pakistan,6363.0,25.9,0%,36 : 64,38.452,17.0,16.1,81.1,21.7,47.6,2025.0
186,154,Cardiff University,UK,United Kingdom,L,46.8,43.2,36.1,30.0,82.8,67.7,92.3,18.9,96.0,47.6,cardiff,204.0,Cardiff University,United Kingdom,28930.0,14.6,27%,59 : 41,58.5635,37.6,38.9,88.3,70.2,91.9,2025.0
,,,,,,,,,,,,,,,,cardiff metropolitan,1195.0,Cardiff Metropolitan University,United Kingdom,10500.0,18.9,25%,53 : 47,30.6875,18.7,13.7,45.8,28.2,84.4,2025.0
741-750,671-680,Carleton University,CA,Canada,L,11.1,13.5,3.8,15.6,13.2,43.7,67.3,34.3,26.3,-,carleton,594.0,Carleton University,Canada,28811.0,28.3,22%,50 : 50,43.524,22.1,30.4,65.2,70.4,77.5,2025.0
,,,,,,,,,,,,,,,,carlos iii madrid,936.0,Carlos III University of Madrid,Spain,18013.0,10.7,16%,47 : 53,35.7775,30.8,21.6,43.7,65.0,62.9,2025.0
58,52,Carnegie Mellon University,US,United States,L,69.8,80.1,40.9,98.9,33.7,99.1,79.9,61.5,24.5,72,carnegie mellon,24.0,Carnegie Mellon University,United States,15312.0,13.1,46%,44 : 56,85.6745,73.1,85.1,99.0,85.4,84.2,2025.0
,,,,,,,,,,,,,,,,carthage,1547.0,University of Carthage,Tunisia,31385.0,9.9,1%,63 : 37,24.495500000000003,25.0,9.9,32.1,32.8,44.1,2025.0
259,255,Case Western Reserve University,US,United States,M,17.2,15.4,82.3,61.6,35.7,71.7,55.6,29.3,53.1,39.7,case western reserve,159.0,Case Western Reserve University,United States,11334.0,9.1,27%,51 : 49,61.14999999999999,51.1,40.3,88.6,70.9,66.3,2025.0
,,,,,,,,,,,,,,,,castilla-la mancha,983.0,University of Castilla-La Mancha,Spain,25094.0,13.9,9%,57 : 43,34.6925,24.0,18.5,55.7,55.0,44.5,2025.0
901-950,851-900,Catania University,IT,Italy,L,11.6,3.0,5.4,23.4,3.5,4.5,71.3,5.7,3.6,-,catania,,,,,,,,,,,,,,
,,,,,,,,,,,,,,,,catholic america,803.0,The Catholic University of America,United States,3692.0,11.0,6%,54 : 46,38.214,44.6,20.3,42.7,66.0,49.6,2025.0
,,,,,,,,,,,,,,,,catholic brasília,1844.0,Catholic University of Brasília,Brazil,8555.0,21.2,0%,55 : 45,19.0095,27.3,12.5,12.3,20.9,37.4,2025.0
801-850,781-790,The Catholic University of Korea ,KR,South Korea,M,4.5,2.9,98.6,14.1,3.8,22.5,10.5,1.9,6.5,-,catholic korea,652.0,The Catholic University of Korea,South Korea,7263.0,17.6,11%,62 : 38,41.684,31.7,39.2,48.3,87.8,39.5,2025.0
,,,,,,,,,,,,,,,,catholic north,1644.0,Catholic University of the North,Chile,11660.0,21.4,4%,46 : 54,23.036,13.7,15.2,30.4,25.1,59.5,2025.0
,,,,,,,,,,,,,,,,catholic portugal,980.0,Catholic University of Portugal,Portugal,11787.0,21.7,21%,64 : 36,34.7225,18.0,21.0,59.3,32.0,56.7,2025.0
1401+,1201-1400,Católica de Córdoba,AR,Argentina,M,5.3,2.6,17.1,1.1,3.6,3.6,2.3,4.6,1.0,-,católica de córdoba,,,,,,,,,,,,,,
,,,,,,,,,,,,,,,,caxias do sul,1941.0,University of Caxias do Sul,Brazil,13454.0,28.0,0%,53 : 47,16.527,16.1,9.2,21.7,21.3,23.3,2025.0
,,,,,,,,,,,,,,,,ca’ foscari venice,532.0,Ca’ Foscari University of Venice,Italy,11475.0,21.2,12%,65 : 35,44.81399999999999,36.7,37.9,52.8,54.6,66.3,2025.0
,,,,,,,,,,,,,,,,ceará state,1980.0,Ceará State University,Brazil,14791.0,13.6,0%,59 : 41,15.581,23.8,11.5,9.7,18.5,21.0,2025.0
741-750,593,University of Central Florida,US,United States,XL,13.7,23.0,2.9,23.6,9.5,4.3,72.2,9.2,12.1,-,central florida,407.0,University of Central Florida,United States,62862.0,38.1,5%,57 : 43,49.12499999999999,31.6,36.9,77.2,77.3,38.0,2025.0
951-1000,901-950,University of Central Lancashire,UK,United Kingdom,L,5.4,4.9,10.9,3.8,35.5,82.0,53.9,2.1,1.5,-,central lancashire,996.0,University of Central Lancashire,United Kingdom,21475.0,15.6,31%,58 : 42,34.537,19.1,13.7,57.3,37.3,83.3,2025.0
1201-1400,1201-1400,Central Michigan University,US,United States,L,3.6,3.4,8.2,6.5,2.4,6.9,23.4,7.7,1.2,-,central michigan,1068.0,Central Michigan University,United States,14417.0,19.6,5%,60 : 40,33.08,29.1,16.6,50.9,45.6,34.5,2025.0
1401+,1201-1400,University of Central Oklahoma,US,United States,L,5.6,2.9,6.5,1.5,15.9,9.9,5.2,2.9,1.0,-,central oklahoma,,,,,,,,,,,,,,
,,,,,,,,,,,,,,,,central punjab,970.0,University of Central Punjab,Pakistan,16677.0,24.1,0%,36 : 64,34.961,13.4,10.5,78.4,19.2,49.0,2025.0
,,,,,,,,,,,,,,,,central queensland,528.0,Central Queensland University,Australia,12201.0,24.1,19%,64 : 36,44.9,19.1,25.3,83.0,43.9,70.3,2025.0
495,590,Central Queensland University (CQUniversity Australia),AU,Australia,S,9.0,6.7,29.4,20.9,97.1,97.8,44.0,3.1,49.8,24.4,central queensland (cquniversity australia),,,,,,,,,,,,,,
431,452,Central South University,CN,China (Mainland),XL,8.6,4.1,5.5,99.7,6.4,4.0,67.5,14.1,3.9,27.6,central south,,,,,,,,,,,,,,
,,,,,,,,,,,,,,,,centrale nantes,519.0,Centrale Nantes,France,1696.0,14.3,38%,25 : 75,45.2385,41.0,31.3,47.1,85.1,87.1,2025.0
,,,,,,,,,,,,,,,,centro federal de educação tecnológica celso suckow da fonseca (cefet-rj),1983.0,Centro Federal de Educação Tecnológica Celso Suckow da Fonseca (CEFET-RJ),Brazil,20852.0,23.3,0%,35 : 65,15.5445,12.9,9.9,19.5,17.7,30.8,2025.0
,,,,,,,,,,,,,,,,ces,2000.0,CES University,Colombia,6948.0,10.6,1%,69 : 31,15.2835,22.4,9.2,8.6,16.5,36.9,2025.0
139,129,Chalmers University of Technology,SE,Sweden,M,26.3,50.4,50.5,77.4,100.0,63.1,77.0,31.7,87.0,53.7,chalmers technology,223.0,Chalmers University of Technology,Sweden,10083.0,11.1,17%,33 : 67,57.52049999999999,41.7,46.0,74.0,94.6,78.6,2025.0
691-700,771-780,Chandigarh University,IN,India,XL,14.1,51.3,24.0,1.4,37.6,15.3,37.4,1.9,1.6,-,chandigarh,,,,,,,,,,,,,,
631-640,621-630,Chang Gung University,TW,Taiwan,M,6.3,4.3,71.6,41.9,5.1,4.5,27.7,2.0,13.2,-,chang gung,761.0,Chang Gung University,Taiwan,7113.0,12.1,5%,50 : 50,38.895,28.3,34.8,48.3,95.3,28.7,2025.0
,,,,,,,,,,,,,,,,chang gung science and technology,1622.0,Chang Gung University of Science and Technology,Taiwan,6271.0,19.1,0%,75 : 25,23.298,15.9,14.4,38.0,38.1,20.1,2025.0
1001-1200,1001-1200,Chang Jung Christian University,TW,Taiwan,M,8.5,4.6,48.4,1.6,6.1,4.4,4.8,2.0,1.1,-,chang jung christian,,,,,,,,,,,,,,
,,,,,,,,,,,,,,,,changsha science and technology,994.0,Changsha University of Science and Technology,China,38593.0,17.5,1%,35 : 65,34.57599999999999,15.8,14.7,70.1,66.8,26.0,2025.0
,,,,,,,,,,,,,,,,changzhou,1339.0,Changzhou University,China,24055.0,14.8,1%,,28.09,17.1,14.4,49.3,64.3,20.1,2025.0
1201-1400,1201-1400,Chaoyang University of Technology,TW,Taiwan,L,5.5,5.8,4.3,3.9,5.6,5.9,26.5,2.0,4.3,-,chaoyang technology,1399.0,Chaoyang University of Technology,Taiwan,13287.0,34.8,6%,59 : 41,27.1205,14.5,21.6,38.1,49.6,42.2,2025.0
,,,,,,,,,,,,,,,,charité - universitätsmedizin berlin,93.0,Charité - Universitätsmedizin Berlin,Germany,9229.0,18.1,21%,65 : 35,67.0985,47.3,49.0,97.8,100.0,74.6,2025.0
246,248,Charles University,CZ,Czech Republic,XL,45.6,49.1,32.2,8.0,25.0,50.5,96.3,65.5,77.4,41,charles,465.0,Charles University,Czech Republic,52669.0,13.0,24%,62 : 38,47.2035,37.0,33.0,64.5,61.4,65.5,2025.0
621-630,601-610,Charles Darwin University ,AU,Australia,M,5.7,4.2,4.5,44.2,25.4,55.2,41.3,3.9,63.7,-,charles darwin,493.0,Charles Darwin University,Australia,7107.0,23.7,26%,71 : 29,46.1805,22.7,30.3,76.2,44.8,80.6,2025.0
851-900,801-850,Charles Sturt University ,AU,Australia,L,5.1,5.4,8.2,8.1,45.4,47.9,53.4,7.4,41.7,-,charles sturt,907.0,Charles Sturt University,Australia,18510.0,20.3,12%,67 : 33,36.19800000000001,18.3,18.2,63.1,52.1,60.1,2025.0
,,,,,,,,,,,,,,,,chelyabinsk state,2085.0,Chelyabinsk State University,Russian Federation,13527.0,25.1,2%,62 : 38,11.793,11.6,11.0,8.6,17.4,25.4,2025.0
570,556,"University of Chemistry and Technology, Prague",CZ,Czech Republic,S,5.6,9.3,98.4,13.5,23.9,78.4,34.9,4.2,3.4,21.8,"chemistry and technology, prague",1254.0,"University of Chemistry and Technology, Prague",Czech Republic,4505.0,9.5,29%,57 : 43,29.6325,36.7,15.1,27.2,54.3,54.6,2025.0
,,,,,,,,,,,,,,,,chengdu,932.0,Chengdu University,China,25627.0,15.6,2%,55 : 45,35.855,18.6,13.4,76.9,32.8,28.0,2025.0
,,,,,,,,,,,,,,,,chester,1540.0,University of Chester,United Kingdom,11110.0,19.0,24%,67 : 33,24.5895,19.5,13.3,28.9,26.5,70.0,2025.0
567,571,Chiang Mai University,TH,Thailand,XL,34.8,17.1,17.3,4.2,4.8,4.2,62.5,19.1,56.1,21.9,chiang mai,1067.0,Chiang Mai University,Thailand,34379.0,13.5,4%,61 : 39,33.0935,28.6,19.4,46.5,52.2,39.9,2025.0
771-780,701-710,Chiba University,JP,Japan,L,16.6,8.5,66.1,8.8,7.5,4.3,28.9,3.8,8.7,-,chiba,1018.0,Chiba University,Japan,13711.0,8.3,6%,38 : 62,33.8995,33.3,20.4,42.8,68.5,34.4,2025.0
,,,,,,,,,,,,,,,,chiba institute of technology,2025.0,Chiba Institute of Technology,Japan,9992.0,24.4,2%,15 : 85,14.620499999999998,14.7,8.8,16.1,32.8,21.2,2025.0
21,11,University of Chicago,US,United States,L,99.1,96.4,94.2,60.8,79.0,87.0,85.1,99.1,46.9,86.2,chicago,15.0,The University of Chicago,United States,16373.0,6.0,38%,46 : 54,90.9285,88.4,90.0,97.4,86.2,81.1,2025.0
,,,,,,,,,,,,,,,,chile,1011.0,University of Chile,Chile,39966.0,16.9,3%,51 : 49,34.171,25.6,21.3,48.3,55.8,49.6,2025.0
484,534,China Agricultural University ,CN,China (Mainland),L,8.4,2.6,18.9,88.8,3.2,1.5,52.2,4.5,5.8,24.9,china agricultural,,,,,,,,,,,,,,
771-780,801-850,China University of Geosciences,CN,China (Mainland),L,5.1,1.4,53.6,31.8,1.5,2.7,67.0,1.4,4.0,-,china geosciences,,,,,,,,,,,,,,
,,,,,,,,,,,,,,,,"china medical, taiwan",321.0,"China Medical University, Taiwan",Taiwan,7157.0,14.9,7%,57 : 43,52.523,26.7,32.5,92.1,93.6,51.3,2025.0
681-690,781-790,China University of Mining and Technology,CN,China (Mainland),L,3.5,1.6,14.1,68.5,,,52.4,10.1,2.8,-,china mining and technology,,,,,,,,,,,,,,
631-640,711-720,China University of Petroleum,CN,China (Mainland),L,3.4,1.7,8.6,79.7,1.7,2.8,24.1,21.1,1.5,-,china petroleum,,,,,,,,,,,,,,
,,,,,,,,,,,,,,,,china petroleum (east china),863.0,China University of Petroleum (East China),China,29854.0,17.0,2%,33 : 67,37.0695,23.1,24.4,60.3,84.1,23.0,2025.0
,,,,,,,,,,,,,,,,"china petroleum, beijing",589.0,"China University of Petroleum, Beijing",China,18763.0,18.3,6%,,43.61199999999999,31.6,37.0,58.8,94.0,28.8,2025.0
,,,,,,,,,,,,,,,,china pharmaceutical,986.0,China Pharmaceutical University,China,19297.0,16.2,3%,64 : 36,34.6635,26.2,20.0,54.1,82.3,21.5,2025.0
1201-1400,1201-1400,China University of Political Science and Law,CN,China (Mainland),L,2.7,37.6,8.0,1.2,3.7,1.5,6.1,5.8,1.0,-,china political science and law,,,,,,,,,,,,,,
,,,,,,,,,,,,,,,,chinese culture,1989.0,Chinese Culture University,Taiwan,20816.0,21.3,6%,49 : 51,15.4495,14.7,11.7,13.4,37.0,29.6,2025.0
,,,,,,,,,,,,,,,,chinese hong kong,44.0,The Chinese University of Hong Kong,Hong Kong,18210.0,18.6,27%,,76.786,60.8,64.3,97.8,94.2,94.6,2025.0
36,47,The Chinese University of Hong Kong (CUHK),HK,Hong Kong SAR,L,86.7,53.3,64.2,92.9,100.0,87.5,74.2,89.0,86.7,81.3,chinese hong kong (cuhk),,,,,,,,,,,,,,
1201-1400,1201-1400,Chitkara University,IN,India,L,6.1,7.4,15.9,2.2,5.5,3.0,29.4,1.9,3.3,-,chitkara,757.0,Chitkara University,India,16862.0,14.6,3%,42 : 58,38.998,20.6,11.4,88.9,20.0,28.6,2025.0
,,,,,,,,,,,,,,,,chittagong,1387.0,University of Chittagong,Bangladesh,29339.0,25.0,0%,39 : 61,27.2585,15.6,9.3,50.0,21.8,54.5,2025.0
,,,,,,,,,,,,,,,,chittagong engineering & technology,1145.0,Chittagong University of Engineering & Technology,Bangladesh,5935.0,17.6,0%,23 : 77,31.628500000000003,13.0,10.8,71.5,21.6,31.3,2025.0
1201-1400,1201-1400,Chittagong University of Engineering and Technology,BD,Bangladesh,S,8.9,12.4,8.3,5.1,1.4,,6.7,4.2,1.0,-,chittagong engineering and technology,,,,,,,,,,,,,,
489,561,Chongqing University,CN,China (Mainland),XL,7.6,4.6,12.1,81.4,21.3,2.1,59.6,13.6,4.1,24.5,chongqing,403.0,Chongqing University,China,44082.0,16.2,2%,,49.2235,29.1,33.9,78.3,95.2,46.8,2025.0
851-900,851-900,Chonnam National University,KR,South Korea,L,9.3,4.7,45.4,12.4,9.0,7.3,28.5,4.7,44.3,-,chonnam national,901.0,Chonnam National University,South Korea,18258.0,13.5,7%,50 : 50,36.334,32.2,28.8,45.2,64.2,31.4,2025.0
,,,,,,,,,,,,,,,,chosun,1425.0,Chosun University,South Korea,19747.0,25.2,3%,48 : 52,26.646,22.8,22.5,26.4,73.5,33.8,2025.0
,,,,,,,,,,,,,,,,christ,1574.0,Christ University,India,30965.0,18.8,1%,51 : 49,24.093,15.1,10.4,46.7,19.0,24.7,2025.0
611-620,530,Christian-Albrechts-University zu Kiel,DE,Germany,L,17.7,10.8,44.7,15.6,,8.4,90.0,14.3,23.5,-,christian-albrechts-university zu kiel,,,,,,,,,,,,,,
,,,,,,,,,,,,,,,,chubu,1921.0,Chubu University,Japan,9132.0,17.5,1%,27 : 73,17.012,16.8,12.0,14.8,38.9,34.4,2025.0
229,211,Chulalongkorn University,TH,Thailand,XL,68.2,35.9,31.7,7.5,18.7,3.0,79.6,93.6,73.2,43.4,chulalongkorn,620.0,Chulalongkorn University,Thailand,35032.0,13.1,4%,56 : 44,42.555,36.0,32.4,53.0,81.6,45.0,2025.0
,,,,,,,,,,,,,,,,chung shan medical,1534.0,Chung Shan Medical University,Taiwan,6982.0,17.4,3%,65 : 35,24.7655,19.7,21.6,28.5,63.0,21.6,2025.0
1001-1200,1001-1200,Chung Yuan Christian University,TW,Taiwan,L,6.3,5.3,4.3,15.6,3.9,6.7,15.1,22.4,7.9,-,chung yuan christian,1261.0,Chung Yuan Christian University,Taiwan,15224.0,31.4,7%,47 : 53,29.4755,17.7,25.7,36.9,64.9,41.8,2025.0
,,,,,,,,,,,,,,,,chung-ang,463.0,Chung-Ang University,South Korea,18205.0,22.0,24%,,47.2435,37.9,38.8,54.7,91.9,63.0,2025.0
489,494,Chung-Ang University (CAU),KR,South Korea,L,16.0,31.9,67.8,9.3,14.2,37.8,29.9,13.5,49.5,24.5,chung-ang (cau),,,,,,,,,,,,,,
1001-1200,1001-1200,Chungbuk National University,KR,South Korea,M,3.8,2.7,34.1,10.3,10.5,7.7,27.4,1.7,15.4,-,chungbuk national,1120.0,Chungbuk National University,South Korea,12764.0,13.9,7%,44 : 56,32.1065,31.9,27.9,33.0,56.5,32.6,2025.0
851-900,851-900,Chungnam National University,KR,South Korea,L,8.8,7.8,46.3,10.7,7.2,9.2,32.7,5.0,25.7,-,chungnam national,1064.0,Chungnam National University,South Korea,20399.0,19.7,4%,46 : 54,33.184999999999995,29.7,29.9,36.0,76.0,25.5,2025.0
,,,,,,,,,,,,,,,,chuo,1900.0,Chuo University,Japan,26078.0,35.6,4%,38 : 62,17.656499999999998,18.9,13.0,14.9,39.4,30.2,2025.0
761-770,691-700,University of Cincinnati,US,United States,XL,11.0,6.0,19.4,22.9,4.3,12.4,69.0,25.3,22.5,-,cincinnati,,,,,,,,,,,,,,
62,70,City University of Hong Kong,HK,Hong Kong SAR,M,60.9,30.8,89.5,100.0,100.0,100.0,62.9,37.5,72.9,70.7,city hong kong,80.0,City University of Hong Kong,Hong Kong,8592.0,12.5,72%,54 : 46,69.839,53.1,51.8,92.4,100.0,99.1,2025.0
661-670,545,City University of New York,US,United States,XL,19.9,35.6,8.9,4.7,6.1,4.4,93.1,22.0,13.2,-,city new york,,,,,,,,,,,,,,
352,328,"City, University of London",UK,United Kingdom,L,20.8,21.3,5.6,31.2,95.8,98.9,66.4,54.8,23.2,32.4,"city, london",394.0,"City, University of London",United Kingdom,16415.0,18.7,46%,58 : 42,49.5005,27.8,30.3,76.8,58.5,95.1,2025.0
951-1000,801-850,Clark University,US,United States,S,2.6,2.5,18.9,16.7,13.2,84.7,20.2,13.6,6.5,-,clark,800.0,Clark University,United States,3176.0,11.3,23%,56 : 44,38.24499999999999,28.0,19.8,57.4,44.7,69.8,2025.0
851-900,791-800,Clarkson University,US,United States,S,1.3,1.9,13.5,41.8,48.5,15.0,30.6,7.9,1.2,-,clarkson,1037.0,Clarkson University,United States,3811.0,14.8,10%,35 : 65,33.5875,32.1,18.0,38.4,63.7,64.4,2025.0
,,,,,,,,,,,,,,,,claude bernard lyon 1,494.0,Claude Bernard University Lyon 1,France,27088.0,12.7,15%,55 : 45,46.146,39.8,26.9,63.3,71.1,63.6,2025.0
951-1000,851-900,Clemson University,US,United States,L,7.3,7.0,12.6,15.2,11.6,5.2,78.5,7.7,12.3,-,clemson,,,,,,,,,,,,,,
,,,,,,,,,,,,,,,,clermont auvergne,992.0,University of Clermont Auvergne,France,36541.0,21.0,15%,58 : 42,34.604499999999994,20.9,18.4,52.1,59.7,67.8,2025.0
1201-1400,1201-1400,Cleveland State University,US,United States,M,4.1,3.1,9.2,4.0,4.0,26.2,16.7,7.3,1.0,-,cleveland state,,,,,,,,,,,,,,
,,,,,,,,,,,,,,,,cochin science and technology,1244.0,Cochin University of Science and Technology,India,4485.0,14.8,2%,57 : 43,29.838,38.2,22.0,29.9,39.6,21.8,2025.0
355,351,University of Coimbra,PT,Portugal,L,29.4,10.8,10.3,49.8,8.1,22.9,91.2,31.1,75.8,32.1,coimbra,484.0,University of Coimbra,Portugal,22687.0,19.9,18%,57 : 43,46.5485,30.8,40.3,61.4,80.2,55.3,2025.0
771-780,681-690,Colegio de México,MX,Mexico,S,14.9,2.5,100.0,1.7,8.5,16.4,9.6,3.2,1.0,-,colegio de méxico,,,,,,,,,,,,,,
,,,,,,,,,,,,,,,,colima,1568.0,University of Colima,Mexico,14289.0,6.9,0%,55 : 45,24.168,23.3,8.0,40.3,16.8,29.5,2025.0
,,,,,,,,,,,,,,,,college of charleston,1502.0,College of Charleston,United States,9986.0,16.4,1%,67 : 33,25.143,18.0,12.6,41.7,32.1,31.8,2025.0
1001-1200,901-950,College of William and Mary,US,United States,M,8.1,9.1,20.9,11.4,6.3,5.4,33.1,23.7,4.3,-,college of william and mary,,,,,,,,,,,,,,
285,268,University of Cologne,DE,Germany,L,35.2,30.4,15.7,29.3,35.9,30.1,90.8,56.8,91.9,37.2,cologne,158.0,University of Cologne,Germany,29832.0,27.7,17%,,61.37799999999999,42.9,47.5,86.0,96.5,70.5,2025.0
951-1000,1001-1200,University of Colombo,LK,Sri Lanka,L,13.1,18.0,2.5,3.2,1.1,1.2,19.3,69.6,16.3,-,colombo,1096.0,University of Colombo,Sri Lanka,35606.0,30.7,1%,61 : 39,32.5665,24.9,10.1,60.8,24.8,40.8,2025.0
320,264,University of Colorado Boulder,US,United States,XL,36.1,17.5,38.3,34.9,32.2,4.9,86.3,31.6,62.8,34.4,colorado boulder,143.0,University of Colorado Boulder,United States,36067.0,16.7,9%,46 : 54,62.2535,47.0,52.6,86.6,73.3,56.3,2025.0
,,,,,,,,,,,,,,,,colorado denver/anschutz medical campus,345.0,University of Colorado Denver/Anschutz Medical Campus,United States,19567.0,4.0,8%,58 : 42,51.197,34.1,25.4,93.6,73.1,36.9,2025.0
501,465,Colorado School of Mines,US,United States,M,6.8,12.5,15.8,72.0,29.7,7.4,30.9,17.7,18.0,24.1,colorado school of mines,483.0,Colorado School of Mines,United States,6868.0,18.3,8%,32 : 68,46.582,36.1,35.6,63.5,85.4,41.9,2025.0
442,409,Colorado State University,US,United States,L,18.3,20.4,60.9,17.1,18.5,3.7,78.4,22.2,70.9,26.8,colorado state,,,,,,,,,,,,,,
,,,,,,,,,,,,,,,,"colorado state, fort collins",459.0,"Colorado State University, Fort Collins",United States,28016.0,17.2,4%,56 : 44,47.382000000000005,36.3,31.8,70.7,71.1,45.3,2025.0
761-770,721-730,"University of Colorado, Denver ",US,United States,L,8.2,6.1,100.0,3.6,3.4,8.1,45.7,5.6,3.8,-,"colorado, denver",,,,,,,,,,,,,,
34,23,Columbia University,US,United States,XL,99.6,98.8,100.0,31.7,41.5,97.0,98.5,99.9,71.8,82,columbia,19.0,Columbia University,United States,30541.0,5.9,40%,,89.751,86.4,88.8,96.9,75.9,85.4,2025.0
661-670,771-780,Comenius University Bratislava,SK,Slovakia,L,12.8,8.5,56.0,3.5,3.8,22.9,60.2,79.8,5.1,-,comenius bratislava,,,,,,,,,,,,,,
,,,,,,,,,,,,,,,,comenius in bratislava,1224.0,Comenius University in Bratislava,Slovakia,21667.0,10.1,16%,65 : 35,30.1385,30.8,16.5,37.3,28.5,52.5,2025.0
,,,,,,,,,,,,,,,,communication china,1664.0,Communication University of China,China,18222.0,16.0,3%,69 : 31,22.6915,26.3,16.8,20.4,53.9,23.8,2025.0
164,171,Complutense University of Madrid,ES,Spain,XL,68.1,68.1,28.7,7.9,10.5,34.3,91.8,96.3,88.9,50.9,complutense madrid,530.0,Complutense University of Madrid,Spain,59049.0,10.8,12%,63 : 37,44.84299999999999,40.6,32.4,58.9,56.5,47.2,2025.0
711-720,651-660,COMSATS University Islamabad,PK,Pakistan,XL,11.7,30.5,13.4,18.2,1.5,1.4,88.3,6.1,14.6,-,comsats islamabad,659.0,COMSATS University Islamabad,Pakistan,33879.0,15.5,1%,38 : 62,41.5775,19.2,15.9,87.0,36.5,49.9,2025.0
,,,,,,,,,,,,,,,,concepción,1369.0,University of Concepción,Chile,30363.0,17.9,2%,52 : 48,27.616499999999995,18.2,17.0,38.5,48.0,51.3,2025.0
415,387,Concordia University,CA,Canada,XL,15.8,11.4,3.3,17.5,87.4,92.3,73.8,43.6,89.8,28.7,concordia,537.0,Concordia University,Canada,36586.0,34.2,33%,50 : 50,44.707,23.9,30.6,65.2,66.5,87.5,2025.0
565,444,University of Connecticut,US,United States,L,14.4,8.1,18.2,29.8,27.4,19.4,88.0,23.3,37.6,22,connecticut,337.0,University of Connecticut,United States,28524.0,11.6,11%,53 : 47,51.6785,41.1,31.5,76.0,68.6,65.0,2025.0
,,,,,,,,,,,,,,,,constructor,513.0,Constructor University,Germany,1685.0,21.7,88%,42 : 58,45.394000000000005,35.3,34.0,49.1,83.7,93.9,2025.0
100,107,University of Copenhagen,DK,Denmark,XL,74.0,31.6,99.8,23.1,84.9,15.6,98.2,90.8,73.2,59.6,copenhagen,97.0,University of Copenhagen,Denmark,30962.0,4.2,14%,63 : 37,66.67,49.1,51.8,92.0,90.4,79.3,2025.0
16,13,Cornell University,US,United States,L,98.3,93.1,52.7,97.5,54.2,63.4,94.0,97.1,72.1,87.9,cornell,20.0,Cornell University,United States,25528.0,10.5,26%,52 : 48,89.19549999999998,83.2,91.1,96.8,69.5,85.5,2025.0
1001-1200,1001-1200,Corvinus University of Budapest,HU,Hungary,M,10.3,21.6,4.7,3.1,7.3,34.8,19.3,33.5,1.0,-,corvinus budapest,,,,,,,,,,,,,,
,,,,,,,,,,,,,,,,costa rica,1679.0,University of Costa Rica,Costa Rica,33357.0,13.9,2%,53 : 47,22.417,20.2,9.8,31.0,22.4,45.6,2025.0
,,,,,,,,,,,,,,,,covenant,960.0,Covenant University,Nigeria,8542.0,17.0,0%,41 : 59,35.0605,23.1,25.0,51.0,53.9,47.2,2025.0
531,571,Coventry University,UK,United Kingdom,XL,9.7,9.5,16.9,7.1,77.0,99.9,82.6,10.0,64.4,23.1,coventry,721.0,Coventry University,United Kingdom,31065.0,14.9,51%,49 : 51,39.94650000000001,21.6,15.3,68.2,39.0,94.9,2025.0
,,,,,,,,,,,,,,,,cracow technology,1617.0,Cracow University of Technology,Poland,12501.0,11.0,5%,38 : 62,23.406,23.4,11.3,32.4,29.9,30.8,2025.0
1001-1200,1001-1200,Cracow University of Technology (Politechnika Krakowska),PL,Poland,L,11.0,21.3,21.7,4.7,2.6,3.3,46.5,5.4,1.0,-,cracow technology (politechnika krakowska),,,,,,,,,,,,,,
1401+,1401+,University of Craiova,RO,Romania,L,4.5,2.2,3.2,2.1,,,21.8,13.4,1.0,-,craiova,1773.0,University of Craiova,Romania,16537.0,20.8,4%,52 : 48,20.446,18.6,12.3,28.2,25.3,25.6,2025.0
601-610,534,University of Crete,GR,Greece,L,13.9,12.7,2.4,58.7,2.3,3.5,57.0,3.6,1.8,-,crete,703.0,University of Crete,Greece,13797.0,24.9,4%,64 : 36,40.4335,20.0,25.4,70.5,64.0,46.1,2025.0
,,,,,,,,,,,,,,,,cuenca,1880.0,University of Cuenca,Ecuador,16516.0,44.4,1%,57 : 43,18.213,11.5,14.0,17.4,48.7,47.9,2025.0
1201-1400,1401+,Cukurova University,TR,Turkey,XL,4.9,3.8,5.2,2.6,1.9,3.3,46.2,7.6,2.9,-,cukurova,1748.0,Cukurova University,Turkey,36514.0,16.6,4%,45 : 55,21.0755,22.0,10.9,27.0,27.8,29.5,2025.0
1201-1400,1201-1400,CUNY The City College of New York,US,United States,M,7.2,3.0,11.9,11.3,6.7,4.7,24.8,1.5,2.5,-,cuny city college of new york,,,,,,,,,,,,,,
174,183,Curtin University,AU,Australia,L,33.1,27.7,15.7,84.7,100.0,24.3,94.2,31.0,90.7,49.3,curtin,263.0,Curtin University,Australia,27870.0,19.6,30%,53 : 47,55.226,28.2,34.7,88.9,76.6,94.8,2025.0
851-900,851-900,CY Cergy Paris University,FR,France,M,3.7,2.5,49.5,5.0,47.2,45.9,46.0,1.5,1.4,-,cy cergy paris,820.0,CY Cergy Paris University,France,16490.0,19.7,25%,51 : 49,37.7665,25.3,25.0,46.2,57.7,91.8,2025.0
,,,,,,,,,,,,,,,,cyprus,495.0,University of Cyprus,Cyprus,7002.0,20.4,13%,62 : 38,46.096,27.4,26.0,74.1,63.2,76.2,2025.0
389,368,University of Cyprus (UCY),CY,Cyprus,M,10.0,4.7,4.5,75.0,93.8,20.0,73.4,42.1,5.8,30.1,cyprus (ucy),,,,,,,,,,,,,,
,,,,,,,,,,,,,,,,cyprus international,792.0,Cyprus International University,Northern Cyprus,14232.0,22.5,70%,47 : 53,38.43,15.0,11.4,81.9,17.1,72.6,2025.0
,,,,,,,,,,,,,,,,cyprus technology,611.0,Cyprus University of Technology,Cyprus,3592.0,17.1,14%,57 : 43,42.824,26.9,23.8,71.4,33.1,69.9,2025.0
711-720,701-710,Czech University of Life Sciences in Prague,CZ,Czech Republic,L,10.4,6.7,9.4,10.8,29.0,73.5,75.8,3.9,49.5,-,czech life sciences in prague,,,,,,,,,,,,,,
,,,,,,,,,,,,,,,,czech life sciences prague (czu),857.0,Czech University of Life Sciences Prague (CZU),Czech Republic,18465.0,18.0,28%,49 : 51,37.157,21.8,16.8,60.0,48.6,78.8,2025.0
420,454,Czech Technical University in Prague,CZ,Czech Republic,L,22.0,42.4,80.6,3.6,19.9,50.2,59.4,15.6,5.8,28.4,czech technical in prague,1181.0,Czech Technical University in Prague,Czech Republic,15526.0,8.6,20%,30 : 70,30.8425,30.8,18.9,31.3,58.7,60.5,2025.0
,,,,,,,,,,,,,,,,córdoba,816.0,University of Córdoba,Spain,17798.0,12.2,12%,58 : 42,37.841,25.9,20.4,62.1,43.3,52.3,2025.0
951-1000,901-950,D. Serikbayev East Kazakhstan state technical university,KZ,Kazakhstan,M,13.0,7.7,64.2,1.2,14.4,2.5,2.4,3.5,1.3,-,d. serikbayev east kazakhstan state technical,,,,,,,,,,,,,,
326,307,Daegu Gyeongbuk Institute of Science and Technology (DGIST),KR,South Korea,S,10.5,11.8,84.1,99.9,6.6,3.3,12.3,2.7,3.1,34,daegu gyeongbuk institute of science and technology (dgist),354.0,Daegu Gyeongbuk Institute of Science and Technology (DGIST),South Korea,892.0,7.6,4%,37 : 63,51.01950000000001,48.0,38.5,66.4,88.3,29.9,2025.0
1201-1400,1201-1400,Daffodil International University,BD,Bangladesh,L,9.5,19.8,3.8,2.8,5.0,2.9,22.0,3.7,3.4,-,daffodil international,,,,,,,,,,,,,,
,,,,,,,,,,,,,,,,daffodil international (diu),848.0,Daffodil International University (DIU),Bangladesh,16905.0,21.8,5%,37 : 63,37.3305,12.1,11.5,82.6,18.9,65.2,2025.0
275,298,Dalhousie University,CA,Canada,L,19.4,16.7,12.9,53.5,99.9,74.6,77.4,30.1,87.9,38.2,dalhousie,349.0,Dalhousie University,Canada,17757.0,14.7,28%,53 : 47,51.1085,29.6,32.9,76.9,78.2,88.5,2025.0
448,491,Dalian University of Technology,CN,China (Mainland),XL,9.6,3.8,18.1,88.1,11.5,2.9,55.9,14.4,8.0,26.6,dalian technology,426.0,Dalian University of Technology,China,39871.0,15.5,4%,34 : 66,48.5005,36.2,34.9,70.0,97.2,37.5,2025.0
,,,,,,,,,,,,,,,,damanhour,1378.0,Damanhour University,Egypt,88007.0,50.3,0%,64 : 36,27.433,12.0,8.5,57.1,16.7,48.4,2025.0
1201-1400,1201-1400,Damascus University,SY,Syrian Arab Republic,XL,6.1,3.7,1.4,1.2,4.0,6.0,18.4,90.2,1.1,-,damascus,2042.0,Damascus University,Syria,182503.0,68.1,6%,62 : 38,14.119000000000002,12.3,8.8,11.9,20.9,47.1,2025.0
,,,,,,,,,,,,,,,,damghan,1727.0,Damghan University,Iran,4749.0,15.8,0%,62 : 38,21.3915,17.9,10.8,33.3,19.6,29.4,2025.0
,,,,,,,,,,,,,,,,damietta,1071.0,Damietta University,Egypt,34280.0,29.8,1%,66 : 34,32.95,16.9,9.1,70.2,18.7,46.9,2025.0
1001-1200,1001-1200,Dankook University ,KR,South Korea,L,5.8,4.0,59.2,3.0,4.2,7.1,13.0,2.9,4.1,-,dankook,1510.0,Dankook University,South Korea,26348.0,24.3,5%,54 : 46,25.0105,25.2,17.6,27.8,54.0,26.3,2025.0
,,,,,,,,,,,,,,,,dar es salaam,1831.0,University of Dar es Salaam,Tanzania,40939.0,23.9,0%,47 : 53,19.341,13.2,10.5,26.3,22.8,48.0,2025.0
243,237,Dartmouth College,US,United States,M,22.8,31.0,65.8,60.6,9.2,40.9,42.5,68.8,71.2,41.3,dartmouth college,169.0,Dartmouth College,United States,6691.0,8.0,17%,48 : 52,60.7155,56.8,39.4,83.2,75.9,60.5,2025.0
,,,,,,,,,,,,,,,,datta meghe institute of higher education & research (deemed to be),1124.0,Datta Meghe Institute of Higher Education & Research (Deemed to be University),India,6587.0,10.0,1%,61 : 39,32.056000000000004,26.6,10.2,59.1,19.4,36.6,2025.0
641-650,681-690,De La Salle University,PH,Philippines,L,22.6,52.4,10.0,4.5,1.9,2.5,22.2,47.4,2.7,-,de la salle,1671.0,De La Salle University,Philippines,13059.0,11.5,2%,52 : 48,22.5545,22.8,12.4,30.4,22.5,29.5,2025.0
711-720,801-850,De Montfort University,UK,United Kingdom,L,5.3,4.8,5.6,8.0,74.2,97.5,62.8,6.4,41.4,-,de montfort,697.0,De Montfort University,United Kingdom,22275.0,18.3,42%,55 : 45,40.552,17.7,15.7,73.3,44.0,93.7,2025.0
197,233,Deakin University,AU,Australia,XL,31.3,23.9,4.6,73.6,96.4,63.8,82.7,36.8,93.7,46.4,deakin,244.0,Deakin University,Australia,36438.0,33.0,19%,60 : 40,56.245000000000005,29.8,36.3,91.5,76.8,85.4,2025.0
574,671-680,University of Debrecen,HU,Hungary,L,17.9,13.9,34.0,3.9,10.6,70.0,76.7,21.4,39.5,21.5,debrecen,867.0,University of Debrecen,Hungary,20294.0,12.0,25%,55 : 45,36.94199999999999,42.2,19.9,40.9,48.8,60.0,2025.0
,,,,,,,,,,,,,,,,del rosario,1507.0,Del Rosario University,Colombia,10249.0,12.5,4%,60 : 40,25.062,21.0,15.5,31.0,29.3,52.0,2025.0
506,498,University of Delaware,US,United States,L,9.4,7.9,6.6,53.9,30.0,12.6,66.5,16.9,65.3,24,delaware,391.0,University of Delaware,United States,21379.0,16.4,11%,58 : 42,49.52,35.4,34.1,70.8,84.7,60.8,2025.0
49,47,Delft University of Technology,NL,Netherlands,L,74.4,83.0,39.4,79.7,100.0,91.4,93.7,54.8,99.1,77,delft technology,57.0,Delft University of Technology,Netherlands,20943.0,14.5,37%,32 : 68,74.773,63.2,76.1,76.8,100.0,93.6,2025.0
328,407,University of Delhi,IN,India,L,38.1,35.3,4.3,25.9,1.3,1.5,75.1,96.0,70.6,33.8,delhi,864.0,University of Delhi,India,25926.0,21.0,2%,47 : 53,37.002,41.2,27.5,43.2,53.2,23.8,2025.0
,,,,,,,,,,,,,,,,delhi technological,917.0,Delhi Technological University,India,15127.0,23.8,3%,18 : 82,35.986999999999995,23.2,20.7,67.8,32.5,20.0,2025.0
,,,,,,,,,,,,,,,,democritus thrace,1151.0,Democritus University of Thrace,Greece,22339.0,38.1,4%,57 : 43,31.3795,17.3,18.7,57.6,34.2,29.4,2025.0
951-1000,901-950,University of Denver,US,United States,M,5.4,7.4,42.2,7.8,7.7,5.8,32.7,25.6,9.9,-,denver,614.0,University of Denver,United States,10553.0,13.7,5%,61 : 39,42.7795,37.7,24.7,64.3,55.5,39.8,2025.0
1001-1200,1001-1200,University of Derby,UK,United Kingdom,L,4.8,4.8,10.7,5.1,29.1,45.5,45.7,2.1,2.4,-,derby,780.0,University of Derby,United Kingdom,15655.0,14.9,21%,60 : 40,38.621,19.1,13.8,73.0,30.3,78.3,2025.0
1001-1200,1001-1200,University of Deusto,ES,Spain,M,6.3,24.9,4.6,7.8,4.7,14.5,24.2,45.0,1.1,-,deusto,1108.0,University of Deusto,Spain,10986.0,20.4,12%,57 : 43,32.2555,20.4,23.7,47.5,38.8,47.5,2025.0
554,691-700,University of Dhaka,BD,Bangladesh,XL,23.0,45.6,11.2,2.9,1.6,1.0,52.0,93.7,11.8,22.4,dhaka,1040.0,University of Dhaka,Bangladesh,194187.0,12.5,3%,59 : 41,33.555,20.1,10.3,67.2,21.4,48.3,2025.0
,,,,,,,,,,,,,,,,dicle,1724.0,Dicle University,Turkey,33325.0,15.6,5%,49 : 51,21.4725,30.2,14.8,14.6,53.6,23.3,2025.0
,,,,,,,,,,,,,,,,diego portales,1293.0,Diego Portales University,Chile,17863.0,16.5,3%,50 : 50,29.0605,15.8,11.9,53.8,18.4,54.3,2025.0
721-730,791-800,Diponegoro University,ID,Indonesia,XL,19.2,41.7,19.3,1.5,27.9,3.0,27.4,14.6,9.7,-,diponegoro,1553.0,Diponegoro University,Indonesia,35458.0,17.9,3%,56 : 44,24.4405,29.4,15.9,21.8,43.6,38.3,2025.0
,,,,,,,,,,,,,,,,dit,1125.0,DIT University,India,4859.0,20.4,3%,27 : 73,32.04449999999999,14.8,12.4,71.6,16.5,25.9,2025.0
,,,,,,,,,,,,,,,,diyala,1686.0,University of Diyala,Iraq,25658.0,13.5,0%,57 : 43,22.249,18.6,8.2,39.1,17.6,26.0,2025.0
,,,,,,,,,,,,,,,,dokkyo medical,1699.0,Dokkyo Medical University,Japan,1333.0,1.5,1%,54 : 46,21.977,27.9,10.8,25.5,38.3,19.1,2025.0
,,,,,,,,,,,,,,,,dokuz eylül,1569.0,Dokuz Eylül University,Turkey,58053.0,27.9,7%,47 : 53,24.138,25.2,14.5,25.8,64.6,29.0,2025.0
1201-1400,1201-1400,Dokuz Eylül Üniversitesi,TR,Turkey,XL,6.8,7.8,3.5,2.1,2.5,10.7,34.7,6.0,18.8,-,dokuz eylül üniversitesi,,,,,,,,,,,,,,
1401+,1201-1400, Don State Technical University,RU,Russia,L,3.5,3.5,12.8,1.4,1.6,14.9,11.4,1.9,1.0,-,don state technical,1694.0,Don State Technical University,Russian Federation,26066.0,13.0,12%,,22.017,20.7,9.8,33.1,19.4,31.5,2025.0
701-710,671-680,Dongguk University ,KR,South Korea,L,7.9,10.5,83.6,9.7,9.0,23.8,36.5,4.8,20.8,-,dongguk,,,,,,,,,,,,,,
851-900,901-950,Donghua University,CN,China (Mainland),L,3.8,1.6,25.5,47.3,2.2,3.1,31.1,3.7,1.1,-,donghua,524.0,Donghua University,China,23469.0,13.5,7%,43 : 57,45.0085,30.1,23.9,75.0,91.7,40.4,2025.0
1201-1400,1001-1200,Doshisha University,JP,Japan,L,8.6,11.4,5.2,1.8,17.6,3.7,18.7,19.1,1.0,-,doshisha,1968.0,Doshisha University,Japan,26942.0,18.3,4%,42 : 58,15.8785,17.6,11.2,10.9,36.9,35.9,2025.0
,,,,,,,,,,,,,,,,dow health sciences,1721.0,Dow University of Health Sciences,Pakistan,13768.0,14.6,3%,54 : 46,21.5625,18.0,10.5,30.7,19.5,42.9,2025.0
,,,,,,,,,,,,,,,,dr b.r. ambedkar national institute of technology jalandhar,1155.0,Dr B.R. Ambedkar National Institute of Technology Jalandhar,India,5247.0,21.6,0%,24 : 76,31.337,20.8,15.8,61.4,21.6,17.8,2025.0
,,,,,,,,,,,,,,,,"dr d. y. patil vidyapeeth, pune",1080.0,"Dr D. Y. Patil Vidyapeeth, Pune",India,4163.0,8.0,1%,63 : 37,32.826,42.0,10.5,47.5,18.9,31.8,2025.0
721-730,601-610,Drexel University,US,United States,L,8.1,4.5,22.4,28.7,12.6,23.8,73.4,25.1,8.3,-,drexel,388.0,Drexel University,United States,16688.0,10.6,16%,51 : 49,49.64699999999999,43.4,25.4,72.4,74.7,63.6,2025.0
851-900,801-850,University of Dubai,AE,United Arab Emirates,S,5.2,4.2,10.6,11.0,100.0,72.0,8.2,10.2,1.0,-,dubai,,,,,,,,,,,,,,
421,436,Dublin City University,IE,Ireland,L,20.1,26.0,25.8,10.7,75.0,22.6,75.4,35.3,82.5,28.3,dublin city,357.0,Dublin City University,Ireland,14735.0,28.4,12%,58 : 42,50.9585,28.0,37.5,78.6,69.4,72.9,2025.0
,,,,,,,,,,,,,,,,duhok,1228.0,University of Duhok,Iraq,22768.0,10.7,1%,57 : 43,30.073999999999995,22.5,8.2,60.4,15.9,30.7,2025.0
,,,,,,,,,,,,,,,,duisburg-essen,290.0,University of Duisburg-Essen,Germany,40639.0,38.1,20%,49 : 51,54.232,35.4,36.0,82.9,90.1,65.0,2025.0
61,57,Duke University,US,United States,L,86.0,74.7,100.0,35.1,16.3,61.0,93.3,85.5,75.0,70.8,duke,27.0,Duke University,United States,17180.0,4.3,22%,54 : 46,83.368,77.7,75.6,96.2,100.0,75.5,2025.0
,,,,,,,,,,,,,,,,dumlupinar,1933.0,Dumlupinar University,Turkey,47197.0,47.2,20%,40 : 60,16.757,10.5,8.4,25.0,17.9,40.1,2025.0
,,,,,,,,,,,,,,,,dunarea de jos galati,1700.0,Dunarea de Jos University of Galati,Romania,12481.0,15.6,22%,58 : 42,21.975,20.1,10.7,29.3,18.5,45.5,2025.0
418,441, University of Dundee,UK,United Kingdom,L,18.4,13.7,30.8,14.0,91.1,89.4,75.2,7.4,55.4,28.5,dundee,320.0,University of Dundee,United Kingdom,15145.0,19.5,31%,64 : 36,52.558,26.2,32.2,84.6,79.9,92.2,2025.0
,,,,,,,,,,,,,,,,durban technology,1451.0,Durban University of Technology,South Africa,26594.0,33.4,1%,56 : 44,26.073500000000003,19.4,13.4,40.5,20.3,46.7,2025.0
89,78,Durham University,UK,United Kingdom,L,59.6,83.9,26.3,40.9,97.3,84.9,89.7,39.4,98.6,61.7,durham,173.0,Durham University,United Kingdom,21065.0,13.7,33%,54 : 46,60.3655,43.6,43.9,83.7,62.5,95.5,2025.0
495,514,Duy Tan University,VN,Vietnam,L,11.9,25.3,3.9,49.0,37.7,1.4,83.5,4.4,29.0,24.4,duy tan,736.0,Duy Tan University,Vietnam,22050.0,22.3,1%,64 : 36,39.642,12.7,14.6,88.7,24.1,54.5,2025.0
,,,,,,,,,,,,,,,,duzce,1337.0,Duzce University,Turkey,22287.0,34.7,8%,47 : 53,28.1025,15.9,16.8,46.7,55.5,30.8,2025.0
,,,,,,,,,,,,,,,,eafit,1928.0,EAFIT University,Colombia,13187.0,20.2,1%,44 : 56,16.8995,15.5,11.3,16.7,18.5,44.0,2025.0
,,,,,,,,,,,,,,,,east anglia,281.0,University of East Anglia,United Kingdom,16330.0,13.6,23%,57 : 43,54.44749999999999,31.5,31.3,90.1,59.7,88.8,2025.0
332,295,University of East Anglia (UEA),UK,United Kingdom,L,17.2,7.2,15.2,58.7,66.8,32.2,87.9,19.2,91.4,33.6,east anglia (uea),,,,,,,,,,,,,,
501,511,East China Normal University,CN,China (Mainland),L,13.3,4.7,16.2,63.5,24.1,9.0,72.0,9.0,6.8,24.1,east china normal,282.0,East China Normal University,China,29374.0,14.3,8%,63 : 37,54.3885,43.9,36.0,78.5,87.2,52.8,2025.0
641-650,681-690,East China University of Science and Technology,CN,China (Mainland),XL,6.9,3.4,11.8,69.7,2.5,1.7,39.6,10.5,2.5,-,east china science and technology,711.0,East China University of Science and Technology,China,31832.0,18.7,2%,44 : 56,40.267500000000005,29.7,26.6,61.0,93.8,23.2,2025.0
901-950,851-900,University of East London,UK,United Kingdom,L,3.6,3.6,3.1,6.2,73.1,100.0,33.3,7.6,1.1,-,east london,1107.0,University of East London,United Kingdom,14315.0,24.7,48%,53 : 47,32.327,20.9,15.4,46.4,30.7,87.3,2025.0
1401+,1201-1400,East West University,BD,Bangladesh,L,6.8,12.8,2.8,2.4,1.4,1.0,7.4,3.9,1.1,-,east west,,,,,,,,,,,,,,
535,548,University of Eastern Finland,FI,Finland,L,13.8,7.6,43.7,18.4,37.4,5.2,86.4,4.2,78.6,22.9,eastern finland,520.0,University of Eastern Finland,Finland,12420.0,16.8,6%,68 : 32,45.23049999999999,28.8,29.8,72.5,66.5,49.1,2025.0
611-620,,Eastern Mediterranean University,NCY,Northern Cyprus,L,5.6,2.1,3.5,26.5,90.1,100.0,55.2,24.1,1.8,-,eastern mediterranean,669.0,Eastern Mediterranean University,Northern Cyprus,13353.0,24.4,75%,44 : 56,41.35,23.1,14.8,74.8,35.9,84.9,2025.0
222,213,Eberhard Karls Universität Tübingen,DE,Germany,L,46.0,30.7,87.1,20.5,76.1,26.2,93.8,30.9,33.0,43.7,eberhard karls universität tübingen,,,,,,,,,,,,,,
205,192,Ecole des Ponts ParisTech,FR,France,S,8.9,58.5,99.0,62.6,43.5,96.5,37.3,59.5,10.8,45.8,ecole des ponts paristech,,,,,,,,,,,,,,
,,,,,,,,,,,,,,,,edge hill,1075.0,Edge Hill University,United Kingdom,11910.0,16.1,7%,71 : 29,32.9275,18.3,13.9,60.5,27.2,56.8,2025.0
27,22,The University of Edinburgh,UK,United Kingdom,XL,98.3,97.2,65.5,47.7,98.7,99.8,99.5,55.9,99.0,83.3,edinburgh,29.0,University of Edinburgh,United Kingdom,37035.0,12.2,49%,62 : 38,82.501,72.2,77.1,95.7,72.2,96.6,2025.0
801-850,801-850,Edinburgh Napier University,UK,United Kingdom,L,5.0,5.0,4.0,11.8,77.5,86.0,60.1,4.9,2.2,-,edinburgh napier,598.0,Edinburgh Napier University,United Kingdom,13325.0,21.5,34%,53 : 47,43.372,18.2,19.0,78.8,41.7,95.8,2025.0
516,529,Edith Cowan University ,AU,Australia,L,8.5,6.8,4.8,49.8,78.5,57.7,64.5,4.7,5.8,23.6,edith cowan,390.0,Edith Cowan University,Australia,17012.0,29.5,26%,63 : 37,49.5665,20.9,26.5,87.5,70.9,88.4,2025.0
,,,,,,,,,,,,,,,,"education, lahore",1167.0,"University of Education, Lahore",Pakistan,28180.0,27.5,0%,52 : 48,31.135,10.7,9.3,69.5,16.1,50.5,2025.0
721-730,,Effat University,SA,Saudi Arabia,S,3.8,2.6,23.1,17.6,100.0,98.3,15.9,3.3,1.0,-,effat,,,,,,,,,,,,,,
1001-1200,1001-1200,EGE UNIVERSITY,TR,Turkey,L,10.0,13.6,15.8,3.2,1.3,7.8,68.6,2.1,1.4,-,ege,1360.0,Ege University,Turkey,31178.0,20.0,4%,54 : 46,27.839,31.3,15.1,33.1,58.1,26.3,2025.0
,,,,,,,,,,,,,,,,egypt-japan science and technology (e-just),571.0,Egypt-Japan University of Science and Technology (E-JUST),Egypt,2602.0,25.5,4%,25 : 75,44.102,34.2,28.4,68.2,37.3,51.0,2025.0
,,,,,,,,,,,,,,,,ehime,1554.0,Ehime University,Japan,9101.0,11.3,2%,39 : 61,24.4115,24.5,15.0,27.6,53.1,32.4,2025.0
136,124,Eindhoven University of Technology,NL,Netherlands,M,28.7,72.1,35.7,79.3,100.0,82.7,70.8,24.2,29.8,54,eindhoven technology,187.0,Eindhoven University of Technology,Netherlands,10686.0,21.0,31%,,59.449,46.2,51.0,68.0,100.0,88.4,2025.0
,,,,,,,,,,,,,,,,ekiti state,2010.0,Ekiti State University,Nigeria,17295.0,39.9,0%,43 : 57,15.058,22.9,3.6,13.6,15.9,33.9,2025.0
,,,,,,,,,,,,,,,,el bosque,1756.0,El Bosque University,Colombia,15765.0,8.7,3%,60 : 40,21.001999999999995,22.5,9.0,25.8,17.3,44.3,2025.0
,,,,,,,,,,,,,,,,electro-communications,1303.0,The University of Electro-Communications,Japan,4654.0,14.7,5%,13 : 87,28.8705,27.0,23.1,28.6,68.1,38.7,2025.0
451,486,University of Electronic Science and Technology of China,CN,China (Mainland),XL,5.3,5.0,8.2,99.1,3.2,2.5,73.3,7.2,2.3,26.5,electronic science and technology of china,332.0,University of Electronic Science and Technology of China,China,38924.0,16.4,2%,27 : 73,51.959500000000006,35.6,37.2,80.7,98.3,33.7,2025.0
196,166,Emory University,US,United States,L,25.2,19.0,93.8,78.4,52.2,33.9,85.6,22.8,37.0,46.6,emory,98.0,Emory University,United States,13718.0,4.2,19%,61 : 39,66.2875,53.9,46.2,95.3,83.6,67.4,2025.0
,,,,,,,,,,,,,,,,empress catherine ii saint petersburg mining,708.0,Empress Catherine II Saint Petersburg Mining University,Russian Federation,9544.0,14.8,12%,41 : 59,40.293,29.4,16.9,70.7,51.1,46.2,2025.0
751-760,791-800,University of Engineering & Technology (UET) Lahore,PK,Pakistan,L,10.0,43.2,18.0,6.7,1.1,1.8,41.6,47.7,7.5,-,engineering & technology (uet) lahore,1246.0,University of Engineering & Technology (UET) Lahore,Pakistan,12720.0,12.5,2%,29 : 71,29.812,19.5,9.6,54.6,27.7,50.5,2025.0
,,,,,,,,,,,,,,,,"engineering and technology, peshawar",940.0,"University of Engineering and Technology, Peshawar",Pakistan,11862.0,27.8,1%,9 : 91,35.6795,28.5,12.0,63.4,26.3,49.6,2025.0
,,,,,,,,,,,,,,,,"engineering and technology, taxila",717.0,"University of Engineering and Technology, Taxila",Pakistan,5505.0,20.6,2%,21 : 79,40.084500000000006,21.4,14.4,83.5,24.2,47.7,2025.0
,,,,,,,,,,,,,,,,ensta bretagne,550.0,ENSTA Bretagne,France,687.0,8.7,15%,25 : 75,44.479,40.2,29.3,52.9,89.7,62.2,2025.0
26,36,EPFL,CH,Switzerland,M,84.2,67.2,91.2,93.6,100.0,100.0,81.7,27.2,86.7,83.5,epfl,,,,,,,,,,,,,,
158,176,Erasmus University Rotterdam ,NL,Netherlands,L,37.0,58.2,18.1,63.3,76.0,70.0,85.4,89.3,28.7,51.5,erasmus rotterdam,108.0,Erasmus University Rotterdam,Netherlands,31847.0,22.1,25%,53 : 47,65.6265,37.2,53.3,96.7,88.7,88.5,2025.0
,,,,,,,,,,,,,,,,erciyes,1367.0,Erciyes University,Turkey,48245.0,33.6,6%,47 : 53,27.645,21.8,14.3,42.7,48.3,31.0,2025.0
1201-1400,1201-1400,Erciyes Üniversitesi,TR,Turkey,XL,4.4,3.0,2.0,5.3,3.1,5.7,45.1,1.7,8.8,-,erciyes üniversitesi,,,,,,,,,,,,,,
,,,,,,,,,,,,,,,,erlangen-nuremberg,202.0,University of Erlangen-Nuremberg,Germany,28219.0,33.9,15%,51 : 49,58.6405,42.1,48.4,78.5,100.0,61.8,2025.0
,,,,,,,,,,,,,,,,erzincan binali yıldırım,1803.0,Erzincan Binali Yıldırım University,Turkey,23671.0,22.5,4%,48 : 52,19.859,12.1,8.9,37.4,17.4,23.9,2025.0
1201-1400,1001-1200,Escuela Politécnica Nacional,EC,Ecuador,M,6.9,9.2,16.6,3.4,5.0,1.6,14.9,5.0,1.3,-,escuela politécnica nacional,1795.0,Escuela Politécnica Nacional,Ecuador,7685.0,13.2,2%,29 : 71,19.9625,18.3,9.4,24.0,22.2,50.0,2025.0
,,,,,,,,,,,,,,,,escuela superior politécnica del litoral,1611.0,Escuela Superior Politécnica del Litoral,Ecuador,10152.0,10.5,1%,39 : 61,23.4615,20.4,10.3,30.9,24.1,56.3,2025.0
1001-1200,1001-1200,Escuela Superior Politécnica del Litoral (ESPOL),EC,Ecuador,M,14.3,8.4,22.4,2.6,12.0,1.6,27.5,8.6,22.7,-,escuela superior politécnica del litoral (espol),,,,,,,,,,,,,,
,,,,,,,,,,,,,,,,eskişehir osmangazi,1742.0,Eskişehir Osmangazi University,Turkey,30136.0,18.4,7%,47 : 53,21.1715,22.1,19.4,20.7,19.4,27.2,2025.0
,,,,,,,,,,,,,,,,eskişehir technical,1879.0,Eskişehir Technical University,Turkey,11641.0,16.1,3%,45 : 55,18.2255,20.2,10.0,22.0,25.1,23.5,2025.0
,,,,,,,,,,,,,,,,essex,361.0,University of Essex,United Kingdom,14915.0,14.4,43%,54 : 46,50.8305,28.9,30.7,79.1,58.8,97.6,2025.0
472,459,"Essex, University of",UK,United Kingdom,L,15.5,5.2,12.7,22.6,99.8,98.6,75.1,14.0,13.2,25.3,"essex, of",,,,,,,,,,,,,,
,,,,,,,,,,,,,,,,eth zurich,11.0,ETH Zurich,Switzerland,22883.0,15.8,44%,33 : 67,92.97899999999998,87.3,97.2,95.1,84.0,95.3,2025.0
7,7,ETH Zurich - Swiss Federal Institute of Technology,CH,Switzerland,L,98.8,87.2,65.9,97.9,100.0,98.6,95.7,90.5,98.8,93.9,eth zurich - swiss federal institute of technology,,,,,,,,,,,,,,
,,,,,,,,,,,,,,,,european cyprus,870.0,European University Cyprus,Cyprus,3881.0,14.2,55%,56 : 44,36.909,21.0,15.6,61.8,19.5,91.6,2025.0
,,,,,,,,,,,,,,,,european madrid,1087.0,European University of Madrid,Spain,14038.0,10.8,34%,52 : 48,32.687,22.5,10.2,58.9,17.6,62.9,2025.0
511,498,Ewha Womans University,KR,South Korea,L,22.1,21.2,76.3,6.9,7.0,24.4,31.3,23.0,34.2,23.8,ewha womans,602.0,Ewha Womans University,South Korea,13916.0,16.4,16%,100 : 0,43.229,36.6,36.9,47.9,88.4,51.0,2025.0
169,153,The University of Exeter,UK,United Kingdom,L,42.9,45.0,30.2,42.5,91.0,72.2,95.1,30.1,97.1,50.1,exeter,174.0,University of Exeter,United Kingdom,29310.0,16.9,29%,53 : 47,60.3605,34.8,42.3,94.9,56.0,94.9,2025.0
564,701-710,Eötvös Loránd University,HU,Hungary,L,23.3,22.6,10.7,6.1,5.2,11.0,71.3,60.9,61.9,22.1,eötvös loránd,897.0,Eötvös Loránd University,Hungary,31750.0,18.4,11%,61 : 39,36.395,30.2,21.0,53.5,36.9,51.6,2025.0
631-640,641-650,Far Eastern Federal University,RU,Russia,L,12.8,5.5,96.7,1.7,10.8,63.1,41.7,5.1,1.1,-,far eastern federal,1475.0,Far Eastern Federal University,Russian Federation,15822.0,12.9,21%,59 : 41,25.6705,30.8,19.4,17.4,27.4,61.9,2025.0
,,,,,,,,,,,,,,,,fayoum,1098.0,Fayoum University,Egypt,47899.0,15.9,0%,63 : 37,32.4745,17.1,11.3,65.8,22.2,47.0,2025.0
,,,,,,,,,,,,,,,,"federal agriculture, abeokuta",1862.0,"Federal University of Agriculture, Abeokuta",Nigeria,20438.0,36.0,0%,41 : 59,18.642,16.1,9.0,26.2,23.5,33.1,2025.0
,,,,,,,,,,,,,,,,federal espírito santo,1682.0,Federal University of Espírito Santo,Brazil,27464.0,15.0,1%,54 : 46,22.3045,23.8,12.3,25.4,47.1,29.5,2025.0
,,,,,,,,,,,,,,,,federal goiás,1643.0,Federal University of Goiás,Brazil,21440.0,10.0,0%,49 : 51,23.0425,30.2,12.7,24.5,25.2,27.9,2025.0
,,,,,,,,,,,,,,,,"federal institute of education, science and technology of são paulo",2084.0,"Federal Institute of Education, Science and Technology of São Paulo",Brazil,63258.0,18.8,0%,,11.9345,17.9,6.9,7.7,16.2,22.6,2025.0
,,,,,,,,,,,,,,,,federal itajubá,1907.0,Federal University of Itajubá,Brazil,8804.0,17.5,1%,30 : 70,17.429499999999997,19.3,9.7,19.3,24.7,28.6,2025.0
,,,,,,,,,,,,,,,,federal lavras,1464.0,Federal University of Lavras,Brazil,14328.0,18.3,1%,51 : 49,25.7855,30.7,17.0,28.4,29.1,28.2,2025.0
,,,,,,,,,,,,,,,,federal mato grosso do sul,1784.0,Federal University of Mato Grosso do Sul,Brazil,29164.0,16.3,1%,57 : 43,20.16,20.1,11.3,24.2,35.9,30.1,2025.0
,,,,,,,,,,,,,,,,federal minas gerais,975.0,Federal University of Minas Gerais,Brazil,43286.0,14.2,1%,56 : 44,34.80049999999999,40.9,21.5,40.3,49.5,32.4,2025.0
,,,,,,,,,,,,,,,,federal oye-ekiti,2074.0,Federal University Oye-Ekiti,Nigeria,39560.0,41.3,0%,49 : 51,12.9275,10.8,8.6,12.6,16.0,37.7,2025.0
,,,,,,,,,,,,,,,,federal pará,1837.0,Federal University of Pará,Brazil,48359.0,17.8,0%,53 : 47,19.143999999999995,21.9,12.1,21.0,23.3,25.9,2025.0
,,,,,,,,,,,,,,,,federal pelotas,1740.0,Federal University of Pelotas,Brazil,23543.0,18.1,0%,56 : 44,21.1885,19.2,14.4,28.6,24.4,23.9,2025.0
,,,,,,,,,,,,,,,,federal pernambuco,1533.0,Federal University of Pernambuco,Brazil,35655.0,12.9,0%,51 : 49,24.773499999999995,32.6,13.6,24.1,51.0,25.9,2025.0
,,,,,,,,,,,,,,,,federal rio de janeiro,716.0,Federal University of Rio de Janeiro,Brazil,54201.0,15.3,1%,55 : 45,40.19049999999999,41.3,37.3,37.0,84.0,36.4,2025.0
,,,,,,,,,,,,,,,,federal rio grande do norte (ufrn),1659.0,Federal University of Rio Grande do Norte (UFRN),Brazil,46490.0,17.9,0%,47 : 53,22.792,24.2,12.9,26.9,33.8,33.2,2025.0
,,,,,,,,,,,,,,,,federal rural pernambuco,1812.0,Federal Rural University of Pernambuco,Brazil,15815.0,13.9,0%,48 : 52,19.7475,28.0,11.0,18.6,22.0,24.5,2025.0
,,,,,,,,,,,,,,,,federal santa maria,1422.0,Federal University of Santa Maria,Brazil,29075.0,12.9,0%,54 : 46,26.675,33.4,12.1,34.1,28.7,25.8,2025.0
,,,,,,,,,,,,,,,,federal são carlos,1219.0,Federal University of São Carlos,Brazil,20250.0,14.2,1%,50 : 50,30.2665,33.4,20.9,33.1,51.5,31.5,2025.0
,,,,,,,,,,,,,,,,federal technology akure,1370.0,Federal University of Technology Akure,Nigeria,19186.0,21.9,0%,27 : 73,27.603,24.5,10.9,43.4,18.8,45.9,2025.0
,,,,,,,,,,,,,,,,"federal technology, minna",1494.0,"Federal University of Technology, Minna",Nigeria,25004.0,23.6,0%,24 : 76,25.2985,16.4,8.2,47.6,16.5,41.9,2025.0
,,,,,,,,,,,,,,,,"federal technology, owerri",1761.0,"Federal University of Technology, Owerri",Nigeria,24205.0,20.3,0%,32 : 68,20.9045,29.0,7.3,21.8,23.5,36.7,2025.0
,,,,,,,,,,,,,,,,federal uberlândia,1452.0,Federal University of Uberlândia,Brazil,24277.0,13.3,1%,52 : 48,26.045,27.7,13.5,34.7,42.4,24.7,2025.0
,,,,,,,,,,,,,,,,federal viçosa,1631.0,Federal University of Viçosa,Brazil,16955.0,8.9,1%,57 : 43,23.15,32.2,12.6,23.2,29.8,24.6,2025.0
,,,,,,,,,,,,,,,,federation australia,498.0,Federation University Australia,Australia,8663.0,19.4,40%,60 : 40,46.042,20.1,23.4,79.0,73.6,89.1,2025.0
,,,,,,,,,,,,,,,,federico santa maría technical,1647.0,Federico Santa María Technical University,Chile,23753.0,31.0,2%,25 : 75,23.0025,12.7,11.8,33.8,38.1,55.6,2025.0
1201-1400,1201-1400,Feng Chia University,TW,Taiwan,L,10.8,7.9,4.4,6.1,3.4,4.4,11.2,15.5,16.7,-,feng chia,1616.0,Feng Chia University,Taiwan,20054.0,23.3,6%,41 : 59,23.408,17.1,18.4,24.2,73.5,37.7,2025.0
951-1000,1001-1200,Ferdowsi University of Mashhad,IR,"Iran, Islamic Republic of",L,7.0,6.0,3.5,28.2,1.3,7.1,71.7,5.2,1.7,-,ferdowsi mashhad,918.0,Ferdowsi University of Mashhad,Iran,22692.0,28.6,8%,54 : 46,35.983,29.4,26.9,49.9,47.1,35.4,2025.0
,,,,,,,,,,,,,,,,ferhat abbas sétif 1,1825.0,Ferhat Abbas Sétif University 1,Algeria,39465.0,25.9,0%,62 : 38,19.523000000000003,14.3,3.9,35.2,18.9,38.1,2025.0
,,,,,,,,,,,,,,,,ferrara,541.0,University of Ferrara,Italy,24119.0,34.0,4%,62 : 38,44.6545,31.7,25.4,73.6,65.8,43.0,2025.0
951-1000,1001-1200,Financial University under the Government of the Russian Federation,RU,Russia,L,5.3,9.9,39.3,1.6,4.7,19.4,32.4,47.7,5.1,-,financial under government of russian federation,1123.0,Financial University under the Government of the Russian Federation,Russian Federation,16800.0,13.3,10%,55 : 45,32.078,27.2,19.7,47.7,31.4,37.0,2025.0
,,,,,,,,,,,,,,,,firat,1275.0,Firat University,Turkey,38169.0,23.8,6%,65 : 35,29.2905,18.2,9.9,59.2,23.2,31.5,2025.0
336,380,Flinders University,AU,Australia,L,13.5,5.6,7.2,51.8,97.2,88.8,80.8,7.4,87.4,33.3,flinders,331.0,Flinders University,Australia,15324.0,31.1,33%,65 : 35,51.9975,27.2,37.3,78.9,71.6,88.3,2025.0
375,358,University of Florence,IT,Italy,XL,34.6,8.4,4.4,46.6,7.3,12.3,88.5,30.3,74.5,31.2,florence,364.0,University of Florence,Italy,40415.0,22.4,11%,57 : 43,50.71799999999999,36.9,35.8,75.6,75.7,49.9,2025.0
215,168,University of Florida,US,United States,XL,46.7,42.3,62.9,32.1,17.8,10.3,98.3,44.5,60.6,44.2,florida,130.0,University of Florida,United States,47534.0,15.9,10%,56 : 44,63.6485,54.4,56.8,79.1,89.9,50.7,2025.0
,,,,,,,,,,,,,,,,florida agricultural and mechanical,1091.0,Florida Agricultural and Mechanical University,United States,8679.0,15.4,1%,67 : 33,32.645999999999994,33.6,18.9,38.9,43.2,51.4,2025.0
,,,,,,,,,,,,,,,,florida atlantic,794.0,Florida Atlantic University,United States,23818.0,19.4,9%,66 : 34,38.35549999999999,22.7,22.8,61.1,63.3,55.8,2025.0
1201-1400,1201-1400,Florida Atlantic University - Boca Raton,US,United States,L,4.7,6.2,4.9,9.5,6.8,4.4,44.3,5.8,4.5,-,florida atlantic - boca raton,,,,,,,,,,,,,,
,,,,,,,,,,,,,,,,florida institute of technology,912.0,Florida Institute of Technology,United States,6270.0,20.2,22%,48 : 52,36.056,31.1,20.2,46.1,63.4,62.1,2025.0
574,556,Florida International University,US,United States,XL,15.3,22.5,11.8,12.6,20.3,12.9,86.7,16.6,81.2,21.5,florida international,458.0,Florida International University,United States,35021.0,21.9,8%,58 : 42,47.391,32.1,32.1,74.3,64.5,49.9,2025.0
573,461,Florida State University,US,United States,XL,25.6,18.1,7.2,24.8,10.0,4.2,71.9,18.4,26.8,21.6,florida state,316.0,Florida State University,United States,41180.0,25.5,7%,58 : 42,52.6805,37.3,40.5,76.3,67.3,58.0,2025.0
,,,,,,,,,,,,,,,,fluminense federal,1681.0,Fluminense Federal University,Brazil,71127.0,20.5,1%,48 : 52,22.3055,21.6,13.5,28.6,26.9,31.5,2025.0
,,,,,,,,,,,,,,,,foggia,956.0,University of Foggia,Italy,9227.0,33.7,1%,64 : 36,35.110499999999995,15.9,25.8,64.0,35.7,30.8,2025.0
1001-1200,1001-1200,Fordham University ,US,United States,L,6.8,8.3,14.8,5.4,6.3,13.9,23.9,29.1,1.4,-,fordham,,,,,,,,,,,,,,
,,,,,,,,,,,,,,,,fort hare,1590.0,University of Fort Hare,South Africa,14345.0,32.8,2%,59 : 41,23.765,20.2,14.3,31.0,20.1,47.4,2025.0
,,,,,,,,,,,,,,,,fortaleza (unifor),1966.0,University of Fortaleza (UNIFOR),Brazil,20801.0,20.8,0%,52 : 48,15.9575,14.4,9.1,19.8,17.7,32.3,2025.0
,,,,,,,,,,,,,,,,franche-comté,1231.0,University of Franche-Comté,France,24095.0,31.0,13%,59 : 41,30.018,20.5,15.8,40.2,49.9,71.1,2025.0
,,,,,,,,,,,,,,,,free berlin,105.0,Free University of Berlin,Germany,24727.0,42.5,22%,63 : 37,65.782,49.9,59.6,82.7,71.0,81.7,2025.0
661-670,641-650,Free University of Bozen-Bolzano,IT,Italy,S,5.8,1.5,12.8,42.6,72.3,37.4,49.3,3.4,2.0,-,free bozen-bolzano,379.0,Free University of Bozen-Bolzano,Italy,4109.0,8.7,16%,66 : 34,50.05400000000001,33.3,23.1,85.9,46.1,78.9,2025.0
1001-1200,1001-1200,University of the Free State,ZA,South Africa,L,6.1,5.8,3.4,8.8,,4.4,92.4,11.6,1.7,-,free state,1109.0,University of the Free State,South Africa,31831.0,34.6,2%,64 : 36,32.2185,21.7,20.0,49.3,34.3,51.4,2025.0
,,,,,,,,,,,,,,,,freiburg,128.0,University of Freiburg,Germany,20268.0,36.9,18%,54 : 46,63.8225,45.4,51.3,86.9,100.0,73.1,2025.0
97,98,Freie Universitaet Berlin,DE,Germany,L,80.3,56.9,5.0,71.7,62.4,43.7,93.1,32.8,31.3,60.6,freie universitaet berlin,,,,,,,,,,,,,,
,,,,,,,,,,,,,,,,fribourg,417.0,University of Fribourg,Switzerland,6871.0,15.3,17%,64 : 36,48.6485,36.1,34.2,63.3,70.9,83.4,2025.0
,,,,,,,,,,,,,,,,friedrich schiller jena,217.0,Friedrich Schiller University Jena,Germany,15372.0,17.8,14%,,57.66899999999999,42.6,42.3,83.0,78.0,64.2,2025.0
224,229,Friedrich-Alexander-Universität Erlangen-Nürnberg,DE,Germany,L,25.8,27.7,3.2,94.9,27.2,48.8,87.1,19.6,74.5,43.6,friedrich-alexander-universität erlangen-nürnberg,,,,,,,,,,,,,,
1201-1400,1201-1400,Fu Jen Catholic University,TW,Taiwan,L,7.6,6.9,3.6,7.0,7.6,4.2,16.1,27.1,4.0,-,fu jen catholic,1318.0,Fu Jen Catholic University,Taiwan,19251.0,30.2,5%,59 : 41,28.4625,21.9,28.8,28.3,73.5,29.6,2025.0
39,50,Fudan University,CN,China (Mainland),XL,85.7,87.8,79.7,80.7,88.4,35.1,67.2,64.4,82.7,80.3,fudan,36.0,Fudan University,China,38462.0,12.3,9%,52 : 48,78.798,78.2,76.2,85.4,99.4,53.8,2025.0
,,,,,,,,,,,,,,,,fujian agriculture and forestry,1074.0,Fujian Agriculture and Forestry University,China,32192.0,18.1,1%,52 : 48,32.930499999999995,18.0,14.7,64.5,41.5,31.3,2025.0
,,,,,,,,,,,,,,,,fujita health,1031.0,Fujita Health University,Japan,3048.0,3.6,1%,59 : 41,33.6435,27.2,13.2,59.6,55.6,22.5,2025.0
,,,,,,,,,,,,,,,,fukui,1768.0,University of Fukui,Japan,4798.0,7.5,3%,30 : 70,20.649,27.5,12.3,17.6,40.3,27.7,2025.0
1201-1400,1001-1200,Fundación CEU San Pablo,ES,Spain,L,4.4,9.4,15.7,2.3,3.8,47.5,15.3,10.5,1.0,-,fundación ceu san pablo,,,,,,,,,,,,,,
1401+,1201-1400,Fundación Universidad De Bogotá-Jorge Tadeo Lozano,CO,Colombia,M,5.2,3.3,10.2,1.7,3.2,1.2,5.9,12.1,1.0,-,fundación universidad de bogotá-jorge tadeo lozano,,,,,,,,,,,,,,
901-950,1001-1200,Future University in Egypt,EG,Egypt,M,4.8,34.7,34.9,2.0,11.7,21.7,40.0,2.9,1.1,-,future in egypt,786.0,Future University in Egypt,Egypt,8212.0,9.6,11%,43 : 57,38.5005,22.3,10.4,78.0,16.9,64.4,2025.0
,,,,,,,,,,,,,,,,fuzhou,773.0,Fuzhou University,China,43102.0,17.8,1%,39 : 61,38.684000000000005,19.2,18.8,72.6,77.2,36.0,2025.0
,,,,,,,,,,,,,,,,gabriele d‘annunzio,927.0,Gabriele d‘Annunzio University,Italy,22405.0,29.6,2%,65 : 35,35.895999999999994,17.0,20.2,66.3,55.2,39.0,2025.0
,,,,,,,,,,,,,,,,gachon,645.0,Gachon University,South Korea,19066.0,26.6,19%,51 : 49,41.9515,34.5,25.7,57.0,71.4,58.2,2025.0
239,263,Gadjah Mada University,ID,Indonesia,XL,54.4,73.5,57.6,1.7,40.3,4.1,38.1,69.0,26.8,41.8,gadjah mada,,,,,,,,,,,,,,
,,,,,,,,,,,,,,,,galgotias,1113.0,Galgotias University,India,18181.0,15.0,3%,38 : 62,32.187999999999995,19.5,9.4,70.8,17.3,23.7,2025.0
273,289,University of Galway,IE,Ireland,L,26.2,30.3,63.2,13.2,95.2,43.2,81.3,46.6,85.9,38.3,galway,381.0,University of Galway,Ireland,16039.0,26.0,18%,61 : 39,49.96750000000001,25.6,34.9,76.4,86.8,78.7,2025.0
,,,,,,,,,,,,,,,,gauhati,1207.0,Gauhati University,India,6827.0,16.9,0%,53 : 47,30.5375,36.7,27.6,28.4,37.3,22.6,2025.0
,,,,,,,,,,,,,,,,gazi,1435.0,Gazi University,Turkey,43838.0,18.4,3%,49 : 51,26.442,26.0,16.4,32.4,65.4,22.4,2025.0
901-950,1001-1200,Gazi Üniversitesi,TR,Turkey,XL,18.6,15.3,6.0,4.4,1.0,3.3,56.0,18.2,20.1,-,gazi üniversitesi,,,,,,,,,,,,,,
,,,,,,,,,,,,,,,,gaziantep,1688.0,Gaziantep University,Turkey,34279.0,38.7,12%,36 : 64,22.2325,18.1,10.9,32.8,22.3,40.0,2025.0
801-850,851-900,Gda?sk University of Technology,PL,Poland,L,9.4,15.2,29.6,12.7,5.3,4.0,65.8,3.2,33.3,-,gda?sk technology,,,,,,,,,,,,,,
851-900,951-1000,UNIVERSITY OF GDANSK,PL,Poland,L,12.0,6.2,34.9,3.9,4.8,2.4,70.6,14.1,25.7,-,gdansk,,,,,,,,,,,,,,
,,,,,,,,,,,,,,,,gdańsk,1484.0,University of Gdańsk,Poland,18016.0,11.6,3%,67 : 33,25.5195,24.8,15.4,33.2,26.0,36.5,2025.0
,,,,,,,,,,,,,,,,gdańsk technology,1137.0,Gdańsk University of Technology,Poland,14179.0,19.8,7%,39 : 61,31.755,18.8,18.6,52.4,53.5,39.4,2025.0
,,,,,,,,,,,,,,,,gdynia maritime,1851.0,Gdynia Maritime University,Poland,3155.0,9.6,3%,31 : 69,18.8065,24.4,10.2,16.7,52.2,20.7,2025.0
,,,,,,,,,,,,,,,,gebze technical,1316.0,Gebze Technical University,Turkey,10469.0,34.0,2%,38 : 62,28.4845,19.2,20.1,42.6,42.1,33.7,2025.0
1001-1200,1201-1400,Gebze Technical University (GTU),TR,Turkey,M,4.5,3.4,7.8,18.5,6.2,3.8,37.3,2.3,3.8,-,gebze technical (gtu),,,,,,,,,,,,,,
155,128,University of Geneva,CH,Switzerland,L,45.5,17.2,40.4,62.4,100.0,97.6,94.2,49.5,42.3,51.6,geneva,171.0,University of Geneva,Switzerland,18261.0,8.1,41%,62 : 38,60.5715,43.2,39.0,86.4,84.0,96.5,2025.0
547,530,University of Genoa,IT,Italy,L,18.8,4.9,12.7,43.7,5.4,9.2,81.2,10.5,39.5,22.6,genoa,412.0,University of Genoa,Italy,20489.0,17.8,8%,59 : 41,48.88699999999999,37.3,30.6,74.8,76.3,46.9,2025.0
,,,,,,,,,,,,,,,,"george emil palade medicine, pharmacy, science, and technology of targu mures",1561.0,"George Emil Palade University of Medicine, Pharmacy, Science, and Technology of Targu Mures",Romania,9504.0,17.5,14%,64 : 36,24.3315,18.4,12.0,39.2,22.4,36.9,2025.0
1001-1200,951-1000,George Mason University,US,United States,XL,8.8,4.8,12.4,9.2,10.0,15.3,60.9,11.9,22.5,-,george mason,434.0,George Mason University,United States,32428.0,17.2,11%,53 : 47,48.291,28.9,28.8,81.2,62.9,60.5,2025.0
371,340,George Washington University,US,United States,L,25.2,28.8,27.3,27.5,24.6,34.4,79.5,74.5,27.3,31.3,george washington,210.0,George Washington University,United States,21768.0,12.3,17%,61 : 39,58.2405,48.6,35.1,86.3,67.8,68.3,2025.0
301,297,Georgetown University,US,United States,L,29.3,41.9,63.0,14.0,28.0,37.3,62.5,90.9,37.0,36.3,georgetown,214.0,Georgetown University,United States,17579.0,9.8,18%,55 : 45,57.8055,50.4,34.7,83.7,92.3,54.3,2025.0
587,514,The University of Georgia,US,United States,XL,20.6,18.6,9.8,24.4,6.7,4.5,83.7,21.5,30.7,21.1,georgia,,,,,,,,,,,,,,
,,,,,,,,,,,,,,,,georgia (usa),359.0,University of Georgia (USA),United States,38399.0,15.9,7%,59 : 41,50.925,42.2,40.4,69.1,69.0,43.6,2025.0
114,97,Georgia Institute of Technology,US,United States,XL,67.1,82.6,20.3,52.8,21.3,66.4,75.5,43.1,39.5,57.3,georgia institute of technology,40.0,Georgia Institute of Technology,United States,34116.0,31.4,31%,34 : 66,78.326,60.0,77.7,92.9,99.2,83.4,2025.0
,,,,,,,,,,,,,,,,georgia southern,1524.0,Georgia Southern University,United States,21448.0,18.3,3%,59 : 41,24.866,19.1,11.7,39.6,35.4,33.9,2025.0
851-900,851-900,Georgia State University,US,United States,L,11.3,14.2,4.3,22.4,4.8,10.4,62.3,18.2,7.2,-,georgia state,534.0,Georgia State University,United States,33424.0,17.2,8%,55 : 45,44.774,31.3,25.8,71.5,61.9,55.1,2025.0
901-950,1401+,Georgian Technical University,GE,Georgia,L,7.1,6.6,1.0,46.9,,,5.4,25.9,1.0,-,georgian technical,1824.0,Georgian Technical University,Georgia,17268.0,13.8,2%,19 : 81,19.5315,28.4,9.3,16.0,16.6,39.9,2025.0
1201-1400,1201-1400,German University in Cairo,EG,Egypt,L,8.3,15.2,7.0,2.2,13.4,1.1,12.8,4.4,1.0,-,german in cairo,1609.0,German University in Cairo,Egypt,12183.0,12.7,2%,43 : 57,23.4685,18.7,3.7,42.0,21.1,45.8,2025.0
901-950,1001-1200,German Jordanian University,JO,Jordan,S,8.6,15.1,21.4,5.6,65.3,16.3,17.8,8.5,1.5,-,german jordanian,1273.0,German Jordanian University,Jordan,3045.0,10.1,16%,39 : 61,29.2975,22.1,12.1,40.7,23.1,81.8,2025.0
851-900,951-1000,University of Ghana,GH,Ghana,XL,11.5,7.6,1.9,5.3,4.5,1.7,72.8,95.4,7.6,-,ghana,1149.0,University of Ghana,Ghana,65729.0,40.6,1%,49 : 51,31.415,17.3,25.5,44.8,44.1,49.5,2025.0
169,159,Ghent University,BE,Belgium,XL,53.2,24.8,78.5,21.5,79.7,21.4,99.5,72.9,98.3,50.1,ghent,112.0,Ghent University,Belgium,38420.0,34.3,11%,57 : 43,65.435,47.7,59.5,84.2,99.9,64.7,2025.0
,,,,,,,,,,,,,,,,gheorghe asachi technical iaşi,1899.0,Gheorghe Asachi Technical University of Iaşi,Romania,12702.0,21.2,9%,30 : 70,17.659,15.4,10.0,21.8,31.9,32.0,2025.0
,,,,,,,,,,,,,,,,ghulam ishaq khan institute of engineering sciences and technology,1042.0,Ghulam Ishaq Khan Institute of Engineering Sciences and Technology,Pakistan,2171.0,17.1,0%,12 : 88,33.5095,19.1,15.8,60.5,33.7,50.6,2025.0
1001-1200,951-1000,Gifu University,JP,Japan,M,6.6,2.3,57.9,7.6,4.3,3.3,20.6,1.8,3.1,-,gifu,1281.0,Gifu University,Japan,7108.0,14.4,4%,38 : 62,29.174,29.4,23.3,29.4,67.6,29.6,2025.0
,,,,,,,,,,,,,,,,girona,937.0,University of Girona,Spain,14186.0,20.6,14%,58 : 42,35.775499999999994,22.1,24.0,53.4,50.4,56.8,2025.0
,,,,,,,,,,,,,,,,gitam,1847.0,GITAM University,India,25876.0,12.5,1%,38 : 62,18.894,20.8,9.8,23.9,19.9,26.0,2025.0
,,,,,,,,,,,,,,,,gla,1070.0,GLA University,India,12764.0,14.7,0%,26 : 74,33.0395,18.8,13.0,69.8,18.4,27.3,2025.0
78,76,University of Glasgow,UK,United Kingdom,XL,77.4,67.7,38.0,32.5,95.7,99.4,97.6,33.5,98.5,65,glasgow,87.0,University of Glasgow,United Kingdom,36240.0,15.1,46%,59 : 41,67.79849999999999,47.5,51.4,96.0,72.0,96.0,2025.0
1001-1200,1001-1200,Glasgow Caledonian University,UK,United Kingdom,L,5.2,5.4,4.3,6.3,30.1,34.9,37.2,6.8,23.5,-,glasgow caledonian,891.0,Glasgow Caledonian University,United Kingdom,15255.0,24.0,21%,58 : 42,36.4515,18.5,13.7,63.9,47.4,79.4,2025.0
,,,,,,,,,,,,,,,,gloucestershire,1106.0,University of Gloucestershire,United Kingdom,6775.0,15.2,12%,60 : 40,32.3325,18.6,14.1,56.2,24.6,65.5,2025.0
,,,,,,,,,,,,,,,,gmr institute of technology,1639.0,GMR Institute of Technology,India,3911.0,16.1,0%,27 : 73,23.086,15.9,9.1,45.0,17.6,20.7,2025.0
,,,,,,,,,,,,,,,,goa,1606.0,Goa University,India,2820.0,11.8,3%,65 : 35,23.5325,32.1,12.9,25.3,23.3,24.0,2025.0
309,302,Goethe-University Frankfurt am Main,DE,Germany,XL,43.2,33.2,24.4,15.9,37.4,24.1,90.4,20.2,75.0,35.2,goethe-university frankfurt am main,,,,,,,,,,,,,,
,,,,,,,,,,,,,,,,goeuniversity frankfurt,208.0,Goethe University Frankfurt,Germany,27937.0,20.1,13%,59 : 41,58.353,42.5,43.3,82.5,83.9,68.7,2025.0
681-690,593,"Goldsmiths, University of London",UK,United Kingdom,M,13.1,5.1,12.8,12.0,92.0,91.5,25.1,14.4,3.1,-,"goldsmiths, london",508.0,"Goldsmiths, University of London",United Kingdom,8355.0,13.8,43%,68 : 32,45.524,26.5,23.7,76.8,40.9,82.1,2025.0
,,,,,,,,,,,,,,,,golestan,732.0,Golestan University,Iran,3852.0,30.1,8%,60 : 40,39.7565,21.7,13.3,79.7,24.2,61.6,2025.0
,,,,,,,,,,,,,,,,golestan medical sciences,890.0,Golestan University of Medical Sciences,Iran,3748.0,10.7,5%,55 : 45,36.487,38.3,10.8,63.0,22.1,30.3,2025.0
,,,,,,,,,,,,,,,,gorgan agricultural sciences and natural resources,768.0,Gorgan University of Agricultural Sciences and Natural Resources,Iran,3964.0,21.7,1%,46 : 54,38.768,31.3,11.1,73.8,33.7,37.7,2025.0
194,187,University of Gothenburg,SE,Sweden,L,35.4,18.3,60.9,33.6,90.0,78.2,94.2,63.1,92.8,46.7,gothenburg,215.0,University of Gothenburg,Sweden,21568.0,11.5,13%,,57.77499999999999,34.6,43.4,90.2,77.3,64.4,2025.0
,,,,,,,,,,,,,,,,government college faisalabad,688.0,Government College University Faisalabad,Pakistan,21210.0,25.6,0%,45 : 55,40.739,21.3,17.2,83.3,21.0,48.5,2025.0
,,,,,,,,,,,,,,,,government college lahore,1143.0,Government College University Lahore,Pakistan,12316.0,33.7,0%,45 : 55,31.669,17.6,17.3,55.8,22.0,51.2,2025.0
431,403,University of Granada,ES,Spain,XL,44.4,14.1,5.7,26.2,3.1,14.8,96.3,4.9,26.3,27.6,granada,678.0,University of Granada,Spain,56877.0,14.9,12%,60 : 40,41.1525,28.8,26.4,62.2,55.2,55.1,2025.0
,,,,,,,,,,,,,,,,grand valley state,1692.0,Grand Valley State University,United States,19195.0,14.8,2%,63 : 37,22.1535,20.0,9.5,31.4,30.9,37.9,2025.0
,,,,,,,,,,,,,,,,graz,590.0,University of Graz,Austria,11068.0,10.9,18%,65 : 35,43.6045,31.9,23.5,64.2,49.6,81.8,2025.0
413,421,Graz University of Technology,AT,Austria,M,14.7,15.7,98.9,11.1,81.8,59.7,59.9,11.9,2.8,28.8,graz technology,615.0,Graz University of Technology,Austria,6627.0,8.3,25%,26 : 74,42.643,39.9,21.3,49.4,93.7,81.7,2025.0
691-700,671-680,University of Greenwich,UK,United Kingdom,L,4.7,4.1,4.1,11.7,91.5,100.0,78.2,14.9,5.4,-,greenwich,549.0,University of Greenwich,United Kingdom,19330.0,23.9,52%,56 : 44,44.4925,18.2,18.0,83.6,37.4,97.7,2025.0
,,,,,,,,,,,,,,,,greifswald,427.0,University of Greifswald,Germany,10356.0,22.4,8%,60 : 40,48.43599999999999,35.1,33.4,73.4,61.7,52.1,2025.0
255,243,Griffith University,AU,Australia,L,27.0,13.7,8.4,62.5,99.8,38.5,92.1,17.9,96.4,40.1,griffith,309.0,Griffith University,Australia,30328.0,26.3,17%,60 : 40,53.13,28.5,36.1,83.1,78.4,82.5,2025.0
,,,,,,,,,,,,,,,,grigore t. popa medicine and pharmacy,1815.0,Grigore T. Popa University of Medicine and Pharmacy,Romania,9908.0,10.7,26%,66 : 34,19.674,23.2,10.4,19.2,24.1,41.2,2025.0
159,139,University of Groningen,NL,Netherlands,XL,52.3,34.4,49.3,41.2,93.2,83.5,94.1,40.0,40.1,51.3,groningen,81.0,University of Groningen,Netherlands,32845.0,29.1,30%,54 : 46,69.8115,46.4,57.5,94.8,99.9,93.5,2025.0
,,,,,,,,,,,,,,,,guadalajara,2035.0,University of Guadalajara,Mexico,142714.0,20.0,0%,55 : 45,14.424,15.3,8.9,14.4,18.8,30.1,2025.0
,,,,,,,,,,,,,,,,guanajuato,2004.0,University of Guanajuato,Mexico,30903.0,20.4,1%,55 : 45,15.1915,16.6,9.2,14.3,22.1,32.7,2025.0
,,,,,,,,,,,,,,,,guangdong technology,730.0,Guangdong University of Technology,China,52318.0,18.1,0%,27 : 73,39.788,17.6,18.9,79.5,82.5,26.2,2025.0
,,,,,,,,,,,,,,,,guangzhou,714.0,Guangzhou University,China,38183.0,14.7,0%,41 : 59,40.215500000000006,20.9,20.4,79.9,44.1,32.0,2025.0
,,,,,,,,,,,,,,,,guangzhou medical,929.0,Guangzhou Medical University,China,15599.0,2.2,2%,58 : 42,35.872499999999995,24.7,11.0,72.9,37.9,26.8,2025.0
,,,,,,,,,,,,,,,,gubkin russian state oil and gas,1945.0,Gubkin Russian State University of Oil and Gas,Russian Federation,10041.0,13.4,6%,33 : 67,16.483999999999998,21.7,10.6,11.2,43.4,25.5,2025.0
456,486,University of Guelph,CA,Canada,L,12.8,12.8,5.0,50.1,46.4,14.3,65.2,11.2,82.9,26.3,guelph,421.0,University of Guelph,Canada,22115.0,26.5,11%,59 : 41,48.591,33.9,36.3,66.4,80.4,65.7,2025.0
,,,,,,,,,,,,,,,,guilan,1289.0,University of Guilan,Iran,18681.0,33.7,1%,58 : 42,29.1095,23.8,17.6,45.9,33.3,25.1,2025.0
,,,,,,,,,,,,,,,,guilan medical sciences,910.0,Guilan University of Medical Sciences,Iran,5726.0,11.2,1%,56 : 44,36.1735,40.0,11.6,60.0,29.3,24.5,2025.0
,,,,,,,,,,,,,,,,gujrat,939.0,University of Gujrat,Pakistan,18571.0,37.4,0%,65 : 35,35.740500000000004,13.6,12.9,78.5,23.0,46.9,2025.0
851-900,851-900,Gulf University for Science and Technology,KW,Kuwait,S,14.6,9.3,11.2,4.8,100.0,27.7,9.3,11.0,1.1,-,gulf for science and technology,,,,,,,,,,,,,,
1001-1200,951-1000,Gunma University,JP,Japan,M,3.5,1.9,85.8,4.7,4.0,3.2,8.7,1.9,1.0,-,gunma,1578.0,Gunma University,Japan,6149.0,7.5,5%,39 : 61,23.9355,28.0,14.3,23.2,63.4,27.1,2025.0
,,,,,,,,,,,,,,,,guru ghasidas vishwavidyalaya,1403.0,Guru Ghasidas Vishwavidyalaya,India,9878.0,23.0,0%,38 : 62,27.0185,16.1,10.5,55.5,21.6,22.8,2025.0
1001-1200,1401+,Guru Gobind Singh Indraprastha University,IN,India,S,4.5,4.4,6.6,27.7,3.7,5.1,17.3,6.4,2.2,-,guru gobind singh indraprastha,,,,,,,,,,,,,,
,,,,,,,,,,,,,,,,guru jambheshwar science and technology,1336.0,Guru Jambheshwar University of Science and Technology,India,7094.0,19.7,0%,38 : 62,28.114,30.6,10.4,44.9,30.9,18.2,2025.0
359,328,Gwangju Institute of Science and Technology (GIST),KR,South Korea,S,13.8,9.0,38.6,100.0,18.6,8.8,27.0,2.2,9.9,31.9,gwangju institute of science and technology (gist),422.0,Gwangju Institute of Science and Technology (GIST),South Korea,1838.0,9.8,9%,27 : 73,48.5855,48.2,39.4,51.7,99.7,45.9,2025.0
,,,,,,,,,,,,,,,,gyeongsang national,1377.0,Gyeongsang National University,South Korea,16273.0,12.2,2%,44 : 56,27.4795,27.1,18.0,34.2,52.5,25.4,2025.0
252,232,University of Göttingen,DE,Germany,L,46.4,27.1,76.4,16.2,49.7,22.4,95.1,40.3,32.1,40.3,göttingen,121.0,University of Göttingen,Germany,21729.0,25.2,14%,54 : 46,64.7495,49.2,54.0,88.2,70.7,70.5,2025.0
641-650,761-770,Hacettepe University ,TR,Turkey,L,22.5,29.4,10.8,7.1,4.0,3.5,72.1,22.2,34.8,-,hacettepe,853.0,Hacettepe University,Turkey,42712.0,23.4,3%,59 : 41,37.2475,30.7,29.3,50.2,65.6,26.8,2025.0
,,,,,,,,,,,,,,,,hai'l,780.0,University of Hai'l,Saudi Arabia,20102.0,11.1,4%,63 : 37,38.621,22.2,11.5,73.2,24.3,77.4,2025.0
671-680,651-660,University of Haifa,IL,Israel,L,13.0,5.9,14.6,32.1,13.4,3.6,67.2,22.9,37.3,-,haifa,668.0,University of Haifa,Israel,16631.0,17.8,3%,66 : 34,41.3595,26.7,29.3,66.9,58.4,34.4,2025.0
901-950,,University of Hail,SA,Saudi Arabia,L,5.2,1.9,39.4,2.4,100.0,3.0,43.3,2.3,1.5,-,hail,,,,,,,,,,,,,,
,,,,,,,,,,,,,,,,hakim sabzevari,1140.0,Hakim Sabzevari University,Iran,12049.0,26.0,3%,54 : 46,31.734,15.7,12.0,65.9,18.5,41.5,2025.0
951-1000,901-950,Hallym University ,KR,South Korea,M,2.8,1.8,94.4,6.9,3.8,2.2,5.7,1.7,1.1,-,hallym,1265.0,Hallym University,South Korea,7752.0,8.6,3%,,29.434500000000003,27.2,21.0,36.6,65.2,23.1,2025.0
,,,,,,,,,,,,,,,,halmstad,1216.0,Halmstad University,Sweden,5786.0,17.4,5%,62 : 38,30.3395,16.2,15.6,49.8,29.6,65.5,2025.0
183,310,Hamad Bin Khalifa University,QA,Qatar,S,12.9,4.7,99.9,100.0,100.0,100.0,74.3,6.0,2.6,48.3,hamad bin khalifa,,,,,,,,,,,,,,
,,,,,,,,,,,,,,,,hamadan medical sciences (umsha),1008.0,Hamadan University of Medical Sciences (UMSHA),Iran,7145.0,14.1,6%,55 : 45,34.226,33.5,16.9,55.8,22.0,24.3,2025.0
,,,,,,,,,,,,,,,,hamamatsu school of medicine,1136.0,Hamamatsu University School of Medicine,Japan,1208.0,4.1,3%,47 : 53,31.767499999999995,32.1,18.4,42.4,60.3,24.4,2025.0
,,,,,,,,,,,,,,,,hamburg,133.0,University of Hamburg,Germany,28410.0,57.3,13%,58 : 42,63.159,44.5,53.5,85.2,99.6,66.3,2025.0
,,,,,,,,,,,,,,,,hamburg technology,558.0,Hamburg University of Technology,Germany,4482.0,27.5,24%,26 : 74,44.332,36.5,26.8,59.3,85.5,61.1,2025.0
,,,,,,,,,,,,,,,,hangzhou normal,1077.0,Hangzhou Normal University,China,29618.0,17.2,1%,,32.8665,16.0,14.0,68.2,37.6,28.3,2025.0
,,,,,,,,,,,,,,,,hanoi medical,872.0,Hanoi Medical University,Vietnam,12636.0,10.9,0%,54 : 46,36.9025,33.9,11.4,62.1,34.9,47.6,2025.0
1201-1400,1201-1400,Hanoi University of Science and Technology,VN,Vietnam,XL,7.3,7.3,2.4,4.7,4.2,1.2,23.1,23.1,3.4,-,hanoi science and technology,1618.0,Hanoi University of Science and Technology,Vietnam,37561.0,34.8,0%,20 : 80,23.3855,16.1,16.9,28.7,59.5,36.6,2025.0
162,164,Hanyang University,KR,South Korea,L,43.0,78.0,77.1,28.5,17.4,57.6,63.0,43.3,85.8,51.1,hanyang,297.0,Hanyang University,South Korea,19796.0,13.5,24%,,53.8255,45.2,41.1,64.8,99.5,68.7,2025.0
1001-1200,1001-1200,Harbin Engineering University,CN,China (Mainland),L,5.4,2.4,16.5,28.1,2.3,2.2,32.4,3.8,1.3,-,harbin engineering,885.0,Harbin Engineering University,China,33294.0,18.9,2%,23 : 77,36.692,26.8,31.5,47.3,91.9,23.8,2025.0
252,256,Harbin Institute of Technology,CN,China (Mainland),XL,27.1,21.1,33.7,99.8,8.0,5.0,68.6,28.3,14.6,40.3,harbin institute of technology,153.0,Harbin Institute of Technology,China,31224.0,10.6,4%,,61.845000000000006,57.3,55.2,74.7,99.9,33.7,2025.0
,,,,,,,,,,,,,,,,harokopio athens,646.0,Harokopio University of Athens,Greece,3131.0,44.1,3%,51 : 49,41.937,18.5,28.8,78.2,41.5,40.1,2025.0
1201-1400,1001-1200,Harper Adams University,UK,United Kingdom,S,4.2,10.3,6.1,6.9,17.4,7.6,11.6,1.5,1.0,-,harper adams,,,,,,,,,,,,,,
4,4,Harvard University,US,United States,L,100.0,100.0,96.3,100.0,74.1,69.0,99.6,100.0,84.4,96.8,harvard,3.0,Harvard University,United States,22584.0,10.0,25%,52 : 48,97.64999999999998,97.3,99.9,99.3,85.7,90.1,2025.0
,,,,,,,,,,,,,,,,hasanuddin,1863.0,Hasanuddin University,Indonesia,38027.0,16.9,0%,54 : 46,18.589,18.9,9.9,26.4,19.0,19.5,2025.0
1001-1200,1201-1400,The Hashemite University,JO,Jordan,L,9.4,14.6,4.2,3.6,7.2,14.6,39.1,3.6,2.4,-,hashemite,1193.0,The Hashemite University,Jordan,18207.0,21.5,17%,62 : 38,30.698,13.7,15.3,53.4,31.8,65.7,2025.0
554,551,Hasselt University ,BE,Belgium,M,5.8,3.3,82.1,15.4,74.2,25.3,69.6,2.4,26.8,22.4,hasselt,334.0,Hasselt University,Belgium,5770.0,28.9,15%,49 : 51,51.81,33.1,38.2,73.4,88.5,72.1,2025.0
,,,,,,,,,,,,,,,,hassiba benbouali chlef,1646.0,Hassiba Benbouali University of Chlef,Algeria,29074.0,20.5,1%,69 : 31,23.013,16.0,11.9,34.9,31.3,41.6,2025.0
,,,,,,,,,,,,,,,,havana,1552.0,University of Havana,Cuba,15927.0,8.5,4%,62 : 38,24.4465,32.8,18.6,11.1,54.6,51.5,2025.0
488,386,University of Hawai?i at M?noa,US,United States,L,15.2,6.6,29.7,41.7,41.7,12.0,82.9,7.9,30.1,24.6,hawai?i at m?noa,,,,,,,,,,,,,,
,,,,,,,,,,,,,,,,hawai’i at mānoa,251.0,University of Hawai’i at Mānoa,United States,15692.0,12.3,10%,59 : 41,55.7375,40.6,43.4,75.7,67.8,76.7,2025.0
,,,,,,,,,,,,,,,,hazara mansehra,1035.0,Hazara University Mansehra,Pakistan,10667.0,20.6,0%,33 : 67,33.60799999999999,18.1,11.9,68.3,16.5,48.9,2025.0
,,,,,,,,,,,,,,,,"health sciences, turkey",1454.0,"University of Health Sciences, Turkey",Turkey,24687.0,7.5,13%,33 : 67,26.0345,46.1,6.1,25.6,16.9,30.8,2025.0
281,251,The Hebrew University of Jerusalem,IL,Israel,L,32.8,18.2,79.3,19.4,53.2,23.8,77.8,94.6,34.2,37.9,hebrew jerusalem,338.0,Hebrew University of Jerusalem,Israel,19205.0,9.1,6%,57 : 43,51.6625,45.1,37.2,70.9,72.0,45.6,2025.0
,,,,,,,,,,,,,,,,heinrich heine düsseldorf,265.0,Heinrich Heine University Düsseldorf,Germany,25140.0,26.0,14%,59 : 41,55.149,37.1,34.6,85.4,84.2,69.1,2025.0
,,,,,,,,,,,,,,,,hellenic open,1546.0,Hellenic Open University,Greece,20265.0,7.0,1%,59 : 41,24.533,22.5,8.6,42.5,16.6,26.5,2025.0
117,115,University of Helsinki,FI,Finland,L,62.3,29.1,59.4,49.6,73.4,5.7,96.9,90.5,94.5,56.8,helsinki,107.0,University of Helsinki,Finland,23822.0,16.5,6%,65 : 35,65.654,48.8,58.0,90.9,68.2,59.2,2025.0
1201-1400,1201-1400,Helwan University ,EG,Egypt,XL,7.3,12.4,3.6,1.6,1.1,1.6,50.7,13.2,1.5,-,helwan,1467.0,Helwan University,Egypt,153363.0,22.4,2%,56 : 44,25.7605,22.5,9.0,40.4,21.7,47.0,2025.0
256,235,Heriot-Watt University,UK,United Kingdom,M,17.8,27.1,17.6,65.2,100.0,98.1,75.4,26.3,25.7,39.9,heriot-watt,402.0,Heriot-Watt University,United Kingdom,10140.0,18.8,43%,38 : 62,49.2325,34.7,33.9,62.3,83.0,95.4,2025.0
851-900,851-900,University of Hertfordshire,UK,United Kingdom,L,4.4,3.7,5.9,5.2,62.0,100.0,58.8,10.1,2.1,-,hertfordshire,740.0,University of Hertfordshire,United Kingdom,23060.0,17.4,54%,48 : 52,39.5355,18.6,13.2,72.0,41.7,92.7,2025.0
1201-1400,1201-1400,The Herzen State Pedagogical University of Russia,RU,Russia,L,3.8,2.0,20.1,1.2,1.4,41.1,12.7,5.5,1.0,-,herzen state pedagogical russia,1952.0,Herzen State Pedagogical University of Russia,Russian Federation,17020.0,15.3,19%,73 : 27,16.327,21.6,11.8,9.5,18.2,39.4,2025.0
,,,,,,,,,,,,,,,,hindustan institute of technology and science,1497.0,Hindustan Institute of Technology and Science,India,7321.0,11.7,2%,43 : 57,25.206,22.8,10.2,43.1,19.8,24.0,2025.0
474,472,Hiroshima University,JP,Japan,L,24.1,12.3,75.9,8.9,13.2,12.9,70.1,6.9,50.8,25.2,hiroshima,675.0,Hiroshima University,Japan,14775.0,8.1,11%,38 : 62,41.211,39.1,30.4,46.4,76.2,51.9,2025.0
,,,,,,,,,,,,,,,,hitit,2006.0,Hitit University,Turkey,10696.0,24.2,10%,48 : 52,15.159,16.0,10.4,15.0,17.2,29.8,2025.0
539,481,Hitotsubashi University,JP,Japan,M,14.4,73.0,30.8,2.1,19.8,20.0,7.5,51.9,1.1,22.8,hitotsubashi,1234.0,Hitotsubashi University,Japan,6042.0,14.8,14%,33 : 67,29.974,31.0,20.7,29.3,24.9,67.2,2025.0
,,,,,,,,,,,,,,,,ho chi minh city open,1255.0,Ho Chi Minh City Open University,Vietnam,28002.0,46.3,0%,64 : 36,29.5985,9.9,10.3,66.0,15.9,43.4,2025.0
1001-1200,1201-1400,Hohai University,CN,China (Mainland),XL,4.1,1.5,7.9,16.5,,,70.7,2.2,2.4,-,hohai,,,,,,,,,,,,,,
601-610,651-660,University of Hohenheim,DE,Germany,M,8.6,6.1,12.0,47.5,25.2,25.9,76.9,5.0,19.2,-,hohenheim,317.0,University of Hohenheim,Germany,8652.0,38.9,14%,57 : 43,52.6695,35.6,36.6,79.9,73.9,61.7,2025.0
173,196,Hokkaido University,JP,Japan,L,59.0,63.3,76.2,26.0,18.7,12.1,77.7,15.5,78.1,49.8,hokkaido,376.0,Hokkaido University,Japan,17687.0,8.2,10%,29 : 71,50.21099999999999,52.6,44.7,47.8,95.9,47.4,2025.0
771-780,661-670,Holy Spirit University of Kaslik ,LB,Lebanon,M,6.7,6.4,62.3,2.1,98.9,37.8,6.5,5.7,1.1,-,holy spirit kaslik,,,,,,,,,,,,,,
17,26,The University of Hong Kong,HK,Hong Kong SAR,L,97.4,59.4,81.2,86.4,100.0,99.3,81.4,99.7,89.2,87.6,hong kong,35.0,University of Hong Kong,Hong Kong,18010.0,18.4,45%,55 : 45,79.607,65.0,70.5,96.1,96.3,97.4,2025.0
252,295,Hong Kong Baptist University,HK,Hong Kong SAR,M,18.2,12.0,60.0,61.4,98.9,100.0,37.0,15.7,54.4,40.3,hong kong baptist,257.0,Hong Kong Baptist University,Hong Kong,7218.0,11.9,54%,64 : 36,55.542,32.3,40.0,80.8,70.4,98.1,2025.0
57,65,The Hong Kong Polytechnic University,HK,Hong Kong SAR,L,68.0,35.6,65.0,94.9,100.0,91.9,78.9,64.5,77.4,72.1,hong kong polytechnic,84.0,The Hong Kong Polytechnic University,Hong Kong,20387.0,22.3,35%,50 : 50,68.026,46.1,53.5,92.8,93.6,97.7,2025.0
47,60,The Hong Kong University of Science and Technology,HK,Hong Kong SAR,M,81.1,50.3,56.7,99.7,100.0,95.4,46.7,65.4,77.6,77.1,hong kong science and technology,66.0,The Hong Kong University of Science and Technology,Hong Kong,9534.0,16.5,44%,,72.878,54.1,60.9,93.0,100.0,98.1,2025.0
1201-1400,1201-1400,Hongik University ,KR,South Korea,L,4.2,5.6,9.8,3.0,16.0,9.6,14.2,4.8,1.0,-,hongik,1607.0,Hongik University,South Korea,16028.0,17.5,10%,57 : 43,23.5305,24.2,15.2,24.2,41.4,40.9,2025.0
,,,,,,,,,,,,,,,,hormozgan,1539.0,University of Hormozgan,Iran,3634.0,16.5,0%,61 : 39,24.602,23.6,15.8,33.0,28.7,26.8,2025.0
,,,,,,,,,,,,,,,,hormozgan medical sciences,1524.0,Hormozgan University of Medical Sciences,Iran,3420.0,9.8,1%,54 : 46,24.866,42.0,10.5,23.1,17.9,23.8,2025.0
,,,,,,,,,,,,,,,,hosei,1480.0,Hosei University,Japan,28423.0,37.2,5%,39 : 61,25.5845,15.8,11.2,44.9,32.2,38.9,2025.0
651-660,641-650,University of Houston,US,United States,XL,12.7,11.4,5.0,24.6,23.9,19.8,71.6,50.3,19.7,-,houston,497.0,University of Houston,United States,46645.0,24.5,16%,53 : 47,46.0525,32.5,26.8,67.3,68.2,77.0,2025.0
1001-1200,1001-1200,Howard University,US,United States,M,7.0,9.2,38.9,3.0,1.1,4.1,31.9,18.8,1.1,-,howard,,,,,,,,,,,,,,
1001-1200,1001-1200,University of Hradec Kralove,CZ,Czech Republic,M,5.0,2.5,22.4,5.4,51.4,3.2,41.3,4.2,1.0,-,hradec kralove,,,,,,,,,,,,,,
,,,,,,,,,,,,,,,,hradec králové,1111.0,University of Hradec Králové,Czech Republic,6264.0,12.3,3%,64 : 36,32.199,21.0,15.6,52.9,22.5,62.8,2025.0
410,399,HSE University,RU,Russia,XL,24.0,38.4,84.8,1.8,6.6,13.5,83.6,13.0,44.6,29,hse,464.0,HSE University,Russian Federation,36596.0,19.6,12%,,47.209,32.0,44.6,58.9,85.0,50.2,2025.0
,,,,,,,,,,,,,,,,huaqiao,1170.0,Huaqiao University,China,34465.0,17.5,20%,50 : 50,31.064,15.6,14.4,51.3,40.4,70.4,2025.0
801-850,851-900,Huazhong Agricultural University,CN,China (Mainland),XL,4.2,2.1,6.0,59.7,3.7,1.6,31.6,3.0,2.9,-,huazhong agricultural,,,,,,,,,,,,,,
300,275,Huazhong University of Science and Technology,CN,China (Mainland),XL,20.4,28.2,7.9,99.9,5.2,2.7,79.4,17.6,15.0,36.4,huazhong science and technology,167.0,Huazhong University of Science and Technology,China,58194.0,14.8,4%,,60.7655,46.7,48.4,88.3,99.7,33.0,2025.0
501,567,University of Huddersfield,UK,United Kingdom,L,12.7,12.4,7.5,19.4,63.7,85.6,73.0,1.3,72.3,24.1,huddersfield,552.0,University of Huddersfield,United Kingdom,13685.0,18.5,28%,59 : 41,44.438,26.6,24.7,69.8,44.2,89.6,2025.0
1201-1400,,Hue University,VN,Vietnam,XL,4.6,12.9,3.0,1.6,4.8,1.4,41.6,4.5,1.1,-,hue,1950.0,Hue University,Vietnam,51973.0,23.5,1%,58 : 42,16.365,13.5,9.1,18.0,16.9,48.9,2025.0
651-660,575,HUFS - Hankuk (Korea) University of Foreign Studies ,KR,South Korea,L,11.5,21.3,81.2,1.6,32.0,47.9,12.6,1.7,8.1,-,hufs - hankuk (korea) foreign studies,,,,,,,,,,,,,,
516,523,University of Hull,UK,United Kingdom,L,8.9,4.5,14.3,21.5,63.3,81.5,76.9,20.5,68.0,23.6,hull,496.0,University of Hull,United Kingdom,12625.0,18.3,31%,55 : 45,46.065,23.6,24.2,77.4,55.5,88.6,2025.0
,,,,,,,,,,,,,,,,humanitas,277.0,Humanitas University,Italy,2152.0,17.2,18%,59 : 41,54.646,32.2,28.0,98.4,64.3,65.8,2025.0
,,,,,,,,,,,,,,,,humboldt berlin,85.0,Humboldt University of Berlin,Germany,34916.0,58.0,18%,,67.9885,53.3,63.5,84.9,65.5,76.8,2025.0
1401+,1401+,Humboldt State University,US,United States,M,3.0,2.5,9.7,3.7,2.9,1.2,9.9,3.1,1.0,-,humboldt state,,,,,,,,,,,,,,
126,120,Humboldt-Universität zu Berlin,DE,Germany,XL,89.2,69.9,7.4,27.0,69.1,35.1,93.1,19.0,19.9,55,humboldt-universität zu berlin,,,,,,,,,,,,,,
448,494,Hunan University ,CN,China (Mainland),XL,7.9,10.3,15.2,90.6,4.6,1.8,46.5,23.1,2.7,26.6,hunan,306.0,Hunan University,China,35950.0,15.2,3%,45 : 55,53.3315,34.2,32.9,91.7,93.1,32.9,2025.0
1001-1200,1001-1200,Hungarian University of Agriculture and Life Sciences,HU,Hungary,M,6.0,4.9,30.4,3.2,2.2,29.2,53.5,3.6,1.3,-,hungarian agriculture and life sciences,1177.0,Hungarian University of Agriculture and Life Sciences,Hungary,9202.0,10.9,15%,53 : 47,30.9465,32.4,12.6,40.4,24.3,61.9,2025.0
801-850,801-850,University of Hyderabad,IN,India,M,13.2,3.0,14.5,41.5,1.9,2.0,27.0,3.1,1.2,-,hyderabad,,,,,,,,,,,,,,
,,,,,,,,,,,,,,,,hyogo,1877.0,University of Hyogo,Japan,6542.0,12.5,3%,41 : 59,18.285,22.4,13.2,12.3,58.6,24.2,2025.0
,,,,,,,,,,,,,,,,hyogo medical,1258.0,Hyogo Medical University,Japan,2613.0,4.7,1%,59 : 41,29.5735,30.6,14.0,43.2,51.6,19.5,2025.0
,,,,,,,,,,,,,,,,i-shou,1449.0,I-Shou University,Taiwan,11556.0,28.1,13%,50 : 50,26.1975,15.3,23.9,31.4,58.7,39.8,2025.0
1001-1200,1401+,University of Ibadan,NG,Nigeria,XL,9.9,7.8,5.2,3.5,,,65.8,69.3,2.2,-,ibadan,1013.0,University of Ibadan,Nigeria,37598.0,17.9,1%,51 : 49,34.129,30.1,13.4,57.8,20.9,42.5,2025.0
,,,,,,,,,,,,,,,,ibaraki,1942.0,Ibaraki University,Japan,7787.0,14.9,2%,34 : 66,16.5265,18.0,12.4,13.3,40.7,26.7,2025.0
,,,,,,,,,,,,,,,,ibn khaldoun,1800.0,Ibn Khaldoun University,Algeria,27301.0,24.1,0%,64 : 36,19.8905,14.9,8.3,32.0,16.7,37.6,2025.0
,,,,,,,,,,,,,,,,ibn tofaïl,1352.0,Ibn Tofaïl University,Morocco,71561.0,90.8,2%,61 : 39,27.9055,24.6,14.7,45.0,21.7,26.9,2025.0
547,1201-1400,University of Iceland,IS,Iceland,M,6.8,2.5,99.9,6.7,25.7,10.3,73.5,83.2,5.9,22.6,iceland,511.0,University of Iceland,Iceland,10045.0,17.0,12%,68 : 32,45.447,24.5,35.2,68.6,82.1,55.3,2025.0
,,,,,,,,,,,,,,,,icesi,1185.0,Icesi University,Colombia,6138.0,7.2,3%,52 : 48,30.7935,23.7,10.4,56.8,17.9,40.4,2025.0
1001-1200,1001-1200,University of Idaho,US,United States,M,3.1,1.4,9.9,32.6,4.6,5.9,32.5,3.5,3.4,-,idaho,,,,,,,,,,,,,,
435,428,IE University,ES,Spain,M,8.1,49.3,46.5,2.2,95.2,100.0,3.5,65.6,4.6,27.4,ie,,,,,,,,,,,,,,
,,,,,,,,,,,,,,,,ilam,1291.0,Ilam University,Iran,5717.0,25.1,6%,58 : 42,29.09,18.3,13.3,52.9,39.3,31.9,2025.0
,,,,,,,,,,,,,,,,ilam medical sciences,933.0,Ilam University of Medical Sciences,Iran,2920.0,12.1,6%,52 : 48,35.8385,32.9,12.0,66.7,19.2,25.0,2025.0
,,,,,,,,,,,,,,,,ilia state,1366.0,Ilia State University,Georgia,16482.0,13.1,4%,60 : 40,27.656,18.2,9.7,49.6,16.6,52.4,2025.0
365,323,University of Illinois at Chicago (UIC),US,United States,L,38.5,28.3,31.1,23.3,8.0,19.3,83.8,30.5,34.8,31.6,illinois at chicago (uic),,,,,,,,,,,,,,
69,64,University of Illinois at Urbana-Champaign,US,United States,XL,83.9,75.7,6.4,77.5,14.0,56.3,90.4,81.7,65.0,68.2,illinois at urbana-champaign,46.0,University of Illinois at Urbana-Champaign,United States,50655.0,19.7,25%,51 : 49,76.51599999999999,66.4,81.0,84.1,86.7,63.2,2025.0
,,,,,,,,,,,,,,,,illinois chicago,243.0,University of Illinois Chicago,United States,28912.0,11.4,20%,55 : 45,56.267,49.5,34.9,79.8,77.4,60.1,2025.0
601-610,469,Illinois Institute of Technology,US,United States,M,12.8,11.0,14.1,35.9,19.2,97.3,18.9,12.2,1.6,-,illinois institute of technology,368.0,Illinois Institute of Technology,United States,6082.0,12.3,39%,38 : 62,50.55199999999999,41.8,26.7,70.8,92.2,74.0,2025.0
1401+,1401+,Illinois State University,US,United States,L,3.4,2.8,5.6,4.1,4.7,3.1,20.0,7.6,1.1,-,illinois state,,,,,,,,,,,,,,
,,,,,,,,,,,,,,,,ilorin,1471.0,University of Ilorin,Nigeria,48837.0,36.3,0%,48 : 52,25.7085,15.9,9.3,48.7,17.4,40.2,2025.0
,,,,,,,,,,,,,,,,imam abdulrahman bin faisal,543.0,Imam Abdulrahman Bin Faisal University,Saudi Arabia,24964.0,11.4,5%,85 : 15,44.6065,32.9,20.1,75.1,21.8,75.6,2025.0
513,595,Imam Abdulrahman Bin Faisal University (IAU) (formerly UNIVERSITY OF DAMMAM),SA,Saudi Arabia,L,10.5,11.4,89.5,2.6,98.2,19.7,68.3,2.4,18.4,23.7,imam abdulrahman bin faisal (iau) (formerly dammam),,,,,,,,,,,,,,
,,,,,,,,,,,,,,,,imam khomeini international,883.0,Imam Khomeini International University,Iran,8405.0,24.6,8%,54 : 46,36.7395,30.8,18.6,62.7,22.3,34.1,2025.0
,,,,,,,,,,,,,,,,imam mohammad ibn saud islamic,616.0,Imam Mohammad Ibn Saud Islamic University,Saudi Arabia,40918.0,10.5,5%,39 : 61,42.61849999999999,38.8,22.4,61.1,23.1,72.3,2025.0
901-950,1001-1200,Imam Mohammad Ibn Saud Islamic University – IMSIU,SA,Saudi Arabia,XL,14.8,7.6,17.4,1.5,46.2,4.2,41.9,26.5,1.0,-,imam mohammad ibn saud islamic – imsiu,,,,,,,,,,,,,,
801-850,801-850,Immanuel Kant Baltic Federal University,RU,Russia,M,7.6,2.5,79.4,1.8,21.8,40.2,35.2,1.9,1.2,-,immanuel kant baltic federal,1285.0,Immanuel Kant Baltic Federal University,Russian Federation,6514.0,16.9,19%,59 : 41,29.1295,36.6,22.3,19.5,36.2,60.9,2025.0
2,6,Imperial College London,UK,United Kingdom,L,98.5,99.5,98.2,93.9,100.0,99.6,97.4,93.4,99.7,98.5,imperial college london,9.0,Imperial College London,United Kingdom,21000.0,12.1,60%,43 : 57,94.419,89.3,94.9,98.5,90.8,98.3,2025.0
,,,,,,,,,,,,,,,,imt atlantique,380.0,IMT Atlantique,France,1381.0,7.7,38%,30 : 70,50.039,47.4,35.7,51.3,97.7,85.4,2025.0
,,,,,,,,,,,,,,,,imt nord europe,1071.0,IMT Nord Europe,France,1592.0,17.5,18%,25 : 75,32.95,33.0,29.0,22.8,64.5,71.8,2025.0
,,,,,,,,,,,,,,,,incheon national,1439.0,Incheon National University,South Korea,17305.0,21.1,3%,38 : 62,26.3555,19.5,18.0,36.9,40.7,35.8,2025.0
1401+,,"Indian Institute of Information Technology, Allahabad",IN,India,S,4.1,4.4,2.0,10.7,,2.1,2.6,2.1,1.0,-,"indian institute of information technology, allahabad",,,,,,,,,,,,,,
211,225,Indian Institute of Science,IN,India,S,45.7,26.3,37.9,99.9,3.7,1.5,39.1,13.1,23.7,45,indian institute of science,291.0,Indian Institute of Science,India,4648.0,9.8,1%,26 : 74,54.213,61.4,50.0,51.5,94.5,31.6,2025.0
,,,,,,,,,,,,,,,,indian institute of science education and research bhopal,1456.0,Indian Institute of Science Education and Research Bhopal,India,2053.0,14.2,0%,36 : 64,25.9795,30.4,20.0,28.2,23.6,24.1,2025.0
,,,,,,,,,,,,,,,,indian institute of science education and research kolkata,1206.0,Indian Institute of Science Education and Research Kolkata,India,1798.0,13.9,0%,30 : 70,30.5385,36.6,19.4,36.7,31.7,24.5,2025.0
,,,,,,,,,,,,,,,,"indian institute of science education and research, pune",1220.0,"Indian Institute of Science Education and Research, Pune",India,1759.0,11.3,0%,32 : 68,30.2055,39.2,17.3,32.2,28.8,37.5,2025.0
531,571,Indian Institute of Technology (BHU) Varanasi,IN,India,M,5.5,5.9,3.9,95.0,1.4,1.1,24.5,6.5,10.1,23.1,indian institute of technology (bhu) varanasi,,,,,,,,,,,,,,
951-1000,731-740,Indian Institute of Technology Bhubaneswar,IN,India,S,4.3,3.5,10.0,50.2,1.5,1.0,6.8,2.1,1.9,-,indian institute of technology bhubaneswar,,,,,,,,,,,,,,
118,149,Indian Institute of Technology Bombay (IITB),IN,India,L,58.5,86.0,14.4,79.1,4.3,1.3,52.3,64.5,52.5,56.3,indian institute of technology bombay (iitb),,,,,,,,,,,,,,
150,197,Indian Institute of Technology Delhi (IITD),IN,India,M,54.1,80.9,17.3,77.4,3.1,1.5,63.3,35.1,32.7,52.1,indian institute of technology delhi (iitd),,,,,,,,,,,,,,
,,,,,,,,,,,,,,,,indian institute of technology gandhinagar,949.0,Indian Institute of Technology Gandhinagar,India,2014.0,13.4,1%,28 : 72,35.39349999999999,40.0,28.5,38.5,30.9,33.9,2025.0
,,,,,,,,,,,,,,,,indian institute of technology guwahati,825.0,Indian Institute of Technology Guwahati,India,8587.0,17.9,1%,24 : 76,37.6765,35.6,26.1,50.6,52.7,30.9,2025.0
344,364,Indian Institute of Technology Guwahati (IITG),IN,India,M,18.8,32.0,6.4,97.6,2.3,1.2,51.2,4.9,2.2,32.9,indian institute of technology guwahati (iitg),,,,,,,,,,,,,,
681-690,691-700,Indian Institute of Technology Hyderabad,IN,India,S,6.2,4.4,18.2,71.1,1.2,1.5,13.7,2.0,4.3,-,indian institute of technology hyderabad,,,,,,,,,,,,,,
,,,,,,,,,,,,,,,,indian institute of technology indore,569.0,Indian Institute of Technology Indore,India,2091.0,11.9,0%,22 : 78,44.116,43.6,27.1,64.5,35.5,35.0,2025.0
477,454,Indian Institute of Technology Indore (IIT Indore),IN,India,S,6.1,5.0,27.1,95.6,2.1,1.1,23.6,2.2,4.2,25.1,indian institute of technology indore (iit indore),,,,,,,,,,,,,,
263,278,Indian Institute of Technology Kanpur (IITK),IN,India,M,36.9,56.9,14.0,73.3,2.6,1.1,38.8,19.6,22.0,39.3,indian institute of technology kanpur (iitk),,,,,,,,,,,,,,
222,271,Indian Institute of Technology Kharagpur (IIT-KGP),IN,India,L,34.0,51.1,9.0,90.2,1.1,1.1,69.3,33.0,44.3,43.7,indian institute of technology kharagpur (iit-kgp),,,,,,,,,,,,,,
227,285,Indian Institute of Technology Madras (IITM),IN,India,M,42.4,63.2,20.3,70.3,3.9,1.6,37.5,27.0,44.6,43.5,indian institute of technology madras (iitm),,,,,,,,,,,,,,
,,,,,,,,,,,,,,,,indian institute of technology mandi,1078.0,Indian Institute of Technology Mandi,India,2288.0,13.2,1%,25 : 75,32.848,35.2,13.8,51.0,25.8,28.4,2025.0
,,,,,,,,,,,,,,,,indian institute of technology patna,707.0,Indian Institute of Technology Patna,India,2839.0,19.9,0%,19 : 81,40.3265,32.9,22.7,71.0,28.7,21.2,2025.0
335,369,Indian Institute of Technology Roorkee (IITR),IN,India,M,19.4,29.0,6.8,93.8,1.3,2.0,44.3,6.4,37.9,33.4,indian institute of technology roorkee (iitr),,,,,,,,,,,,,,
,,,,,,,,,,,,,,,,indian institute of technology ropar,989.0,Indian Institute of Technology Ropar,India,2616.0,15.4,1%,24 : 76,34.642,38.8,20.0,47.5,32.9,24.4,2025.0
,,,,,,,,,,,,,,,,indiana,190.0,Indiana University,United States,66622.0,12.5,12%,54 : 46,59.274,46.6,38.3,87.4,85.0,64.0,2025.0
355,313,Indiana University Bloomington,US,United States,XL,33.4,23.6,23.3,29.1,36.3,10.8,86.6,56.8,32.7,32.1,indiana bloomington,,,,,,,,,,,,,,
1401+,1201-1400,Indiana State University,US,United States,M,6.2,4.4,8.5,3.0,1.7,2.2,4.2,6.8,1.0,-,indiana state,,,,,,,,,,,,,,
1001-1200,951-1000,Indiana University–Purdue University Indianapolis,US,United States,L,7.1,4.5,22.2,10.0,28.8,6.6,33.6,3.7,6.7,-,indiana–purdue indianapolis,,,,,,,,,,,,,,
,,,,,,,,,,,,,,,,indira gandhi delhi technical for women,1749.0,Indira Gandhi Delhi Technical University for Women,India,3375.0,37.5,0%,100 : 0,21.075000000000003,18.4,10.7,35.2,18.1,16.8,2025.0
,,,,,,,,,,,,,,,,indonesia,836.0,University of Indonesia,Indonesia,39882.0,7.8,18%,74 : 26,37.548,45.6,23.9,33.3,59.0,64.2,2025.0
,,,,,,,,,,,,,,,,indraprastha institute of information technology delhi,1058.0,Indraprastha Institute of Information Technology Delhi,India,2858.0,22.7,5%,20 : 80,33.253,24.8,13.5,57.3,38.3,44.0,2025.0
,,,,,,,,,,,,,,,,industrial tyumen,2052.0,Industrial University of Tyumen,Russian Federation,11386.0,10.8,7%,34 : 66,13.8445,20.8,8.1,9.4,18.3,24.1,2025.0
631-640,691-700,Inha University,KR,South Korea,L,12.2,14.3,77.2,10.9,9.7,13.7,23.9,13.1,41.4,-,inha,895.0,Inha University,South Korea,15423.0,17.9,8%,45 : 55,36.4195,30.9,27.6,44.2,77.5,39.2,2025.0
,,,,,,,,,,,,,,,,innopolis,779.0,Innopolis University,Russian Federation,1086.0,16.2,30%,18 : 82,38.6295,21.8,26.3,53.4,56.1,84.1,2025.0
,,,,,,,,,,,,,,,,innsbruck,347.0,University of Innsbruck,Austria,14546.0,22.6,50%,55 : 45,51.1625,33.2,35.9,68.6,83.0,94.1,2025.0
,,,,,,,,,,,,,,,,institut agro,375.0,Institut Agro,France,2651.0,9.2,15%,56 : 44,50.2185,47.7,35.6,60.7,70.7,63.8,2025.0
405,392,Institut National des Sciences Appliquées de Lyon (INSA),FR,France,M,7.4,28.7,33.7,60.6,29.2,58.3,59.5,14.4,2.4,29.3,institut national des sciences appliquées de lyon (insa),,,,,,,,,,,,,,
46,38,Institut Polytechnique de Paris,FR,France,M,44.7,99.6,95.9,86.1,99.1,98.0,89.6,97.7,54.8,77.5,institut polytechnique de paris,71.0,Institut Polytechnique de Paris,France,6062.0,6.7,43%,24 : 76,71.27300000000001,69.2,60.8,73.4,98.3,97.0,2025.0
,,,,,,,,,,,,,,,,institut teknologi sepuluh nopember,1567.0,Institut Teknologi Sepuluh Nopember,Indonesia,19974.0,6.2,7%,42 : 58,24.1765,25.4,10.7,28.5,41.2,45.1,2025.0
585,621-630,Institut Teknologi Sepuluh Nopember (ITS Surabaya),ID,Indonesia,L,17.3,48.9,47.8,1.6,47.5,5.3,12.0,13.0,16.1,21.2,institut teknologi sepuluh nopember (its surabaya),,,,,,,,,,,,,,
,,,,,,,,,,,,,,,,institute of chemical technology,884.0,Institute of Chemical Technology,India,2919.0,18.6,0%,37 : 63,36.704,34.3,22.7,53.8,63.0,17.9,2025.0
,,,,,,,,,,,,,,,,institute of space technology,1097.0,Institute of Space Technology,Pakistan,2301.0,12.2,0%,29 : 71,32.482,19.7,11.2,63.3,21.0,47.9,2025.0
,,,,,,,,,,,,,,,,instituto politécnico de viana do castelo,1518.0,Instituto Politécnico de Viana do Castelo,Portugal,5885.0,19.7,9%,49 : 51,24.9125,13.1,15.4,41.7,19.3,44.0,2025.0
801-850,741-750,Instituto Politécnico Nacional (IPN),MX,Mexico,XL,19.1,28.8,9.1,2.0,2.2,1.1,46.0,6.8,35.7,-,instituto politécnico nacional (ipn),1930.0,Instituto Politécnico Nacional (IPN),Mexico,141840.0,12.9,0%,43 : 57,16.8435,20.7,10.3,15.1,32.5,25.6,2025.0
751-760,651-660,Instituto Tecnológico Autónomo de México (ITAM),MX,Mexico,S,15.2,31.0,13.9,1.6,51.0,1.4,7.7,77.1,1.0,-,instituto tecnológico autónomo de méxico (itam),,,,,,,,,,,,,,
951-1000,791-800,Instituto Tecnológico de Buenos Aires (ITBA),AR,Argentina,S,8.8,24.6,39.0,1.3,17.3,12.3,2.7,22.3,,-,instituto tecnológico de buenos aires (itba),,,,,,,,,,,,,,
1201-1400,1001-1200,Instituto Tecnológico de Santo Domingo (INTEC),DO,Dominican Republic,M,1.6,4.0,35.4,1.4,10.0,4.1,5.6,38.5,1.0,-,instituto tecnológico de santo domingo (intec),,,,,,,,,,,,,,
,,,,,,,,,,,,,,,,instituto tecnológico metropolitano,2090.0,Instituto Tecnológico Metropolitano,Colombia,24443.0,20.3,0%,44 : 56,11.1055,12.4,7.6,7.6,18.4,29.7,2025.0
,,,,,,,,,,,,,,,,insubria,670.0,University of Insubria,Italy,10232.0,25.6,5%,55 : 45,41.273,18.4,23.1,80.7,46.9,40.8,2025.0
1201-1400,1201-1400,University of International Business and Economics,CN,China (Mainland),L,3.7,2.3,9.7,3.0,7.0,30.3,5.3,14.0,1.1,-,international business and economics,577.0,University of International Business and Economics,China,17136.0,16.4,11%,66 : 34,43.957,26.8,18.4,85.2,22.0,57.0,2025.0
1401+,1401+,"International University of Business, Agriculture and Technology (IUBAT)",BD,Bangladesh,M,6.6,4.1,2.6,2.3,1.4,1.3,8.6,3.8,1.0,-,"international business, agriculture and technology (iubat)",,,,,,,,,,,,,,
1001-1200,1001-1200,International Christian University,JP,Japan,S,5.2,11.5,19.4,1.5,76.3,4.5,10.1,12.0,,-,international christian,,,,,,,,,,,,,,
,,,,,,,,,,,,,,,,international hellenic,1729.0,International Hellenic University,Greece,58482.0,33.0,3%,44 : 56,21.3755,9.9,9.8,41.3,24.7,29.8,2025.0
,,,,,,,,,,,,,,,,"international institute of information technology, hyderabad",734.0,"International Institute of Information Technology, Hyderabad",India,1997.0,18.0,7%,22 : 78,39.70299999999999,26.5,21.2,67.8,57.5,41.3,2025.0
1001-1200,1201-1400,International Islamic University Islamabad (IIU),PK,Pakistan,L,7.0,10.7,3.5,8.0,4.2,6.1,50.3,4.3,1.1,-,international islamic islamabad (iiu),,,,,,,,,,,,,,
661-670,711-720,International Islamic University Malaysia (IIUM),MY,Malaysia,L,24.4,17.0,13.4,3.1,22.8,57.1,62.5,23.0,1.2,-,international islamic malaysia (iium),,,,,,,,,,,,,,
,,,,,,,,,,,,,,,,"international islamic, islamabad",827.0,"International Islamic University, Islamabad",Pakistan,24924.0,22.2,6%,57 : 43,37.66199999999999,20.2,11.4,77.3,20.3,58.6,2025.0
516,556,INTI International University,MY,Malaysia,S,7.7,19.9,89.1,1.7,95.4,92.9,7.0,4.4,1.1,23.6,inti international,,,,,,,,,,,,,,
,,,,,,,,,,,,,,,,inönü,1142.0,Inönü University,Turkey,17338.0,10.3,4%,48 : 52,31.6785,24.1,10.5,63.6,19.1,22.4,2025.0
1001-1200,1001-1200,University of Ioannina,GR,Greece,XL,7.2,3.8,1.5,19.5,1.7,2.5,61.3,3.6,2.0,-,ioannina,1263.0,University of Ioannina,Greece,34419.0,42.2,3%,45 : 55,29.4565,14.4,14.9,53.3,48.0,39.7,2025.0
,,,,,,,,,,,,,,,,ionian,1794.0,Ionian University,Greece,7513.0,23.8,3%,55 : 45,20.012,16.7,11.4,30.4,22.8,23.3,2025.0
596,491,University of Iowa,US,United States,L,18.4,8.7,41.7,19.1,15.5,3.7,75.6,26.6,20.8,20.8,iowa,280.0,University of Iowa,United States,28098.0,10.7,5%,56 : 44,54.478,46.5,33.2,78.0,91.5,54.3,2025.0
470,400,Iowa State University,US,United States,L,20.7,12.0,9.1,47.9,7.5,12.5,77.3,32.9,31.3,25.6,iowa state,409.0,Iowa State University,United States,27342.0,16.9,8%,46 : 54,49.1045,39.7,36.1,66.7,88.1,45.2,2025.0
,,,,,,,,,,,,,,,,ipb,1545.0,IPB University,Indonesia,23691.0,7.3,4%,58 : 42,24.5505,30.8,10.5,24.8,41.8,44.1,2025.0
426,489,IPB University (a.k.a. Bogor Agricultural University),ID,Indonesia,L,23.5,46.9,71.4,1.8,53.2,3.6,19.1,33.9,35.1,27.9,ipb (a.k.a. bogor agricultural),,,,,,,,,,,,,,
,,,,,,,,,,,,,,,,iran medical sciences,738.0,Iran University of Medical Sciences,Iran,9662.0,8.5,10%,55 : 45,39.578500000000005,47.9,17.0,53.5,39.7,38.4,2025.0
436,451,Iran University of Science and Technology,IR,"Iran, Islamic Republic of",L,7.8,14.0,2.7,98.7,12.0,1.5,53.4,5.3,1.6,27.2,iran science and technology,393.0,Iran University of Science and Technology,Iran,13273.0,28.1,2%,38 : 62,49.5025,33.5,36.3,78.8,84.2,27.8,2025.0
,,,,,,,,,,,,,,,,irkutsk national research technical,1852.0,Irkutsk National Research Technical University,Russian Federation,9739.0,10.2,13%,37 : 63,18.806,22.5,10.0,18.7,27.9,33.9,2025.0
1401+,1401+,Irkutsk State University,RU,Russia,L,3.3,1.8,14.1,1.3,1.9,3.8,26.4,5.2,1.2,-,irkutsk state,2075.0,Irkutsk State University,Russian Federation,13152.0,13.9,5%,68 : 32,12.707,18.0,10.2,5.7,17.6,27.0,2025.0
661-670,751-760,ISCTE - Instituto Universitario de Lisboa,PT,Portugal,L,6.9,5.9,2.0,47.8,18.7,49.6,49.7,27.2,1.5,-,iscte - instituto universitario de lisboa,,,,,,,,,,,,,,
,,,,,,,,,,,,,,,,iscte-university institute of lisbon,651.0,ISCTE-University Institute of Lisbon,Portugal,10680.0,25.9,17%,52 : 48,41.7845,29.2,35.2,56.0,56.0,52.3,2025.0
,,,,,,,,,,,,,,,,isfahan,1158.0,University of Isfahan,Iran,17385.0,24.1,8%,58 : 42,31.3145,28.6,18.0,45.3,34.0,36.1,2025.0
,,,,,,,,,,,,,,,,isfahan medical sciences,991.0,Isfahan University of Medical Sciences,Iran,10381.0,10.1,3%,60 : 40,34.623,46.8,15.0,44.3,31.8,25.4,2025.0
489,,Isfahan University of Technology,IR,"Iran, Islamic Republic of",M,4.9,15.7,5.1,92.2,2.3,1.4,43.5,5.6,1.1,24.5,isfahan technology,606.0,Isfahan University of Technology,Iran,10028.0,22.8,1%,40 : 60,42.9645,33.9,29.7,61.4,83.4,34.6,2025.0
,,,,,,,,,,,,,,,,islamia bahawalpur,911.0,The Islamia University of Bahawalpur,Pakistan,65016.0,48.7,0%,41 : 59,36.089000000000006,18.0,12.4,75.7,20.7,48.6,2025.0
,,,,,,,,,,,,,,,,islamia college peshawar,1063.0,Islamia College Peshawar,Pakistan,6761.0,24.1,3%,28 : 72,33.199,22.3,11.8,60.8,19.9,55.5,2025.0
,,,,,,,,,,,,,,,,islamic indonesia,1999.0,Islamic University of Indonesia,Indonesia,25413.0,27.6,4%,47 : 53,15.29,15.0,10.3,15.1,17.7,35.2,2025.0
1001-1200,951-1000,Islamic University of Madinah,SA,Saudi Arabia,L,5.5,1.9,6.6,1.5,36.3,100.0,10.3,2.1,1.0,-,islamic madinah,1000.0,Islamic University of Madinah,Saudi Arabia,16233.0,18.7,78%,2 : 98,34.4415,31.0,10.5,49.4,22.1,87.3,2025.0
621-630,711-720,Istanbul University,TR,Turkey,XL,28.1,25.3,2.8,3.5,5.3,9.9,68.8,72.8,1.7,-,istanbul,1390.0,Istanbul University,Turkey,59626.0,23.2,9%,58 : 42,27.228500000000004,24.8,20.6,30.1,46.4,40.7,2025.0
1201-1400,1201-1400,Istanbul Aydin University  ,TR,Turkey,L,4.9,3.0,12.3,1.4,6.7,52.1,7.3,2.1,1.1,-,istanbul aydin,,,,,,,,,,,,,,
,,,,,,,,,,,,,,,,istanbul aydın,1603.0,Istanbul Aydın University,Turkey,17630.0,15.9,19%,52 : 48,23.567,20.8,9.4,32.6,17.0,56.6,2025.0
,,,,,,,,,,,,,,,,istanbul bilgi,1530.0,Istanbul Bilgi University,Turkey,11213.0,17.3,16%,50 : 50,24.826,16.1,11.4,38.8,16.7,59.5,2025.0
1201-1400,1201-1400,Istanbul Bilgi Üniversitesi,TR,Turkey,M,4.9,4.3,13.3,1.7,3.5,20.2,6.5,13.3,2.2,-,istanbul bilgi üniversitesi,,,,,,,,,,,,,,
,,,,,,,,,,,,,,,,istanbul gelişim,1052.0,Istanbul Gelişim University,Turkey,37596.0,27.5,15%,46 : 54,33.368500000000004,10.7,9.4,74.2,15.9,61.2,2025.0
,,,,,,,,,,,,,,,,istanbul medeniyet,1409.0,Istanbul Medeniyet University,Turkey,13856.0,14.3,3%,54 : 46,26.9555,18.7,10.6,51.9,18.5,27.4,2025.0
,,,,,,,,,,,,,,,,istanbul medipol,1586.0,Istanbul Medipol University,Turkey,25201.0,32.4,23%,65 : 35,23.812,14.6,12.5,37.4,23.5,49.6,2025.0
326,404,Istanbul Technical University,TR,Turkey,L,27.0,67.2,9.7,17.0,8.3,19.8,76.1,69.1,70.3,34,istanbul technical,565.0,Istanbul Technical University,Turkey,19081.0,19.4,13%,43 : 57,44.239,36.0,40.1,50.2,91.5,43.6,2025.0
,,,,,,,,,,,,,,,,istanbul-cerrahpaşa,1196.0,Istanbul University-Cerrahpaşa,Turkey,22381.0,17.7,5%,42 : 58,30.685,27.0,21.5,40.6,58.5,26.2,2025.0
1001-1200,1001-1200,"ITESO, Universidad Jesuita de Guadalajara",MX,Mexico,M,6.3,4.4,72.8,1.0,2.4,1.5,3.5,1.9,1.0,-,"iteso, universidad jesuita de guadalajara",,,,,,,,,,,,,,
595,542,ITMO University,RU,Russia,M,10.5,13.0,95.5,5.4,20.3,36.2,65.3,1.9,1.2,20.9,itmo,839.0,ITMO University,Russian Federation,11007.0,14.7,18%,33 : 67,37.5015,32.4,32.8,34.8,81.1,63.3,2025.0
,,,,,,,,,,,,,,,,iuliu haţieganu medicine and pharmacy cluj-napoca,1157.0,Iuliu Haţieganu University of Medicine and Pharmacy Cluj-Napoca,Romania,8192.0,8.7,37%,67 : 33,31.326999999999995,25.8,11.5,51.8,28.4,49.4,2025.0
1201-1400,1201-1400,Ivan Franko National University of Lviv,UA,Ukraine,L,5.7,12.8,30.2,1.3,1.3,1.5,12.6,18.6,2.0,-,ivan franko national lviv,1976.0,Ivan Franko National University of Lviv,Ukraine,20729.0,11.2,2%,65 : 35,15.7045,22.3,10.7,10.4,18.2,29.0,2025.0
791-800,801-850,Ivane Javakhishvili Tbilisi State University,GE,Georgia,L,10.4,1.2,73.9,1.2,1.9,3.2,22.7,88.4,1.0,-,ivane javakhishvili tbilisi state,1938.0,Ivane Javakhishvili Tbilisi State University,Georgia,23460.0,31.2,4%,60 : 40,16.625,14.0,11.2,17.8,17.8,42.6,2025.0
,,,,,,,,,,,,,,,,ivanovo state chemistry and technology,2081.0,Ivanovo State University of Chemistry and Technology,Russian Federation,3452.0,15.9,8%,40 : 60,12.4505,16.3,9.6,6.7,21.7,26.4,2025.0
,,,,,,,,,,,,,,,,iwate,1905.0,Iwate University,Japan,5263.0,13.5,3%,38 : 62,17.467,24.7,11.1,10.8,38.1,29.3,2025.0
,,,,,,,,,,,,,,,,izmir economics,1684.0,Izmir University of Economics,Turkey,6896.0,14.6,3%,54 : 46,22.2725,17.8,12.9,31.9,27.7,34.7,2025.0
,,,,,,,,,,,,,,,,izmir institute of technology,1719.0,Izmir Institute of Technology,Turkey,6696.0,20.0,2%,47 : 53,21.5855,19.7,13.3,25.6,43.3,33.4,2025.0
1201-1400,1201-1400,Izmir Institute of Technology (IZTECH),TR,Turkey,M,7.2,4.4,5.8,8.2,3.2,2.1,15.5,2.1,1.6,-,izmir institute of technology (iztech),,,,,,,,,,,,,,
,,,,,,,,,,,,,,,,i̇stinye,1190.0,İstinye University,Turkey,7056.0,20.5,16%,64 : 36,30.752,13.2,16.4,54.6,16.3,67.6,2025.0
721-730,741-750,Jadavpur University,IN,India,M,17.8,5.9,9.1,40.6,,1.0,32.5,14.9,13.4,-,jadavpur,1103.0,Jadavpur University,India,12952.0,18.9,0%,30 : 70,32.352999999999994,36.1,16.3,45.3,48.1,19.5,2025.0
,,,,,,,,,,,,,,,,"jagannath, bangladesh",1670.0,"Jagannath University, Bangladesh",Bangladesh,17161.0,25.6,0%,41 : 59,22.575,10.4,8.4,42.6,19.9,46.6,2025.0
312,304,Jagiellonian University,PL,Poland,XL,37.8,46.4,65.1,5.5,5.7,15.4,88.6,51.3,35.4,35,jagiellonian,635.0,Jagiellonian University,Poland,32989.0,9.2,12%,66 : 34,42.2435,41.2,32.3,51.2,51.0,44.3,2025.0
1201-1400,1201-1400,Jahangirnagar University,BD,Bangladesh,L,9.7,12.7,4.0,5.7,,,29.4,3.8,1.1,-,jahangirnagar,841.0,Jahangirnagar University,Bangladesh,12965.0,18.1,0%,49 : 51,37.4105,25.4,9.7,75.4,19.3,49.5,2025.0
445,415,James Cook University,AU,Australia,M,14.4,6.5,17.5,46.9,36.7,16.0,76.0,6.7,88.9,26.7,james cook,415.0,James Cook University,Australia,9165.0,15.6,11%,67 : 33,48.832,28.1,31.1,77.0,61.9,79.3,2025.0
1201-1400,1201-1400,Jamia Hamdard,IN,India,M,5.1,1.8,8.4,12.6,,2.1,12.7,1.9,1.0,-,jamia hamdard,830.0,Jamia Hamdard University,India,9612.0,15.1,2%,46 : 54,37.632,23.3,14.1,73.1,38.8,42.5,2025.0
851-900,951-1000,Jamia Millia Islamia,IN,India,M,9.3,3.1,33.6,26.0,3.2,5.2,43.0,1.9,1.6,-,jamia millia islamia,527.0,Jamia Millia Islamia,India,10374.0,11.7,5%,52 : 48,44.923,41.0,15.8,78.6,40.9,40.4,2025.0
,,,,,,,,,,,,,,,,jan kochanowski in kielce,1944.0,Jan Kochanowski University in Kielce,Poland,10131.0,10.1,3%,70 : 30,16.497999999999998,21.4,12.2,12.4,21.8,27.4,2025.0
,,,,,,,,,,,,,,,,jashore science and technology,990.0,Jashore University of Science and Technology,Bangladesh,4491.0,14.4,0%,35 : 65,34.636,15.4,10.4,75.8,18.8,47.8,2025.0
,,,,,,,,,,,,,,,,jaume i,955.0,Jaume I University,Spain,12050.0,14.8,10%,58 : 42,35.1155,25.4,22.0,53.0,47.5,45.9,2025.0
580,601-610,Jawaharlal Nehru University,IN,India,M,31.0,14.4,10.0,28.9,,1.3,47.4,14.7,19.7,21.3,jawaharlal nehru,866.0,Jawaharlal Nehru University,India,9297.0,13.5,1%,44 : 56,36.94649999999999,42.8,23.7,47.1,38.5,23.7,2025.0
,,,,,,,,,,,,,,,,jawaharlal nehru technological anantapur (jntua),819.0,Jawaharlal Nehru Technological University Anantapur (JNTUA),India,6385.0,19.2,1%,44 : 56,37.772,30.0,17.3,72.0,20.5,19.8,2025.0
,,,,,,,,,,,,,,,,jaypee information technology,974.0,Jaypee University of Information Technology,India,1826.0,19.0,2%,27 : 73,34.848,19.2,17.8,70.1,26.8,25.6,2025.0
,,,,,,,,,,,,,,,,jazan,854.0,Jazan University,Saudi Arabia,22268.0,11.9,3%,65 : 35,37.214,21.7,11.0,70.3,19.5,76.7,2025.0
,,,,,,,,,,,,,,,,jaén,812.0,University of Jaén,Spain,13457.0,16.3,7%,57 : 43,37.9765,20.9,20.8,69.6,36.6,45.8,2025.0
,,,,,,,,,,,,,,,,jean moulin – lyon 3,1878.0,Jean Moulin University – Lyon 3,France,27834.0,38.6,20%,66 : 34,18.2815,14.7,13.5,15.4,19.0,62.0,2025.0
,,,,,,,,,,,,,,,,jeddah,1198.0,University of Jeddah,Saudi Arabia,29558.0,15.3,2%,66 : 34,30.674,17.7,9.9,55.0,19.1,70.9,2025.0
1201-1400,1201-1400,Jeju National University ,KR,South Korea,M,3.6,1.9,30.0,7.0,7.5,5.5,23.1,1.8,15.0,-,jeju national,1189.0,Jeju National University,South Korea,10056.0,16.0,5%,53 : 47,30.759,32.5,20.8,36.9,40.8,32.5,2025.0
,,,,,,,,,,,,,,,,jember,2058.0,Jember University,Indonesia,41307.0,33.8,0%,66 : 34,13.604,10.7,9.4,17.7,19.6,21.7,2025.0
681-690,721-730,Jeonbuk National University,KR,South Korea,L,15.6,11.1,61.3,10.6,7.8,6.8,35.3,2.8,48.5,-,jeonbuk national,931.0,Jeonbuk National University,South Korea,20352.0,20.3,8%,46 : 54,35.864,30.7,27.8,44.9,67.2,34.5,2025.0
,,,,,,,,,,,,,,,,jianghan,1859.0,Jianghan University,China,21498.0,14.9,1%,56 : 44,18.673,17.1,9.7,27.0,28.7,20.9,2025.0
1001-1200,1001-1200,Jiangnan University,CN,China (Mainland),L,4.4,3.3,20.0,26.7,,,44.4,1.4,1.2,-,jiangnan,759.0,Jiangnan University,China,31809.0,12.1,1%,,38.9365,26.8,24.1,62.3,91.6,22.5,2025.0
,,,,,,,,,,,,,,,,jiangsu,546.0,Jiangsu University,China,35403.0,9.3,6%,43 : 57,44.5455,27.4,17.2,81.6,70.8,55.5,2025.0
,,,,,,,,,,,,,,,,jiangsu normal,1470.0,Jiangsu Normal University,China,27758.0,14.6,1%,,25.73,16.7,12.3,47.0,30.6,25.5,2025.0
,,,,,,,,,,,,,,,,jijel,2054.0,University of Jijel,Algeria,24366.0,22.6,0%,71 : 29,13.807,13.9,8.9,12.5,16.7,36.1,2025.0
,,,,,,,,,,,,,,,,jikei school of medicine,1312.0,The Jikei University School of Medicine,Japan,1086.0,0.8,1%,52 : 48,28.5315,30.3,10.9,43.9,43.3,20.4,2025.0
497,502,Jilin University,CN,China (Mainland),XL,12.1,46.1,37.4,27.4,11.6,2.1,62.2,23.2,9.1,24.2,jilin,,,,,,,,,,,,,,
,,,,,,,,,,,,,,,,jimma,1329.0,Jimma University,Ethiopia,33390.0,16.5,1%,30 : 70,28.33,15.4,9.3,58.6,18.0,37.2,2025.0
580,631-640,Jinan University (China),CN,China (Mainland),XL,5.2,2.7,8.9,52.7,34.0,83.1,52.8,6.5,3.1,21.3,jinan (china),556.0,Jinan University (China),China,38472.0,15.3,27%,56 : 44,44.3845,25.8,24.3,76.0,60.1,60.3,2025.0
,,,,,,,,,,,,,,,,johannes gutenberg mainz,296.0,Johannes Gutenberg University of Mainz,Germany,29974.0,23.3,11%,59 : 41,53.828,38.7,33.2,81.8,82.9,65.7,2025.0
501,464,Johannes Gutenberg Universität Mainz,DE,Germany,L,22.3,11.4,57.8,11.5,42.0,15.5,87.0,11.4,16.3,24.1,johannes gutenberg universität mainz,,,,,,,,,,,,,,
472,446,Johannes Kepler University Linz,AT,Austria,M,12.8,12.3,75.9,14.3,83.5,33.5,59.7,12.2,13.2,25.3,johannes kepler linz,418.0,Johannes Kepler University of Linz,Austria,7352.0,22.0,18%,50 : 50,48.64349999999999,35.7,35.3,61.3,98.0,74.2,2025.0
312,306,University of Johannesburg,ZA,South Africa,L,17.7,17.9,40.3,24.9,96.5,51.4,98.0,63.1,65.6,35,johannesburg,420.0,University of Johannesburg,South Africa,31430.0,26.2,14%,56 : 44,48.62349999999999,28.4,36.9,67.6,77.3,82.3,2025.0
,,,,,,,,,,,,,,,,john paul ii catholic lublin,1368.0,The John Paul II Catholic University of Lublin,Poland,8929.0,9.1,9%,63 : 37,27.6295,31.3,16.1,35.2,17.3,33.0,2025.0
32,28,Johns Hopkins University,US,United States,L,86.0,62.6,100.0,84.2,63.7,95.8,98.7,71.5,61.9,82.1,johns hopkins,16.0,Johns Hopkins University,United States,21735.0,5.8,32%,55 : 45,90.6285,83.7,91.3,97.3,100.0,83.6,2025.0
368,498,University of Jordan,JO,Jordan,XL,32.9,46.7,19.5,3.5,21.2,43.5,67.0,82.1,39.5,31.4,jordan,758.0,The University of Jordan,Jordan,25265.0,10.6,23%,69 : 31,38.95049999999999,30.4,15.1,62.8,35.4,71.3,2025.0
554,731-740,Jordan University of Science & Technology,JO,Jordan,M,21.0,30.7,18.8,5.6,38.2,67.7,55.5,4.3,24.5,22.4,jordan science & technology,,,,,,,,,,,,,,
,,,,,,,,,,,,,,,,jordan science and technology,862.0,Jordan University of Science and Technology,Jordan,20254.0,13.8,21%,34 : 66,37.06999999999999,20.6,15.4,64.6,46.3,70.6,2025.0
1201-1400,1201-1400,The Josip Juraj Strossmayer University of Osijek,HR,Croatia,L,4.3,2.0,28.6,3.1,,,54.0,11.2,1.0,-,josip juraj strossmayer osijek,,,,,,,,,,,,,,
801-850,801-850,Jouf University,SA,Saudi Arabia,L,11.7,5.1,37.1,2.3,100.0,2.6,43.5,2.4,1.0,-,jouf,850.0,Jouf University,Saudi Arabia,17820.0,9.2,3%,54 : 46,37.296,24.2,13.5,65.7,19.3,76.8,2025.0
,,,,,,,,,,,,,,,,jss academy of higher education and research,981.0,JSS Academy of Higher Education and Research,India,8807.0,9.9,8%,59 : 41,34.7135,39.0,10.8,50.2,25.1,53.5,2025.0
428,440,Julius-Maximilians-Universität Würzburg,DE,Germany,L,15.8,7.0,5.5,74.4,45.0,9.5,78.5,8.7,8.8,27.8,julius-maximilians-universität würzburg,,,,,,,,,,,,,,
,,,,,,,,,,,,,,,,juntendo,643.0,Juntendo University,Japan,6579.0,5.0,3%,54 : 46,41.9725,37.7,17.4,68.6,83.0,25.4,2025.0
,,,,,,,,,,,,,,,,justus liebig giessen,353.0,Justus Liebig University Giessen,Germany,26068.0,38.7,11%,64 : 36,51.02149999999999,34.7,39.4,72.5,70.6,63.8,2025.0
445,396,Justus-Liebig-University Giessen,DE,Germany,L,12.7,5.9,1.9,79.3,14.2,18.8,83.9,10.5,11.0,26.7,justus-liebig-university giessen,,,,,,,,,,,,,,
489,446,University of Jyväskylä,FI,Finland,M,16.2,11.4,87.7,12.1,44.0,2.6,81.2,10.4,16.3,24.5,jyväskylä,469.0,University of Jyväskylä,Finland,10910.0,13.1,4%,63 : 37,47.116,29.4,34.2,76.6,47.5,48.6,2025.0
,,,,,,,,,,,,,,,,jönköping,729.0,Jönköping University,Sweden,6765.0,13.2,12%,60 : 40,39.794,20.2,20.1,73.3,28.9,64.8,2025.0
,,,,,,,,,,,,,,,,k.n. toosi technology,948.0,K.N. Toosi University of Technology,Iran,8099.0,21.3,2%,34 : 66,35.436499999999995,22.0,21.0,61.1,45.1,36.3,2025.0
,,,,,,,,,,,,,,,,kadir has,833.0,Kadir Has University,Turkey,4785.0,26.3,6%,56 : 44,37.6225,18.1,32.3,60.2,22.4,52.8,2025.0
,,,,,,,,,,,,,,,,kafrelsheikh,785.0,Kafrelsheikh University,Egypt,75622.0,29.8,2%,55 : 45,38.5075,27.8,9.5,76.0,21.1,52.1,2025.0
,,,,,,,,,,,,,,,,kagawa,1478.0,Kagawa University,Japan,6321.0,9.8,2%,42 : 58,25.6315,25.6,13.1,32.8,55.7,29.5,2025.0
1001-1200,1001-1200,Kagoshima University,JP,Japan,M,6.1,2.9,63.6,3.5,3.8,2.8,26.6,1.7,1.0,-,kagoshima,1662.0,Kagoshima University,Japan,10201.0,10.4,3%,39 : 61,22.7315,25.8,13.6,23.2,54.6,27.1,2025.0
,,,,,,,,,,,,,,,,kaiserslautern,609.0,University of Kaiserslautern,Germany,12095.0,28.0,13%,50 : 50,42.8775,34.9,30.3,55.3,83.0,51.8,2025.0
53,56,KAIST - Korea Advanced Institute of Science & Technology,KR,South Korea,M,87.7,91.0,60.2,96.2,21.1,10.9,46.8,63.3,60.3,75.7,kaist - korea advanced institute of science & technology,,,,,,,,,,,,,,
,,,,,,,,,,,,,,,,kalasalingam academy of research and education,860.0,Kalasalingam Academy of Research and Education,India,5332.0,4.4,10%,55 : 45,37.08,28.5,9.1,71.8,22.9,47.7,2025.0
,,,,,,,,,,,,,,,,kanagawa,2011.0,Kanagawa University,Japan,17560.0,14.1,4%,30 : 70,14.993,17.9,8.3,11.2,25.7,38.9,2025.0
901-950,851-900,Kanazawa University,JP,Japan,M,10.5,3.9,55.1,12.2,8.1,5.8,31.9,1.8,1.6,-,kanazawa,1133.0,Kanazawa University,Japan,10229.0,9.8,6%,37 : 63,31.8505,34.7,20.0,34.5,72.1,34.4,2025.0
,,,,,,,,,,,,,,,,kanazawa medical,1833.0,Kanazawa Medical University,Japan,1063.0,2.1,1%,55 : 45,19.317,26.9,10.3,18.5,32.3,20.7,2025.0
1001-1200,1001-1200,Kangwon National University ,KR,South Korea,L,4.8,4.7,22.2,8.2,4.7,2.6,27.6,2.8,34.5,-,kangwon national,1349.0,Kangwon National University,South Korea,20159.0,19.9,3%,41 : 59,27.918000000000003,23.4,24.1,33.7,52.9,24.0,2025.0
,,,,,,,,,,,,,,,,kansai,2024.0,Kansai University,Japan,29506.0,11.0,4%,41 : 59,14.659,21.4,8.1,7.7,27.3,34.6,2025.0
,,,,,,,,,,,,,,,,kansai medical,1245.0,Kansai Medical University,Japan,1425.0,2.0,2%,57 : 43,29.834,28.3,11.2,49.6,45.5,20.5,2025.0
452,410,University of Kansas,US,United States,L,14.4,12.6,86.7,9.2,60.3,7.2,84.6,28.2,32.4,26.4,kansas,358.0,University of Kansas,United States,23598.0,9.5,7%,54 : 46,50.94599999999999,44.0,29.7,73.0,80.2,56.6,2025.0
851-900,851-900,Kansas State University ,US,United States,L,8.2,6.7,10.3,22.1,10.1,4.6,74.9,13.5,10.2,-,kansas state,749.0,Kansas State University,United States,18732.0,13.9,5%,54 : 46,39.293,33.6,22.7,53.4,66.7,54.8,2025.0
,,,,,,,,,,,,,,,,kaohsiung medical,961.0,Kaohsiung Medical University,Taiwan,6518.0,12.4,5%,58 : 42,35.045,27.1,27.7,44.6,83.0,30.9,2025.0
,,,,,,,,,,,,,,,,karabük,1519.0,Karabük University,Turkey,46066.0,40.1,27%,41 : 59,24.8985,13.6,9.4,45.2,17.7,51.9,2025.0
1001-1200,1001-1200,University of Karachi,PK,Pakistan,XL,11.6,16.1,1.6,4.9,3.5,1.1,36.8,42.8,1.2,-,karachi,1822.0,University of Karachi,Pakistan,47660.0,39.6,0%,60 : 40,19.548,15.3,11.0,24.2,29.3,45.5,2025.0
,,,,,,,,,,,,,,,,karadeniz technical,1584.0,Karadeniz Technical University,Turkey,24284.0,11.2,7%,49 : 51,23.888,23.1,15.0,30.3,41.9,26.1,2025.0
901-950,851-900,Karaganda Buketov University,KZ,Kazakhstan,L,15.6,24.5,41.3,1.1,13.1,5.2,7.5,7.8,1.0,-,karaganda buketov,,,,,,,,,,,,,,
851-900,801-850,Karaganda State Technical University,KZ,Kazakhstan,M,9.7,7.7,84.6,1.1,10.0,18.8,2.4,5.8,1.2,-,karaganda state technical,,,,,,,,,,,,,,
671-680,661-670,Karl-Franzens-Universitaet Graz,AT,Austria,L,19.9,10.9,11.7,10.7,45.4,26.1,63.9,31.9,12.3,-,karl-franzens-universitaet graz,,,,,,,,,,,,,,
,,,,,,,,,,,,,,,,karlsruhe institute of technology,166.0,Karlsruhe Institute of Technology,Germany,20875.0,41.3,24%,29 : 71,60.8245,45.8,56.9,71.1,100.0,73.1,2025.0
,,,,,,,,,,,,,,,,karolinska institute,49.0,Karolinska Institute,Sweden,8005.0,9.9,28%,70 : 30,76.08049999999999,59.9,67.1,96.1,95.9,83.8,2025.0
,,,,,,,,,,,,,,,,karpagam academy of higher education,1571.0,Karpagam Academy of Higher Education,India,9800.0,13.7,0%,30 : 70,24.1175,19.0,9.3,44.3,18.7,23.7,2025.0
,,,,,,,,,,,,,,,,karunya institute of technology and sciences,1204.0,Karunya Institute of Technology and Sciences,India,7625.0,15.0,0%,37 : 63,30.5865,20.4,13.9,59.6,23.5,22.9,2025.0
781-790,751-760,Kasetsart University,TH,Thailand,XL,25.2,18.6,6.5,2.5,4.3,1.3,51.9,18.5,33.9,-,kasetsart,1736.0,Kasetsart University,Thailand,69973.0,18.1,1%,62 : 38,21.2545,18.7,12.6,26.9,36.6,34.0,2025.0
,,,,,,,,,,,,,,,,kashan,842.0,University of Kashan,Iran,8476.0,25.2,6%,57 : 43,37.401,28.2,17.8,67.7,28.0,33.2,2025.0
,,,,,,,,,,,,,,,,kastamonu,1559.0,Kastamonu University,Turkey,15412.0,34.1,12%,47 : 53,24.376,15.0,11.9,43.5,16.5,37.2,2025.0
,,,,,,,,,,,,,,,,kathmandu,1782.0,Kathmandu University,Nepal,19073.0,38.5,12%,47 : 53,20.216,11.3,10.9,29.4,16.6,56.5,2025.0
751-760,801-850,Kaunas University of Technology,LT,Lithuania,M,11.2,18.5,31.1,7.9,3.5,28.6,64.2,23.2,16.1,-,kaunas technology,1218.0,Kaunas University of Technology,Lithuania,7618.0,13.2,9%,35 : 65,30.2945,22.6,17.4,46.4,40.6,40.5,2025.0
1201-1400,1001-1200,Kazakh Ablai Khan University of International Relations and World Languages,KZ,Kazakhstan,M,7.7,9.0,40.4,1.0,6.6,4.1,1.0,3.4,,-,kazakh ablai khan international relations and world languages,,,,,,,,,,,,,,
671-680,641-650,Kazakh National Agrarian University KazNAU,KZ,Kazakhstan,M,19.9,16.4,85.2,1.1,19.6,22.6,6.5,3.3,2.7,-,kazakh national agrarian kaznau,,,,,,,,,,,,,,
1001-1200,1001-1200,Kazakh-British Technical University,KZ,Kazakhstan,M,14.4,28.2,16.1,1.5,6.0,2.5,13.8,3.4,1.2,-,kazakh-british technical,,,,,,,,,,,,,,
401,396,Kazan (Volga region) Federal University,RU,Russia,L,23.6,11.4,95.6,2.4,10.2,95.7,88.3,15.4,22.2,29.6,kazan (volga region) federal,,,,,,,,,,,,,,
,,,,,,,,,,,,,,,,kazan federal,922.0,Kazan Federal University,Russian Federation,22498.0,10.7,33%,63 : 37,35.9185,46.2,22.3,29.2,47.0,69.1,2025.0
1201-1400,1001-1200,Kazan National Research Technological University,RU,Russia,L,5.7,4.1,18.9,1.4,2.7,29.6,7.2,3.1,1.0,-,kazan national research technological,1924.0,Kazan National Research Technological University,Russian Federation,13805.0,12.4,18%,40 : 60,16.951,20.9,9.4,12.1,39.3,38.1,2025.0
,,,,,,,,,,,,,,,,kazan state medical,1690.0,Kazan State Medical University,Russian Federation,5925.0,12.2,32%,60 : 40,22.1875,38.8,12.1,10.3,19.0,45.1,2025.0
,,,,,,,,,,,,,,,,kazan state power engineering,1985.0,Kazan State Power Engineering University,Russian Federation,9456.0,24.1,5%,32 : 68,15.525,12.9,9.8,20.9,23.0,22.5,2025.0
791-800,781-790,Keele University ,UK,United Kingdom,M,6.0,4.4,14.4,26.2,51.6,30.7,62.9,6.9,3.1,-,keele,586.0,Keele University,United Kingdom,9855.0,15.5,17%,61 : 39,43.6885,22.0,22.8,72.7,63.6,83.1,2025.0
188,214,Keio University,JP,Japan,XL,53.0,91.6,57.2,5.1,9.4,10.2,57.5,91.4,59.0,47.4,keio,744.0,Keio University,Japan,33718.0,10.0,9%,36 : 64,39.4475,37.0,27.5,48.4,75.0,40.5,2025.0
,,,,,,,,,,,,,,,,kelaniya,2041.0,University of Kelaniya,Sri Lanka,18733.0,16.3,3%,66 : 34,14.121,15.8,8.2,12.9,18.8,32.8,2025.0
,,,,,,,,,,,,,,,,kemerovo state,2076.0,Kemerovo State University,Russian Federation,14759.0,19.9,6%,64 : 36,12.656,15.2,10.6,8.8,17.2,23.6,2025.0
380,336,University of Kent,UK,United Kingdom,L,15.4,10.0,14.6,45.7,95.1,49.8,78.8,34.0,40.4,30.8,kent,377.0,University of Kent,United Kingdom,15875.0,17.0,28%,54 : 46,50.2045,30.6,28.6,77.8,62.9,93.7,2025.0
1001-1200,1001-1200,Kent State University,US,United States,L,5.5,2.9,6.2,12.7,19.2,6.6,57.1,7.6,2.8,-,kent state,,,,,,,,,,,,,,
791-800,681-690,University of Kentucky,US,United States,L,11.1,9.8,15.3,23.5,12.9,3.3,75.4,13.9,10.1,-,kentucky,435.0,University of Kentucky,United States,27322.0,11.0,3%,59 : 41,48.175,42.2,29.9,69.3,71.5,45.4,2025.0
1201-1400,1201-1400,Kenyatta University,KE,Kenya,XL,7.0,7.4,1.5,1.3,,,13.1,28.4,1.0,-,kenyatta,1805.0,Kenyatta University,Kenya,55310.0,28.7,5%,75 : 25,19.8255,14.2,8.9,27.2,17.2,56.1,2025.0
,,,,,,,,,,,,,,,,kerbala,2051.0,University of Kerbala,Iraq,23299.0,15.3,0%,51 : 49,13.905499999999998,18.4,7.9,12.9,16.1,22.3,2025.0
,,,,,,,,,,,,,,,,kerman medical sciences,894.0,Kerman University of Medical Sciences,Iran,5332.0,9.3,3%,,36.443,41.8,14.8,57.1,20.0,25.2,2025.0
,,,,,,,,,,,,,,,,kermanshah medical sciences,410.0,Kermanshah University of Medical Sciences,Iran,7117.0,7.0,20%,51 : 49,49.013000000000005,49.0,23.4,70.7,55.3,58.0,2025.0
,,,,,,,,,,,,,,,,khalifa,222.0,Khalifa University,United Arab Emirates,3887.0,11.5,27%,58 : 42,57.5325,29.6,39.8,87.8,95.4,94.7,2025.0
202,230,Khalifa University of Science and Technology,AE,United Arab Emirates,S,22.7,21.0,80.0,60.7,100.0,78.9,78.8,9.3,61.6,46.1,khalifa science and technology,,,,,,,,,,,,,,
,,,,,,,,,,,,,,,,kharazmi,1236.0,Kharazmi University,Iran,12871.0,17.2,4%,54 : 46,29.96,29.6,14.6,44.8,25.1,34.0,2025.0
,,,,,,,,,,,,,,,,kharkiv aviation institute,1809.0,Kharkiv Aviation Institute,Ukraine,5217.0,11.7,6%,34 : 66,19.7775,20.5,10.0,27.2,18.0,26.0,2025.0
1201-1400,1201-1400,Kharkiv National University of Radio Electronics ,UA,Ukraine,M,3.9,12.3,21.6,1.5,1.4,5.1,11.9,4.1,1.4,-,kharkiv national radio electronics,1849.0,Kharkiv National University of Radio Electronics,Ukraine,7684.0,10.9,6%,27 : 73,18.826,21.5,9.3,23.4,17.6,27.5,2025.0
1001-1200,1201-1400,University of Khartoum,SD,Sudan,L,6.1,4.0,6.7,2.6,,1.4,45.0,74.1,1.0,-,khartoum,,,,,,,,,,,,,,
801-850,781-790,Khoja Akhmet Yassawi International Kazakh-Turkish University,KZ,Kazakhstan,M,16.7,27.9,44.6,1.2,7.1,16.3,3.2,7.7,1.5,-,khoja akhmet yassawi international kazakh-turkish,,,,,,,,,,,,,,
951-1000,951-1000,Khon Kaen University,TH,Thailand,XL,17.2,10.7,7.4,4.4,5.3,2.3,50.9,4.4,31.8,-,khon kaen,1199.0,Khon Kaen University,Thailand,32679.0,17.1,2%,62 : 38,30.663,30.3,16.4,41.4,46.4,35.9,2025.0
1201-1400,1401+,Khulna University,BD,Bangladesh,M,6.9,5.0,10.5,5.3,,,17.8,3.8,1.0,-,khulna,1500.0,Khulna University,Bangladesh,6524.0,12.6,0%,43 : 57,25.160500000000003,18.3,10.0,43.0,18.8,42.8,2025.0
1201-1400,1201-1400,Khulna University of Engineering and Technology,BD,Bangladesh,M,6.6,11.8,8.7,5.6,,1.0,9.4,3.7,1.0,-,khulna engineering and technology,,,,,,,,,,,,,,
,,,,,,,,,,,,,,,,khulna engineering and technology (kuet),1012.0,Khulna University of Engineering and Technology (KUET),Bangladesh,7103.0,17.5,0%,20 : 80,34.159,13.6,9.4,80.2,21.4,33.4,2025.0
,,,,,,,,,,,,,,,,khwaja fareed engineering and information technology,964.0,Khwaja Fareed University of Engineering and Information Technology,Pakistan,11334.0,22.2,0%,44 : 56,35.0245,12.0,11.9,75.7,36.9,51.3,2025.0
,,,,,,,,,,,,,,,,kiel,344.0,University of Kiel,Germany,29036.0,23.6,9%,54 : 46,51.2115,31.9,33.9,82.4,63.5,62.8,2025.0
,,,,,,,,,,,,,,,,kiit,632.0,KIIT University,India,24851.0,12.2,10%,49 : 51,42.347,38.5,17.4,68.6,55.9,41.7,2025.0
,,,,,,,,,,,,,,,,kindai,1330.0,Kindai University,Japan,34545.0,18.0,2%,32 : 68,28.3195,18.1,11.6,50.3,52.4,32.4,2025.0
1201-1400,1201-1400,Kindai University (Kinki University),JP,Japan,XL,5.2,4.3,8.4,4.9,15.7,1.9,32.2,1.8,2.4,-,kindai (kinki),,,,,,,,,,,,,,
,,,,,,,,,,,,,,,,king abdulaziz,371.0,King Abdulaziz University,Saudi Arabia,59539.0,13.0,4%,56 : 44,50.4155,29.2,23.8,89.6,63.8,72.9,2025.0
149,143,King Abdulaziz University (KAU),SA,Saudi Arabia,XL,59.8,61.4,41.6,34.4,89.3,9.5,93.1,35.9,58.4,52.2,king abdulaziz (kau),,,,,,,,,,,,,,
101,180,King Fahd University of Petroleum & Minerals,SA,Saudi Arabia,M,38.0,46.5,86.0,78.0,100.0,47.6,73.9,97.8,20.1,59.5,king fahd petroleum & minerals,,,,,,,,,,,,,,
,,,,,,,,,,,,,,,,king fahd petroleum and minerals,176.0,King Fahd University of Petroleum and Minerals,Saudi Arabia,6222.0,7.8,25%,18 : 82,60.102,36.9,41.5,88.7,91.6,92.1,2025.0
761-770,851-900,King Faisal University,SA,Saudi Arabia,L,16.4,12.7,14.5,2.7,98.0,3.9,59.3,8.7,1.5,-,king faisal,741.0,King Faisal University,Saudi Arabia,30867.0,15.2,2%,62 : 38,39.522,20.1,14.9,73.6,38.6,75.3,2025.0
601-610,761-770,King Khalid University,SA,Saudi Arabia,L,16.6,8.3,49.8,2.7,100.0,18.0,78.3,2.2,2.3,-,king khalid,336.0,King Khalid University,Saudi Arabia,29889.0,7.0,16%,61 : 39,51.7105,39.0,30.2,74.3,58.5,90.9,2025.0
1201-1400,1201-1400,King Mongkut's University of Technology North Bangkok,TH,Thailand,L,8.5,4.9,4.1,3.3,2.8,1.1,23.5,2.5,1.1,-,king mongkut's technology north bangkok,1256.0,King Mongkut's University of Technology North Bangkok,Thailand,27846.0,22.7,0%,40 : 60,29.5975,16.8,13.2,55.8,46.9,29.3,2025.0
951-1000,951-1000,King Mongkut's University of Technology Thonburi ,TH,Thailand,L,13.2,6.3,13.3,8.5,9.5,3.2,36.9,2.6,41.0,-,king mongkut's technology thonburi,,,,,,,,,,,,,,
1201-1400,1201-1400,King Mongkut\'s Institute of Technology Ladkrabang,TH,Thailand,L,8.3,3.7,4.2,3.1,16.7,2.2,18.5,6.2,1.1,-,king mongkut\'s institute of technology ladkrabang,,,,,,,,,,,,,,
,,,,,,,,,,,,,,,,king mongkut’s institute of technology ladkrabang,1608.0,King Mongkut’s Institute of Technology Ladkrabang,Thailand,25883.0,22.3,2%,51 : 49,23.515,17.6,23.3,21.5,63.4,34.4,2025.0
,,,,,,,,,,,,,,,,king mongkut’s technology thonburi,856.0,King Mongkut’s University of Technology Thonburi,Thailand,14866.0,19.7,5%,45 : 55,37.167,22.5,23.6,58.0,75.2,43.7,2025.0
200,203,King Saud University,SA,Saudi Arabia,XL,39.4,28.7,54.3,40.0,99.4,15.0,95.1,99.0,33.0,46.2,king saud,301.0,King Saud University,Saudi Arabia,46570.0,11.5,9%,45 : 55,53.735,35.5,29.9,83.3,84.6,82.9,2025.0
,,,,,,,,,,,,,,,,king saud bin abdulaziz for health sciences,861.0,King Saud bin Abdulaziz University for Health Sciences,Saudi Arabia,8676.0,11.9,0%,51 : 49,37.0785,42.7,19.5,41.5,45.8,60.6,2025.0
40,40,King's College London,UK,United Kingdom,XL,90.3,85.7,64.3,53.6,99.1,99.5,98.6,59.8,96.2,80.2,king's college london,,,,,,,,,,,,,,
,,,,,,,,,,,,,,,,kingston,959.0,Kingston University,United Kingdom,15800.0,20.4,44%,59 : 41,35.086,20.0,15.5,53.1,48.4,91.0,2025.0
601-610,601-610,"Kingston University, London",UK,United Kingdom,L,17.9,15.3,5.8,7.6,70.8,99.2,48.2,12.6,6.9,-,"kingston, london",,,,,,,,,,,,,,
,,,,,,,,,,,,,,,,king’s college london,37.0,King’s College London,United Kingdom,35360.0,14.0,53%,64 : 36,78.7745,60.1,74.3,97.2,76.2,97.2,2025.0
,,,,,,,,,,,,,,,,kinshasa,1656.0,University of Kinshasa,Democratic Republic of the Congo,29580.0,5.2,1%,34 : 66,22.827500000000004,23.6,8.5,29.6,18.7,50.3,2025.0
,,,,,,,,,,,,,,,,kirikkale,1841.0,Kirikkale University,Turkey,24837.0,42.2,1%,51 : 49,19.0315,19.4,19.4,17.3,26.5,19.1,2025.0
102,119,"KIT, Karlsruhe Institute of Technology",DE,Germany,L,44.9,80.9,39.4,68.4,70.5,42.9,86.4,50.8,75.3,59.4,"kit, karlsruhe institute of technology",,,,,,,,,,,,,,
,,,,,,,,,,,,,,,,kitasato,1514.0,Kitasato University,Japan,8499.0,5.1,1%,55 : 45,24.9695,26.9,11.7,32.5,59.4,20.2,2025.0
,,,,,,,,,,,,,,,,kl,859.0,KL University,India,16650.0,13.6,3%,42 : 58,37.0825,24.9,14.0,77.2,18.3,23.8,2025.0
611-620,580,University of Klagenfurt,AT,Austria,S,5.7,3.7,51.3,11.3,96.0,87.8,35.6,9.2,1.6,-,klagenfurt,564.0,University of Klagenfurt,Austria,3458.0,9.6,32%,64 : 36,44.259,32.8,20.6,67.0,49.6,87.0,2025.0
465,476,Kobe University,JP,Japan,L,28.4,33.2,43.9,11.4,7.0,5.6,55.0,15.0,49.8,25.8,kobe,739.0,Kobe University,Japan,15403.0,10.2,7%,35 : 65,39.578,39.4,27.3,45.5,86.2,39.2,2025.0
,,,,,,,,,,,,,,,,kocaeli,1934.0,Kocaeli University,Turkey,62768.0,41.6,2%,43 : 57,16.723499999999998,12.1,9.6,25.2,26.0,23.6,2025.0
,,,,,,,,,,,,,,,,kochi,1717.0,Kochi University,Japan,5454.0,8.4,1%,44 : 56,21.606,25.3,12.5,22.2,44.5,27.7,2025.0
,,,,,,,,,,,,,,,,kochi technology,1777.0,Kochi University of Technology,Japan,2580.0,19.2,2%,24 : 76,20.341,20.2,14.2,16.3,55.6,42.0,2025.0
,,,,,,,,,,,,,,,,kogakuin,1894.0,Kogakuin University,Japan,6555.0,18.3,2%,20 : 80,17.7735,16.6,11.6,20.0,41.5,24.7,2025.0
,,,,,,,,,,,,,,,,kohat science and technology,1264.0,Kohat University of Science and Technology,Pakistan,8668.0,49.3,0%,24 : 76,29.449,14.3,14.2,52.4,21.0,60.7,2025.0
721-730,801-850,Konkuk University ,KR,South Korea,L,7.0,8.1,61.8,17.1,9.5,17.7,46.8,9.0,28.4,-,konkuk,559.0,Konkuk University,South Korea,11501.0,23.4,20%,,44.32899999999999,33.8,38.5,49.3,94.2,61.8,2025.0
,,,,,,,,,,,,,,,,konstanz,262.0,University of Konstanz,Germany,6858.0,33.0,13%,53 : 47,55.394,38.6,43.2,73.4,96.6,74.6,2025.0
,,,,,,,,,,,,,,,,konya technical,1604.0,Konya Technical University,Turkey,10490.0,21.9,4%,27 : 73,23.5565,16.7,10.1,44.4,16.4,23.0,2025.0
1201-1400,1001-1200,Kookmin University ,KR,South Korea,L,3.6,4.0,35.3,2.9,4.9,31.1,7.9,2.9,2.9,-,kookmin,1486.0,Kookmin University,South Korea,16080.0,18.1,12%,50 : 50,25.478,24.1,20.3,24.8,56.1,37.3,2025.0
,,,,,,,,,,,,,,,,kore enna,1036.0,Kore University of Enna,Italy,5701.0,16.8,1%,69 : 31,33.6015,18.8,12.9,65.5,43.3,39.1,2025.0
67,79,Korea University,KR,South Korea,L,78.2,93.8,73.0,45.0,15.2,45.7,65.7,89.0,85.2,69,korea,189.0,Korea University,South Korea,21741.0,17.3,38%,,59.33699999999999,49.3,48.6,72.6,99.8,65.7,2025.0
,,,,,,,,,,,,,,,,korea advanced institute of science and technology (kaist),82.0,Korea Advanced Institute of Science and Technology (KAIST),South Korea,10156.0,11.2,11%,22 : 78,69.49449999999999,65.2,66.7,78.3,100.0,45.7,2025.0
1401+,1201-1400,Korkyt Ata Kyzylorda University,KZ,Kazakhstan,M,7.0,7.9,5.7,1.0,3.4,1.2,1.0,3.3,1.1,-,korkyt ata kyzylorda,,,,,,,,,,,,,,
401,431,Koç University,TR,Turkey,M,24.3,54.6,19.1,32.4,24.7,13.0,51.6,6.8,34.8,29.6,koç,373.0,Koç University,Turkey,6847.0,21.0,11%,49 : 51,50.411,32.0,41.3,70.1,89.6,58.4,2025.0
1201-1400,1401+,University of Kragujevac,RS,Serbia,L,3.9,3.0,8.5,3.7,1.0,1.1,44.1,9.3,1.0,-,kragujevac,1134.0,University of Kragujevac,Serbia,17212.0,14.1,1%,61 : 39,31.8305,23.8,11.3,60.1,27.0,32.3,2025.0
74,73,KTH Royal Institute of Technology ,SE,Sweden,L,45.2,55.6,62.3,86.1,92.0,65.9,91.1,62.4,94.8,65.7,kth royal institute of technology,96.0,KTH Royal Institute of Technology,Sweden,13113.0,15.6,26%,34 : 66,66.895,52.3,58.3,81.5,97.3,82.9,2025.0
63,61,KU Leuven,BE,Belgium,XL,84.6,49.6,7.1,91.0,93.8,47.7,99.5,75.3,51.2,70.3,ku leuven,43.0,KU Leuven,Belgium,50447.0,37.5,20%,52 : 48,77.0385,59.5,74.9,92.4,100.0,80.6,2025.0
1201-1400,1201-1400,University of Kufa,IQ,Iraq,L,4.4,12.8,29.0,1.4,4.4,1.1,16.4,4.2,1.0,-,kufa,,,,,,,,,,,,,,
951-1000,901-950,Kumamoto University,JP,Japan,M,7.1,2.8,55.2,12.6,7.2,3.5,35.1,2.9,8.0,-,kumamoto,1043.0,Kumamoto University,Japan,9291.0,9.1,6%,38 : 62,33.4895,32.6,18.8,40.8,81.2,39.1,2025.0
,,,,,,,,,,,,,,,,kurdistan,1020.0,University of Kurdistan,Iran,12131.0,30.3,5%,55 : 45,33.8625,15.2,15.4,69.9,24.5,39.5,2025.0
,,,,,,,,,,,,,,,,kurdistan medical sciences,733.0,Kurdistan University of Medical Sciences,Iran,3499.0,11.5,4%,47 : 53,39.7275,42.3,11.7,68.9,21.9,30.8,2025.0
,,,,,,,,,,,,,,,,kurume,1319.0,Kurume University,Japan,4851.0,7.1,1%,,28.4435,28.0,12.5,43.2,45.9,23.5,2025.0
801-850,851-900,Kuwait University,KW,Kuwait,L,14.7,7.9,6.8,2.9,20.4,19.4,39.3,93.8,17.1,-,kuwait,1253.0,Kuwait University,Kuwait,27141.0,15.8,13%,70 : 30,29.7025,18.8,10.8,50.6,30.8,61.5,2025.0
1201-1400,1401+,Kwame Nkrumah University of Science and Technology,GH,Ghana,XL,6.9,6.0,4.8,2.0,,,55.3,34.5,2.3,-,kwame nkrumah science and technology,1235.0,Kwame Nkrumah University of Science and Technology,Ghana,75325.0,48.3,1%,39 : 61,29.968,16.3,17.2,49.4,45.1,47.3,2025.0
1401+,1201-1400,Kwansei Gakuin University,JP,Japan,L,4.1,5.1,5.0,2.4,21.9,3.4,13.0,7.7,1.0,-,kwansei gakuin,1926.0,Kwansei Gakuin University,Japan,25068.0,20.5,4%,49 : 51,16.9075,16.1,10.5,16.5,31.7,38.6,2025.0
587,621-630,University of Kwazulu-Natal,ZA,South Africa,XL,12.6,10.2,5.5,24.5,24.5,1.6,93.7,71.2,37.9,21.1,kwazulu-natal,522.0,University of KwaZulu-Natal,South Africa,34156.0,30.9,2%,61 : 39,45.1755,32.2,37.1,62.8,46.0,56.5,2025.0
50,46,Kyoto University,JP,Japan,L,98.8,99.0,94.2,39.3,15.9,19.0,85.7,72.8,85.2,76,kyoto,55.0,Kyoto University,Japan,21707.0,9.0,11%,25 : 75,75.18249999999999,86.3,85.1,58.7,100.0,45.8,2025.0
1201-1400,1001-1200,Kyoto Institute of Technology,JP,Japan,S,6.1,3.9,14.4,11.7,11.1,9.0,9.3,1.9,1.1,-,kyoto institute of technology,1667.0,Kyoto Institute of Technology,Japan,3954.0,14.2,5%,29 : 71,22.592,26.6,16.9,14.7,75.1,32.4,2025.0
,,,,,,,,,,,,,,,,kyoto prefectural medicine,1010.0,Kyoto Prefectural University of Medicine,Japan,1388.0,3.3,1%,47 : 53,34.178,33.9,16.2,50.8,68.3,20.1,2025.0
851-900,,Kyrgyz Russian Slavic University,KG,Kyrgyzstan,M,9.3,7.0,99.8,1.0,,,3.1,24.1,,-,kyrgyz russian slavic,,,,,,,,,,,,,,
1201-1400,,Kyrgyz State Technical University,KG,Kyrgyzstan,L,14.6,7.0,12.0,1.0,2.6,5.8,1.2,22.6,,-,kyrgyz state technical,,,,,,,,,,,,,,
901-950,851-900,Kyrgyz-Turkish Manas University,KG,Kyrgyzstan,S,15.1,10.9,10.7,1.7,90.5,19.7,7.1,5.7,1.0,-,kyrgyz-turkish manas,,,,,,,,,,,,,,
328,332,Kyung Hee University,KR,South Korea,L,23.2,37.1,82.1,15.1,14.3,53.4,54.5,13.8,80.5,33.8,kyung hee,285.0,Kyung Hee University,South Korea,20451.0,17.6,30%,54 : 46,54.3445,40.2,39.8,71.8,99.9,72.1,2025.0
516,520,Kyungpook National University,KR,South Korea,L,11.1,16.7,66.9,20.5,11.1,25.7,52.0,10.6,60.6,23.6,kyungpook national,,,,,,,,,,,,,,
,,,,,,,,,,,,,,,,kyungpook national (knu),547.0,Kyungpook National University (KNU),South Korea,17849.0,19.6,16%,47 : 53,44.53999999999999,33.8,39.3,51.1,96.3,53.2,2025.0
167,164,Kyushu University,JP,Japan,L,58.3,66.5,78.4,27.9,18.7,14.1,69.9,15.1,77.6,50.3,kyushu,307.0,Kyushu University,Japan,18342.0,7.8,13%,29 : 71,53.29499999999999,53.8,47.6,53.3,98.5,49.2,2025.0
1001-1200,1001-1200,Kyushu Institute of Technology ,JP,Japan,M,4.6,5.4,9.6,25.6,7.1,3.5,20.6,1.9,1.1,-,kyushu institute of technology,,,,,,,,,,,,,,
,,,,,,,,,,,,,,,,kyushu institute of technology (kyutech),1407.0,Kyushu Institute of Technology (Kyutech),Japan,5619.0,15.9,5%,14 : 86,26.9735,26.9,15.9,29.2,67.8,39.4,2025.0
,,,,,,,,,,,,,,,,kırşehir ahi evran,1965.0,Kırşehir Ahi Evran University,Turkey,13700.0,24.7,17%,51 : 49,15.984,12.2,10.4,19.5,18.6,37.0,2025.0
,,,,,,,,,,,,,,,,l.n. gumilyov eurasian national,1734.0,L.N. Gumilyov Eurasian National University,Kazakhstan,19964.0,13.8,4%,48 : 52,21.2745,22.1,12.4,21.9,16.1,52.6,2025.0
321,355,L.N. Gumilyov Eurasian National University (ENU),KZ,Kazakhstan,L,34.4,62.0,92.6,1.4,68.7,8.2,22.8,5.5,10.5,34.2,l.n. gumilyov eurasian national (enu),,,,,,,,,,,,,,
,,,,,,,,,,,,,,,,la costa,1099.0,University of la Costa,Colombia,12187.0,18.0,1%,28 : 72,32.471999999999994,13.7,10.1,68.8,18.6,54.9,2025.0
,,,,,,,,,,,,,,,,la frontera,1614.0,University of La Frontera,Chile,11847.0,23.0,0%,50 : 50,23.4205,17.7,12.6,33.1,23.5,49.0,2025.0
,,,,,,,,,,,,,,,,la laguna,1028.0,University of La Laguna,Spain,18973.0,13.1,5%,58 : 42,33.7235,23.9,16.9,55.9,31.3,50.0,2025.0
,,,,,,,,,,,,,,,,la rochelle,1415.0,University of La Rochelle,France,8150.0,21.3,13%,55 : 45,26.86,21.9,12.4,35.1,26.9,69.3,2025.0
,,,,,,,,,,,,,,,,la sabana,1718.0,University of La Sabana,Colombia,11667.0,15.4,4%,56 : 44,21.6005,18.1,11.2,29.6,21.2,43.8,2025.0
,,,,,,,,,,,,,,,,la serena,1389.0,University of La Serena,Chile,7761.0,24.6,0%,51 : 49,27.2355,12.9,9.4,54.3,16.6,50.0,2025.0
217,242,La Trobe University,AU,Australia,L,23.6,19.8,8.0,77.7,92.6,95.0,78.6,19.6,78.4,44.1,la trobe,255.0,La Trobe University,Australia,18475.0,25.5,30%,64 : 36,55.5975,29.2,36.2,89.3,77.2,88.1,2025.0
,,,,,,,,,,,,,,,,ladoke akintola technology,1698.0,Ladoke Akintola University of Technology,Nigeria,33331.0,48.5,0%,50 : 50,21.986,14.2,10.5,37.0,25.3,35.2,2025.0
,,,,,,,,,,,,,,,,laghouat,2008.0,University of Laghouat,Algeria,29898.0,28.7,0%,47 : 53,15.108,15.7,8.7,14.7,16.4,38.5,2025.0
1001-1200,1401+,University of Lagos,NG,Nigeria,XL,8.4,7.5,2.2,2.6,,,34.0,87.6,1.3,-,lagos,1104.0,University of Lagos,Nigeria,40197.0,24.4,0%,50 : 50,32.3425,15.7,14.9,64.5,21.5,42.4,2025.0
,,,,,,,,,,,,,,,,lagos state,1874.0,Lagos State University,Nigeria,30360.0,28.8,0%,45 : 55,18.321,13.3,9.0,26.1,17.0,43.7,2025.0
951-1000,1001-1200,The University of Lahore,PK,Pakistan,L,11.1,19.4,12.3,3.3,4.0,3.0,61.4,2.7,19.7,-,lahore,880.0,University of Lahore,Pakistan,23972.0,13.0,3%,39 : 61,36.8265,19.1,11.3,76.9,19.5,54.2,2025.0
,,,,,,,,,,,,,,,,lahore college for women (lcwu),1599.0,Lahore College for Women University (LCWU),Pakistan,14489.0,23.9,0%,100 : 0,23.659,13.3,9.9,43.2,16.8,43.1,2025.0
,,,,,,,,,,,,,,,,lahore management sciences,871.0,Lahore University of Management Sciences,Pakistan,4736.0,13.3,2%,43 : 57,36.906,25.7,19.7,60.6,38.1,52.1,2025.0
535,540,Lahore University of Management Sciences (LUMS),PK,Pakistan,S,17.2,73.2,27.1,7.4,12.2,1.8,19.5,37.0,1.1,22.9,lahore management sciences (lums),,,,,,,,,,,,,,
,,,,,,,,,,,,,,,,lakehead,1015.0,Lakehead University,Canada,8603.0,24.9,21%,58 : 42,34.019,16.3,24.2,53.5,42.0,59.5,2025.0
1401+,1401+,University of Lampung,ID,Indonesia,L,4.7,2.3,5.1,1.3,1.2,1.0,3.4,2.2,1.0,-,lampung,2032.0,University of Lampung,Indonesia,36635.0,22.0,0%,61 : 39,14.4505,12.3,8.6,20.7,17.7,18.8,2025.0
141,122,Lancaster University,UK,United Kingdom,L,38.9,36.7,27.7,69.6,93.3,92.3,89.7,28.8,96.2,53.6,lancaster,170.0,Lancaster University,United Kingdom,15280.0,13.8,36%,51 : 49,60.70499999999999,41.6,40.8,89.1,66.4,96.2,2025.0
,,,,,,,,,,,,,,,,landmark,1130.0,Landmark University,Nigeria,3243.0,14.5,0%,33 : 67,31.928,17.3,18.6,60.5,20.7,32.7,2025.0
721-730,791-800,Lanzhou University,CN,China (Mainland),XL,8.1,2.5,25.2,45.2,2.3,1.5,64.0,4.4,7.6,-,lanzhou,,,,,,,,,,,,,,
336,351,Lappeenranta-Lahti University of Technology LUT,FI,Finland,M,6.4,9.4,9.5,97.6,56.8,28.5,55.6,7.9,55.8,33.3,lappeenranta-lahti technology lut,286.0,Lappeenranta-Lahti University of Technology LUT,Finland,5851.0,34.0,22%,35 : 65,54.321,31.7,35.6,87.2,80.7,70.1,2025.0
,,,,,,,,,,,,,,,,larbi tebessi,1872.0,Larbi Tebessi University,Algeria,17084.0,20.1,0%,64 : 36,18.3735,16.8,8.9,26.1,16.1,31.5,2025.0
,,,,,,,,,,,,,,,,las américas (udla),1723.0,University of Las Américas (UDLA),Ecuador,14590.0,13.4,3%,56 : 44,21.537,17.9,9.9,26.7,18.7,61.7,2025.0
,,,,,,,,,,,,,,,,las palmas de gran canaria,1299.0,University of Las Palmas de Gran Canaria,Spain,15862.0,17.1,8%,58 : 42,28.9395,21.4,16.9,44.1,31.2,43.3,2025.0
781-790,801-850,University of Latvia,LV,Latvia,L,11.5,16.7,5.9,5.3,12.1,5.1,71.5,90.4,9.8,-,latvia,1038.0,University of Latvia,Latvia,12055.0,32.8,8%,68 : 32,33.575,19.8,28.6,45.0,54.0,50.4,2025.0
,,,,,,,,,,,,,,,,latvia life sciences and technologies,1866.0,Latvia University of Life Sciences and Technologies,Latvia,3938.0,17.0,5%,49 : 51,18.5575,20.3,16.2,16.6,25.4,25.0,2025.0
224,220,University of Lausanne,CH,Switzerland,L,28.4,18.8,36.8,61.0,100.0,54.2,79.8,51.8,51.2,43.6,lausanne,135.0,University of Lausanne,Switzerland,14512.0,10.1,23%,,62.98,41.0,46.0,89.5,99.0,89.8,2025.0
567,577,Lebanese University,LB,Lebanon,XL,29.0,34.4,10.1,2.2,43.8,29.5,43.7,29.9,5.8,21.9,lebanese,1211.0,Lebanese University,Lebanon,45248.0,14.6,16%,70 : 30,30.4265,38.3,19.2,22.6,21.0,79.2,2025.0
701-710,661-670,Lebanese American University,LB,Lebanon,M,13.5,20.3,29.1,3.7,73.3,19.6,36.5,19.9,19.5,-,lebanese american,272.0,Lebanese American University,Lebanon,7451.0,12.6,15%,52 : 48,54.818,37.2,30.6,91.4,29.0,85.2,2025.0
82,75,University of Leeds,UK,United Kingdom,XL,70.5,75.9,36.4,39.8,82.5,88.5,98.8,50.9,71.8,63.8,leeds,123.0,University of Leeds,United Kingdom,35710.0,15.1,38%,59 : 41,64.521,46.4,51.0,87.0,71.2,94.6,2025.0
1001-1200,1001-1200,Leeds Beckett University,UK,United Kingdom,L,4.5,5.9,3.8,7.5,39.1,27.4,24.8,8.5,1.5,-,leeds beckett,876.0,Leeds Beckett University,United Kingdom,19950.0,17.7,18%,54 : 46,36.873,17.8,15.5,66.1,47.8,71.8,2025.0
641-650,548,Lehigh University,US,United States,M,5.2,4.8,24.3,32.5,47.1,27.8,44.5,29.0,33.3,-,lehigh,621.0,Lehigh University,United States,6768.0,11.5,16%,46 : 54,42.5135,34.2,23.0,58.8,67.3,72.3,2025.0
426,481,Leibniz University Hannover,DE,Germany,L,21.2,32.0,17.9,17.4,46.3,26.9,78.5,14.5,82.1,27.9,leibniz hannover,370.0,Leibniz University Hannover,Germany,18700.0,37.5,16%,44 : 56,50.4815,37.8,42.0,64.6,84.2,58.7,2025.0
285,272,University of Leicester,UK,United Kingdom,L,19.8,13.7,30.8,43.4,80.0,95.3,88.8,22.7,75.0,37.2,leicester,194.0,University of Leicester,United Kingdom,14825.0,14.8,38%,52 : 48,59.197,34.9,34.9,96.1,69.7,95.5,2025.0
141,126,Leiden University,NL,Netherlands,XL,68.4,32.9,21.3,54.5,85.0,51.7,95.2,48.8,25.5,53.6,leiden,74.0,Leiden University,Netherlands,34614.0,18.4,22%,60 : 40,70.68349999999998,46.8,62.8,93.8,98.7,87.7,2025.0
,,,,,,,,,,,,,,,,lethbridge,1517.0,University of Lethbridge,Canada,7723.0,14.4,13%,,24.919500000000003,19.1,14.3,29.6,41.7,61.2,2025.0
,,,,,,,,,,,,,,,,leuphana lüneburg,489.0,Leuphana University of Lüneburg,Germany,7721.0,25.8,9%,63 : 37,46.308,25.7,26.6,83.8,28.5,63.1,2025.0
,,,,,,,,,,,,,,,,león,1243.0,University of León,Spain,10548.0,12.8,5%,54 : 46,29.849,23.2,16.2,43.5,62.8,36.6,2025.0
,,,,,,,,,,,,,,,,life sciences in lublin,1706.0,University of Life Sciences in Lublin,Poland,7093.0,10.8,2%,66 : 34,21.905,21.5,12.0,32.0,21.0,21.9,2025.0
,,,,,,,,,,,,,,,,lille,672.0,University of Lille,France,79077.0,30.9,14%,61 : 39,41.2585,31.8,24.0,57.4,65.5,67.7,2025.0
421,426,University of Limerick,IE,Ireland,L,18.3,25.5,15.7,23.0,87.1,30.8,72.5,8.0,76.4,28.3,limerick,568.0,University of Limerick,Ireland,14485.0,27.1,18%,51 : 49,44.142,26.2,33.2,60.9,67.0,77.8,2025.0
371,362,Lincoln University ,NZ,New Zealand,S,8.2,5.0,31.8,52.1,100.0,96.3,20.2,40.0,48.9,31.3,lincoln,653.0,University of Lincoln,United Kingdom,14840.0,15.1,17%,56 : 44,41.667,20.2,18.7,75.9,31.5,83.4,2025.0
851-900,851-900,University of Lincoln,UK,United Kingdom,L,5.9,4.7,7.9,9.9,74.0,47.2,58.5,4.8,10.1,-,lincoln,653.0,University of Lincoln,United Kingdom,14840.0,15.1,17%,56 : 44,41.667,20.2,18.7,75.9,31.5,83.4,2025.0
,,,,,,,,,,,,,,,,lincoln (new zealand),529.0,Lincoln University (New Zealand),New Zealand,2515.0,12.5,30%,52 : 48,44.8795,31.5,26.2,63.3,56.6,89.8,2025.0
711-720,641-650,"Lingnan University, Hong Kong",HK,Hong Kong SAR,M,9.9,6.5,13.9,11.0,100.0,98.9,15.6,3.7,3.8,-,"lingnan, hong kong",,,,,,,,,,,,,,
304,268,Linköping University,SE,Sweden,L,18.5,26.6,37.9,45.4,81.9,32.6,84.6,42.4,41.0,35.8,linköping,238.0,Linköping University,Sweden,14995.0,14.8,18%,54 : 46,56.546,29.8,41.2,88.4,95.3,73.0,2025.0
260,266,University of Lisbon ,PT,Portugal,XL,44.0,20.7,10.7,36.5,9.0,39.4,98.2,94.0,70.9,39.6,lisbon,448.0,University of Lisbon,Portugal,49161.0,17.7,20%,54 : 46,47.728,30.4,39.6,66.4,71.4,60.0,2025.0
,,,,,,,,,,,,,,,,lithuanian health sciences,941.0,Lithuanian University of Health Sciences,Lithuania,6313.0,8.6,27%,76 : 24,35.654999999999994,28.9,13.3,59.9,27.0,56.3,2025.0
165,176,University of Liverpool,UK,United Kingdom,L,46.1,39.4,37.8,36.6,88.3,85.4,97.2,36.3,95.6,50.7,liverpool,161.0,University of Liverpool,United Kingdom,25735.0,13.8,30%,55 : 45,61.053,40.1,40.7,92.1,65.7,95.5,2025.0
801-850,751-760,Liverpool John Moores University,UK,United Kingdom,L,10.0,6.8,8.0,12.3,46.7,22.4,87.7,5.4,13.6,-,liverpool john moores,603.0,Liverpool John Moores University,United Kingdom,23725.0,18.2,15%,55 : 45,43.1795,19.3,19.5,79.7,45.4,81.4,2025.0
,,,,,,,,,,,,,,,,liège,299.0,University of Liège,Belgium,24237.0,32.5,21%,58 : 42,53.7675,34.0,42.8,72.9,96.7,74.5,2025.0
596,621-630,University of Ljubljana,SI,Slovenia,XL,19.9,9.2,33.3,5.9,4.2,9.7,84.8,97.6,4.9,20.8,ljubljana,904.0,University of Ljubljana,Slovenia,39010.0,13.2,9%,60 : 40,36.258,25.9,21.5,54.9,68.5,42.3,2025.0
,,,,,,,,,,,,,,,,lleida,844.0,University of Lleida,Spain,9543.0,16.7,10%,59 : 41,37.3925,21.1,22.9,62.5,59.3,45.4,2025.0
,,,,,,,,,,,,,,,,lmu munich,38.0,LMU Munich,Germany,34235.0,33.0,18%,61 : 39,78.659,65.2,76.5,91.7,100.0,76.4,2025.0
1001-1200,1001-1200,Lobachevsky University,RU,Russia,L,7.9,3.9,41.1,2.0,2.0,22.3,18.1,3.2,1.3,-,lobachevsky,,,,,,,,,,,,,,
,,,,,,,,,,,,,,,,lobachevsky state nizhni novgorod,1710.0,Lobachevsky State University of Nizhni Novgorod,Russian Federation,20096.0,10.1,13%,52 : 48,21.7455,31.2,13.8,14.6,33.3,37.7,2025.0
901-950,951-1000,University of Lodz,PL,Poland,L,11.5,4.1,39.5,3.4,4.0,11.3,70.9,16.3,1.9,-,lodz,1602.0,University of Lodz,Poland,21408.0,14.0,10%,62 : 38,23.581,21.1,17.0,29.3,20.6,37.5,2025.0
1001-1200,1001-1200,Lodz University of Technology,PL,Poland,M,5.0,3.4,46.2,8.9,3.3,4.0,50.7,3.2,4.0,-,lodz technology,1477.0,Lodz University of Technology,Poland,10887.0,12.2,5%,39 : 61,25.6675,23.4,15.9,30.7,61.9,32.9,2025.0
94,87,Lomonosov Moscow State University,RU,Russia,XL,78.0,82.3,99.7,4.1,19.7,91.5,88.1,95.8,3.5,61.4,lomonosov moscow state,109.0,Lomonosov Moscow State University,Russian Federation,33056.0,9.6,37%,49 : 51,65.5725,84.4,74.4,33.3,91.4,72.7,2025.0
1001-1200,901-950,London Metropolitan University,UK,United Kingdom,M,5.0,3.0,3.8,3.3,59.5,100.0,16.1,13.5,1.0,-,london metropolitan,775.0,London Metropolitan University,United Kingdom,9180.0,22.4,50%,65 : 35,38.667,16.5,13.5,72.7,30.3,91.5,2025.0
,,,,,,,,,,,,,,,,london school of economics and political science,51.0,London School of Economics and Political Science,United Kingdom,12150.0,12.3,71%,57 : 43,75.859,60.0,72.0,94.7,45.1,94.2,2025.0
50,45,The London School of Economics and Political Science (LSE),UK,United Kingdom,L,67.2,97.0,35.1,69.4,100.0,100.0,81.2,99.6,91.3,76,london school of economics and political science (lse),,,,,,,,,,,,,,
801-850,851-900,London South Bank University,UK,United Kingdom,L,3.3,2.9,9.1,4.4,87.1,96.8,47.6,8.5,15.4,-,london south bank,698.0,London South Bank University,United Kingdom,14565.0,17.0,38%,56 : 44,40.5505,18.6,12.8,74.3,48.6,94.9,2025.0
,,,,,,,,,,,,,,,,londrina state,1620.0,Londrina State University,Brazil,19455.0,10.0,1%,59 : 41,23.3405,31.8,16.7,19.6,34.6,24.7,2025.0
,,,,,,,,,,,,,,,,lorestan,1308.0,Lorestan University,Iran,9259.0,23.7,2%,58 : 42,28.681,27.8,11.7,47.0,24.8,26.6,2025.0
,,,,,,,,,,,,,,,,lorestan medical sciences,682.0,Lorestan University of Medical Sciences,Iran,3602.0,16.4,1%,61 : 39,40.9975,39.8,18.2,66.8,48.4,26.7,2025.0
,,,,,,,,,,,,,,,,lorraine,750.0,University of Lorraine,France,62161.0,20.6,15%,54 : 46,39.268,27.8,20.1,57.4,67.7,70.8,2025.0
,,,,,,,,,,,,,,,,los lagos,1769.0,University of Los Lagos,Chile,6332.0,17.3,0%,62 : 38,20.6265,15.8,14.9,24.1,16.8,49.9,2025.0
224,212,Loughborough University,UK,United Kingdom,L,29.7,55.3,23.8,32.4,87.1,68.6,87.1,23.2,93.8,43.6,loughborough,313.0,Loughborough University,United Kingdom,16420.0,14.3,25%,40 : 60,52.841,35.6,33.9,76.2,70.2,91.2,2025.0
901-950,801-850,Louisiana State University,US,United States,XL,9.5,6.7,7.8,12.9,8.6,3.8,52.3,18.8,52.8,-,louisiana state,636.0,Louisiana State University,United States,32512.0,20.6,4%,56 : 44,42.225,34.3,22.1,65.4,65.5,46.1,2025.0
1001-1200,1001-1200,University of Louisville,US,United States,L,3.5,3.2,30.5,7.7,24.8,3.2,59.0,5.1,2.4,-,louisville,,,,,,,,,,,,,,
,,,,,,,,,,,,,,,,lovely professional,693.0,Lovely Professional University,India,32990.0,14.8,8%,27 : 73,40.636,21.6,14.6,84.7,24.0,48.8,2025.0
1001-1200,901-950,Loyola University Chicago,US,United States,L,8.5,17.3,23.2,7.0,6.5,3.0,39.5,13.2,1.9,-,loyola chicago,,,,,,,,,,,,,,
,,,,,,,,,,,,,,,,loyola marymount,1523.0,Loyola Marymount University,United States,9205.0,11.9,10%,,24.8685,32.8,11.1,25.9,37.4,36.1,2025.0
,,,,,,,,,,,,,,,,lublin technology,1508.0,Lublin University of Technology,Poland,7124.0,12.1,14%,28 : 72,25.0485,21.0,15.0,33.5,29.4,43.7,2025.0
1401+,1201-1400,Lucian Blaga University of Sibiu,RO,Romania,L,3.6,3.2,8.5,1.9,13.9,2.9,17.0,4.1,1.2,-,lucian blaga sibiu,1676.0,Lucian Blaga University of Sibiu,Romania,13109.0,16.2,3%,50 : 50,22.455,18.7,15.4,31.0,19.5,31.9,2025.0
,,,,,,,,,,,,,,,,lucknow,1565.0,University of Lucknow,India,18768.0,26.1,2%,48 : 52,24.19,28.6,10.5,33.2,19.2,26.4,2025.0
59,54,Ludwig-Maximilians-Universität München,DE,Germany,XL,92.2,86.6,38.5,50.0,75.1,37.6,95.5,66.9,62.2,71.6,ludwig-maximilians-universität münchen,,,,,,,,,,,,,,
75,85,Lund University,SE,Sweden,L,68.3,52.5,55.5,44.6,97.4,73.4,96.7,86.5,99.6,65.6,lund,95.0,Lund University,Sweden,23754.0,10.5,21%,55 : 45,66.95349999999999,48.4,58.4,86.0,99.8,79.3,2025.0
355,381,University of Luxembourg,LU,Luxembourg,M,9.2,4.5,80.8,25.2,100.0,100.0,70.1,52.8,3.1,32.1,luxembourg,241.0,University of Luxembourg,Luxembourg,5860.0,22.1,52%,54 : 46,56.3535,39.2,39.5,77.1,81.3,92.7,2025.0
1001-1200,951-1000,Lviv Polytechnic National University,UA,Ukraine,L,8.4,13.5,28.4,1.9,1.4,1.2,18.9,15.2,11.5,-,lviv polytechnic national,1806.0,Lviv Polytechnic National University,Ukraine,29733.0,15.5,1%,53 : 47,19.809,16.5,11.7,28.8,21.9,27.1,2025.0
,,,,,,,,,,,,,,,,l’aquila,622.0,University of L’Aquila,Italy,18553.0,23.9,6%,53 : 47,42.511500000000005,33.4,23.6,66.1,77.8,38.3,2025.0
,,,,,,,,,,,,,,,,m s ramaiah applied sciences (ruas),1774.0,M S Ramaiah University of Applied Sciences (RUAS),India,2578.0,3.5,0%,53 : 47,20.392,24.4,8.8,28.3,19.3,18.4,2025.0
1401+,1201-1400,M.Kh. Dulaty Taraz Regional University,KZ,Kazakhstan,L,7.6,2.7,12.0,1.0,1.1,6.7,2.6,3.1,1.1,-,m.kh. dulaty taraz regional,,,,,,,,,,,,,,
230,256,Maastricht University ,NL,Netherlands,L,23.0,27.8,13.2,62.8,99.4,100.0,80.5,38.2,52.5,43,maastricht,132.0,Maastricht University,Netherlands,21438.0,19.2,58%,60 : 40,63.226,40.3,46.7,88.6,98.3,97.1,2025.0
245,254,University of Macau,MO,Macau SAR,L,11.9,10.5,9.8,99.1,100.0,99.9,57.0,50.3,7.7,41.1,macau,180.0,University of Macau,Macao,11573.0,19.2,46%,54 : 46,59.7025,37.7,39.0,90.7,70.4,96.6,2025.0
464,505,Macau University of Science and Technology,MO,Macau SAR,L,4.4,3.4,3.9,56.4,100.0,100.0,26.2,29.5,11.3,25.9,macau science and technology,271.0,Macau University of Science and Technology,Macao,17047.0,44.6,93%,57 : 43,54.8295,33.9,36.7,79.6,73.9,98.0,2025.0
,,,,,,,,,,,,,,,,macedonia,1476.0,University of Macedonia,Greece,11970.0,57.8,4%,50 : 50,25.669500000000003,16.7,17.6,42.3,26.1,25.4,2025.0
,,,,,,,,,,,,,,,,mackenzie presbyterian,1958.0,Mackenzie Presbyterian University,Brazil,26750.0,28.3,0%,51 : 49,16.11,19.7,11.7,12.3,24.7,29.7,2025.0
133,130,Macquarie University,AU,Australia,L,33.4,39.2,9.1,79.6,99.9,91.6,90.9,54.1,95.0,54.1,macquarie,178.0,Macquarie University,Australia,28373.0,50.0,21%,,59.878,35.2,42.7,89.4,93.4,87.4,2025.0
,,,,,,,,,,,,,,,,mae fah luang,1279.0,Mae Fah Luang University,Thailand,15551.0,19.3,8%,71 : 29,29.21,16.0,13.5,49.3,35.5,58.2,2025.0
,,,,,,,,,,,,,,,,maejo,1400.0,Maejo University,Thailand,16131.0,23.6,2%,57 : 43,27.1185,14.1,9.2,53.4,32.9,39.4,2025.0
,,,,,,,,,,,,,,,,maharishi markandeshwar (mmu),1173.0,Maharishi Markandeshwar University (MMU),India,10646.0,12.4,7%,43 : 57,31.0255,27.1,10.0,56.5,18.4,32.6,2025.0
,,,,,,,,,,,,,,,,mahasarakham,2059.0,Mahasarakham University,Thailand,43563.0,36.9,2%,67 : 33,13.5345,15.4,8.7,12.0,19.4,27.9,2025.0
,,,,,,,,,,,,,,,,mahatma gandhi,476.0,Mahatma Gandhi University,India,2022.0,12.4,1%,57 : 43,46.778,44.6,36.9,64.8,34.5,28.0,2025.0
368,382,Mahidol University,TH,Thailand,L,44.1,21.8,81.1,4.7,4.9,4.2,57.2,9.8,57.7,31.4,mahidol,782.0,Mahidol University,Thailand,28570.0,7.5,5%,63 : 37,38.58,38.2,23.2,48.2,61.2,49.0,2025.0
,,,,,,,,,,,,,,,,majmaah,629.0,Majmaah University,Saudi Arabia,12882.0,11.6,2%,43 : 57,42.37950000000001,28.3,25.7,64.7,36.7,76.0,2025.0
901-950,951-1000,Makerere University,UG,Uganda,XL,11.0,4.2,3.4,4.5,9.6,7.5,64.8,98.3,3.5,-,makerere,1380.0,Makerere University,Uganda,28240.0,18.4,2%,46 : 54,27.410499999999995,20.9,6.4,45.1,20.1,67.4,2025.0
,,,,,,,,,,,,,,,,malaga,1276.0,University of Malaga,Spain,35900.0,12.9,6%,54 : 46,29.253,22.0,16.7,42.4,52.0,41.6,2025.0
,,,,,,,,,,,,,,,,malakand,772.0,University of Malakand,Pakistan,8852.0,27.2,1%,28 : 72,38.69499999999999,26.4,12.7,74.1,31.1,50.0,2025.0
,,,,,,,,,,,,,,,,malaviya national institute of technology,777.0,Malaviya National Institute of Technology,India,5515.0,19.7,0%,27 : 73,38.6565,24.9,17.0,79.7,23.9,20.2,2025.0
,,,,,,,,,,,,,,,,malaya,294.0,University of Malaya,Malaysia,17991.0,9.1,26%,61 : 39,53.92500000000001,45.5,36.7,69.2,60.8,88.9,2025.0
751-760,851-900,University of Malta,MT,Malta,M,6.1,4.6,31.7,7.2,18.0,19.2,75.9,95.9,1.9,-,malta,913.0,University of Malta,Malta,9966.0,12.2,17%,61 : 39,36.0345,23.9,17.3,61.0,33.3,57.8,2025.0
,,,,,,,,,,,,,,,,management & science (msu),976.0,Management & Science University (MSU),Malaysia,4540.0,9.4,49%,60 : 40,34.798,29.9,11.5,50.8,19.5,88.3,2025.0
580,621-630,Management and Science University,MY,Malaysia,S,15.1,18.1,40.2,1.8,97.3,99.4,12.1,4.2,1.2,21.3,management and science,,,,,,,,,,,,,,
,,,,,,,,,,,,,,,,management and technology,834.0,University of Management and Technology,Pakistan,24107.0,20.3,2%,52 : 48,37.55949999999999,16.6,10.7,82.2,26.3,51.3,2025.0
,,,,,,,,,,,,,,,,manav rachna international institute of research and studies,1402.0,Manav Rachna International Institute of Research and Studies,India,4686.0,11.0,1%,48 : 52,27.040000000000003,36.6,10.2,36.4,20.5,20.6,2025.0
34,32,The University of Manchester,UK,United Kingdom,XL,95.6,98.1,51.3,45.1,93.1,99.2,99.2,87.6,99.8,82,manchester,53.0,University of Manchester,United Kingdom,42160.0,15.1,46%,56 : 44,75.53599999999999,60.3,67.7,93.4,73.3,95.5,2025.0
,,,,,,,,,,,,,,,,manchester metropolitan,618.0,Manchester Metropolitan University,United Kingdom,32145.0,18.0,18%,58 : 42,42.5915,19.8,18.7,78.8,39.0,81.7,2025.0
601-610,590,Manchester Metropolitan University (MMU),UK,United Kingdom,XL,11.8,12.6,8.1,10.1,42.9,37.7,91.7,12.3,79.6,-,manchester metropolitan (mmu),,,,,,,,,,,,,,
,,,,,,,,,,,,,,,,manipal academy of higher education,826.0,Manipal Academy of Higher Education,India,23947.0,8.6,12%,47 : 53,37.666,42.6,17.0,47.8,50.1,51.0,2025.0
901-950,951-1000,"Manipal Academy of Higher Education, Manipal, Karnataka, India",IN,India,L,10.9,8.2,42.9,4.4,1.8,7.7,61.2,6.2,16.5,-,"manipal academy of higher education, manipal, karnataka, india",,,,,,,,,,,,,,
,,,,,,,,,,,,,,,,manipal jaipur,1238.0,Manipal University Jaipur,India,9680.0,14.2,5%,45 : 55,29.928,21.4,13.8,54.5,27.2,29.0,2025.0
,,,,,,,,,,,,,,,,manisa celal bayar,1979.0,Manisa Celal Bayar University,Turkey,28623.0,17.8,2%,50 : 50,15.6265,16.0,3.9,24.3,19.2,22.9,2025.0
661-670,671-680,University of Manitoba,CA,Canada,L,13.6,15.9,29.6,12.0,,43.2,73.1,32.8,16.3,-,manitoba,461.0,University of Manitoba,Canada,30343.0,29.7,22%,54 : 46,47.25749999999999,28.1,34.4,73.1,63.3,60.4,2025.0
,,,,,,,,,,,,,,,,mannheim,200.0,University of Mannheim,Germany,7505.0,48.1,17%,,58.69,36.6,44.8,87.1,94.4,66.6,2025.0
,,,,,,,,,,,,,,,,manouba,1334.0,University of Manouba,Tunisia,18156.0,15.4,2%,62 : 38,28.2095,27.5,9.5,43.5,21.8,45.6,2025.0
951-1000,1001-1200,Mansoura University,EG,Egypt,XL,14.1,12.0,3.3,2.6,6.7,5.7,74.7,4.4,40.4,-,mansoura,801.0,Mansoura University,Egypt,185564.0,40.8,6%,52 : 48,38.217,20.3,13.0,70.6,37.4,77.1,2025.0
,,,,,,,,,,,,,,,,mapúa,1808.0,Mapúa University,Philippines,8601.0,23.6,1%,33 : 67,19.7825,13.0,14.4,31.1,21.1,21.3,2025.0
,,,,,,,,,,,,,,,,maragheh,1233.0,University of Maragheh,Iran,3598.0,23.5,3%,56 : 44,30.012,13.2,15.6,57.7,32.1,40.0,2025.0
,,,,,,,,,,,,,,,,marburg,433.0,University of Marburg,Germany,22698.0,28.6,13%,56 : 44,48.32600000000001,36.7,31.8,70.0,68.5,60.5,2025.0
,,,,,,,,,,,,,,,,marche polytechnic,660.0,Marche Polytechnic University,Italy,11315.0,21.6,5%,47 : 53,41.574,23.7,22.9,75.0,67.6,36.5,2025.0
,,,,,,,,,,,,,,,,maria curie-skłodowska (umcs),1598.0,Maria Curie-Skłodowska University (UMCS),Poland,15742.0,11.1,10%,68 : 32,23.688,22.3,21.2,24.9,22.6,34.5,2025.0
901-950,851-900,University of Maribor,SI,Slovenia,L,8.0,6.6,29.2,6.8,1.8,13.0,61.0,33.4,9.1,-,maribor,1350.0,University of Maribor,Slovenia,13011.0,13.8,12%,54 : 46,27.9155,21.3,18.0,39.2,45.8,37.6,2025.0
1001-1200,1201-1400,Marmara University,TR,Turkey,XL,8.1,11.4,4.4,2.4,2.9,4.2,45.3,23.9,2.7,-,marmara,1633.0,Marmara University,Turkey,66083.0,30.3,5%,51 : 49,23.1215,23.9,11.5,31.1,28.9,30.0,2025.0
1201-1400,1201-1400,Marquette University,US,United States,M,3.4,2.4,21.1,9.1,6.2,2.7,35.6,11.2,1.2,-,marquette,,,,,,,,,,,,,,
,,,,,,,,,,,,,,,,marrakech cadi ayyad,1541.0,University of Marrakech Cadi Ayyad,Morocco,116354.0,44.2,1%,51 : 49,24.5845,21.9,11.3,36.9,22.8,38.2,2025.0
671-680,611-620,Martin-Luther-Universität Halle-Wittenberg,DE,Germany,L,13.1,6.4,80.1,7.4,,8.8,90.0,4.8,6.2,-,martin-luther-universität halle-wittenberg,,,,,,,,,,,,,,
771-780,711-720,"University of Maryland, Baltimore County",US,United States,L,10.2,6.8,14.1,13.5,49.8,25.8,45.0,4.5,57.7,-,"maryland, baltimore county",690.0,"University of Maryland, Baltimore County",United States,12186.0,17.6,17%,46 : 54,40.7135,28.0,25.1,61.1,66.3,55.9,2025.0
218,169,"University of Maryland, College Park",US,United States,XL,48.6,29.4,32.5,55.0,20.9,16.2,92.3,41.2,54.4,44,"maryland, college park",114.0,"University of Maryland, College Park",United States,33914.0,16.9,9%,50 : 50,65.387,49.0,57.7,92.1,71.6,49.4,2025.0
408,400,Masaryk University,CZ,Czech Republic,XL,23.5,31.7,9.5,13.8,27.6,66.7,80.2,36.0,79.1,29.1,masaryk,723.0,Masaryk University,Czech Republic,33136.0,18.2,24%,62 : 38,39.878,26.2,32.4,52.9,45.7,67.4,2025.0
,,,,,,,,,,,,,,,,mascara,1843.0,University of Mascara,Algeria,20688.0,21.1,0%,62 : 38,19.0105,16.0,7.9,27.0,16.3,43.3,2025.0
,,,,,,,,,,,,,,,,mashhad medical sciences,886.0,Mashhad University of Medical Sciences,Iran,8997.0,9.3,4%,57 : 43,36.62199999999999,33.8,15.3,61.9,34.1,30.4,2025.0
,,,,,,,,,,,,,,,,massachusetts,86.0,University of Massachusetts,United States,62044.0,12.8,14%,51 : 49,67.962,58.6,52.1,87.9,87.4,76.0,2025.0
275,245,University of Massachusetts Amherst,US,United States,L,38.2,17.2,10.0,48.8,61.0,25.3,79.8,30.6,83.4,38.2,massachusetts amherst,,,,,,,,,,,,,,
1001-1200,801-850,University of Massachusetts Boston,US,United States,L,11.0,7.7,9.8,19.7,4.5,14.8,32.2,2.9,8.4,-,massachusetts boston,,,,,,,,,,,,,,
,,,,,,,,,,,,,,,,massachusetts institute of technology,2.0,Massachusetts Institute of Technology,United States,11836.0,8.0,33%,42 : 58,98.049,99.2,96.0,99.7,100.0,93.8,2025.0
1,1,Massachusetts Institute of Technology (MIT) ,US,United States,M,100.0,100.0,100.0,100.0,99.3,86.8,96.0,100.0,99.0,100,massachusetts institute of technology (mit),,,,,,,,,,,,,,
239,239,Massey University,NZ,New Zealand,M,30.1,14.0,48.0,27.4,98.5,95.2,85.1,49.2,91.4,41.8,massey,560.0,Massey University,New Zealand,16035.0,15.9,27%,65 : 35,44.313,28.4,28.8,59.7,78.7,87.0,2025.0
1401+,1401+,University of Mataram,ID,Indonesia,XL,6.4,1.7,3.8,1.1,1.5,1.0,3.7,2.2,1.0,-,mataram,2078.0,University of Mataram,Indonesia,30016.0,22.5,0%,61 : 39,12.547,11.5,8.2,14.5,16.6,23.5,2025.0
,,,,,,,,,,,,,,,,matej bel,1820.0,Matej Bel University,Slovakia,6265.0,14.0,13%,66 : 34,19.567,21.3,13.8,16.8,21.1,45.3,2025.0
,,,,,,,,,,,,,,,,mauritius,1212.0,University of Mauritius,Mauritius,9070.0,25.9,9%,59 : 41,30.41,29.4,14.5,42.7,42.3,40.4,2025.0
801-850,801-850,Maynooth University,IE,Ireland,M,10.4,7.7,9.2,12.7,87.4,16.7,48.5,9.2,6.4,-,maynooth,516.0,Maynooth University,Ireland,12094.0,27.0,14%,57 : 43,45.3565,21.3,33.8,71.5,51.9,76.6,2025.0
,,,,,,,,,,,,,,,,mazandaran,1386.0,University of Mazandaran,Iran,12336.0,28.1,4%,63 : 37,27.283,23.4,16.5,40.2,32.5,29.8,2025.0
,,,,,,,,,,,,,,,,mazandaran medical sciences,799.0,Mazandaran University of Medical Sciences,Iran,6869.0,12.2,1%,56 : 44,38.2545,44.4,12.5,61.2,31.1,25.7,2025.0
29,30,McGill University,CA,Canada,L,94.3,87.6,62.3,57.9,83.7,89.6,94.2,98.3,99.1,83,mcgill,45.0,McGill University,Canada,30051.0,11.3,30%,61 : 39,76.66000000000001,66.2,70.9,88.6,78.0,91.6,2025.0
176,189,McMaster University,CA,Canada,L,39.5,34.2,63.8,35.6,96.2,56.7,82.6,49.9,91.9,49,mcmaster,119.0,McMaster University,Canada,28046.0,29.4,22%,57 : 43,65.18199999999999,41.2,50.2,93.0,100.0,87.6,2025.0
,,,,,,,,,,,,,,,,medellín,1920.0,University of Medellín,Colombia,7151.0,13.7,2%,58 : 42,17.014499999999995,18.9,10.1,15.1,18.5,43.2,2025.0
,,,,,,,,,,,,,,,,medical bialystok,1168.0,Medical University of Bialystok,Poland,5788.0,13.1,8%,77 : 23,31.104000000000003,39.3,12.0,40.5,40.2,30.3,2025.0
,,,,,,,,,,,,,,,,medical gdańsk,1154.0,Medical University of Gdańsk,Poland,6340.0,5.2,15%,73 : 27,31.3415,28.4,11.5,49.2,43.9,41.5,2025.0
,,,,,,,,,,,,,,,,medical graz,235.0,Medical University of Graz,Austria,4270.0,17.6,29%,55 : 45,56.69049999999999,30.5,34.6,92.0,96.6,82.6,2025.0
,,,,,,,,,,,,,,,,medical innsbruck,256.0,Medical University of Innsbruck,Austria,3537.0,13.9,45%,56 : 44,55.588,31.5,30.2,89.8,99.0,88.5,2025.0
,,,,,,,,,,,,,,,,medical lodz,946.0,Medical University of Lodz,Poland,10062.0,8.0,9%,70 : 30,35.482,29.0,11.3,65.1,43.0,32.0,2025.0
,,,,,,,,,,,,,,,,medical lublin,1429.0,Medical University of Lublin,Poland,6954.0,5.8,15%,72 : 28,26.5835,31.1,13.0,31.6,36.1,36.2,2025.0
,,,,,,,,,,,,,,,,medical silesia in katowice,1398.0,Medical University of Silesia in Katowice,Poland,10235.0,7.1,4%,74 : 26,27.1275,31.0,12.7,37.1,31.8,25.3,2025.0
,,,,,,,,,,,,,,,,medical sofia,1201.0,Medical University of Sofia,Bulgaria,10850.0,5.6,45%,49 : 51,30.6325,31.9,20.7,31.5,47.1,51.8,2025.0
,,,,,,,,,,,,,,,,medical vienna,205.0,Medical University of Vienna,Austria,7338.0,8.6,29%,55 : 45,58.4695,39.7,29.7,93.9,97.5,81.0,2025.0
,,,,,,,,,,,,,,,,medical warsaw,1188.0,Medical University of Warsaw,Poland,9725.0,6.2,10%,73 : 27,30.7595,27.7,13.2,48.2,46.0,32.8,2025.0
,,,,,,,,,,,,,,,,medicine and pharmacy carol davila,951.0,University of Medicine and Pharmacy Carol Davila,Romania,12443.0,8.8,16%,68 : 32,35.3465,26.3,11.6,67.6,28.1,37.6,2025.0
,,,,,,,,,,,,,,,,medicine and pharmacy of craiova,1222.0,University of Medicine and Pharmacy of Craiova,Romania,4446.0,9.9,13%,70 : 30,30.1715,26.6,10.1,52.1,21.2,38.9,2025.0
,,,,,,,,,,,,,,,,"mehran engineering and technology, jamshoro, pakistan",1282.0,"Mehran University of Engineering and Technology, Jamshoro, Pakistan",Pakistan,9276.0,20.8,0%,24 : 76,29.164,15.7,10.6,56.5,21.4,48.7,2025.0
1201-1400,1001-1200,Meiji University,JP,Japan,XL,6.7,19.2,4.4,1.6,10.5,4.6,13.4,17.3,1.1,-,meiji,1956.0,Meiji University,Japan,33118.0,34.2,5%,34 : 66,16.2335,16.4,11.9,13.7,38.3,30.7,2025.0
,,,,,,,,,,,,,,,,meijo,2015.0,Meijo University,Japan,15025.0,31.3,1%,35 : 65,14.933500000000002,14.4,12.3,10.9,45.4,27.1,2025.0
13,14,The University of Melbourne,AU,Australia,XL,98.5,93.9,15.4,93.0,95.1,99.8,97.4,96.5,99.6,88.9,melbourne,39.0,University of Melbourne,Australia,50303.0,23.6,48%,58 : 42,78.4005,64.2,75.3,89.1,99.3,92.3,2025.0
661-670,641-650,Memorial University of Newfoundland,CA,Canada,L,7.2,5.9,10.1,28.6,23.9,78.4,74.1,12.1,16.9,-,memorial newfoundland,506.0,Memorial University of Newfoundland,Canada,16294.0,15.3,27%,54 : 46,45.663,30.3,26.1,64.2,83.7,87.3,2025.0
1201-1400,1201-1400,University of Memphis,US,United States,L,3.1,2.5,12.1,8.0,2.2,8.3,39.4,7.6,2.1,-,memphis,963.0,University of Memphis,United States,16008.0,14.4,7%,61 : 39,35.034,30.7,19.5,50.2,62.0,37.1,2025.0
851-900,901-950,Mendel University in Brno,CZ,Czech Republic,M,6.2,6.5,55.1,4.1,11.2,32.1,59.1,3.8,1.2,-,mendel in brno,1385.0,Mendel University in Brno,Czech Republic,8773.0,15.6,17%,55 : 45,27.324500000000004,19.2,19.3,36.1,21.9,58.1,2025.0
1201-1400,1201-1400,Mendeleev University of Chemical Technology,RU,Russia,M,4.5,3.9,24.2,2.8,1.1,9.1,15.3,8.8,1.0,-,mendeleev chemical technology,1881.0,Mendeleev University of Chemical Technology,Russian Federation,8939.0,12.6,9%,51 : 49,18.213,21.4,15.4,13.2,36.6,26.8,2025.0
,,,,,,,,,,,,,,,,menoufia,1284.0,Menoufia University,Egypt,115583.0,26.5,1%,46 : 54,29.1345,14.1,9.4,58.3,28.6,48.2,2025.0
,,,,,,,,,,,,,,,,mersin,1901.0,Mersin University,Turkey,28541.0,28.0,7%,50 : 50,17.641,16.3,10.2,22.9,21.3,28.7,2025.0
,,,,,,,,,,,,,,,,messina,504.0,University of Messina,Italy,13445.0,21.4,3%,63 : 37,45.67799999999999,32.8,28.3,76.0,61.5,33.8,2025.0
751-760,851-900,University of Messina (UniME),IT,Italy,L,8.4,2.3,14.2,36.7,1.3,6.0,75.6,1.6,36.6,-,messina (unime),,,,,,,,,,,,,,
,,,,,,,,,,,,,,,,metropolitan autonomous,1714.0,Metropolitan Autonomous University,Mexico,61908.0,43.8,1%,50 : 50,21.672,19.9,23.9,18.5,29.2,28.7,2025.0
567,526,MGIMO University,RU,Russia,M,9.8,25.4,100.0,1.3,11.3,41.3,5.7,60.0,1.0,21.9,mgimo,,,,,,,,,,,,,,
324,278,University of Miami,US,United States,L,19.0,29.5,50.0,39.3,66.7,16.9,81.6,43.8,27.9,34.1,miami,232.0,University of Miami,United States,18354.0,10.8,13%,54 : 46,57.0055,46.5,34.8,83.6,79.9,65.6,2025.0
1201-1400,1201-1400,Miami University,US,United States,L,3.8,5.4,6.2,7.8,3.4,5.5,25.3,26.1,2.2,-,miami,232.0,University of Miami,United States,18354.0,10.8,13%,54 : 46,57.0055,46.5,34.8,83.6,79.9,65.6,2025.0
152,136,Michigan State University,US,United States,XL,59.5,48.6,11.4,50.3,54.5,12.4,97.5,57.1,96.3,51.9,michigan state,122.0,Michigan State University,United States,44672.0,16.1,10%,53 : 47,64.743,54.9,53.5,83.5,70.0,69.1,2025.0
901-950,851-900,Michigan Technological University,US,United States,M,4.8,3.7,27.1,28.6,11.4,11.1,52.1,3.1,1.9,-,michigan technological,,,,,,,,,,,,,,
44,33,University of Michigan-Ann Arbor,US,United States,XL,97.9,92.1,80.3,47.6,65.5,39.2,95.8,94.5,62.2,79,michigan-ann arbor,23.0,University of Michigan-Ann Arbor,United States,47787.0,8.5,18%,52 : 48,87.65549999999999,84.3,88.8,95.4,82.5,68.2,2025.0
285,336,Middle East Technical University,TR,Turkey,L,31.2,70.2,9.0,22.3,12.0,18.3,74.7,77.5,69.5,37.2,middle east technical,387.0,Middle East Technical University,Turkey,16155.0,21.9,13%,48 : 52,49.7405,44.2,44.1,53.4,88.0,58.3,2025.0
,,,,,,,,,,,,,,,,middle technical,2017.0,Middle Technical University,Iraq,42043.0,34.0,0%,53 : 47,14.9255,9.4,7.6,24.7,17.9,24.3,2025.0
721-730,661-670,Middlesex University,UK,United Kingdom,L,5.3,5.3,8.1,10.6,84.4,99.5,58.3,15.2,4.3,-,middlesex,542.0,Middlesex University,United Kingdom,13875.0,17.0,49%,60 : 40,44.64849999999999,24.3,18.2,78.3,42.3,93.6,2025.0
,,,,,,,,,,,,,,,,mie,1593.0,Mie University,Japan,6963.0,8.2,3%,38 : 62,23.733,27.6,14.0,24.3,59.9,24.6,2025.0
,,,,,,,,,,,,,,,,miguel hernández elche,1227.0,Miguel Hernández University of Elche,Spain,11967.0,16.1,9%,50 : 50,30.105,19.9,18.8,43.8,62.5,41.9,2025.0
285,276,University of Milan,IT,Italy,XL,52.8,17.0,6.4,39.6,6.5,6.8,85.5,44.1,74.8,37.2,milan,326.0,University of Milan,Italy,51208.0,20.9,7%,60 : 40,52.3595,35.4,32.8,86.9,70.8,46.7,2025.0
,,,,,,,,,,,,,,,,milan-bicocca,389.0,University of Milan-Bicocca,Italy,29952.0,27.5,5%,62 : 38,49.592,30.0,26.5,89.8,66.3,46.2,2025.0
513,481,University of Milano-Bicocca ,IT,Italy,L,20.4,10.9,3.3,54.1,3.5,4.3,81.1,11.5,14.8,23.7,milano-bicocca,,,,,,,,,,,,,,
,,,,,,,,,,,,,,,,mindanao state – iligan institute of technology,1775.0,Mindanao State University – Iligan Institute of Technology,Philippines,13144.0,19.0,0%,60 : 40,20.377,16.4,10.1,28.4,17.5,45.2,2025.0
,,,,,,,,,,,,,,,,ming chi technology,1089.0,Ming Chi University of Technology,Taiwan,4384.0,18.6,3%,26 : 74,32.664,18.9,27.9,45.9,67.5,33.7,2025.0
,,,,,,,,,,,,,,,,ming chuan,1836.0,Ming Chuan University,Taiwan,17752.0,21.5,12%,59 : 41,19.158,13.3,13.4,23.0,39.4,38.3,2025.0
611-620,611-620,University of Minho,PT,Portugal,L,15.6,7.1,26.5,21.0,15.9,14.9,83.7,8.6,52.1,-,minho,647.0,University of Minho,Portugal,21765.0,21.0,13%,55 : 45,41.885,27.6,32.7,57.6,81.5,49.6,2025.0
,,,,,,,,,,,,,,,,minia,1095.0,Minia University,Egypt,67781.0,15.4,1%,57 : 43,32.58749999999999,18.8,9.5,65.6,21.6,49.9,2025.0
,,,,,,,,,,,,,,,,minnesota,88.0,University of Minnesota,United States,58835.0,12.0,9%,55 : 45,67.773,58.4,59.6,86.0,99.9,46.2,2025.0
203,195,University of Minnesota Twin Cities,US,United States,XL,56.8,33.1,32.4,41.9,7.7,8.7,91.7,52.5,96.5,46,minnesota twin cities,,,,,,,,,,,,,,
1401+,1401+,MIREA - Russian Technological University,RU,Russia,L,5.5,7.0,6.6,1.4,1.3,3.3,9.5,5.2,1.0,-,mirea - russian technological,2044.0,MIREA - Russian Technological University,Russian Federation,28286.0,22.9,5%,25 : 75,14.0935,15.1,11.9,8.8,46.7,22.4,2025.0
,,,,,,,,,,,,,,,,mirpur science and technology,1413.0,Mirpur University of Science and Technology,Pakistan,13312.0,37.2,0%,51 : 49,26.8975,9.0,9.7,56.5,20.3,48.9,2025.0
1201-1400,1201-1400,University of Miskolc ,HU,Hungary,M,6.6,5.7,18.6,2.4,3.1,3.8,19.2,13.0,1.0,-,miskolc,1764.0,University of Miskolc,Hungary,7614.0,13.8,7%,50 : 50,20.8025,25.6,14.2,19.0,23.0,33.5,2025.0
,,,,,,,,,,,,,,,,misr for science and technology,1781.0,Misr University for Science and Technology,Egypt,25219.0,15.8,4%,49 : 51,20.23,15.4,8.5,32.3,17.8,37.6,2025.0
851-900,1001-1200,University of Mississippi,US,United States,L,4.2,2.0,83.0,5.5,6.1,2.9,58.0,3.6,1.7,-,mississippi,,,,,,,,,,,,,,
1001-1200,1001-1200,Mississippi State University,US,United States,L,6.2,3.6,7.4,17.4,8.9,3.1,50.6,7.1,4.5,-,mississippi state,746.0,Mississippi State University,United States,21056.0,14.4,4%,53 : 47,39.361,28.3,20.5,62.2,64.0,51.3,2025.0
1201-1400,1201-1400,University of Missouri Saint Louis,US,United States,M,4.2,4.2,12.3,10.5,3.4,3.1,9.8,7.7,1.0,-,missouri saint louis,,,,,,,,,,,,,,
527,480,Missouri University of Science and Technology,US,United States,M,4.0,6.1,5.7,86.2,35.2,12.8,30.5,4.8,1.7,23.2,missouri science and technology,490.0,Missouri University of Science and Technology,United States,7163.0,21.3,11%,24 : 76,46.299,29.9,29.2,66.2,90.2,73.9,2025.0
641-650,586,"University of Missouri, Columbia",US,United States,L,14.3,8.0,37.8,16.5,46.7,3.3,66.5,30.5,12.3,-,"missouri, columbia",,,,,,,,,,,,,,
1001-1200,1001-1200,"University of Missouri, Kansas City",US,United States,M,4.4,4.4,14.3,16.9,4.1,20.0,29.3,6.6,1.8,-,"missouri, kansas city",,,,,,,,,,,,,,
,,,,,,,,,,,,,,,,miyazaki,1657.0,University of Miyazaki,Japan,5414.0,7.5,3%,36 : 64,22.809,27.9,12.5,23.5,47.9,26.5,2025.0
,,,,,,,,,,,,,,,,mizzou - missouri,510.0,Mizzou - University of Missouri,United States,26392.0,12.5,3%,56 : 44,45.495,40.0,25.6,65.0,69.9,53.0,2025.0
721-730,641-650,University of Modena and Reggio Emilia,IT,Italy,L,8.6,4.0,2.9,49.7,4.0,3.6,53.3,15.2,23.2,-,modena and reggio emilia,503.0,University of Modena and Reggio Emilia,Italy,20370.0,23.3,5%,54 : 46,45.813500000000005,32.2,25.2,76.4,78.1,39.5,2025.0
,,,,,,,,,,,,,,,,mohaghegh ardabili,1001.0,University of Mohaghegh Ardabili,Iran,14051.0,35.2,3%,54 : 46,34.352,22.3,18.4,62.6,20.0,38.1,2025.0
,,,,,,,,,,,,,,,,mohammed v rabat,1379.0,Mohammed V University of Rabat,Morocco,87176.0,38.9,3%,55 : 45,27.419500000000003,28.5,15.5,35.0,40.8,31.8,2025.0
,,,,,,,,,,,,,,,,mohammed vi polytechnic,414.0,Mohammed VI Polytechnic University,Morocco,2092.0,9.5,3%,44 : 56,48.87599999999999,37.8,32.6,69.2,52.4,72.2,2025.0
37,42,Monash University,AU,Australia,XL,89.2,79.6,9.4,87.6,100.0,100.0,94.8,79.4,98.2,81.2,monash,58.0,Monash University,Australia,54821.0,32.6,37%,55 : 45,73.811,52.2,65.6,95.0,99.7,92.0,2025.0
,,,,,,,,,,,,,,,,monastir,1283.0,University of Monastir,Tunisia,21342.0,9.4,1%,69 : 31,29.1345,31.7,10.5,40.4,29.2,46.0,2025.0
781-790,691-700,University of Mons ,BE,Belgium,M,7.1,7.0,3.4,37.3,35.0,33.7,43.7,6.1,1.6,-,mons,617.0,University of Mons,Belgium,8604.0,29.8,19%,56 : 44,42.60999999999999,25.8,31.4,59.5,64.2,73.0,2025.0
1401+,1201-1400,University of Montana Missoula ,US,United States,M,3.0,2.2,10.6,6.1,1.3,1.9,6.5,3.1,1.0,-,montana missoula,,,,,,,,,,,,,,
,,,,,,,,,,,,,,,,montana state,1003.0,Montana State University,United States,14097.0,17.0,2%,48 : 52,34.3165,26.0,20.8,51.1,61.8,37.5,2025.0
,,,,,,,,,,,,,,,,montanuniversität leoben,824.0,Montanuniversität Leoben,Austria,2191.0,7.4,17%,26 : 74,37.6835,36.4,22.8,37.9,79.9,76.9,2025.0
,,,,,,,,,,,,,,,,montenegro,1830.0,University of Montenegro,Montenegro,15705.0,21.0,2%,59 : 41,19.384500000000003,13.5,12.9,24.3,26.4,44.2,2025.0
,,,,,,,,,,,,,,,,montpellier,356.0,Montpellier University,France,40361.0,20.3,16%,55 : 45,50.981,38.4,34.7,72.3,68.5,68.8,2025.0
,,,,,,,,,,,,,,,,moratuwa,1650.0,University of Moratuwa,Sri Lanka,12282.0,30.9,0%,63 : 37,22.9845,12.1,16.6,38.2,33.9,23.8,2025.0
,,,,,,,,,,,,,,,,morgan state,1576.0,Morgan State University,United States,7752.0,17.2,10%,62 : 38,24.051,22.2,14.9,26.7,20.9,57.8,2025.0
,,,,,,,,,,,,,,,,moscow aviation institute,1382.0,Moscow Aviation Institute,Russian Federation,15552.0,12.3,12%,26 : 74,27.3685,32.9,14.6,30.4,49.6,31.0,2025.0
1401+,1401+,Moscow City University,RU,Russia,L,7.1,1.9,10.7,1.1,2.7,3.3,2.5,1.9,1.0,-,moscow city,,,,,,,,,,,,,,
456,415,Moscow Institute of Physics and Technology (MIPT / Moscow Phystech),RU,Russia,M,16.6,23.6,94.6,12.0,31.1,45.5,41.7,17.6,1.0,26.3,moscow institute of physics and technology (mipt / moscow phystech),,,,,,,,,,,,,,
,,,,,,,,,,,,,,,,moscow institute of physics and technology (mipt),295.0,Moscow Institute of Physics and Technology (MIPT),Russian Federation,6190.0,11.9,22%,,53.844,60.2,46.9,47.2,73.1,72.0,2025.0
1201-1400,1201-1400,Moscow Pedagogical State University,RU,Russia,L,7.8,3.6,7.2,1.3,1.2,23.8,6.8,1.8,1.0,-,moscow pedagogical state,,,,,,,,,,,,,,
,,,,,,,,,,,,,,,,moscow polytechnic,1605.0,Moscow Polytechnic University,Russian Federation,11537.0,16.8,13%,38 : 62,23.542,15.5,11.1,41.6,21.2,32.3,2025.0
,,,,,,,,,,,,,,,,moscow power engineering institute,1627.0,Moscow Power Engineering Institute,Russian Federation,14402.0,20.0,14%,34 : 66,23.195,22.8,17.1,21.1,54.5,40.0,2025.0
,,,,,,,,,,,,,,,,moscow technical communications and informatics,1114.0,Moscow Technical University of Communications and Informatics,Russian Federation,5437.0,19.7,6%,19 : 81,32.18599999999999,15.9,10.9,72.6,19.8,23.5,2025.0
,,,,,,,,,,,,,,,,mosul,2021.0,University of Mosul,Iraq,59475.0,17.9,0%,51 : 49,14.781,15.8,9.9,15.6,28.6,19.0,2025.0
,,,,,,,,,,,,,,,,moulay ismail,1511.0,Moulay Ismail University,Morocco,80794.0,72.0,0%,54 : 46,25.0045,13.6,11.1,50.0,20.4,26.1,2025.0
,,,,,,,,,,,,,,,,mugla sitki kocman,1962.0,Mugla Sitki Kocman University,Turkey,28759.0,30.7,4%,48 : 52,16.032999999999998,12.8,10.9,20.9,21.9,26.0,2025.0
,,,,,,,,,,,,,,,,muhimbili health and allied sciences,1669.0,Muhimbili University of Health and Allied Sciences,Tanzania,5357.0,12.0,0%,35 : 65,22.5775,20.4,12.8,27.4,24.0,48.9,2025.0
,,,,,,,,,,,,,,,,multimedia,1191.0,Multimedia University,Malaysia,9057.0,14.8,10%,45 : 55,30.7285,24.2,19.5,36.8,74.3,52.3,2025.0
1001-1200,1001-1200,Multimedia University (MMU),MY,Malaysia,M,11.0,15.4,10.9,4.7,28.5,30.3,19.6,3.8,3.7,-,multimedia (mmu),,,,,,,,,,,,,,
711-720,751-760,University of Mumbai,IN,India,M,9.1,28.8,2.8,30.9,2.0,2.0,18.3,81.4,1.7,-,mumbai,,,,,,,,,,,,,,
901-950,901-950,University of Murcia,ES,Spain,L,11.7,2.9,24.5,6.8,1.7,3.9,79.8,3.7,44.9,-,murcia,1039.0,University of Murcia,Spain,30210.0,17.2,5%,63 : 37,33.57,23.4,19.8,52.9,57.0,37.0,2025.0
436,431,Murdoch University,AU,Australia,M,8.0,4.5,5.2,57.3,85.6,73.9,74.9,14.8,11.3,27.2,murdoch,406.0,Murdoch University,Australia,13747.0,28.2,40%,,49.14549999999999,24.0,28.2,79.8,71.5,94.5,2025.0
,,,,,,,,,,,,,,,,muroran institute of technology,1810.0,Muroran Institute of Technology,Japan,3301.0,19.5,6%,14 : 86,19.775,18.7,10.4,21.1,43.5,42.3,2025.0
1001-1200,1001-1200,Mustansiriyah University,IQ,Iraq,XL,5.0,8.4,51.2,1.3,35.7,3.6,14.0,4.2,1.1,-,mustansiriyah,1846.0,Mustansiriyah University,Iraq,32064.0,8.3,1%,56 : 44,18.927,25.2,8.9,18.0,21.8,35.2,2025.0
1001-1200,1001-1200,Mutah University,JO,Jordan,M,9.1,11.0,11.0,1.8,10.1,32.5,25.7,7.3,1.6,-,mutah,1373.0,Mutah University,Jordan,10123.0,14.2,19%,56 : 44,27.5715,28.0,12.8,33.6,20.8,62.5,2025.0
,,,,,,,,,,,,,,,,muş alparslan,1838.0,Muş Alparslan University,Turkey,11687.0,40.7,0%,50 : 50,19.1395,10.4,10.9,36.3,16.2,18.3,2025.0
1001-1200,1001-1200,Mykolas Romeris University,LT,Lithuania,S,6.2,8.7,13.9,4.5,14.0,35.3,15.0,47.2,11.8,-,mykolas romeris,,,,,,,,,,,,,,
,,,,,,,,,,,,,,,,mysore,1636.0,University of Mysore,India,10260.0,23.4,7%,33 : 67,23.1115,28.4,9.7,26.2,22.2,42.3,2025.0
,,,,,,,,,,,,,,,,münster,188.0,University of Münster,Germany,26664.0,24.4,6%,,59.4315,44.0,47.9,83.9,82.2,54.7,2025.0
,,,,,,,,,,,,,,,,m’hamed bougara boumerdès,1947.0,M’Hamed Bougara University of Boumerdès,Algeria,32315.0,22.6,1%,56 : 44,16.4405,15.2,8.3,20.9,21.8,32.1,2025.0
,,,,,,,,,,,,,,,,nagaoka technology,1441.0,Nagaoka University of Technology,Japan,2127.0,10.2,12%,12 : 88,26.3295,34.4,15.7,19.4,64.4,43.1,2025.0
851-900,801-850,Nagasaki University,JP,Japan,M,6.9,2.3,81.0,6.3,5.8,4.7,49.2,3.0,2.1,-,nagasaki,1351.0,Nagasaki University,Japan,8713.0,6.6,4%,38 : 62,27.907499999999995,30.2,15.2,31.5,53.7,39.9,2025.0
152,176,Nagoya University,JP,Japan,L,63.2,65.8,84.7,25.4,14.5,19.6,64.8,21.5,75.0,51.9,nagoya,247.0,Nagoya University,Japan,15440.0,13.5,12%,30 : 70,56.11149999999999,55.0,55.9,54.9,99.7,42.9,2025.0
,,,,,,,,,,,,,,,,nagoya city,1268.0,Nagoya City University,Japan,4543.0,6.2,4%,53 : 47,29.3755,31.3,16.9,35.9,64.9,25.0,2025.0
,,,,,,,,,,,,,,,,nagoya institute of technology,1498.0,Nagoya Institute of Technology,Japan,5736.0,16.2,5%,17 : 83,25.2005,22.9,21.3,23.1,74.2,31.6,2025.0
1201-1400,1201-1400,Nagoya Institute of Technology (NIT),JP,Japan,M,5.7,2.6,7.5,14.5,5.1,4.1,18.3,6.0,1.0,-,nagoya institute of technology (nit),,,,,,,,,,,,,,
901-950,1001-1200,University of Nairobi,KE,Kenya,XL,10.0,11.7,20.1,1.8,,,50.1,92.5,1.8,-,nairobi,1691.0,University of Nairobi,Kenya,52685.0,34.4,2%,24 : 76,22.1805,12.5,9.8,37.3,18.9,49.4,2025.0
,,,,,,,,,,,,,,,,najran,958.0,Najran University,Saudi Arabia,19930.0,16.7,3%,64 : 36,35.0865,14.0,11.1,71.0,17.5,76.5,2025.0
,,,,,,,,,,,,,,,,namibia,1864.0,University of Namibia,Namibia,27880.0,20.4,3%,63 : 37,18.5865,13.8,8.9,22.2,17.3,61.1,2025.0
,,,,,,,,,,,,,,,,namur,811.0,University of Namur,Belgium,6673.0,22.1,15%,57 : 43,37.982000000000006,22.3,27.1,52.7,60.8,70.7,2025.0
145,141,Nanjing University,CN,China (Mainland),XL,57.1,32.5,35.6,93.0,61.9,7.6,67.1,29.0,16.5,53,nanjing,65.0,Nanjing University,China,33608.0,14.6,10%,59 : 41,73.0225,66.8,65.0,86.3,99.1,61.5,2025.0
761-770,801-850,Nanjing University of Aeronautics and Astronautics,CN,China (Mainland),XL,5.5,3.4,12.4,57.8,5.3,3.0,39.7,1.4,1.6,-,nanjing aeronautics and astronautics,712.0,Nanjing University of Aeronautics and Astronautics,China,34805.0,15.1,2%,,40.255,29.9,34.1,52.7,96.7,24.9,2025.0
711-720,781-790,Nanjing Agricultural University,CN,China (Mainland),L,5.0,1.9,7.5,67.6,,1.5,48.2,1.4,2.2,-,nanjing agricultural,,,,,,,,,,,,,,
,,,,,,,,,,,,,,,,nanjing forestry,658.0,Nanjing Forestry University,China,33835.0,16.9,1%,,41.5915,21.5,21.4,83.3,49.2,27.8,2025.0
,,,,,,,,,,,,,,,,nanjing information science and technology,898.0,Nanjing University of Information Science and Technology,China,37168.0,16.1,3%,,36.3925,18.7,18.7,67.8,53.2,39.8,2025.0
,,,,,,,,,,,,,,,,nanjing medical,865.0,Nanjing Medical University,China,23062.0,7.3,4%,,36.987,36.8,15.7,59.5,46.7,24.8,2025.0
1001-1200,1001-1200,Nanjing Normal University,CN,China (Mainland),XL,5.0,1.8,15.8,26.8,,4.2,53.3,4.4,2.9,-,nanjing normal,828.0,Nanjing Normal University,China,33441.0,13.8,2%,70 : 30,37.6505,25.0,16.6,69.5,62.6,28.1,2025.0
565,600,Nanjing University of Science and Technology,CN,China (Mainland),L,5.7,2.5,8.9,89.3,,,38.7,3.7,2.3,22,nanjing science and technology,,,,,,,,,,,,,,
,,,,,,,,,,,,,,,,nanjing tech,765.0,Nanjing Tech University,China,38374.0,12.8,3%,,38.811,23.3,17.1,70.0,82.9,35.5,2025.0
377,384,Nankai University,CN,China (Mainland),XL,18.5,9.8,25.4,82.9,12.3,2.7,51.1,37.9,11.5,31.1,nankai,234.0,Nankai University,China,32171.0,11.5,6%,,56.767,50.0,32.3,86.4,76.0,49.2,2025.0
,,,,,,,,,,,,,,,,nantes université,655.0,Nantes Université,France,36711.0,18.4,10%,57 : 43,41.659,27.2,22.4,66.6,66.1,60.2,2025.0
,,,,,,,,,,,,,,,,"nanyang technological, singapore",30.0,"Nanyang Technological University, Singapore",Singapore,26044.0,17.1,29%,48 : 52,81.8115,65.8,79.3,94.5,99.9,94.1,2025.0
15,26,"Nanyang Technological University, Singapore (NTU)",SG,Singapore,L,91.9,73.3,80.6,92.4,100.0,83.5,89.4,83.9,95.6,88.4,"nanyang technological, singapore (ntu)",,,,,,,,,,,,,,
347,335,University of Naples - Federico II,IT,Italy,XL,36.6,19.7,4.2,65.1,2.2,1.1,92.5,7.3,20.1,32.8,naples - federico ii,,,,,,,,,,,,,,
,,,,,,,,,,,,,,,,naples federico ii,352.0,University of Naples Federico II,Italy,55334.0,19.2,2%,56 : 44,51.0215,37.8,29.8,85.9,71.4,34.7,2025.0
1001-1200,1001-1200,University of Naples Parthenope,IT,Italy,M,3.8,1.9,3.3,42.4,1.7,2.1,30.8,1.7,3.0,-,naples parthenope,,,,,,,,,,,,,,
,,,,,,,,,,,,,,,,nara women’s,1865.0,Nara Women’s University,Japan,2584.0,8.9,4%,100 : 0,18.5795,24.5,8.8,16.7,25.0,37.2,2025.0
1401+,1201-1400,Naresuan University,TH,Thailand,L,6.6,2.8,6.6,1.9,7.3,1.2,10.1,2.5,1.7,-,naresuan,1861.0,Naresuan University,Thailand,26745.0,17.7,1%,64 : 36,18.653,19.7,12.2,17.0,46.4,31.3,2025.0
1001-1200,1201-1400,Narxoz University,KZ,Kazakhstan,M,9.6,7.5,12.9,1.3,14.9,6.2,1.0,60.3,1.4,-,narxoz,,,,,,,,,,,,,,
393,444,National and Kapodistrian University of Athens,GR,Greece,XL,26.7,33.2,2.1,31.0,9.9,15.9,86.6,85.8,29.3,29.9,national and kapodistrian athens,533.0,National and Kapodistrian University of Athens,Greece,67550.0,32.0,12%,60 : 40,44.774,22.2,24.4,78.0,89.1,55.8,2025.0
,,,,,,,,,,,,,,,,national autonomous mexico,982.0,National Autonomous University of Mexico,Mexico,175968.0,16.5,5%,52 : 48,34.705,28.4,29.8,35.6,63.0,59.8,2025.0
,,,,,,,,,,,,,,,,national aviation,1660.0,National Aviation University,Ukraine,13142.0,9.7,5%,40 : 60,22.76,22.6,8.9,36.7,16.8,24.4,2025.0
641-650,611-620,National Central University,TW,Taiwan,M,21.5,28.2,22.9,14.4,11.6,10.0,30.4,10.2,27.9,-,national central,1126.0,National Central University,Taiwan,11174.0,9.9,8%,36 : 64,32.012,31.8,24.7,28.9,88.2,43.6,2025.0
,,,,,,,,,,,,,,,,national changhua education,1666.0,National Changhua University of Education,Taiwan,8526.0,14.9,4%,51 : 49,22.5935,26.1,19.2,19.0,44.9,24.4,2025.0
215,228,National Cheng Kung University (NCKU),TW,Taiwan,L,51.5,74.0,33.4,20.3,16.3,13.9,58.7,42.4,83.8,44.2,national cheng kung (ncku),587.0,National Cheng Kung University (NCKU),Taiwan,21420.0,15.8,12%,37 : 63,43.62799999999999,35.6,38.6,49.4,99.8,41.6,2025.0
601-610,567,National Chengchi University,TW,Taiwan,L,20.1,37.8,17.1,2.2,26.5,21.8,13.3,91.1,1.6,-,national chengchi,1272.0,National Chengchi University,Taiwan,12671.0,15.4,14%,58 : 42,29.319,26.2,28.5,24.5,51.5,52.2,2025.0
,,,,,,,,,,,,,,,,national chi nan,1823.0,National Chi Nan University,Taiwan,6000.0,15.7,10%,53 : 47,19.5475,19.5,17.4,12.8,60.1,33.4,2025.0
,,,,,,,,,,,,,,,,national chiayi,1829.0,National Chiayi University,Taiwan,11486.0,23.6,3%,48 : 52,19.4215,14.4,14.5,22.8,61.4,22.3,2025.0
,,,,,,,,,,,,,,,,national chin-yi technology,1530.0,National Chin-Yi University of Technology,Taiwan,7574.0,22.7,8%,31 : 69,24.826,14.6,26.2,28.1,51.9,32.2,2025.0
1001-1200,901-950,National Chung Cheng University,TW,Taiwan,M,12.5,24.9,14.5,4.9,4.7,3.5,21.4,2.7,9.9,-,national chung cheng,1459.0,National Chung Cheng University,Taiwan,9145.0,16.3,4%,45 : 55,25.9675,22.2,22.7,26.0,73.2,28.1,2025.0
661-670,661-670,National Chung Hsing University,TW,Taiwan,L,21.1,23.0,25.3,11.5,8.8,8.4,32.2,28.4,32.1,-,national chung hsing,1197.0,National Chung Hsing University,Taiwan,15403.0,13.1,7%,42 : 58,30.675500000000003,25.5,25.1,34.2,75.1,34.8,2025.0
,,,,,,,,,,,,,,,,national colombia,1582.0,National University of Colombia,Colombia,55039.0,21.0,1%,41 : 59,23.9135,19.4,13.7,32.5,35.0,40.9,2025.0
,,,,,,,,,,,,,,,,national comahue (unco),1875.0,National University of Comahue (UNCo),Argentina,37661.0,7.5,2%,66 : 34,18.291,22.6,7.9,20.2,16.2,35.0,2025.0
,,,,,,,,,,,,,,,,national computer and emerging sciences,1164.0,National University of Computer and Emerging Sciences,Pakistan,15934.0,23.5,3%,22 : 78,31.2475,12.6,9.2,66.2,28.5,51.5,2025.0
,,,,,,,,,,,,,,,,national cuyo,1902.0,National University of Cuyo,Argentina,32848.0,14.2,3%,64 : 36,17.595499999999998,19.0,8.0,18.5,25.2,41.5,2025.0
,,,,,,,,,,,,,,,,national córdoba,1889.0,National University of Córdoba,Argentina,177133.0,16.9,1%,66 : 34,18.028,17.8,10.3,20.6,20.5,37.2,2025.0
,,,,,,,,,,,,,,,,national distance education (uned),1405.0,National University of Distance Education (UNED),Spain,71981.0,57.6,4%,56 : 44,27.0025,18.3,19.5,39.5,43.6,31.4,2025.0
1201-1400,1201-1400,National Dong Hwa University,TW,Taiwan,M,9.2,4.5,6.3,5.4,4.9,10.2,9.7,2.0,1.3,-,national dong hwa,1532.0,National Dong Hwa University,Taiwan,10011.0,18.2,9%,52 : 48,24.8005,18.8,24.1,22.8,41.7,50.1,2025.0
,,,,,,,,,,,,,,,,national formosa,2068.0,National Formosa University,Taiwan,11686.0,20.3,1%,22 : 78,13.251,14.2,11.3,8.2,47.5,19.0,2025.0
,,,,,,,,,,,,,,,,national ilan,1870.0,National Ilan University,Taiwan,5641.0,23.8,2%,36 : 64,18.434999999999995,14.2,14.6,20.0,40.3,32.0,2025.0
,,,,,,,,,,,,,,,,national institute of applied sciences of lyon (insa lyon),791.0,National Institute of Applied Sciences of Lyon (INSA Lyon),France,6219.0,12.7,27%,37 : 63,38.43299999999999,37.1,24.2,37.9,92.7,71.9,2025.0
,,,,,,,,,,,,,,,,"national institute of applied sciences, strasbourg (insa strasbourg)",1361.0,"National Institute of Applied Sciences, Strasbourg (INSA Strasbourg)",France,2176.0,51.2,13%,38 : 62,27.8075,23.8,15.8,29.8,46.8,71.9,2025.0
,,,,,,,,,,,,,,,,national institute of technology delhi,1322.0,National Institute of Technology Delhi,India,1140.0,13.4,3%,49 : 51,28.38,31.0,13.0,42.2,19.5,27.0,2025.0
,,,,,,,,,,,,,,,,national institute of technology rourkela,821.0,National Institute of Technology Rourkela,India,7816.0,19.1,3%,17 : 83,37.7525,29.6,21.0,63.6,55.2,21.9,2025.0
,,,,,,,,,,,,,,,,national institute of technology silchar,879.0,National Institute of Technology Silchar,India,4885.0,12.9,2%,20 : 80,36.849,33.9,17.3,64.8,20.6,20.9,2025.0
,,,,,,,,,,,,,,,,national institute of technology srinagar,1406.0,National Institute of Technology Srinagar,India,3689.0,14.1,0%,0 : 100,26.9825,26.1,12.8,43.0,18.4,25.8,2025.0
701-710,781-790,National Institute of Technology Tiruchirappalli,IN,India,M,4.1,2.8,9.1,71.0,,1.8,34.5,3.0,5.2,-,national institute of technology tiruchirappalli,,,,,,,,,,,,,,
,,,,,,,,,,,,,,,,national institute of technology warangal,1333.0,National Institute of Technology Warangal,India,7392.0,21.3,6%,21 : 79,28.2655,23.7,14.0,47.8,24.6,25.2,2025.0
,,,,,,,,,,,,,,,,"national institute of technology, raipur",1016.0,"National Institute of Technology, Raipur",India,5306.0,19.4,0%,24 : 76,34.007,27.2,13.8,66.0,23.4,16.6,2025.0
,,,,,,,,,,,,,,,,"national institute of technology, tiruchirappalli",977.0,"National Institute of Technology, Tiruchirappalli",India,7385.0,17.8,2%,24 : 76,34.781499999999994,31.3,17.2,58.6,34.0,21.6,2025.0
,,,,,,,,,,,,,,,,national kaohsiung,1953.0,National University of Kaohsiung,Taiwan,5986.0,25.3,4%,41 : 59,16.326999999999998,13.3,16.5,12.0,39.9,32.3,2025.0
,,,,,,,,,,,,,,,,national kaohsiung science and technology,1431.0,National Kaohsiung University of Science and Technology,Taiwan,28443.0,33.9,2%,36 : 64,26.5535,17.2,18.8,38.1,63.0,27.7,2025.0
1001-1200,1001-1200,National University of Kyiv-Mohyla Academy (NaUKMA),UA,Ukraine,S,5.1,10.6,44.2,1.2,2.1,1.1,6.3,13.5,1.0,-,national kyiv-mohyla academy (naukma),,,,,,,,,,,,,,
,,,,,,,,,,,,,,,,national la plata,1708.0,National University of La Plata,Argentina,48485.0,13.0,22%,61 : 39,21.8835,22.9,11.6,20.1,25.6,62.8,2025.0
1401+,1201-1400,National University of Life and Environmental Sciences of Ukraine,UA,Ukraine,L,5.8,3.9,15.8,1.4,1.2,1.2,20.0,3.7,1.0,-,national life and environmental sciences of ukraine,1890.0,National University of Life and Environmental Sciences of Ukraine,Ukraine,20345.0,15.3,0%,39 : 61,17.963,16.0,8.9,26.4,24.3,23.6,2025.0
,,,,,,,,,,,,,,,,national medical sciences (nums),1975.0,National University of Medical Sciences (NUMS),Pakistan,8241.0,4.3,0%,62 : 38,15.749,23.5,9.9,11.4,17.2,24.5,2025.0
1401+,1201-1400,"National University of Modern Languages (NUML), Islamabad",PK,Pakistan,L,7.0,7.3,5.2,1.5,3.4,1.2,8.1,2.6,1.2,-,"national modern languages (numl), islamabad",,,,,,,,,,,,,,
,,,,,,,,,,,,,,,,national mongolia,1992.0,National University of Mongolia,Mongolia,16017.0,20.1,2%,61 : 39,15.403499999999998,14.7,9.2,12.5,20.6,51.0,2025.0
,,,,,,,,,,,,,,,,national pingtung science and technology,1785.0,National Pingtung University of Science and Technology,Taiwan,10687.0,18.3,5%,44 : 56,20.1595,16.9,15.4,21.6,47.2,31.2,2025.0
1201-1400,1201-1400,"The National Research University ""Belgorod State University""",RU,Russia,L,3.5,1.3,15.6,1.9,2.2,49.8,21.4,2.0,1.0,-,"national research ""belgorod state""",,,,,,,,,,,,,,
,,,,,,,,,,,,,,,,national research electronic technology (miet),1645.0,National Research University of Electronic Technology (MIET),Russian Federation,5550.0,10.4,6%,26 : 74,23.032,42.0,14.2,9.1,49.1,24.4,2025.0
1201-1400,1201-1400,National Research University Moscow Power Engineering Institute (MPEI),RU,Russia,M,6.9,4.0,12.8,1.9,6.8,41.6,21.0,9.5,1.0,-,national research moscow power engineering institute (mpei),,,,,,,,,,,,,,
,,,,,,,,,,,,,,,,national research nuclear mephi,562.0,National Research Nuclear University MEPhI,Russian Federation,5002.0,9.9,29%,46 : 54,44.30349999999999,49.2,38.2,34.7,62.6,77.3,2025.0
497,461,National Research Nuclear University MEPhI (Moscow Engineering Physics Institute),RU,Russia,M,9.2,11.8,98.9,8.1,45.8,89.5,32.9,14.6,1.1,24.2,national research nuclear mephi (moscow engineering physics institute),,,,,,,,,,,,,,
901-950,851-900,National Research Saratov State University,RU,Russia,M,5.0,2.7,96.7,1.7,3.0,16.6,19.1,1.8,1.0,-,national research saratov state,,,,,,,,,,,,,,
576,586,National Research Tomsk Polytechnic University,RU,Russia,M,8.9,8.4,95.1,3.7,10.9,82.8,62.7,2.0,7.1,21.4,national research tomsk polytechnic,,,,,,,,,,,,,,
,,,,,,,,,,,,,,,,national san martín,1783.0,National University of San Martín,Argentina,16864.0,16.5,5%,56 : 44,20.166,19.6,10.8,22.8,26.3,44.8,2025.0
,,,,,,,,,,,,,,,,national science and technology (misis),764.0,National University of Science and Technology (MISiS),Russian Federation,7259.0,12.6,19%,41 : 59,38.849,38.6,30.2,38.5,68.6,58.8,2025.0
711-720,681-690,The National University of Science and Technology MISIS,RU,Russia,M,6.2,9.0,74.2,13.8,7.9,43.1,44.7,9.2,2.2,-,national science and technology misis,,,,,,,,,,,,,,
,,,,,,,,,,,,,,,,national sciences and technology,640.0,National University of Sciences and Technology,Pakistan,12636.0,9.6,4%,37 : 63,42.0585,26.0,20.4,73.2,61.0,54.3,2025.0
353,367,National University of Sciences And Technology (NUST) Islamabad,PK,Pakistan,L,20.4,71.6,68.8,14.5,4.3,4.0,73.6,2.8,44.9,32.3,national sciences and technology (nust) islamabad,,,,,,,,,,,,,,
,,,,,,,,,,,,,,,,national singapore,17.0,National University of Singapore,Singapore,34388.0,21.0,26%,49 : 51,89.8745,78.4,93.6,95.7,100.0,91.9,2025.0
8,8,National University of Singapore (NUS),SG,Singapore,XL,99.5,91.1,68.8,93.1,100.0,88.9,91.6,100.0,97.7,93.7,national singapore (nus),,,,,,,,,,,,,,
485,505,National Sun Yat-sen University,TW,Taiwan,M,26.5,24.9,32.0,22.1,22.7,10.8,35.6,11.4,48.9,24.8,national sun yat-sen,742.0,National Sun Yat-Sen University,Taiwan,8559.0,12.0,10%,43 : 57,39.506,32.0,34.6,42.9,88.3,48.4,2025.0
1201-1400,1201-1400,National Taipei University,TW,Taiwan,M,7.6,4.5,7.8,2.8,2.6,4.5,5.0,18.9,1.1,-,national taipei,1765.0,National Taipei University,Taiwan,8620.0,16.1,5%,54 : 46,20.7115,20.2,15.6,22.4,29.4,31.1,2025.0
425,431,National Taipei University of Technology,TW,Taiwan,M,13.9,54.7,24.3,41.6,19.8,20.6,21.3,22.5,31.3,28,national taipei technology,1060.0,National Taipei University of Technology,Taiwan,9746.0,15.5,11%,28 : 72,33.2375,27.2,25.0,37.5,85.9,43.7,2025.0
68,69,National Taiwan University (NTU),TW,Taiwan,XL,93.4,92.1,25.5,44.3,16.7,27.4,71.5,99.9,90.0,68.7,national taiwan (ntu),172.0,National Taiwan University (NTU),Taiwan,25973.0,13.3,15%,42 : 58,60.38249999999999,53.3,54.6,69.0,100.0,55.0,2025.0
452,431,National Taiwan Normal University,TW,Taiwan,M,34.7,20.5,62.9,5.4,14.5,25.2,23.3,17.3,49.8,26.4,national taiwan normal,595.0,National Taiwan Normal University,Taiwan,10891.0,12.2,14%,,43.44049999999999,34.7,31.7,54.9,86.9,54.2,2025.0
1201-1400,1201-1400,National Taiwan Ocean University,TW,Taiwan,M,6.0,3.2,11.9,10.8,7.5,7.6,22.6,3.3,17.5,-,national taiwan ocean,1396.0,National Taiwan Ocean University,Taiwan,8322.0,16.0,8%,32 : 68,27.139,20.2,26.1,29.0,57.9,34.6,2025.0
392,387,National Taiwan University of Science and Technology (Taiwan Tech),TW,Taiwan,M,27.6,37.9,43.5,29.4,19.7,25.5,29.8,19.9,38.8,30,national taiwan science and technology (taiwan tech),436.0,National Taiwan University of Science and Technology (Taiwan Tech),Taiwan,9123.0,18.6,18%,30 : 70,48.0855,33.9,38.0,63.9,95.0,54.6,2025.0
1001-1200,901-950,"National Technical University ""Kharkiv Polytechnic Institute""",UA,Ukraine,M,6.5,10.6,54.3,1.3,1.7,20.1,11.4,4.0,1.6,-,"national technical ""kharkiv polytechnic institute""",,,,,,,,,,,,,,
321,347,National Technical University of Athens,GR,Greece,L,21.3,44.9,4.6,76.0,1.3,4.6,72.7,39.6,5.0,34.2,national technical athens,858.0,National Technical University of Athens,Greece,13478.0,20.0,5%,34 : 66,37.11450000000001,30.3,23.5,55.1,54.4,35.4,2025.0
,,,,,,,,,,,,,,,,national technical kharkiv polytechnic institute,1886.0,National Technical University Kharkiv Polytechnic Institute,Ukraine,10902.0,7.9,14%,31 : 69,18.1225,24.8,9.0,16.3,19.1,33.9,2025.0
801-850,731-740,"National Technical University of Ukraine ""Igor Sikorsky Kyiv Polytechnic Institute""",UA,Ukraine,L,16.2,31.8,37.4,1.5,1.0,2.0,20.4,21.3,4.3,-,"national technical ukraine ""igor sikorsky kyiv polytechnic institute""",,,,,,,,,,,,,,
,,,,,,,,,,,,,,,,national technical ukraine – igor sikorsky kyiv polytechnic institute,1913.0,National Technical University of Ukraine – Igor Sikorsky Kyiv Polytechnic Institute,Ukraine,22885.0,10.1,3%,29 : 71,17.296999999999997,22.1,10.7,16.9,23.3,22.3,2025.0
,,,,,,,,,,,,,,,,national textile,1269.0,National Textile University,Pakistan,4125.0,20.6,0%,28 : 72,29.3385,12.8,13.8,56.5,29.2,45.9,2025.0
210,233,National Tsing Hua University,TW,Taiwan,M,54.8,71.2,28.0,49.6,9.5,11.1,45.0,16.3,32.1,45.1,national tsing hua,431.0,National Tsing Hua University,Taiwan,14408.0,21.1,13%,41 : 59,48.343,35.1,43.6,59.5,99.8,46.7,2025.0
,,,,,,,,,,,,,,,,national united,1984.0,National United University,Taiwan,7499.0,20.9,1%,31 : 69,15.527499999999998,13.4,12.2,14.9,49.6,21.1,2025.0
781-790,,National University of Uzbekistan,UZ,Uzbekistan,L,25.5,15.8,5.2,1.3,89.0,2.5,11.8,20.4,1.4,-,national uzbekistan,,,,,,,,,,,,,,
,,,,,,,,,,,,,,,,national uzbekistan named after mirzo ulugbek,1192.0,National University of Uzbekistan named after Mirzo Ulugbek,Uzbekistan,19466.0,19.2,2%,48 : 52,30.709,24.2,11.5,49.3,27.0,58.2,2025.0
,,,,,,,,,,,,,,,,national veterinary school of alfort (enva),934.0,National Veterinary School of Alfort (EnvA),France,837.0,5.9,0%,79 : 21,35.814,44.3,11.8,44.3,46.4,55.7,2025.0
219,217,National Yang Ming Chiao Tung University,TW,Taiwan,L,32.9,62.7,51.1,52.7,19.6,19.2,53.7,58.3,38.8,43.9,national yang ming chiao tung,424.0,National Yang Ming Chiao Tung University,Taiwan,17736.0,15.4,8%,36 : 64,48.545,42.8,43.2,54.7,99.9,39.8,2025.0
,,,,,,,,,,,,,,,,national yunlin science and technology,514.0,National Yunlin University of Science and Technology,Taiwan,9204.0,22.0,5%,42 : 58,45.37349999999999,23.7,28.0,79.0,76.3,46.8,2025.0
249,280,University of Navarra,ES,Spain,L,30.6,68.0,49.6,14.7,24.8,73.8,63.6,75.8,42.3,40.7,navarra,269.0,University of Navarra,Spain,12424.0,14.7,29%,54 : 46,54.8635,37.2,32.3,84.5,87.0,75.9,2025.0
,,,,,,,,,,,,,,,,nazarbayev,570.0,Nazarbayev University,Kazakhstan,6045.0,14.5,3%,52 : 48,44.111,24.3,29.2,70.5,45.3,73.5,2025.0
,,,,,,,,,,,,,,,,near east,612.0,Near East University,Northern Cyprus,22184.0,29.1,86%,48 : 52,42.8235,24.0,19.3,70.0,54.1,93.1,2025.0
701-710,551,University of Nebraska - Lincoln,US,United States,L,10.6,5.8,16.9,30.4,21.5,7.1,73.1,7.2,33.0,-,nebraska - lincoln,,,,,,,,,,,,,,
,,,,,,,,,,,,,,,,nebraska medical center,523.0,University of Nebraska Medical Center,United States,3338.0,2.0,7%,70 : 30,45.0285,37.4,16.3,78.8,65.9,39.9,2025.0
,,,,,,,,,,,,,,,,nebraska omaha,1249.0,University of Nebraska Omaha,United States,13744.0,17.2,5%,57 : 43,29.7525,18.4,15.3,51.8,39.5,36.9,2025.0
,,,,,,,,,,,,,,,,nebraska-lincoln,481.0,University of Nebraska-Lincoln,United States,24593.0,17.2,8%,50 : 50,46.6475,33.9,31.5,66.9,66.8,63.6,2025.0
,,,,,,,,,,,,,,,,necmettin erbakan,1202.0,Necmettin Erbakan University,Turkey,18951.0,12.4,13%,52 : 48,30.605,37.3,15.0,37.6,24.1,40.1,2025.0
,,,,,,,,,,,,,,,,ned engineering and technology,1845.0,NED University of Engineering and Technology,Pakistan,12962.0,22.9,0%,38 : 62,18.936,13.2,13.3,21.9,25.0,48.2,2025.0
,,,,,,,,,,,,,,,,neuchâtel,561.0,University of Neuchâtel,Switzerland,4438.0,11.8,22%,61 : 39,44.3065,31.8,25.7,63.9,46.5,85.9,2025.0
,,,,,,,,,,,,,,,,"nevada, las vegas",667.0,"University of Nevada, Las Vegas",United States,27489.0,23.9,3%,58 : 42,41.3655,28.3,25.7,69.2,51.1,36.8,2025.0
681-690,711-720,University of New Brunswick,CA,Canada,M,4.9,8.3,19.9,27.5,61.0,34.1,48.7,17.3,29.0,-,new brunswick,,,,,,,,,,,,,,
,,,,,,,,,,,,,,,,new brunswick unb,691.0,University of New Brunswick UNB,Canada,8708.0,15.9,18%,54 : 46,40.7075,22.1,23.6,61.9,67.1,81.2,2025.0
1001-1200,951-1000,University of New England Australia,AU,Australia,L,10.7,7.2,3.7,14.7,4.6,3.3,62.9,9.8,10.8,-,new england australia,,,,,,,,,,,,,,
1001-1200,1001-1200,University of New Hampshire,US,United States,L,5.0,4.1,12.2,16.9,7.0,2.5,41.7,7.1,5.5,-,new hampshire,,,,,,,,,,,,,,
,,,,,,,,,,,,,,,,new jersey institute of technology,554.0,New Jersey Institute of Technology,United States,9987.0,15.0,25%,28 : 72,44.4215,27.8,23.8,65.3,69.4,92.7,2025.0
791-800,641-650,New Jersey Institute of Technology (NJIT),US,United States,M,4.8,6.7,10.2,30.4,31.5,52.9,29.1,5.1,26.5,-,new jersey institute of technology (njit),,,,,,,,,,,,,,
791-800,631-640,University of New Mexico,US,United States,L,10.5,8.0,43.5,14.9,8.2,4.0,73.1,7.3,11.0,-,new mexico,,,,,,,,,,,,,,
,,,,,,,,,,,,,,,,new mexico state (main campus),818.0,New Mexico State University (Main campus),United States,11900.0,15.7,5%,58 : 42,37.811,27.4,23.2,58.0,56.0,44.8,2025.0
781-790,641-650,The New School,US,United States,M,15.2,8.2,41.1,2.6,5.7,92.3,19.6,13.5,1.0,-,new school,1086.0,The New School,United States,10104.0,10.4,35%,73 : 27,32.7115,28.8,14.9,47.2,27.3,61.9,2025.0
19,19,The University of New South Wales (UNSW Sydney),AU,Australia,XL,90.5,90.4,20.6,94.9,100.0,99.4,98.3,97.7,99.2,87.1,new south wales (unsw sydney),,,,,,,,,,,,,,
,,,,,,,,,,,,,,,,new valley,1034.0,New Valley University,Egypt,3891.0,10.6,0%,76 : 24,33.613,21.9,8.2,68.2,17.3,48.3,2025.0
,,,,,,,,,,,,,,,,new york,33.0,New York University,United States,49423.0,7.4,45%,59 : 41,80.31749999999998,72.0,76.8,94.3,71.7,75.3,2025.0
43,38,New York University (NYU),US,United States,XL,96.3,98.8,90.5,28.6,30.2,98.1,92.6,98.4,95.4,79.6,new york (nyu),,,,,,,,,,,,,,
129,110,Newcastle University,UK,United Kingdom,L,50.0,59.3,39.2,38.7,89.5,68.6,97.1,31.3,97.1,54.5,newcastle,157.0,Newcastle University,United Kingdom,24885.0,14.4,26%,53 : 47,61.4115,37.1,42.9,93.0,82.9,90.8,2025.0
129,110,Newcastle University,UK,United Kingdom,L,50.0,59.3,39.2,38.7,89.5,68.6,97.1,31.3,97.1,54.5,newcastle,270.0,University of Newcastle,Australia,22945.0,31.3,16%,58 : 42,54.863,31.7,36.0,84.8,84.6,83.3,2025.0
179,173,"The University of Newcastle, Australia (UON)",AU,Australia,L,28.3,24.5,28.7,91.7,99.9,24.2,82.0,14.8,92.4,48.7,"newcastle, australia (uon)",,,,,,,,,,,,,,
901-950,901-950,Nicolaus Copernicus University ,PL,Poland,L,7.6,2.6,53.2,4.9,3.1,5.3,81.3,3.1,1.7,-,nicolaus copernicus,,,,,,,,,,,,,,
,,,,,,,,,,,,,,,,nicolaus copernicus in toruń,1260.0,Nicolaus Copernicus University in Toruń,Poland,18099.0,11.6,6%,67 : 33,29.5145,27.2,22.3,37.3,31.9,34.1,2025.0
,,,,,,,,,,,,,,,,nicosia,557.0,University of Nicosia,Cyprus,4401.0,12.0,55%,54 : 46,44.3335,22.0,23.2,75.8,39.7,90.5,2025.0
,,,,,,,,,,,,,,,,nigeria nsukka,1437.0,University of Nigeria Nsukka,Nigeria,43168.0,11.4,1%,46 : 54,26.422,29.4,10.4,36.7,19.2,39.4,2025.0
951-1000,851-900,Niigata University,JP,Japan,L,4.9,3.2,85.3,3.8,4.6,3.1,18.4,5.7,1.8,-,niigata,1239.0,Niigata University,Japan,11975.0,7.2,3%,37 : 63,29.9125,30.5,15.6,40.8,49.4,29.0,2025.0
,,,,,,,,,,,,,,,,nile,1493.0,Nile University,Egypt,3468.0,14.0,1%,35 : 65,25.3045,17.7,12.4,42.5,38.3,29.4,2025.0
,,,,,,,,,,,,,,,,nippon medical school,1082.0,Nippon Medical School,Japan,950.0,0.9,0%,38 : 62,32.805499999999995,29.2,10.9,58.4,48.2,21.1,2025.0
,,,,,,,,,,,,,,,,nitte (deemed to be),1592.0,Nitte (Deemed to be University),India,4774.0,8.4,2%,67 : 33,23.742,42.7,10.9,18.7,18.3,21.9,2025.0
,,,,,,,,,,,,,,,,nizhny novgorod state technical n.a. r.e. alekseev,2038.0,Nizhny Novgorod State Technical University n.a. R.E. Alekseev,Russian Federation,8064.0,13.4,5%,26 : 74,14.3385,19.5,9.3,8.3,39.6,24.2,2025.0
,,,,,,,,,,,,,,,,niğde ömer halisdemir,1897.0,Niğde Ömer Halisdemir University,Turkey,16366.0,20.2,7%,53 : 47,17.720000000000002,13.5,10.0,26.3,19.5,28.9,2025.0
1201-1400,1201-1400,University of Niš,RS,Serbia,L,5.0,5.5,12.5,2.4,,5.7,49.0,4.0,1.0,-,niš,,,,,,,,,,,,,,
1001-1200,951-1000,NJSC KIMEP University,KZ,Kazakhstan,S,5.9,14.3,13.8,4.0,75.6,15.7,2.5,27.6,1.0,-,njsc kimep,,,,,,,,,,,,,,
,,,,,,,,,,,,,,,,nnamdi azikiwe,1738.0,Nnamdi Azikiwe University,Nigeria,42246.0,15.9,0%,55 : 45,21.2025,23.1,8.2,29.0,19.0,34.0,2025.0
,,,,,,,,,,,,,,,,north carolina at chapel hill,70.0,University of North Carolina at Chapel Hill,United States,35049.0,8.7,9%,60 : 40,71.576,63.3,62.3,93.3,75.7,50.9,2025.0
1001-1200,1001-1200,University of North Carolina at Charlotte,US,United States,L,5.1,5.8,5.0,13.4,8.7,6.2,65.0,7.8,4.2,-,north carolina at charlotte,630.0,University of North Carolina at Charlotte,United States,26172.0,20.1,7%,50 : 50,42.354,23.3,21.4,79.3,62.3,39.9,2025.0
1201-1400,1201-1400,University of North Carolina at Greensboro,US,United States,L,2.6,2.4,8.9,10.1,5.9,3.4,50.7,1.5,1.6,-,north carolina at greensboro,,,,,,,,,,,,,,
311,274,North Carolina State University,US,United States,XL,26.7,25.4,9.8,63.4,55.0,17.0,78.1,21.5,35.7,35.1,north carolina state,289.0,North Carolina State University,United States,32151.0,16.4,12%,50 : 50,54.2385,44.9,40.7,71.1,79.5,62.4,2025.0
155,132,"University of North Carolina, Chapel Hill",US,United States,XL,61.4,36.5,72.9,47.2,23.5,11.1,91.6,55.2,44.6,51.6,"north carolina, chapel hill",,,,,,,,,,,,,,
,,,,,,,,,,,,,,,,north china,1695.0,North University of China,China,42083.0,15.2,0%,28 : 72,22.0035,18.1,21.4,23.4,44.7,22.0,2025.0
,,,,,,,,,,,,,,,,north china electric power,914.0,North China Electric Power University,China,36176.0,19.1,3%,40 : 60,36.0335,22.1,28.1,53.8,89.0,22.2,2025.0
901-950,851-900,North South University,BD,Bangladesh,L,13.3,48.1,6.1,2.7,7.9,1.1,24.5,6.6,1.5,-,north south,919.0,North South University,Bangladesh,16938.0,18.3,0%,43 : 57,35.9735,14.8,10.7,80.3,24.3,45.9,2025.0
1001-1200,1001-1200,University of North Texas,US,United States,XL,6.9,5.0,3.1,17.2,3.5,24.8,58.0,21.1,3.8,-,north texas,,,,,,,,,,,,,,
,,,,,,,,,,,,,,,,"north, colombia",1625.0,"University of the North, Colombia",Colombia,12320.0,17.3,1%,52 : 48,23.2425,18.8,14.0,29.4,24.6,51.1,2025.0
,,,,,,,,,,,,,,,,north-caucasus federal,1887.0,North-Caucasus Federal University,Russian Federation,18201.0,7.6,9%,48 : 52,18.0905,27.7,8.6,14.2,19.5,31.8,2025.0
,,,,,,,,,,,,,,,,north-eastern federal,1903.0,North-Eastern Federal University,Russian Federation,12846.0,13.6,5%,53 : 47,17.505,25.1,10.8,14.1,16.9,27.5,2025.0
851-900,801-850,North-West University,ZA,South Africa,XL,7.4,11.0,4.9,14.9,6.6,2.0,92.9,16.7,28.4,-,north-west,822.0,North-West University,South Africa,40397.0,27.3,2%,62 : 38,37.73950000000001,21.2,19.9,64.9,48.3,57.5,2025.0
,,,,,,,,,,,,,,,,north-western state medical named after i.i. mechnikov,1951.0,North-Western State Medical University named after I.I. Mechnikov,Russian Federation,6585.0,5.8,11%,70 : 30,16.363,26.0,10.3,9.2,18.9,29.2,2025.0
1001-1200,1001-1200,The University of Northampton,UK,United Kingdom,M,3.2,2.7,5.2,2.6,36.3,96.6,8.4,4.1,1.0,-,northampton,1341.0,University of Northampton,United Kingdom,10520.0,17.4,38%,63 : 37,28.0455,18.1,11.0,42.5,18.4,80.4,2025.0
,,,,,,,,,,,,,,,,northeast agricultural,887.0,Northeast Agricultural University,China,29363.0,21.6,1%,55 : 45,36.590500000000006,18.6,13.1,81.4,37.8,18.3,2025.0
,,,,,,,,,,,,,,,,northeast normal,906.0,Northeast Normal University,China,30812.0,19.0,3%,71 : 29,36.2315,28.8,16.5,62.0,49.7,31.5,2025.0
396,375,Northeastern University,US,United States,XL,19.2,11.8,15.4,24.6,51.6,96.4,67.3,44.0,72.3,29.7,northeastern,,,,,,,,,,,,,,
,,,,,,,,,,,,,,,,"northeastern, china",624.0,"Northeastern University, China",China,40783.0,13.0,2%,,42.4595,31.2,28.7,60.7,92.5,40.3,2025.0
,,,,,,,,,,,,,,,,"northeastern, us",216.0,"Northeastern University, US",United States,27229.0,15.4,37%,51 : 49,57.688,39.5,32.7,91.9,69.5,82.7,2025.0
,,,,,,,,,,,,,,,,northern (arctic) federal named after m.v. lomonosov,2027.0,Northern (Arctic) Federal University named after M.V. Lomonosov,Russian Federation,9223.0,15.0,9%,43 : 57,14.5825,19.7,10.7,8.7,20.2,30.0,2025.0
1001-1200,1001-1200,Northern Arizona University,US,United States,L,5.8,6.2,5.1,13.1,3.0,3.1,55.1,4.6,6.4,-,northern arizona,,,,,,,,,,,,,,
,,,,,,,,,,,,,,,,northern border,1030.0,Northern Border University,Saudi Arabia,13803.0,11.8,6%,52 : 48,33.687,23.3,12.3,55.9,21.1,75.1,2025.0
951-1000,901-950,Northern Borders University,SA,Saudi Arabia,L,13.1,4.7,20.2,2.1,98.4,4.8,13.1,2.4,1.0,-,northern borders,,,,,,,,,,,,,,
,,,,,,,,,,,,,,,,northern british columbia (unbc),1081.0,University of Northern British Columbia (UNBC),Canada,2849.0,14.8,13%,63 : 37,32.815,21.1,22.4,50.6,20.3,54.7,2025.0
,,,,,,,,,,,,,,,,northern illinois,838.0,Northern Illinois University,United States,13145.0,15.2,7%,54 : 46,37.5095,29.7,17.2,56.8,51.0,62.4,2025.0
,,,,,,,,,,,,,,,,northern technical,2064.0,Northern Technical University,Iraq,21729.0,23.0,0%,46 : 54,13.347500000000002,10.9,8.5,16.8,17.3,25.8,2025.0
,,,,,,,,,,,,,,,,northumbria,478.0,Northumbria University,United Kingdom,23705.0,16.2,23%,56 : 44,46.7215,23.1,25.0,80.0,47.3,90.2,2025.0
535,548,Northumbria University at Newcastle,UK,United Kingdom,L,10.9,10.8,11.8,15.8,70.7,56.2,78.4,14.0,75.3,22.9,northumbria at newcastle,,,,,,,,,,,,,,
1001-1200,1001-1200,Northwest University (China),CN,China (Mainland),L,4.0,1.4,48.8,17.2,3.5,2.6,33.9,3.0,1.4,-,northwest (china),1150.0,Northwest University (China),China,29021.0,14.6,1%,55 : 45,31.4075,25.7,14.7,52.4,50.7,24.2,2025.0
851-900,951-1000,Northwest Agriculture and Forestry University,CN,China (Mainland),XL,4.5,1.4,28.5,36.8,,1.4,58.8,3.0,1.6,-,northwest agriculture and forestry,,,,,,,,,,,,,,
50,47,Northwestern University,US,United States,L,84.0,68.0,97.6,67.7,45.4,52.0,89.4,96.8,55.4,76,northwestern,31.0,Northwestern University,United States,19922.0,8.0,20%,53 : 47,81.39999999999998,71.8,75.8,97.8,92.3,69.4,2025.0
547,621-630,Northwestern Polytechnical University,CN,China (Mainland),XL,5.8,3.2,44.8,63.8,16.7,5.2,53.4,6.6,2.4,22.6,northwestern polytechnical,298.0,Northwestern Polytechnical University,China,36448.0,13.8,4%,24 : 76,53.813,37.7,41.9,76.3,99.2,49.1,2025.0
,,,,,,,,,,,,,,,,norwegian life sciences,807.0,Norwegian University of Life Sciences,Norway,6860.0,7.1,10%,56 : 44,38.08,30.8,15.1,59.7,39.0,68.6,2025.0
691-700,1201-1400,Norwegian University of Life Sciences (UMB),NO,Norway,M,5.8,4.3,100.0,8.5,,,74.7,18.6,9.9,-,norwegian life sciences (umb),,,,,,,,,,,,,,
264,292,Norwegian University of Science And Technology,NO,Norway,XL,33.2,25.2,22.3,30.4,75.1,9.3,94.4,89.4,85.8,39.1,norwegian science and technology,327.0,Norwegian University of Science and Technology,Norway,37923.0,14.8,9%,50 : 50,52.295,35.3,39.3,75.4,72.3,66.3,2025.0
316,304,University of Notre Dame,US,United States,L,25.8,25.2,60.8,29.2,22.3,18.4,70.1,60.2,68.9,34.7,notre dame,198.0,University of Notre Dame,United States,12860.0,10.9,13%,47 : 53,58.871500000000005,53.2,45.1,72.4,73.9,72.3,2025.0
,,,,,,,,,,,,,,,,notre dame australia,1208.0,The University of Notre Dame Australia,Australia,8121.0,20.5,2%,72 : 28,30.535,17.4,17.9,49.8,20.4,59.4,2025.0
1401+,1401+,"The University of Notre Dame, Australia",AU,Australia,M,3.0,3.7,3.5,7.2,21.4,2.2,10.6,1.7,1.0,-,"notre dame, australia",,,,,,,,,,,,,,
108,100,University of Nottingham,UK,United Kingdom,XL,61.1,65.8,32.8,37.6,89.4,70.5,98.0,38.0,97.0,58.5,nottingham,138.0,University of Nottingham,United Kingdom,35030.0,16.1,29%,55 : 45,62.642,43.6,46.2,88.3,71.8,93.6,2025.0
592,595,Nottingham Trent University,UK,United Kingdom,XL,10.6,15.1,10.6,5.1,57.1,74.0,84.6,12.0,64.1,21,nottingham trent,604.0,Nottingham Trent University,United Kingdom,34740.0,15.1,24%,55 : 45,43.15149999999999,19.9,13.9,83.3,37.0,90.4,2025.0
,,,,,,,,,,,,,,,,nova gorica,984.0,University of Nova Gorica,Slovenia,370.0,2.5,51%,47 : 53,34.675,29.4,17.4,43.2,27.4,92.0,2025.0
,,,,,,,,,,,,,,,,nova lisbon,548.0,NOVA University of Lisbon,Portugal,23369.0,18.4,24%,51 : 49,44.499,30.2,34.1,60.2,72.9,63.0,2025.0
1401+,1201-1400,Nova Southeastern University,US,United States,L,2.7,3.5,11.6,2.8,4.7,3.9,13.2,8.9,1.2,-,nova southeastern,1209.0,Nova Southeastern University,United States,18302.0,17.2,6%,71 : 29,30.5155,38.3,13.3,35.2,51.0,36.8,2025.0
1001-1200,1001-1200,University of Novi Sad,RS,Serbia,XL,8.4,5.9,8.8,3.6,,,79.4,21.3,1.2,-,novi sad,1623.0,University of Novi Sad,Serbia,49225.0,14.5,6%,58 : 42,23.2695,19.4,11.8,30.0,57.8,37.5,2025.0
442,421,Novosibirsk State University,RU,Russia,M,24.7,18.4,91.0,9.5,6.3,57.0,56.5,5.8,5.3,26.8,novosibirsk state,966.0,Novosibirsk State University,Russian Federation,7196.0,6.7,21%,,34.988,39.5,33.7,26.8,43.0,50.7,2025.0
1201-1400,1001-1200,Novosibirsk State Technical University,RU,Russia,M,6.0,6.4,27.6,1.7,1.4,41.7,8.4,5.7,1.0,-,novosibirsk state technical,1908.0,Novosibirsk State Technical University,Russian Federation,13080.0,14.6,19%,39 : 61,17.421,20.3,12.4,12.7,28.1,38.7,2025.0
,,,,,,,,,,,,,,,,nueva granada military,2070.0,Nueva Granada Military University,Colombia,18716.0,10.1,0%,46 : 54,13.1185,21.5,8.0,5.8,16.9,27.2,2025.0
1001-1200,951-1000,O.P. Jindal Global University,IN,India,M,8.8,10.0,53.8,1.6,18.0,1.2,8.4,3.2,2.3,-,o.p. jindal global,,,,,,,,,,,,,,
,,,,,,,,,,,,,,,,oakland,1148.0,Oakland University,United States,13744.0,15.8,4%,58 : 42,31.4345,26.2,16.4,47.2,46.8,38.9,2025.0
,,,,,,,,,,,,,,,,obafemi awolowo,1651.0,Obafemi Awolowo University,Nigeria,36929.0,29.3,0%,45 : 55,22.915,19.1,11.7,31.6,36.5,39.3,2025.0
,,,,,,,,,,,,,,,,"occupational and environmental health, japan",1180.0,"University of Occupational and Environmental Health, Japan",Japan,1162.0,2.4,1%,52 : 48,30.861,28.3,11.7,51.5,50.3,22.1,2025.0
801-850,901-950,Ocean University of China,CN,China (Mainland),L,5.4,2.7,9.4,50.5,3.2,1.9,51.1,3.0,4.0,-,ocean china,,,,,,,,,,,,,,
,,,,,,,,,,,,,,,,ochanomizu,1600.0,Ochanomizu University,Japan,2697.0,14.6,6%,100 : 0,23.6045,27.2,18.1,19.5,36.1,40.5,2025.0
,,,,,,,,,,,,,,,,october for modern sciences and arts (msa),1615.0,October University for Modern Sciences and Arts (MSA),Egypt,11433.0,9.9,1%,51 : 49,23.4185,21.6,8.8,38.2,16.8,31.5,2025.0
,,,,,,,,,,,,,,,,odesa i.i. mechnikov national,2013.0,Odesa I.I. Mechnikov National University,Ukraine,5067.0,7.3,2%,70 : 30,14.962,24.0,9.0,8.8,16.3,26.4,2025.0
1201-1400,1001-1200,Odessa I.I. Mechnikov National University,UA,Ukraine,M,3.9,2.3,55.4,1.3,1.8,3.3,10.3,6.3,1.0,-,odessa i.i. mechnikov national,,,,,,,,,,,,,,
,,,,,,,,,,,,,,,,ogarev mordovia state,2029.0,Ogarev Mordovia State University,Russian Federation,13017.0,11.4,16%,45 : 55,14.552,21.5,9.6,6.5,19.2,36.1,2025.0
1001-1200,1001-1200,Ohio University,US,United States,L,8.1,5.5,5.7,10.5,2.4,3.3,41.4,16.9,2.7,-,ohio,,,,,,,,,,,,,,
,,,,,,,,,,,,,,,,ohio (main campus),762.0,Ohio University (Main campus),United States,20512.0,21.3,4%,58 : 42,38.8905,33.0,20.2,60.8,56.5,37.3,2025.0
208,151,The Ohio State University,US,United States,XL,58.6,50.4,39.5,31.2,13.4,10.6,94.6,45.3,50.8,45.6,ohio state,,,,,,,,,,,,,,
,,,,,,,,,,,,,,,,ohio state (main campus),118.0,Ohio State University (Main campus),United States,55115.0,10.5,12%,52 : 48,65.222,55.0,51.7,87.6,83.6,58.4,2025.0
,,,,,,,,,,,,,,,,oita,1812.0,Oita University,Japan,5314.0,8.3,1%,38 : 62,19.7475,26.2,11.7,18.3,34.7,23.3,2025.0
851-900,901-950,Okayama University,JP,Japan,L,8.9,3.7,61.3,7.7,6.1,6.3,52.5,2.9,14.5,-,okayama,968.0,Okayama University,Japan,13042.0,10.4,8%,40 : 60,34.98,35.7,22.7,38.5,87.2,37.7,2025.0
,,,,,,,,,,,,,,,,okayama science,1988.0,Okayama University of Science,Japan,6779.0,25.6,3%,24 : 76,15.472,14.0,11.5,14.8,40.8,25.8,2025.0
701-710,641-650,University of Oklahoma,US,United States,L,10.2,9.8,15.6,31.1,21.8,5.7,69.3,22.3,17.7,-,oklahoma,,,,,,,,,,,,,,
851-900,851-900,Oklahoma State University ,US,United States,L,8.3,8.1,9.2,13.3,49.9,6.1,66.8,17.3,9.4,-,oklahoma state,671.0,Oklahoma State University,United States,21851.0,14.4,5%,52 : 48,41.2615,35.0,20.2,61.5,60.9,55.9,2025.0
,,,,,,,,,,,,,,,,old dominion,938.0,Old Dominion University,United States,17943.0,16.5,3%,57 : 43,35.7505,26.0,20.4,56.6,59.3,37.5,2025.0
,,,,,,,,,,,,,,,,oles honchar dnipro national,2049.0,Oles Honchar Dnipro National University,Ukraine,7449.0,9.9,2%,56 : 44,13.9175,21.7,9.5,8.3,17.4,21.0,2025.0
,,,,,,,,,,,,,,,,omsk state technical,2086.0,Omsk State Technical University,Russian Federation,13419.0,16.9,10%,31 : 69,11.7405,15.9,8.6,5.5,20.9,27.6,2025.0
,,,,,,,,,,,,,,,,ondokuz mayis,1751.0,Ondokuz Mayis University,Turkey,36976.0,16.9,14%,50 : 50,21.059,20.1,11.0,26.9,26.8,37.3,2025.0
,,,,,,,,,,,,,,,,ontario tech,817.0,Ontario Tech University,Canada,9537.0,30.2,10%,43 : 57,37.8355,17.7,25.0,61.4,53.6,64.0,2025.0
,,,,,,,,,,,,,,,,open,899.0,The Open University,United Kingdom,83185.0,30.9,9%,66 : 34,36.3565,17.0,15.2,67.5,48.4,63.3,2025.0
,,,,,,,,,,,,,,,,open catalonia,789.0,Open University of Catalonia,Spain,33529.0,94.6,6%,58 : 42,38.456,18.2,19.6,75.1,26.2,51.0,2025.0
,,,,,,,,,,,,,,,,opole technology,1481.0,Opole University of Technology,Poland,4740.0,14.1,8%,29 : 71,25.584499999999995,19.0,15.2,38.0,23.1,43.3,2025.0
1401+,1401+,University of Oradea,RO,Romania,L,5.6,2.2,4.0,1.9,1.5,5.2,34.5,6.2,2.3,-,oradea,1674.0,University of Oradea,Romania,18253.0,19.6,5%,56 : 44,22.469,15.2,13.2,34.9,18.3,39.4,2025.0
,,,,,,,,,,,,,,,,oran 1,1857.0,Oran 1 University,Algeria,23120.0,17.2,1%,65 : 35,18.743,31.3,8.8,11.4,18.5,37.3,2025.0
,,,,,,,,,,,,,,,,ordu,1946.0,Ordu University,Turkey,11808.0,18.5,0%,54 : 46,16.482499999999998,14.1,10.5,24.2,16.7,18.0,2025.0
801-850,721-730,University of Oregon,US,United States,L,18.3,9.4,9.4,18.5,7.6,3.6,53.4,23.3,16.1,-,oregon,440.0,University of Oregon,United States,21695.0,13.2,5%,56 : 44,47.96249999999999,32.6,29.6,79.0,72.6,42.1,2025.0
,,,,,,,,,,,,,,,,oregon health and science,343.0,Oregon Health and Science University,United States,2870.0,0.9,3%,69 : 31,51.2365,39.0,21.2,91.6,89.4,33.7,2025.0
641-650,505,Oregon State University,US,United States,L,14.6,4.2,15.6,33.9,11.7,8.1,81.2,19.3,21.1,-,oregon state,,,,,,,,,,,,,,
86,80,Osaka University,JP,Japan,L,82.4,87.0,45.2,54.9,23.9,12.2,68.2,33.0,68.0,63.5,osaka,162.0,Osaka University,Japan,22186.0,10.4,11%,32 : 68,61.041,63.5,65.4,51.8,100.0,50.7,2025.0
,,,,,,,,,,,,,,,,osaka institute of technology,1911.0,Osaka Institute of Technology,Japan,7791.0,35.7,1%,13 : 87,17.347499999999997,14.8,15.6,16.4,39.5,26.1,2025.0
,,,,,,,,,,,,,,,,osaka medical and pharmaceutical,1542.0,Osaka Medical and Pharmaceutical University,Japan,3118.0,5.4,1%,60 : 40,24.578,29.4,13.0,29.7,45.0,19.0,2025.0
901-950,721-730,Osaka Metropolitan University,JP,Japan,L,12.4,11.6,51.3,6.5,4.6,3.1,29.3,5.9,1.1,-,osaka metropolitan,1331.0,Osaka Metropolitan University,Japan,15750.0,11.5,4%,37 : 63,28.3105,29.2,19.6,29.3,80.5,26.7,2025.0
119,117,University of Oslo,NO,Norway,L,55.6,16.0,73.8,55.7,91.6,31.7,97.3,80.9,72.1,56.1,oslo,117.0,University of Oslo,Norway,19971.0,11.7,17%,63 : 37,65.23049999999999,46.6,52.4,91.6,74.5,77.7,2025.0
1201-1400,1201-1400,OSMANIA UNIVERSITY,IN,India,M,5.4,3.7,3.5,21.0,,5.4,17.2,7.2,1.0,-,osmania,1338.0,Osmania University,India,10097.0,23.0,3%,40 : 60,28.0995,34.2,16.8,34.2,30.9,21.9,2025.0
1201-1400,1201-1400,University of Ostrava,CZ,Czech Republic,M,6.3,1.1,15.6,3.6,27.7,16.6,27.0,2.9,1.0,-,ostrava,1638.0,University of Ostrava,Czech Republic,8938.0,16.0,11%,70 : 30,23.094,20.4,16.6,25.7,19.3,50.4,2025.0
214,206,University of Otago,NZ,New Zealand,L,45.0,24.6,12.8,38.8,100.0,37.6,79.5,59.1,96.0,44.4,otago,378.0,University of Otago,New Zealand,18927.0,20.1,15%,61 : 39,50.1355,31.4,34.7,73.9,65.8,80.1,2025.0
189,203,University of Ottawa,CA,Canada,XL,26.2,23.3,3.5,81.3,91.7,77.8,93.0,39.8,92.9,47.3,ottawa,193.0,University of Ottawa,Canada,40289.0,28.4,28%,56 : 44,59.248,37.2,44.7,85.1,81.4,87.0,2025.0
344,313,University of Oulu,FI,Finland,M,15.1,13.5,25.3,59.4,65.3,8.6,89.4,21.7,68.6,32.9,oulu,284.0,University of Oulu,Finland,10857.0,20.7,8%,55 : 45,54.36749999999999,34.3,38.9,84.7,69.7,63.6,2025.0
,,,,,,,,,,,,,,,,oum el bouaghi,1753.0,University of Oum El Bouaghi,Algeria,12828.0,11.7,0%,66 : 34,21.0055,23.2,14.5,21.1,30.1,32.3,2025.0
,,,,,,,,,,,,,,,,ovidius constanța,2036.0,Ovidius University of Constanța,Romania,16944.0,12.5,7%,60 : 40,14.3875,19.5,9.4,10.6,17.6,27.0,2025.0
,,,,,,,,,,,,,,,,oviedo,1054.0,University of Oviedo,Spain,18346.0,8.2,7%,55 : 45,33.275499999999994,29.3,18.4,48.4,42.9,40.8,2025.0
3,3,University of Oxford,UK,United Kingdom,L,100.0,100.0,100.0,84.8,98.1,97.7,100.0,100.0,85.0,96.9,oxford,1.0,University of Oxford,United Kingdom,22095.0,10.8,43%,51 : 49,98.4775,96.8,100.0,98.8,99.6,97.3,2025.0
416,413,Oxford Brookes University,UK,United Kingdom,L,30.7,37.6,13.7,7.0,67.5,67.4,68.4,20.5,13.2,28.6,oxford brookes,796.0,Oxford Brookes University,United Kingdom,13040.0,12.8,27%,57 : 43,38.310500000000005,25.8,20.0,56.9,29.8,88.5,2025.0
,,,,,,,,,,,,,,,,ozyegin,971.0,Ozyegin University,Turkey,6221.0,25.8,10%,45 : 55,34.944,19.2,24.6,49.9,68.4,59.2,2025.0
,,,,,,,,,,,,,,,,pablo de olavide,920.0,Pablo de Olavide University,Spain,12923.0,14.0,14%,56 : 44,35.957,23.6,18.3,59.0,52.2,52.0,2025.0
,,,,,,,,,,,,,,,,pace-new york,1577.0,Pace University-New York,United States,11775.0,13.1,17%,65 : 35,23.942,34.5,3.1,27.3,28.2,47.3,2025.0
1201-1400,1201-1400,University of the Pacific,US,United States,M,2.2,3.5,31.9,3.0,3.2,12.0,7.6,8.1,1.0,-,pacific,,,,,,,,,,,,,,
,,,,,,,,,,,,,,,,paderborn,584.0,Paderborn University,Germany,15728.0,51.3,13%,50 : 50,43.70799999999999,32.3,38.8,53.7,78.0,49.3,2025.0
,,,,,,,,,,,,,,,,padua,231.0,University of Padua,Italy,48458.0,29.0,9%,57 : 43,57.0285,45.6,39.9,82.3,80.7,54.5,2025.0
691-700,641-650,Pakistan Institute of Engineering and Applied Sciences (PIEAS),PK,Pakistan,S,6.5,9.6,66.1,41.0,,1.0,14.7,3.5,1.0,-,pakistan institute of engineering and applied sciences (pieas),,,,,,,,,,,,,,
651-660,631-640,Palacký University Olomouc,CZ,Czech Republic,L,15.2,13.9,29.9,8.5,32.7,17.8,87.3,6.8,33.0,-,palacký olomouc,1032.0,Palacký University Olomouc,Czech Republic,19315.0,14.9,13%,68 : 32,33.6415,23.3,24.8,44.9,39.4,60.4,2025.0
851-900,851-900,University of Palermo,IT,Italy,L,11.1,2.3,4.4,32.2,2.4,1.9,81.6,4.5,5.7,-,palermo,673.0,University of Palermo,Italy,36146.0,38.6,2%,56 : 44,41.247,32.4,25.8,64.7,51.3,36.6,2025.0
,,,,,,,,,,,,,,,,pamukkale,2009.0,Pamukkale University,Turkey,33112.0,30.2,4%,43 : 57,15.0975,15.5,10.2,17.0,20.8,21.8,2025.0
1001-1200,1001-1200,Panjab University,IN,India,L,7.8,7.3,6.2,24.1,,1.7,30.9,31.8,2.4,-,panjab,763.0,Panjab University,India,17591.0,16.8,1%,63 : 37,38.888,35.7,18.0,65.6,41.6,23.9,2025.0
1201-1400,1201-1400,University of Pannonia,HU,Hungary,S,4.2,4.0,22.0,8.5,3.3,8.3,44.7,4.0,1.0,-,pannonia,1488.0,University of Pannonia,Hungary,4675.0,17.7,6%,48 : 52,25.441000000000003,23.1,22.2,27.2,31.9,36.7,2025.0
,,,,,,,,,,,,,,,,panthéon-sorbonne – paris 1,849.0,Panthéon-Sorbonne University – Paris 1,France,37358.0,29.0,20%,63 : 37,37.30599999999999,34.0,33.8,37.1,34.1,66.4,2025.0
1201-1400,1001-1200,University of Pardubice,CZ,Czech Republic,M,4.5,2.3,44.5,3.1,9.7,8.8,18.7,1.7,1.0,-,pardubice,1730.0,University of Pardubice,Czech Republic,7164.0,12.8,9%,56 : 44,21.347,21.7,17.4,18.7,32.8,39.7,2025.0
601-610,681-690,Paris Lodron University of Salzburg,AT,Austria,M,9.7,2.9,20.8,6.8,96.1,93.7,55.5,15.7,39.5,-,paris lodron salzburg,,,,,,,,,,,,,,
,,,,,,,,,,,,,,,,paris lodron universität salzburg,695.0,Paris Lodron Universität Salzburg,Austria,6191.0,8.6,38%,68 : 32,40.565,32.1,21.1,53.6,47.1,93.5,2025.0
,,,,,,,,,,,,,,,,paris nanterre,1434.0,Paris Nanterre University,France,35322.0,25.2,18%,64 : 36,26.468,21.0,17.1,28.9,38.6,68.0,2025.0
,,,,,,,,,,,,,,,,paris sciences et lettres – psl research paris,42.0,Paris Sciences et Lettres – PSL Research University Paris,France,16016.0,14.9,21%,50 : 50,77.666,74.4,72.8,82.0,99.4,80.4,2025.0
951-1000,851-900,University of Parma,IT,Italy,XL,9.5,2.7,2.9,25.4,3.8,9.1,69.4,9.2,2.3,-,parma,699.0,University of Parma,Italy,31192.0,32.6,7%,59 : 41,40.536,20.4,23.7,73.8,66.0,38.2,2025.0
,,,,,,,,,,,,,,,,parthenope naples,748.0,Parthenope University of Naples,Italy,12563.0,33.1,2%,42 : 58,39.303,20.0,22.5,77.7,29.2,32.0,2025.0
,,,,,,,,,,,,,,,,passau,517.0,University of Passau,Germany,7761.0,50.2,14%,60 : 40,45.27449999999999,32.7,37.0,58.9,69.7,59.2,2025.0
,,,,,,,,,,,,,,,,passo fundo (upf),1776.0,University of Passo Fundo (UPF),Brazil,6861.0,15.4,0%,53 : 47,20.346,21.3,11.7,26.3,18.3,27.3,2025.0
761-770,791-800,University of Patras,GR,Greece,L,11.7,17.1,2.7,27.0,1.4,4.8,60.6,3.7,44.9,-,patras,1088.0,University of Patras,Greece,29906.0,27.6,6%,52 : 48,32.6735,17.4,18.4,56.1,69.3,34.7,2025.0
,,,,,,,,,,,,,,,,pau and pays de l’adour,1588.0,University of Pau and Pays de l’Adour,France,13266.0,12.8,16%,53 : 47,23.792,24.4,11.1,20.5,31.0,79.8,2025.0
1001-1200,1001-1200,Paul Valéry University Montpellier,FR,France,L,11.8,2.8,2.9,5.3,5.0,32.2,48.3,2.1,2.8,-,paul valéry montpellier,,,,,,,,,,,,,,
,,,,,,,,,,,,,,,,pavia,323.0,University of Pavia,Italy,16889.0,30.1,11%,60 : 40,52.49899999999999,38.3,34.4,80.3,81.8,51.5,2025.0
,,,,,,,,,,,,,,,,pavlov first saint petersburg state medical,1760.0,Pavlov First Saint Petersburg State Medical University,Russian Federation,5504.0,7.3,13%,74 : 26,20.908,30.2,11.6,16.7,29.5,32.6,2025.0
851-900,851-900,Pavol Jozef Šafárik University in Košice,SK,Slovakia,M,4.7,5.1,59.7,3.0,5.1,65.3,41.7,4.6,1.0,-,pavol jozef šafárik in košice,1411.0,Pavol Jozef Šafárik University in Košice,Slovakia,7094.0,9.5,26%,66 : 34,26.921,40.2,10.4,21.4,25.9,61.2,2025.0
,,,,,,,,,,,,,,,,payame noor,2005.0,Payame Noor University,Iran,458263.0,133.4,0%,60 : 40,15.164999999999996,10.5,9.1,23.0,21.4,22.3,2025.0
771-780,801-850,University of Pecs,HU,Hungary,L,14.3,11.9,41.4,2.8,9.3,64.3,40.3,4.0,11.3,-,pecs,,,,,,,,,,,,,,
14,17,Peking University,CN,China (Mainland),XL,99.5,96.6,92.6,97.7,50.3,23.6,79.8,94.2,46.9,88.5,peking,13.0,Peking University,China,34981.0,11.5,15%,,92.042,94.9,97.7,88.2,99.9,70.1,2025.0
,,,,,,,,,,,,,,,,penn state (main campus),101.0,Penn State (Main campus),United States,47253.0,14.6,15%,47 : 53,66.20049999999999,54.5,62.3,83.0,70.9,57.6,2025.0
11,12,University of Pennsylvania,US,United States,L,96.3,91.9,99.8,74.0,90.9,66.2,91.9,100.0,93.0,90.3,pennsylvania,14.0,University of Pennsylvania,United States,22539.0,6.8,24%,55 : 45,90.947,87.1,90.7,96.9,98.3,79.3,2025.0
89,83,Pennsylvania State University,US,United States,XL,76.6,64.5,25.0,55.4,25.1,28.0,97.9,61.9,96.5,61.7,pennsylvania state,,,,,,,,,,,,,,
,,,,,,,,,,,,,,,,penza state,2080.0,Penza State University,Russian Federation,17661.0,17.6,13%,55 : 45,12.4835,14.8,9.6,7.3,16.9,32.9,2025.0
1201-1400,1201-1400,University of Peradeniya ,LK,Sri Lanka,L,9.0,11.6,12.0,2.0,1.0,1.3,22.7,10.9,5.8,-,peradeniya,1346.0,University of Peradeniya,Sri Lanka,24511.0,27.4,0%,56 : 44,27.9745,12.5,10.6,56.8,28.2,40.6,2025.0
,,,,,,,,,,,,,,,,perm national research polytechnic,1906.0,Perm National Research Polytechnic University,Russian Federation,8989.0,10.7,9%,42 : 58,17.4495,23.1,12.3,9.8,49.2,28.8,2025.0
,,,,,,,,,,,,,,,,perm state,1995.0,Perm State University,Russian Federation,10335.0,12.6,8%,57 : 43,15.361499999999998,22.4,12.0,7.6,25.9,26.1,2025.0
1201-1400,1201-1400,Perm State National Research University,RU,Russia,M,4.4,1.7,34.5,1.5,1.4,8.3,6.3,2.0,1.2,-,perm state national research,,,,,,,,,,,,,,
,,,,,,,,,,,,,,,,pernambuco,2026.0,University of Pernambuco,Brazil,21345.0,16.7,0%,,14.588,16.1,10.5,13.6,18.9,26.1,2025.0
,,,,,,,,,,,,,,,,persian gulf,1421.0,Persian Gulf University,Iran,4654.0,20.3,5%,56 : 44,26.7205,17.9,14.4,44.3,22.1,41.2,2025.0
901-950,951-1000,University of Peshawar,PK,Pakistan,M,6.9,9.9,34.3,21.4,,1.9,42.9,15.3,1.1,-,peshawar,1045.0,University of Peshawar,Pakistan,20550.0,42.8,0%,18 : 82,33.4455,19.7,12.3,64.7,26.8,47.8,2025.0
,,,,,,,,,,,,,,,,peter great st petersburg polytechnic,580.0,Peter the Great St Petersburg Polytechnic University,Russian Federation,16418.0,9.9,32%,43 : 57,43.81199999999999,39.0,28.4,54.5,71.9,64.6,2025.0
559,534,Peter the Great St. Petersburg Polytechnic University,RU,Russia,L,16.0,10.9,74.3,2.9,14.1,84.0,64.7,4.9,11.2,22.3,peter great st. petersburg polytechnic,,,,,,,,,,,,,,
801-850,901-950,University of Petroleum and Energy Studies (UPES),IN,India,M,21.8,6.1,39.5,3.4,18.2,1.2,56.9,1.9,1.0,-,petroleum and energy studies (upes),,,,,,,,,,,,,,
,,,,,,,,,,,,,,,,phayao,1778.0,University of Phayao,Thailand,20982.0,21.0,0%,67 : 33,20.324,14.8,10.0,35.3,18.2,23.2,2025.0
336,404,University of the Philippines,PH,Philippines,XL,36.3,65.3,31.1,1.9,1.6,1.1,60.9,65.6,67.7,33.3,philippines,1419.0,University of the Philippines,Philippines,54781.0,11.1,0%,60 : 40,26.783,25.3,16.9,35.0,26.9,37.9,2025.0
801-850,761-770,Philipps-Universität Marburg ,DE,Germany,L,12.7,8.8,5.2,25.0,14.9,20.7,61.6,4.8,5.1,-,philipps-universität marburg,,,,,,,,,,,,,,
,,,,,,,,,,,,,,,,pirogov russian national research medical,1482.0,Pirogov Russian National Research Medical University,Russian Federation,12661.0,8.7,11%,71 : 29,25.5415,42.9,14.3,16.3,39.6,30.2,2025.0
382,349,University of Pisa,IT,Italy,L,40.4,15.1,8.6,38.8,5.9,4.2,88.3,15.0,56.7,30.7,pisa,386.0,University of Pisa,Italy,30876.0,19.0,7%,52 : 48,49.752500000000005,36.1,32.5,79.3,66.2,43.2,2025.0
275,222,University of Pittsburgh,US,United States,L,35.0,12.7,96.3,31.3,9.5,13.5,91.7,42.6,53.5,38.2,pittsburgh,,,,,,,,,,,,,,
,,,,,,,,,,,,,,,,pittsburgh-pittsburgh campus,142.0,University of Pittsburgh-Pittsburgh campus,United States,27456.0,5.5,10%,55 : 45,62.273,48.6,45.7,93.0,76.2,49.8,2025.0
,,,,,,,,,,,,,,,,platov south-russian state polytechnic (npi),1931.0,Platov South-Russian State Polytechnic University (NPI),Russian Federation,6337.0,8.4,11%,22 : 78,16.8115,28.1,12.9,6.0,20.9,28.6,2025.0
711-720,791-800,Plekhanov Russian University of Economics,RU,Russia,L,14.0,19.1,49.8,2.3,3.0,16.2,51.9,38.5,11.6,-,plekhanov russian economics,1469.0,Plekhanov Russian University of Economics,Russian Federation,13642.0,8.6,13%,54 : 46,25.7565,26.6,13.1,32.5,20.7,47.1,2025.0
661-670,561,University of Plymouth,UK,United Kingdom,L,8.9,8.9,11.6,25.9,49.8,36.2,80.1,7.3,21.5,-,plymouth,526.0,University of Plymouth,United Kingdom,15540.0,16.6,18%,60 : 40,44.926,22.8,22.0,77.0,65.0,81.6,2025.0
,,,,,,,,,,,,,,,,pmas arid agriculture rawalpindi,972.0,PMAS Arid Agriculture University Rawalpindi,Pakistan,11277.0,36.4,0%,41 : 59,34.932500000000005,27.8,12.5,61.8,23.6,48.3,2025.0
98,100,Pohang University of Science And Technology (POSTECH),KR,South Korea,S,45.9,80.0,99.9,96.9,27.6,2.7,26.6,11.0,36.6,60.3,pohang science and technology (postech),151.0,Pohang University of Science and Technology (POSTECH),South Korea,3245.0,10.5,8%,,61.8555,55.9,50.0,78.8,100.0,43.0,2025.0
580,556,Politecnico di Bari,IT,Italy,S,6.9,4.8,11.3,76.5,4.6,7.2,46.6,3.5,1.3,21.3,politecnico di bari,,,,,,,,,,,,,,
111,123,Politecnico di Milano,IT,Italy,XL,70.8,77.0,5.8,40.2,67.4,56.8,88.1,52.9,72.6,58.2,politecnico di milano,236.0,Politecnico di Milano,Italy,39532.0,24.4,20%,,56.6595,43.3,49.6,69.4,96.3,64.4,2025.0
241,252,Politecnico di Torino,IT,Italy,XL,40.2,52.1,3.1,51.6,4.9,41.0,81.4,30.6,77.9,41.7,politecnico di torino,,,,,,,,,,,,,,
,,,,,,,,,,,,,,,,polytechnic bari,597.0,Polytechnic University of Bari,Italy,10524.0,43.7,1%,31 : 69,43.394,24.4,28.8,73.1,69.1,42.0,2025.0
,,,,,,,,,,,,,,,,polytechnic bucharest,1658.0,Polytechnic University of Bucharest,Romania,28360.0,21.9,32%,36 : 64,22.7995,19.2,11.6,29.5,38.1,45.3,2025.0
,,,,,,,,,,,,,,,,polytechnic institute of porto,1503.0,Polytechnic Institute of Porto,Portugal,20294.0,17.4,6%,47 : 53,25.1335,14.7,12.7,44.8,34.1,30.8,2025.0
,,,,,,,,,,,,,,,,polytechnic institute of setúbal,2003.0,Polytechnic Institute of Setúbal,Portugal,8889.0,17.6,6%,47 : 53,15.203999999999995,14.1,8.8,18.4,17.5,30.3,2025.0
,,,,,,,,,,,,,,,,polytechnic timişoara,1731.0,Polytechnic University of Timişoara,Romania,11774.0,17.0,3%,38 : 62,21.3315,17.8,10.1,33.2,36.1,23.3,2025.0
,,,,,,,,,,,,,,,,polytechnic turin,451.0,Polytechnic University of Turin,Italy,30666.0,29.6,17%,31 : 69,47.6135,30.5,30.5,74.2,86.9,53.8,2025.0
,,,,,,,,,,,,,,,,polytechnic valencia,728.0,Polytechnic University of Valencia,Spain,29166.0,15.2,15%,42 : 58,39.8115,29.8,25.5,52.9,85.7,57.7,2025.0
,,,,,,,,,,,,,,,,pompeu fabra,177.0,Pompeu Fabra University,Spain,12662.0,22.3,17%,62 : 38,60.075,36.0,44.6,90.0,83.9,82.2,2025.0
1201-1400,1201-1400,Pondicherry University,IN,India,M,4.1,2.1,5.4,16.5,1.9,1.1,21.1,2.7,5.8,-,pondicherry,1251.0,Pondicherry University,India,9199.0,21.3,0%,45 : 55,29.714,33.5,17.3,38.7,39.8,21.5,2025.0
,,,,,,,,,,,,,,,,pontifical catholic argentina,1961.0,Pontifical Catholic University of Argentina,Argentina,17799.0,4.1,11%,54 : 46,16.043499999999998,24.2,8.7,7.2,17.6,46.9,2025.0
,,,,,,,,,,,,,,,,pontifical catholic minas gerais,2027.0,Pontifical Catholic University of Minas Gerais,Brazil,36200.0,33.6,0%,57 : 43,14.5825,16.1,10.2,13.9,20.0,25.4,2025.0
,,,,,,,,,,,,,,,,pontifical catholic peru,1575.0,Pontifical Catholic University of Peru,Peru,27160.0,6.6,1%,47 : 53,24.071,25.0,10.1,32.2,21.3,43.4,2025.0
,,,,,,,,,,,,,,,,pontifical catholic rio de janeiro (puc-rio),793.0,Pontifical Catholic University of Rio de Janeiro (PUC-Rio),Brazil,12241.0,18.8,1%,50 : 50,38.414,35.8,33.5,39.7,74.7,43.2,2025.0
,,,,,,,,,,,,,,,,pontifical catholic rio grande do sul (pucrs),1083.0,Pontifical Catholic University of Rio Grande do Sul (PUCRS),Brazil,11915.0,20.1,1%,52 : 48,32.733,33.2,19.5,40.7,58.6,36.4,2025.0
,,,,,,,,,,,,,,,,pontifical catholic valparaíso,1555.0,Pontifical Catholic University of Valparaíso,Chile,18179.0,24.2,1%,43 : 57,24.405999999999995,15.4,17.2,31.0,43.0,51.4,2025.0
,,,,,,,,,,,,,,,,pontifical javeriana,1672.0,Pontifical Javeriana University,Colombia,28409.0,12.7,1%,55 : 45,22.501,21.2,13.0,26.9,28.8,43.4,2025.0
1201-1400,1201-1400,Pontificia Universidad Catolica Madre y Maestra,DO,Dominican Republic,M,4.2,4.1,11.2,1.2,9.4,11.4,4.1,45.7,1.0,-,pontificia universidad catolica madre y maestra,,,,,,,,,,,,,,
481,514,Pontificia Universidad Católica Argentina,AR,Argentina,L,19.9,29.4,99.9,1.1,1.9,6.7,12.5,85.7,1.0,25,pontificia universidad católica argentina,,,,,,,,,,,,,,
,,,,,,,,,,,,,,,,pontificia universidad católica de chile,539.0,Pontificia Universidad Católica de Chile,Chile,31720.0,15.6,5%,,44.69500000000001,29.3,35.2,61.6,74.4,58.5,2025.0
93,103,Pontificia Universidad Católica de Chile (UC),CL,Chile,L,93.7,98.0,23.7,8.8,26.0,3.7,82.5,99.9,79.3,61.5,pontificia universidad católica de chile (uc),,,,,,,,,,,,,,
801-850,681-690,Pontificia Universidad Católica de Valparaíso,CL,Chile,L,27.0,24.4,4.7,6.6,11.3,1.6,39.9,8.7,1.6,-,pontificia universidad católica de valparaíso,,,,,,,,,,,,,,
,,,,,,,,,,,,,,,,pontificia universidad católica del ecuador,1935.0,Pontificia Universidad Católica del Ecuador,Ecuador,27807.0,18.3,1%,56 : 44,16.669999999999998,14.2,8.8,16.9,16.1,56.2,2025.0
951-1000,901-950,Pontificia Universidad Católica del Ecuador (PUCE),EC,Ecuador,L,17.3,16.2,11.5,1.3,14.2,1.7,27.1,34.0,1.0,-,pontificia universidad católica del ecuador (puce),,,,,,,,,,,,,,
359,336,Pontificia Universidad Católica del Perú,PE,Peru,L,48.4,61.6,33.2,1.6,4.0,1.3,38.1,33.0,29.6,31.9,pontificia universidad católica del perú,,,,,,,,,,,,,,
377,347,Pontificia Universidad Javeriana,CO,Colombia,L,45.3,56.6,26.3,1.6,3.4,2.5,42.2,78.3,11.3,31.1,pontificia universidad javeriana,,,,,,,,,,,,,,
1401+,1401+,Pontificia Universidade Católica do Campinas - PUC Campinas,BR,Brazil,M,4.2,3.8,7.0,2.0,1.8,1.2,2.3,1.9,1.0,-,pontificia universidade católica do campinas - puc campinas,,,,,,,,,,,,,,
1401+,1401+,Pontifícia Universidade Católica de Minas Gerais – PUC Minas,BR,Brazil,XL,4.9,4.6,1.9,1.5,1.9,1.1,8.3,9.4,1.0,-,pontifícia universidade católica de minas gerais – puc minas,,,,,,,,,,,,,,
1001-1200,1001-1200,Pontifícia Universidade Católica de São Paulo,BR,Brazil,M,10.1,14.8,37.6,1.2,3.8,1.2,1.8,34.1,1.0,-,pontifícia universidade católica de são paulo,,,,,,,,,,,,,,
1401+,1401+,Pontifícia Universidade Católica do Paraná,BR,Brazil,M,4.1,2.9,7.6,3.9,1.8,1.3,28.9,3.9,1.4,-,pontifícia universidade católica do paraná,1344.0,Pontifícia Universidade Católica do Paraná,Brazil,11675.0,13.8,1%,55 : 45,28.027,24.8,13.5,42.2,44.9,31.2,2025.0
611-620,595,Pontifícia Universidade Católica do Rio de Janeiro,BR,Brazil,M,32.4,16.2,10.8,7.5,12.6,1.6,44.5,68.0,5.4,-,pontifícia universidade católica do rio de janeiro,,,,,,,,,,,,,,
1201-1400,1201-1400,Pontifícia Universidade Católica do Rio Grande do Sul (PUCRS),BR,Brazil,M,6.3,3.9,12.3,9.4,2.6,1.7,30.5,9.2,1.1,-,pontifícia universidade católica do rio grande do sul (pucrs),,,,,,,,,,,,,,
,,,,,,,,,,,,,,,,port harcourt,1882.0,University of Port Harcourt,Nigeria,33012.0,23.5,0%,54 : 46,18.193,22.7,9.0,18.2,20.6,34.7,2025.0
,,,,,,,,,,,,,,,,port said,1313.0,Port Said University,Egypt,31596.0,34.8,0%,56 : 44,28.5205,13.1,10.0,57.0,27.9,47.2,2025.0
1201-1400,1201-1400,Portland State University,US,United States,L,4.1,1.7,9.3,9.2,1.6,6.1,44.4,9.7,6.8,-,portland state,947.0,Portland State University,United States,17841.0,20.2,6%,58 : 42,35.446,20.7,24.6,58.2,53.2,34.9,2025.0
278,253,University of Porto,PT,Portugal,XL,41.3,17.9,10.8,59.6,6.6,19.8,95.1,39.1,53.1,38.1,porto,443.0,University of Porto,Portugal,37143.0,16.9,19%,55 : 45,47.8355,31.3,36.9,69.8,66.4,57.4,2025.0
631-640,502,University of Portsmouth,UK,United Kingdom,L,8.1,7.3,8.6,15.1,74.0,85.3,75.4,8.9,21.1,-,portsmouth,439.0,University of Portsmouth,United Kingdom,22700.0,15.8,32%,48 : 52,47.968,23.8,20.0,86.6,50.3,95.4,2025.0
,,,,,,,,,,,,,,,,potsdam,225.0,University of Potsdam,Germany,13297.0,34.9,15%,57 : 43,57.39,37.7,45.2,81.8,91.2,66.3,2025.0
1001-1200,1001-1200,Pozna? University of Technology,PL,Poland,L,7.8,6.8,31.6,6.3,2.3,5.7,44.9,5.2,1.4,-,pozna? technology,,,,,,,,,,,,,,
851-900,801-850,Poznan University of Life Sciences,PL,Poland,M,5.6,2.2,94.3,6.4,1.9,7.9,31.0,3.3,1.1,-,poznan life sciences,,,,,,,,,,,,,,
,,,,,,,,,,,,,,,,poznan medical sciences,1242.0,Poznan University of Medical Sciences,Poland,7450.0,5.9,12%,73 : 27,29.8495,27.7,13.7,44.5,42.5,35.4,2025.0
,,,,,,,,,,,,,,,,poznan technology,1479.0,Poznan University of Technology,Poland,14071.0,12.8,8%,32 : 68,25.5935,22.1,14.3,35.9,47.3,30.2,2025.0
,,,,,,,,,,,,,,,,poznań life sciences,1375.0,Poznań University of Life Sciences,Poland,6044.0,8.4,9%,59 : 41,27.512,25.8,12.6,42.4,30.8,30.6,2025.0
,,,,,,,,,,,,,,,,prague economics and business,1697.0,Prague University of Economics and Business,Czech Republic,14565.0,29.2,31%,53 : 47,21.989,16.2,15.0,27.4,20.0,51.2,2025.0
354,323,University of Pretoria,ZA,South Africa,XL,23.9,48.8,4.0,15.5,33.3,8.2,98.1,80.1,79.6,32.2,pretoria,610.0,University of Pretoria,South Africa,35826.0,20.3,6%,60 : 40,42.8495,29.8,34.3,56.4,64.1,61.7,2025.0
1201-1400,1001-1200,University of Primorska,SI,Slovenia,M,3.7,2.5,8.9,4.1,25.0,26.4,46.3,4.2,1.0,-,primorska,1624.0,University of Primorska,Slovenia,5745.0,14.2,20%,77 : 23,23.2485,19.4,16.9,24.1,23.3,59.5,2025.0
513,590,Prince Mohammad Bin Fahd university,SA,Saudi Arabia,S,20.3,23.0,23.1,27.8,100.0,18.8,23.3,2.8,1.2,23.7,prince mohammad bin fahd,273.0,Prince Mohammad Bin Fahd University,Saudi Arabia,2462.0,10.9,17%,47 : 53,54.769000000000005,39.1,37.3,79.2,46.0,90.9,2025.0
951-1000,901-950,Prince of Songkla University,TH,Thailand,XL,21.6,5.6,16.4,3.3,5.3,1.9,40.3,3.9,24.2,-,prince of songkla,1397.0,Prince of Songkla University,Thailand,33413.0,12.9,2%,69 : 31,27.134999999999994,24.3,15.3,35.8,48.3,38.1,2025.0
,,,,,,,,,,,,,,,,prince sattam bin abdulaziz,656.0,Prince Sattam Bin Abdulaziz University,Saudi Arabia,26566.0,11.7,2%,64 : 36,41.6165,22.4,14.3,80.7,23.6,76.1,2025.0
681-690,,Prince Sultan University,SA,Saudi Arabia,S,6.5,5.3,14.7,31.7,100.0,13.9,54.3,11.0,3.6,-,prince sultan,,,,,,,,,,,,,,
,,,,,,,,,,,,,,,,prince sultan (psu),446.0,Prince Sultan University (PSU),Saudi Arabia,5407.0,14.0,10%,56 : 44,47.7515,21.1,22.8,90.5,35.5,84.6,2025.0
681-690,661-670,Princess Nourah bint Abdulrahman University,SA,Saudi Arabia,L,16.6,14.8,18.9,2.5,94.5,38.4,64.0,2.3,3.1,-,princess nourah bint abdulrahman,531.0,Princess Nourah bint Abdulrahman University,Saudi Arabia,21785.0,12.3,19%,100 : 0,44.822,27.0,19.8,76.3,32.0,92.6,2025.0
901-950,901-950,Princess Sumaya University for Technology,JO,Jordan,S,9.1,25.3,11.9,5.1,47.3,50.0,6.0,5.1,1.2,-,princess sumaya for technology,,,,,,,,,,,,,,
22,17,Princeton University,US,United States,M,99.8,98.3,57.0,100.0,9.6,56.6,78.3,95.7,51.5,85.5,princeton,4.0,Princeton University,United States,8378.0,7.8,23%,47 : 53,97.5195,98.3,98.0,98.9,96.9,87.4,2025.0
,,,,,,,,,,,,,,,,prishtina,1916.0,University of Prishtina,Kosovo,25323.0,26.8,1%,68 : 32,17.190999999999995,12.7,11.7,22.8,20.1,32.1,2025.0
,,,,,,,,,,,,,,,,privolzhsky research medical,1967.0,Privolzhsky Research Medical University,Russian Federation,5383.0,7.3,31%,66 : 34,15.932,25.1,9.8,5.7,19.7,42.5,2025.0
,,,,,,,,,,,,,,,,psg college of technology,1793.0,PSG College of Technology,India,7893.0,13.6,0%,37 : 63,20.0265,18.3,9.7,30.2,35.5,17.8,2025.0
,,,,,,,,,,,,,,,,public navarre,1116.0,Public University of Navarre,Spain,8413.0,11.5,7%,52 : 48,32.1545,24.4,15.1,51.8,39.5,46.1,2025.0
,,,,,,,,,,,,,,,,puerto rico,1412.0,University of Puerto Rico,Puerto Rico,38978.0,13.2,1%,53 : 47,26.9175,24.3,10.7,39.0,34.4,47.6,2025.0
1201-1400,1201-1400,Pukyong National University ,KR,South Korea,L,5.7,3.1,12.7,7.0,6.2,7.1,32.3,1.6,28.4,-,pukyong national,1401.0,Pukyong National University,South Korea,16635.0,14.5,8%,47 : 53,27.087499999999995,27.2,16.2,33.3,46.2,33.7,2025.0
570,741-750,University of the Punjab,PK,Pakistan,XL,15.6,52.2,4.5,11.6,3.2,1.3,62.2,81.4,4.3,21.8,punjab,905.0,University of the Punjab,Pakistan,30994.0,23.7,1%,57 : 43,36.2355,27.5,15.1,63.5,26.6,48.4,2025.0
89,99,Purdue University,US,United States,XL,63.3,81.1,11.4,54.3,79.6,45.2,92.9,63.1,90.1,61.7,purdue,,,,,,,,,,,,,,
,,,,,,,,,,,,,,,,purdue west lafayette,79.0,Purdue University West Lafayette,United States,41612.0,18.7,20%,42 : 58,69.94400000000002,63.0,68.9,73.8,86.2,77.2,2025.0
524,611-620,Pusan National University,KR,South Korea,L,18.7,16.5,43.5,19.5,10.5,13.7,57.7,13.8,65.0,23.4,pusan national,579.0,Pusan National University,South Korea,17421.0,17.0,11%,53 : 47,43.839,38.7,39.0,47.8,93.0,40.7,2025.0
,,,,,,,,,,,,,,,,pécs,1017.0,University of Pécs,Hungary,15401.0,14.5,24%,59 : 41,33.9135,40.9,18.7,35.2,39.0,57.4,2025.0
781-790,901-950,Qassim University,SA,Saudi Arabia,XL,10.6,5.0,33.9,1.8,98.3,7.9,68.3,2.4,9.3,-,qassim,771.0,Qassim University,Saudi Arabia,35951.0,9.5,8%,66 : 34,38.7425,35.8,23.1,48.3,22.0,81.5,2025.0
122,173,Qatar University,QA,Qatar,M,29.8,50.6,68.1,48.2,100.0,96.5,89.4,98.6,74.0,55.7,qatar,246.0,Qatar University,Qatar,9701.0,8.5,36%,,56.1335,31.0,37.4,87.5,69.0,95.1,2025.0
,,,,,,,,,,,,,,,,qazvin medical sciences,725.0,Qazvin University of Medical Sciences,Iran,584.0,1.9,3%,56 : 44,39.8535,39.1,12.1,72.9,21.0,28.0,2025.0
,,,,,,,,,,,,,,,,qingdao,726.0,Qingdao University,China,41848.0,15.4,2%,51 : 49,39.8395,17.4,18.6,84.0,58.0,23.9,2025.0
,,,,,,,,,,,,,,,,qom,1560.0,University of Qom,Iran,11223.0,38.4,30%,43 : 57,24.3755,23.4,12.5,31.6,20.5,47.3,2025.0
,,,,,,,,,,,,,,,,qom medical sciences,1363.0,Qom University of Medical Sciences,Iran,2555.0,9.5,5%,55 : 45,27.708,36.7,11.3,36.3,22.3,24.3,2025.0
315,315,Quaid-i-Azam University,PK,Pakistan,M,17.3,42.4,3.2,93.6,7.0,1.9,65.0,21.0,3.4,34.8,quaid-i-azam,474.0,Quaid-i-Azam University,Pakistan,10991.0,18.4,2%,46 : 54,46.7845,31.6,23.6,84.4,26.9,56.3,2025.0
951-1000,851-900,"Queen Margaret University , Edinburgh",UK,United Kingdom,S,3.5,4.3,5.2,18.3,59.9,73.3,3.3,1.4,1.0,-,"queen margaret , edinburgh",,,,,,,,,,,,,,
120,145,Queen Mary University of London,UK,United Kingdom,L,48.3,36.9,30.4,62.8,99.5,99.2,92.5,21.4,95.6,55.8,queen mary london,141.0,Queen Mary University of London,United Kingdom,25110.0,15.7,47%,54 : 46,62.2965,36.1,42.3,97.1,72.5,98.0,2025.0
193,209,Queen's University at Kingston,CA,Canada,L,40.8,56.7,5.4,42.6,69.2,26.6,71.2,87.1,93.8,46.8,queen's at kingston,,,,,,,,,,,,,,
206,202,Queen's University Belfast,UK,United Kingdom,L,35.4,33.6,28.6,40.6,100.0,98.2,92.8,9.9,88.9,45.7,queen's belfast,,,,,,,,,,,,,,
40,43,The University of Queensland,AU,Australia,XL,86.7,74.0,21.2,90.2,100.0,100.0,96.7,56.7,96.7,80.2,queensland,77.0,The University of Queensland,Australia,41249.0,37.6,42%,55 : 45,70.285,50.8,61.9,87.8,99.7,93.6,2025.0
,,,,,,,,,,,,,,,,queensland technology,224.0,Queensland University of Technology,Australia,32490.0,35.9,14%,54 : 46,57.5025,33.1,40.0,88.7,86.7,80.8,2025.0
213,189,Queensland University of Technology (QUT),AU,Australia,XL,39.8,33.1,8.1,59.9,97.9,20.7,83.4,19.0,89.4,44.7,queensland technology (qut),,,,,,,,,,,,,,
,,,,,,,,,,,,,,,,queen’s,318.0,Queen’s University,Canada,28034.0,26.5,17%,58 : 42,52.6555,35.0,36.4,76.2,79.8,76.3,2025.0
,,,,,,,,,,,,,,,,queen’s belfast,207.0,Queen’s University Belfast,United Kingdom,21110.0,16.6,43%,58 : 42,58.3625,35.2,37.8,89.8,67.6,98.3,2025.0
,,,,,,,,,,,,,,,,r v college of engineering,1811.0,R V College of Engineering,India,6014.0,16.9,0%,27 : 73,19.7715,27.5,10.1,21.4,27.0,16.4,2025.0
272,222,Radboud University ,NL,Netherlands,L,28.0,14.1,27.0,66.0,81.3,18.6,93.9,19.6,39.8,38.4,radboud,,,,,,,,,,,,,,
,,,,,,,,,,,,,,,,radboud nijmegen,144.0,Radboud University Nijmegen,Netherlands,23582.0,17.5,13%,58 : 42,62.22899999999999,38.4,50.4,90.4,81.0,79.0,2025.0
1201-1400,1401+,Rajshahi University,BD,Bangladesh,L,10.4,9.8,3.9,3.0,1.0,1.1,16.4,3.7,1.1,-,rajshahi,1024.0,University of Rajshahi,Bangladesh,22189.0,21.2,0%,35 : 65,33.758,14.8,9.7,75.7,20.6,40.6,2025.0
,,,,,,,,,,,,,,,,rajshahi engineering and technology,1324.0,Rajshahi University of Engineering and Technology,Bangladesh,6148.0,16.4,0%,28 : 72,28.374,14.1,8.7,61.4,18.6,33.7,2025.0
,,,,,,,,,,,,,,,,razi,1311.0,Razi University,Iran,11014.0,23.6,4%,60 : 40,28.567499999999995,27.1,15.5,40.3,48.7,27.2,2025.0
,,,,,,,,,,,,,,,,rcsi medicine and health sciences,268.0,RCSI University of Medicine and Health Sciences,Ireland,2844.0,24.5,67%,,54.92,32.0,36.6,82.6,80.4,91.6,2025.0
172,169,University of Reading,UK,United Kingdom,L,32.2,41.7,13.1,65.7,86.2,78.6,91.7,47.8,94.0,49.9,reading,209.0,University of Reading,United Kingdom,15500.0,15.8,31%,55 : 45,58.3435,38.6,38.5,86.6,66.6,95.3,2025.0
,,,,,,,,,,,,,,,,recep tayyip erdoğan,1772.0,Recep Tayyip Erdoğan University,Turkey,13047.0,17.1,4%,72 : 28,20.466,17.7,10.4,32.8,17.9,22.3,2025.0
951-1000,1001-1200,University of Regina,CA,Canada,L,3.3,2.5,3.9,21.0,7.3,38.3,39.1,4.1,44.6,-,regina,806.0,University of Regina,Canada,13245.0,24.0,27%,63 : 37,38.11449999999999,18.6,20.4,66.5,37.6,70.1,2025.0
,,,,,,,,,,,,,,,,reichman,998.0,Reichman University,Israel,8920.0,37.0,29%,52 : 48,34.506,13.6,18.0,63.3,41.6,61.6,2025.0
621-630,556,Renmin (People's) University of China,CN,China (Mainland),L,19.5,37.3,16.3,7.9,6.6,4.9,24.3,81.2,9.7,-,renmin (people's) china,,,,,,,,,,,,,,
,,,,,,,,,,,,,,,,rennes 1,752.0,University of Rennes 1,France,27656.0,18.5,11%,54 : 46,39.184000000000005,33.1,20.4,53.2,71.4,62.5,2025.0
601-610,494,Rensselaer Polytechnic Institute,US,United States,M,8.0,8.4,19.7,56.6,3.7,29.9,25.0,31.4,2.8,-,rensselaer polytechnic institute,479.0,Rensselaer Polytechnic Institute,United States,7141.0,16.3,19%,31 : 69,46.6945,35.6,29.6,60.6,90.4,77.5,2025.0
,,,,,,,,,,,,,,,,reshetnev siberian state science and technology,1750.0,Reshetnev Siberian State University of Science and Technology,Russian Federation,15638.0,18.1,3%,39 : 61,21.066,21.3,7.6,32.4,33.4,20.3,2025.0
,,,,,,,,,,,,,,,,reva,1572.0,REVA University,India,15190.0,20.5,1%,33 : 67,24.1115,14.0,8.5,50.7,19.6,20.3,2025.0
,,,,,,,,,,,,,,,,reykjavík,868.0,Reykjavík University,Iceland,2979.0,23.9,6%,44 : 56,36.935,17.1,25.0,62.8,29.7,61.5,2025.0
227,239,Rheinische Friedrich-Wilhelms-Universität Bonn,DE,Germany,L,52.8,24.1,62.7,17.2,44.3,38.9,94.7,35.4,83.2,43.5,rheinische friedrich-wilhelms-universität bonn,,,,,,,,,,,,,,
1001-1200,1001-1200,University of Rhode Island ,US,United States,L,5.6,3.5,6.7,16.2,5.2,2.6,48.9,11.8,54.1,-,rhode island,814.0,University of Rhode Island,United States,15800.0,17.2,3%,58 : 42,37.875,27.8,21.5,58.1,51.6,52.6,2025.0
951-1000,901-950,Rhodes University ,ZA,South Africa,M,6.3,7.7,12.9,12.6,,33.2,54.5,35.5,2.9,-,rhodes,,,,,,,,,,,,,,
141,145,Rice University,US,United States,M,39.1,27.3,62.5,87.9,77.5,94.1,62.2,29.5,20.6,53.6,rice,113.0,Rice University,United States,7994.0,10.5,30%,43 : 57,65.43350000000001,55.1,46.1,88.4,72.5,85.2,2025.0
951-1000,901-950,Riga Stradins University,LV,Latvia,M,6.1,13.4,14.1,1.9,22.3,90.8,15.1,11.4,1.1,-,riga stradins,,,,,,,,,,,,,,
,,,,,,,,,,,,,,,,riga stradiņš,1520.0,Riga Stradiņš University,Latvia,8225.0,22.4,32%,75 : 25,24.8925,17.5,15.7,31.0,24.3,65.4,2025.0
721-730,751-760,Riga Technical University,LV,Latvia,M,11.5,26.8,22.0,3.0,15.7,72.0,29.9,35.0,6.8,-,riga technical,1153.0,Riga Technical University,Latvia,10907.0,31.3,26%,35 : 65,31.351,25.9,24.1,32.9,52.6,63.3,2025.0
1201-1400,1201-1400,University of Rijeka,HR,Croatia,L,6.1,4.3,13.8,4.3,2.5,1.8,45.8,12.0,2.9,-,rijeka,1578.0,University of Rijeka,Croatia,12999.0,15.5,3%,59 : 41,23.9355,19.7,18.4,31.2,31.7,28.8,2025.0
1201-1400,1201-1400,Rikkyo University,JP,Japan,L,4.0,9.6,8.2,2.1,23.7,5.6,13.7,5.8,1.2,-,rikkyo,1504.0,Rikkyo University,Japan,19610.0,14.3,4%,55 : 45,25.13,18.9,9.4,38.9,20.4,57.9,2025.0
,,,,,,,,,,,,,,,,riphah international,1046.0,Riphah International University,Pakistan,26155.0,17.3,0%,55 : 45,33.436,14.7,10.0,72.8,17.3,48.9,2025.0
641-650,631-640,Ritsumeikan University,JP,Japan,XL,16.6,55.7,7.8,3.1,28.4,9.6,30.9,3.9,39.5,-,ritsumeikan,1581.0,Ritsumeikan University,Japan,35421.0,17.7,9%,37 : 63,23.9285,20.1,14.8,26.0,60.3,46.6,2025.0
901-950,801-850,Ritsumeikan Asia Pacific University,JP,Japan,M,6.1,8.3,2.6,2.5,99.9,99.4,3.7,1.9,1.0,-,ritsumeikan asia pacific,,,,,,,,,,,,,,
123,140,RMIT University,AU,Australia,XL,40.4,48.0,5.2,77.7,100.0,91.4,83.2,38.4,93.9,55.5,rmit,258.0,RMIT University,Australia,32149.0,23.8,35%,49 : 51,55.5025,34.0,36.5,82.8,77.0,92.9,2025.0
901-950,901-950,Robert Gordon University,UK,United Kingdom,M,3.7,11.5,5.6,5.3,62.6,74.1,35.8,5.6,5.8,-,robert gordon,944.0,Robert Gordon University,United Kingdom,10040.0,19.7,29%,61 : 39,35.5225,17.2,13.4,61.4,38.0,88.3,2025.0
236,224,University of Rochester,US,United States,M,22.6,20.8,99.1,33.6,63.9,93.8,64.3,40.4,63.7,42.3,rochester,127.0,University of Rochester,United States,10470.0,8.3,37%,51 : 49,63.9025,50.8,44.5,87.8,91.6,80.1,2025.0
,,,,,,,,,,,,,,,,rochester institute of technology,769.0,Rochester Institute of Technology,United States,14757.0,16.1,12%,36 : 64,38.7665,23.0,20.8,66.4,61.3,47.7,2025.0
1001-1200,1001-1200,Rochester Institute of Technology (RIT),US,United States,L,7.2,10.7,19.2,6.3,4.7,16.1,36.8,9.0,34.5,-,rochester institute of technology (rit),,,,,,,,,,,,,,
,,,,,,,,,,,,,,,,roehampton,852.0,University of Roehampton,United Kingdom,8700.0,19.6,45%,64 : 36,37.271,22.1,21.8,55.9,29.3,86.5,2025.0
393,489,"University of Rome ""Tor Vergata""",IT,Italy,L,31.3,15.4,9.0,47.2,9.6,30.8,69.1,6.3,57.7,29.9,"rome ""tor vergata""",,,,,,,,,,,,,,
,,,,,,,,,,,,,,,,rome ii – tor vergata,324.0,University of Rome II – Tor Vergata,Italy,17756.0,24.1,21%,60 : 40,52.491,40.0,36.4,72.1,85.5,67.8,2025.0
,,,,,,,,,,,,,,,,rome iii,855.0,University of Rome III,Italy,33599.0,45.0,5%,61 : 39,37.17399999999999,25.5,26.5,54.8,58.1,42.7,2025.0
,,,,,,,,,,,,,,,,roskilde,588.0,Roskilde University,Denmark,5637.0,15.0,17%,65 : 35,43.6205,21.7,34.1,67.0,76.5,55.6,2025.0
,,,,,,,,,,,,,,,,rouen normandie,1288.0,University of Rouen Normandie,France,31760.0,24.9,14%,60 : 40,29.113,22.8,13.7,40.1,50.1,58.4,2025.0
,,,,,,,,,,,,,,,,rovira i virgili,639.0,Rovira i Virgili University,Spain,13971.0,13.1,13%,60 : 40,42.076,28.2,25.2,66.0,54.1,59.8,2025.0
,,,,,,,,,,,,,,,,rowan,1172.0,Rowan University,United States,17115.0,13.5,4%,49 : 51,31.047,29.0,12.7,47.8,38.6,39.0,2025.0
477,413,Royal Holloway University of London,UK,United Kingdom,M,14.9,5.7,13.0,27.2,94.1,86.9,73.2,7.2,19.7,25.1,royal holloway london,,,,,,,,,,,,,,
,,,,,,,,,,,,,,,,"royal holloway, london",404.0,"Royal Holloway, University of London",United Kingdom,11525.0,15.8,33%,56 : 44,49.1765,31.1,29.3,72.8,65.0,94.2,2025.0
,,,,,,,,,,,,,,,,royal veterinary college,502.0,Royal Veterinary College,United Kingdom,2290.0,10.4,35%,80 : 20,45.9025,30.4,20.0,72.3,59.3,94.3,2025.0
316,342,RUDN University,RU,Russia,L,24.4,48.7,92.0,2.1,8.0,92.2,89.7,10.0,24.0,34.7,rudn,804.0,RUDN University,Russian Federation,26040.0,18.2,33%,58 : 42,38.1715,37.6,26.7,43.1,29.1,69.9,2025.0
,,,,,,,,,,,,,,,,ruhr bochum,348.0,Ruhr University Bochum,Germany,31388.0,18.8,19%,49 : 51,51.1365,35.8,39.3,71.8,74.9,61.9,2025.0
396,375,Ruhr-Universität Bochum,DE,Germany,XL,20.3,8.8,2.5,53.4,48.8,39.3,87.3,16.2,53.5,29.7,ruhr-universität bochum,,,,,,,,,,,,,,
84,87,Ruprecht-Karls-Universität Heidelberg,DE,Germany,L,76.9,59.4,99.4,32.7,54.2,53.6,94.5,25.2,77.6,63.7,ruprecht-karls-universität heidelberg,,,,,,,,,,,,,,
,,,,,,,,,,,,,,,,rush,505.0,Rush University,United States,2926.0,2.5,1%,75 : 25,45.6765,44.0,15.4,78.7,61.7,28.7,2025.0
1001-1200,1001-1200,Russian Presidential Academy of National Economy and Public Administration,RU,Russia,XL,4.9,7.6,47.8,1.1,1.8,2.8,17.7,41.8,1.0,-,russian presidential academy of national economy and public administration,1759.0,Russian Presidential Academy of National Economy and Public Administration,Russian Federation,20090.0,10.8,4%,61 : 39,20.937,26.0,16.6,19.2,24.2,23.0,2025.0
1401+,1201-1400,Russian State Agrarian University - Moscow Timiryazev Agricultural Academy,RU,Russia,L,7.0,4.1,6.4,1.3,1.9,4.4,9.0,5.6,1.2,-,russian state agrarian - moscow timiryazev agricultural academy,,,,,,,,,,,,,,
1401+,1201-1400,Russian State University for the Humanities ,RU,Russia,M,5.1,2.6,14.2,1.2,1.8,4.0,7.5,3.3,1.0,-,russian state for humanities,1981.0,Russian State University for the Humanities,Russian Federation,16624.0,21.6,5%,73 : 27,15.5735,14.6,14.3,15.9,15.8,22.9,2025.0
,,,,,,,,,,,,,,,,russian transport (miit),2007.0,Russian University of Transport (MIIT),Russian Federation,19905.0,20.4,8%,48 : 52,15.1425,15.8,9.4,14.8,34.7,25.7,2025.0
,,,,,,,,,,,,,,,,rutgers – new brunswick,314.0,Rutgers University – New Brunswick,United States,46848.0,11.2,16%,53 : 47,52.8395,44.1,29.9,79.2,69.1,61.8,2025.0
328,299,Rutgers University–New Brunswick,US,United States,XL,36.2,28.1,46.3,12.8,18.0,28.2,78.0,25.7,95.4,33.8,rutgers–new brunswick,,,,,,,,,,,,,,
801-850,771-780,Rutgers University–Newark,US,United States,M,10.1,4.9,17.5,17.6,25.3,32.7,27.9,36.9,29.3,-,rutgers–newark,,,,,,,,,,,,,,
,,,,,,,,,,,,,,,,rwanda,1856.0,University of Rwanda,Rwanda,30176.0,22.6,3%,38 : 62,18.7615,13.4,13.6,19.1,19.8,57.9,2025.0
99,106,RWTH Aachen University,DE,Germany,XL,46.6,93.7,6.3,71.9,48.6,85.5,86.1,33.4,84.8,59.9,rwth aachen,92.0,RWTH Aachen University,Germany,29050.0,37.1,31%,35 : 65,67.191,53.9,64.2,78.0,100.0,70.3,2025.0
,,,,,,,,,,,,,,,,ryukoku,1993.0,Ryukoku University,Japan,15560.0,27.5,3%,37 : 63,15.3915,15.5,10.7,14.3,24.9,32.4,2025.0
,,,,,,,,,,,,,,,,ryukyus,1610.0,University of the Ryukyus,Japan,7563.0,9.4,3%,39 : 61,23.4665,25.4,13.5,25.4,38.4,38.7,2025.0
1201-1400,1201-1400,University of Rzeszów,PL,Poland,L,5.2,1.8,15.1,2.7,,1.7,28.3,3.0,1.0,-,rzeszów,,,,,,,,,,,,,,
,,,,,,,,,,,,,,,,rzeszów technology,1796.0,Rzeszów University of Technology,Poland,10335.0,12.9,1%,39 : 61,19.922500000000003,19.8,9.6,28.2,23.5,25.3,2025.0
951-1000,901-950,S.D. Asfendiyarov Kazakh National Medical University,KZ,Kazakhstan,M,6.7,4.2,59.7,1.1,10.4,64.7,3.9,3.4,1.1,-,s.d. asfendiyarov kazakh national medical,,,,,,,,,,,,,,
516,526,Sabanci University,TR,Turkey,S,19.5,44.6,38.2,19.4,32.0,14.2,25.9,7.2,7.9,23.6,sabanci,,,,,,,,,,,,,,
,,,,,,,,,,,,,,,,sabancı,355.0,Sabancı University,Turkey,3738.0,19.9,11%,37 : 63,50.98899999999999,31.0,38.4,72.6,97.2,67.2,2025.0
,,,,,,,,,,,,,,,,sadat city,1241.0,University of Sadat City,Egypt,31527.0,48.7,1%,48 : 52,29.8555,14.6,9.1,61.5,18.3,49.7,2025.0
,,,,,,,,,,,,,,,,saga,1629.0,Saga University,Japan,6494.0,9.8,2%,41 : 59,23.18,25.9,15.2,22.5,62.1,25.3,2025.0
,,,,,,,,,,,,,,,,sahand technology,1141.0,Sahand University of Technology,Iran,5400.0,27.3,2%,43 : 57,31.704,27.8,14.7,51.5,47.5,25.2,2025.0
711-720,631-640,Saint Joseph University of Beirut (USJ) ,LB,Lebanon,M,8.2,16.4,50.7,2.4,91.3,25.8,13.1,33.4,1.4,-,saint joseph beirut (usj),,,,,,,,,,,,,,
,,,,,,,,,,,,,,,,saint louis,486.0,Saint Louis University,United States,11075.0,7.3,6%,61 : 39,46.4795,42.7,17.9,76.9,60.3,42.8,2025.0
1001-1200,951-1000,Saint Petersburg Electrotechnical University ETU-LETI,RU,Russia,M,5.4,3.6,46.4,1.8,4.2,46.3,14.6,5.6,1.1,-,saint petersburg electrotechnical etu-leti,,,,,,,,,,,,,,
365,315,Saint Petersburg State University,RU,Russia,L,36.3,30.5,59.4,4.6,4.9,38.9,83.9,71.7,3.2,31.6,saint petersburg state,,,,,,,,,,,,,,
,,,,,,,,,,,,,,,,saint petersburg state pediatric medical,1996.0,Saint Petersburg State Pediatric Medical University,Russian Federation,7066.0,12.0,15%,65 : 35,15.358,24.0,10.5,6.7,17.2,33.8,2025.0
1001-1200,1001-1200,Saint-Petersburg Mining University,RU,Russia,M,3.6,3.2,64.1,2.1,21.1,29.3,6.5,8.0,1.1,-,saint-petersburg mining,,,,,,,,,,,,,,
,,,,,,,,,,,,,,,,saints cyril and methodius in skopje,1770.0,Saints Cyril and Methodius University in Skopje,North Macedonia,26734.0,13.6,1%,63 : 37,20.616,19.3,10.2,25.3,32.3,41.1,2025.0
1201-1400,1201-1400,Saitama University,JP,Japan,M,4.9,1.6,11.5,6.8,9.7,4.9,18.1,1.8,1.1,-,saitama,1712.0,Saitama University,Japan,8312.0,15.3,6%,32 : 68,21.727,21.6,16.1,18.5,51.9,40.8,2025.0
,,,,,,,,,,,,,,,,saitama medical,1432.0,Saitama Medical University,Japan,1895.0,1.3,0%,52 : 48,26.5025,27.2,10.7,40.8,43.7,18.5,2025.0
1401+,1401+,Sakarya University,TR,Turkey,XL,4.6,3.1,3.1,3.3,1.4,11.3,27.6,1.9,2.7,-,sakarya,1505.0,Sakarya University,Turkey,38659.0,23.8,9%,51 : 49,25.098000000000003,16.1,10.9,45.9,27.5,30.9,2025.0
1201-1400,1201-1400,Saken Seifullin Kazakh Agrotechnical University,KZ,Kazakhstan,M,9.7,9.3,27.8,1.2,10.1,4.2,2.6,3.4,2.0,-,saken seifullin kazakh agrotechnical,,,,,,,,,,,,,,
,,,,,,,,,,,,,,,,salahaddin–erbil,1280.0,Salahaddin University–Erbil,Iraq,35896.0,15.8,1%,39 : 61,29.191,17.8,7.9,61.0,16.6,35.8,2025.0
539,534,University of Salamanca,ES,Spain,L,26.9,14.6,26.0,6.2,6.9,14.9,80.0,23.4,69.5,22.8,salamanca,889.0,University of Salamanca,Spain,25098.0,14.6,16%,61 : 39,36.5175,31.4,23.1,48.8,44.2,55.3,2025.0
,,,,,,,,,,,,,,,,salento,924.0,University of Salento,Italy,14383.0,22.6,2%,63 : 37,35.909499999999994,26.0,20.7,59.0,49.1,34.3,2025.0
801-850,801-850,University of Salerno,IT,Italy,L,8.6,2.4,5.6,37.1,3.3,1.6,87.4,4.0,19.2,-,salerno,581.0,University of Salerno,Italy,19060.0,24.1,3%,57 : 43,43.782,30.6,26.9,72.5,59.6,37.6,2025.0
901-950,851-900,University of Salford,UK,United Kingdom,L,6.8,3.9,6.4,6.9,36.7,69.8,63.6,9.6,5.8,-,salford,840.0,University of Salford,United Kingdom,20825.0,21.3,27%,55 : 45,37.4615,19.7,15.3,62.5,53.7,84.2,2025.0
1001-1200,901-950,Samara National Research University (Samara University),RU,Russia,M,4.1,2.2,75.4,2.1,2.2,12.3,17.0,9.1,1.2,-,samara national research (samara),1739.0,Samara National Research University (Samara University),Russian Federation,9266.0,10.4,11%,47 : 53,21.19,26.9,14.1,18.1,30.2,33.7,2025.0
,,,,,,,,,,,,,,,,samara state medical,1797.0,Samara State Medical University,Russian Federation,7568.0,10.0,11%,70 : 30,19.914,42.0,9.8,4.6,24.8,30.8,2025.0
,,,,,,,,,,,,,,,,samara state technical,2067.0,Samara State Technical University,Russian Federation,12810.0,16.4,5%,38 : 62,13.2645,16.5,9.9,8.6,32.4,22.0,2025.0
1401+,1201-1400,University of San Carlos,PH,Philippines,M,7.2,9.4,3.3,1.8,2.1,2.1,6.4,9.6,1.0,-,san carlos,,,,,,,,,,,,,,
1201-1400,1201-1400,University of San Diego,US,United States,M,6.2,7.0,25.5,2.7,3.1,6.8,5.5,12.2,1.0,-,san diego,,,,,,,,,,,,,,
1001-1200,1001-1200,San Diego State University,US,United States,XL,5.4,3.0,3.3,14.3,5.2,3.5,68.7,15.8,9.4,-,san diego state,1029.0,San Diego State University,United States,31770.0,26.8,5%,58 : 42,33.7015,22.1,12.4,62.1,56.4,36.0,2025.0
1201-1400,1001-1200,University of San Francisco,US,United States,M,5.9,4.4,18.7,3.6,2.3,20.2,6.0,29.5,1.2,-,san francisco,,,,,,,,,,,,,,
1201-1400,1201-1400,San Francisco State University,US,United States,L,4.5,3.1,5.7,4.0,3.4,5.0,35.6,7.6,1.7,-,san francisco state,,,,,,,,,,,,,,
,,,,,,,,,,,,,,,,sannio,979.0,University of Sannio,Italy,2685.0,12.9,3%,49 : 51,34.729499999999994,27.2,15.4,60.9,44.3,29.3,2025.0
,,,,,,,,,,,,,,,,santiago de compostela,802.0,University of Santiago de Compostela,Spain,24832.0,14.3,8%,62 : 38,38.2155,30.2,21.7,58.7,44.9,48.1,2025.0
,,,,,,,,,,,,,,,,"santiago, chile (usach)",1703.0,"University of Santiago, Chile (USACH)",Chile,25210.0,19.8,3%,45 : 55,21.9605,16.0,15.1,27.5,28.1,46.5,2025.0
851-900,801-850,University of Santo Tomas,PH,Philippines,XL,12.8,39.9,12.5,1.3,34.9,5.8,18.1,14.1,2.4,-,santo tomas,1557.0,University of Santo Tomas,Philippines,34837.0,13.3,7%,52 : 48,24.38,19.8,9.7,33.6,20.4,64.4,2025.0
,,,,,,,,,,,,,,,,sant’anna school of advanced studies – pisa,206.0,Sant’Anna School of Advanced Studies – Pisa,Italy,838.0,7.4,23%,40 : 60,58.4275,49.9,39.5,80.2,92.3,60.0,2025.0
132,134,Sapienza University of Rome,IT,Italy,XL,80.7,48.5,5.0,45.3,3.1,8.0,97.1,88.0,72.3,54.2,sapienza rome,186.0,Sapienza University of Rome,Italy,64504.0,27.6,7%,61 : 39,59.51,53.4,50.8,73.7,93.0,42.6,2025.0
,,,,,,,,,,,,,,,,sapporo medical,1420.0,Sapporo Medical University,Japan,1318.0,3.3,0%,45 : 55,26.745,30.9,13.2,34.1,56.1,17.7,2025.0
1001-1200,1201-1400,University of Sarajevo ,BA,Bosnia and Herzegovina,L,4.4,1.6,4.6,1.9,,2.8,46.5,83.6,1.0,-,sarajevo,1860.0,University of Sarajevo,Bosnia and Herzegovina,22458.0,13.5,4%,65 : 35,18.6635,20.2,11.2,20.8,26.6,28.7,2025.0
,,,,,,,,,,,,,,,,sargodha,1146.0,University of Sargodha,Pakistan,21945.0,29.0,0%,57 : 43,31.601,19.8,12.9,58.7,19.1,48.6,2025.0
340,345,University of Saskatchewan,CA,Canada,L,11.1,5.3,18.2,57.0,77.3,49.5,82.3,32.1,90.7,33.2,saskatchewan,374.0,University of Saskatchewan,Canada,18056.0,18.4,22%,55 : 45,50.2495,39.2,34.0,63.9,94.2,78.5,2025.0
,,,,,,,,,,,,,,,,sassari,666.0,University of Sassari,Italy,13635.0,32.9,2%,63 : 37,41.382,32.5,26.2,63.9,48.6,41.1,2025.0
405,481,Satbayev University,KZ,Kazakhstan,M,27.8,43.4,88.1,1.2,66.7,16.9,15.0,23.6,3.8,29.3,satbayev,1725.0,Satbayev University,Kazakhstan,8800.0,13.4,14%,52 : 48,21.4705,22.7,13.9,12.6,29.7,77.0,2025.0
,,,,,,,,,,,,,,,,sathyabama institute of science and technology,1356.0,Sathyabama Institute of Science and Technology,India,16555.0,11.9,4%,50 : 50,27.885,31.1,10.1,42.6,21.6,28.5,2025.0
1201-1400,1001-1200,Sathyabama Institute of Science and Technology (deemed to be university),IN,India,L,6.8,3.7,24.8,4.3,5.3,3.5,17.0,1.9,3.1,-,sathyabama institute of science and technology (deemed to be),,,,,,,,,,,,,,
,,,,,,,,,,,,,,,,saudi electronic,1210.0,Saudi Electronic University,Saudi Arabia,35869.0,41.3,5%,44 : 56,30.476,9.9,8.9,62.2,17.8,74.7,2025.0
,,,,,,,,,,,,,,,,saveetha institute of medical and technical sciences,454.0,Saveetha Institute of Medical and Technical Sciences,India,12468.0,10.0,7%,48 : 52,47.4635,34.0,16.0,88.6,19.4,72.5,2025.0
951-1000,,Saveetha Institute of Medical and Technical Sciences (deemed to be university),IN,India,L,5.5,2.6,21.1,7.2,87.1,7.2,60.8,1.9,1.7,-,saveetha institute of medical and technical sciences (deemed to be),,,,,,,,,,,,,,
631-640,711-720,Savitribai Phule Pune University,IN,India,M,8.9,18.3,48.8,35.3,1.4,2.5,44.2,14.4,1.8,-,savitribai phule pune,926.0,Savitribai Phule Pune University,India,6004.0,8.7,3%,46 : 54,35.8965,41.5,8.7,60.3,29.9,24.6,2025.0
,,,,,,,,,,,,,,,,savoie mont blanc,943.0,University of Savoie Mont Blanc,France,13962.0,26.9,10%,50 : 50,35.578,16.8,19.8,60.5,53.5,61.2,2025.0
430,436,University of Science and Technology Beijing,CN,China (Mainland),L,11.8,4.2,10.2,99.4,3.1,2.8,56.8,4.9,3.6,27.7,science and technology beijing,,,,,,,,,,,,,,
133,137,University of Science and Technology of China,CN,China (Mainland),L,50.0,23.7,94.7,97.7,11.6,5.1,75.7,31.9,11.9,54.1,science and technology of china,54.0,University of Science and Technology of China,China,20888.0,8.0,5%,,75.48699999999998,72.3,68.1,90.0,98.8,46.1,2025.0
,,,,,,,,,,,,,,,,science and technology of oran mohamed-boudiaf,1994.0,University of Science and Technology of Oran Mohamed-Boudiaf,Algeria,18552.0,9.6,1%,50 : 50,15.366499999999998,24.7,7.2,9.8,17.8,31.2,2025.0
,,,,,,,,,,,,,,,,sciences and technology houari boumediene,1991.0,University of Sciences and Technology Houari Boumediene,Algeria,39888.0,20.0,0%,47 : 53,15.404999999999998,16.5,8.5,15.2,25.0,33.5,2025.0
350,319,Sciences Po ,FR,France,L,16.8,34.8,81.1,2.8,52.7,97.2,31.4,97.7,7.2,32.5,sciences po,641.0,Sciences Po,France,13078.0,44.3,36%,63 : 37,41.996,28.3,26.5,62.7,18.5,85.5,2025.0
,,,,,,,,,,,,,,,,scuola normale superiore di pisa,155.0,Scuola Normale Superiore di Pisa,Italy,674.0,8.0,11%,30 : 70,61.6985,59.5,46.5,82.6,36.4,59.0,2025.0
1201-1400,1201-1400,Seattle University,US,United States,M,5.4,6.4,32.2,2.1,1.5,13.2,6.3,10.1,2.4,-,seattle,,,,,,,,,,,,,,
791-800,771-780,Sechenov University,RU,Russia,L,5.3,5.0,57.4,4.3,9.0,63.0,83.6,1.9,1.0,-,sechenov,1026.0,Sechenov University,Russian Federation,19556.0,10.0,26%,68 : 32,33.7465,31.8,18.5,42.6,46.2,58.3,2025.0
,,,,,,,,,,,,,,,,sefako makgatho health sciences,1274.0,Sefako Makgatho Health Sciences University,South Africa,5554.0,7.3,2%,64 : 36,29.2915,25.4,10.6,48.1,18.3,47.5,2025.0
396,436,Sejong University ,KR,South Korea,L,10.8,16.1,11.9,76.9,23.8,31.2,64.1,1.8,45.9,29.7,sejong,242.0,Sejong University,South Korea,12718.0,20.3,15%,49 : 51,56.28750000000001,31.8,34.9,94.3,83.2,68.9,2025.0
,,,,,,,,,,,,,,,,selçuk,1166.0,Selçuk University,Turkey,28732.0,21.1,6%,44 : 56,31.158,25.8,24.3,37.9,67.5,32.4,2025.0
,,,,,,,,,,,,,,,,semmelweis,274.0,Semmelweis University,Hungary,9581.0,12.7,43%,70 : 30,54.7645,45.0,29.6,80.1,74.7,78.5,2025.0
,,,,,,,,,,,,,,,,semnan,1178.0,Semnan University,Iran,14702.0,22.9,3%,53 : 47,30.9235,27.3,13.8,52.6,29.2,25.6,2025.0
1001-1200,951-1000,University of Seoul ,KR,South Korea,M,11.0,9.7,36.7,8.8,5.5,6.9,24.0,5.3,4.9,-,seoul,987.0,University of Seoul,South Korea,9927.0,14.3,7%,42 : 58,34.6575,31.3,29.2,40.9,45.9,38.0,2025.0
31,41,Seoul National University,KR,South Korea,L,98.5,98.6,83.1,71.7,10.5,16.9,73.2,100.0,96.0,82.3,seoul national,63.0,Seoul National University,South Korea,25644.0,14.2,16%,,73.51599999999999,73.7,74.3,76.2,100.0,44.9,2025.0
1201-1400,1001-1200,Seoul National University of Science and Technology,KR,South Korea,M,6.4,3.6,12.8,10.3,9.6,11.9,12.4,1.9,9.8,-,seoul national science and technology,,,,,,,,,,,,,,
,,,,,,,,,,,,,,,,seoul national science and technology (seoultech),1259.0,Seoul National University of Science and Technology (SeoulTech),South Korea,8569.0,12.9,11%,37 : 63,29.566,30.5,21.0,33.1,50.9,33.5,2025.0
,,,,,,,,,,,,,,,,seville,878.0,University of Seville,Spain,58252.0,18.4,10%,57 : 43,36.858,23.5,26.7,55.0,56.0,45.9,2025.0
,,,,,,,,,,,,,,,,sfax,1175.0,University of Sfax,Tunisia,32390.0,12.5,3%,67 : 33,30.9795,32.9,13.4,41.3,40.2,45.2,2025.0
,,,,,,,,,,,,,,,,sgh warsaw school of economics,1619.0,SGH Warsaw School of Economics,Poland,8394.0,16.1,14%,48 : 52,23.3505,23.9,15.9,27.4,16.6,37.4,2025.0
,,,,,,,,,,,,,,,,shahid bahonar kerman,1357.0,Shahid Bahonar University of Kerman,Iran,13458.0,22.5,1%,60 : 40,27.876,20.9,15.2,47.5,27.0,26.3,2025.0
,,,,,,,,,,,,,,,,shahid beheshti,957.0,Shahid Beheshti University,Iran,27279.0,21.8,1%,55 : 45,35.08899999999999,31.0,25.1,47.3,57.5,29.0,2025.0
851-900,951-1000,Shahid Beheshti University (SBU),IR,"Iran, Islamic Republic of",L,7.9,7.3,4.1,33.3,1.6,1.6,64.7,19.0,1.5,-,shahid beheshti (sbu),,,,,,,,,,,,,,
,,,,,,,,,,,,,,,,shahid beheshti medical sciences,720.0,Shahid Beheshti University of Medical Sciences,Iran,12030.0,7.9,5%,55 : 45,39.9695,46.2,21.9,50.1,69.8,28.9,2025.0
,,,,,,,,,,,,,,,,shahid chamran ahvaz,1216.0,Shahid Chamran University of Ahvaz,Iran,14268.0,24.0,3%,56 : 44,30.3395,29.4,19.4,39.9,50.2,27.5,2025.0
,,,,,,,,,,,,,,,,shahid sadoughi medical sciences,1468.0,Shahid Sadoughi University of Medical Sciences,Iran,4501.0,9.0,3%,57 : 43,25.7595,42.8,11.0,25.1,18.9,22.1,2025.0
1201-1400,1401+,Shahjalal University of Science and Technology,BD,Bangladesh,M,7.6,11.8,11.8,5.3,,,12.8,3.9,1.0,-,shahjalal science and technology,,,,,,,,,,,,,,
,,,,,,,,,,,,,,,,shahrekord,1266.0,Shahrekord University,Iran,7147.0,20.0,0%,56 : 44,29.4225,23.2,13.9,53.4,19.5,23.3,2025.0
,,,,,,,,,,,,,,,,shahrekord medical sciences,962.0,Shahrekord University of Medical Sciences,Iran,2836.0,9.7,0%,60 : 40,35.0405,32.0,10.9,66.7,19.3,22.1,2025.0
,,,,,,,,,,,,,,,,shahrood technology,1144.0,Shahrood University of Technology,Iran,8778.0,21.3,5%,45 : 55,31.6575,28.2,16.6,49.3,22.3,37.9,2025.0
316,360,Shandong University,CN,China (Mainland),XL,16.6,35.5,16.7,88.2,8.2,3.1,64.1,20.7,19.7,34.7,shandong,,,,,,,,,,,,,,
489,514,Shanghai University,CN,China (Mainland),XL,20.3,13.1,50.8,30.5,40.9,5.3,58.7,8.9,10.5,24.5,shanghai,477.0,Shanghai University,China,38849.0,13.1,6%,50 : 50,46.726000000000006,33.1,38.6,63.8,89.0,40.9,2025.0
1201-1400,1201-1400,Shanghai University of Finance and Economics,CN,China (Mainland),L,4.5,5.2,8.9,3.5,15.5,2.1,14.9,42.6,1.4,-,shanghai finance and economics,,,,,,,,,,,,,,
,,,,,,,,,,,,,,,,shanghai for science and technology,1384.0,University of Shanghai for Science and Technology,China,27612.0,10.6,1%,45 : 55,27.3565,23.4,11.3,44.3,48.6,25.9,2025.0
1201-1400,1001-1200,Shanghai International Studies University,CN,China (Mainland),L,4.9,2.9,16.7,1.8,26.9,27.3,5.4,5.2,1.0,-,shanghai international studies,,,,,,,,,,,,,,
45,51,Shanghai Jiao Tong University,CN,China (Mainland),XL,84.0,86.3,58.6,99.6,23.1,19.6,73.7,73.5,80.3,77.8,shanghai jiao tong,52.0,Shanghai Jiao Tong University,China,40159.0,12.4,9%,36 : 64,75.835,72.4,79.3,77.5,100.0,56.4,2025.0
1401+,1201-1400,Shanghai Normal University,CN,China (Mainland),XL,5.0,1.6,10.9,4.3,4.5,1.6,26.5,1.5,1.3,-,shanghai normal,1048.0,Shanghai Normal University,China,29846.0,14.8,2%,69 : 31,33.413,30.3,16.2,53.4,41.6,27.9,2025.0
,,,,,,,,,,,,,,,,shantou,1006.0,Shantou University,China,20004.0,16.1,1%,50 : 50,34.23649999999999,18.9,17.2,63.3,41.7,40.2,2025.0
,,,,,,,,,,,,,,,,shanxi medical,1791.0,Shanxi Medical University,China,26573.0,8.0,2%,65 : 35,20.054,23.6,11.2,24.9,22.6,19.6,2025.0
,,,,,,,,,,,,,,,,sharda,1203.0,Sharda University,India,12064.0,12.7,12%,44 : 56,30.6,27.9,13.3,48.2,22.0,42.3,2025.0
342,334,Sharif University of Technology,IR,"Iran, Islamic Republic of",M,11.5,33.6,5.1,99.9,2.9,1.2,61.4,28.2,1.3,33,sharif technology,346.0,Sharif University of Technology,Iran,9491.0,21.8,1%,25 : 75,51.1775,36.5,36.6,78.7,95.4,31.6,2025.0
434,465,University of Sharjah,AE,United Arab Emirates,L,18.1,17.3,6.0,22.0,100.0,100.0,84.8,11.2,11.8,27.5,sharjah,333.0,University of Sharjah,United Arab Emirates,12484.0,17.9,49%,67 : 33,51.888,22.0,27.1,94.6,44.1,98.6,2025.0
105,104,The University of Sheffield,UK,United Kingdom,L,58.3,48.7,52.5,43.9,83.3,96.8,95.8,33.8,97.7,59.1,sheffield,99.0,University of Sheffield,United Kingdom,28100.0,14.9,41%,53 : 47,66.28049999999999,48.7,49.1,90.1,94.0,91.8,2025.0
1001-1200,1001-1200,Sheffield Hallam University,UK,United Kingdom,L,6.7,8.6,9.5,4.5,33.6,33.1,50.4,8.6,2.2,-,sheffield hallam,967.0,Sheffield Hallam University,United Kingdom,26060.0,17.1,18%,55 : 45,34.98349999999999,18.9,14.0,62.0,33.7,72.0,2025.0
508,595,Shenzhen University,CN,China (Mainland),XL,7.7,3.2,42.1,64.5,11.0,1.4,65.1,15.8,7.4,23.9,shenzhen,382.0,Shenzhen University,China,35576.0,13.9,1%,49 : 51,49.93750000000001,26.8,35.1,85.9,76.5,40.3,2025.0
1401+,1201-1400,Shibaura Institute of Technology,JP,Japan,M,4.5,2.5,3.1,5.1,13.0,8.7,14.5,1.8,1.0,-,shibaura institute of technology,1626.0,Shibaura Institute of Technology,Japan,9128.0,30.8,5%,18 : 82,23.2135,19.6,21.0,20.6,47.1,43.7,2025.0
,,,,,,,,,,,,,,,,shiga medical science,1381.0,Shiga University of Medical Science,Japan,1145.0,3.0,4%,52 : 48,27.3825,32.0,12.8,33.1,61.2,24.7,2025.0
,,,,,,,,,,,,,,,,shimane,1743.0,Shimane University,Japan,6037.0,8.2,3%,40 : 60,21.161,25.8,13.0,20.1,39.0,29.2,2025.0
1001-1200,1001-1200,Shinshu University ,JP,Japan,M,3.6,3.2,34.9,11.2,5.5,2.6,24.1,1.8,1.1,-,shinshu,1410.0,Shinshu University,Japan,10605.0,10.4,3%,32 : 68,26.9405,26.8,17.6,30.4,61.2,31.5,2025.0
691-700,681-690,Shiraz University,IR,"Iran, Islamic Republic of",L,6.9,5.4,4.6,60.7,1.2,2.2,54.3,14.1,7.9,-,shiraz,925.0,Shiraz University,Iran,14908.0,21.2,3%,55 : 45,35.90899999999999,26.4,24.6,53.8,62.3,31.4,2025.0
,,,,,,,,,,,,,,,,shiraz medical sciences,843.0,Shiraz University of Medical Sciences,Iran,9905.0,9.8,2%,55 : 45,37.3935,46.1,14.2,55.2,31.4,24.8,2025.0
,,,,,,,,,,,,,,,,shiraz technology,578.0,Shiraz University of Technology,Iran,1614.0,14.9,0%,39 : 61,43.8435,31.2,22.8,78.9,40.5,36.5,2025.0
,,,,,,,,,,,,,,,,shiv nadar,1536.0,Shiv Nadar University,India,2881.0,9.2,2%,39 : 61,24.709,27.5,7.6,35.9,24.0,35.5,2025.0
,,,,,,,,,,,,,,,,shizuoka,1735.0,Shizuoka University,Japan,9901.0,14.9,4%,30 : 70,21.2585,20.4,16.1,18.0,63.1,35.3,2025.0
,,,,,,,,,,,,,,,,shizuoka,1826.0,University of Shizuoka,Japan,3209.0,11.9,3%,61 : 39,19.5135,23.1,13.0,15.4,57.1,27.0,2025.0
587,771-780,Shoolini University of Biotechnology and Management Sciences,IN,India,S,10.0,14.9,8.1,55.9,33.3,1.7,44.8,2.0,16.3,21.1,shoolini biotechnology and management sciences,457.0,Shoolini University of Biotechnology and Management Sciences,India,3552.0,16.4,1%,56 : 44,47.416500000000006,29.9,21.3,87.2,22.6,71.4,2025.0
,,,,,,,,,,,,,,,,showa,1335.0,Showa University,Japan,3668.0,1.5,0%,62 : 38,28.164,33.3,11.0,40.0,40.7,20.3,2025.0
,,,,,,,,,,,,,,,,shri mata vaishno devi,902.0,Shri Mata Vaishno Devi University,India,2947.0,20.5,0%,37 : 63,36.3165,23.6,17.7,71.8,21.1,24.5,2025.0
,,,,,,,,,,,,,,,,siberian federal,1110.0,Siberian Federal University,Russian Federation,9377.0,18.1,13%,50 : 50,32.201,31.9,24.6,29.5,58.6,59.5,2025.0
1001-1200,1001-1200,"Siberian Federal University, SibFU",RU,Russia,M,6.8,4.5,18.9,3.8,46.3,31.6,32.6,8.0,1.2,-,"siberian federal, sibfu",,,,,,,,,,,,,,
,,,,,,,,,,,,,,,,siberian state medical,2063.0,Siberian State Medical University,Russian Federation,8254.0,12.8,18%,62 : 38,13.373,19.8,10.5,3.4,17.3,37.0,2025.0
336,355,Sichuan University,CN,China (Mainland),XL,20.4,12.3,10.3,98.5,7.1,4.9,71.3,12.9,11.0,33.3,sichuan,221.0,Sichuan University,China,48990.0,15.9,5%,,57.595,48.2,49.1,72.8,98.8,44.6,2025.0
,,,,,,,,,,,,,,,,sichuan science and engineering,1940.0,Sichuan University of Science and Engineering,China,45377.0,22.3,1%,48 : 52,16.5675,11.9,10.7,23.7,33.6,20.0,2025.0
,,,,,,,,,,,,,,,,sidi mohamed ben abdellah,1414.0,Sidi Mohamed Ben Abdellah University,Morocco,99073.0,57.4,1%,50 : 50,26.8945,26.2,12.1,42.9,22.6,25.1,2025.0
,,,,,,,,,,,,,,,,siegen,540.0,University of Siegen,Germany,10258.0,36.2,12%,57 : 43,44.658,31.6,37.0,60.2,56.4,57.2,2025.0
691-700,731-740,University of Siena,IT,Italy,M,13.6,3.5,9.7,40.4,2.9,10.8,61.0,9.3,27.9,-,siena,397.0,University of Siena,Italy,10438.0,16.8,10%,63 : 37,49.3715,38.7,32.6,72.9,75.4,48.2,2025.0
,,,,,,,,,,,,,,,,sikkim manipal,1757.0,Sikkim Manipal University,India,4077.0,12.2,1%,42 : 58,20.985,20.9,9.2,32.8,17.1,21.7,2025.0
1201-1400,1201-1400,Siksha 'O' Anusandhan (Deemed to be University),IN,India,M,7.5,3.6,34.3,5.3,2.2,2.2,23.7,1.9,1.0,-,siksha 'o' anusandhan (deemed to be),,,,,,,,,,,,,,
,,,,,,,,,,,,,,,,siksha ‘o’ anusandhan,915.0,Siksha ‘O’ Anusandhan,India,11259.0,10.0,3%,57 : 43,35.999500000000005,44.5,18.8,46.5,47.0,21.2,2025.0
1201-1400,1201-1400,University of Silesia in Katowice,PL,Poland,L,5.4,4.2,20.3,3.1,3.5,3.9,52.5,7.4,2.4,-,silesia in katowice,1687.0,University of Silesia in Katowice,Poland,18354.0,11.3,5%,66 : 34,22.2455,24.0,14.4,25.7,23.3,31.3,2025.0
1001-1200,1001-1200,Silesian University of Technology,PL,Poland,L,6.8,3.8,30.3,7.0,2.9,3.3,63.4,9.5,1.4,-,silesian technology,1271.0,Silesian University of Technology,Poland,16622.0,11.2,5%,31 : 69,29.324000000000005,24.2,16.3,44.6,42.7,31.6,2025.0
1401+,1201-1400,Silpakorn University,TH,Thailand,L,6.3,5.4,4.4,2.8,4.3,1.2,24.7,2.5,1.0,-,silpakorn,1802.0,Silpakorn University,Thailand,26892.0,22.9,3%,69 : 31,19.8645,19.5,14.5,19.7,41.8,31.0,2025.0
319,318,Simon Fraser University,CA,Canada,L,24.0,11.4,6.2,36.6,97.0,83.9,76.8,22.8,89.8,34.6,simon fraser,304.0,Simon Fraser University,Canada,27262.0,30.5,31%,54 : 46,53.567,28.6,35.5,81.8,84.5,92.2,2025.0
585,545,Singapore Management University,SG,Singapore,M,12.3,14.2,10.2,18.8,100.0,58.9,20.8,27.1,26.3,21.2,singapore management,,,,,,,,,,,,,,
440,429,Singapore University of Technology and Design,SG,Singapore,S,7.4,5.3,99.0,66.0,,,31.2,4.6,1.1,27,singapore technology and design,,,,,,,,,,,,,,
,,,,,,,,,,,,,,,,sistan and baluchestan,1817.0,University of Sistan and Baluchestan,Iran,9387.0,20.7,0%,54 : 46,19.573,20.1,11.3,25.8,21.6,23.5,2025.0
,,,,,,,,,,,,,,,,sivas cumhuriyet,1814.0,Sivas Cumhuriyet University,Turkey,33405.0,31.3,10%,52 : 48,19.729000000000003,16.8,10.2,28.6,19.0,33.0,2025.0
1001-1200,,Slovak University of Agriculture in Nitra,SK,Slovakia,S,8.5,9.0,25.8,7.2,7.1,4.4,29.0,4.9,1.0,-,slovak agriculture in nitra,1515.0,Slovak University of Agriculture in Nitra,Slovakia,4503.0,12.1,5%,54 : 46,24.9295,27.0,12.2,29.5,21.6,49.5,2025.0
1001-1200,1001-1200,Slovak University of Technology in Bratislava,SK,Slovakia,M,9.1,9.0,38.8,3.8,2.4,6.5,48.3,15.0,1.0,-,slovak technology in bratislava,1594.0,Slovak University of Technology in Bratislava,Slovakia,10976.0,14.7,16%,31 : 69,23.717,27.1,13.2,23.2,41.8,43.5,2025.0
508,511,SOAS University of London ,UK,United Kingdom,M,17.1,9.4,14.8,15.1,100.0,98.7,16.9,22.4,39.1,23.9,soas london,429.0,SOAS University of London,United Kingdom,5240.0,15.4,44%,64 : 36,48.41,40.6,34.5,63.9,29.2,81.2,2025.0
,,,,,,,,,,,,,,,,social welfare and rehabilitation sciences,1305.0,University of Social Welfare and Rehabilitation Sciences,Iran,1740.0,10.9,2%,68 : 32,28.781,36.5,20.8,28.2,27.1,32.5,2025.0
,,,,,,,,,,,,,,,,sofia,1763.0,Sofia University,Bulgaria,21855.0,7.5,7%,66 : 34,20.8285,27.1,12.0,18.1,29.1,36.8,2025.0
661-670,741-750,"Sofia University ""St. Kliment Ohridski""",BG,Bulgaria,L,14.2,18.0,45.7,2.0,3.0,8.5,61.0,81.8,8.9,-,"sofia ""st. kliment ohridski""",,,,,,,,,,,,,,
576,509,Sogang University,KR,South Korea,M,17.5,45.5,56.7,5.1,7.1,19.6,13.8,16.0,17.7,21.4,sogang,928.0,Sogang University,South Korea,9747.0,24.1,17%,46 : 54,35.8735,29.4,32.1,39.2,73.6,42.5,2025.0
,,,,,,,,,,,,,,,,sohag,1355.0,Sohag University,Egypt,67363.0,24.9,0%,55 : 45,27.891500000000004,14.0,9.1,55.2,19.0,50.7,2025.0
1001-1200,,Sohar University,OM,Oman,S,4.4,5.0,2.2,9.0,100.0,1.7,9.0,53.7,1.0,-,sohar,,,,,,,,,,,,,,
,,,,,,,,,,,,,,,,sonora,2039.0,University of Sonora,Mexico,35094.0,27.0,1%,58 : 42,14.28,13.8,8.4,13.7,28.2,33.8,2025.0
641-650,681-690,Soochow University,CN,China (Mainland),XL,6.6,2.6,15.9,63.0,6.2,2.5,47.4,16.8,2.0,-,soochow,,,,,,,,,,,,,,
1401+,1401+,Soochow University (Taiwan),TW,Taiwan,L,4.7,5.3,4.1,1.8,3.8,2.9,3.4,3.2,1.8,-,soochow (taiwan),,,,,,,,,,,,,,
,,,,,,,,,,,,,,,,"soochow, china",515.0,"Soochow University, China",China,46951.0,15.5,2%,51 : 49,45.3595,28.7,25.6,79.1,90.6,28.2,2025.0
,,,,,,,,,,,,,,,,"soochow, taiwan",1821.0,"Soochow University, Taiwan",Taiwan,14978.0,35.5,3%,60 : 40,19.562,13.6,19.9,20.2,28.1,34.6,2025.0
1201-1400,1201-1400,Sookmyung Women's University ,KR,South Korea,M,4.4,5.6,29.0,3.4,4.0,2.2,4.8,1.8,2.6,-,sookmyung women's,,,,,,,,,,,,,,
1001-1200,1001-1200,Soonchunhyang University,KR,South Korea,M,5.6,4.7,55.2,5.7,5.5,3.9,11.7,1.8,6.4,-,soonchunhyang,1240.0,Soonchunhyang University,South Korea,8847.0,18.8,6%,51 : 49,29.88,24.0,27.9,33.1,54.6,34.6,2025.0
1401+,1201-1400,Soongsil University,KR,South Korea,L,3.5,6.0,8.3,4.5,5.2,11.2,14.9,2.8,1.0,-,soongsil,1465.0,Soongsil University,South Korea,16685.0,22.3,11%,47 : 53,25.784,27.3,16.3,27.6,51.9,35.3,2025.0
951-1000,901-950,Sophia University ,JP,Japan,L,12.7,19.9,21.9,1.8,34.5,10.8,8.6,11.7,5.2,-,sophia,1854.0,Sophia University,Japan,13078.0,12.8,10%,61 : 39,18.792,21.4,11.1,13.6,33.5,51.2,2025.0
63,59,Sorbonne University,FR,France,XL,87.2,52.0,43.0,72.3,33.8,46.7,99.8,79.7,87.6,70.3,sorbonne,76.0,Sorbonne University,France,40340.0,14.1,22%,61 : 39,70.416,64.6,61.1,82.4,71.5,80.8,2025.0
,,,,,,,,,,,,,,,,sousse,1564.0,University of Sousse,Tunisia,28909.0,13.3,2%,68 : 32,24.257,26.1,10.2,32.1,21.8,41.3,2025.0
851-900,851-900,University of South Africa,ZA,South Africa,XL,10.6,7.2,1.1,7.3,,7.3,91.0,92.8,3.1,-,south africa,1292.0,University of South Africa,South Africa,233279.0,73.7,1%,74 : 26,29.074,22.5,13.8,48.1,25.3,39.9,2025.0
1201-1400,1201-1400,University of South Alabama (USA),US,United States,M,4.7,5.9,19.0,6.1,,2.1,13.6,2.3,1.2,-,south alabama (usa),,,,,,,,,,,,,,
340,326,University of South Australia,AU,Australia,L,21.3,12.7,24.9,31.9,99.8,50.9,85.5,15.5,83.6,33.2,south australia,340.0,University of South Australia,Australia,21490.0,27.6,18%,60 : 40,51.37599999999999,22.4,36.0,80.6,96.2,84.0,2025.0
951-1000,1001-1200,University of South Bohemia,CZ,Czech Republic,M,5.2,2.3,56.0,5.7,21.5,11.4,55.3,1.6,5.7,-,south bohemia,,,,,,,,,,,,,,
,,,,,,,,,,,,,,,,south bohemia in české budějovice,1115.0,University of South Bohemia in České Budějovice,Czech Republic,9066.0,13.8,9%,69 : 31,32.1645,23.3,17.7,50.4,23.2,54.8,2025.0
601-610,575,University of South Carolina,US,United States,XL,13.8,9.4,9.7,28.3,30.4,3.2,71.9,17.3,63.1,-,south carolina,,,,,,,,,,,,,,
,,,,,,,,,,,,,,,,south carolina-columbia,453.0,University of South Carolina-Columbia,United States,33101.0,16.4,5%,57 : 43,47.588,35.5,24.2,76.9,64.5,59.3,2025.0
,,,,,,,,,,,,,,,,south china normal,753.0,South China Normal University,China,34597.0,18.9,4%,,39.171,24.6,23.1,65.4,69.0,37.8,2025.0
385,392,South China University of Technology,CN,China (Mainland),XL,12.1,6.6,20.0,97.8,10.7,4.6,51.3,27.3,7.3,30.4,south china technology,283.0,South China University of Technology,China,40967.0,12.4,6%,38 : 62,54.373,36.4,38.0,84.3,99.5,44.6,2025.0
,,,,,,,,,,,,,,,,south dakota,1187.0,University of South Dakota,United States,6675.0,14.7,3%,63 : 37,30.7735,34.5,16.3,40.2,37.1,31.0,2025.0
,,,,,,,,,,,,,,,,south dakota state,1161.0,South Dakota State University,United States,10549.0,20.2,5%,56 : 44,31.281,26.0,17.8,46.9,40.1,37.0,2025.0
621-630,563,University of South Florida,US,United States,XL,12.9,9.5,8.8,36.3,19.9,22.2,86.7,6.1,15.9,-,south florida,362.0,University of South Florida,United States,39710.0,19.3,14%,,50.8265,32.2,35.5,73.5,99.5,66.7,2025.0
,,,,,,,,,,,,,,,,south pacific,965.0,University of the South Pacific,Fiji,11722.0,36.0,18%,59 : 41,35.024,15.0,17.3,62.2,29.8,76.4,2025.0
901-950,951-1000,South Ural State University (National Research University),RU,Russia,L,8.4,4.7,44.1,3.6,4.5,13.4,84.1,4.2,1.6,-,south ural state (national research),,,,,,,,,,,,,,
,,,,,,,,,,,,,,,,south valley (egypt),1302.0,South Valley University (Egypt),Egypt,61711.0,32.9,0%,58 : 42,28.875499999999995,15.4,9.7,57.1,18.8,48.5,2025.0
,,,,,,,,,,,,,,,,south wales,1327.0,University of South Wales,United Kingdom,16130.0,16.5,26%,52 : 48,28.3455,18.1,12.1,38.7,49.8,78.6,2025.0
80,81,University of Southampton,UK,United Kingdom,L,50.1,44.3,40.7,83.4,92.5,98.0,97.1,49.2,96.9,64.1,southampton,115.0,University of Southampton,United Kingdom,23135.0,14.7,43%,53 : 47,65.27749999999999,47.2,47.7,91.2,72.7,96.7,2025.0
428,454,Southeast University,CN,China (Mainland),XL,13.5,6.6,20.8,82.0,14.4,3.4,69.2,5.0,11.6,27.8,southeast,310.0,Southeast University,China,41806.0,12.7,4%,35 : 65,53.1225,37.6,45.4,71.4,99.3,46.3,2025.0
125,116,University of Southern California,US,United States,XL,50.4,54.5,17.3,58.0,26.0,74.1,85.8,92.6,97.7,55.2,southern california,72.0,University of Southern California,United States,44180.0,14.2,27%,54 : 46,71.0445,58.3,60.4,92.8,75.0,73.2,2025.0
576,651-660,Southern Cross University ,AU,Australia,M,4.4,2.8,2.9,46.3,81.1,44.8,44.2,4.8,48.2,21.4,southern cross,583.0,Southern Cross University,Australia,9414.0,45.4,24%,67 : 33,43.7215,22.5,28.1,67.5,63.0,82.2,2025.0
,,,,,,,,,,,,,,,,southern denmark,266.0,University of Southern Denmark,Denmark,17572.0,9.5,14%,53 : 47,55.13849999999999,30.3,35.0,88.3,95.0,76.8,2025.0
324,326,University of Southern Denmark (SDU),DK,Denmark,L,20.2,15.9,22.3,49.3,85.5,24.1,81.1,21.3,73.2,34.1,southern denmark (sdu),,,,,,,,,,,,,,
951-1000,851-900,Southern Federal University,RU,Russia,L,6.6,3.8,67.9,1.9,2.9,25.2,40.1,1.8,1.2,-,southern federal,1665.0,Southern Federal University,Russian Federation,20855.0,12.9,13%,56 : 44,22.609,22.5,15.2,22.6,36.9,44.1,2025.0
,,,,,,,,,,,,,,,,southern illinois carbondale,874.0,Southern Illinois University Carbondale,United States,9415.0,12.3,6%,52 : 48,36.899,37.1,23.6,43.3,76.7,40.7,2025.0
,,,,,,,,,,,,,,,,southern medical,292.0,Southern Medical University,China,20618.0,10.7,6%,,54.2,45.0,39.0,81.5,71.0,31.0,2025.0
1001-1200,1001-1200,Southern Methodist University,US,United States,M,4.9,3.6,29.3,7.2,6.8,8.7,30.2,38.8,2.4,-,southern methodist,,,,,,,,,,,,,,
396,410,University of Southern Queensland ,AU,Australia,M,8.8,5.7,4.8,73.1,84.1,23.0,81.0,8.6,43.0,29.7,southern queensland,369.0,University of Southern Queensland,Australia,10808.0,24.6,15%,63 : 37,50.5265,27.8,27.5,87.8,48.2,81.1,2025.0
284,301,Southern University of Science and Technology,CN,China (Mainland),M,9.3,2.5,89.7,98.8,37.5,1.4,48.3,1.6,31.6,37.3,southern science and technology,,,,,,,,,,,,,,
,,,,,,,,,,,,,,,,southern science and technology (sustech),183.0,Southern University of Science and Technology (SUSTech),China,7350.0,9.1,1%,,59.612,36.7,43.3,93.2,80.9,67.1,2025.0
1001-1200,1001-1200,Southwest University,CN,China (Mainland),XL,3.0,1.9,13.3,23.9,1.3,1.7,44.1,10.6,2.3,-,southwest,,,,,,,,,,,,,,
,,,,,,,,,,,,,,,,southwest jiaotong,881.0,Southwest Jiaotong University,China,44270.0,15.2,1%,37 : 63,36.792,26.4,22.8,57.5,87.3,22.0,2025.0
,,,,,,,,,,,,,,,,southwest petroleum,1516.0,Southwest Petroleum University,China,40801.0,19.2,1%,34 : 66,24.9265,17.6,14.4,37.3,70.4,20.7,2025.0
,,,,,,,,,,,,,,,,southwest state,1987.0,Southwest State University,Russian Federation,6660.0,12.8,11%,38 : 62,15.479499999999996,20.9,9.7,11.0,21.9,31.0,2025.0
1201-1400,1201-1400,University of Split,HR,Croatia,L,6.3,4.0,5.0,4.2,1.4,2.0,47.5,12.3,4.5,-,split,1376.0,University of Split,Croatia,19113.0,15.6,3%,58 : 42,27.485499999999995,21.0,16.0,43.3,25.7,35.1,2025.0
1201-1400,,University of Sri Jayewardenepura,LK,Sri Lanka,L,6.0,10.4,4.5,3.3,,1.0,14.1,11.0,1.0,-,sri jayewardenepura,1744.0,University of Sri Jayewardenepura,Sri Lanka,18212.0,22.8,0%,63 : 37,21.1345,12.3,9.2,38.0,17.7,36.4,2025.0
,,,,,,,,,,,,,,,,sri lanka institute of information technology,2050.0,Sri Lanka Institute of Information Technology,Sri Lanka,15450.0,47.1,0%,42 : 58,13.908499999999998,10.2,10.9,16.3,38.4,17.5,2025.0
,,,,,,,,,,,,,,,,sri ramachandra institute of higher education and research,1891.0,Sri Ramachandra Institute of Higher Education and Research,India,8635.0,13.3,3%,62 : 38,17.9555,25.2,11.9,13.7,23.2,27.1,2025.0
,,,,,,,,,,,,,,,,sri venkateswara,1501.0,Sri Venkateswara University,India,7491.0,15.9,0%,50 : 50,25.147,36.2,11.6,26.3,25.6,29.2,2025.0
,,,,,,,,,,,,,,,,srinakharinwirot,1939.0,Srinakharinwirot University,Thailand,28685.0,18.9,2%,68 : 32,16.611,20.6,9.9,17.0,20.2,23.4,2025.0
1001-1200,1201-1400,SRM INSTITUTE OF SCIENCE AND TECHNOLOGY,IN,India,XL,8.6,16.0,13.4,4.0,1.5,1.6,56.2,1.8,12.7,-,srm institute of science and technology,1183.0,SRM Institute of Science and Technology,India,52953.0,13.6,2%,37 : 63,30.824,23.2,12.1,58.3,25.4,26.2,2025.0
,,,,,,,,,,,,,,,,sruc (scotland’s rural college),676.0,SRUC (Scotland’s Rural College),United Kingdom,1335.0,4.9,8%,65 : 35,41.2005,25.8,13.7,79.0,28.1,63.9,2025.0
104,95,University of St Andrews,UK,United Kingdom,M,46.5,63.2,64.7,49.2,98.4,100.0,83.8,18.5,91.1,59.2,st andrews,185.0,University of St Andrews,United Kingdom,10750.0,12.8,47%,59 : 41,59.543,47.4,44.0,76.9,65.5,94.8,2025.0
,,,,,,,,,,,,,,,,st francis xavier,1247.0,St Francis Xavier University,Canada,4614.0,19.1,7%,63 : 37,29.779,16.7,18.1,48.0,27.9,54.5,2025.0
,,,,,,,,,,,,,,,,st gallen,372.0,University of St Gallen,Switzerland,8741.0,13.0,35%,35 : 65,50.415,31.7,22.2,83.1,66.7,93.7,2025.0
,,,,,,,,,,,,,,,,"st george’s, london",330.0,"St George’s, University of London",United Kingdom,3705.0,14.0,17%,67 : 33,52.0255,23.0,27.0,95.9,70.7,77.5,2025.0
,,,,,,,,,,,,,,,,st petersburg electrotechnical (leti),1677.0,St Petersburg Electrotechnical University (LETI),Russian Federation,8890.0,13.9,20%,31 : 69,22.4455,22.1,16.1,22.1,38.8,41.0,2025.0
951-1000,901-950,St. Louis University,US,United States,L,4.4,2.6,53.2,13.5,12.7,11.0,28.7,9.0,1.7,-,st. louis,,,,,,,,,,,,,,
,,,,,,,,,,,,,,,,staffordshire,1262.0,University of Staffordshire,United Kingdom,11700.0,17.2,13%,48 : 52,29.46,18.4,11.5,48.9,24.3,67.4,2025.0
1401+,1401+,Stamford University Bangladesh,BD,Bangladesh,L,9.7,4.6,1.2,1.4,,,2.2,3.6,1.0,-,stamford bangladesh,,,,,,,,,,,,,,
6,5,Stanford University,US,United States,L,100.0,100.0,100.0,99.0,70.3,60.8,96.8,100.0,81.2,96.1,stanford,6.0,Stanford University,United States,16963.0,5.9,23%,47 : 53,97.242,97.5,97.3,99.6,100.0,85.1,2025.0
,,,,,,,,,,,,,,,,state bahia,2087.0,State University of Bahia,Brazil,26352.0,12.6,0%,66 : 34,11.6835,18.7,8.5,4.9,16.8,20.8,2025.0
1401+,1401+,State University of Malang,ID,Indonesia,L,6.3,2.5,8.7,1.7,13.7,1.3,11.5,5.4,1.1,-,state malang,1728.0,State University of Malang,Indonesia,35702.0,30.3,4%,54 : 46,21.387,19.2,11.4,30.1,19.8,34.6,2025.0
,,,,,,,,,,,,,,,,state ponta grossa,1855.0,State University of Ponta Grossa,Brazil,8002.0,8.3,1%,57 : 43,18.7875,26.6,11.7,15.9,19.0,26.9,2025.0
,,,,,,,,,,,,,,,,state santa cruz,1888.0,State University of Santa Cruz,Brazil,7857.0,10.2,2%,47 : 53,18.033,22.8,9.7,15.5,19.6,40.8,2025.0
801-850,1401+,University of Stavanger,NO,Norway,M,7.1,5.8,84.6,5.0,,,69.6,10.0,5.1,-,stavanger,694.0,University of Stavanger,Norway,11435.0,9.7,14%,58 : 42,40.6,25.4,16.4,71.6,30.4,75.4,2025.0
1401+,1201-1400,Stefan cel Mare University of Suceava,RO,Romania,M,3.8,2.4,4.5,4.2,2.3,25.5,19.3,4.1,1.9,-,stefan cel mare suceava,,,,,,,,,,,,,,
296,283,Stellenbosch University,ZA,South Africa,L,26.1,35.8,3.5,61.9,19.7,8.0,94.8,85.2,22.0,36.7,stellenbosch,341.0,Stellenbosch University,South Africa,24979.0,25.5,7%,57 : 43,51.26299999999999,31.2,40.1,74.6,89.5,59.6,2025.0
701-710,621-630,Stevens Institute of Technology,US,United States,M,2.6,4.0,5.2,41.7,53.2,96.4,18.0,7.8,1.3,-,stevens institute of technology,441.0,Stevens Institute of Technology,United States,7281.0,20.7,34%,29 : 71,47.905,27.2,28.0,76.1,68.4,82.6,2025.0
452,431,University of Stirling,UK,United Kingdom,M,11.2,9.4,9.3,30.3,76.9,81.3,61.6,15.8,76.1,26.4,stirling,472.0,University of Stirling,United Kingdom,11400.0,19.3,31%,62 : 38,46.8225,23.3,25.6,79.8,42.5,91.8,2025.0
128,118,Stockholm University,SE,Sweden,L,52.5,21.0,26.7,64.5,80.7,89.8,95.7,86.6,58.7,54.8,stockholm,192.0,Stockholm University,Sweden,28689.0,17.4,14%,,59.24999999999999,32.8,49.0,89.3,65.1,79.6,2025.0
,,,,,,,,,,,,,,,,stony brook,267.0,Stony Brook University,United States,25528.0,10.3,18%,54 : 46,55.043000000000006,44.0,31.7,81.4,68.0,76.4,2025.0
460,396,"Stony Brook University, State University of New York",US,United States,L,18.0,7.3,32.2,23.6,34.7,43.5,76.0,21.2,79.1,26.2,"stony brook, state new york",,,,,,,,,,,,,,
281,276,University of Strathclyde,UK,United Kingdom,L,25.9,30.0,16.7,31.8,93.0,64.0,85.0,33.6,88.6,37.9,strathclyde,363.0,University of Strathclyde,United Kingdom,20970.0,16.3,27%,51 : 49,50.7455,33.0,35.2,69.0,79.5,92.3,2025.0
,,,,,,,,,,,,,,,,stuttgart,275.0,University of Stuttgart,Germany,14410.0,25.1,21%,35 : 65,54.694,43.5,49.7,62.9,99.9,61.1,2025.0
,,,,,,,,,,,,,,,,suez,1101.0,Suez University,Egypt,17830.0,19.3,2%,56 : 44,32.3925,15.3,10.0,67.9,24.1,48.6,2025.0
1201-1400,1201-1400,Suez Canal University,EG,Egypt,XL,4.1,2.6,13.1,2.3,2.1,1.8,48.9,2.4,8.3,-,suez canal,1179.0,Suez Canal University,Egypt,48764.0,14.1,1%,55 : 45,30.862,20.8,9.6,56.8,27.3,50.8,2025.0
,,,,,,,,,,,,,,,,sukkur iba,650.0,Sukkur IBA University,Pakistan,5504.0,19.9,0%,30 : 70,41.805,18.8,26.0,80.7,20.1,49.4,2025.0
,,,,,,,,,,,,,,,,sulaimani,1135.0,University of Sulaimani,Iraq,25079.0,12.4,0%,60 : 40,31.822,18.9,8.4,67.9,17.2,36.7,2025.0
1201-1400,1201-1400,Suleyman Demirel University,TR,Turkey,XL,7.1,5.3,3.9,2.4,1.7,4.6,27.3,2.0,1.0,-,suleyman demirel,,,,,,,,,,,,,,
1201-1400,1201-1400,"Suleyman Demirel University, Kazakhstan",KZ,Kazakhstan,M,9.0,11.0,4.1,1.3,6.2,2.0,5.7,3.3,,-,"suleyman demirel, kazakhstan",,,,,,,,,,,,,,
362,454,Sultan Qaboos University,OM,Oman,M,18.6,17.1,55.6,21.9,100.0,3.2,78.8,51.5,55.4,31.7,sultan qaboos,680.0,Sultan Qaboos University,Oman,6937.0,8.3,4%,50 : 50,41.0865,29.4,20.4,64.7,39.0,73.7,2025.0
1001-1200,951-1000,Sumy State University,UA,Ukraine,M,5.8,5.3,35.1,2.5,3.1,40.5,28.9,3.8,7.5,-,sumy state,921.0,Sumy State University,Ukraine,8253.0,13.5,16%,41 : 59,35.9465,17.9,15.5,69.8,22.4,57.8,2025.0
331,323,Sun Yat-sen University,CN,China (Mainland),XL,31.8,28.8,46.4,49.5,2.2,3.6,77.4,21.4,15.9,33.7,sun yat-sen,237.0,Sun Yat-sen University,China,63317.0,15.1,5%,47 : 53,56.584,47.1,38.1,83.7,93.7,37.1,2025.0
,,,,,,,,,,,,,,,,sunderland,1443.0,University of Sunderland,United Kingdom,14080.0,14.2,46%,61 : 39,26.3235,19.3,9.7,36.5,34.8,73.0,2025.0
,,,,,,,,,,,,,,,,sungkyunkwan (skku),102.0,Sungkyunkwan University (SKKU),South Korea,20416.0,17.0,21%,48 : 52,66.13,58.1,56.7,79.3,99.5,63.7,2025.0
123,145,Sungkyunkwan University(SKKU),KR,South Korea,L,57.9,70.7,80.5,41.3,17.5,41.7,54.2,36.5,79.1,55.5,sungkyunkwan(skku),,,,,,,,,,,,,,
1001-1200,901-950,Sungshin Women's University,KR,South Korea,M,5.6,8.3,81.9,1.2,2.7,4.3,4.2,1.7,1.0,-,sungshin women's,,,,,,,,,,,,,,
1001-1200,1001-1200,University of the Sunshine Coast ,AU,Australia,L,3.6,1.9,2.6,25.2,2.7,16.4,48.3,1.6,6.5,-,sunshine coast,605.0,University of the Sunshine Coast,Australia,10988.0,28.4,14%,70 : 30,43.0415,21.0,28.2,70.7,56.9,69.1,2025.0
539,586,Sunway University,MY,Malaysia,S,13.0,39.2,44.0,10.3,35.9,33.2,51.1,3.9,27.3,22.8,sunway,480.0,Sunway University,Malaysia,4693.0,10.0,18%,52 : 48,46.659,23.9,21.2,86.4,32.7,83.1,2025.0
,,,,,,,,,,,,,,,,suny at albany,525.0,SUNY University at Albany,United States,15145.0,16.4,6%,53 : 47,44.9455,28.4,30.1,69.0,68.4,58.7,2025.0
,,,,,,,,,,,,,,,,suny binghamton,737.0,SUNY Binghamton University,United States,18497.0,20.7,8%,51 : 49,39.63,33.4,24.8,56.8,62.5,40.6,2025.0
1201-1400,1201-1400,Suranaree University of Technology ,TH,Thailand,L,6.4,2.8,3.7,9.6,5.8,1.6,30.0,2.7,1.3,-,suranaree technology,1495.0,Suranaree University of Technology,Thailand,13977.0,26.0,1%,53 : 47,25.284,21.7,17.8,29.6,52.2,36.7,2025.0
285,244,University of Surrey,UK,United Kingdom,L,19.7,17.9,22.8,55.2,97.1,87.1,86.4,20.4,28.4,37.2,surrey,233.0,University of Surrey,United Kingdom,13520.0,14.4,33%,54 : 46,56.926,33.8,34.7,89.0,73.3,96.8,2025.0
246,218,University of Sussex,UK,United Kingdom,L,22.6,10.4,15.5,56.8,99.6,84.9,84.7,39.9,97.7,41,sussex,240.0,University of Sussex,United Kingdom,18250.0,17.5,34%,55 : 45,56.3715,31.8,36.0,89.6,62.7,95.5,2025.0
298,307,Swansea University,UK,United Kingdom,L,23.1,43.1,25.1,27.9,71.0,59.6,82.3,8.3,91.8,36.5,swansea,315.0,Swansea University,United Kingdom,18360.0,16.7,23%,48 : 52,52.788,27.6,30.5,89.1,58.4,89.8,2025.0
851-900,741-750,Swarthmore College,US,United States,S,3.4,2.4,88.8,11.7,8.7,21.6,12.3,15.2,1.0,-,swarthmore college,,,,,,,,,,,,,,
,,,,,,,,,,,,,,,,swedish agricultural sciences,367.0,Swedish University of Agricultural Sciences,Sweden,4393.0,4.6,8%,71 : 29,50.605,33.0,34.7,77.7,85.8,54.2,2025.0
291,285,Swinburne University of Technology,AU,Australia,L,13.9,11.4,12.4,86.5,94.9,77.3,66.1,13.9,15.4,37.1,swinburne technology,261.0,Swinburne University of Technology,Australia,13896.0,25.8,31%,43 : 57,55.419,32.7,34.5,91.4,73.5,72.1,2025.0
,,,,,,,,,,,,,,,,swps,1325.0,SWPS University,Poland,14553.0,15.6,7%,74 : 26,28.371,16.8,12.9,50.2,18.6,51.6,2025.0
18,19,The University of Sydney,AU,Australia,XL,96.4,90.0,10.9,93.7,99.9,100.0,95.8,93.1,99.6,87.3,sydney,61.0,The University of Sydney,Australia,53079.0,27.5,51%,57 : 43,73.72449999999999,53.2,67.7,92.1,99.5,90.5,2025.0
,,,,,,,,,,,,,,,,symbiosis international,686.0,Symbiosis International University,India,16659.0,13.0,7%,47 : 53,40.8475,31.7,14.2,76.6,20.7,47.6,2025.0
641-650,,Symbiosis International (Deemed University),IN,India,L,5.4,95.6,19.7,1.8,16.1,3.6,16.7,5.2,2.0,-,symbiosis international (deemed),,,,,,,,,,,,,,
801-850,781-790,Syracuse University,US,United States,L,12.9,8.7,11.6,10.6,5.8,39.3,55.5,42.7,11.6,-,syracuse,487.0,Syracuse University,United States,19621.0,14.9,20%,54 : 46,46.442,33.8,30.8,69.5,65.6,54.2,2025.0
,,,,,,,,,,,,,,,,szczecin,1570.0,University of Szczecin,Poland,8253.0,8.3,7%,63 : 37,24.129,24.2,18.9,28.1,16.6,32.2,2025.0
570,601-610,University of Szeged,HU,Hungary,L,18.5,16.8,37.0,4.8,11.8,41.2,73.1,15.0,61.9,21.8,szeged,1090.0,University of Szeged,Hungary,19881.0,12.3,20%,56 : 44,32.653,30.9,18.3,40.2,47.2,57.1,2025.0
1001-1200,1001-1200,Széchenyi István University,HU,Hungary,M,9.2,31.2,25.0,1.6,3.4,6.7,7.4,3.9,3.5,-,széchenyi istván,1799.0,Széchenyi István University,Hungary,9697.0,15.6,6%,45 : 55,19.8945,18.9,13.1,23.7,27.5,30.8,2025.0
,,,,,,,,,,,,,,,,são paulo,203.0,University of São Paulo,Brazil,82374.0,13.9,2%,48 : 52,58.64,58.8,60.7,55.7,93.9,43.0,2025.0
,,,,,,,,,,,,,,,,süleyman demirel,1506.0,Süleyman Demirel University,Turkey,34894.0,28.9,5%,51 : 49,25.0955,26.2,9.9,39.3,20.2,25.3,2025.0
552,,University of Tabriz,IR,"Iran, Islamic Republic of",L,5.9,5.0,3.4,81.7,1.5,6.8,71.8,5.3,1.2,22.5,tabriz,633.0,University of Tabriz,Iran,21199.0,23.6,7%,51 : 49,42.3175,27.9,21.4,75.7,44.9,45.0,2025.0
,,,,,,,,,,,,,,,,tabriz medical sciences,654.0,Tabriz University of Medical Sciences,Iran,8895.0,9.8,4%,49 : 51,41.66,40.9,15.3,70.2,37.0,34.9,2025.0
1001-1200,,University of Tabuk,SA,Saudi Arabia,L,5.2,2.4,18.7,3.0,92.4,2.2,38.0,2.2,1.0,-,tabuk,873.0,University of Tabuk,Saudi Arabia,19888.0,12.3,3%,32 : 68,36.9,22.4,10.5,69.0,20.8,76.2,2025.0
1001-1200,1001-1200,Taibah University,SA,Saudi Arabia,XL,6.1,2.1,4.5,3.6,94.4,2.0,38.6,2.0,1.1,-,taibah,1160.0,Taibah University,Saudi Arabia,57535.0,24.2,2%,61 : 39,31.3095,14.3,10.6,58.4,20.3,75.8,2025.0
,,,,,,,,,,,,,,,,taif,724.0,Taif University,Saudi Arabia,39303.0,17.9,3%,56 : 44,39.857,15.7,16.0,80.0,21.2,76.5,2025.0
,,,,,,,,,,,,,,,,taipei,1883.0,University of Taipei,Taiwan,8114.0,17.6,3%,60 : 40,18.158,17.1,17.1,14.8,29.3,33.9,2025.0
,,,,,,,,,,,,,,,,taipei medical,466.0,Taipei Medical University,Taiwan,6137.0,9.0,11%,59 : 41,47.1775,46.0,32.3,57.6,84.2,47.9,2025.0
611-620,577,Taipei Medical University (TMU),TW,Taiwan,M,10.6,12.5,90.4,18.9,16.0,13.7,22.9,8.1,8.3,-,taipei medical (tmu),,,,,,,,,,,,,,
,,,,,,,,,,,,,,,,talca,1535.0,University of Talca,Chile,11786.0,14.8,1%,52 : 48,24.761,18.1,14.2,33.4,34.4,52.1,2025.0
1001-1200,1001-1200,Tallinn University ,EE,Estonia,M,9.0,4.3,7.9,5.5,43.8,19.4,49.4,31.0,1.0,-,tallinn,1076.0,Tallinn University,Estonia,4469.0,9.6,15%,72 : 28,32.908,25.1,24.3,43.6,22.1,59.9,2025.0
,,,,,,,,,,,,,,,,tallinn technology,689.0,Tallinn University of Technology,Estonia,7728.0,10.1,13%,40 : 60,40.7275,28.3,20.2,63.3,58.9,69.0,2025.0
621-630,651-660,Tallinn University of Technology (TalTech),EE,Estonia,M,12.8,10.2,31.5,10.8,60.0,18.3,83.3,45.6,1.3,-,tallinn technology (taltech),,,,,,,,,,,,,,
,,,,,,,,,,,,,,,,tamil nadu agricultural,1753.0,Tamil Nadu Agricultural University,India,7353.0,10.4,0%,64 : 36,21.0055,35.0,12.0,16.1,27.2,17.1,2025.0
1201-1400,1201-1400,Tamkang University,TW,Taiwan,L,5.7,4.9,4.0,5.0,6.0,7.4,14.2,29.2,10.1,-,tamkang,1549.0,Tamkang University,Taiwan,22492.0,18.1,8%,47 : 53,24.453,16.4,11.7,36.7,47.8,44.0,2025.0
462,436,Tampere University,FI,Finland,L,21.7,15.4,20.4,33.1,44.5,5.9,84.8,30.8,23.0,26,tampere,329.0,Tampere University,Finland,16895.0,19.2,8%,53 : 47,52.07750000000001,30.2,38.9,80.4,93.5,53.7,2025.0
1201-1400,1201-1400,Tanta University ,EG,Egypt,XL,6.9,5.5,4.5,2.2,1.5,1.5,65.2,4.3,3.1,-,tanta,1147.0,Tanta University,Egypt,133134.0,21.5,1%,53 : 47,31.568,19.1,9.4,62.4,22.0,48.1,2025.0
,,,,,,,,,,,,,,,,tarapacá,1297.0,University of Tarapacá,Chile,10554.0,31.6,3%,54 : 46,28.9815,11.3,21.3,48.2,19.9,56.2,2025.0
701-710,681-690,Taras Shevchenko National University of Kyiv,UA,Ukraine,L,18.9,36.6,27.0,2.2,1.5,3.9,40.3,45.5,1.6,-,taras shevchenko national kyiv,1726.0,Taras Shevchenko National University of Kyiv,Ukraine,26028.0,10.4,6%,58 : 42,21.462,24.7,14.2,22.2,25.5,31.7,2025.0
358,358,University of Tartu,EE,Estonia,M,22.9,10.5,93.7,10.8,48.6,15.1,88.8,85.7,18.0,32,tartu,322.0,University of Tartu,Estonia,9449.0,8.6,13%,67 : 33,52.518,35.0,32.4,85.4,64.3,61.4,2025.0
,,,,,,,,,,,,,,,,tashkent information technologies,1711.0,Tashkent University of Information Technologies,Uzbekistan,18731.0,19.3,0%,21 : 79,21.7325,16.8,9.2,38.7,21.4,21.9,2025.0
,,,,,,,,,,,,,,,,tashkent institute of irrigation and agricultural mechanisation,608.0,Tashkent Institute of Irrigation and Agricultural Mechanisation,Uzbekistan,5216.0,6.8,5%,36 : 64,42.8995,33.4,12.8,81.3,48.8,39.9,2025.0
547,,Tashkent Institute of Irrigation and Agricultural Mechanization Engineers - National Research University (TIIAME-NRU),UZ,Uzbekistan,M,30.6,19.9,79.0,2.2,26.3,4.1,8.6,15.1,9.5,22.6,tashkent institute of irrigation and agricultural mechanization engineers - national research (tiiame-nru),,,,,,,,,,,,,,
293,307,University of Tasmania,AU,Australia,M,16.0,7.4,22.1,59.8,79.9,89.7,80.0,15.9,85.6,37,tasmania,288.0,University of Tasmania,Australia,14344.0,18.9,29%,60 : 40,54.26499999999999,32.0,36.3,81.6,76.7,90.0,2025.0
251,284,Taylor's University,MY,Malaysia,S,27.0,81.0,71.5,10.1,64.8,99.6,41.4,4.2,22.2,40.5,taylor's,,,,,,,,,,,,,,
,,,,,,,,,,,,,,,,technical berlin,140.0,Technical University of Berlin,Germany,20260.0,48.2,28%,36 : 64,62.449,45.4,54.7,79.5,99.7,71.4,2025.0
,,,,,,,,,,,,,,,,technical cartagena,1332.0,Technical University of Cartagena,Spain,4542.0,10.1,9%,28 : 72,28.2875,26.1,12.9,41.1,36.8,40.6,2025.0
1201-1400,1201-1400,Technical University of Cluj-Napoca,RO,Romania,L,4.6,7.1,7.6,3.9,2.1,2.7,38.1,3.8,2.1,-,technical cluj-napoca,1591.0,Technical University of Cluj-Napoca,Romania,18044.0,19.9,3%,37 : 63,23.75,15.4,13.4,39.6,36.9,26.2,2025.0
,,,,,,,,,,,,,,,,technical crete,1466.0,Technical University of Crete,Greece,6907.0,32.0,4%,31 : 69,25.7795,14.3,11.3,45.9,41.6,38.0,2025.0
241,246,Technical University of Darmstadt,DE,Germany,L,20.0,35.9,6.7,70.0,60.3,81.4,65.9,44.4,71.8,41.7,technical darmstadt,264.0,Technical University of Darmstadt,Germany,14153.0,33.1,24%,33 : 67,55.1725,42.7,48.0,65.0,99.9,68.8,2025.0
109,121,Technical University of Denmark,DK,Denmark,M,33.2,22.1,99.1,84.4,100.0,87.7,88.1,43.6,47.9,58.3,technical denmark,124.0,Technical University of Denmark,Denmark,10492.0,8.0,30%,34 : 66,64.36999999999999,49.8,46.8,84.0,99.8,92.2,2025.0
1001-1200,1001-1200,Technical University of Kosice,SK,Slovakia,M,7.5,4.4,19.8,5.5,1.5,56.2,37.2,4.5,1.0,-,technical kosice,,,,,,,,,,,,,,
1201-1400,1001-1200,Technical University of Liberec,CZ,Czech Republic,M,3.9,2.2,37.6,4.6,11.2,8.7,25.5,1.7,1.0,-,technical liberec,1596.0,Technical University of Liberec,Czech Republic,5155.0,10.9,10%,57 : 43,23.7005,24.2,19.4,19.6,39.2,46.5,2025.0
1201-1400,1201-1400,Technical University of Lublin,PL,Poland,M,5.8,2.1,18.4,3.7,,10.2,12.9,3.1,1.0,-,technical lublin,,,,,,,,,,,,,,
,,,,,,,,,,,,,,,,technical madrid,1007.0,Technical University of Madrid,Spain,39695.0,15.9,16%,34 : 66,34.23049999999999,25.5,18.1,48.8,68.1,54.6,2025.0
28,37,Technical University of Munich,DE,Germany,XL,83.0,98.6,76.8,75.9,80.4,98.6,95.6,34.5,93.1,83.2,technical munich,26.0,Technical University of Munich,Germany,34907.0,41.8,43%,35 : 65,83.4505,70.4,86.0,91.7,100.0,83.1,2025.0
,,,,,,,,,,,,,,,,technical sofia,1816.0,Technical University of Sofia,Bulgaria,11234.0,10.4,7%,25 : 75,19.638,22.7,11.6,21.3,34.5,24.1,2025.0
416,392,Technion - Israel Institute of Technology,IL,Israel,L,23.9,24.8,52.0,20.1,74.2,4.3,59.1,35.3,15.0,28.6,technion - israel institute of technology,,,,,,,,,,,,,,
,,,,,,,,,,,,,,,,technion israel institute of technology,430.0,Technion Israel Institute of Technology,Israel,15267.0,22.1,13%,40 : 60,48.376,36.6,35.8,63.6,68.3,71.8,2025.0
380,1401+,Technische Universität Bergakademie Freiberg,DE,Germany,S,4.9,4.8,3.5,99.1,41.4,100.0,41.6,1.9,1.1,30.8,technische universität bergakademie freiberg,,,,,,,,,,,,,,
147,154,Technische Universität Berlin (TU Berlin),DE,Germany,L,55.3,74.3,58.0,22.1,63.2,74.8,86.1,37.7,35.4,52.5,technische universität berlin (tu berlin),,,,,,,,,,,,,,
751-760,751-760,Technische Universität Braunschweig,DE,Germany,L,10.9,14.3,55.5,5.5,,24.2,66.4,12.6,7.3,-,technische universität braunschweig,,,,,,,,,,,,,,
234,246,Technische Universität Dresden,DE,Germany,L,36.3,42.5,80.3,28.5,35.8,27.6,93.8,8.8,75.8,42.6,technische universität dresden,,,,,,,,,,,,,,
,,,,,,,,,,,,,,,,technische universität ilmenau,1005.0,Technische Universität Ilmenau,Germany,4877.0,18.4,34%,29 : 71,34.245999999999995,33.2,22.4,33.7,76.9,63.6,2025.0
1201-1400,1401+,Technische Universität Kaiserslautern,DE,Germany,L,6.3,2.4,17.0,4.6,,,56.4,2.2,1.1,-,technische universität kaiserslautern,,,,,,,,,,,,,,
190,184,Technische Universität Wien,AT,Austria,M,33.9,50.4,12.5,73.8,85.5,90.4,71.6,19.1,11.3,47.2,technische universität wien,,,,,,,,,,,,,,
851-900,851-900,Technological University Dublin,IE,Ireland,L,12.6,13.1,12.3,3.1,31.8,38.8,43.9,16.2,28.2,-,technological dublin,1183.0,Technological University Dublin,Ireland,20396.0,18.6,18%,43 : 57,30.824,17.9,13.7,48.4,55.7,64.3,2025.0
,,,,,,,,,,,,,,,,technological pereira,2088.0,Technological University of Pereira,Colombia,17326.0,17.1,0%,43 : 57,11.682,15.5,2.8,10.2,18.5,33.3,2025.0
,,,,,,,,,,,,,,,,technology of compiègne,1200.0,University of Technology of Compiègne,France,4296.0,15.9,19%,41 : 59,30.6485,33.7,12.1,28.4,58.7,84.4,2025.0
,,,,,,,,,,,,,,,,technology of troyes,1365.0,University of Technology of Troyes,France,3114.0,19.0,24%,25 : 75,27.6665,29.9,12.7,26.0,41.2,76.2,2025.0
88,90,University of Technology Sydney,AU,Australia,L,43.9,55.0,9.8,97.7,96.6,86.0,91.4,40.2,96.3,62.4,technology sydney,156.0,University of Technology Sydney,Australia,28533.0,36.6,24%,51 : 49,61.682,35.2,42.5,94.9,88.2,93.0,2025.0
,,,,,,,,,,,,,,,,"technology, iraq",1092.0,"University of Technology, Iraq",Iraq,11626.0,7.7,0%,47 : 53,32.636,24.7,9.9,65.8,22.9,24.3,2025.0
1001-1200,951-1000,Tecnológico de Costa Rica -TEC,CR,Costa Rica,M,8.4,21.0,21.4,1.4,7.0,1.9,12.4,8.8,1.0,-,tecnológico de costa rica -tec,,,,,,,,,,,,,,
185,184,Tecnológico de Monterrey,MX,Mexico,XL,53.8,91.4,62.5,2.4,20.8,10.6,56.6,96.1,54.4,48.1,tecnológico de monterrey,745.0,Tecnológico de Monterrey,Mexico,17986.0,16.0,14%,43 : 57,39.432,23.3,23.4,61.0,62.5,66.3,2025.0
,,,,,,,,,,,,,,,,teesside,809.0,Teesside University,United Kingdom,15860.0,20.6,37%,56 : 44,38.0085,19.0,14.2,68.8,28.2,86.9,2025.0
368,360,University of Tehran,IR,"Iran, Islamic Republic of",XL,20.6,26.8,3.0,79.1,2.0,2.0,86.2,23.1,4.7,31.4,tehran,447.0,University of Tehran,Iran,55389.0,27.8,2%,46 : 54,47.73950000000001,37.0,33.7,72.5,65.6,35.7,2025.0
,,,,,,,,,,,,,,,,tehran medical sciences,553.0,Tehran University of Medical Sciences,Iran,12230.0,6.5,16%,55 : 45,44.427,49.4,25.3,54.2,77.3,42.2,2025.0
,,,,,,,,,,,,,,,,teikyo,1685.0,Teikyo University,Japan,22692.0,15.7,6%,36 : 64,22.2545,17.7,12.3,32.9,38.9,27.2,2025.0
209,215,Tel Aviv University,IL,Israel,L,32.0,18.6,4.2,99.4,39.7,7.0,77.9,88.4,46.2,45.2,tel aviv,228.0,Tel Aviv University,Israel,24033.0,22.8,7%,58 : 42,57.2725,40.4,49.1,79.5,78.7,54.9,2025.0
1001-1200,1001-1200,Telkom University,ID,Indonesia,L,8.7,12.1,21.3,1.5,35.5,6.5,10.0,5.7,1.5,-,telkom,1583.0,Telkom University,Indonesia,18936.0,16.1,8%,37 : 63,23.897,15.2,12.2,36.0,32.0,50.6,2025.0
681-690,721-730,Temple University,US,United States,L,12.3,7.1,29.2,16.9,3.0,5.7,77.2,23.2,61.9,-,temple,385.0,Temple University,United States,32761.0,11.8,6%,57 : 43,49.7745,41.7,23.1,83.2,66.6,42.0,2025.0
,,,,,,,,,,,,,,,,temuco catholic,1910.0,Temuco Catholic University,Chile,10450.0,10.5,0%,61 : 39,17.378500000000003,20.8,10.5,13.8,19.5,43.7,2025.0
481,446,"The University of Tennessee, Knoxville",US,United States,XL,10.1,8.2,9.5,76.3,4.9,2.4,77.3,11.0,15.0,25,"tennessee, knoxville",,,,,,,,,,,,,,
,,,,,,,,,,,,,,,,tennessee-knoxville,351.0,The University of Tennessee-Knoxville,United States,29284.0,17.3,4%,,51.03049999999999,37.8,31.8,79.1,71.0,54.5,2025.0
154,134,Texas A&M University,US,United States,XL,61.2,66.0,4.4,64.3,21.9,12.1,92.6,44.4,39.5,51.8,texas a&m,145.0,Texas A&M University,United States,66907.0,21.8,8%,48 : 52,62.20399999999999,52.7,57.3,74.3,73.2,64.3,2025.0
1001-1200,1001-1200,The University of Texas at Arlington,US,United States,XL,4.6,5.1,4.5,9.8,1.9,29.6,61.6,8.1,40.4,-,texas at arlington,696.0,University of Texas at Arlington,United States,38927.0,32.8,15%,62 : 38,40.56349999999999,25.4,23.4,64.8,64.8,56.7,2025.0
66,58,University of Texas at Austin,US,United States,XL,93.5,86.6,8.1,76.7,6.1,11.7,91.7,81.7,52.1,69.5,texas at austin,50.0,University of Texas at Austin,United States,50047.0,16.6,9%,55 : 45,75.8605,66.1,76.3,91.3,82.6,47.2,2025.0
,,,,,,,,,,,,,,,,texas at dallas,452.0,University of Texas at Dallas,United States,27266.0,23.8,17%,44 : 56,47.608,28.5,26.7,79.4,73.0,62.9,2025.0
,,,,,,,,,,,,,,,,texas at el paso,973.0,University of Texas at El Paso,United States,16926.0,21.7,6%,56 : 44,34.875,26.6,30.4,44.0,39.8,45.6,2025.0
1001-1200,1001-1200,University of Texas at San Antonio,US,United States,L,6.0,3.0,3.9,22.8,8.8,2.7,60.5,5.1,3.8,-,texas at san antonio,638.0,The University of Texas at San Antonio,United States,27811.0,28.0,3%,53 : 47,42.2105,22.4,24.4,76.6,60.1,41.9,2025.0
596,520,University of Texas Dallas,US,United States,L,13.1,15.9,3.4,43.3,9.7,47.4,60.4,4.9,9.5,20.8,texas dallas,,,,,,,,,,,,,,
1001-1200,1001-1200,University of Texas El Paso ,US,United States,L,4.4,2.6,5.7,14.2,9.0,5.3,66.2,3.0,2.9,-,texas el paso,,,,,,,,,,,,,,
,,,,,,,,,,,,,,,,texas rio grande valley,1455.0,University of Texas Rio Grande Valley,United States,27613.0,20.4,3%,61 : 39,25.9905,18.2,9.3,45.8,19.3,45.5,2025.0
,,,,,,,,,,,,,,,,texas state,1205.0,Texas State University,United States,30792.0,19.9,1%,61 : 39,30.578,18.3,20.2,48.1,36.6,45.7,2025.0
781-790,801-850,Texas Tech University,US,United States,XL,10.9,10.6,6.2,11.3,36.6,9.6,70.5,13.7,55.4,-,texas tech,770.0,Texas Tech University,United States,37331.0,21.1,6%,50 : 50,38.7445,30.1,21.2,56.4,60.8,58.2,2025.0
,,,,,,,,,,,,,,,,tezpur,1529.0,Tezpur University,India,4498.0,13.1,0%,47 : 53,24.8265,32.5,14.4,28.4,28.7,18.6,2025.0
596,600,Thammasat University,TH,Thailand,L,24.6,19.4,26.6,2.1,9.1,1.7,41.0,84.6,33.6,20.8,thammasat,1426.0,Thammasat University,Thailand,29481.0,10.9,2%,64 : 36,26.615,27.9,20.0,28.1,32.8,37.9,2025.0
851-900,951-1000,Thapar Institute of Engineering & Technology,IN,India,M,4.7,4.4,8.8,46.1,5.2,1.8,31.1,3.1,11.8,-,thapar institute of engineering & technology,,,,,,,,,,,,,,
,,,,,,,,,,,,,,,,thapar institute of engineering and technology,702.0,Thapar Institute of Engineering and Technology,India,9135.0,15.0,2%,35 : 65,40.4405,26.3,13.9,83.3,28.9,33.4,2025.0
,,,,,,,,,,,,,,,,thessaly,1230.0,University of Thessaly,Greece,26405.0,28.4,3%,51 : 49,30.029499999999995,15.1,14.7,55.8,42.3,38.4,2025.0
,,,,,,,,,,,,,,,,thi-qar,2002.0,University of Thi-Qar,Iraq,20728.0,13.7,0%,62 : 38,15.228,18.5,8.8,14.3,16.4,30.3,2025.0
,,,,,,,,,,,,,,,,thiagarajar college of engineering,1827.0,Thiagarajar College of Engineering,India,4420.0,16.8,0%,42 : 58,19.508,19.8,9.2,29.5,19.6,18.2,2025.0
269,285,Tianjin University,CN,China (Mainland),L,17.2,13.5,38.8,99.5,24.8,25.4,65.2,32.4,16.9,38.6,tianjin,213.0,Tianjin University,China,27081.0,8.9,15%,,57.9405,46.8,47.7,73.4,99.6,57.3,2025.0
,,,,,,,,,,,,,,,,tikrit,1936.0,Tikrit University,Iraq,34544.0,11.8,0%,40 : 60,16.649499999999996,28.3,8.3,12.0,16.1,22.0,2025.0
347,371,Tilburg University,NL,Netherlands,L,14.7,32.5,10.5,55.1,98.4,60.6,56.8,14.3,15.2,32.8,tilburg,302.0,Tilburg University,Netherlands,12738.0,24.5,23%,52 : 48,53.64849999999999,28.2,43.8,76.6,80.5,85.7,2025.0
,,,,,,,,,,,,,,,,tobb economics and technology,1394.0,TOBB University of Economics and Technology,Turkey,5196.0,13.3,1%,47 : 53,27.164,18.6,13.1,42.4,51.7,41.2,2025.0
,,,,,,,,,,,,,,,,toho,1528.0,Toho University,Japan,5386.0,13.6,0%,54 : 46,24.844,23.8,15.1,31.9,57.1,21.2,2025.0
107,113,Tohoku University,JP,Japan,L,73.8,82.8,97.8,23.9,14.1,11.4,68.3,22.6,78.6,58.8,tohoku,120.0,Tohoku University,Japan,17218.0,12.3,12%,28 : 72,64.9615,69.0,69.6,53.1,100.0,59.9,2025.0
1201-1400,1001-1200,Tokai University,JP,Japan,L,10.5,5.8,13.6,2.8,5.6,2.9,24.5,1.8,1.3,-,tokai,1404.0,Tokai University,Japan,28585.0,16.3,5%,28 : 72,27.008000000000003,18.1,12.8,45.9,45.6,31.5,2025.0
,,,,,,,,,,,,,,,,tokat gaziosmanpaşa,1701.0,Tokat Gaziosmanpaşa University,Turkey,23897.0,15.4,12%,37 : 63,21.9735,17.3,9.8,35.6,20.7,33.6,2025.0
1001-1200,1001-1200,Tokushima University,JP,Japan,M,4.4,1.8,64.0,5.6,2.5,2.2,18.4,4.1,1.0,-,tokushima,1340.0,Tokushima University,Japan,7467.0,9.6,2%,36 : 64,28.0785,29.6,21.4,25.6,88.7,25.5,2025.0
32,28,The University of Tokyo,JP,Japan,L,100.0,99.8,89.3,57.3,10.1,29.7,87.4,99.9,98.3,82.1,tokyo,28.0,The University of Tokyo,Japan,26438.0,10.4,17%,,83.3475,94.1,94.2,68.3,100.0,50.4,2025.0
,,,,,,,,,,,,,,,,tokyo agriculture,1914.0,Tokyo University of Agriculture,Japan,13080.0,33.1,2%,41 : 59,17.293,17.2,9.7,20.8,33.4,24.4,2025.0
851-900,801-850,Tokyo University of Agriculture and Technology ,JP,Japan,M,13.8,7.4,12.9,30.5,5.4,7.1,40.4,1.9,1.3,-,tokyo agriculture and technology,1027.0,Tokyo University of Agriculture and Technology,Japan,5884.0,15.9,7%,35 : 65,33.744,34.0,28.8,30.2,84.8,38.8,2025.0
,,,,,,,,,,,,,,,,tokyo city,1949.0,Tokyo City University,Japan,7593.0,27.1,2%,25 : 75,16.387,16.5,11.7,13.3,46.6,30.3,2025.0
,,,,,,,,,,,,,,,,tokyo denki,2034.0,Tokyo Denki University,Japan,9872.0,28.8,3%,13 : 87,14.444499999999998,14.8,9.1,12.6,50.8,21.7,2025.0
,,,,,,,,,,,,,,,,tokyo institute of technology,195.0,Tokyo Institute of Technology,Japan,9908.0,9.9,16%,16 : 84,59.1255,61.1,63.9,47.5,100.0,57.6,2025.0
84,91,Tokyo Institute of Technology (Tokyo Tech),JP,Japan,M,75.1,94.1,84.1,43.1,23.4,30.5,61.2,23.7,62.2,63.7,tokyo institute of technology (tokyo tech),,,,,,,,,,,,,,
,,,,,,,,,,,,,,,,tokyo marine science and technology,1445.0,Tokyo University of Marine Science and Technology,Japan,2580.0,10.5,9%,33 : 67,26.284,31.2,17.3,21.9,52.2,45.4,2025.0
,,,,,,,,,,,,,,,,tokyo medical,942.0,Tokyo Medical University,Japan,1338.0,3.3,1%,51 : 49,35.6435,35.3,17.0,53.1,69.5,21.2,2025.0
661-670,611-620,Tokyo Medical and Dental University (TMDU),JP,Japan,S,11.8,6.5,100.0,17.7,2.4,13.4,21.9,2.0,1.6,-,tokyo medical and dental (tmdu),470.0,Tokyo Medical and Dental University (TMDU),Japan,2920.0,4.2,12%,52 : 48,46.967,46.4,34.2,55.5,96.9,37.8,2025.0
1001-1200,951-1000,Tokyo Metropolitan University,JP,Japan,M,12.8,5.5,32.0,11.4,7.3,4.5,29.5,4.0,1.1,-,tokyo metropolitan,1450.0,Tokyo Metropolitan University,Japan,8823.0,10.4,6%,39 : 61,26.171000000000003,30.0,16.1,26.5,50.8,35.6,2025.0
751-760,661-670,Tokyo University of Science,JP,Japan,L,10.4,51.5,9.4,10.0,12.5,3.7,20.3,41.0,2.4,-,tokyo science,1417.0,Tokyo University of Science,Japan,17783.0,23.7,4%,25 : 75,26.825,22.9,24.8,25.5,73.5,30.5,2025.0
,,,,,,,,,,,,,,,,tokyo technology,2022.0,Tokyo University of Technology,Japan,7710.0,26.6,4%,35 : 65,14.764,15.7,12.2,9.7,29.3,33.5,2025.0
1001-1200,1001-1200,University of Toledo,US,United States,L,3.7,3.0,9.6,18.2,6.0,10.4,45.4,7.7,1.7,-,toledo,784.0,University of Toledo,United States,14982.0,16.2,9%,54 : 46,38.56699999999999,36.4,17.5,53.3,62.6,56.8,2025.0
1201-1400,1001-1200,Tomas Bata University in Zlin,CZ,Czech Republic,M,4.5,8.4,9.3,5.5,23.6,18.8,25.8,4.0,1.1,-,tomas bata in zlin,,,,,,,,,,,,,,
,,,,,,,,,,,,,,,,tomas bata in zlín,1307.0,Tomas Bata University in Zlín,Czech Republic,9234.0,19.4,12%,56 : 44,28.7445,21.3,21.3,37.1,27.6,54.0,2025.0
,,,,,,,,,,,,,,,,tomsk polytechnic,832.0,Tomsk Polytechnic University,Russian Federation,8810.0,10.1,33%,32 : 68,37.627,42.5,26.0,32.3,61.3,72.1,2025.0
431,418,Tomsk State University,RU,Russia,M,22.0,13.5,99.0,4.2,21.6,91.6,64.1,4.4,1.4,27.6,tomsk state,591.0,Tomsk State University,Russian Federation,7996.0,11.6,37%,,43.58449999999999,51.3,40.9,28.7,55.5,76.8,2025.0
,,,,,,,,,,,,,,,,tomsk state control systems and radioelectronics,1835.0,Tomsk State University of Control Systems and Radioelectronics,Russian Federation,6171.0,11.4,16%,29 : 71,19.265,22.2,11.6,15.5,44.8,38.8,2025.0
711-720,721-730,Ton Duc Thang University,VN,Vietnam,L,5.0,6.4,5.2,51.7,9.9,1.4,90.7,4.7,3.8,-,ton duc thang,683.0,Ton Duc Thang University,Vietnam,27483.0,18.2,1%,58 : 42,40.912,14.9,14.5,89.0,26.1,60.9,2025.0
192,216,Tongji University,CN,China (Mainland),XL,31.8,16.9,29.1,96.9,54.5,26.5,72.9,24.0,81.4,46.9,tongji,154.0,Tongji University,China,31767.0,11.3,20%,41 : 59,61.7365,51.6,53.3,72.8,99.0,70.1,2025.0
1201-1400,1201-1400,Toraighyrov University,KZ,Kazakhstan,M,8.5,4.8,17.8,1.2,6.8,3.1,3.9,3.3,1.0,-,toraighyrov,,,,,,,,,,,,,,
25,21,University of Toronto,CA,Canada,XL,99.7,96.9,44.9,50.8,96.9,96.1,97.7,98.7,100.0,84.1,toronto,21.0,University of Toronto,Canada,80107.0,25.2,29%,56 : 44,88.295,76.2,93.5,93.4,94.9,91.8,2025.0
801-850,851-900,Toronto Metropolitan University,CA,Canada,XL,8.0,12.0,1.8,26.4,35.4,8.1,57.0,15.1,3.8,-,toronto metropolitan,709.0,Toronto Metropolitan University,Canada,38884.0,41.9,10%,55 : 45,40.284,19.5,31.4,59.9,67.7,63.3,2025.0
,,,,,,,,,,,,,,,,tottori,1675.0,Tottori University,Japan,6009.0,8.3,2%,39 : 61,22.466,28.0,13.5,20.7,54.4,25.4,2025.0
,,,,,,,,,,,,,,,,toulouse,499.0,University of Toulouse,France,109715.0,24.1,16%,56 : 44,45.9875,30.4,31.1,65.7,68.7,73.9,2025.0
,,,,,,,,,,,,,,,,tours,1069.0,University of Tours,France,29924.0,21.2,12%,61 : 39,33.075,29.5,16.4,43.7,46.6,61.9,2025.0
,,,,,,,,,,,,,,,,toyama,1440.0,University of Toyama,Japan,8890.0,10.7,3%,38 : 62,26.3525,27.4,15.1,29.2,66.2,33.1,2025.0
,,,,,,,,,,,,,,,,toyama prefectural,1990.0,Toyama Prefectural University,Japan,2010.0,10.0,1%,33 : 67,15.4195,23.8,9.7,8.9,30.7,22.5,2025.0
,,,,,,,,,,,,,,,,toyo,2047.0,Toyo University,Japan,29829.0,23.2,7%,41 : 59,14.0315,14.4,9.1,9.6,31.8,39.9,2025.0
,,,,,,,,,,,,,,,,toyohashi technology (tut),1362.0,Toyohashi University of Technology (TUT),Japan,1986.0,10.5,14%,13 : 87,27.7605,29.1,21.2,21.5,81.2,44.4,2025.0
,,,,,,,,,,,,,,,,toyota technological institute,1073.0,Toyota Technological Institute,Japan,508.0,10.0,1%,8 : 92,32.9465,27.8,20.2,44.6,71.5,35.3,2025.0
,,,,,,,,,,,,,,,,trakia,2066.0,Trakia University,Bulgaria,6796.0,11.6,9%,68 : 32,13.2965,20.7,9.7,5.4,18.3,27.0,2025.0
,,,,,,,,,,,,,,,,trakya,1997.0,Trakya University,Turkey,41682.0,22.6,11%,49 : 51,15.339,12.7,9.3,19.3,19.7,30.9,2025.0
1201-1400,1201-1400,Transilvania University of Brasov,RO,Romania,L,6.4,5.5,5.1,3.7,5.4,2.1,48.1,4.0,1.0,-,transilvania brasov,,,,,,,,,,,,,,
,,,,,,,,,,,,,,,,transilvania brașov,1395.0,Transilvania University of Brașov,Romania,20058.0,23.8,1%,52 : 48,27.1435,15.1,13.2,48.4,36.9,38.2,2025.0
506,429,University of Trento,IT,Italy,L,24.9,10.5,22.0,32.7,29.6,6.1,85.8,4.4,19.0,24,trento,342.0,University of Trento,Italy,14213.0,17.6,9%,52 : 48,51.246,33.7,35.1,78.9,70.7,61.7,2025.0
,,,,,,,,,,,,,,,,tribhuvan,1562.0,Tribhuvan University,Nepal,483765.0,31.9,0%,52 : 48,24.2885,10.8,8.0,48.6,17.5,46.7,2025.0
721-730,691-700,University of Trieste,IT,Italy,L,11.7,4.0,3.6,43.3,7.3,7.9,70.4,14.6,2.6,-,trieste,544.0,University of Trieste,Italy,17589.0,24.9,7%,57 : 43,44.603,33.0,26.4,70.8,54.8,50.4,2025.0
,,,,,,,,,,,,,,,,trinity college dublin,139.0,Trinity College Dublin,Ireland,19659.0,23.2,39%,62 : 38,62.55649999999999,43.3,47.7,85.8,83.5,91.6,2025.0
87,81,"Trinity College Dublin, The University of Dublin",IE,Ireland,L,69.5,47.4,20.2,58.4,99.3,88.0,91.3,88.6,57.7,62.9,"trinity college dublin, dublin",,,,,,,,,,,,,,
621-630,577,University of Tromsø The Arctic University of Norway,NO,Norway,L,11.0,4.3,68.3,8.9,69.3,7.0,78.4,5.6,10.5,-,tromsø arctic norway,,,,,,,,,,,,,,
,,,,,,,,,,,,,,,,trás-os-montes and alto douro,1237.0,University of Trás-os-Montes and Alto Douro,Portugal,7527.0,10.7,8%,51 : 49,29.936,22.0,16.4,47.2,36.0,41.2,2025.0
20,25,Tsinghua University,CN,China (Mainland),XL,99.2,97.7,95.0,99.1,18.1,13.4,79.2,92.3,40.4,86.5,tsinghua,12.0,Tsinghua University,China,38289.0,11.0,9%,,92.464,95.4,98.4,93.5,100.0,49.8,2025.0
377,355,University of Tsukuba,JP,Japan,L,36.6,22.5,54.7,17.3,12.4,19.3,66.9,9.8,63.4,31.1,tsukuba,399.0,University of Tsukuba,Japan,15383.0,12.2,16%,38 : 62,49.35850000000001,50.5,43.8,49.6,77.1,50.6,2025.0
,,,,,,,,,,,,,,,,tu braunschweig,593.0,TU Braunschweig,Germany,15245.0,18.4,15%,42 : 58,43.52899999999999,35.3,25.5,59.8,83.7,59.1,2025.0
801-850,851-900,TU Dortmund University,DE,Germany,L,14.1,16.0,28.1,6.2,22.4,17.1,61.1,6.8,3.7,-,tu dortmund,437.0,TU Dortmund University,Germany,18232.0,54.1,15%,49 : 51,48.055,35.5,42.1,60.1,76.9,56.9,2025.0
,,,,,,,,,,,,,,,,tu dresden,160.0,TU Dresden,Germany,21294.0,19.8,15%,49 : 51,61.1125,47.2,50.6,78.6,99.8,65.9,2025.0
,,,,,,,,,,,,,,,,tu wien,303.0,TU Wien,Austria,10606.0,17.6,33%,32 : 68,53.6455,45.0,46.7,55.1,93.0,87.7,2025.0
344,379,Tufts University,US,United States,L,16.9,7.7,53.5,45.7,23.5,38.1,60.2,56.1,81.0,32.9,tufts,179.0,Tufts University,United States,12647.0,11.0,17%,58 : 42,59.854,50.7,36.3,89.1,72.7,63.1,2025.0
,,,,,,,,,,,,,,,,tula state,2091.0,Tula State University,Russian Federation,18622.0,19.3,3%,39 : 61,10.864,15.2,9.2,5.1,17.8,19.6,2025.0
631-640,600,Tulane University,US,United States,L,9.8,6.0,84.7,9.7,9.9,10.8,75.4,26.0,8.0,-,tulane,432.0,Tulane University,United States,13029.0,7.8,11%,61 : 39,48.3295,43.2,23.1,74.4,66.1,52.3,2025.0
1001-1200,1001-1200,University of Tulsa,US,United States,S,3.2,2.1,35.1,11.5,7.0,17.8,20.4,13.7,1.1,-,tulsa,576.0,The University of Tulsa,United States,3853.0,11.2,11%,49 : 51,43.964,37.3,17.6,72.5,63.6,47.5,2025.0
1201-1400,1201-1400,Tunghai University,TW,Taiwan,L,6.5,5.4,4.6,5.4,8.4,8.8,24.4,13.8,7.9,-,tunghai,1436.0,Tunghai University,Taiwan,15438.0,20.8,9%,55 : 45,26.4395,15.0,15.6,40.9,43.7,46.3,2025.0
,,,,,,,,,,,,,,,,tunis,1655.0,University of Tunis,Tunisia,17667.0,11.3,2%,71 : 29,22.8525,30.9,10.4,22.7,25.4,38.6,2025.0
,,,,,,,,,,,,,,,,tunis el manar,909.0,University of Tunis El Manar,Tunisia,19015.0,8.7,8%,75 : 25,36.181,44.5,25.4,29.7,66.5,54.9,2025.0
371,364,University of Turin,IT,Italy,XL,41.5,7.2,3.2,33.3,4.1,5.3,87.5,51.7,83.6,31.3,turin,462.0,University of Turin,Italy,61291.0,27.0,6%,62 : 38,47.2475,24.2,31.7,82.2,73.7,44.1,2025.0
375,315,University of Turku,FI,Finland,L,27.8,12.1,52.3,29.3,33.2,4.4,86.3,39.9,52.5,31.2,turku,350.0,University of Turku,Finland,13835.0,15.8,6%,64 : 36,51.0545,31.7,35.6,82.6,65.6,53.0,2025.0
,,,,,,,,,,,,,,,,tuscia,756.0,University of Tuscia,Italy,5915.0,20.0,5%,51 : 49,39.0105,23.1,23.7,66.3,53.7,43.8,2025.0
233,210,University of Twente,NL,Netherlands,M,20.7,32.0,43.3,61.3,100.0,90.4,87.6,20.0,13.8,42.7,twente,182.0,University of Twente,Netherlands,8742.0,11.6,41%,37 : 63,59.6525,43.6,46.4,74.6,99.3,93.1,2025.0
1201-1400,1001-1200,University of Tyumen,RU,Russia,M,3.6,2.1,37.1,1.6,4.5,13.8,27.0,4.5,1.3,-,tyumen,,,,,,,,,,,,,,
,,,,,,,,,,,,,,,,tzu chi,1473.0,Tzu Chi University,Taiwan,3190.0,9.4,8%,61 : 39,25.677,25.3,26.7,19.3,64.7,27.9,2025.0
,,,,,,,,,,,,,,,,tübingen,100.0,University of Tübingen,Germany,21337.0,27.8,15%,59 : 41,66.247,47.8,55.1,89.0,99.8,73.0,2025.0
9,9,UCL,UK,United Kingdom,XL,99.5,98.3,95.9,72.2,99.0,100.0,99.9,70.3,74.8,91.6,ucl,22.0,UCL,United Kingdom,41935.0,11.1,61%,60 : 40,87.73349999999999,77.6,86.2,98.4,74.9,97.7,2025.0
265,300,UCSI University,MY,Malaysia,M,27.0,65.1,78.1,3.6,89.1,95.8,37.6,10.2,27.9,38.8,ucsi,,,,,,,,,,,,,,
1401+,1401+,Udayana University,ID,Indonesia,XL,6.4,4.7,5.7,1.4,7.4,3.4,12.3,3.7,1.0,-,udayana,,,,,,,,,,,,,,
,,,,,,,,,,,,,,,,udine,705.0,University of Udine,Italy,12130.0,17.2,5%,55 : 45,40.38499999999999,28.9,20.5,68.3,57.8,41.5,2025.0
,,,,,,,,,,,,,,,,"uees, espiritu santo",681.0,"UEES, Espiritu Santo University",Ecuador,4030.0,11.9,25%,51 : 49,41.075,36.8,14.9,58.3,37.7,92.0,2025.0
,,,,,,,,,,,,,,,,ueh,512.0,UEH University,Vietnam,30805.0,49.4,0%,63 : 37,45.437000000000005,13.3,26.8,93.2,53.6,48.5,2025.0
,,,,,,,,,,,,,,,,ufa science and technology,2031.0,Ufa University of Science and Technology,Russian Federation,25386.0,13.8,6%,43 : 57,14.4565,19.3,10.8,9.7,23.4,23.8,2025.0
,,,,,,,,,,,,,,,,ufa state petroleum technological,1948.0,Ufa State Petroleum Technological University,Russian Federation,12250.0,7.7,12%,40 : 60,16.4375,23.5,8.0,14.2,16.5,30.2,2025.0
,,,,,,,,,,,,,,,,uit arctic norway,648.0,UiT The Arctic University of Norway,Norway,15578.0,10.7,8%,59 : 41,41.846,27.9,23.0,66.9,48.7,65.7,2025.0
,,,,,,,,,,,,,,,,ulm,199.0,Ulm University,Germany,10316.0,24.4,14%,52 : 48,58.712,39.7,40.5,87.9,99.7,65.3,2025.0
801-850,751-760,University of Ulsan ,KR,South Korea,M,5.0,2.3,60.0,33.6,2.0,2.4,28.8,3.8,5.6,-,ulsan,575.0,University of Ulsan,South Korea,11901.0,10.7,3%,46 : 54,43.9885,29.5,27.3,73.1,90.6,24.2,2025.0
280,266,Ulsan National Institute of Science and Technology (UNIST),KR,South Korea,S,13.6,13.5,87.9,98.1,29.3,9.6,24.8,3.3,16.1,38,ulsan national institute of science and technology (unist),218.0,Ulsan National Institute of Science and Technology (UNIST),South Korea,3803.0,11.6,9%,28 : 72,57.662,48.0,39.8,83.2,97.0,41.6,2025.0
559,498,Ulster University,UK,United Kingdom,L,8.1,11.3,9.6,11.5,99.8,77.6,73.4,6.8,62.2,22.3,ulster,706.0,Ulster University,United Kingdom,18805.0,18.3,12%,57 : 43,40.333,21.7,22.4,63.2,52.7,84.9,2025.0
456,465,Umea University,SE,Sweden,L,19.9,11.6,71.8,15.2,51.1,21.8,78.0,9.0,26.3,26.3,umea,,,,,,,,,,,,,,
,,,,,,,,,,,,,,,,umeå,401.0,Umeå University,Sweden,13648.0,9.9,8%,62 : 38,49.354,29.1,32.8,79.9,62.0,64.1,2025.0
559,601-610,Umm Al-Qura University ,SA,Saudi Arabia,XL,20.7,12.8,54.7,2.2,100.0,16.0,59.7,6.7,3.1,22.3,umm al-qura,475.0,Umm Al-Qura University,Saudi Arabia,32557.0,12.2,8%,54 : 46,46.782,35.2,24.1,75.4,35.1,71.8,2025.0
489,419,UNESP,BR,Brazil,XL,41.1,25.8,13.0,16.2,5.9,2.7,70.9,1.5,14.5,24.5,unesp,,,,,,,,,,,,,,
,,,,,,,,,,,,,,,,unir – international la rioja,1548.0,UNIR – International University of La Rioja,Spain,42051.0,42.0,38%,63 : 37,24.4555,12.2,15.2,37.8,19.9,57.5,2025.0
,,,,,,,,,,,,,,,,unisinos,1492.0,Unisinos University,Brazil,9338.0,20.4,0%,53 : 47,25.332,31.8,18.6,23.1,36.3,29.0,2025.0
261,290,United Arab Emirates University,AE,United Arab Emirates,M,30.1,38.3,49.8,16.6,100.0,34.2,86.2,82.0,36.6,39.4,united arab emirates,252.0,United Arab Emirates University,United Arab Emirates,9024.0,13.9,18%,73 : 27,55.732,28.4,37.3,88.9,81.3,88.2,2025.0
1401+,1201-1400,United International University,BD,Bangladesh,M,6.3,8.7,3.0,2.5,,1.1,8.8,3.9,1.0,-,united international,,,,,,,,,,,,,,
576,567,Universidad Adolfo Ibáñez,CL,Chile,M,20.6,57.0,4.7,4.6,36.9,3.9,31.5,53.3,2.0,21.4,universidad adolfo ibáñez,,,,,,,,,,,,,,
1401+,1201-1400,Universidad Alberto Hurtado,CL,Chile,M,8.6,4.2,3.1,2.8,12.7,1.7,8.2,2.2,1.0,-,universidad alberto hurtado,,,,,,,,,,,,,,
1001-1200,1001-1200,Universidad Andrés Bello,CL,Chile,XL,12.3,7.4,6.9,2.3,7.1,1.9,51.2,2.1,4.0,-,universidad andrés bello,,,,,,,,,,,,,,
,,,,,,,,,,,,,,,,universidad andrés bello (unab),1653.0,Universidad Andrés Bello (UNAB),Chile,47619.0,18.0,3%,54 : 46,22.8655,15.3,10.7,34.7,24.6,51.4,2025.0
801-850,771-780,Universidad Anáhuac México,MX,Mexico,L,13.1,20.4,50.0,1.1,5.3,3.0,5.8,61.8,1.0,-,universidad anáhuac méxico,,,,,,,,,,,,,,
524,520,Universidad Austral,AR,Argentina,M,20.9,36.2,79.7,1.9,2.7,7.5,10.2,65.9,1.3,23.4,universidad austral,,,,,,,,,,,,,,
1001-1200,1001-1200,Universidad Austral de Chile,CL,Chile,L,13.9,8.0,3.1,7.3,15.6,1.6,45.4,3.5,5.6,-,universidad austral de chile,,,,,,,,,,,,,,
1401+,1401+,Universidad Autonoma de Yucatan,MX,Mexico,L,5.5,1.5,4.9,2.4,2.2,1.1,10.1,1.6,1.0,-,universidad autonoma de yucatan,,,,,,,,,,,,,,
1001-1200,1001-1200,Universidad Autónoma Chapingo,MX,Mexico,M,3.7,2.5,80.2,1.4,2.6,1.3,3.8,4.8,1.0,-,universidad autónoma chapingo,1932.0,Universidad Autónoma Chapingo,Mexico,10586.0,10.6,0%,47 : 53,16.785,24.1,17.9,6.6,16.3,24.7,2025.0
1401+,1201-1400,Universidad Autónoma de Aguascalientes,MX,Mexico,L,3.1,1.6,32.5,1.2,,,10.8,1.6,1.0,-,universidad autónoma de aguascalientes,,,,,,,,,,,,,,
1401+,1201-1400,Universidad Autónoma de Baja California,MX,Mexico,XL,6.6,4.4,4.4,1.5,2.6,1.1,12.5,2.1,7.5,-,universidad autónoma de baja california,,,,,,,,,,,,,,
1401+,1401+,Universidad Autónoma de Chile,CL,Chile,XL,5.3,2.0,4.2,3.1,12.4,1.4,32.6,2.1,2.8,-,universidad autónoma de chile,1461.0,Universidad Autónoma de Chile,Chile,30323.0,27.9,1%,64 : 36,25.951,12.5,14.2,44.0,19.2,55.7,2025.0
,,,,,,,,,,,,,,,,universidad autónoma de ciudad juárez,2071.0,Universidad Autónoma de Ciudad Juárez,Mexico,36524.0,15.5,3%,56 : 44,13.083,16.0,8.0,8.9,17.2,35.8,2025.0
,,,,,,,,,,,,,,,,universidad autónoma de coahuila,2053.0,Universidad Autónoma de Coahuila,Mexico,36768.0,42.6,0%,58 : 42,13.836,16.5,8.3,12.7,17.6,27.3,2025.0
1201-1400,1001-1200,Universidad Autónoma de Guadalajara (UAG),MX,Mexico,M,6.5,3.8,19.6,1.1,37.9,23.0,2.1,2.0,,-,universidad autónoma de guadalajara (uag),,,,,,,,,,,,,,
198,199,Universidad Autónoma de Madrid,ES,Spain,XL,61.0,64.3,29.1,21.0,7.7,10.4,92.0,43.1,79.6,46.3,universidad autónoma de madrid,,,,,,,,,,,,,,
1001-1200,1001-1200,Universidad Autónoma de Nuevo León,MX,Mexico,XL,14.5,8.5,2.3,1.8,2.9,1.1,35.9,13.4,10.6,-,universidad autónoma de nuevo león,,,,,,,,,,,,,,
,,,,,,,,,,,,,,,,universidad autónoma de nuevo león (uanl),2023.0,Universidad Autónoma de Nuevo León (UANL),Mexico,132817.0,47.4,0%,49 : 51,14.756,13.1,9.4,16.3,21.7,32.1,2025.0
,,,,,,,,,,,,,,,,universidad autónoma de querétaro,1925.0,Universidad Autónoma de Querétaro,Mexico,25403.0,44.4,1%,58 : 42,16.914499999999997,18.5,11.0,16.6,27.8,29.0,2025.0
1401+,1401+,Universidad Autónoma de Querétaro (UAQ),MX,Mexico,L,4.4,2.4,6.0,2.1,3.8,1.5,7.3,2.0,1.0,-,universidad autónoma de querétaro (uaq),,,,,,,,,,,,,,
1401+,1401+,Universidad Autónoma de San Luis de Potosí,MX,Mexico,XL,5.9,1.8,5.4,2.4,1.6,1.3,21.4,1.6,1.1,-,universidad autónoma de san luis de potosí,,,,,,,,,,,,,,
,,,,,,,,,,,,,,,,universidad autónoma de yucatán,2016.0,Universidad Autónoma de Yucatán,Mexico,19148.0,19.9,1%,50 : 50,14.9335,15.1,10.1,13.8,23.0,33.2,2025.0
,,,,,,,,,,,,,,,,universidad autónoma del estado de hidalgo,2077.0,Universidad Autónoma del Estado de Hidalgo,Mexico,38714.0,22.3,1%,59 : 41,12.642499999999998,13.7,9.5,10.4,19.4,26.0,2025.0
1201-1400,1001-1200,Universidad Autónoma del Estado de Hidalgo (UAEH),MX,Mexico,XL,3.2,6.0,45.2,1.4,2.0,1.6,8.3,2.1,5.8,-,universidad autónoma del estado de hidalgo (uaeh),,,,,,,,,,,,,,
,,,,,,,,,,,,,,,,universidad autónoma del estado de mexico (uaemex),2033.0,Universidad Autónoma del Estado de Mexico (UAEMex),Mexico,68433.0,9.9,1%,59 : 41,14.446500000000002,23.1,9.1,7.7,17.2,26.6,2025.0
,,,,,,,,,,,,,,,,universidad autónoma del estado de morelos,2048.0,Universidad Autónoma del Estado de Morelos,Mexico,30635.0,20.7,0%,56 : 44,13.9215,15.5,13.0,8.6,26.6,25.8,2025.0
1401+,1401+,Universidad Autónoma del Estado de Morelos (UAEM),MX,Mexico,L,3.5,1.8,15.5,1.6,2.6,1.2,17.4,1.9,1.0,-,universidad autónoma del estado de morelos (uaem),,,,,,,,,,,,,,
1001-1200,1001-1200,Universidad Autónoma del Estado de México (UAEMex),MX,Mexico,XL,19.3,8.2,4.6,1.5,3.0,1.3,16.0,1.8,4.9,-,universidad autónoma del estado de méxico (uaemex),,,,,,,,,,,,,,
951-1000,901-950,Universidad Autónoma Metropolitana (UAM),MX,Mexico,XL,23.6,11.3,3.7,2.5,7.8,1.2,45.6,4.6,9.4,-,universidad autónoma metropolitana (uam),,,,,,,,,,,,,,
1401+,1201-1400,Universidad Bernardo O'Higgins,CL,Chile,M,4.6,4.3,9.9,2.0,13.3,2.1,13.1,2.2,1.0,-,universidad bernardo o'higgins,,,,,,,,,,,,,,
285,319,Universidad Carlos III de Madrid (UC3M),ES,Spain,L,33.5,56.3,49.5,4.1,64.8,52.3,66.3,20.7,68.3,37.2,universidad carlos iii de madrid (uc3m),,,,,,,,,,,,,,
741-750,582,Universidad Católica Andres Bello,VE,Venezuela,M,28.4,50.8,4.3,1.0,3.5,2.7,,18.9,,-,universidad católica andres bello,,,,,,,,,,,,,,
1401+,1401+,"Universidad Católica Boliviana ""San Pablo""",BO,Bolivia,L,3.9,2.9,4.2,1.1,2.3,2.7,7.7,26.2,1.0,-,"universidad católica boliviana ""san pablo""",,,,,,,,,,,,,,
1401+,1401+,Universidad Católica de Colombia ,CO,Colombia,M,6.1,3.2,5.1,1.6,3.3,1.1,5.0,2.3,1.0,-,universidad católica de colombia,,,,,,,,,,,,,,
,,,,,,,,,,,,,,,,universidad católica de la santísima concepción,1663.0,Universidad Católica de la Santísima Concepción,Chile,9750.0,22.5,1%,56 : 44,22.709,14.0,21.0,27.2,17.1,48.6,2025.0
1401+,1401+,Universidad Católica de La Santísima Concepción - UCSC,CL,Chile,M,3.4,2.1,8.2,2.8,5.2,1.1,28.3,2.0,1.2,-,universidad católica de la santísima concepción - ucsc,,,,,,,,,,,,,,
1401+,1401+,Universidad Católica de Santiago de Guayaquil,EC,Ecuador,L,4.5,3.4,1.3,1.5,16.7,1.2,10.3,16.6,1.0,-,universidad católica de santiago de guayaquil,,,,,,,,,,,,,,
1401+,1201-1400,Universidad Católica de Temuco,CL,Chile,M,4.1,1.4,2.0,4.8,35.1,,14.3,2.0,1.1,-,universidad católica de temuco,,,,,,,,,,,,,,
,,,,,,,,,,,,,,,,universidad católica del maule,1804.0,Universidad Católica del Maule,Chile,11931.0,22.3,2%,57 : 43,19.851,13.2,14.9,22.9,16.4,54.8,2025.0
1201-1400,1201-1400,Universidad Católica del Norte,CL,Chile,M,4.5,2.3,6.7,5.9,13.5,3.8,46.2,2.0,8.5,-,universidad católica del norte,,,,,,,,,,,,,,
901-950,851-900,Universidad Católica del Uruguay (UCU),UY,Uruguay,S,12.5,12.8,64.4,1.2,9.5,2.8,6.4,15.1,1.0,-,universidad católica del uruguay (ucu),,,,,,,,,,,,,,
,,,,,,,,,,,,,,,,universidad católica san antonio de murcia (ucam),1448.0,Universidad Católica San Antonio de Murcia (UCAM),Spain,12404.0,19.5,13%,53 : 47,26.212,19.5,15.7,34.6,37.1,53.9,2025.0
901-950,851-900,"Universidad Central ""Marta Abreu"" de Las Villas",CU,Cuba,M,5.3,1.4,99.7,1.2,1.1,1.2,17.4,21.8,1.0,-,"universidad central ""marta abreu"" de las villas",,,,,,,,,,,,,,
1401+,1401+,Universidad Central de Chile,CL,Chile,L,4.4,2.4,3.0,1.7,4.6,1.8,9.4,2.0,1.0,-,universidad central de chile,,,,,,,,,,,,,,
691-700,631-640,Universidad Central de Venezuela,VE,Venezuela,L,21.0,40.6,27.1,1.1,2.6,1.4,21.5,51.4,1.0,-,universidad central de venezuela,,,,,,,,,,,,,,
1201-1400,1201-1400,Universidad Central del Ecuador,EC,Ecuador,L,8.1,3.6,11.3,1.2,,,10.1,20.9,1.0,-,universidad central del ecuador,,,,,,,,,,,,,,
,,,,,,,,,,,,,,,,universidad científica del sur,1917.0,Universidad Científica del Sur,Peru,16266.0,8.6,1%,64 : 36,17.118499999999997,22.5,8.9,13.2,16.0,44.0,2025.0
621-630,538,Universidad de Alcalá,ES,Spain,L,9.7,5.8,60.0,5.6,10.6,44.9,77.1,7.7,59.0,-,universidad de alcalá,,,,,,,,,,,,,,
791-800,701-710,Universidad de Antioquia,CO,Colombia,XL,29.1,20.8,4.1,4.3,3.7,1.2,48.1,20.4,2.9,-,universidad de antioquia,,,,,,,,,,,,,,
781-790,761-770,Universidad de Belgrano,AR,Argentina,M,9.4,12.7,86.6,1.0,5.4,24.1,2.5,37.4,,-,universidad de belgrano,,,,,,,,,,,,,,
71,95,Universidad de Buenos Aires (UBA),AR,Argentina,XL,94.1,94.1,71.7,1.6,63.9,64.6,73.4,99.8,51.8,67.6,universidad de buenos aires (uba),,,,,,,,,,,,,,
1401+,1401+,Universidad de Caldas,CO,Colombia,L,4.9,2.4,3.5,1.5,,,6.5,2.1,1.0,-,universidad de caldas,,,,,,,,,,,,,,
1401+,1201-1400,Universidad de Carabobo,VE,Venezuela,L,4.7,6.1,17.4,1.0,,,3.1,5.4,1.0,-,universidad de carabobo,,,,,,,,,,,,,,
1401+,1201-1400,Universidad de Cartagena,CO,Colombia,L,4.8,2.7,4.0,3.2,2.2,1.1,11.0,2.1,1.2,-,universidad de cartagena,1391.0,Universidad de Cartagena,Colombia,23440.0,21.5,1%,53 : 47,27.2195,13.1,9.4,56.5,18.1,39.4,2025.0
1001-1200,951-1000,Universidad de Castilla-La Mancha,ES,Spain,L,7.9,2.1,16.9,9.7,2.1,5.2,71.6,4.9,8.8,-,universidad de castilla-la mancha,,,,,,,,,,,,,,
139,159,Universidad de Chile,CL,Chile,XL,82.8,90.0,8.0,11.2,8.5,4.5,77.1,96.1,64.1,53.7,universidad de chile,,,,,,,,,,,,,,
631-640,601-610,Universidad de Concepción,CL,Chile,L,26.2,22.4,14.8,6.7,10.6,1.7,61.1,12.5,45.9,-,universidad de concepción,,,,,,,,,,,,,,
497,544,Universidad de Costa Rica,CR,Costa Rica,XL,35.4,24.3,32.3,1.6,2.4,2.0,45.5,81.6,16.9,24.2,universidad de costa rica,,,,,,,,,,,,,,
1401+,1401+,Universidad de Cuenca,EC,Ecuador,L,7.2,2.2,4.9,2.0,2.2,1.4,24.4,7.8,2.7,-,universidad de cuenca,,,,,,,,,,,,,,
1401+,1201-1400,Universidad de Córdoba - Colombia,CO,Colombia,L,11.8,2.4,2.9,1.4,,,5.3,1.9,1.0,-,universidad de córdoba - colombia,,,,,,,,,,,,,,
951-1000,1001-1200,Universidad de Córdoba - España,ES,Spain,L,10.6,3.9,26.5,12.0,,,84.2,4.8,5.6,-,universidad de córdoba - españa,,,,,,,,,,,,,,
1001-1200,851-900,Universidad de Guadalajara (UDG),MX,Mexico,XL,18.9,7.5,17.1,1.2,2.2,1.1,47.1,5.8,6.0,-,universidad de guadalajara (udg),,,,,,,,,,,,,,
1401+,1201-1400,Universidad de Guanajuato,MX,Mexico,XL,7.1,2.1,5.0,2.8,5.9,1.3,22.9,6.8,1.1,-,universidad de guanajuato,,,,,,,,,,,,,,
1001-1200,1201-1400,Universidad de La Frontera (UFRO),CL,Chile,M,10.3,3.0,4.1,9.3,6.0,1.2,53.3,2.3,1.5,-,universidad de la frontera (ufro),,,,,,,,,,,,,,
691-700,641-650,Universidad de La Habana,CU,Cuba,L,17.0,10.6,72.8,1.5,1.8,3.7,17.8,76.5,1.0,-,universidad de la habana,,,,,,,,,,,,,,
661-670,801-850,Universidad de la República (Udelar),UY,Uruguay,XL,27.1,13.7,14.2,1.6,7.9,2.3,62.4,87.7,2.6,-,universidad de la república (udelar),,,,,,,,,,,,,,
951-1000,791-800,Universidad de La Sabana,CO,Colombia,M,21.0,25.5,14.2,2.0,3.9,1.8,13.1,10.5,1.1,-,universidad de la sabana,,,,,,,,,,,,,,
1401+,1401+,Universidad de La Salle,CO,Colombia,M,6.0,3.9,6.4,1.3,2.9,1.3,5.0,2.2,1.0,-,universidad de la salle,,,,,,,,,,,,,,
1401+,1401+,Universidad de La Serena,CL,Chile,M,4.0,2.6,3.3,5.6,4.4,1.3,14.7,2.1,1.1,-,universidad de la serena,,,,,,,,,,,,,,
1201-1400,1201-1400,Universidad de Las Américas (UDLA) Ecuador,EC,Ecuador,L,8.3,3.8,13.3,1.7,19.2,2.5,15.7,4.9,1.0,-,universidad de las américas (udla) ecuador,,,,,,,,,,,,,,
1001-1200,951-1000,Universidad de las Américas Puebla (UDLAP),MX,Mexico,M,7.9,9.1,44.2,1.9,21.5,7.4,6.9,3.8,1.0,-,universidad de las américas puebla (udlap),,,,,,,,,,,,,,
1401+,1201-1400,Universidad de las Fuerzas Armadas ESPE (Ex - Escuela Politécnica del Ejército),EC,Ecuador,L,6.1,3.9,10.6,1.3,2.7,1.1,11.0,4.5,1.1,-,universidad de las fuerzas armadas espe (ex - escuela politécnica del ejército),,,,,,,,,,,,,,
,,,,,,,,,,,,,,,,universidad de las fuerzas armadas – espe,2072.0,Universidad de las Fuerzas Armadas – ESPE,Ecuador,22958.0,16.6,0%,50 : 50,12.985,14.2,8.3,9.5,19.1,37.0,2025.0
951-1000,1001-1200,Universidad de León,ES,Spain,L,6.7,3.6,51.6,4.5,2.3,7.2,44.9,2.8,38.5,-,universidad de león,,,,,,,,,,,,,,
1001-1200,1001-1200,Universidad de Lima,PE,Peru,L,9.6,26.2,3.8,1.2,3.2,2.1,8.7,20.9,1.0,-,universidad de lima,,,,,,,,,,,,,,
179,198,Universidad de los Andes,CO,Colombia,L,67.7,88.4,14.2,5.9,22.8,1.9,55.2,98.2,80.0,48.7,universidad de los andes,,,,,,,,,,,,,,
1001-1200,1001-1200,Universidad de Los Andes - (ULA) Mérida,VE,Venezuela,L,14.6,8.5,25.4,1.2,1.3,1.6,15.5,18.8,1.3,-,universidad de los andes - (ula) mérida,,,,,,,,,,,,,,
951-1000,951-1000,Universidad de los Andes - Chile,CL,Chile,M,16.4,18.1,8.4,2.8,12.2,2.0,22.6,38.6,1.2,-,universidad de los andes - chile,,,,,,,,,,,,,,
1401+,1201-1400,Universidad de Medellín,CO,Colombia,M,6.5,3.2,7.9,2.2,2.7,1.8,5.9,7.8,1.1,-,universidad de medellín,,,,,,,,,,,,,,
1201-1400,1001-1200,Universidad de Monterrey (UDEM),MX,Mexico,M,12.5,13.0,7.5,1.5,13.7,3.7,4.4,4.8,1.3,-,universidad de monterrey (udem),,,,,,,,,,,,,,
741-750,651-660,Universidad de Montevideo (UM),UY,Uruguay,S,18.6,16.1,79.7,1.1,21.5,3.1,3.0,6.5,,-,universidad de montevideo (um),,,,,,,,,,,,,,
1201-1400,1001-1200,Universidad de Oriente Santiago de Cuba,CU,Cuba,L,8.4,5.2,29.8,1.1,,,7.3,5.0,1.0,-,universidad de oriente santiago de cuba,,,,,,,,,,,,,,
1001-1200,1001-1200,Universidad de Oviedo,ES,Spain,L,12.5,3.7,20.0,6.5,4.1,1.7,70.7,8.5,5.1,-,universidad de oviedo,,,,,,,,,,,,,,
621-630,530,Universidad de Palermo (UP),AR,Argentina,S,10.2,9.8,92.8,1.0,35.6,91.9,2.6,7.8,,-,universidad de palermo (up),,,,,,,,,,,,,,
1201-1400,1201-1400,Universidad de Panama,PA,Panama,XL,6.6,5.5,2.9,1.1,4.6,2.7,9.0,49.1,1.0,-,universidad de panama,,,,,,,,,,,,,,
1201-1400,1201-1400,Universidad de Piura,PE,Peru,M,7.5,10.7,5.0,1.2,5.7,1.1,3.3,12.5,1.0,-,universidad de piura,,,,,,,,,,,,,,
1001-1200,1001-1200,Universidad de Puerto Rico,PR,Puerto Rico,XL,10.2,6.8,14.4,2.0,1.3,1.5,39.4,62.2,2.3,-,universidad de puerto rico,,,,,,,,,,,,,,
951-1000,801-850,Universidad de San Andrés - UdeSA,AR,Argentina,S,7.7,19.7,46.0,2.2,7.5,4.1,13.2,29.8,,-,universidad de san andrés - udesa,,,,,,,,,,,,,,
1201-1400,1201-1400,Universidad de San Carlos de Guatemala - USAC,GT,Guatemala,XL,10.2,3.9,4.7,1.0,,,9.4,56.0,1.0,-,universidad de san carlos de guatemala - usac,,,,,,,,,,,,,,
1401+,1401+,Universidad de Santander - UDES,CO,Colombia,L,3.3,2.3,8.0,1.3,3.7,1.9,11.9,2.2,1.1,-,universidad de santander - udes,,,,,,,,,,,,,,
461,410,Universidad de Santiago de Chile (USACH),CL,Chile,L,43.4,55.0,7.2,4.2,6.3,2.2,51.1,12.7,11.2,26.1,universidad de santiago de chile (usach),,,,,,,,,,,,,,
462,494,Universidad de Sevilla,ES,Spain,XL,39.1,12.6,18.4,8.2,3.5,18.9,91.4,16.0,67.4,26,universidad de sevilla,,,,,,,,,,,,,,
1401+,1401+,Universidad de Sonora,MX,Mexico,XL,3.6,1.6,4.4,1.8,3.4,1.5,9.2,2.1,1.0,-,universidad de sonora,,,,,,,,,,,,,,
1001-1200,1001-1200,Universidad de Talca,CL,Chile,M,10.8,5.6,6.4,6.2,21.4,1.4,35.7,2.1,1.3,-,universidad de talca,,,,,,,,,,,,,,
1201-1400,1401+,Universidad de Tarapaca,CL,Chile,M,3.5,1.6,2.4,9.8,,,41.7,2.1,1.0,-,universidad de tarapaca,,,,,,,,,,,,,,
851-900,951-1000,Universidad de Valladolid,ES,Spain,L,10.5,3.8,34.4,4.3,7.0,3.6,80.2,11.9,43.9,-,universidad de valladolid,,,,,,,,,,,,,,
1201-1400,1201-1400,Universidad de Valparaíso (UV),CL,Chile,L,10.9,4.0,8.5,2.9,6.3,1.8,39.7,2.2,4.0,-,universidad de valparaíso (uv),,,,,,,,,,,,,,
544,523,Universidad de Zaragoza,ES,Spain,L,21.3,5.1,56.1,7.0,4.5,9.0,89.5,10.7,77.1,22.7,universidad de zaragoza,,,,,,,,,,,,,,
1201-1400,1201-1400,Universidad del Bío-Bío,CL,Chile,M,8.0,3.0,3.2,4.0,8.7,1.4,30.3,2.0,1.0,-,universidad del bío-bío,,,,,,,,,,,,,,
1401+,1201-1400,Universidad del Cauca,CO,Colombia,L,7.9,2.0,5.3,1.7,21.7,1.1,11.8,4.5,1.0,-,universidad del cauca,,,,,,,,,,,,,,
,,,,,,,,,,,,,,,,universidad del desarrollo,1314.0,Universidad del Desarrollo,Chile,16511.0,15.6,4%,58 : 42,28.504999999999995,17.4,11.7,50.6,22.1,52.2,2025.0
1201-1400,1201-1400,Universidad del Desarrollo (UDD),CL,Chile,L,7.2,8.6,11.7,2.3,7.3,2.0,14.7,4.9,5.1,-,universidad del desarrollo (udd),,,,,,,,,,,,,,
1001-1200,1001-1200,Universidad del Norte ,CO,Colombia,M,9.6,11.9,10.8,2.9,7.7,1.4,29.6,7.6,21.3,-,universidad del norte,,,,,,,,,,,,,,
1001-1200,1001-1200,Universidad del Pacífico,PE,Peru,M,7.0,28.0,3.0,3.1,9.4,2.2,5.3,16.6,1.5,-,universidad del pacífico,,,,,,,,,,,,,,
771-780,711-720,Universidad del Rosario,CO,Colombia,M,15.8,28.5,24.2,2.5,7.2,2.7,31.8,41.1,24.5,-,universidad del rosario,,,,,,,,,,,,,,
1201-1400,1201-1400,Universidad del Salvador,AR,Argentina,M,3.7,5.8,19.9,1.0,4.9,7.4,1.2,16.2,,-,universidad del salvador,,,,,,,,,,,,,,
1001-1200,1001-1200,Universidad del Valle,CO,Colombia,XL,18.1,8.2,7.7,1.9,2.1,1.3,20.5,21.4,1.7,-,universidad del valle,1918.0,Universidad del Valle,Colombia,32768.0,8.1,1%,50 : 50,17.037000000000003,24.0,9.0,12.1,19.8,39.0,2025.0
1401+,1401+,Universidad del Valle de Mexico (UVM),MX,Mexico,XL,3.8,9.9,3.9,1.1,2.0,1.6,4.8,3.1,1.0,-,universidad del valle de mexico (uvm),,,,,,,,,,,,,,
1201-1400,1201-1400,Universidad del Zulia,VE,Venezuela,M,10.1,5.8,4.1,2.1,,,13.4,5.6,1.0,-,universidad del zulia,,,,,,,,,,,,,,
1001-1200,951-1000,Universidad Diego Portales (UDP),CL,Chile,L,14.7,14.9,8.6,3.7,13.1,2.9,39.6,6.2,2.3,-,universidad diego portales (udp),,,,,,,,,,,,,,
,,,,,,,,,,,,,,,,universidad distrital francisco josé de caldas,2069.0,Universidad Distrital Francisco José de Caldas,Colombia,29991.0,14.7,0%,39 : 61,13.222499999999998,16.8,9.1,9.1,19.0,28.5,2025.0
901-950,731-740,Universidad EAFIT,CO,Colombia,L,12.9,42.8,4.9,2.3,3.1,1.4,11.3,44.4,4.8,-,universidad eafit,,,,,,,,,,,,,,
901-950,751-760,Universidad Externado de Colombia ,CO,Colombia,L,13.0,28.9,36.4,1.1,10.5,1.5,4.3,26.4,1.0,-,universidad externado de colombia,,,,,,,,,,,,,,
,,,,,,,,,,,,,,,,universidad francisco de vitoria,1512.0,Universidad Francisco de Vitoria,Spain,15326.0,23.3,4%,58 : 42,24.978,14.3,11.9,46.1,17.4,37.1,2025.0
801-850,691-700,Universidad Iberoamericana IBERO,MX,Mexico,M,18.5,24.3,32.3,1.3,5.4,2.2,5.2,63.6,1.1,-,universidad iberoamericana ibero,,,,,,,,,,,,,,
1001-1200,901-950,Universidad ICESI,CO,Colombia,M,5.7,6.1,78.6,1.6,3.7,2.5,8.7,9.7,1.0,-,universidad icesi,,,,,,,,,,,,,,
,,,,,,,,,,,,,,,,universidad industrial de santander (uis),1867.0,Universidad Industrial de Santander (UIS),Colombia,21643.0,23.9,1%,45 : 55,18.5495,14.9,22.9,12.5,24.7,37.0,2025.0
1201-1400,1001-1200,Universidad Industrial de Santander - UIS,CO,Colombia,L,9.7,14.8,4.6,2.1,4.1,1.4,12.4,9.0,1.3,-,universidad industrial de santander - uis,,,,,,,,,,,,,,
1201-1400,1001-1200,Universidad La Salle (ULSA),MX,Mexico,M,4.5,15.0,22.3,1.1,2.2,1.6,1.0,4.8,1.0,-,universidad la salle (ulsa),,,,,,,,,,,,,,
1201-1400,,Universidad Latinoamericana de Ciencia y Tecnología Costa Rica (ULACIT),CR,Costa Rica,S,7.5,8.8,31.5,1.0,8.5,9.1,1.0,5.5,,-,universidad latinoamericana de ciencia y tecnología costa rica (ulacit),,,,,,,,,,,,,,
,,,,,,,,,,,,,,,,universidad loyola,1418.0,Universidad Loyola,Spain,5067.0,13.1,4%,58 : 42,26.800999999999995,22.1,14.1,39.8,18.0,47.1,2025.0
,,,,,,,,,,,,,,,,universidad mayor,1696.0,Universidad Mayor,Chile,23703.0,12.2,1%,55 : 45,21.9975,18.7,9.0,31.8,16.4,49.0,2025.0
1201-1400,1201-1400,Universidad Mayor de San Andrés (UMSA),BO,Bolivia,XL,6.3,2.8,1.2,1.6,6.4,1.0,15.1,49.6,1.0,-,universidad mayor de san andrés (umsa),,,,,,,,,,,,,,
1201-1400,1001-1200,Universidad Metropolitana,VE,Venezuela,M,7.6,15.1,4.4,1.1,4.4,1.6,1.1,25.9,,-,universidad metropolitana,,,,,,,,,,,,,,
1401+,1401+,Universidad Michoacana de San Nicolás de Hidalgo,MX,Mexico,XL,4.1,1.8,2.5,2.0,,,14.0,1.5,1.0,-,universidad michoacana de san nicolás de hidalgo,2073.0,Universidad Michoacana de San Nicolás de Hidalgo,Mexico,43423.0,24.7,1%,56 : 44,12.969,14.4,8.6,11.1,18.8,28.6,2025.0
1201-1400,1201-1400,Universidad Nacional Agraria la Molina,PE,Peru,M,7.0,6.4,12.4,1.6,1.3,1.7,9.4,6.7,1.5,-,universidad nacional agraria la molina,1963.0,Universidad Nacional Agraria La Molina,Peru,8031.0,9.6,1%,47 : 53,15.994,23.9,7.9,8.4,16.5,46.3,2025.0
1201-1400,1401+,Universidad Nacional Autónoma de Honduras (UNAH),HN,Honduras,XL,5.1,4.0,3.3,1.0,1.8,,18.5,61.8,1.0,-,universidad nacional autónoma de honduras (unah),,,,,,,,,,,,,,
94,93,Universidad Nacional Autónoma de México (UNAM),MX,Mexico,XL,97.0,94.4,37.4,2.4,7.5,2.3,93.2,93.2,83.4,61.4,universidad nacional autónoma de méxico (unam),,,,,,,,,,,,,,
,,,,,,,,,,,,,,,,universidad nacional de asunción,1707.0,Universidad Nacional de Asunción,Paraguay,53763.0,9.9,2%,49 : 51,21.896000000000004,21.3,9.9,27.7,20.6,48.1,2025.0
219,226,Universidad Nacional de Colombia,CO,Colombia,XL,71.0,89.9,5.4,3.4,5.6,1.4,65.9,42.6,53.1,43.9,universidad nacional de colombia,,,,,,,,,,,,,,
1001-1200,1001-1200,Universidad Nacional de Cuyo,AR,Argentina,XL,12.9,6.1,23.0,1.6,1.8,13.9,27.4,10.3,8.4,-,universidad nacional de cuyo,,,,,,,,,,,,,,
901-950,951-1000,Universidad Nacional de Córdoba - UNC,AR,Argentina,XL,26.4,14.0,6.2,1.6,1.4,1.5,44.4,10.1,1.7,-,universidad nacional de córdoba - unc,,,,,,,,,,,,,,
1201-1400,951-1000,Universidad Nacional de Ingeniería Peru,PE,Peru,M,7.4,27.2,9.1,1.5,,,5.6,19.1,1.0,-,universidad nacional de ingeniería peru,,,,,,,,,,,,,,
1001-1200,1001-1200,Universidad Nacional de la Asunción,PY,Paraguay,XL,6.1,5.3,31.7,1.1,1.3,1.7,11.8,69.0,1.1,-,universidad nacional de la asunción,,,,,,,,,,,,,,
534,540,Universidad Nacional de La Plata (UNLP),AR,Argentina,XL,40.8,19.2,28.4,1.9,5.3,22.6,55.4,27.3,2.2,23,universidad nacional de la plata (unlp),,,,,,,,,,,,,,
1201-1400,1201-1400,Universidad Nacional de Mar del Plata,AR,Argentina,L,8.6,2.8,4.9,3.5,,,28.5,1.2,1.2,-,universidad nacional de mar del plata,,,,,,,,,,,,,,
1401+,1401+,Universidad Nacional de Quilmes,AR,Argentina,L,6.7,1.7,3.3,1.7,2.8,1.8,11.9,2.9,1.0,-,universidad nacional de quilmes,,,,,,,,,,,,,,
951-1000,951-1000,Universidad Nacional de Rosario (UNR),AR,Argentina,XL,19.5,7.7,31.2,1.1,,6.4,26.8,10.7,1.0,-,universidad nacional de rosario (unr),,,,,,,,,,,,,,
1201-1400,1201-1400,Universidad Nacional de Río Cuarto - UNRC,AR,Argentina,L,4.1,1.6,33.2,1.4,,,10.7,1.3,1.0,-,universidad nacional de río cuarto - unrc,,,,,,,,,,,,,,
1001-1200,1001-1200,Universidad Nacional de San Luis,AR,Argentina,L,3.8,1.4,73.8,1.2,,,9.8,1.2,1.0,-,universidad nacional de san luis,,,,,,,,,,,,,,
1201-1400,1201-1400,Universidad Nacional de San Martín (UNSAM),AR,Argentina,L,11.3,2.7,6.2,2.2,1.6,3.7,24.5,1.2,1.1,-,universidad nacional de san martín (unsam),,,,,,,,,,,,,,
1401+,1401+,Universidad Nacional de Tucumán,AR,Argentina,XL,7.4,2.1,2.6,1.6,,,31.0,3.6,1.0,-,universidad nacional de tucumán,,,,,,,,,,,,,,
1001-1200,1001-1200,Universidad Nacional del Centro de la Provincia de Buenos Aires (UNICEN),AR,Argentina,L,5.5,2.5,76.8,1.3,,,13.9,1.3,1.0,-,universidad nacional del centro de la provincia de buenos aires (unicen),,,,,,,,,,,,,,
1401+,1201-1400,Universidad Nacional del Comahue,AR,Argentina,XL,5.1,2.4,20.4,1.3,,,13.1,2.1,1.2,-,universidad nacional del comahue,,,,,,,,,,,,,,
1201-1400,1201-1400,Universidad Nacional del Litoral,AR,Argentina,XL,12.7,5.7,2.2,2.5,5.0,1.2,24.5,3.7,5.1,-,universidad nacional del litoral,1998.0,Universidad Nacional del Litoral,Argentina,50590.0,35.3,1%,63 : 37,15.2975,13.7,9.6,16.7,24.3,33.2,2025.0
1201-1400,1401+,Universidad Nacional del Sur,AR,Argentina,L,6.7,2.0,17.8,1.7,,,27.2,2.9,1.2,-,universidad nacional del sur,,,,,,,,,,,,,,
901-950,901-950,Universidad Nacional Mayor de San Marcos,PE,Peru,XL,20.6,22.9,7.9,1.3,,,33.2,38.6,1.1,-,universidad nacional mayor de san marcos,,,,,,,,,,,,,,
1201-1400,1001-1200,"Universidad Nacional, Costa Rica",CR,Costa Rica,L,10.2,10.5,12.1,1.5,9.7,2.3,17.2,4.7,1.0,-,"universidad nacional, costa rica",,,,,,,,,,,,,,
851-900,771-780,Universidad ORT Uruguay,UY,Uruguay,S,11.2,12.4,79.0,1.1,15.8,1.9,3.4,5.7,1.0,-,universidad ort uruguay,,,,,,,,,,,,,,
691-700,661-670,Universidad Panamericana (UP),MX,Mexico,L,9.9,20.0,75.4,1.2,17.4,2.5,20.1,68.7,2.0,-,universidad panamericana (up),1904.0,Universidad Panamericana (UP),Mexico,16947.0,7.9,3%,47 : 53,17.482,24.0,9.1,11.5,16.7,48.6,2025.0
,,,,,,,,,,,,,,,,universidad pedagogica y tecnologica de colombia - uptc,2089.0,Universidad Pedagogica y Tecnologica de Colombia - UPTC,Colombia,35767.0,17.6,0%,55 : 45,11.115999999999998,14.2,7.7,5.0,16.1,34.0,2025.0
,,,,,,,,,,,,,,,,universidad peruana cayetano heredia,1165.0,Universidad Peruana Cayetano Heredia,Peru,11136.0,14.9,1%,67 : 33,31.1615,17.4,13.7,57.2,29.2,49.7,2025.0
1001-1200,951-1000,Universidad Peruana Cayetano Heredia (UPCH),PE,Peru,M,9.5,8.5,45.5,2.2,1.8,1.4,28.9,3.8,9.8,-,universidad peruana cayetano heredia (upch),,,,,,,,,,,,,,
1201-1400,1001-1200,Universidad Peruana de Ciencias Aplicadas,PE,Peru,XL,11.3,22.6,3.0,1.1,13.6,1.5,8.0,3.9,1.1,-,universidad peruana de ciencias aplicadas,,,,,,,,,,,,,,
,,,,,,,,,,,,,,,,universidad peruana de ciencias aplicadas (upc),2065.0,Universidad Peruana de Ciencias Aplicadas (UPC),Peru,79091.0,28.0,1%,48 : 52,13.324,11.9,8.7,13.9,16.7,32.7,2025.0
1401+,1401+,UNIVERSIDAD POLITECNICA SALESIANA,EC,Ecuador,L,6.4,3.3,3.3,1.5,6.2,1.7,6.8,4.1,1.0,-,universidad politecnica salesiana,,,,,,,,,,,,,,
321,349,Universidad Politécnica de Madrid (UPM),ES,Spain,XL,31.3,56.5,16.7,11.4,3.2,32.1,81.1,60.7,86.3,34.2,universidad politécnica de madrid (upm),,,,,,,,,,,,,,
,,,,,,,,,,,,,,,,universidad politécnica salesiana,2045.0,Universidad Politécnica Salesiana,Ecuador,22123.0,23.4,2%,40 : 60,14.07,11.8,9.2,14.6,19.9,36.6,2025.0
901-950,801-850,Universidad Pontificia Bolivariana ,CO,Colombia,M,8.4,8.8,74.7,1.7,3.8,2.3,10.0,22.0,1.6,-,universidad pontificia bolivariana,,,,,,,,,,,,,,
,,,,,,,,,,,,,,,,universidad pontificia bolivariana (upb),1868.0,Universidad Pontificia Bolivariana (UPB),Colombia,10123.0,10.1,2%,57 : 43,18.457,26.5,11.4,10.3,39.9,35.3,2025.0
544,582,Universidad Pontificia Comillas,ES,Spain,M,8.3,71.6,38.3,2.2,18.7,5.0,9.0,85.4,7.1,22.7,universidad pontificia comillas,,,,,,,,,,,,,,
1401+,1201-1400,Universidad Popular Autónoma del Estado de Puebla (UPAEP),MX,Mexico,M,5.2,3.4,13.0,1.2,3.9,2.0,5.1,2.2,1.0,-,universidad popular autónoma del estado de puebla (upaep),,,,,,,,,,,,,,
1001-1200,951-1000,Universidad Rey Juan Carlos,ES,Spain,XL,7.9,8.3,7.2,4.5,16.5,12.4,62.9,7.0,24.0,-,universidad rey juan carlos,,,,,,,,,,,,,,
,,,,,,,,,,,,,,,,universidad san francisco de quito,1296.0,Universidad San Francisco de Quito,Ecuador,7924.0,9.4,2%,49 : 51,29.0055,23.0,11.3,44.3,18.9,65.3,2025.0
801-850,801-850,Universidad San Francisco de Quito (USFQ),EC,Ecuador,M,16.0,8.6,40.1,2.4,53.1,1.9,24.9,13.2,21.5,-,universidad san francisco de quito (usfq),,,,,,,,,,,,,,
1401+,1201-1400,Universidad San Ignacio de Loyola,PE,Peru,L,6.1,9.0,2.0,1.5,4.1,1.6,7.6,3.7,1.3,-,universidad san ignacio de loyola,1885.0,Universidad San Ignacio de Loyola,Peru,23739.0,33.4,2%,52 : 48,18.1335,11.1,9.8,28.0,15.8,39.8,2025.0
,,,,,,,,,,,,,,,,universidad santo tomás,2030.0,Universidad Santo Tomás,Chile,26627.0,20.9,1%,68 : 32,14.509,13.1,9.8,12.5,16.0,45.5,2025.0
1001-1200,951-1000,Universidad Simón Bolívar (USB),VE,Venezuela,S,13.7,15.9,14.4,2.6,1.7,1.0,11.5,11.2,1.0,-,universidad simón bolívar (usb),,,,,,,,,,,,,,
1401+,1401+,Universidad Tecnica Particular De Loja (UTPL),EC,Ecuador,XL,6.0,2.3,1.4,1.6,7.9,1.9,15.7,4.6,1.5,-,universidad tecnica particular de loja (utpl),,,,,,,,,,,,,,
1401+,1401+,Universidad Tecnológica de Bolívar,CO,Colombia,M,2.2,3.5,2.9,2.7,3.6,2.3,6.8,6.4,1.0,-,universidad tecnológica de bolívar,,,,,,,,,,,,,,
1401+,1201-1400,"Universidad Tecnológica de la Habana José Antonio Echeverría, Cujae",CU,Cuba,M,4.9,1.3,19.1,1.1,3.1,4.1,4.8,5.0,1.0,-,"universidad tecnológica de la habana josé antonio echeverría, cujae",,,,,,,,,,,,,,
1001-1200,951-1000,Universidad Tecnológica de Panamá (UTP),PA,Panama,L,7.8,17.8,27.2,1.1,4.1,3.9,4.9,6.1,1.1,-,universidad tecnológica de panamá (utp),,,,,,,,,,,,,,
1401+,1401+,Universidad Tecnológica de Pereira,CO,Colombia,L,3.8,3.6,3.4,1.9,1.4,1.2,9.6,2.1,1.0,-,universidad tecnológica de pereira,,,,,,,,,,,,,,
1001-1200,1001-1200,Universidad Tecnológica Nacional (UTN),AR,Argentina,XL,4.5,14.3,49.7,1.1,,1.5,11.4,6.7,1.0,-,universidad tecnológica nacional (utn),,,,,,,,,,,,,,
951-1000,851-900,Universidad Torcuato Di Tella,AR,Argentina,S,12.4,20.8,14.4,2.6,33.1,7.8,4.5,35.6,,-,universidad torcuato di tella,,,,,,,,,,,,,,
,,,,,,,,,,,,,,,,universidad técnica de manabí,2082.0,Universidad Técnica de Manabí,Ecuador,35848.0,38.9,1%,60 : 40,12.358,9.5,8.4,6.1,15.8,62.1,2025.0
951-1000,801-850,Universidad Técnica Federico Santa María (USM),CL,Chile,L,9.8,33.0,3.2,5.0,13.8,1.6,41.6,13.1,7.6,-,universidad técnica federico santa maría (usm),,,,,,,,,,,,,,
,,,,,,,,,,,,,,,,universidad técnica particular de loja,2083.0,Universidad Técnica Particular de Loja,Ecuador,57731.0,29.2,2%,56 : 44,12.343499999999995,10.7,8.4,8.5,19.9,45.4,2025.0
1401+,1201-1400,Universidad Veracruzana,MX,Mexico,XL,7.7,2.7,7.3,1.4,,,13.6,1.5,1.1,-,universidad veracruzana,,,,,,,,,,,,,,
901-950,901-950,Universidade Católica Portuguesa - UCP,PT,Portugal,M,13.0,13.6,11.9,6.1,9.3,30.2,27.8,43.2,5.8,-,universidade católica portuguesa - ucp,,,,,,,,,,,,,,
1001-1200,1001-1200,Universidade da Coruña ,ES,Spain,L,5.9,4.8,24.2,7.3,2.9,4.5,56.1,1.8,23.2,-,universidade da coruña,,,,,,,,,,,,,,
751-760,801-850,Universidade de Brasília,BR,Brazil,XL,25.3,7.9,7.1,4.2,10.8,1.5,67.5,29.6,35.1,-,universidade de brasília,,,,,,,,,,,,,,
651-660,701-710,Universidade de Santiago de Compostela,ES,Spain,L,24.1,10.8,12.4,17.0,2.6,5.5,78.0,11.3,36.6,-,universidade de santiago de compostela,,,,,,,,,,,,,,
92,85,Universidade de São Paulo,BR,Brazil,XL,92.8,74.6,21.4,28.5,6.8,2.1,95.9,97.9,93.6,61.6,universidade de são paulo,,,,,,,,,,,,,,
901-950,901-950,Universidade de Vigo,ES,Spain,L,8.9,5.3,9.4,18.0,2.1,4.8,79.9,3.8,39.8,-,universidade de vigo,,,,,,,,,,,,,,
1401+,1401+,Universidade do Estado de Santa Catarina,BR,Brazil,XL,3.7,1.3,15.4,1.7,,,9.0,2.2,1.0,-,universidade do estado de santa catarina,1839.0,Universidade do Estado de Santa Catarina,Brazil,11651.0,12.9,1%,53 : 47,19.125,28.3,11.5,16.2,23.1,22.1,2025.0
1201-1400,1201-1400,Universidade do Estado do Rio de Janeiro (UERJ),BR,Brazil,XL,9.5,5.1,17.4,2.5,3.5,1.2,35.7,18.2,1.3,-,universidade do estado do rio de janeiro (uerj),1513.0,Universidade do Estado do Rio de Janeiro (UERJ),Brazil,23868.0,9.5,0%,55 : 45,24.9735,34.0,14.9,24.1,29.5,29.5,2025.0
,,,,,,,,,,,,,,,,universidade eduardo mondlane,1347.0,Universidade Eduardo Mondlane,Mozambique,49985.0,29.9,1%,41 : 59,27.9665,10.5,9.0,58.4,20.6,52.2,2025.0
232,220,Universidade Estadual de Campinas (Unicamp),BR,Brazil,XL,71.8,40.3,14.7,24.3,10.7,2.7,85.4,25.1,65.9,42.9,universidade estadual de campinas (unicamp),,,,,,,,,,,,,,
,,,,,,,,,,,,,,,,universidade estadual de feira de santana (uefs),1974.0,Universidade Estadual de Feira de Santana (UEFS),Brazil,9836.0,10.9,0%,56 : 44,15.779,21.2,9.3,13.7,17.7,26.8,2025.0
1401+,1401+,Universidade Estadual de Londrina,BR,Brazil,L,3.9,2.5,13.7,3.3,2.1,1.3,13.4,1.3,2.8,-,universidade estadual de londrina,,,,,,,,,,,,,,
,,,,,,,,,,,,,,,,universidade estadual de maringá,1705.0,Universidade Estadual de Maringá,Brazil,17260.0,11.0,0%,59 : 41,21.915,31.6,14.0,19.3,26.2,22.6,2025.0
,,,,,,,,,,,,,,,,universidade estadual do maranhão,2092.0,Universidade Estadual do Maranhão,Brazil,25078.0,21.8,0%,62 : 38,10.4715,12.5,9.2,6.1,15.9,22.0,2025.0
,,,,,,,,,,,,,,,,universidade estadual do norte fluminense darcy ribeiro,1673.0,Universidade Estadual do Norte Fluminense Darcy Ribeiro,Brazil,6319.0,19.5,0%,62 : 38,22.4855,30.6,11.7,21.9,21.2,35.3,2025.0
,,,,,,,,,,,,,,,,universidade estadual do oeste do paraná (unioeste),1972.0,Universidade Estadual do Oeste do Paraná (Unioeste),Brazil,13946.0,10.8,0%,59 : 41,15.839,27.9,9.8,8.2,18.1,21.1,2025.0
,,,,,,,,,,,,,,,,universidade estadual paulista (unesp),823.0,Universidade Estadual Paulista (Unesp),Brazil,36463.0,12.6,4%,51 : 49,37.69499999999999,41.6,32.9,36.8,48.3,38.8,2025.0
1201-1400,1201-1400,Universidade Federal da Bahia,BR,Brazil,XL,9.0,2.7,8.5,3.1,5.1,1.4,48.8,12.4,2.5,-,universidade federal da bahia,1621.0,Universidade Federal da Bahia,Brazil,51617.0,20.1,0%,45 : 55,23.331,28.8,12.4,27.1,22.6,29.4,2025.0
,,,,,,,,,,,,,,,,universidade federal da grande dourados,1973.0,Universidade Federal da Grande Dourados,Brazil,5984.0,9.3,0%,52 : 48,15.82,26.3,9.8,9.1,19.3,22.9,2025.0
1401+,1401+,Universidade Federal da Paraíba,BR,Brazil,XL,4.1,2.5,7.3,3.1,2.5,1.1,40.8,1.3,1.1,-,universidade federal da paraíba,,,,,,,,,,,,,,
,,,,,,,,,,,,,,,,universidade federal de ciências da saúde de porto alegre (ufcspa),1746.0,Universidade Federal de Ciências da Saúde de Porto Alegre (UFCSPA),Brazil,4715.0,13.3,2%,70 : 30,21.108,21.1,12.9,26.2,29.0,28.3,2025.0
1401+,1401+,Universidade Federal de Goiás,BR,Brazil,XL,3.8,1.3,6.8,4.2,3.5,1.2,32.7,1.3,1.3,-,universidade federal de goiás,,,,,,,,,,,,,,
,,,,,,,,,,,,,,,,universidade federal de juiz de fora,1661.0,Universidade Federal de Juiz de Fora,Brazil,23831.0,14.3,0%,49 : 51,22.7435,22.8,12.4,30.9,23.1,29.7,2025.0
1201-1400,1201-1400,Universidade Federal de Juiz de Fora- (UFJF),BR,Brazil,L,3.8,2.0,30.3,2.8,,,35.2,1.3,1.0,-,universidade federal de juiz de fora- (ufjf),,,,,,,,,,,,,,
671-680,691-700,Universidade Federal de Minas Gerais      ,BR,Brazil,XL,32.4,8.9,13.8,7.0,8.0,1.5,64.0,39.7,6.7,-,universidade federal de minas gerais,,,,,,,,,,,,,,
1201-1400,1201-1400,Universidade Federal de Pelotas ,BR,Brazil,L,4.7,1.3,26.0,4.7,,1.3,21.7,1.3,1.3,-,universidade federal de pelotas,,,,,,,,,,,,,,
1001-1200,1001-1200,Universidade Federal de Pernambuco (UFPE) ,BR,Brazil,XL,11.6,2.4,15.5,4.1,1.5,1.2,55.1,3.7,1.2,-,universidade federal de pernambuco (ufpe),,,,,,,,,,,,,,
781-790,801-850,Universidade Federal de Santa Catarina ,BR,Brazil,XL,19.3,4.8,19.2,8.5,4.1,2.2,62.1,17.3,52.1,-,universidade federal de santa catarina,1019.0,Universidade Federal de Santa Catarina,Brazil,36540.0,15.1,2%,49 : 51,33.898,33.7,22.4,40.4,66.2,35.9,2025.0
1201-1400,1201-1400,Universidade Federal de Santa Maria,BR,Brazil,L,6.4,1.5,17.5,5.2,2.5,1.4,37.9,6.3,11.5,-,universidade federal de santa maria,,,,,,,,,,,,,,
,,,,,,,,,,,,,,,,universidade federal de sergipe,1819.0,Universidade Federal de Sergipe,Brazil,24507.0,14.8,0%,53 : 47,19.5695,19.4,10.4,26.0,21.2,29.1,2025.0
1001-1200,1001-1200,Universidade Federal de São Carlos (UFSCar),BR,Brazil,L,11.8,6.4,15.5,17.8,2.6,1.6,45.5,1.8,2.7,-,universidade federal de são carlos (ufscar),,,,,,,,,,,,,,
691-700,731-740,Universidade Federal de São Paulo,BR,Brazil,L,10.5,5.1,95.6,6.0,4.7,1.5,54.0,2.9,30.1,-,universidade federal de são paulo,,,,,,,,,,,,,,
,,,,,,,,,,,,,,,,universidade federal de são paulo (unifesp),995.0,Universidade Federal de São Paulo (UNIFESP),Brazil,20000.0,11.8,1%,60 : 40,34.550000000000004,32.4,23.3,44.6,55.0,35.4,2025.0
1401+,1401+,Universidade Federal de Uberlândia,BR,Brazil,L,3.8,1.7,13.8,3.5,2.1,1.3,28.6,2.2,3.2,-,universidade federal de uberlândia,,,,,,,,,,,,,,
1201-1400,1201-1400,Universidade Federal de Viçosa (UFV),BR,Brazil,L,5.1,2.4,10.9,7.8,2.4,1.9,20.2,3.8,1.3,-,universidade federal de viçosa (ufv),,,,,,,,,,,,,,
,,,,,,,,,,,,,,,,universidade federal do abc (ufabc),1463.0,Universidade Federal do ABC (UFABC),Brazil,21548.0,28.2,1%,36 : 64,25.8065,16.4,16.1,39.4,26.3,45.7,2025.0
1201-1400,1201-1400,Universidade Federal do Ceará (UFC),BR,Brazil,XL,7.4,2.8,6.3,5.3,1.3,1.2,43.4,3.7,2.0,-,universidade federal do ceará (ufc),1563.0,Universidade Federal do Ceará (UFC),Brazil,40383.0,19.5,1%,45 : 55,24.264,25.9,17.8,25.4,45.6,26.9,2025.0
1401+,1401+,Universidade Federal do Estado do Rio de Janeiro - UNIRIO,BR,Brazil,L,2.9,2.0,8.1,2.1,,,8.6,1.5,1.0,-,universidade federal do estado do rio de janeiro - unirio,,,,,,,,,,,,,,
,,,,,,,,,,,,,,,,universidade federal do maranhão (ufma),2012.0,Universidade Federal do Maranhão (UFMA),Brazil,46294.0,22.7,0%,57 : 43,14.967,15.2,11.1,15.0,25.6,23.2,2025.0
,,,,,,,,,,,,,,,,universidade federal do paraná (ufpr),1354.0,Universidade Federal do Paraná (UFPR),Brazil,32845.0,11.9,7%,56 : 44,27.903,34.2,17.0,28.1,47.6,34.0,2025.0
1001-1200,1001-1200,Universidade Federal do Paraná - UFPR,BR,Brazil,XL,13.0,5.8,20.1,5.2,2.9,6.0,52.6,9.6,2.0,-,universidade federal do paraná - ufpr,,,,,,,,,,,,,,
1401+,1401+,Universidade Federal do Parà - UFPA,BR,Brazil,XL,3.6,1.7,6.3,2.6,2.5,1.1,35.4,1.3,1.9,-,universidade federal do parà - ufpa,,,,,,,,,,,,,,
304,371,Universidade Federal do Rio de Janeiro,BR,Brazil,XL,61.9,23.3,13.7,7.8,7.6,1.5,79.7,81.4,59.6,35.8,universidade federal do rio de janeiro,,,,,,,,,,,,,,
1201-1400,1401+,Universidade Federal do Rio Grande Do Norte,BR,Brazil,XL,5.2,1.2,9.5,3.4,,,45.0,1.3,1.4,-,universidade federal do rio grande do norte,,,,,,,,,,,,,,
691-700,691-700,Universidade Federal do Rio Grande Do Sul ,BR,Brazil,XL,28.0,5.3,12.8,10.1,2.2,1.6,80.1,25.9,31.3,-,universidade federal do rio grande do sul,776.0,Universidade Federal do Rio Grande do Sul,Brazil,40297.0,14.4,1%,52 : 48,38.6595,36.7,24.1,53.3,56.1,34.8,2025.0
1001-1200,1201-1400,Universidade Federal Fluminense ,BR,Brazil,XL,9.6,2.5,12.8,3.6,6.3,1.2,52.2,10.9,13.1,-,universidade federal fluminense,,,,,,,,,,,,,,
,,,,,,,,,,,,,,,,universidade federal rural do semi-arido,2079.0,Universidade Federal Rural do Semi-Arido,Brazil,8700.0,11.9,0%,49 : 51,12.514499999999996,20.4,8.9,6.2,16.7,18.5,2025.0
,,,,,,,,,,,,,,,,universidade lusófona,1550.0,Universidade Lusófona,Portugal,11773.0,9.7,17%,55 : 45,24.4525,24.3,9.7,31.3,20.9,56.6,2025.0
388,400,Universidade Nova de Lisboa,PT,Portugal,L,28.7,21.8,15.9,23.9,25.3,57.0,86.3,48.7,38.2,30.2,universidade nova de lisboa,,,,,,,,,,,,,,
,,,,,,,,,,,,,,,,universidade nove de julho (uninove),2055.0,Universidade Nove de Julho (Uninove),Brazil,90224.0,22.6,1%,58 : 42,13.787499999999998,17.9,8.4,10.7,17.9,28.6,2025.0
1201-1400,1201-1400,Universidade Presbiteriana Mackenzie,BR,Brazil,M,3.5,8.7,12.3,2.1,2.4,1.1,12.5,48.3,1.0,-,universidade presbiteriana mackenzie,,,,,,,,,,,,,,
,,,,,,,,,,,,,,,,universidade tecnológica federal do paraná (utfpr),1834.0,Universidade Tecnológica Federal do Paraná (UTFPR),Brazil,33984.0,13.3,1%,31 : 69,19.3075,18.6,10.3,23.4,46.4,26.1,2025.0
1001-1200,1001-1200,"Universita' degli Studi ""G. d'Annunzio"" Chieti Pescara",IT,Italy,L,3.7,1.6,3.3,29.3,3.8,2.8,58.5,1.2,1.2,-,"universita' degli studi ""g. d'annunzio"" chieti pescara",,,,,,,,,,,,,,
851-900,851-900,Universita' degli Studi di Ferrara,IT,Italy,L,6.7,2.6,2.6,34.6,2.9,3.6,70.0,4.1,27.3,-,universita' degli studi di ferrara,,,,,,,,,,,,,,
751-760,721-730,Universita' Politecnica delle Marche,IT,Italy,M,5.9,2.8,10.1,48.4,4.9,6.3,77.7,1.9,6.4,-,universita' politecnica delle marche,,,,,,,,,,,,,,
,,,,,,,,,,,,,,,,universitas ahmad dahlan,1722.0,Universitas Ahmad Dahlan,Indonesia,27636.0,36.6,1%,61 : 39,21.5425,10.1,10.4,38.8,22.3,40.2,2025.0
,,,,,,,,,,,,,,,,universitas airlangga,1326.0,Universitas Airlangga,Indonesia,30217.0,7.3,4%,65 : 35,28.354,27.7,14.1,34.9,27.9,60.1,2025.0
1401+,1401+,Universitas Andalas,ID,Indonesia,XL,8.1,5.1,7.0,1.3,6.2,1.6,4.5,3.7,1.0,-,universitas andalas,1848.0,Universitas Andalas,Indonesia,31487.0,9.5,1%,60 : 40,18.8745,23.5,9.9,18.6,26.9,32.2,2025.0
801-850,801-850,Universitas Brawijaya ,ID,Indonesia,XL,19.2,42.4,11.5,1.4,13.7,1.4,19.6,13.1,9.0,-,universitas brawijaya,,,,,,,,,,,,,,
,,,,,,,,,,,,,,,,universitas gadjah mada,1304.0,Universitas Gadjah Mada,Indonesia,42964.0,8.5,4%,58 : 42,28.8535,30.9,21.8,26.2,56.4,44.0,2025.0
1001-1200,1001-1200,Universitas Hasanuddin,ID,Indonesia,XL,14.3,13.0,22.2,1.3,8.8,1.4,15.9,15.0,1.1,-,universitas hasanuddin,,,,,,,,,,,,,,
206,237,Universitas Indonesia,ID,Indonesia,XL,53.8,79.2,55.7,2.1,88.3,7.1,37.2,77.3,32.7,45.7,universitas indonesia,,,,,,,,,,,,,,
1201-1400,1201-1400,Universitas Islam Indonesia,ID,Indonesia,L,11.2,4.9,2.0,1.8,2.2,1.2,10.7,3.9,1.3,-,universitas islam indonesia,,,,,,,,,,,,,,
1401+,1401+,Universitas Kristen Petra,ID,Indonesia,M,7.1,5.2,7.8,1.6,3.2,1.1,6.0,2.5,1.0,-,universitas kristen petra,,,,,,,,,,,,,,
,,,,,,,,,,,,,,,,universitas muhammadiyah malang,1767.0,Universitas Muhammadiyah Malang,Indonesia,84695.0,36.4,0%,52 : 48,20.656,12.3,8.2,39.6,15.8,28.5,2025.0
1401+,1401+,Universitas Muhammadiyah Surakarta,ID,Indonesia,L,5.5,2.5,6.5,1.1,8.4,1.1,4.5,2.3,1.0,-,universitas muhammadiyah surakarta,1345.0,Universitas Muhammadiyah Surakarta,Indonesia,20121.0,15.0,1%,59 : 41,27.980500000000003,16.3,9.2,58.2,17.6,31.2,2025.0
1201-1400,1201-1400,Universitas Muhammadiyah Yogyakarta,ID,Indonesia,L,6.6,2.8,3.2,1.4,57.9,1.9,7.9,2.3,1.2,-,universitas muhammadiyah yogyakarta,1919.0,Universitas Muhammadiyah Yogyakarta,Indonesia,22681.0,29.2,2%,50 : 50,17.034,12.0,10.8,21.2,16.8,44.4,2025.0
,,,,,,,,,,,,,,,,universitas negeri padang,1896.0,Universitas Negeri Padang,Indonesia,47045.0,24.9,0%,67 : 33,17.75,12.1,8.1,30.9,16.6,25.3,2025.0
,,,,,,,,,,,,,,,,universitas negeri semarang,1715.0,Universitas Negeri Semarang,Indonesia,49278.0,40.4,0%,63 : 37,21.651,13.5,11.5,39.7,16.9,23.3,2025.0
,,,,,,,,,,,,,,,,universitas negeri surabaya,1978.0,Universitas Negeri Surabaya,Indonesia,41993.0,35.8,1%,56 : 44,15.696,13.2,9.7,20.2,18.1,29.4,2025.0
,,,,,,,,,,,,,,,,universitas negeri yogyakarta,1788.0,Universitas Negeri Yogyakarta,Indonesia,25503.0,16.5,2%,61 : 39,20.112,18.3,11.3,26.9,23.6,32.3,2025.0
596,661-670,Universitas Padjadjaran,ID,Indonesia,XL,19.0,41.6,41.4,1.4,34.8,2.2,19.6,33.4,21.3,20.8,universitas padjadjaran,1522.0,Universitas Padjadjaran,Indonesia,32629.0,9.0,3%,62 : 38,24.874,31.0,12.2,25.3,25.4,47.8,2025.0
1201-1400,1201-1400,Universitas Pendidikan Indonesia,ID,Indonesia,XL,10.9,4.1,12.0,1.4,13.2,1.6,13.1,2.3,3.3,-,universitas pendidikan indonesia,1766.0,Universitas Pendidikan Indonesia,Indonesia,36637.0,19.1,1%,61 : 39,20.7075,18.8,11.9,29.8,20.7,25.9,2025.0
1001-1200,1001-1200,Universitas Sebelas Maret,ID,Indonesia,XL,12.9,16.3,16.0,1.5,17.1,2.8,14.9,2.4,9.3,-,universitas sebelas maret,1392.0,Universitas Sebelas Maret,Indonesia,27868.0,16.9,2%,64 : 36,27.2055,20.0,22.0,33.8,49.7,37.3,2025.0
,,,,,,,,,,,,,,,,universitas sriwijaya,2060.0,Universitas Sriwijaya,Indonesia,39677.0,23.2,0%,62 : 38,13.5315,13.6,9.3,15.2,18.5,20.3,2025.0
1201-1400,1201-1400,Universitas Sumatera Utara,ID,Indonesia,XL,8.8,8.0,24.9,1.3,12.6,2.5,18.3,5.5,4.6,-,universitas sumatera utara,1790.0,Universitas Sumatera Utara,Indonesia,39487.0,19.2,2%,56 : 44,20.0615,16.9,11.0,27.7,20.4,36.8,2025.0
,,,,,,,,,,,,,,,,universitas syiah kuala,1630.0,Universitas Syiah Kuala,Indonesia,27945.0,18.5,0%,64 : 36,23.1785,15.4,9.6,43.8,19.6,25.7,2025.0
175,149,Universitat Autònoma de Barcelona,ES,Spain,XL,64.0,35.8,11.5,59.5,18.5,16.5,93.1,24.0,86.7,49.2,universitat autònoma de barcelona,,,,,,,,,,,,,,
,,,,,,,,,,,,,,,,universitat autònoma de barcelona (uab),201.0,Universitat Autònoma de Barcelona (UAB),Spain,32795.0,13.1,15%,61 : 39,58.645,43.9,42.4,84.1,72.4,70.3,2025.0
165,164,Universitat de Barcelona,ES,Spain,XL,73.7,30.3,12.4,38.1,23.1,26.3,96.8,71.5,92.2,50.7,universitat de barcelona,,,,,,,,,,,,,,
1001-1200,1001-1200,Universitat de Lleida,ES,Spain,M,6.0,2.0,19.2,13.0,5.5,9.6,51.8,3.0,38.5,-,universitat de lleida,,,,,,,,,,,,,,
445,485,Universitat de Valencia,ES,Spain,XL,35.6,11.0,12.0,19.9,2.1,24.3,89.3,8.4,79.3,26.7,universitat de valencia,,,,,,,,,,,,,,
,,,,,,,,,,,,,,,,universitat internacional de catalunya,978.0,Universitat Internacional de Catalunya,Spain,5539.0,12.6,32%,65 : 35,34.7505,22.6,16.5,57.1,23.9,69.5,2025.0
,,,,,,,,,,,,,,,,universitat politècnica de catalunya,685.0,Universitat Politècnica de Catalunya,Spain,23979.0,10.1,13%,29 : 71,40.87049999999999,33.4,20.8,58.0,74.7,61.3,2025.0
371,354,Universitat Politècnica de Catalunya · BarcelonaTech (UPC),ES,Spain,L,31.8,27.7,38.9,16.7,10.1,19.8,85.3,26.3,82.5,31.3,universitat politècnica de catalunya · barcelonatech (upc),,,,,,,,,,,,,,
436,476,Universitat Politècnica de València,ES,Spain,L,26.5,16.3,36.1,19.7,5.5,25.0,84.9,11.7,76.1,27.2,universitat politècnica de valència,,,,,,,,,,,,,,
265,310,Universitat Pompeu Fabra (Barcelona),ES,Spain,M,31.7,29.4,12.1,67.1,75.6,24.5,74.0,16.4,27.9,38.8,universitat pompeu fabra (barcelona),,,,,,,,,,,,,,
466,621-630,Universitat Ramon Llull,ES,Spain,L,11.0,52.0,8.7,8.1,93.6,43.1,32.6,71.7,20.1,25.7,universitat ramon llull,837.0,Universitat Ramon Llull,Spain,16113.0,20.6,23%,46 : 54,37.5355,19.8,17.2,65.5,34.1,75.9,2025.0
731-740,661-670,Universitat Rovira i Virgili,ES,Spain,L,6.4,2.3,15.2,37.9,7.2,19.0,77.5,1.8,31.6,-,universitat rovira i virgili,,,,,,,,,,,,,,
1201-1400,1201-1400,Universitatea de Vest din Timisoara / West University of Timisoara,RO,Romania,L,9.2,9.7,4.7,2.8,1.6,6.7,27.5,23.5,2.7,-,universitatea de vest din timisoara / west timisoara,,,,,,,,,,,,,,
230,189,Universite libre de Bruxelles,BE,Belgium,XL,33.3,34.5,3.0,49.9,98.7,84.4,87.5,65.5,25.2,43,universite libre de bruxelles,,,,,,,,,,,,,,
,,,,,,,,,,,,,,,,universiti brunei darussalam,538.0,Universiti Brunei Darussalam,Brunei Darussalam,3473.0,11.3,10%,65 : 35,44.6955,28.1,30.4,70.4,26.0,72.4,2025.0
385,387,Universiti Brunei Darussalam (UBD),BN,Brunei,S,20.2,8.8,92.9,9.9,100.0,46.5,35.4,56.5,12.7,30.4,universiti brunei darussalam (ubd),,,,,,,,,,,,,,
,,,,,,,,,,,,,,,,universiti kebangsaan malaysia,425.0,Universiti Kebangsaan Malaysia,Malaysia,19655.0,10.4,26%,55 : 45,48.53,45.5,28.9,62.2,49.6,81.1,2025.0
138,159,Universiti Kebangsaan Malaysia (UKM),MY,Malaysia,L,61.7,66.4,80.4,14.1,45.7,78.8,83.7,22.5,64.4,53.8,universiti kebangsaan malaysia (ukm),,,,,,,,,,,,,,
,,,,,,,,,,,,,,,,universiti kuala lumpur,1680.0,Universiti Kuala Lumpur,Malaysia,14972.0,11.4,6%,43 : 57,22.3125,25.6,9.6,24.1,31.1,46.7,2025.0
1201-1400,1001-1200,Universiti Kuala Lumpur (UniKL),MY,Malaysia,L,6.0,5.3,32.7,2.2,7.4,3.9,17.3,3.9,1.0,-,universiti kuala lumpur (unikl),,,,,,,,,,,,,,
60,65,Universiti Malaya (UM),MY,Malaysia,L,82.9,95.1,75.7,29.1,60.2,64.2,91.8,69.3,83.6,71.2,universiti malaya (um),,,,,,,,,,,,,,
,,,,,,,,,,,,,,,,universiti malaysia kelantan,1597.0,Universiti Malaysia Kelantan,Malaysia,9393.0,19.9,5%,71 : 29,23.692500000000003,15.9,15.7,32.2,34.6,45.4,2025.0
741-750,781-790,Universiti Malaysia Pahang,MY,Malaysia,M,10.8,5.3,15.8,35.0,22.1,8.6,54.7,4.0,17.7,-,universiti malaysia pahang,,,,,,,,,,,,,,
,,,,,,,,,,,,,,,,universiti malaysia pahang al-sultan abdullah (umpsa),674.0,Universiti Malaysia Pahang Al-Sultan Abdullah (UMPSA),Malaysia,8152.0,13.1,8%,47 : 53,41.22249999999999,33.8,21.3,63.4,44.3,57.1,2025.0
1201-1400,1001-1200,Universiti Malaysia Perlis,MY,Malaysia,M,7.8,5.1,19.2,6.7,1.8,3.5,31.1,3.9,2.8,-,universiti malaysia perlis,1544.0,Universiti Malaysia Perlis,Malaysia,11116.0,12.9,4%,47 : 53,24.569000000000003,22.7,13.0,33.5,32.5,36.7,2025.0
1001-1200,1001-1200,Universiti Malaysia Sabah (UMS),MY,Malaysia,L,14.7,8.9,8.5,3.7,10.2,4.7,28.2,3.8,1.4,-,universiti malaysia sabah (ums),,,,,,,,,,,,,,
1001-1200,1001-1200,Universiti Malaysia Sarawak (UNIMAS),MY,Malaysia,M,13.2,7.3,13.1,3.2,34.8,10.5,28.9,3.7,9.1,-,universiti malaysia sarawak (unimas),1232.0,Universiti Malaysia Sarawak (UNIMAS),Malaysia,12296.0,15.8,13%,70 : 30,30.0145,30.2,20.9,25.0,73.3,61.5,2025.0
1001-1200,1001-1200,Universiti Malaysia Terengganu (UMT),MY,Malaysia,M,10.5,4.3,12.0,12.2,11.1,12.1,50.2,3.7,18.2,-,universiti malaysia terengganu (umt),1065.0,Universiti Malaysia Terengganu (UMT),Malaysia,10370.0,17.0,7%,69 : 31,33.1675,18.4,21.1,52.8,36.7,57.5,2025.0
,,,,,,,,,,,,,,,,universiti pendidikan sultan idris,665.0,Universiti Pendidikan Sultan Idris,Malaysia,5790.0,9.7,22%,57 : 43,41.401500000000006,36.6,26.4,50.4,53.4,75.9,2025.0
951-1000,951-1000,Universiti Pendidikan Sultan Idris (UPSI),MY,Malaysia,M,13.1,9.9,27.5,2.7,21.3,38.3,21.1,3.9,2.2,-,universiti pendidikan sultan idris (upsi),,,,,,,,,,,,,,
,,,,,,,,,,,,,,,,universiti putra malaysia,627.0,Universiti Putra Malaysia,Malaysia,23581.0,12.4,30%,64 : 36,42.41649999999999,36.1,28.8,51.5,51.0,79.0,2025.0
148,158,Universiti Putra Malaysia (UPM),MY,Malaysia,L,61.0,61.9,58.8,25.7,36.1,92.0,80.5,17.5,53.5,52.3,universiti putra malaysia (upm),,,,,,,,,,,,,,
1401+,1201-1400,Universiti Sains Islam Malaysia,MY,Malaysia,M,6.6,2.5,8.8,1.9,8.4,6.1,12.5,3.3,1.0,-,universiti sains islam malaysia,,,,,,,,,,,,,,
,,,,,,,,,,,,,,,,universiti sains malaysia,450.0,Universiti Sains Malaysia,Malaysia,25623.0,12.3,34%,63 : 37,47.668,42.2,28.5,63.5,56.6,75.2,2025.0
146,137,Universiti Sains Malaysia (USM),MY,Malaysia,L,63.3,69.7,46.4,19.6,24.3,96.4,87.8,20.1,71.2,52.7,universiti sains malaysia (usm),,,,,,,,,,,,,,
,,,,,,,,,,,,,,,,universiti sultan zainal abidin,1066.0,Universiti Sultan Zainal Abidin,Malaysia,10677.0,14.6,7%,67 : 33,33.148,24.1,12.6,59.8,18.3,49.5,2025.0
1201-1400,1201-1400,Universiti Teknikal Malaysia Melaka,MY,Malaysia,M,6.3,5.7,10.6,5.8,3.9,4.8,18.9,3.9,2.5,-,universiti teknikal malaysia melaka,1634.0,Universiti Teknikal Malaysia Melaka,Malaysia,11480.0,15.9,5%,38 : 62,23.119,21.3,11.7,29.2,32.5,45.1,2025.0
562,525,Universiti Teknologi Brunei,BN,Brunei,S,15.4,6.3,88.5,9.9,100.0,5.8,15.9,14.7,1.4,22.2,universiti teknologi brunei,845.0,Universiti Teknologi Brunei,Brunei Darussalam,1305.0,6.2,7%,59 : 41,37.384,28.5,13.4,62.0,25.2,73.1,2025.0
181,188,Universiti Teknologi Malaysia ,MY,Malaysia,L,48.6,59.6,46.0,40.5,14.1,86.9,82.9,18.0,52.1,48.5,universiti teknologi malaysia,423.0,Universiti Teknologi Malaysia,Malaysia,18192.0,11.1,31%,46 : 54,48.57299999999999,41.1,29.9,65.1,69.5,72.9,2025.0
,,,,,,,,,,,,,,,,universiti teknologi mara,1580.0,Universiti Teknologi MARA,Malaysia,60827.0,16.0,2%,66 : 34,23.9315,22.0,15.7,31.0,38.9,27.1,2025.0
587,555,Universiti Teknologi MARA - UiTM,MY,Malaysia,XL,30.8,40.4,17.6,2.8,1.7,2.1,68.6,3.6,15.2,21.1,universiti teknologi mara - uitm,,,,,,,,,,,,,,
,,,,,,,,,,,,,,,,universiti teknologi petronas,248.0,Universiti Teknologi Petronas,Malaysia,4389.0,13.4,12%,37 : 63,55.913,36.8,39.1,82.2,80.2,78.0,2025.0
269,307,Universiti Teknologi PETRONAS (UTP),MY,Malaysia,S,19.5,28.1,38.5,79.0,83.9,20.1,63.9,4.1,18.4,38.6,universiti teknologi petronas (utp),,,,,,,,,,,,,,
641-650,761-770,Universiti Tenaga Nasional (UNITEN),MY,Malaysia,S,8.0,11.6,62.2,17.3,18.0,65.0,32.9,4.4,9.1,-,universiti tenaga nasional (uniten),735.0,Universiti Tenaga Nasional (UNITEN),Malaysia,4236.0,9.4,20%,32 : 68,39.696,25.6,17.5,64.1,75.6,64.2,2025.0
1001-1200,1001-1200,Universiti Tun Hussein Onn University of Malaysia (UTHM),MY,Malaysia,L,10.3,6.2,9.9,8.6,6.3,6.5,43.8,3.8,10.3,-,universiti tun hussein onn malaysia (uthm),1433.0,Universiti Tun Hussein Onn Malaysia (UTHM),Malaysia,15035.0,15.8,7%,55 : 45,26.486,23.1,15.7,34.6,29.4,47.5,2025.0
801-850,801-850,Universiti Tunku Abdul Rahman (UTAR),MY,Malaysia,L,14.0,30.9,12.4,5.8,12.7,4.9,45.5,3.8,26.5,-,universiti tunku abdul rahman (utar),1127.0,Universiti Tunku Abdul Rahman (UTAR),Malaysia,16339.0,12.8,10%,56 : 44,31.9715,19.8,16.1,51.8,58.6,47.7,2025.0
,,,,,,,,,,,,,,,,universiti utara malaysia,471.0,Universiti Utara Malaysia,Malaysia,11690.0,11.4,32%,66 : 34,46.8515,38.4,28.6,66.9,27.3,80.9,2025.0
554,538,Universiti Utara Malaysia (UUM),MY,Malaysia,M,22.0,25.4,38.8,8.2,19.4,79.3,34.1,12.3,5.3,22.4,universiti utara malaysia (uum),,,,,,,,,,,,,,
,,,,,,,,,,,,,,,,university abdelhamid ibn badis mostaganem,2040.0,University Abdelhamid Ibn Badis Mostaganem,Algeria,25109.0,19.1,1%,69 : 31,14.246,19.6,7.8,10.0,16.3,34.0,2025.0
851-900,771-780,University at Albany SUNY,US,United States,L,8.1,4.5,5.4,33.9,3.9,7.2,66.0,4.2,13.2,-,university at albany suny,,,,,,,,,,,,,,
,,,,,,,,,,,,,,,,university at buffalo,300.0,University at Buffalo,United States,27530.0,17.5,15%,46 : 54,53.743,40.9,35.3,75.9,78.2,73.9,2025.0
466,491,University at Buffalo SUNY,US,United States,L,18.0,10.7,8.8,33.6,20.1,36.9,68.6,33.3,82.5,25.7,university at buffalo suny,,,,,,,,,,,,,,
273,292,University College Cork,IE,Ireland,L,30.1,35.1,22.1,28.5,89.0,52.1,69.1,34.0,91.0,38.3,university college cork,392.0,University College Cork,Ireland,19307.0,21.0,20%,59 : 41,49.52,27.1,32.3,77.3,74.4,79.9,2025.0
126,171,University College Dublin,IE,Ireland,L,51.4,43.5,16.6,46.4,99.1,74.8,87.2,89.8,95.6,55,university college dublin,230.0,University College Dublin,Ireland,24470.0,21.2,30%,,57.1095,32.7,41.2,85.9,76.0,89.4,2025.0
851-900,801-850,University Duesseldorf,DE,Germany,XL,12.3,8.5,44.3,7.2,,14.1,66.2,3.8,2.2,-,university duesseldorf,,,,,,,,,,,,,,
,,,,,,,,,,,,,,,,university for development studies,1566.0,University for Development Studies,Ghana,28014.0,37.4,0%,30 : 70,24.18,23.5,10.6,32.2,18.9,50.1,2025.0
,,,,,,,,,,,,,,,,university mohamed boudiaf of m’sila,1986.0,University Mohamed Boudiaf of M’Sila,Algeria,33700.0,18.2,1%,55 : 45,15.520500000000002,18.7,9.2,13.5,18.4,34.0,2025.0
901-950,851-900,University Paris 2 Panthéon-Assas,FR,France,L,7.1,3.5,62.1,1.2,11.8,26.1,4.3,53.1,1.0,-,university paris 2 panthéon-assas,,,,,,,,,,,,,,
1201-1400,1201-1400,University POLITEHNICA of Bucharest,RO,Romania,L,5.2,12.7,3.4,6.9,1.4,2.6,61.8,3.9,1.0,-,university politehnica of bucharest,,,,,,,,,,,,,,
1401+,1401+,"University Politehnica of Timisoara, UPT",RO,Romania,L,4.1,4.2,7.2,3.9,1.4,2.5,18.6,3.9,1.1,-,"university politehnica of timisoara, upt",,,,,,,,,,,,,,
,,,,,,,,,,,,,,,,university rey juan carlos,1328.0,University Rey Juan Carlos,Spain,40905.0,18.3,6%,59 : 41,28.3355,17.1,14.4,47.8,47.0,38.6,2025.0
554,542,University Ulm,DE,Germany,M,7.4,5.5,78.5,31.2,39.6,21.0,61.1,2.9,2.1,22.4,university ulm,,,,,,,,,,,,,,
,,,,,,,,,,,,,,,,università cattolica del sacro cuore,308.0,Università Cattolica del Sacro Cuore,Italy,25590.0,34.6,6%,54 : 46,53.2825,36.5,31.6,88.8,77.4,48.2,2025.0
901-950,1001-1200,Università degli Studi della Tuscia (University of Tuscia),IT,Italy,M,4.6,1.2,5.6,43.6,13.7,10.4,32.4,2.0,2.2,-,università degli studi della tuscia (tuscia),,,,,,,,,,,,,,
1201-1400,1201-1400,Università degli studi di Bergamo,IT,Italy,L,5.7,2.4,1.9,6.5,4.3,6.7,27.8,4.3,1.2,-,università degli studi di bergamo,,,,,,,,,,,,,,
440,469,Università degli Studi di Pavia,IT,Italy,L,21.7,7.4,8.3,64.6,6.2,12.6,82.7,13.5,15.4,27,università degli studi di pavia,,,,,,,,,,,,,,
801-850,661-670,Università degli Studi di Perugia,IT,Italy,L,9.1,2.3,3.5,40.9,6.4,5.4,65.9,1.7,11.5,-,università degli studi di perugia,,,,,,,,,,,,,,
1001-1200,1001-1200,Università degli Studi di Udine,IT,Italy,M,7.1,2.7,11.3,16.7,4.2,3.7,53.5,1.9,4.3,-,università degli studi di udine,,,,,,,,,,,,,,
901-950,901-950,Università degli studi Roma Tre,IT,Italy,XL,17.4,8.0,2.2,12.1,8.5,4.2,62.5,7.1,19.7,-,università degli studi roma tre,,,,,,,,,,,,,,
1001-1200,1001-1200,Università del Salento,IT,Italy,L,7.1,1.7,6.9,21.7,1.7,1.5,65.2,1.6,2.7,-,università del salento,,,,,,,,,,,,,,
,,,,,,,,,,,,,,,,università della svizzera italiana,305.0,Università della Svizzera italiana,Switzerland,3832.0,12.0,69%,46 : 54,53.514500000000005,36.1,26.5,81.0,87.5,98.4,2025.0
389,595,Università Vita-Salute San Raffaele,IT,Italy,S,3.3,1.8,94.4,88.5,4.4,4.3,39.2,2.1,1.2,30.1,università vita-salute san raffaele,,,,,,,,,,,,,,
442,505,Università Cattolica del Sacro Cuore,IT,Italy,L,24.2,35.5,27.6,19.2,15.5,7.1,60.5,32.3,54.8,26.8,università cattolica del sacro cuore,,,,,,,,,,,,,,
236,219,Università di Padova,IT,Italy,XL,58.9,27.3,8.5,45.7,9.2,11.1,94.9,18.8,87.7,42.3,università di padova,,,,,,,,,,,,,,
592,514,Universität Bremen,DE,Germany,L,18.5,7.7,13.1,24.4,46.9,26.4,89.1,1.8,19.9,21,universität bremen,,,,,,,,,,,,,,
601-610,600,Universität des Saarlandes,DE,Germany,L,10.2,5.0,92.2,7.0,4.6,35.9,71.4,29.0,1.2,-,universität des saarlandes,,,,,,,,,,,,,,
801-850,771-780,Universität Duisburg-Essen,DE,Germany,XL,11.3,4.2,13.2,11.2,35.0,39.4,81.4,12.2,5.9,-,universität duisburg-essen,,,,,,,,,,,,,,
191,205,Universität Hamburg,DE,Germany,L,50.7,35.7,16.5,54.7,40.2,20.4,93.4,42.8,90.6,47.1,universität hamburg,,,,,,,,,,,,,,
,,,,,,,,,,,,,,,,universität heidelberg,48.0,Universität Heidelberg,Germany,19632.0,13.3,21%,55 : 45,76.1575,65.6,63.4,95.2,99.3,78.5,2025.0
309,362,Universität Innsbruck,AT,Austria,L,20.3,7.8,73.1,9.3,100.0,100.0,71.5,55.8,61.6,35.2,universität innsbruck,,,,,,,,,,,,,,
526,461,Universität Jena,DE,Germany,L,17.2,5.7,99.9,8.8,,20.2,94.7,3.9,13.1,23.3,universität jena,,,,,,,,,,,,,,
466,478,Universität Konstanz,DE,Germany,M,18.3,10.5,37.8,18.3,85.9,14.5,66.1,13.1,63.1,25.7,universität konstanz,,,,,,,,,,,,,,
527,479,Universität Leipzig,DE,Germany,L,23.5,9.7,74.8,8.4,,14.2,84.3,10.5,21.3,23.2,universität leipzig,,,,,,,,,,,,,,
487,454,Universität Mannheim,DE,Germany,M,15.3,53.9,3.0,31.0,42.4,22.7,27.9,34.9,1.5,24.7,universität mannheim,,,,,,,,,,,,,,
474,460,Universität Potsdam,DE,Germany,L,15.8,3.4,18.6,36.5,51.8,21.2,92.9,1.3,67.1,25.2,universität potsdam,,,,,,,,,,,,,,
741-750,741-750,Universität Regensburg,DE,Germany,L,10.3,6.0,80.0,6.1,,8.5,69.1,15.3,2.0,-,universität regensburg,,,,,,,,,,,,,,
801-850,761-770,Universität Rostock,DE,Germany,L,7.3,2.9,84.4,5.2,,13.2,68.8,4.4,3.4,-,universität rostock,,,,,,,,,,,,,,
1001-1200,1001-1200,Universität Siegen,DE,Germany,L,4.5,1.7,9.2,6.8,57.7,28.0,40.0,3.9,1.2,-,universität siegen,,,,,,,,,,,,,,
314,312,Universität Stuttgart,DE,Germany,L,23.1,33.0,6.8,55.2,36.0,46.8,70.4,21.7,65.3,34.9,universität stuttgart,,,,,,,,,,,,,,
,,,,,,,,,,,,,,,,université 8 mai 1945 guelma,1828.0,Université 8 Mai 1945 Guelma,Algeria,17135.0,17.0,1%,70 : 30,19.445,17.0,8.6,28.4,17.9,36.0,2025.0
,,,,,,,,,,,,,,,,université catholique de louvain,175.0,Université Catholique de Louvain,Belgium,27440.0,39.9,20%,55 : 45,60.234,39.4,49.4,81.1,94.0,82.6,2025.0
203,180,Université catholique de Louvain (UCLouvain),BE,Belgium,L,48.4,25.9,4.6,55.0,91.0,47.6,89.9,76.4,27.1,46,université catholique de louvain (uclouvain),,,,,,,,,,,,,,
,,,,,,,,,,,,,,,,université chouaïb doukkali,1752.0,Université Chouaïb Doukkali,Morocco,27031.0,38.0,2%,58 : 42,21.026,15.4,11.0,34.8,20.7,27.0,2025.0
562,452,Université Claude Bernard Lyon 1,FR,France,XL,18.1,3.7,7.9,48.3,7.4,12.0,93.7,12.4,11.0,22.2,université claude bernard lyon 1,,,,,,,,,,,,,,
,,,,,,,,,,,,,,,,université côte d'azur,628.0,Université Côte d'Azur,France,33085.0,21.4,20%,56 : 44,42.4065,27.2,22.6,64.1,64.4,80.3,2025.0
731-740,721-730,Université Côte d\'Azur,FR,France,XL,15.5,4.1,5.7,18.3,29.3,38.3,78.4,8.9,18.4,-,université côte d\'azur,,,,,,,,,,,,,,
,,,,,,,,,,,,,,,,université de bretagne occidentale,945.0,Université de Bretagne Occidentale,France,22380.0,30.2,11%,59 : 41,35.51349999999999,26.4,19.4,52.1,45.3,62.1,2025.0
1001-1200,1001-1200,Université de Caen Normandie,FR,France,L,8.8,2.8,6.6,6.3,8.1,6.2,74.6,2.1,1.9,-,université de caen normandie,,,,,,,,,,,,,,
711-720,1201-1400,Université de Franche-Comté,FR,France,S,6.5,2.1,100.0,12.4,,,76.7,3.2,1.7,-,université de franche-comté,,,,,,,,,,,,,,
539,563,Université de Fribourg,CH,Switzerland,M,10.3,3.0,7.5,25.4,99.9,38.3,58.3,40.6,51.8,22.8,université de fribourg,,,,,,,,,,,,,,
,,,,,,,,,,,,,,,,université de gabès,1635.0,Université de Gabès,Tunisia,14514.0,14.3,1%,74 : 26,23.114,20.5,11.0,32.7,20.1,43.5,2025.0
721-730,631-640,Université de Lille,FR,France,XL,23.5,5.5,4.8,14.7,14.6,15.8,93.3,4.5,10.9,-,université de lille,,,,,,,,,,,,,,
1201-1400,1201-1400,Université de Limoges,FR,France,M,6.6,2.3,17.2,5.5,,,58.8,2.9,1.1,-,université de limoges,,,,,,,,,,,,,,
396,421,Université de Liège,BE,Belgium,L,17.0,11.8,9.6,38.0,50.3,53.0,94.6,23.6,81.2,29.7,université de liège,,,,,,,,,,,,,,
801-850,721-730,Université de Lorraine,FR,France,XL,13.6,3.3,7.0,12.9,27.6,27.4,95.9,14.8,11.8,-,université de lorraine,,,,,,,,,,,,,,
448,382,Université de Montpellier,FR,France,XL,18.6,3.4,8.5,57.2,22.8,29.9,99.5,13.1,17.3,26.6,université de montpellier,,,,,,,,,,,,,,
159,141,Université de Montréal ,CA,Canada,XL,55.5,32.8,76.0,19.3,87.6,54.1,84.9,54.2,91.4,51.3,université de montréal,125.0,Université de Montréal,Canada,39359.0,20.2,23%,,64.2435,49.3,53.2,79.5,97.8,86.8,2025.0
851-900,771-780,Université de Nantes,FR,France,XL,10.4,3.4,7.8,21.4,19.8,15.1,87.3,2.8,7.5,-,université de nantes,,,,,,,,,,,,,,
1001-1200,1001-1200,Université de Poitiers,FR,France,L,7.9,1.7,5.4,5.2,,26.4,75.3,6.7,2.1,-,université de poitiers,1105.0,Université de Poitiers,France,29514.0,28.9,12%,57 : 43,32.3335,30.1,25.6,32.0,43.0,62.8,2025.0
721-730,711-720,Université de Rennes 1 (University of Rennes),FR,France,L,14.9,5.2,11.6,28.3,11.9,11.0,88.1,6.8,6.9,-,université de rennes 1 (rennes),,,,,,,,,,,,,,
1001-1200,1001-1200,Université de Sfax,TN,Tunisia,XL,7.0,4.1,44.0,3.7,1.1,3.2,50.8,10.3,8.0,-,université de sfax,,,,,,,,,,,,,,
851-900,801-850,Université de Sherbrooke,CA,Canada,L,6.8,4.2,18.8,16.9,54.7,7.6,43.0,23.4,8.0,-,université de sherbrooke,,,,,,,,,,,,,,
,,,,,,,,,,,,,,,,université de skikda,1585.0,Université de Skikda,Algeria,29453.0,27.1,0%,70 : 30,23.827,12.3,7.8,47.4,16.6,40.7,2025.0
1001-1200,1001-1200,Université de Sousse,TN,Tunisia,L,4.5,1.8,51.1,1.7,1.1,2.2,37.0,3.9,1.0,-,université de sousse,,,,,,,,,,,,,,
456,421,Université de Strasbourg,FR,France,XL,39.1,10.3,5.1,20.7,34.2,35.9,90.7,20.4,5.4,26.3,université de strasbourg,,,,,,,,,,,,,,
1001-1200,1001-1200,Université de Toulouse II-Le Mirail,FR,France,XL,9.4,2.7,1.3,7.1,27.2,19.7,67.0,2.1,1.2,-,université de toulouse ii-le mirail,,,,,,,,,,,,,,
1001-1200,1201-1400,Université de Tunis,TN,Tunisia,L,7.2,3.9,19.4,1.9,2.0,1.8,27.0,48.1,1.0,-,université de tunis,,,,,,,,,,,,,,
771-780,951-1000,Université de Tunis El Manar,TN,Tunisia,L,9.4,4.3,26.0,5.1,39.5,7.8,82.1,54.1,16.3,-,université de tunis el manar,,,,,,,,,,,,,,
,,,,,,,,,,,,,,,,université djillali liabès de sidi bel-abbès,1315.0,Université Djillali Liabès de Sidi Bel-Abbès,Algeria,27880.0,18.9,1%,58 : 42,28.4975,27.7,9.8,46.7,17.1,37.2,2025.0
851-900,751-760,Université du Québec,CA,Canada,XL,15.3,7.6,1.8,10.9,32.9,11.0,62.6,21.6,9.9,-,université du québec,536.0,Université du Québec,Canada,50418.0,17.4,12%,57 : 43,44.709,31.7,34.2,56.5,71.8,74.9,2025.0
,,,,,,,,,,,,,,,,université d’orléans,1162.0,Université d’Orléans,France,18293.0,19.7,14%,50 : 50,31.268,18.6,15.8,46.9,46.6,70.2,2025.0
,,,,,,,,,,,,,,,,université frères mentouri constantine 1,1982.0,Université Frères Mentouri Constantine 1,Algeria,31137.0,15.5,1%,64 : 36,15.556,18.8,8.6,13.3,18.4,37.2,2025.0
334,294,Université Grenoble Alpes,FR,France,XL,44.7,14.3,7.9,41.7,20.2,35.1,94.9,20.7,21.5,33.5,université grenoble alpes,365.0,Université Grenoble Alpes,France,51333.0,18.5,17%,53 : 47,50.63,41.7,37.7,64.5,69.7,70.1,2025.0
,,,,,,,,,,,,,,,,université hassan 1er,1779.0,Université Hassan 1er,Morocco,35228.0,58.2,2%,52 : 48,20.2965,25.5,10.7,24.0,17.9,23.4,2025.0
,,,,,,,,,,,,,,,,université hassan ii de casablanca,1538.0,Université Hassan II de Casablanca,Morocco,126408.0,34.9,2%,54 : 46,24.635,20.7,9.3,42.2,26.6,28.1,2025.0
1201-1400,1201-1400,Université Jean Moulin Lyon 3,FR,France,L,8.8,5.2,1.8,2.3,18.7,30.2,8.5,4.4,1.0,-,université jean moulin lyon 3,,,,,,,,,,,,,,
,,,,,,,,,,,,,,,,université kasdi merbah ouargla,1807.0,Université Kasdi Merbah Ouargla,Algeria,26744.0,20.8,0%,57 : 43,19.8055,28.2,9.9,18.9,17.2,30.1,2025.0
423,441,Université Laval,CA,Canada,L,19.2,8.1,26.0,23.8,55.8,41.6,80.2,36.4,78.4,28.1,université laval,293.0,Université Laval,Canada,30211.0,17.8,17%,59 : 41,54.01599999999999,40.5,38.9,70.8,96.0,76.1,2025.0
,,,,,,,,,,,,,,,,université libre de bruxelles,211.0,Université Libre de Bruxelles,Belgium,32121.0,55.5,29%,56 : 44,58.14,36.3,45.5,82.9,68.6,88.3,2025.0
1001-1200,1001-1200,Université Lumière Lyon 2,FR,France,L,10.1,2.5,4.5,6.2,26.7,35.5,59.1,1.3,1.7,-,université lumière lyon 2,,,,,,,,,,,,,,
,,,,,,,,,,,,,,,,université mohammed premier,1587.0,Université Mohammed Premier,Morocco,84547.0,82.5,1%,51 : 49,23.792,19.2,11.1,38.5,20.6,33.8,2025.0
1001-1200,1201-1400,Université Mohammed V de Rabat,MA,Morocco,XL,3.7,3.3,1.5,4.5,3.8,2.6,77.7,70.1,2.9,-,université mohammed v de rabat,,,,,,,,,,,,,,
,,,,,,,,,,,,,,,,université mouloud mammeri de tizi-ouzou,2043.0,Université Mouloud Mammeri de Tizi-Ouzou,Algeria,38930.0,19.9,0%,62 : 38,14.0955,18.1,8.0,8.3,16.9,43.6,2025.0
283,328,Université Paris 1 Panthéon-Sorbonne ,FR,France,XL,65.6,33.3,4.6,2.9,34.3,46.5,70.3,74.8,23.7,37.5,université paris 1 panthéon-sorbonne,,,,,,,,,,,,,,
302,236,Université Paris Cité,FR,France,XL,27.8,6.2,9.2,87.0,12.0,35.2,99.2,15.2,18.4,35.9,université paris cité,184.0,Université Paris Cité,France,61998.0,17.1,20%,66 : 34,59.5735,44.7,37.8,90.7,67.0,73.8,2025.0
1001-1200,1201-1400,Université Paris-Nanterre,FR,France,XL,11.4,2.6,3.3,2.5,8.6,1.4,56.9,29.1,1.6,-,université paris-nanterre,,,,,,,,,,,,,,
73,71,Université Paris-Saclay,FR,France,XL,60.7,99.1,99.8,35.0,35.7,58.6,98.6,70.8,72.6,67,université paris-saclay,64.0,Université Paris-Saclay,France,32679.0,15.0,24%,51 : 49,73.4815,68.4,66.9,81.5,91.0,77.5,2025.0
580,511,Université Paul Sabatier Toulouse III,FR,France,L,17.7,3.4,38.5,28.0,5.1,21.5,98.5,6.0,10.3,21.3,université paul sabatier toulouse iii,,,,,,,,,,,,,,
,,,,,,,,,,,,,,,,université polytechnique hauts-de-france,1323.0,Université Polytechnique Hauts-de-France,France,13991.0,30.2,12%,47 : 53,28.3745,16.6,17.2,36.2,60.8,69.3,2025.0
24,24,Université PSL,FR,France,L,74.4,97.6,98.1,87.6,62.3,65.0,99.8,97.1,73.4,84.7,université psl,,,,,,,,,,,,,,
,,,,,,,,,,,,,,,,université saint-joseph de beyrouth,1408.0,Université Saint-Joseph de Beyrouth,Lebanon,8450.0,9.6,8%,60 : 40,26.962000000000003,31.8,11.7,25.6,30.7,70.4,2025.0
,,,,,,,,,,,,,,,,université sorbonne nouvelle,1573.0,Université Sorbonne Nouvelle,France,15703.0,22.3,26%,77 : 23,24.11,26.2,13.1,20.0,34.8,69.2,2025.0
951-1000,1401+,Université Sorbonne Paris Nord,FR,France,L,9.5,4.1,4.2,29.3,,,61.0,3.9,1.4,-,université sorbonne paris nord,,,,,,,,,,,,,,
,,,,,,,,,,,,,,,,université sultan moulay slimane,1733.0,Université Sultan Moulay Slimane,Morocco,41727.0,58.3,1%,54 : 46,21.309999999999995,17.4,11.1,35.4,17.2,22.0,2025.0
951-1000,951-1000,Université Toulouse 1 Capitole,FR,France,L,13.4,4.6,1.7,6.2,25.5,50.2,52.6,6.1,1.8,-,université toulouse 1 capitole,,,,,,,,,,,,,,
,,,,,,,,,,,,,,,,unsw sydney,83.0,UNSW Sydney,Australia,46165.0,35.6,41%,46 : 54,69.1685,47.6,57.4,91.7,98.2,93.9,2025.0
,,,,,,,,,,,,,,,,upes,567.0,UPES,India,9443.0,9.5,0%,31 : 69,44.19749999999999,31.6,21.4,79.0,21.3,54.9,2025.0
103,105,Uppsala University,SE,Sweden,L,61.4,33.7,52.0,42.3,99.4,81.1,96.7,68.4,99.2,59.3,uppsala,131.0,Uppsala University,Sweden,24313.0,12.6,18%,59 : 41,63.564,44.2,55.4,83.4,96.1,74.6,2025.0
,,,,,,,,,,,,,,,,ural federal,1048.0,Ural Federal University,Russian Federation,29811.0,15.6,16%,52 : 48,33.413,24.8,28.4,36.9,58.4,59.4,2025.0
516,473,Ural Federal University - UrFU,RU,Russia,XL,19.6,14.2,95.5,2.1,5.4,25.3,86.6,1.9,12.7,23.6,ural federal - urfu,,,,,,,,,,,,,,
,,,,,,,,,,,,,,,,urbino carlo bo,1223.0,University of Urbino Carlo Bo,Italy,16020.0,39.3,5%,65 : 35,30.145,14.6,19.2,49.4,38.0,52.4,2025.0
,,,,,,,,,,,,,,,,urmia,810.0,Urmia University,Iran,13281.0,26.5,14%,49 : 51,38.006,29.8,22.6,59.8,37.4,43.0,2025.0
,,,,,,,,,,,,,,,,urmia medical sciences,755.0,Urmia University of Medical Sciences,Iran,4728.0,10.7,6%,51 : 49,39.038,42.5,11.5,67.6,20.2,27.7,2025.0
,,,,,,,,,,,,,,,,urmia technology,1186.0,Urmia University of Technology,Iran,2957.0,24.6,0%,30 : 70,30.7925,11.7,15.2,66.0,20.2,31.0,2025.0
,,,,,,,,,,,,,,,,usamv cluj-napoca,1310.0,USAMV Cluj-Napoca,Romania,5463.0,17.2,9%,54 : 46,28.653,18.4,9.5,55.3,20.5,40.8,2025.0
405,328,USI - Università della Svizzera italiana,CH,Switzerland,S,6.1,4.6,73.5,40.7,100.0,100.0,39.3,2.1,1.1,29.3,usi - università della svizzera italiana,,,,,,,,,,,,,,
,,,,,,,,,,,,,,,,"usmanu danfodiyo, sokoto",1713.0,"Usmanu Danfodiyo University, Sokoto",Nigeria,23491.0,19.0,0%,27 : 73,21.679,15.0,8.1,35.7,16.0,47.4,2025.0
531,441,University of Utah,US,United States,XL,15.7,6.3,50.0,30.5,15.5,10.3,80.5,17.4,24.5,23.1,utah,219.0,University of Utah,United States,32540.0,13.1,9%,50 : 50,57.64999999999999,44.0,39.0,89.0,88.5,41.6,2025.0
1001-1200,1001-1200,Utah State University ,US,United States,L,6.2,2.0,5.4,22.4,1.1,1.6,54.7,7.6,7.4,-,utah state,,,,,,,,,,,,,,
105,107,Utrecht University,NL,Netherlands,XL,66.5,38.8,31.0,79.5,55.7,19.4,97.3,54.7,61.9,59.1,utrecht,,,,,,,,,,,,,,
,,,,,,,,,,,,,,,,utsunomiya,1969.0,Utsunomiya University,Japan,4840.0,14.2,5%,37 : 63,15.865999999999998,21.0,12.2,9.2,30.7,28.6,2025.0
,,,,,,,,,,,,,,,,uzhhorod national,2061.0,Uzhhorod National University,Ukraine,16477.0,13.2,10%,49 : 51,13.4665,17.9,9.1,6.2,16.8,40.2,2025.0
,,,,,,,,,,,,,,,,uşak,1923.0,Uşak University,Turkey,19071.0,26.6,11%,51 : 49,16.953,12.4,10.4,24.0,16.6,32.2,2025.0
741-750,691-700,V. N. Karazin Kharkiv National University,UA,Ukraine,L,12.6,16.9,64.6,1.4,3.3,55.7,29.4,4.0,4.9,-,v. n. karazin kharkiv national,,,,,,,,,,,,,,
,,,,,,,,,,,,,,,,v.n. karazin kharkiv national,1850.0,V.N. Karazin Kharkiv National University,Ukraine,17491.0,8.3,28%,53 : 47,18.8195,26.3,10.9,9.2,40.0,47.2,2025.0
,,,,,,,,,,,,,,,,vaasa,428.0,University of Vaasa,Finland,4092.0,18.4,4%,52 : 48,48.41799999999999,23.9,27.7,90.2,31.8,66.7,2025.0
,,,,,,,,,,,,,,,,valencia,551.0,University of Valencia,Spain,50437.0,13.9,14%,59 : 41,44.4395,27.9,27.0,72.0,68.6,53.8,2025.0
,,,,,,,,,,,,,,,,vali-e-asr rafsanjan,1842.0,Vali-e-Asr University of Rafsanjan,Iran,6050.0,21.5,1%,62 : 38,19.029,12.9,10.2,32.6,19.2,22.9,2025.0
,,,,,,,,,,,,,,,,valladolid,1343.0,University of Valladolid,Spain,21960.0,10.5,8%,56 : 44,28.034,25.4,14.8,38.5,42.1,40.2,2025.0
,,,,,,,,,,,,,,,,valparaíso,1832.0,University of Valparaíso,Chile,16626.0,18.5,3%,58 : 42,19.321,16.5,12.5,21.9,18.9,46.7,2025.0
,,,,,,,,,,,,,,,,van yüzüncü yil,1689.0,Van Yüzüncü Yil University,Turkey,21003.0,17.3,3%,47 : 53,22.232,21.8,22.0,20.8,37.9,22.2,2025.0
1201-1400,1001-1200,Vancouver Island University,CA,Canada,L,4.5,3.7,48.8,1.1,,,2.6,1.5,1.0,-,vancouver island,,,,,,,,,,,,,,
248,261,Vanderbilt University,US,United States,L,24.4,21.8,100.0,53.0,30.1,36.0,78.6,34.7,24.5,40.8,vanderbilt,91.0,Vanderbilt University,United States,12863.0,3.8,18%,55 : 45,67.26599999999999,53.3,49.0,95.9,95.0,63.5,2025.0
,,,,,,,,,,,,,,,,vasyl stefanyk precarpathian national,2001.0,Vasyl Stefanyk Precarpathian National University,Ukraine,14265.0,17.1,0%,67 : 33,15.265,14.2,9.4,20.1,16.0,22.4,2025.0
791-800,851-900,Vellore Institute of Technology (VIT),IN,India,XL,12.7,16.1,7.3,18.9,8.9,2.9,76.9,6.1,29.6,-,vellore institute of technology (vit),,,,,,,,,,,,,,
,,,,,,,,,,,,,,,,"vels institute of science, technology and advanced studies (vistas)",1372.0,"Vels Institute of Science, Technology and Advanced Studies (VISTAS)",India,15625.0,20.3,0%,32 : 68,27.594,29.6,10.3,45.7,20.0,18.2,2025.0
,,,,,,,,,,,,,,,,veltech,1300.0,Veltech University,India,10345.0,14.8,2%,18 : 82,28.939,18.0,10.7,57.4,30.9,27.6,2025.0
,,,,,,,,,,,,,,,,venda,1628.0,University of Venda,South Africa,12497.0,29.0,1%,58 : 42,23.187,20.4,26.0,18.1,17.6,46.6,2025.0
1001-1200,901-950,University of Vermont,US,United States,L,3.1,2.2,34.9,15.6,6.8,2.4,62.8,9.5,8.1,-,vermont,,,,,,,,,,,,,,
771-780,801-850,Verona University,IT,Italy,L,9.1,2.7,4.1,41.6,4.5,4.2,71.0,3.1,22.5,-,verona,419.0,Verona University,Italy,21889.0,25.8,4%,64 : 36,48.63,33.2,28.9,81.3,68.0,44.6,2025.0
,,,,,,,,,,,,,,,,"veterinary and animal sciences, lahore",851.0,"University of Veterinary and Animal Sciences, Lahore",Pakistan,7201.0,19.7,1%,51 : 49,37.2745,21.3,16.3,68.0,46.1,53.6,2025.0
,,,,,,,,,,,,,,,,vic – central catalonia,831.0,University of Vic – Central University of Catalonia,Spain,7410.0,12.0,19%,61 : 39,37.6285,21.8,13.4,73.3,21.1,59.7,2025.0
741-750,711-720,Victoria University ,AU,Australia,L,6.9,6.1,2.4,34.1,32.7,41.5,44.9,6.4,34.8,-,victoria,311.0,University of Victoria,Canada,17573.0,24.9,19%,57 : 43,53.1205,29.6,37.1,81.7,65.8,86.5,2025.0
741-750,711-720,Victoria University ,AU,Australia,L,6.9,6.1,2.4,34.1,32.7,41.5,44.9,6.4,34.8,-,victoria,500.0,Victoria University,Australia,13529.0,37.3,20%,58 : 42,45.967,23.5,29.7,74.5,62.1,74.5,2025.0
349,322,University of Victoria (UVic),CA,Canada,L,17.0,7.7,3.9,62.5,94.7,40.9,54.2,11.3,82.9,32.6,victoria (uvic),,,,,,,,,,,,,,
244,241,Victoria University of Wellington,NZ,New Zealand,L,42.8,21.4,10.1,32.1,100.0,31.0,70.7,71.6,91.4,41.2,victoria wellington,485.0,Victoria University of Wellington,New Zealand,16703.0,17.7,17%,59 : 41,46.50299999999999,26.3,32.4,70.6,54.4,79.9,2025.0
137,130,University of Vienna,AT,Austria,XL,70.9,40.4,23.2,13.0,100.0,92.0,96.0,89.7,60.9,53.9,vienna,110.0,University of Vienna,Austria,30739.0,37.0,32%,65 : 35,65.505,48.0,61.0,78.6,74.5,94.6,2025.0
901-950,951-1000,Viet Nam National University Ho Chi Minh City (VNU-HCM),VN,Vietnam,XL,18.8,24.6,5.7,2.1,4.2,1.1,45.7,24.9,4.6,-,viet nam national ho chi minh city (vnu-hcm),,,,,,,,,,,,,,
,,,,,,,,,,,,,,,,vietnam national (ho chi minh city),1755.0,Vietnam National University (Ho Chi Minh City),Vietnam,93371.0,28.2,1%,47 : 53,21.0045,14.2,12.7,29.6,40.5,35.1,2025.0
851-900,951-1000,"Vietnam National University, Hanoi ",VN,Vietnam,XL,15.3,18.7,7.6,2.4,5.5,1.2,61.0,60.1,6.4,-,"vietnam national, hanoi",1295.0,"Vietnam National University, Hanoi",Vietnam,64921.0,18.9,0%,61 : 39,29.031,18.6,12.0,51.8,24.6,47.2,2025.0
,,,,,,,,,,,,,,,,"vignan’s foundation for science, technology and research",1709.0,"Vignan’s Foundation for Science, Technology and Research",India,7816.0,12.2,3%,43 : 57,21.7945,21.7,7.9,34.9,20.8,24.0,2025.0
,,,,,,,,,,,,,,,,vigo,882.0,University of Vigo,Spain,17545.0,15.0,6%,51 : 49,36.7755,23.9,19.8,60.0,57.7,49.0,2025.0
439,473,Vilnius University ,LT,Lithuania,L,19.1,23.5,74.7,3.3,12.4,13.6,75.5,83.7,27.1,27.1,vilnius,1057.0,Vilnius University,Lithuania,21338.0,8.9,11%,63 : 37,33.257,27.2,18.3,48.1,45.9,48.8,2025.0
851-900,801-850,Vilnius Gediminas Technical University,LT,Lithuania,M,8.7,13.8,37.7,7.8,14.7,32.9,41.4,6.9,2.0,-,vilnius gediminas technical,,,,,,,,,,,,,,
,,,,,,,,,,,,,,,,vilnius gediminas technical (vilnius tech),1444.0,Vilnius Gediminas Technical University (Vilnius Tech),Lithuania,8264.0,12.5,14%,31 : 69,26.321,21.5,17.3,31.7,46.1,48.1,2025.0
,,,,,,,,,,,,,,,,vinayaka mission’s research foundation,1509.0,Vinayaka Mission’s Research Foundation,India,13458.0,8.2,0%,40 : 60,25.0185,26.8,8.4,42.3,16.1,17.9,2025.0
297,260,University of Virginia,US,United States,L,37.3,27.3,55.8,29.1,6.1,11.3,81.6,77.9,35.4,36.6,virginia,,,,,,,,,,,,,,
,,,,,,,,,,,,,,,,virginia (main campus),165.0,University of Virginia (Main campus),United States,26228.0,9.0,12%,54 : 46,60.88699999999999,49.3,42.2,87.3,85.2,60.1,2025.0
851-900,761-770,Virginia Commonwealth University,US,United States,L,7.1,8.5,38.8,12.8,9.7,3.2,73.5,8.2,8.5,-,virginia commonwealth,456.0,Virginia Commonwealth University,United States,25537.0,10.5,4%,64 : 36,47.42799999999999,36.9,23.3,80.6,73.2,35.7,2025.0
389,302,Virginia Polytechnic Institute and State University,US,United States,XL,26.4,26.2,18.9,28.4,71.8,16.5,82.6,24.0,34.8,30.1,virginia polytechnic institute and state,253.0,Virginia Polytechnic Institute and State University,United States,37225.0,18.5,13%,43 : 57,55.704,40.7,40.6,79.7,77.9,65.3,2025.0
,,,,,,,,,,,,,,,,"visvesvaraya national institute of technology, nagpur",1364.0,"Visvesvaraya National Institute of Technology, Nagpur",India,4487.0,15.4,2%,23 : 77,27.669,28.2,12.7,41.7,41.8,19.8,2025.0
,,,,,,,,,,,,,,,,vit,797.0,VIT University,India,38187.0,13.4,5%,30 : 70,38.30949999999999,28.4,15.1,69.4,36.0,43.9,2025.0
,,,,,,,,,,,,,,,,vita-salute san raffaele,249.0,Vita-Salute San Raffaele University,Italy,3879.0,29.4,5%,61 : 39,55.79200000000001,34.2,33.5,99.0,67.2,48.0,2025.0
,,,,,,,,,,,,,,,,volgograd state,1818.0,Volgograd State University,Russian Federation,7763.0,12.4,5%,52 : 48,19.5725,21.1,13.6,22.6,16.1,26.4,2025.0
,,,,,,,,,,,,,,,,volgograd state medical,2014.0,Volgograd State Medical University,Russian Federation,8351.0,8.3,24%,60 : 40,14.948499999999996,23.9,9.2,5.0,17.5,40.4,2025.0
,,,,,,,,,,,,,,,,volgograd state technical,1977.0,Volgograd State Technical University,Russian Federation,11918.0,13.2,12%,31 : 69,15.704,19.2,9.9,13.9,19.1,29.8,2025.0
1201-1400,1201-1400,Voronezh State University,RU,Russia,L,5.4,2.7,21.8,1.3,3.0,21.4,12.1,3.0,1.0,-,voronezh state,1970.0,Voronezh State University,Russian Federation,17966.0,11.1,13%,49 : 51,15.8455,24.8,11.0,6.6,17.8,35.3,2025.0
,,,,,,,,,,,,,,,,voronezh state technical,1898.0,Voronezh State Technical University,Russian Federation,10528.0,12.8,8%,36 : 64,17.7015,20.5,8.2,21.8,18.9,26.4,2025.0
221,207,Vrije Universiteit Amsterdam,NL,Netherlands,XL,39.4,17.8,21.3,63.7,67.3,47.4,89.0,45.1,50.8,43.8,vrije universiteit amsterdam,137.0,Vrije Universiteit Amsterdam,Netherlands,31761.0,17.5,20%,57 : 43,62.672,37.4,49.6,92.9,73.0,86.2,2025.0
,,,,,,,,,,,,,,,,vrije universiteit brussel,227.0,Vrije Universiteit Brussel,Belgium,15481.0,35.0,24%,58 : 42,57.2935,37.6,42.7,81.1,90.4,78.3,2025.0
278,259,Vrije Universiteit Brussel (VUB),BE,Belgium,L,23.3,13.7,76.1,18.2,93.6,58.2,93.1,51.8,72.1,38.1,vrije universiteit brussel (vub),,,,,,,,,,,,,,
1001-1200,1001-1200,VSB - Technical University of Ostrava,CZ,Czech Republic,M,6.0,10.5,18.6,4.7,11.3,28.3,50.2,3.9,4.6,-,vsb - technical ostrava,1317.0,VSB - Technical University of Ostrava,Czech Republic,11490.0,15.3,13%,34 : 66,28.472,24.8,21.1,31.7,43.3,50.6,2025.0
741-750,801-850,Vytautas Magnus University,LT,Lithuania,M,10.4,16.8,41.8,2.4,26.7,47.8,48.1,21.6,6.7,-,vytautas magnus,1491.0,Vytautas Magnus University,Lithuania,8217.0,10.8,15%,72 : 28,25.3555,23.6,12.6,31.2,20.3,60.9,2025.0
155,151,Wageningen University & Research,NL,Netherlands,L,42.1,23.8,98.6,41.3,59.4,81.2,97.9,21.1,92.3,51.6,wageningen & research,67.0,Wageningen University & Research,Netherlands,15976.0,17.4,29%,54 : 46,72.7135,56.7,59.3,92.9,99.0,92.8,2025.0
235,250,University of Waikato,NZ,New Zealand,M,19.1,11.7,12.4,84.7,99.0,56.9,55.1,46.4,89.5,42.5,waikato,442.0,University of Waikato,New Zealand,10117.0,19.9,27%,62 : 38,47.8765,22.7,30.7,75.8,72.3,88.6,2025.0
,,,,,,,,,,,,,,,,wakayama medical,950.0,Wakayama Medical University,Japan,1917.0,4.4,0%,46 : 54,35.3645,34.7,12.9,58.1,61.8,19.8,2025.0
741-750,701-710,Wake Forest University,US,United States,M,5.1,6.3,100.0,8.6,3.2,10.9,42.8,15.4,1.7,-,wake forest,444.0,Wake Forest University,United States,8366.0,4.1,10%,55 : 45,47.812,38.7,23.2,78.0,83.0,39.3,2025.0
,,,,,,,,,,,,,,,,walailak,1252.0,Walailak University,Thailand,9699.0,13.7,2%,72 : 28,29.7105,20.3,14.6,51.7,17.7,43.6,2025.0
1001-1200,1201-1400,University of Warmia and Mazury in Olsztyn,PL,Poland,L,6.9,8.9,28.6,3.7,2.0,2.7,40.6,3.2,7.1,-,warmia and mazury in olsztyn,1537.0,University of Warmia and Mazury in Olsztyn,Poland,16211.0,18.0,3%,61 : 39,24.6815,18.2,15.2,40.4,24.8,23.9,2025.0
258,262,University of Warsaw ,PL,Poland,XL,50.0,53.6,46.4,5.5,10.5,8.4,84.1,60.0,69.8,39.8,warsaw,704.0,University of Warsaw,Poland,33322.0,10.7,10%,61 : 39,40.4235,34.8,31.6,53.6,36.4,46.1,2025.0
,,,,,,,,,,,,,,,,warsaw life sciences – sggw,1487.0,Warsaw University of Life Sciences – SGGW,Poland,16713.0,13.7,8%,59 : 41,25.4415,19.3,12.5,41.2,29.2,34.6,2025.0
1001-1200,1001-1200,Warsaw University of Life Sciences – SGGW (WULS-SGGW),PL,Poland,L,6.6,4.4,18.8,6.8,2.3,6.4,74.4,3.0,6.9,-,warsaw life sciences – sggw (wuls-sggw),,,,,,,,,,,,,,
527,571,Warsaw University of Technology,PL,Poland,L,23.3,51.9,42.6,4.7,2.4,10.3,60.6,9.8,1.4,23.2,warsaw technology,1430.0,Warsaw University of Technology,Poland,22996.0,10.9,8%,32 : 68,26.5815,25.7,17.6,30.8,54.9,32.8,2025.0
69,67,The University of Warwick,UK,United Kingdom,L,72.2,86.4,35.5,37.7,98.1,99.1,94.2,65.7,89.7,68.2,warwick,106.0,University of Warwick,United Kingdom,25490.0,14.2,45%,50 : 50,65.75250000000001,47.9,51.5,89.0,69.3,96.2,2025.0
181,199,Waseda University,JP,Japan,XL,60.7,96.1,23.5,3.8,27.9,28.0,66.4,83.7,56.1,48.5,waseda,847.0,Waseda University,Japan,45453.0,14.3,12%,39 : 61,37.3685,33.8,27.1,42.7,66.4,54.3,2025.0
76,63,University of Washington,US,United States,XL,81.9,55.5,28.6,78.8,11.0,32.8,95.6,68.7,66.5,65.3,washington,25.0,University of Washington,United States,49647.0,10.0,16%,57 : 43,83.7795,74.6,81.3,98.0,84.7,72.1,2025.0
,,,,,,,,,,,,,,,,washington in st louis,69.0,Washington University in St Louis,United States,15303.0,7.9,27%,52 : 48,72.13799999999999,59.8,56.9,97.5,78.4,74.8,2025.0
176,154,Washington University in St. Louis,US,United States,L,36.3,12.0,99.7,47.7,69.5,72.4,83.6,31.9,86.7,49,washington in st. louis,,,,,,,,,,,,,,
466,419,Washington State University,US,United States,L,23.3,20.0,15.5,33.5,47.1,5.0,77.3,8.6,29.6,25.7,washington state,405.0,Washington State University,United States,27562.0,18.0,6%,55 : 45,49.16299999999999,36.9,33.9,69.1,82.1,59.1,2025.0
,,,,,,,,,,,,,,,,wasit,1641.0,Wasit University,Iraq,21254.0,16.0,0%,43 : 57,23.074,16.3,9.0,43.0,16.2,28.1,2025.0
115,112,University of Waterloo,CA,Canada,XL,40.4,64.2,6.5,78.9,75.8,71.3,84.6,58.9,93.3,57.2,waterloo,163.0,University of Waterloo,Canada,35370.0,23.1,22%,47 : 53,60.91999999999999,41.0,48.9,83.1,77.1,88.4,2025.0
791-800,751-760,Wayne State University,US,United States,L,7.6,3.4,62.1,10.6,13.3,5.4,73.6,19.4,3.1,-,wayne state,509.0,Wayne State University,United States,21340.0,12.6,5%,60 : 40,45.5225,38.5,21.8,72.0,77.7,41.8,2025.0
,,,,,,,,,,,,,,,,wenzhou,778.0,Wenzhou University,China,26331.0,19.3,3%,51 : 49,38.6375,16.2,15.8,83.3,37.6,37.1,2025.0
,,,,,,,,,,,,,,,,wenzhou medical,930.0,Wenzhou Medical University,China,30416.0,15.5,3%,60 : 40,35.8675,18.2,15.5,70.5,46.9,39.7,2025.0
,,,,,,,,,,,,,,,,west attica,1792.0,University of West Attica,Greece,58700.0,42.0,0%,43 : 57,20.047,9.6,10.5,37.6,26.5,24.4,2025.0
1201-1400,1201-1400,University of West Bohemia ,CZ,Czech Republic,M,5.6,2.1,10.9,3.8,,,37.2,5.2,1.0,-,west bohemia,1423.0,University of West Bohemia,Czech Republic,11398.0,13.6,5%,54 : 46,26.6725,21.3,17.8,37.4,33.8,35.4,2025.0
,,,,,,,,,,,,,,,,west indies,1489.0,The University of the West Indies,Jamaica,37637.0,11.6,1%,68 : 32,25.371,22.4,10.9,35.8,26.3,50.8,2025.0
,,,,,,,,,,,,,,,,west london,1118.0,University of West London,United Kingdom,10155.0,12.9,46%,57 : 43,32.1435,20.5,10.0,52.1,18.9,90.8,2025.0
741-750,741-750,University of the West of England,UK,United Kingdom,XL,9.0,9.0,7.5,11.9,46.9,75.3,76.1,2.1,14.3,-,west of england,634.0,University of the West of England,United Kingdom,29680.0,16.8,29%,52 : 48,42.298,18.7,15.1,80.2,55.0,81.9,2025.0
,,,,,,,,,,,,,,,,west of scotland,649.0,University of the West of Scotland,United Kingdom,14205.0,23.7,31%,61 : 39,41.809,24.0,16.1,69.0,66.0,89.6,2025.0
,,,,,,,,,,,,,,,,west timişoara,1383.0,West University of Timişoara,Romania,15158.0,20.7,6%,66 : 34,27.365,19.6,12.8,48.0,18.9,36.2,2025.0
1001-1200,901-950,West Virginia University,US,United States,L,5.6,4.7,12.8,18.5,5.8,4.2,66.7,14.3,6.7,-,west virginia,,,,,,,,,,,,,,
120,114,Western University,CA,Canada,XL,32.6,38.9,3.3,93.4,99.8,49.5,81.5,96.7,99.3,55.8,western,226.0,Western University,Canada,31227.0,32.7,24%,56 : 44,57.37649999999999,39.5,42.1,76.7,99.5,87.0,2025.0
77,72,The University of Western Australia,AU,Australia,L,55.5,41.8,13.1,98.8,100.0,99.8,94.2,78.0,50.8,65.2,western australia,149.0,The University of Western Australia,Australia,19214.0,22.9,26%,51 : 49,62.026,37.8,47.2,87.6,98.3,93.0,2025.0
951-1000,951-1000,University of the Western Cape,ZA,South Africa,L,8.6,5.3,4.1,14.1,25.2,3.7,76.8,21.0,2.2,-,western cape,751.0,University of the Western Cape,South Africa,23755.0,34.8,5%,63 : 37,39.2095,23.8,24.8,63.9,23.6,65.1,2025.0
,,,,,,,,,,,,,,,,western macedonia,1612.0,University of Western Macedonia,Greece,13097.0,30.6,2%,49 : 51,23.4575,12.5,13.4,42.1,28.1,28.4,2025.0
1201-1400,1001-1200,Western Michigan University,US,United States,L,4.9,4.9,10.0,5.8,21.4,10.6,33.3,16.5,1.6,-,western michigan,1226.0,Western Michigan University,United States,15111.0,20.0,8%,54 : 46,30.1085,26.0,17.4,41.2,43.5,43.9,2025.0
384,375, Western Sydney University,AU,Australia,XL,19.9,14.2,4.8,31.0,100.0,45.5,87.4,8.9,89.2,30.5,western sydney,335.0,Western Sydney University,Australia,33215.0,34.8,22%,59 : 41,51.773500000000006,24.8,31.5,88.3,56.0,87.9,2025.0
1401+,1401+,Western Washington University,US,United States,L,2.6,2.6,7.3,3.5,9.7,1.6,12.4,1.5,1.1,-,western washington,,,,,,,,,,,,,,
367,384,Westfälische Wilhelms-Universität Münster ,DE,Germany,L,31.6,22.8,64.5,10.0,30.5,4.5,82.0,35.8,66.8,31.5,westfälische wilhelms-universität münster,,,,,,,,,,,,,,
741-750,711-720,University of Westminster,UK,United Kingdom,L,11.5,6.8,5.7,5.1,77.4,100.0,35.4,21.7,1.7,-,westminster,896.0,University of Westminster,United Kingdom,18385.0,19.6,50%,59 : 41,36.418,18.7,16.8,58.5,46.8,88.1,2025.0
,,,,,,,,,,,,,,,,wilfrid laurier,997.0,Wilfrid Laurier University,Canada,20095.0,35.9,11%,,34.516,15.6,20.2,55.2,61.4,67.2,2025.0
,,,,,,,,,,,,,,,,william & mary,722.0,William & Mary,United States,8599.0,11.8,7%,58 : 42,39.8805,40.5,21.9,56.6,43.8,38.0,2025.0
,,,,,,,,,,,,,,,,winchester,1286.0,University of Winchester,United Kingdom,7435.0,17.3,12%,67 : 33,29.122,19.5,16.0,43.7,18.8,64.9,2025.0
547,641-650,University of Windsor,CA,Canada,L,3.9,3.9,2.2,36.2,88.7,83.8,51.1,25.8,38.5,22.6,windsor,545.0,University of Windsor,Canada,15179.0,35.4,38%,,44.585,28.7,30.5,59.7,65.9,89.7,2025.0
1201-1400,1001-1200,University of Wisconsin Milwaukee ,US,United States,L,7.6,2.4,9.7,9.8,5.7,5.1,39.5,6.8,4.5,-,wisconsin milwaukee,,,,,,,,,,,,,,
116,102,University of Wisconsin-Madison,US,United States,XL,77.7,47.8,74.3,23.7,35.3,23.6,91.6,81.6,59.6,57.1,wisconsin-madison,56.0,University of Wisconsin-Madison,United States,43549.0,10.6,14%,,74.828,69.7,70.2,86.3,81.4,63.5,2025.0
267,264,University of Witwatersrand,ZA,South Africa,L,26.5,42.1,8.9,30.5,75.1,5.8,96.8,98.9,84.8,38.7,witwatersrand,319.0,University of the Witwatersrand,South Africa,27858.0,24.9,6%,59 : 41,52.615,32.8,42.8,71.0,89.3,75.4,2025.0
167,162,University of Wollongong,AU,Australia,L,29.5,24.5,17.0,94.6,91.8,56.3,89.0,18.3,93.9,50.3,wollongong,229.0,University of Wollongong,Australia,15249.0,23.1,24%,55 : 45,57.221,34.6,37.4,85.4,91.2,92.0,2025.0
1001-1200,1001-1200,University of Wolverhampton,UK,United Kingdom,L,3.2,2.7,10.2,8.3,33.3,69.2,45.7,4.7,1.3,-,wolverhampton,916.0,University of Wolverhampton,United Kingdom,14580.0,16.2,27%,64 : 36,35.991499999999995,19.2,14.9,60.2,48.1,80.3,2025.0
,,,,,,,,,,,,,,,,woosong,1342.0,Woosong University,South Korea,10202.0,15.6,18%,45 : 55,28.0415,18.7,10.4,41.6,20.1,83.0,2025.0
,,,,,,,,,,,,,,,,worcester,1485.0,University of Worcester,United Kingdom,7300.0,17.0,16%,72 : 28,25.492500000000003,17.6,12.0,38.0,23.2,59.9,2025.0
901-950,851-900,Worcester Polytechnic Institute,US,United States,M,3.5,5.2,17.4,26.2,42.0,23.5,25.6,8.3,1.9,-,worcester polytechnic institute,677.0,Worcester Polytechnic Institute,United States,6272.0,13.6,14%,38 : 62,41.175,30.0,22.5,62.9,66.0,57.2,2025.0
851-900,901-950,University of Wroclaw,PL,Poland,L,14.9,12.6,32.1,3.9,5.0,8.4,54.3,12.0,9.3,-,wroclaw,,,,,,,,,,,,,,
,,,,,,,,,,,,,,,,wroclaw medical,535.0,Wroclaw Medical University,Poland,6359.0,9.0,13%,69 : 31,44.73349999999999,43.4,17.2,74.8,43.0,37.1,2025.0
901-950,901-950,Wroclaw University of Science and Technology (WRUST),PL,Poland,L,11.7,18.9,33.7,5.3,3.4,5.0,55.5,3.2,1.3,-,wroclaw science and technology (wrust),,,,,,,,,,,,,,
,,,,,,,,,,,,,,,,wrocław,1306.0,University of Wrocław,Poland,17796.0,15.9,8%,64 : 36,28.7625,23.8,21.4,36.4,31.2,44.9,2025.0
,,,,,,,,,,,,,,,,wrocław environmental and life sciences,1558.0,Wrocław University of Environmental and Life Sciences,Poland,6523.0,14.8,5%,67 : 33,24.3785,22.2,14.1,32.7,37.7,32.3,2025.0
,,,,,,,,,,,,,,,,wrocław science and technology,1438.0,Wrocław University of Science and Technology,Poland,21269.0,18.9,7%,33 : 67,26.3855,20.2,18.5,34.1,57.6,33.7,2025.0
194,194,Wuhan University,CN,China (Mainland),XL,39.2,40.5,14.0,91.9,39.2,4.9,78.2,46.5,22.2,46.7,wuhan,134.0,Wuhan University,China,49929.0,13.8,6%,,63.0285,52.8,46.3,90.1,98.2,40.9,2025.0
801-850,851-900,Wuhan University of Technology,CN,China (Mainland),XL,6.9,2.5,11.5,47.0,,2.5,51.0,5.8,1.5,-,wuhan technology,,,,,,,,,,,,,,
,,,,,,,,,,,,,,,,wuhan textile,1393.0,Wuhan Textile University,China,23955.0,15.6,1%,50 : 50,27.178,15.7,11.8,51.3,49.3,23.5,2025.0
,,,,,,,,,,,,,,,,wuppertal,596.0,University of Wuppertal,Germany,13701.0,31.5,10%,56 : 44,43.42999999999999,31.2,31.4,61.4,64.0,55.2,2025.0
1001-1200,1001-1200,University of Wyoming,US,United States,M,3.2,1.6,28.4,21.1,6.8,4.0,52.2,6.5,3.6,-,wyoming,766.0,University of Wyoming,United States,9817.0,13.8,4%,52 : 48,38.7855,35.1,19.4,59.3,53.0,38.6,2025.0
,,,,,,,,,,,,,,,,würzburg,164.0,University of Würzburg,Germany,21257.0,37.7,10%,62 : 38,60.911,39.8,44.1,92.7,99.9,61.0,2025.0
1001-1200,1001-1200,Xi'an Jiaotong Liverpool University,CN,China (Mainland),L,4.2,1.9,6.2,5.6,94.8,2.8,37.8,1.5,1.5,-,xi'an jiaotong liverpool,,,,,,,,,,,,,,
362,392,Xiamen University,CN,China (Mainland),XL,23.6,16.2,19.0,72.2,5.1,3.1,62.6,46.0,15.4,31.7,xiamen,312.0,Xiamen University,China,46212.0,15.4,2%,,52.8895,40.4,33.5,83.3,87.1,37.1,2025.0
,,,,,,,,,,,,,,,,xiangtan,1277.0,Xiangtan University,China,36578.0,20.5,0%,49 : 51,29.242,18.5,16.7,50.7,52.6,21.7,2025.0
,,,,,,,,,,,,,,,,xidian,713.0,Xidian University,China,38844.0,14.6,1%,25 : 75,40.219,27.5,25.5,63.6,92.6,25.7,2025.0
295,291,Xi’an Jiaotong University,CN,China (Mainland),XL,19.0,39.4,14.0,89.5,3.9,3.8,80.5,26.4,18.2,36.9,xi’an jiaotong,239.0,Xi’an Jiaotong University,China,53183.0,15.9,6%,35 : 65,56.437,45.6,49.1,74.0,99.9,34.0,2025.0
,,,,,,,,,,,,,,,,xi’an jiaotong-liverpool,767.0,Xi’an Jiaotong-Liverpool University,China,20820.0,19.2,3%,53 : 47,38.775,19.8,16.3,69.8,38.8,76.2,2025.0
,,,,,,,,,,,,,,,,xuzhou medical,1359.0,Xuzhou Medical University,China,14390.0,18.1,3%,,27.849,16.5,16.6,50.9,32.5,21.3,2025.0
23,16,Yale University,US,United States,L,99.9,99.9,100.0,38.6,91.5,63.3,93.9,98.5,92.2,85.2,yale,10.0,Yale University,United States,14401.0,6.2,22%,53 : 47,94.164,93.7,95.0,97.8,86.5,82.3,2025.0
,,,,,,,,,,,,,,,,yamagata,1472.0,Yamagata University,Japan,8647.0,9.0,2%,34 : 66,25.692,28.1,15.4,25.5,71.6,32.3,2025.0
1201-1400,1001-1200,Yamaguchi University ,JP,Japan,M,3.9,1.8,41.8,4.2,6.7,2.5,18.7,1.8,1.0,-,yamaguchi,1589.0,Yamaguchi University,Japan,10310.0,10.9,5%,37 : 63,23.768,28.2,13.9,22.3,58.2,32.0,2025.0
,,,,,,,,,,,,,,,,yamanashi,1652.0,University of Yamanashi,Japan,4621.0,6.0,6%,31 : 69,22.9035,28.9,13.4,21.3,47.8,29.2,2025.0
,,,,,,,,,,,,,,,,yanbian,1915.0,Yanbian University,China,26717.0,19.2,0%,57 : 43,17.255499999999998,15.4,9.4,24.4,25.6,21.9,2025.0
,,,,,,,,,,,,,,,,yangzhou,563.0,Yangzhou University,China,30134.0,12.4,10%,66 : 34,44.296,32.7,27.5,66.4,78.3,48.3,2025.0
,,,,,,,,,,,,,,,,yanshan,1526.0,Yanshan University,China,39528.0,13.0,1%,37 : 63,24.858,20.2,12.0,39.7,49.1,20.6,2025.0
951-1000,1001-1200,Yarmouk University,JO,Jordan,L,14.1,20.1,3.1,2.6,7.3,8.8,45.3,33.8,7.5,-,yarmouk,1139.0,Yarmouk University,Jordan,23499.0,21.5,13%,57 : 43,31.7495,22.7,13.8,52.6,24.9,57.0,2025.0
,,,,,,,,,,,,,,,,yasouj,1453.0,Yasouj University,Iran,5873.0,25.6,1%,56 : 44,26.0385,15.2,15.2,47.8,27.6,22.7,2025.0
,,,,,,,,,,,,,,,,yazd,1215.0,Yazd University,Iran,13649.0,29.9,3%,57 : 43,30.3645,24.3,18.0,45.2,41.4,36.8,2025.0
,,,,,,,,,,,,,,,,yaşar,1171.0,Yaşar University,Turkey,5754.0,10.6,2%,51 : 49,31.053,21.6,12.0,57.4,18.9,43.0,2025.0
,,,,,,,,,,,,,,,,yeditepe,1741.0,Yeditepe University,Turkey,17506.0,29.9,6%,56 : 44,21.178,20.5,12.1,22.1,49.6,40.1,2025.0
901-950,1001-1200,Yerevan State University,AM,Armenia,M,7.0,2.9,51.4,1.3,5.1,1.7,20.0,87.4,1.0,-,yerevan state,1955.0,Yerevan State University,Armenia,13923.0,8.0,3%,53 : 47,16.238999999999997,24.8,8.8,8.7,20.9,39.0,2025.0
413,369,Yeshiva University,US,United States,S,3.1,2.8,65.3,91.6,31.4,13.5,6.6,3.0,15.8,28.8,yeshiva,,,,,,,,,,,,,,
951-1000,951-1000,Yeungnam University ,KR,South Korea,L,3.8,2.9,13.4,26.9,34.2,7.5,43.9,2.7,1.6,-,yeungnam,625.0,Yeungnam University,South Korea,18876.0,15.1,5%,50 : 50,42.45,24.3,21.2,73.8,56.9,62.9,2025.0
851-900,951-1000,Yildiz Technical University,TR,Turkey,L,9.7,24.7,4.2,12.2,9.1,18.5,38.9,19.9,35.1,-,yildiz technical,,,,,,,,,,,,,,
1201-1400,1201-1400,Yogyakarta State University,ID,Indonesia,L,11.7,3.3,8.7,1.4,13.5,1.7,8.6,2.3,1.0,-,yogyakarta state,,,,,,,,,,,,,,
901-950,801-850,Yokohama City University,JP,Japan,M,3.4,2.4,96.2,10.3,5.4,2.4,10.5,3.1,1.0,-,yokohama city,1009.0,Yokohama City University,Japan,5131.0,5.5,2%,55 : 45,34.195,28.0,10.8,60.2,64.2,29.0,2025.0
1001-1200,951-1000,Yokohama National University,JP,Japan,M,9.3,16.4,18.3,6.6,10.1,7.8,26.5,17.8,2.8,-,yokohama national,1447.0,Yokohama National University,Japan,9568.0,13.7,8%,28 : 72,26.2205,24.8,23.1,21.6,76.2,35.7,2025.0
56,76,Yonsei University,KR,South Korea,L,81.5,97.0,84.2,44.1,20.7,51.2,78.7,87.8,88.9,72.9,yonsei,,,,,,,,,,,,,,
,,,,,,,,,,,,,,,,yonsei (seoul campus),103.0,Yonsei University (Seoul campus),South Korea,19235.0,14.4,12%,50 : 50,66.11649999999999,57.5,56.2,84.4,99.9,47.2,2025.0
184,167,University of York,UK,United Kingdom,L,42.9,30.1,43.0,40.1,87.8,75.6,92.5,23.5,97.4,48.2,york,146.0,University of York,United Kingdom,20135.0,15.3,31%,57 : 43,62.1455,42.4,44.2,90.6,66.8,92.9,2025.0
184,167,University of York,UK,United Kingdom,L,42.9,30.1,43.0,40.1,87.8,75.6,92.5,23.5,97.4,48.2,york,416.0,York University,Canada,42331.0,27.8,28%,55 : 45,48.7925,28.0,32.5,73.5,71.0,82.9,2025.0
362,353,York University,CA,Canada,XL,22.7,18.6,3.9,22.6,53.1,78.7,65.5,76.3,86.5,31.7,york,146.0,University of York,United Kingdom,20135.0,15.3,31%,57 : 43,62.1455,42.4,44.2,90.6,66.8,92.9,2025.0
362,353,York University,CA,Canada,XL,22.7,18.6,3.9,22.6,53.1,78.7,65.5,76.3,86.5,31.7,york,416.0,York University,Canada,42331.0,27.8,28%,55 : 45,48.7925,28.0,32.5,73.5,71.0,82.9,2025.0
1201-1400,1201-1400,Youngsan University,KR,South Korea,M,4.0,10.0,19.3,1.3,2.5,9.9,2.0,1.9,1.0,-,youngsan,,,,,,,,,,,,,,
1201-1400,1201-1400,Yuan Ze University,TW,Taiwan,M,5.5,5.6,8.7,9.0,12.2,11.7,12.4,2.0,2.4,-,yuan ze,985.0,Yuan Ze University,Taiwan,6450.0,22.2,10%,43 : 57,34.6715,19.8,26.2,46.8,79.5,53.5,2025.0
,,,,,,,,,,,,,,,,yuriy fedkovych chernivtsi national,2057.0,Yuriy Fedkovych Chernivtsi National University,Ukraine,12377.0,12.5,1%,49 : 51,13.6175,18.0,9.8,8.8,17.2,28.5,2025.0
,,,,,,,,,,,,,,,,yıldız technical,900.0,Yıldız Technical University,Turkey,20928.0,22.6,13%,43 : 57,36.343,28.0,28.2,47.4,67.5,39.8,2025.0
1201-1400,1201-1400,Zagazig University,EG,Egypt,XL,7.7,4.9,3.0,2.6,1.1,2.5,67.7,3.7,5.3,-,zagazig,1061.0,Zagazig University,Egypt,169641.0,23.3,3%,52 : 48,33.232,15.7,10.2,68.6,34.5,49.1,2025.0
651-660,751-760,University of Zagreb,HR,Croatia,XL,16.3,7.3,23.8,4.1,1.7,3.3,91.6,96.9,27.9,-,zagreb,1221.0,University of Zagreb,Croatia,59109.0,15.2,4%,60 : 40,30.1955,26.0,16.6,42.3,67.6,30.9,2025.0
,,,,,,,,,,,,,,,,zahedan medical sciences,903.0,Zahedan University of Medical Sciences,Iran,4573.0,11.2,0%,55 : 45,36.316,41.0,11.1,61.7,18.8,23.2,2025.0
,,,,,,,,,,,,,,,,zambia,1747.0,University of Zambia,Zambia,23677.0,26.9,2%,40 : 60,21.089,15.1,9.9,29.2,21.4,55.3,2025.0
,,,,,,,,,,,,,,,,zanjan,1648.0,University of Zanjan,Iran,9644.0,23.3,0%,45 : 55,22.998,19.3,10.0,37.9,22.8,28.3,2025.0
,,,,,,,,,,,,,,,,zanjan medical sciences,1023.0,Zanjan University of Medical Sciences,Iran,5648.0,12.6,1%,58 : 42,33.7625,35.0,12.5,55.8,30.5,24.7,2025.0
,,,,,,,,,,,,,,,,zaragoza,1002.0,University of Zaragoza,Spain,28232.0,11.1,8%,54 : 46,34.3375,27.6,19.7,48.2,69.0,43.5,2025.0
621-630,701-710,Zayed University,AE,United Arab Emirates,M,17.6,18.4,24.3,8.6,100.0,1.9,50.8,20.9,2.9,-,zayed,398.0,Zayed University,United Arab Emirates,8892.0,14.8,2%,86 : 14,49.3645,27.8,26.5,85.9,53.4,74.3,2025.0
,,,,,,,,,,,,,,,,zewail city of science and technology,1176.0,Zewail City of Science and Technology,Egypt,1094.0,10.0,0%,47 : 53,30.964,26.2,13.7,50.7,27.8,39.2,2025.0
,,,,,,,,,,,,,,,,zhaw zurich applied sciences,1050.0,ZHAW Zurich University of Applied Sciences,Switzerland,10946.0,12.2,11%,52 : 48,33.4115,22.6,17.0,46.7,60.3,71.9,2025.0
47,44,Zhejiang University,CN,China (Mainland),XL,75.3,95.4,54.7,99.5,95.0,15.9,91.8,55.5,30.7,77.1,zhejiang,47.0,Zhejiang University,China,50206.0,12.1,15%,,76.17849999999999,70.6,76.6,81.8,100.0,61.3,2025.0
,,,,,,,,,,,,,,,,zhejiang finance and economics,1121.0,Zhejiang University of Finance and Economics,China,19422.0,21.2,2%,62 : 38,32.094,13.7,12.9,69.7,31.6,28.5,2025.0
,,,,,,,,,,,,,,,,zhejiang gongshang,952.0,Zhejiang Gongshang University,China,18820.0,12.6,5%,58 : 42,35.3225,21.0,13.2,69.4,39.8,38.5,2025.0
,,,,,,,,,,,,,,,,zhejiang normal,700.0,Zhejiang Normal University,China,30951.0,12.4,4%,,40.5245,20.4,20.2,78.9,59.4,34.7,2025.0
,,,,,,,,,,,,,,,,zhejiang sci-tech,1229.0,Zhejiang Sci-Tech University,China,28628.0,15.8,2%,47 : 53,30.054,17.0,20.0,48.5,74.1,23.0,2025.0
,,,,,,,,,,,,,,,,zhejiang technology,795.0,Zhejiang University of Technology,China,37637.0,15.0,7%,,38.3215,21.4,23.1,65.3,85.8,30.5,2025.0
511,621-630,Zhengzhou University,CN,China (Mainland),XL,5.4,22.0,4.9,80.3,,2.4,56.3,5.7,2.4,23.8,zhengzhou,,,,,,,,,,,,,,
,,,,,,,,,,,,,,,,zimbabwe,1595.0,University of Zimbabwe,Zimbabwe,23476.0,18.3,0%,51 : 49,23.7105,14.2,10.6,39.3,21.0,50.9,2025.0
,,,,,,,,,,,,,,,,zonguldak bülent ecevit,1909.0,Zonguldak Bülent Ecevit University,Turkey,22844.0,22.9,10%,45 : 55,17.406,12.5,11.1,25.1,19.3,29.3,2025.0
109,91,University of Zurich,CH,Switzerland,L,59.9,26.4,92.2,40.1,100.0,42.8,94.3,88.6,58.7,58.3,zurich,,,,,,,,,,,,,,
781-790,1401+,Zurich University of Applied Sciences (ZHAW),CH,Switzerland,M,5.4,6.6,75.0,2.7,65.9,12.8,41.4,5.3,1.6,-,zurich applied sciences (zhaw),,,,,,,,,,,,,,
,,,,,,,,,,,,,,,,åbo akademi,592.0,Åbo Akademi University,Finland,5835.0,17.8,14%,60 : 40,43.562,26.8,32.1,62.1,64.3,68.6,2025.0
,,,,,,,,,,,,,,,,çankırı karatekin,1922.0,Çankırı Karatekin University,Turkey,12001.0,22.1,18%,54 : 46,16.9555,12.4,10.0,23.1,16.0,37.7,2025.0
,,,,,,,,,,,,,,,,école centrale de lyon,754.0,École Centrale de Lyon,France,2287.0,16.5,24%,27 : 73,39.0915,37.2,27.8,35.2,90.2,78.5,2025.0
,,,,,,,,,,,,,,,,école des mines de saint-étienne,731.0,École des Mines de Saint-Étienne,France,1057.0,9.0,24%,27 : 73,39.759,42.6,31.5,32.5,76.8,69.8,2025.0
,,,,,,,,,,,,,,,,école nationale des ponts et chaussées - institut polytechnique de paris,572.0,École Nationale des Ponts et Chaussées - Institut Polytechnique de Paris,France,2014.0,7.2,39%,32 : 68,44.0985,41.5,26.0,48.6,87.4,83.2,2025.0
,,,,,,,,,,,,,,,,école nationale des travaux publics de l'état (entpe),664.0,École Nationale des Travaux Publics de l'État (ENTPE),France,790.0,15.5,16%,43 : 57,41.4945,37.3,37.7,37.1,75.7,72.0,2025.0
187,184,École Normale Supérieure de Lyon,FR,France,S,29.8,16.3,97.0,93.5,59.0,11.7,70.3,14.0,6.6,47.5,école normale supérieure de lyon,287.0,École Normale Supérieure de Lyon,France,2063.0,8.1,10%,47 : 53,54.277,56.7,45.4,53.0,86.3,67.1,2025.0
,,,,,,,,,,,,,,,,école polytechnique fédérale de lausanne,32.0,École Polytechnique Fédérale de Lausanne,Switzerland,12432.0,12.5,64%,30 : 70,80.40549999999999,73.6,72.4,88.5,100.0,95.3,2025.0
,,,,,,,,,,,,,,,,évora,1388.0,University of Évora,Portugal,7991.0,13.7,15%,58 : 42,27.2445,21.9,18.9,34.4,23.7,53.8,2025.0
1201-1400,1201-1400,Óbuda University,HU,Hungary,M,5.5,4.9,2.5,7.8,17.9,7.6,29.1,3.8,1.0,-,óbuda,788.0,Óbuda University,Hungary,7718.0,23.0,8%,21 : 79,38.467,18.5,26.7,69.2,22.1,48.3,2025.0
,,,,,,,,,,,,,,,,örebro,600.0,Örebro University,Sweden,9711.0,15.6,7%,63 : 37,43.299,20.7,23.9,80.3,50.6,55.3,2025.0
,,,,,,,,,,,,,,,,ştefan cel mare suceava,1446.0,Ştefan cel Mare University of Suceava,Romania,8908.0,23.1,16%,59 : 41,26.2645,15.3,13.7,46.7,20.7,39.2,2025.0
1001-1200,1001-1200,University of Žilina,SK,Slovakia,M,6.6,1.8,60.1,6.6,2.0,6.0,19.3,4.6,1.0,-,žilina,1194.0,University of Žilina,Slovakia,7056.0,14.2,7%,34 : 66,30.695500000000003,26.2,19.6,44.3,35.5,34.3,2025.0
