Institution_Name,Country,Country_Code,Region,Size,Focus,Research,Age,Status,Current_Rank,Rank_2026,Rank_2024,Rank_2023,Previous_Rank_2025,Global_Ranking_Score,Academic_Reputation_Score,Employer_Reputation_Score,Faculty_Student_Score,Citations_per_Faculty_Score,International_Faculty_Score,International_Students_Score,International_Research_Network_Score,Employment_Outcomes_Score,Sustainability_Score,Rank_Change_2024_to_2026
Massachusetts Institute of Technology (MIT),United States,US,Americas,M,CO,VH,5.0,Private not for Profit,1.0,1.0,1.0,1.0,1.0,100.0,100.0,100.0,100.0,100.0,100.0,91.6,94.1,100.0,93.8,0.0
Imperial College London,United Kingdom,UK,Europe,L,FO,VH,5.0,Public,2.0,2.0,6.0,,2.0,99.4,99.6,100.0,99.3,95.0,100.0,100.0,97.5,95.9,98.3,4.0
Stanford University,United States,US,Americas,L,FC,VH,5.0,Private not for Profit,3.0,3.0,5.0,3.0,6.0,98.9,100.0,100.0,100.0,99.7,94.2,73.5,96.5,100.0,95.4,2.0
University of Oxford,United Kingdom,UK,Europe,L,FC,VH,5.0,Public,4.0,4.0,3.0,4.0,3.0,97.9,100.0,100.0,100.0,91.0,98.8,98.6,100.0,100.0,77.9,-1.0
Harvard University,United States,US,Americas,L,FC,VH,5.0,Private not for Profit,5.0,5.0,4.0,5.0,4.0,97.7,100.0,100.0,98.3,100.0,79.1,81.4,99.4,100.0,77.8,-1.0
University of Cambridge,United Kingdom,UK,Europe,L,FC,VH,5.0,Public,6.0,6.0,2.0,2.0,5.0,97.2,100.0,100.0,100.0,88.6,100.0,93.1,99.2,100.0,78.4,-4.0
ETH Zurich (Swiss Federal Institute of Technology),Switzerland,CH,Europe,L,FO,VH,5.0,Public,7.0,7.0,7.0,9.0,7.0,96.7,99.7,96.3,71.7,98.8,100.0,99.3,95.8,95.0,99.6,0.0
National University of Singapore (NUS),Singapore,SG,Asia,XL,FC,VH,3.0,Public,8.0,8.0,8.0,11.0,8.0,95.9,99.9,98.2,71.5,95.9,100.0,96.9,92.4,100.0,90.0,0.0
UCL,United Kingdom,UK,,XL,FC,VH,5.0,A,9.0,,9.0,8.0,,92.4,99.5,97.9,98.4,74.3,99.1,100.0,100.0,51.6,92.5,
UCL (University College London),United Kingdom,,Europe,XL,FC,VH,,Public,9.0,9.0,,,9.0,95.8,99.9,99.4,94.8,80.9,99.6,100.0,99.9,89.3,98.5,
California Institute of Technology (Caltech),United States,US,Americas,S,FO,VH,5.0,Private not for Profit,10.0,10.0,15.0,,10.0,94.3,98.3,99.2,100.0,100.0,100.0,90.7,61.8,49.1,79.2,5.0
The University of Hong Kong,"Hong Kong SAR, China",,Asia,L,FC,VH,,Public,11.0,11.0,,,17.0,94.2,99.3,82.5,85.3,96.6,100.0,100.0,82.3,99.8,84.8,
"Nanyang Technological University, Singapore (NTU Singapore)",Singapore,,Asia,L,FC,VH,,Public,12.0,12.0,,,15.0,93.7,97.1,91.4,83.9,94.6,100.0,93.1,86.9,87.7,87.2,
University of Chicago,United States,US,Americas,L,FC,VH,5.0,Private not for Profit,13.0,13.0,11.0,10.0,21.0,93.0,99.8,99.3,97.3,78.1,86.1,92.8,87.7,99.8,73.3,-2.0
Peking University,China (Mainland),CN,Asia,XL,FC,VH,5.0,Public,14.0,14.0,,12.0,14.0,92.6,99.9,99.6,96.2,99.2,59.9,37.3,83.2,97.0,70.6,
University of Pennsylvania,United States,US,Americas,L,FC,VH,5.0,Private not for Profit,15.0,15.0,12.0,13.0,11.0,92.5,98.9,98.7,99.9,72.0,96.9,76.3,89.4,100.0,95.0,-3.0
Cornell University,United States,US,Americas,L,FC,VH,5.0,Private not for Profit,16.0,16.0,13.0,20.0,16.0,91.6,99.5,98.8,64.3,98.0,57.6,75.7,93.0,99.3,76.8,-3.0
Tsinghua University,China (Mainland),CN,Asia,XL,FC,VH,4.0,Public,17.0,17.0,25.0,14.0,20.0,91.2,99.9,99.7,97.1,99.6,39.5,31.9,80.4,97.0,68.7,8.0
"University of California, Berkeley (UCB)",United States,US,Americas,XL,FC,VH,5.0,Public,17.0,17.0,10.0,27.0,12.0,91.2,100.0,100.0,29.4,97.2,95.6,70.6,96.7,99.8,98.8,-7.0
The University of Melbourne,Australia,AU,Oceania,XL,FC,VH,5.0,Public,19.0,19.0,14.0,33.0,13.0,90.8,99.7,97.4,20.5,94.8,96.7,100.0,96.9,98.3,98.2,-5.0
The University of New South Wales,Australia,,Oceania,XL,FC,VH,,Public,20.0,20.0,,,19.0,90.7,96.3,93.5,29.9,96.9,100.0,99.9,97.6,98.7,97.0,
Yale University,United States,US,Americas,L,FC,VH,5.0,Private not for Profit,21.0,21.0,16.0,18.0,23.0,90.4,100.0,100.0,100.0,64.8,86.7,72.7,92.9,99.8,82.4,-5.0
Technical University of Munich,Germany,DE,Europe,XL,FO,VH,5.0,Public,22.0,22.0,37.0,49.0,28.0,90.2,92.0,99.7,70.5,92.6,86.3,98.9,95.9,57.3,87.8,15.0
The University of Edinburgh,United Kingdom,UK,,XL,FC,VH,5.0,A,22.0,,22.0,15.0,,86.1,98.1,96.9,72.4,58.7,98.8,99.9,99.6,48.1,99.7,
École Polytechnique Fédérale de Lausanne,Switzerland,,Europe,M,FO,VH,,Public,22.0,22.0,,,26.0,90.2,92.7,88.0,90.0,93.1,100.0,100.0,83.6,47.3,85.3,
Johns Hopkins University,United States,US,Americas,L,FC,VH,5.0,Private not for Profit,24.0,24.0,28.0,24.0,32.0,89.7,93.2,79.2,100.0,85.8,70.8,94.2,97.4,84.1,93.0,4.0
Université PSL,France,FR,,L,CO,VH,1.0,A,24.0,,24.0,26.0,,85.8,73.7,97.0,99.3,95.7,69.2,72.7,100.0,60.8,80.4,
Princeton University,United States,US,Americas,M,CO,VH,5.0,Private not for Profit,25.0,25.0,,,22.0,89.4,100.0,99.8,67.3,100.0,12.7,70.0,82.6,98.9,76.0,
The University of Sydney,Australia,AU,Oceania,XL,FC,VH,5.0,Public,25.0,25.0,,41.0,18.0,89.4,98.9,94.2,15.7,94.3,99.9,100.0,95.5,95.8,97.6,
McGill University,Canada,CA,Americas,L,FC,VH,5.0,Public,27.0,27.0,30.0,31.0,29.0,88.9,98.1,93.5,67.3,72.4,88.6,93.5,92.9,98.9,96.3,3.0
PSL University,France,,Europe,L,CO,VH,,Public,28.0,28.0,,,24.0,88.6,82.6,98.5,98.6,85.1,69.6,75.5,99.7,97.5,87.8,
University of Toronto,Canada,CA,Americas,XL,FC,VH,5.0,Public,29.0,29.0,21.0,,25.0,88.5,100.0,99.1,45.7,68.8,97.9,97.9,97.0,99.4,100.0,-8.0
Fudan University,China (Mainland),CN,Asia,XL,FC,VH,4.0,Public,30.0,30.0,50.0,,39.0,88.4,93.7,95.1,84.8,92.8,88.5,46.4,75.5,73.3,83.1,20.0
King's College London (KCL),United Kingdom,,Europe,XL,FC,VH,,Public,31.0,31.0,,,40.0,88.3,96.2,91.8,74.4,70.2,99.5,99.0,98.4,76.4,96.5,
Australian National University,Australia,,Oceania,L,FC,VH,,Public,32.0,32.0,,,30.0,87.4,97.9,82.6,40.9,91.7,100.0,99.0,93.1,67.1,91.8,
The Chinese University of Hong Kong,"Hong Kong SAR, China",,Asia,L,FC,VH,,Public,32.0,32.0,,,36.0,87.4,94.2,67.3,75.9,95.0,100.0,93.3,68.2,91.2,84.1,
University of Edinburgh,United Kingdom,,Europe,XL,FC,VH,,Public,34.0,34.0,,,27.0,87.2,99.6,98.2,77.3,54.3,99.7,99.9,99.5,69.7,98.3,
The University of Manchester,United Kingdom,UK,Europe,XL,FC,VH,5.0,Public,35.0,35.0,32.0,28.0,34.0,86.4,98.6,98.8,58.2,56.8,95.3,99.5,99.4,91.9,98.2,-3.0
EPFL,Switzerland,CH,,M,FO,VH,5.0,A,36.0,,36.0,,,80.4,84.6,59.9,92.4,98.0,100.0,100.0,65.6,19.4,42.3,
Monash University,Australia,AU,Oceania,XL,FC,VH,4.0,Public,36.0,36.0,42.0,57.0,37.0,85.8,95.7,87.5,11.3,93.0,100.0,100.0,94.7,86.7,91.7,6.0
The University of Tokyo,Japan,JP,Asia,L,FC,VH,5.0,Public,36.0,36.0,28.0,23.0,32.0,85.8,100.0,99.9,92.4,69.9,15.9,44.0,88.8,100.0,92.3,-8.0
Columbia University,United States,US,Americas,XL,FC,VH,5.0,Private not for Profit,38.0,38.0,23.0,22.0,34.0,85.6,99.9,99.9,100.0,44.5,48.5,98.1,98.4,100.0,77.9,-15.0
Seoul National University,Republic of Korea,,Asia,L,FC,VH,,Public,38.0,38.0,,,31.0,85.6,99.7,99.1,85.6,81.2,13.2,27.5,77.6,100.0,90.8,
King's College London,United Kingdom,UK,,XL,FC,VH,5.0,A,40.0,,40.0,37.0,,79.3,89.5,82.3,64.6,61.1,98.8,100.0,99.2,34.4,81.1,
University of British Columbia,Canada,CA,Americas,XL,FC,VH,5.0,Public,40.0,40.0,,47.0,38.0,85.5,99.6,96.5,34.7,70.9,98.5,79.8,96.6,84.9,98.5,
Institut Polytechnique de Paris,France,FR,Europe,M,CO,VH,1.0,Public,41.0,41.0,,48.0,46.0,85.4,58.1,99.8,94.8,97.3,99.9,99.2,93.0,99.1,77.9,
Seoul National University,South Korea,KR,,L,FC,VH,4.0,A,41.0,,41.0,29.0,,78.5,99.0,98.2,85.1,64.9,11.5,14.5,36.9,100.0,73.8,
Northwestern University,United States,US,Americas,L,FC,VH,5.0,Private not for Profit,42.0,42.0,,32.0,50.0,85.1,92.2,89.4,99.1,71.2,57.7,67.2,86.5,99.5,74.4,
The University of Queensland,Australia,AU,Oceania,XL,FC,VH,5.0,Public,42.0,42.0,43.0,,40.0,85.1,94.3,79.5,26.5,94.2,100.0,100.0,97.0,66.6,92.5,1.0
The Hong Kong University of Science and Technology,"Hong Kong SAR, China",,Asia,M,FO,VH,,Public,44.0,44.0,,,47.0,84.8,89.4,69.7,67.5,100.0,100.0,99.3,49.5,76.6,79.7,
The London School of Economics and Political Science (LSE),United Kingdom,UK,,M,SP,VH,5.0,A,45.0,,45.0,56.0,,76.9,67.7,96.1,39.6,80.2,100.0,100.0,32.4,98.6,97.8,
University of Michigan-Ann Arbor,United States,US,Americas,XL,FC,VH,5.0,Public,45.0,45.0,33.0,25.0,44.0,84.7,99.3,98.5,85.7,54.5,73.9,56.1,96.0,99.1,77.2,-12.0
"University of California, Los Angeles (UCLA)",United States,US,Americas,XL,FC,VH,5.0,Public,46.0,46.0,29.0,44.0,42.0,84.4,100.0,100.0,43.6,84.3,50.8,31.8,93.5,98.0,78.0,-17.0
Delft University of Technology,Netherlands,NL,Europe,L,CO,VH,5.0,Public,47.0,47.0,,,49.0,84.3,86.2,90.4,49.1,84.6,100.0,94.8,93.8,66.0,96.3,
Shanghai Jiao Tong University,China (Mainland),CN,Asia,XL,FC,VH,4.0,Public,47.0,47.0,51.0,46.0,45.0,84.3,92.7,93.8,64.5,100.0,40.9,19.1,77.7,88.2,82.5,4.0
Zhejiang University,China (Mainland),CN,Asia,XL,FC,VH,4.0,Public,49.0,49.0,,,47.0,84.0,87.0,97.2,53.0,100.0,94.1,23.5,94.0,74.4,63.0,
Yonsei University,Republic of Korea,,Asia,L,FC,VH,,Private not for Profit,50.0,50.0,,,56.0,82.9,91.6,97.8,84.3,67.9,30.5,74.3,78.0,94.4,87.7,
University of Bristol,United Kingdom,UK,Europe,XL,FC,VH,5.0,Public,51.0,51.0,55.0,,54.0,82.5,87.3,89.4,36.7,83.2,90.7,95.7,95.3,63.1,97.0,4.0
Carnegie Mellon University,United States,US,Americas,L,FC,VH,5.0,Private not for Profit,52.0,52.0,52.0,52.0,58.0,82.3,80.1,94.4,51.1,98.6,52.4,98.7,79.2,79.9,66.2,0.0
The University of Amsterdam,Netherlands,,Europe,XL,FC,VH,,Public,53.0,53.0,,,55.0,81.5,92.5,72.6,27.5,87.2,98.8,95.8,95.1,90.3,64.0,
University of Amsterdam,Netherlands,NL,,XL,FC,VH,5.0,A,53.0,,53.0,58.0,,73.4,83.6,44.2,21.2,98.1,92.4,79.9,97.4,49.9,64.8,
The Hong Kong Polytechnic University,"Hong Kong SAR, China",,Asia,L,CO,VH,,Public,54.0,54.0,,,57.0,81.2,81.2,47.5,77.1,98.7,100.0,98.8,82.8,74.1,80.8,
New York University (NYU),United States,US,Americas,XL,FC,VH,5.0,Private not for Profit,55.0,55.0,,39.0,43.0,81.1,98.6,99.9,89.0,31.7,33.1,99.7,93.5,99.5,91.3,
KAIST - Korea Advanced Institute of Science & Technology,South Korea,KR,,M,CO,VH,4.0,A,56.0,,56.0,,,72.2,89.9,88.8,66.2,97.7,22.3,11.6,10.6,41.8,14.2,
London School of Economics and Political Science (LSE),United Kingdom,,Europe,L,FO,VH,,Public,56.0,56.0,,,50.0,80.5,80.6,99.4,47.2,64.0,100.0,100.0,76.4,99.9,92.7,
Kyoto University,Japan,JP,Asia,L,FC,VH,5.0,Public,57.0,57.0,46.0,36.0,50.0,80.2,99.7,99.3,94.3,50.9,22.9,29.2,85.5,85.9,84.0,-11.0
Ludwig-Maximilians-Universität München,Germany,DE,Europe,XL,FC,VH,5.0,Public,58.0,58.0,54.0,59.0,59.0,80.1,97.1,95.5,41.0,62.3,80.3,53.2,95.5,76.8,87.0,-4.0
Universiti Malaya (UM),Malaysia,MY,Asia,L,FC,VH,4.0,Public,58.0,58.0,,70.0,60.0,80.1,92.3,96.7,74.2,47.4,69.2,86.8,92.9,77.7,84.7,
Sorbonne University,France,FR,,XL,FC,VH,1.0,A,59.0,,59.0,60.0,,71.7,88.6,53.2,43.3,85.4,35.2,49.8,100.0,39.5,75.8,
KU Leuven,Belgium,BE,Europe,XL,FC,VH,5.0,Public,60.0,60.0,61.0,76.0,63.0,79.7,93.0,63.5,9.6,94.7,95.8,65.1,99.5,83.5,94.7,1.0
The Hong Kong University of Science and Technology,Hong Kong,HK,,M,CO,VH,3.0,A,60.0,,60.0,40.0,,71.1,83.3,42.6,53.6,99.1,100.0,91.4,5.3,50.3,31.0,
Korea University,Republic of Korea,,Asia,L,FC,VH,,Private not for Profit,61.0,61.0,,,67.0,79.6,89.2,95.4,77.0,68.2,24.5,64.0,67.7,93.6,85.9,
Duke University,United States,US,Americas,L,FC,VH,5.0,Private not for Profit,62.0,62.0,57.0,,61.0,79.0,92.9,91.0,100.0,47.1,28.3,62.0,90.8,95.6,77.6,-5.0
City University of Hong Kong,"Hong Kong SAR, China",,Asia,M,CO,VH,,Public,63.0,63.0,,,62.0,78.9,75.5,46.7,94.8,100.0,100.0,100.0,64.5,48.5,75.2,
National Taiwan University (NTU),Taiwan,TW,Asia,L,FC,VH,4.0,Public,63.0,63.0,69.0,77.0,68.0,78.9,97.7,94.2,38.8,70.9,25.3,59.2,67.1,100.0,88.4,6.0
The University of Auckland,New Zealand,NZ,Oceania,XL,FC,VH,5.0,Public,65.0,65.0,68.0,87.0,65.0,77.5,91.7,55.2,17.6,79.1,100.0,95.5,88.8,96.9,95.7,3.0
"University of California, San Diego (UCSD)",United States,US,Americas,XL,FC,VH,4.0,Public,66.0,66.0,62.0,53.0,72.0,76.9,94.0,80.2,54.4,80.3,43.8,47.0,94.0,40.8,72.3,-4.0
King Fahd University of Petroleum & Minerals,Saudi Arabia,SA,Asia,M,FO,VH,4.0,Public,67.0,67.0,,160.0,101.0,76.5,53.5,75.6,92.4,93.2,100.0,76.2,81.0,97.8,62.7,
University of Texas at Austin,United States,US,Americas,XL,FC,VH,5.0,Public,68.0,68.0,58.0,72.0,66.0,76.4,97.6,96.8,10.7,85.4,9.1,19.1,90.5,93.9,70.6,-10.0
Brown University,United States,US,Americas,M,FC,VH,5.0,Private not for Profit,69.0,69.0,,63.0,79.0,76.2,72.4,64.3,84.5,82.2,91.0,67.0,80.1,81.9,72.6,
City University of Hong Kong,Hong Kong,HK,,M,CO,VH,3.0,A,70.0,,70.0,54.0,,67.7,59.6,27.3,86.6,99.9,100.0,100.0,17.4,29.5,82.1,
University of Illinois at Urbana-Champaign,United States,US,Americas,XL,FC,VH,5.0,Public,70.0,70.0,64.0,85.0,69.0,75.9,91.7,91.5,8.6,81.6,14.2,70.1,91.3,92.5,75.9,-6.0
Université Paris-Saclay,France,FR,Europe,XL,CO,VH,1.0,Public,70.0,70.0,71.0,69.0,73.0,75.9,75.3,99.4,99.9,42.4,45.9,72.7,98.5,82.9,92.7,1.0
Lund University,Sweden,SE,Europe,L,FC,VH,5.0,Public,72.0,72.0,,95.0,75.0,75.7,80.1,64.1,68.1,56.6,98.8,82.0,97.1,96.1,98.8,
Sorbonne University (merged from Paris IV & UPMC),France,,Europe,XL,FC,VH,,Public,72.0,72.0,,,63.0,75.7,93.2,62.1,56.4,68.8,35.5,66.8,99.4,84.2,89.2,
The University of Warwick,United Kingdom,UK,Europe,L,FC,VH,4.0,Public,74.0,74.0,67.0,64.0,69.0,75.2,82.7,93.0,48.3,43.6,99.5,99.2,93.8,75.3,84.6,-7.0
"Trinity College Dublin, The University of Dublin",Ireland,IE,Europe,L,FC,VH,5.0,Public,75.0,75.0,,98.0,87.0,73.9,82.5,68.1,28.7,66.0,100.0,94.9,89.4,95.3,73.8,
University of Birmingham,United Kingdom,UK,Europe,XL,FC,VH,5.0,Public,76.0,76.0,84.0,91.0,80.0,73.8,81.1,75.7,49.9,56.1,96.7,93.4,96.3,54.7,92.8,8.0
The University of Western Australia,Australia,AU,Oceania,L,FC,VH,5.0,Public,77.0,77.0,72.0,90.0,77.0,73.7,69.0,56.5,15.1,99.2,100.0,100.0,93.2,82.6,83.7,-5.0
KTH Royal Institute of Technology,Sweden,SE,Europe,L,FO,VH,5.0,Public,78.0,78.0,,89.0,74.0,73.6,60.2,62.1,68.3,88.2,95.6,81.8,91.7,72.7,89.8,
Korea University,South Korea,KR,,L,FC,VH,4.0,B,79.0,,79.0,74.0,,64.7,82.2,94.0,81.0,36.6,13.6,36.3,19.6,70.6,58.6,
University of Glasgow,United Kingdom,UK,Europe,XL,FC,VH,5.0,Public,79.0,79.0,,81.0,78.0,73.4,88.3,73.5,50.3,44.8,98.0,99.1,97.0,44.5,95.4,
Osaka University,Japan,JP,,L,FC,VH,4.0,A,80.0,,80.0,68.0,,63.9,81.3,89.1,55.3,62.7,28.6,13.2,26.7,23.4,58.6,
Ruprecht-Karls-Universität Heidelberg,Germany,DE,Europe,L,FO,VH,5.0,Public,80.0,80.0,,,84.0,73.0,87.1,72.2,99.8,41.4,66.2,71.4,94.7,34.6,85.5,
University of Washington,United States,US,Americas,XL,FC,VH,5.0,Public,81.0,81.0,63.0,80.0,76.0,72.7,90.1,74.8,49.2,69.2,14.7,45.8,95.0,79.9,74.9,-18.0
Adelaide University,Australia,,Oceania,XL,CO,VH,,,82.0,82.0,,,,72.6,78.3,62.7,30.5,69.8,100.0,97.5,96.7,70.4,86.1,
Pennsylvania State University,United States,US,Americas,XL,FC,VH,5.0,Public,82.0,82.0,83.0,93.0,89.0,72.6,86.1,85.8,29.1,67.2,37.4,38.2,97.4,79.2,95.4,1.0
Universidad de Buenos Aires,Argentina,,Americas,XL,FC,VH,,Public,84.0,84.0,,,71.0,72.3,98.1,95.8,82.0,2.3,72.3,78.5,75.8,99.9,66.1,
Tokyo Institute of Technology,Japan,,Asia,M,FO,VH,,Public,85.0,85.0,,,84.0,72.1,85.0,95.7,87.6,54.2,29.8,43.4,67.8,33.5,74.2,
University of Leeds,United Kingdom,UK,Europe,XL,FC,VH,5.0,Public,86.0,86.0,75.0,86.0,82.0,72.0,81.8,82.1,39.7,48.8,89.7,96.3,99.2,62.9,76.4,-11.0
University of Southampton,United Kingdom,UK,Europe,L,FC,VH,5.0,Public,87.0,87.0,,78.0,80.0,71.2,62.6,55.9,40.1,87.8,96.8,98.6,97.4,58.6,95.1,
Boston University,United States,US,Americas,L,FC,VH,5.0,Private not for Profit,88.0,88.0,,108.0,108.0,71.1,75.3,86.7,40.6,61.9,40.0,92.8,84.9,86.9,73.7,
Freie Universität Berlin,Germany,,Europe,L,FC,VH,,Public,88.0,88.0,,,97.0,71.1,88.3,66.4,8.3,84.3,73.8,56.0,94.4,46.9,65.4,
Purdue University,United States,US,Americas,XL,FC,VH,5.0,Public,88.0,88.0,99.0,,89.0,71.1,74.3,92.7,16.4,62.4,96.4,55.3,91.0,81.0,88.4,11.0
The University of Adelaide,Australia,AU,,L,FC,VH,5.0,A,89.0,,89.0,109.0,,62.0,54.2,36.5,16.2,87.1,100.0,99.6,78.8,38.4,96.3,
The University of Osaka,Japan,,Asia,L,FC,VH,,Public,91.0,91.0,,,86.0,71.0,90.5,90.0,45.6,65.8,25.2,21.1,72.0,51.4,79.5,
The University of Sheffield,United Kingdom,UK,Europe,L,FC,VH,5.0,Public,92.0,92.0,104.0,,105.0,70.9,73.0,61.7,50.3,68.4,81.6,98.0,96.8,47.9,94.3,12.0
Uppsala University,Sweden,SE,Europe,L,FC,VH,5.0,Public,93.0,93.0,105.0,128.0,103.0,70.3,74.7,48.1,66.3,55.9,99.7,82.9,95.9,82.9,94.4,12.0
Durham University,United Kingdom,UK,Europe,L,FC,VH,5.0,Public,94.0,94.0,78.0,92.0,89.0,70.1,74.1,91.9,37.3,42.9,99.2,94.5,90.9,53.6,95.2,-16.0
University of Alberta,Canada,CA,Americas,XL,FC,VH,5.0,Public,94.0,94.0,111.0,110.0,96.0,70.1,70.9,53.0,44.6,71.5,99.4,78.6,94.5,77.1,90.7,17.0
University of Technology Sydney,Australia,AU,Oceania,L,CO,VH,3.0,Public,96.0,96.0,90.0,137.0,88.0,69.9,58.7,66.7,11.8,99.3,97.6,91.7,89.7,52.3,92.0,-6.0
The University of Nottingham,United Kingdom,,Europe,XL,FC,VH,,Public,97.0,97.0,,,108.0,69.4,75.4,78.4,44.5,48.6,92.7,78.5,97.4,53.7,92.9,
Freie Universitaet Berlin,Germany,DE,,L,FC,VH,4.0,A,98.0,,98.0,,,60.8,80.8,51.0,4.4,71.4,62.8,43.6,84.9,21.9,60.1,
Karlsruhe Institute of Technology (KIT),Germany,,Europe,L,FO,VH,,Public,98.0,98.0,,,102.0,69.1,57.1,87.4,48.9,77.1,83.8,56.9,86.9,61.5,79.5,
Politecnico di Milano,Italy,IT,Europe,XL,CO,VH,5.0,Public,98.0,98.0,123.0,139.0,111.0,69.1,83.4,90.1,9.3,53.9,74.4,69.3,87.0,72.0,72.9,25.0
University of Zurich (UZH),Switzerland,,Europe,L,FO,VH,,Public,100.0,100.0,,,109.0,68.5,71.0,43.5,95.2,52.3,100.0,57.8,93.5,90.8,69.8,
University of Copenhagen,Denmark,DK,Europe,XL,FC,VH,5.0,Public,101.0,101.0,,82.0,100.0,68.4,85.5,41.7,99.6,36.6,87.3,26.5,98.0,94.4,76.3,
Pohang University of Science And Technology (POSTECH),Republic of Korea,,Asia,S,FO,VH,,Private not for Profit,102.0,102.0,,,98.0,67.9,61.3,83.3,99.9,98.3,31.6,4.2,29.6,16.0,64.3,
Nanjing University,China (Mainland),CN,Asia,XL,FC,VH,5.0,Public,103.0,103.0,,133.0,145.0,67.7,72.1,61.2,37.2,99.0,82.9,15.9,69.5,39.7,59.5,
Pontificia Universidad Católica de Chile (UC),Chile,CL,,L,FC,VH,5.0,B,103.0,,103.0,121.0,,59.9,92.9,99.5,20.6,11.6,16.4,3.5,56.8,76.3,91.3,
Utrecht University,Netherlands,NL,Europe,XL,FC,VH,5.0,Public,103.0,103.0,,,105.0,67.7,79.3,49.2,39.5,77.9,63.4,30.5,97.8,73.2,75.1,
Lomonosov Moscow State University,Russia,RU,Europe,L,FC,VH,5.0,Public,105.0,105.0,,75.0,94.0,67.6,83.7,87.9,99.9,7.3,25.5,96.0,87.0,98.3,48.8,
Rheinisch-Westfälische Technische Hochschule Aachen,Germany,,Europe,L,FC,VH,,Public,105.0,105.0,,,99.0,67.6,57.7,95.7,10.7,79.7,59.6,93.0,86.0,55.9,82.9,
RWTH Aachen University,Germany,DE,,XL,FC,VH,5.0,A,106.0,,106.0,,,59.3,49.7,93.0,5.5,78.7,49.0,83.0,63.5,23.9,53.4,
Technical University of Denmark,Denmark,DK,Europe,M,FO,VH,5.0,Public,107.0,107.0,121.0,,109.0,67.5,44.8,36.2,98.4,90.9,100.0,95.9,87.1,60.5,68.0,14.0
Universidade de São Paulo (USP),Brazil,,Americas,XL,FC,VH,,Public,108.0,108.0,,,92.0,67.3,97.3,81.0,30.5,40.3,9.2,3.5,95.3,98.8,89.0,
Tohoku University,Japan,JP,Asia,L,FC,VH,5.0,Public,109.0,109.0,113.0,79.0,107.0,66.7,84.5,86.5,98.2,35.5,20.5,19.4,70.1,36.5,82.0,4.0
Queen Mary University of London (QMUL),United Kingdom,,Europe,L,FC,VH,,Public,110.0,110.0,,,120.0,66.6,63.6,47.1,31.0,83.4,99.9,99.9,91.9,40.1,82.4,
University of Wisconsin-Madison,United States,US,Americas,XL,FC,VH,5.0,Public,110.0,110.0,102.0,,116.0,66.6,85.7,63.1,84.3,28.1,57.7,37.0,88.9,91.0,72.5,-8.0
Qatar University,Qatar,QA,Asia,M,FC,VH,3.0,Public,112.0,112.0,,,122.0,66.5,43.3,56.5,73.8,73.3,100.0,98.6,89.6,98.9,72.2,
University of St Andrews,United Kingdom,UK,Europe,M,FO,VH,5.0,Public,113.0,113.0,,,104.0,66.4,61.5,74.9,63.8,51.3,98.8,99.7,87.7,28.9,86.2,
Aalto University,Finland,FI,Europe,L,FO,VH,2.0,Public,114.0,114.0,109.0,,113.0,66.3,57.5,56.1,35.1,79.6,97.2,60.0,80.9,97.1,88.3,-5.0
"University of California, Davis",United States,US,Americas,XL,FC,VH,5.0,Public,114.0,114.0,,,130.0,66.3,72.7,70.1,28.3,66.5,86.5,61.9,90.8,38.0,79.8,
Pontificia Universidad Católica de Chile,Chile,,Americas,L,FC,VH,,Private not for Profit,116.0,116.0,,,93.0,66.1,98.0,98.6,35.1,14.2,42.0,7.8,81.2,99.9,80.0,
University of Helsinki,Finland,FI,Europe,L,CO,VH,5.0,Public,116.0,116.0,115.0,,117.0,66.1,74.5,37.7,66.9,62.7,78.5,13.1,96.1,94.2,95.6,-1.0
University College Dublin,Ireland,IE,Europe,L,FC,VH,5.0,Public,118.0,118.0,,,126.0,66.0,66.5,57.6,19.7,62.0,99.5,89.6,89.0,92.2,91.7,
"KIT, Karlsruhe Institute of Technology",Germany,DE,,L,CO,VH,4.0,A,119.0,,119.0,,,56.4,45.6,76.8,36.0,71.9,70.4,46.7,76.0,38.7,23.9,
Leiden University,Netherlands,NL,Europe,XL,FC,VH,5.0,Public,119.0,119.0,,,141.0,65.7,80.4,46.3,30.3,64.9,89.7,68.4,94.3,61.2,58.6,
Rice University,United States,US,Americas,M,CO,VH,5.0,Private not for Profit,119.0,119.0,,100.0,141.0,65.7,50.6,51.0,74.9,81.6,91.3,96.6,66.3,45.7,81.5,
University of Oslo,Norway,NO,Europe,L,FC,VH,5.0,Public,119.0,119.0,117.0,101.0,119.0,65.7,67.8,27.7,78.4,67.7,95.8,46.0,96.8,86.6,72.3,-2.0
University of Waterloo,Canada,CA,Americas,XL,CO,VH,4.0,Public,119.0,119.0,112.0,154.0,115.0,65.7,53.0,74.2,8.8,88.3,81.5,76.6,83.5,72.0,90.5,-7.0
Georgia Institute of Technology,United States,US,Americas,XL,CO,VH,5.0,Public,123.0,123.0,97.0,88.0,114.0,65.5,76.0,92.8,32.4,54.2,21.5,60.4,79.0,67.5,66.1,-26.0
Indian Institute of Technology Delhi (IITD),India,IN,Asia,M,FO,VH,4.0,Public,123.0,123.0,197.0,,150.0,65.5,67.9,95.0,21.9,93.1,3.2,1.9,66.9,50.5,79.9,74.0
RMIT University,Australia,AU,Oceania,XL,CO,VH,3.0,Public,125.0,125.0,140.0,,123.0,65.3,55.1,60.3,7.2,91.3,100.0,95.2,83.1,49.9,87.9,15.0
Sungkyunkwan University,Republic of Korea,,Asia,L,FC,VH,,Private not for Profit,126.0,126.0,,,123.0,65.2,68.4,75.6,83.8,62.3,24.2,57.6,49.5,44.2,74.7,
Universiti Kebangsaan Malaysia (UKM),Malaysia,MY,Asia,L,FC,VH,4.0,Public,126.0,126.0,,,138.0,65.2,76.2,76.4,78.7,30.1,50.1,94.7,86.1,35.5,74.7,
Sapienza University of Rome,Italy,IT,Europe,XL,FC,VH,5.0,Public,128.0,128.0,,171.0,132.0,64.9,90.7,66.4,7.8,62.9,4.0,14.8,95.9,91.5,81.9,
Indian Institute of Technology Bombay (IITB),India,IN,Asia,L,FO,VH,4.0,Public,129.0,129.0,,,118.0,64.8,73.3,96.7,16.1,82.9,6.5,1.6,46.6,72.6,75.2,
Humboldt-Universität zu Berlin,Germany,DE,Europe,XL,FC,VH,5.0,Public,130.0,130.0,120.0,,126.0,64.5,94.3,75.3,10.5,43.4,75.7,47.6,95.0,27.5,58.4,-10.0
Aarhus University,Denmark,DK,Europe,L,FC,VH,4.0,Public,131.0,131.0,,161.0,144.0,64.3,68.3,41.7,42.4,74.1,96.7,25.5,96.3,79.4,73.2,
University of Bath,United Kingdom,UK,Europe,L,CO,VH,4.0,Public,132.0,132.0,148.0,,150.0,64.2,48.9,81.6,20.5,75.9,95.6,86.8,85.3,50.7,83.8,16.0
University of Science and Technology of China,China (Mainland),CN,Asia,L,CO,VH,4.0,Public,132.0,132.0,,94.0,133.0,64.2,57.6,50.6,98.1,99.4,14.9,7.8,74.4,42.8,55.3,
Universiti Putra Malaysia (UPM),Malaysia,MY,Asia,L,FC,VH,4.0,Public,134.0,134.0,158.0,123.0,148.0,64.1,75.7,73.4,66.8,38.3,45.2,98.4,86.8,23.2,68.9,24.0
Universiti Sains Malaysia (USM),Malaysia,MY,Asia,L,FC,VH,4.0,Public,134.0,134.0,,,146.0,64.1,77.6,79.8,47.6,38.4,34.7,99.3,92.5,29.1,74.5,
Universidad Nacional Autónoma de México (UNAM),Mexico,MX,Americas,XL,FC,VH,5.0,Public,136.0,136.0,,,94.0,64.0,99.2,95.9,47.1,4.1,10.0,5.4,93.6,97.9,82.2,
Newcastle University,United Kingdom,UK,Europe,L,FC,VH,4.0,Public,137.0,137.0,110.0,122.0,129.0,63.9,62.9,68.7,49.5,49.1,92.5,81.0,95.8,40.5,90.9,-27.0
Alma Mater Studiorum - University of Bologna,Italy,IT,Europe,XL,FC,VH,5.0,Public,138.0,138.0,,,133.0,63.3,90.6,67.5,6.0,51.9,29.9,26.5,95.6,67.4,83.2,
Macquarie University,Australia,AU,Oceania,L,FC,VH,4.0,Public,138.0,138.0,,,133.0,63.3,47.7,56.7,13.6,85.8,100.0,97.3,91.0,62.2,90.6,
Eindhoven University of Technology,Netherlands,NL,Europe,M,FO,VH,4.0,Public,140.0,140.0,,138.0,136.0,63.2,40.5,77.3,43.6,81.9,100.0,95.7,74.3,33.1,74.1,
Erasmus University Rotterdam,Netherlands,NL,Europe,L,FO,VH,5.0,Public,140.0,140.0,,,158.0,63.2,49.4,74.8,20.7,75.7,81.8,81.6,81.8,94.0,62.2,
"University of North Carolina, Chapel Hill",United States,US,Americas,L,FC,VH,5.0,Public,140.0,140.0,,,155.0,63.2,72.2,55.5,85.6,47.9,31.1,25.0,89.5,74.0,83.9,
King Saud University,Saudi Arabia,SA,Asia,XL,FC,VH,4.0,Public,143.0,143.0,,,200.0,63.1,54.8,57.7,55.7,65.6,100.0,29.2,96.8,99.4,63.1,
Texas A&M University,United States,US,Americas,XL,FC,VH,5.0,Public,144.0,144.0,,,154.0,63.0,72.9,81.5,6.2,75.5,28.0,20.7,93.0,63.8,61.0,
Technische Universität Berlin,Germany,,Europe,L,CO,VH,,Public,145.0,145.0,,,147.0,62.8,64.6,79.4,70.6,34.3,64.2,84.5,89.0,47.6,68.3,
University of Southern California,United States,US,Americas,XL,FC,VH,5.0,Private not for Profit,146.0,146.0,116.0,134.0,125.0,62.6,61.2,69.6,19.6,66.2,15.8,81.2,87.8,98.0,92.1,-30.0
Stockholm University,Sweden,SE,Europe,L,CO,VH,4.0,Public,147.0,147.0,118.0,153.0,128.0,62.5,65.1,29.5,28.3,73.6,83.0,79.4,96.7,90.5,72.1,-29.0
University of Groningen,Netherlands,NL,Europe,XL,FC,VH,5.0,Public,147.0,147.0,139.0,145.0,159.0,62.5,67.2,41.6,56.2,53.0,95.4,89.4,93.4,53.5,67.6,-8.0
University of Liverpool,United Kingdom,UK,Europe,L,FC,VH,5.0,Public,147.0,147.0,,,165.0,62.5,60.7,48.8,37.3,61.7,92.4,91.1,97.0,47.8,92.4,
University of Cape Town,South Africa,ZA,Africa,L,FC,VH,5.0,Public,150.0,150.0,,,171.0,62.3,58.2,62.3,14.6,75.4,66.1,27.9,97.7,97.7,92.1,
Western University,Canada,CA,Americas,L,FC,VH,5.0,Public,151.0,151.0,114.0,,120.0,62.0,42.3,53.5,5.2,93.5,100.0,68.7,83.6,98.0,94.0,-37.0
University of Vienna,Austria,AT,Europe,XL,FC,VH,5.0,Public,152.0,152.0,,151.0,137.0,61.9,82.3,46.4,31.0,22.2,100.0,96.6,96.3,92.8,71.8,
The University of Exeter,United Kingdom,UK,,L,FC,VH,4.0,A,153.0,,153.0,163.0,,50.9,43.0,51.1,27.4,43.3,91.6,76.2,89.8,19.7,94.8,
Universiti Teknologi Malaysia (UTM),Malaysia,,Asia,L,CO,VH,,Public,153.0,153.0,,,181.0,61.6,64.0,72.1,58.8,57.8,15.5,91.4,90.6,19.9,69.2,
Wageningen University & Research,Netherlands,NL,Europe,L,CO,VH,5.0,Public,153.0,153.0,,124.0,155.0,61.6,55.0,34.4,99.5,54.8,72.0,90.7,97.2,32.9,91.2,
University of Exeter,United Kingdom,,Europe,L,FC,VH,,Public,155.0,155.0,,,169.0,61.5,57.9,58.5,42.0,55.8,94.8,77.8,95.8,40.9,93.9,
University of Geneva,Switzerland,CH,Europe,L,FC,VH,5.0,Public,155.0,155.0,128.0,,155.0,61.5,55.3,34.8,47.4,70.3,100.0,98.6,92.1,63.1,66.5,-27.0
Lancaster University,United Kingdom,UK,Europe,L,FC,VH,4.0,Public,157.0,157.0,122.0,146.0,141.0,61.4,51.2,45.8,36.1,77.5,96.4,93.3,87.0,38.2,89.2,-35.0
University of Basel,Switzerland,CH,Europe,M,FC,VH,5.0,Public,158.0,158.0,,136.0,131.0,61.3,34.0,20.7,70.2,94.2,100.0,91.4,90.4,74.9,88.4,
Hanyang University,Republic of Korea,,Asia,L,FC,VH,,Private not for Profit,159.0,159.0,,,162.0,61.2,58.2,81.9,81.7,42.9,23.7,70.1,65.5,54.5,82.8,
University of Barcelona,Spain,,Europe,XL,FC,VH,,Public,160.0,160.0,,,165.0,61.0,84.9,48.9,19.0,47.8,39.9,40.8,96.4,77.0,84.7,
Michigan State University,United States,US,Americas,XL,FC,VH,5.0,Public,161.0,161.0,136.0,159.0,152.0,60.9,67.3,62.9,13.9,61.2,67.2,21.1,97.6,75.6,94.2,-25.0
Ghent University,Belgium,BE,Europe,XL,FC,VH,5.0,Public,162.0,162.0,,,169.0,60.8,68.2,39.1,84.5,32.4,83.4,33.8,99.2,84.9,94.0,
King Abdul Aziz University (KAU),Saudi Arabia,,Asia,XL,FC,VH,,Public,163.0,163.0,,,149.0,60.7,67.5,76.6,41.4,47.8,83.1,9.2,95.0,44.9,77.5,
Nagoya University,Japan,JP,Asia,L,FC,VH,4.0,Public,164.0,164.0,,,152.0,60.3,74.2,71.5,84.2,38.2,22.6,27.6,66.0,39.2,74.1,
Chalmers University of Technology,Sweden,SE,Europe,M,FO,VH,5.0,Private not for Profit,165.0,165.0,129.0,,139.0,60.2,34.6,56.6,59.5,80.9,100.0,74.3,77.0,53.3,82.7,-36.0
Al-Farabi Kazakh National University,Kazakhstan,KZ,Asia,L,FC,HI,4.0,Public,166.0,166.0,,150.0,163.0,59.8,60.7,86.3,99.6,2.1,80.9,83.2,75.7,66.2,62.8,
Washington University in St. Louis,United States,US,Americas,L,FC,VH,5.0,Private not for Profit,167.0,167.0,,,171.0,59.6,46.5,25.7,99.8,62.6,93.1,81.8,74.8,55.1,85.8,
University of Montreal,Canada,,Americas,XL,FC,VH,,Public,168.0,168.0,,,159.0,59.5,66.1,44.0,79.5,26.3,91.5,66.4,88.7,65.4,89.9,
University of York,United Kingdom,UK,Europe,L,FC,VH,4.0,Public,169.0,169.0,167.0,162.0,184.0,59.4,56.8,42.3,55.8,53.8,92.4,75.4,96.0,41.0,93.2,-2.0
Hokkaido University,Japan,JP,Asia,L,FC,VH,5.0,Public,170.0,170.0,196.0,,173.0,59.3,71.5,68.8,76.8,42.7,28.2,20.5,77.5,26.4,78.5,26.0
Kyushu University,Japan,JP,Asia,L,FC,VH,5.0,Public,170.0,170.0,,135.0,167.0,59.3,71.3,72.1,87.1,34.2,24.5,39.0,76.4,20.9,74.8,
Universitat Autónoma de Barcelona,Spain,,Europe,XL,FC,VH,,Public,172.0,172.0,,,175.0,59.2,76.4,42.1,15.2,76.2,26.5,27.2,93.7,30.4,90.3,
Arizona State University,United States,US,Americas,XL,CO,VH,5.0,Public,173.0,173.0,179.0,219.0,200.0,59.1,63.9,63.3,9.5,61.5,72.5,53.2,95.2,42.2,85.8,6.0
McMaster University,Canada,CA,Americas,L,FC,VH,5.0,Public,173.0,173.0,,152.0,176.0,59.1,52.5,43.6,61.8,56.6,94.6,66.3,84.3,60.0,86.6,
Universidad de Chile,Chile,CL,Americas,XL,FC,VH,5.0,Public,173.0,173.0,,,139.0,59.1,91.9,92.0,10.9,18.2,12.2,8.1,77.9,97.6,69.5,
National Tsing Hua University,Taiwan,TW,Asia,M,CO,VH,4.0,Public,176.0,176.0,,177.0,210.0,59.0,67.0,77.1,34.2,73.5,26.7,37.3,42.1,25.4,57.8,
Khalifa University of Science and Technology,United Arab Emirates,AE,Asia,S,SP,VH,2.0,Public,177.0,177.0,,,202.0,58.8,34.3,42.8,83.2,83.9,100.0,83.0,81.1,12.6,68.1,
Tongji University,China (Mainland),CN,Asia,XL,FC,VH,5.0,Public,177.0,177.0,216.0,,192.0,58.8,45.2,41.2,31.2,99.6,92.6,47.4,74.6,33.4,77.2,39.0
"University of California, Santa Barbara (UCSB)",United States,US,Americas,L,CO,VH,5.0,Public,179.0,179.0,163.0,149.0,178.0,58.7,65.3,32.4,9.3,99.0,81.3,27.5,75.4,25.6,65.2,-16.0
Indian Institute of Technology Madras (IITM),India,IN,Asia,M,CO,VH,4.0,Public,180.0,180.0,,250.0,227.0,58.4,56.8,85.8,21.3,90.2,3.1,3.2,45.6,45.8,73.0,
Cardiff University,United Kingdom,UK,Europe,L,FC,VH,5.0,Public,181.0,181.0,,166.0,186.0,57.8,60.1,54.4,48.2,42.2,87.2,70.1,93.4,33.5,88.9,
Emory University,United States,US,Americas,L,FC,VH,5.0,Private not for Profit,182.0,182.0,,,196.0,57.7,34.5,37.7,92.8,85.7,70.0,49.6,85.0,42.4,63.5,
Curtin University,Australia,AU,Oceania,L,CO,VH,3.0,Public,183.0,183.0,183.0,193.0,174.0,57.6,46.3,39.3,17.7,89.6,100.0,54.3,94.2,37.9,82.0,0.0
University of Bern,Switzerland,CH,Europe,M,FC,VH,5.0,Public,184.0,184.0,,120.0,161.0,57.5,38.0,26.0,49.0,99.3,100.0,52.9,95.5,37.2,68.9,
University of Wollongong,Australia,AU,Oceania,L,FC,VH,3.0,Public,184.0,184.0,162.0,,167.0,57.5,41.6,33.1,21.1,95.6,99.5,82.2,88.6,25.8,86.1,-22.0
Wuhan University,China (Mainland),CN,Asia,XL,FC,VH,4.0,Public,186.0,186.0,194.0,194.0,194.0,57.3,53.6,46.7,21.3,98.0,47.1,10.7,77.8,58.9,60.8,8.0
Tecnológico de Monterrey (ITESM),Mexico,,Americas,XL,FC,HI,,Private not for Profit,187.0,187.0,,,185.0,57.1,69.9,93.9,69.4,4.8,24.5,18.3,74.6,97.4,73.8,
University Complutense Madrid,Spain,,Europe,XL,FC,VH,,Public,187.0,187.0,,,164.0,57.1,78.5,73.9,41.6,12.8,18.2,32.9,92.7,97.3,80.4,
Universiti Teknologi Malaysia,Malaysia,MY,,L,CO,VH,3.0,A,188.0,,188.0,,,46.9,46.6,63.8,42.5,33.9,16.0,85.2,58.6,13.6,66.8,
UNIVERSITAS INDONESIA,Indonesia,ID,Asia,XL,FC,VH,4.0,Public,189.0,189.0,,,206.0,57.0,69.9,89.3,68.8,3.9,86.6,10.9,59.6,87.2,60.9,
Ohio State University,United States,,Americas,XL,FC,VH,,Public,190.0,190.0,,,208.0,56.9,71.1,63.0,53.1,33.8,37.4,20.6,93.7,66.0,69.2,
"Queen's University, Ontario",Canada,,Americas,L,FC,VH,,Public,191.0,191.0,,,193.0,56.8,50.9,75.7,7.9,56.3,75.6,35.5,79.0,92.3,86.6,
Université Catholique de Louvain (UCL),Belgium,,Europe,L,FC,VH,,Private not for Profit,191.0,191.0,,,203.0,56.8,61.7,36.0,6.4,59.5,94.5,63.1,91.6,82.0,81.3,
Universität Hamburg,Germany,DE,Europe,L,FO,VH,5.0,Public,193.0,193.0,205.0,228.0,191.0,56.5,64.0,51.7,25.6,54.6,58.8,31.3,93.8,49.9,94.1,12.0
University of Reading,United Kingdom,UK,Europe,L,CO,VH,5.0,Public,194.0,194.0,,229.0,172.0,56.2,45.7,46.8,20.2,63.0,95.0,85.8,93.3,57.6,92.4,
Vrije Universiteit Amsterdam,Netherlands,NL,Europe,L,FC,VH,5.0,Public,194.0,194.0,207.0,214.0,221.0,56.2,53.3,28.8,23.3,80.7,82.9,57.6,90.1,56.4,68.8,13.0
University of Minnesota Twin Cities,United States,US,,XL,FC,VH,5.0,A,195.0,,195.0,,,46.4,59.0,30.2,30.6,46.4,5.5,9.1,86.1,41.9,88.5,
Waseda University,Japan,JP,Asia,XL,CO,VH,5.0,Private not for Profit,196.0,196.0,,,181.0,56.1,73.6,97.2,29.5,7.3,35.2,43.7,63.1,90.7,74.3,
University of Otago,New Zealand,NZ,Oceania,L,FC,VH,5.0,Public,197.0,197.0,206.0,,214.0,55.8,60.0,36.0,14.8,63.2,100.0,39.6,76.5,68.7,88.2,9.0
Vienna University of Technology,Austria,,Europe,M,FO,VH,,Public,197.0,197.0,,,190.0,55.8,47.6,56.3,18.5,71.1,91.8,95.9,71.9,29.1,59.0,
Universidad de los Andes,Colombia,CO,,L,FC,HI,4.0,B,198.0,,198.0,,,46.0,65.4,95.7,17.6,5.9,26.4,2.0,11.1,96.2,40.2,
National Yang Ming Chiao Tung University,Taiwan,TW,Asia,L,FC,VH,1.0,Public,199.0,199.0,217.0,202.0,219.0,55.7,42.1,68.5,55.4,71.8,29.1,31.9,54.1,75.8,74.1,18.0
Queen's University Belfast,United Kingdom,UK,Europe,L,FC,VH,5.0,Public,199.0,199.0,202.0,,206.0,55.7,49.6,43.4,30.3,57.5,100.0,98.8,95.4,19.5,89.5,3.0
Universität Freiburg,Germany,,Europe,L,FC,VH,,Public,201.0,201.0,,,212.0,55.6,56.8,35.3,31.1,66.4,78.7,44.2,89.5,47.2,85.6,
University of Gothenburg,Sweden,SE,Europe,L,FC,VH,4.0,Public,202.0,202.0,187.0,,194.0,55.5,46.4,24.6,73.0,45.4,94.1,85.8,93.7,71.0,92.9,-15.0
National Cheng Kung University (NCKU),Taiwan,TW,Asia,L,FC,VH,4.0,Public,203.0,203.0,228.0,,215.0,55.2,66.4,79.4,33.8,39.8,28.6,24.4,58.0,56.3,79.7,25.0
University of Twente,Netherlands,NL,Europe,M,CO,VH,4.0,Public,203.0,203.0,210.0,,233.0,55.2,29.3,40.5,56.0,77.0,100.0,95.2,85.4,32.6,79.6,7.0
Ecole Normale Supérieure de Lyon,France,,Europe,S,CO,VH,,Public,205.0,205.0,,,187.0,55.1,41.7,25.7,98.8,89.2,61.5,23.9,73.1,17.9,50.2,
Universidad Autónoma de Madrid,Spain,ES,Europe,XL,FC,VH,4.0,Public,206.0,206.0,,,198.0,55.0,73.1,71.5,39.7,26.5,22.3,29.6,92.5,52.5,72.5,
Deakin University,Australia,AU,Oceania,XL,FC,VH,3.0,Public,207.0,207.0,,266.0,197.0,54.9,42.3,32.6,5.9,86.2,97.2,83.3,86.8,43.6,86.7,
Rheinische Friedrich-Wilhelms-Universität Bonn,Germany,DE,Europe,L,FC,VH,5.0,Public,207.0,207.0,,201.0,227.0,54.9,67.7,35.5,76.5,24.9,51.4,56.4,96.2,50.0,86.4,
"University of Maryland, College Park",United States,US,Americas,XL,FC,VH,5.0,Public,207.0,207.0,,,218.0,54.9,57.2,51.8,44.2,60.5,28.0,24.9,92.9,59.7,70.7,
Queen's University at Kingston,Canada,CA,,L,FC,VH,5.0,A,209.0,,209.0,,,44.5,40.5,56.7,5.3,45.1,70.1,30.6,22.5,71.5,85.4,
University of Minnesota (System),United States,,Americas,XL,FC,VH,,Public,210.0,210.0,,,203.0,54.8,68.6,49.4,37.2,49.2,6.5,15.4,91.2,67.2,91.1,
University of Calgary,Canada,CA,Americas,XL,FC,VH,4.0,Public,211.0,211.0,182.0,242.0,198.0,54.7,47.6,50.5,24.4,54.6,87.4,76.9,86.2,61.5,86.0,-29.0
Universidad de Los Andes Colombia,Colombia,,Americas,L,FC,HI,,Private not for Profit,212.0,212.0,,,179.0,54.6,81.5,90.5,17.6,10.8,28.7,3.3,54.7,98.4,75.9,
University of Florida,United States,US,Americas,XL,FC,VH,5.0,Public,212.0,212.0,168.0,188.0,215.0,54.6,58.9,55.8,75.1,34.7,31.4,18.1,98.2,67.9,74.9,-44.0
University of Lausanne,Switzerland,CH,Europe,L,FO,VH,5.0,Public,212.0,212.0,,,224.0,54.6,37.0,40.2,49.0,69.0,100.0,67.0,83.5,61.1,70.3,
Eberhard Karls Universität Tübingen,Germany,DE,Europe,L,FC,VH,5.0,Public,215.0,215.0,213.0,169.0,222.0,54.5,61.0,36.1,85.7,32.2,88.2,40.5,93.6,36.5,64.5,-2.0
Keio University,Japan,JP,Asia,XL,FC,VH,5.0,Private not for Profit,215.0,215.0,214.0,,188.0,54.5,65.5,93.8,65.2,9.4,15.2,19.6,55.6,95.8,68.9,-1.0
Technische Universität Dresden,Germany,DE,Europe,L,FC,VH,5.0,Public,218.0,218.0,,200.0,234.0,54.3,47.2,49.2,74.9,58.6,40.4,42.0,95.3,12.5,87.9,
Indian Institute of Science (IISc) Bangalore,India,,Asia,M,SP,VH,,Public,219.0,219.0,,,211.0,54.2,56.6,46.4,39.1,99.9,5.6,2.1,45.4,15.1,66.3,
University of Ottawa,Canada,CA,Americas,XL,FC,VH,5.0,Public,219.0,219.0,,,189.0,54.2,35.8,38.7,5.4,84.8,96.1,85.5,92.3,50.0,86.8,
Università di Padova,Italy,IT,,XL,FC,VH,5.0,A,219.0,,219.0,,,43.0,57.3,22.0,7.8,51.8,12.9,9.4,91.3,13.8,95.0,
Chulalongkorn University,Thailand,TH,Asia,XL,FC,VH,5.0,Public,221.0,221.0,211.0,,229.0,53.9,82.0,52.7,44.8,12.5,32.0,6.2,80.6,96.4,80.0,-10.0
Indian Institute of Technology Kanpur (IITK),India,IN,Asia,M,FO,VH,4.0,Public,222.0,222.0,,,263.0,53.7,49.4,82.7,16.1,84.1,3.1,1.4,42.1,47.6,74.7,
Tel Aviv University,Israel,IL,Asia,L,FC,VH,4.0,Public,223.0,223.0,215.0,,209.0,53.6,43.6,31.0,6.1,99.7,48.9,15.3,78.3,94.2,77.0,-8.0
Universitas Gadjah Mada,Indonesia,,Asia,XL,FC,VH,,Public,224.0,224.0,,,239.0,53.5,70.2,84.7,65.4,3.0,63.0,8.9,46.3,75.9,66.0,
Indian Institute of Science,India,IN,,S,SP,,5.0,A,225.0,,225.0,,,42.1,41.5,20.0,46.4,100.0,4.8,1.7,4.4,13.8,10.7,
Loughborough University,United Kingdom,UK,Europe,L,CO,VH,4.0,Public,225.0,225.0,212.0,,224.0,53.3,42.8,64.5,26.9,50.6,94.6,71.1,81.4,33.2,87.9,-13.0
Queensland University of Technology,Australia,,Oceania,XL,CO,VH,,Public,226.0,226.0,,,213.0,53.2,51.6,38.8,11.6,70.9,96.6,44.8,83.4,25.6,88.5,
The University of Newcastle,Australia,,Oceania,L,FC,VH,,Public,227.0,227.0,,,179.0,53.1,36.0,30.5,29.7,95.2,100.0,36.2,81.8,20.8,84.8,
Université Libre de Bruxelles (ULB),Belgium,,Europe,L,FC,VH,,Public,227.0,227.0,,,230.0,53.1,43.3,46.8,4.6,60.3,99.2,89.6,90.9,74.8,65.2,
Friedrich-Alexander-Universität Erlangen-Nürnberg,Germany,DE,,L,FC,VH,5.0,A,229.0,,229.0,,,41.7,25.2,20.9,2.8,95.8,26.8,39.9,75.1,15.5,69.9,
United Arab Emirates University,United Arab Emirates,AE,Asia,M,FC,VH,3.0,Public,229.0,229.0,290.0,,261.0,53.0,43.3,58.1,55.1,35.1,100.0,39.1,88.9,87.9,68.6,61.0
Massey University,New Zealand,NZ,Oceania,M,CO,VH,4.0,Public,230.0,230.0,,292.0,239.0,52.9,42.1,24.1,57.3,50.5,99.4,98.9,82.2,60.7,83.7,
University of Lisbon,Portugal,PT,Europe,XL,FC,VH,5.0,Public,230.0,230.0,,,260.0,52.9,57.1,46.3,15.5,51.4,14.3,58.6,98.4,97.3,79.3,
University of Göttingen,Germany,DE,,L,FC,VH,5.0,A,232.0,,232.0,,,41.4,47.4,29.0,70.1,17.7,49.5,22.5,91.8,21.9,55.5,
Universität Erlangen-Nürnberg,Germany,,Europe,L,FC,VH,,Public,232.0,232.0,,,224.0,52.2,37.9,46.2,5.2,96.7,39.5,60.6,86.7,27.1,75.4,
La Trobe University,Australia,AU,Oceania,L,CO,VH,4.0,Public,233.0,233.0,242.0,316.0,217.0,52.1,33.4,29.0,13.2,87.8,95.6,97.4,82.1,28.0,82.2,9.0
Universidade Estadual de Campinas (Unicamp),Brazil,BR,Americas,XL,FC,VH,4.0,Public,233.0,233.0,,,232.0,52.1,81.7,50.9,22.1,37.2,15.1,4.0,84.5,32.5,79.5,
University of Padova,Italy,,Europe,XL,FC,VH,,Public,233.0,233.0,,,236.0,52.1,73.5,40.2,13.5,54.4,15.5,18.8,95.5,29.6,85.0,
University of Rochester,United States,US,Americas,M,FC,VH,5.0,Private not for Profit,236.0,236.0,224.0,,236.0,51.9,27.1,32.4,98.2,56.6,80.5,96.2,63.7,51.2,72.3,-12.0
Université de Paris-Cité,France,FR,,XL,FO,VH,1.0,A,236.0,,236.0,,,41.1,31.6,5.9,9.2,93.7,19.3,41.5,99.6,11.6,46.0,
American University of Beirut (AUB),Lebanon,LB,Asia,M,FC,VH,5.0,Private not for Profit,237.0,237.0,,252.0,250.0,51.6,41.5,58.1,52.3,37.8,71.4,45.2,68.7,98.7,77.7,
University of Porto,Portugal,PT,Europe,XL,FC,VH,5.0,Public,237.0,237.0,253.0,274.0,278.0,51.6,52.5,41.5,13.6,73.6,9.2,38.2,94.3,61.2,77.3,16.0
Maastricht University,Netherlands,NL,Europe,L,FO,VH,3.0,Public,239.0,239.0,,278.0,230.0,51.4,32.8,33.7,18.6,71.7,99.9,100.0,85.6,49.6,80.2,
Hebrew University of Jerusalem,Israel,,Asia,L,FC,VH,,Public,240.0,240.0,,,281.0,51.3,42.9,36.4,74.6,41.9,81.9,33.5,74.2,97.1,65.5,
Victoria University of Wellington,New Zealand,NZ,Oceania,L,CO,VH,4.0,Public,240.0,240.0,241.0,,244.0,51.3,57.2,32.2,15.7,44.3,100.0,56.7,70.1,77.6,83.3,1.0
Politecnico di Torino,Italy,IT,Europe,XL,FO,VH,5.0,Public,242.0,242.0,252.0,,241.0,51.2,50.3,64.6,4.5,68.1,7.3,57.9,79.1,37.8,73.6,10.0
Georg-August-Universität Göttingen,Germany,,Europe,L,FC,VH,,Public,243.0,243.0,,,252.0,51.1,57.3,35.6,87.0,25.8,59.2,37.9,95.2,51.2,61.0,
Hamad Bin Khalifa University,Qatar,QA,Asia,S,FO,VH,3.0,Public,244.0,244.0,,,183.0,50.9,14.3,6.8,100.0,100.0,100.0,100.0,75.7,6.8,38.5,
Hong Kong Baptist University,"Hong Kong SAR, China",,Asia,M,CO,VH,,Public,244.0,244.0,,,252.0,50.9,28.3,21.7,67.3,82.3,99.4,100.0,38.2,23.0,67.5,
University College Cork,Ireland,IE,Europe,L,FC,VH,5.0,Public,246.0,246.0,,303.0,273.0,50.7,43.4,48.1,22.5,52.7,86.2,75.0,68.8,49.5,83.8,
Beijing Normal University,China (Mainland),CN,Asia,L,CO,VH,5.0,Public,247.0,247.0,,,271.0,50.6,47.6,29.6,30.3,98.6,9.0,32.9,77.1,18.2,55.5,
Dartmouth College,United States,US,Americas,M,FC,VH,5.0,Private not for Profit,247.0,247.0,,,243.0,50.6,30.7,54.3,79.9,56.9,13.5,58.5,46.2,87.7,82.2,
"University of Massachusetts, Amherst",United States,US,Americas,L,CO,VH,5.0,Public,247.0,247.0,245.0,,275.0,50.6,48.1,40.0,15.8,62.4,77.9,46.3,78.8,44.2,84.5,-2.0
Vanderbilt University,United States,US,Americas,L,FC,VH,5.0,Private not for Profit,250.0,250.0,261.0,199.0,248.0,50.4,32.3,41.8,100.0,50.6,48.4,50.9,77.9,57.5,61.8,11.0
The Hebrew University of Jerusalem,Israel,IL,,L,FC,VH,5.0,A,251.0,,251.0,,,39.3,34.3,29.1,81.2,22.5,54.7,16.0,37.1,77.7,50.9,
Universiti Teknologi Petronas (UTP),Malaysia,MY,Asia,S,SP,VH,3.0,Private not for Profit,251.0,251.0,,361.0,269.0,50.2,29.7,41.0,44.6,95.0,87.0,29.5,72.1,5.2,50.0,
University of Strathclyde,United Kingdom,UK,Europe,L,CO,VH,4.0,Public,251.0,251.0,,,281.0,50.2,37.5,40.5,17.8,57.2,99.2,89.0,84.5,46.0,84.6,
Taylor's University (Malaysia),Malaysia,,Asia,M,CO,VH,,Private for Profit,253.0,253.0,,,251.0,50.0,40.2,85.2,69.7,21.0,73.0,100.0,53.5,5.2,57.8,
Technische Universität Darmstadt,Germany,,Europe,L,CO,VH,,Public,253.0,253.0,,,241.0,50.0,28.2,41.9,9.8,82.2,67.8,92.8,73.8,53.5,78.6,
University of Macau,Macau SAR,MO,,M,FO,VH,3.0,A,254.0,,254.0,304.0,,38.9,10.6,14.2,12.2,96.9,100.0,99.3,11.4,41.6,4.3,
Bandung Institute of Technology (ITB),Indonesia,ID,Asia,L,CO,VH,5.0,Public,255.0,255.0,,,256.0,49.9,58.5,85.3,54.7,5.4,94.7,8.0,39.8,68.6,59.2,
Harbin Institute of Technology,China (Mainland),CN,Asia,XL,FO,VH,4.0,Public,256.0,256.0,,,252.0,49.8,33.3,47.9,42.0,99.8,12.9,9.2,73.6,35.2,48.1,
Tianjin University,China (Mainland),CN,Asia,L,CO,VH,4.0,Public,257.0,257.0,,307.0,269.0,49.7,26.3,37.6,51.6,99.9,29.9,33.5,72.5,38.7,56.2,
Université Paris 1 Panthéon-Sorbonne,France,FR,Europe,XL,FO,VH,5.0,Public,257.0,257.0,,,283.0,49.7,78.0,62.2,6.8,4.8,39.0,61.2,70.8,84.3,61.8,
Beijing Institute of Technology,China (Mainland),CN,Asia,XL,FO,VH,4.0,Public,259.0,259.0,,,302.0,49.5,34.3,46.7,42.7,96.4,12.3,15.5,75.3,22.5,58.8,
Universidad Nacional de Colombia,Colombia,CO,Americas,XL,FC,HI,5.0,Public,259.0,259.0,,,219.0,49.5,81.1,90.9,6.7,6.9,8.1,2.2,62.6,57.3,69.3,
University of Canterbury,New Zealand,,Oceania,L,CO,VH,,Public,261.0,261.0,,,261.0,49.4,48.8,34.7,12.1,48.2,100.0,48.1,60.9,87.4,88.2,
University of Aberdeen,United Kingdom,UK,Europe,M,FC,VH,5.0,A,262.0,262.0,208.0,,236.0,49.3,40.1,34.8,44.9,42.9,95.8,87.2,89.7,30.0,87.8,-54.0
University of Navarra,Spain,ES,Europe,L,FC,HI,4.0,Private not for Profit,262.0,262.0,280.0,,249.0,49.3,40.8,78.2,50.6,25.3,26.8,84.0,58.3,80.5,66.1,18.0
University of Surrey,United Kingdom,UK,Europe,L,CO,VH,4.0,Public,262.0,262.0,244.0,305.0,285.0,49.3,29.7,30.0,33.4,74.4,98.0,88.7,86.6,30.7,60.4,-18.0
Gadjah Mada University,Indonesia,ID,,XL,FC,HI,4.0,A,263.0,,263.0,231.0,,38.0,51.7,66.5,54.4,1.7,38.5,1.6,2.1,42.6,47.2,
Charles University,Czech Republic,CZ,Europe,XL,FC,VH,5.0,Public,265.0,265.0,,,246.0,49.0,58.5,55.5,37.0,14.3,33.5,61.7,97.2,73.2,76.9,
Universitat Pompeu Fabra,Spain,,Europe,M,FO,VH,,Public,265.0,265.0,,,265.0,49.0,43.7,39.5,19.1,70.6,84.7,40.0,75.8,23.0,66.4,
Norwegian University of Science And Technology,Norway,NO,Europe,XL,FC,VH,5.0,Public,267.0,267.0,,,264.0,48.9,45.9,33.4,30.7,45.1,87.4,17.7,95.2,90.5,80.3,
Griffith University,Australia,AU,Oceania,L,FC,VH,4.0,Public,268.0,268.0,243.0,,255.0,48.7,37.7,16.6,13.3,75.1,100.0,70.7,93.4,26.6,91.7,-25.0
Middle East Technical University,Turkey,TR,Asia,L,CO,VH,4.0,Public,269.0,269.0,,,285.0,48.5,44.8,88.7,12.8,34.4,18.0,31.0,79.2,82.2,71.8,
UCSI University,Malaysia,MY,Asia,M,FO,VH,2.0,Private for Profit,269.0,269.0,300.0,,265.0,48.5,40.7,70.4,87.7,8.6,92.9,99.0,50.0,13.3,61.6,31.0
Indian Institute of Technology Kharagpur (IIT-KGP),India,IN,,L,FO,VH,4.0,A,271.0,,271.0,,,37.4,32.2,43.5,11.8,85.8,3.1,1.3,10.7,21.5,18.0,
University of Warsaw,Poland,PL,Europe,XL,CO,VH,5.0,Public,271.0,271.0,262.0,,258.0,48.3,61.0,62.8,59.5,10.0,13.5,15.7,85.9,74.4,74.0,-9.0
American University of Sharjah (AUS),United Arab Emirates,,Asia,M,CO,VH,,Private not for Profit,272.0,272.0,,,332.0,48.2,31.7,65.1,24.6,43.8,100.0,100.0,50.6,60.6,54.4,
North Carolina State University,United States,US,Americas,XL,CO,VH,5.0,Public,272.0,272.0,274.0,,311.0,48.2,36.4,47.9,12.2,72.9,67.5,25.6,79.8,37.7,86.7,2.0
Universität zu Köln,Germany,,Europe,L,FO,VH,,Public,272.0,272.0,,,285.0,48.2,45.0,50.5,23.6,43.8,39.3,47.1,92.6,64.5,88.9,
University of Virginia,United States,US,Americas,L,FC,VH,5.0,Public,275.0,275.0,260.0,,297.0,48.1,46.5,47.9,68.2,36.5,5.3,19.2,82.6,91.9,68.9,-15.0
Sun Yat-sen University,China (Mainland),CN,Asia,XL,FC,VH,4.0,Public,276.0,276.0,,,331.0,48.0,45.4,39.0,53.4,72.6,4.1,6.8,78.4,38.8,56.7,
University of Milan,Italy,IT,Europe,XL,FC,VH,4.0,Public,276.0,276.0,,324.0,285.0,48.0,65.9,27.0,10.2,56.6,10.8,13.4,85.1,63.1,76.4,
University of Sussex,United Kingdom,UK,Europe,L,FC,VH,4.0,Public,278.0,278.0,218.0,,246.0,47.9,33.8,21.0,21.4,60.7,99.0,89.5,86.3,53.6,90.0,-60.0
Radboud University Nijmegen,Netherlands,,Europe,L,FC,VH,,Public,279.0,279.0,,,272.0,47.6,38.6,20.3,34.8,73.2,83.5,30.1,92.5,34.9,67.7,
University of Antwerp,Belgium,BE,Europe,L,FC,VH,2.0,Public,280.0,280.0,,280.0,267.0,47.4,35.0,18.8,42.8,57.7,96.4,45.5,95.2,60.3,80.6,
University of Pittsburgh,United States,US,Americas,L,FC,VH,5.0,Public,281.0,281.0,,,275.0,47.3,45.4,26.4,98.1,41.7,9.9,23.0,90.4,59.7,60.2,
University of Waikato,New Zealand,NZ,Oceania,M,CO,VH,4.0,Public,281.0,281.0,250.0,331.0,235.0,47.3,28.2,18.8,16.2,82.1,99.5,79.7,49.0,58.4,84.8,-31.0
Dalhousie University,Canada,CA,Americas,L,FC,VH,5.0,Public,283.0,283.0,298.0,,275.0,47.2,27.1,23.9,15.8,76.2,100.0,79.4,79.9,39.8,85.3,15.0
Taylor's University,Malaysia,MY,,S,FO,VH,2.0,C,284.0,,284.0,,,36.2,24.0,82.8,63.3,8.5,54.1,98.8,3.8,10.5,2.3,
University of Galway / Ollscoil na Gaillimhe,Ireland,,Europe,L,FC,VH,,Public,284.0,284.0,,,273.0,47.1,37.3,40.2,68.6,24.0,96.7,62.7,72.9,61.2,82.5,
Georgetown University,United States,US,Americas,L,FC,VH,5.0,Private not for Profit,285.0,285.0,297.0,,301.0,47.0,38.2,60.6,74.2,21.7,22.8,51.1,67.4,96.0,69.1,12.0
University of Macau,"Macao SAR, China",,Asia,L,CO,VH,,Public,285.0,285.0,,,245.0,47.0,18.5,17.9,11.7,99.9,100.0,100.0,55.1,56.8,52.2,
Heriot-Watt University,United Kingdom,UK,Europe,M,CO,VH,4.0,Public,287.0,287.0,235.0,,256.0,46.8,25.7,34.8,27.3,61.8,100.0,97.0,75.7,37.0,77.2,-52.0
Universitas Airlangga,Indonesia,,Asia,XL,FC,VH,,Public,287.0,287.0,,,308.0,46.8,52.2,88.3,69.6,2.5,77.3,10.8,52.9,24.0,56.6,
University of Arizona,United States,,Americas,XL,FC,VH,,Public,287.0,287.0,,,293.0,46.8,49.3,40.4,42.8,47.4,25.4,15.2,93.5,54.1,66.9,
University of Bergen,Norway,NO,Europe,L,FC,VH,3.0,Public,287.0,287.0,,207.0,291.0,46.8,40.5,13.7,67.2,42.5,96.9,37.9,91.0,69.5,65.1,
University of Galway,Ireland,IE,,L,FC,HI,5.0,A,289.0,,289.0,,,36.0,26.3,28.2,61.2,13.5,92.3,39.3,45.7,30.7,90.6,
University of The Witwatersrand,South Africa,,Africa,L,FC,VH,,Public,291.0,291.0,,,267.0,46.4,36.8,50.9,14.0,40.2,86.8,9.4,96.7,99.5,85.6,
Swansea University,United Kingdom,UK,Europe,L,FC,VH,5.0,Public,292.0,292.0,,,298.0,46.2,34.7,54.7,28.6,43.0,76.9,80.5,79.7,13.7,84.4,
"University of California, Irvine",United States,US,Americas,XL,FC,VH,4.0,Public,293.0,293.0,,,307.0,46.1,46.6,37.1,26.8,53.1,39.5,64.2,81.9,28.0,64.9,
Case Western Reserve University,United States,US,Americas,M,FC,VH,4.0,Private not for Profit,294.0,294.0,255.0,176.0,259.0,46.0,22.4,20.5,88.6,66.3,47.6,76.7,58.3,40.9,70.8,-39.0
Swinburne University of Technology,Australia,AU,Oceania,L,CO,VH,3.0,Public,294.0,294.0,,,291.0,46.0,18.8,19.3,14.7,95.0,87.8,94.7,74.0,22.8,73.4,
University of Notre Dame,United States,US,Americas,L,CO,VH,5.0,Private not for Profit,294.0,294.0,,,316.0,46.0,38.0,43.6,70.8,36.7,28.9,32.7,75.4,75.4,72.5,
Vrije Universiteit Brussel (VUB),Belgium,BE,Europe,L,FC,VH,4.0,Public,294.0,294.0,259.0,251.0,278.0,46.0,33.3,22.1,75.6,27.7,96.8,72.1,92.2,63.2,80.0,-35.0
Istanbul Technical University,Turkey,TR,Asia,L,FO,VH,5.0,Public,298.0,298.0,,,326.0,45.8,39.6,85.3,11.5,35.3,10.4,36.5,76.2,79.7,68.5,
University of Colorado Boulder,United States,US,Americas,XL,CO,VH,5.0,Public,299.0,299.0,,,320.0,45.6,49.0,36.8,52.1,36.0,38.6,8.5,85.6,48.9,90.3,
Université Paris Cité,France,,Europe,XL,FO,VH,,Public,300.0,300.0,,,302.0,45.5,37.7,13.9,11.0,92.5,24.8,61.0,99.5,22.8,55.7,
Southern University of Science and Technology,China (Mainland),CN,,M,FO,VH,2.0,A,301.0,,301.0,,,34.6,9.1,2.1,94.6,95.0,37.2,1.5,6.8,7.4,6.9,
Universidad Carlos III de Madrid,Spain,,Europe,L,FO,VH,,Public,301.0,301.0,,,285.0,45.4,45.2,65.3,50.5,8.1,73.8,75.2,67.8,26.3,77.3,
Stellenbosch University,South Africa,ZA,Africa,L,FC,VH,5.0,Public,302.0,302.0,283.0,,296.0,45.2,36.7,44.8,5.0,67.5,25.4,14.5,93.6,88.9,61.0,-19.0
Jagiellonian University,Poland,PL,Europe,XL,FO,VH,5.0,Public,303.0,303.0,,,312.0,45.1,49.9,54.4,75.3,10.4,8.0,30.0,88.6,61.5,71.6,
University of Southern Denmark,Denmark,,Europe,L,CO,VH,,Public,303.0,303.0,,,324.0,45.1,29.2,24.9,31.9,68.4,91.7,46.4,77.4,27.0,85.0,
Xi'an Jiaotong University,China (Mainland),CN,Asia,XL,FC,VH,4.0,Public,305.0,305.0,291.0,302.0,295.0,45.0,28.5,44.2,15.9,97.8,5.5,6.8,82.9,34.9,55.8,-14.0
Aalborg University,Denmark,DK,Europe,L,FC,VH,3.0,Public,306.0,306.0,,330.0,306.0,44.9,26.4,25.0,27.7,77.2,89.0,29.4,91.7,25.4,79.1,
Indiana University Bloomington,United States,US,Americas,XL,FC,VH,5.0,Public,306.0,306.0,,339.0,355.0,44.9,44.7,50.3,34.4,31.2,51.7,18.4,86.5,77.0,66.0,
Simon Fraser University,Canada,CA,Americas,L,CO,VH,4.0,Public,308.0,308.0,318.0,,319.0,44.7,34.9,20.7,7.6,59.6,99.1,86.1,78.4,34.0,85.2,10.0
University of Johannesburg,South Africa,ZA,Africa,L,CO,VH,2.0,Public,308.0,308.0,306.0,,312.0,44.7,25.5,25.9,46.5,45.2,98.5,60.1,99.1,69.6,74.8,-2.0
"City St George’s, University of London",United Kingdom,,Europe,L,FO,VH,,,310.0,310.0,,,,44.5,26.9,32.3,9.2,57.8,92.4,97.9,77.2,65.8,62.3,
Linköping University,Sweden,SE,Europe,L,CO,VH,3.0,Public,310.0,310.0,,,304.0,44.5,25.4,32.2,50.2,55.2,85.8,46.3,81.5,50.8,68.2,
Ulsan National Institute of Science and Technology,Republic of Korea,,Asia,S,FO,VH,,Public,310.0,310.0,,,280.0,44.5,21.8,16.3,92.5,99.5,37.4,15.5,26.7,3.9,57.5,
Universität Stuttgart,Germany,DE,Europe,L,FO,VH,5.0,Public,310.0,310.0,312.0,,314.0,44.5,33.4,46.1,11.0,64.2,44.8,60.9,69.7,35.8,74.2,2.0
University of Miami,United States,US,Americas,L,FC,VH,4.0,Private not for Profit,314.0,314.0,,,324.0,44.3,24.5,40.3,57.9,48.4,87.8,25.1,85.2,59.6,64.6,
University of Tasmania,Australia,AU,Oceania,M,CO,VH,5.0,Public,314.0,314.0,,,293.0,44.3,22.5,12.2,34.3,72.8,87.1,91.7,80.4,25.0,84.0,
Goethe Universität Frankfurt am Main,Germany,,Europe,L,FC,VH,,Public,316.0,316.0,,,309.0,44.0,52.1,38.6,27.0,31.7,54.9,30.0,87.7,28.7,82.9,
L.N. Gumilyov Eurasian National University,Kazakhstan,,Asia,L,FO,VH,,Public,317.0,317.0,,,321.0,43.9,40.1,85.8,94.7,2.0,84.6,25.8,31.4,7.5,46.6,
Universidade Federal do Rio de Janeiro,Brazil,BR,Americas,XL,FC,VH,5.0,Public,317.0,317.0,,333.0,304.0,43.9,73.0,36.2,18.2,13.8,10.3,2.3,81.0,89.9,70.9,
Huazhong University of Science and Technology,China (Mainland),CN,Asia,XL,FC,VH,4.0,Public,319.0,319.0,275.0,306.0,300.0,43.8,30.9,33.4,11.6,100.0,7.1,5.2,80.3,33.5,55.7,-44.0
Bauman Moscow State Technical University,Russia,RU,Europe,L,CO,VH,5.0,Public,320.0,320.0,,230.0,298.0,43.5,41.1,63.8,99.9,2.0,81.0,85.8,14.2,10.1,47.6,
Université Grenoble Alpes,France,FR,Europe,XL,FC,VH,1.0,Public,321.0,321.0,294.0,,334.0,43.4,55.3,19.2,10.4,51.8,30.9,47.9,94.1,31.8,60.0,-27.0
University of Tehran,Iran (Islamic Republic of),,Asia,XL,CO,VH,,Public,322.0,322.0,,,368.0,43.3,31.0,41.8,4.2,91.1,2.5,3.3,86.8,58.1,45.5,
University of Victoria (UVic),Canada,CA,,L,CO,VH,4.0,A,322.0,,322.0,,,33.0,17.3,7.6,3.5,65.0,95.2,48.6,19.0,12.2,89.8,
Koc University,Turkey,,Asia,M,FC,VH,,Private not for Profit,323.0,323.0,,,401.0,43.1,36.0,77.5,21.0,52.6,30.1,22.2,50.4,10.8,62.4,
Sichuan University,China (Mainland),CN,Asia,XL,FC,VH,3.0,Public,324.0,324.0,,,336.0,43.0,30.8,34.5,14.0,99.9,9.7,9.2,72.9,21.0,45.3,
University of Jordan,Jordan,JO,Asia,XL,FC,HI,4.0,Public,324.0,324.0,,,368.0,43.0,47.9,59.8,28.9,7.3,33.8,64.5,69.2,90.1,64.1,
University of Leicester,United Kingdom,UK,Europe,L,FC,VH,5.0,Public,326.0,326.0,,279.0,285.0,42.9,29.6,17.7,40.1,44.2,90.6,90.6,91.1,31.0,81.2,
Universidade Nova de Lisboa,Portugal,PT,Europe,L,FC,VH,4.0,Public,327.0,327.0,,,388.0,42.8,40.1,42.6,18.1,37.6,27.2,77.7,84.1,59.4,66.9,
Rutgers University – New Brunswick,United States,US,Americas,XL,CO,VH,5.0,Public,328.0,328.0,299.0,,328.0,42.6,47.7,45.8,53.4,16.5,24.1,38.8,75.3,44.6,87.5,-29.0
University of Delhi,India,IN,Asia,L,FO,VH,5.0,Public,328.0,328.0,,,328.0,42.6,46.9,41.9,6.9,47.1,1.8,2.8,83.0,98.9,71.2,
University of Sharjah,United Arab Emirates,AE,Asia,L,CO,VH,3.0,Private not for Profit,328.0,328.0,,,434.0,42.6,28.5,34.9,9.3,52.2,100.0,100.0,84.8,19.3,58.8,
Kyung Hee University,Republic of Korea,,Asia,L,FC,VH,,Private not for Profit,331.0,331.0,,,328.0,42.5,34.6,43.0,86.2,25.9,19.8,68.5,66.8,21.6,74.9,
Satbayev University (previously Kazakh Technical University named after K.I. Satpaev),Kazakhstan,,Asia,M,FO,VH,,Public,331.0,331.0,,,405.0,42.5,40.6,58.8,94.2,1.7,89.2,53.7,25.7,33.0,48.7,
York University,Canada,CA,Americas,XL,CO,VH,4.0,Public,333.0,333.0,353.0,456.0,362.0,42.4,33.4,31.7,5.0,37.8,87.3,78.9,73.5,82.2,84.5,20.0
Indian Institute of Technology Guwahati (IITG),India,IN,Asia,M,CO,VH,3.0,Public,334.0,334.0,,,344.0,42.3,25.4,62.0,10.2,96.9,8.1,1.6,53.1,8.7,43.0,
Sharif University of Technology,"Iran, Islamic Republic of",IR,,M,FO,VH,4.0,A,334.0,,334.0,,,32.4,10.1,43.8,6.1,99.1,7.3,1.3,9.7,25.7,1.9,
Sultan Qaboos University,Oman,OM,Asia,M,FC,VH,3.0,Public,334.0,334.0,,,362.0,42.3,28.9,25.9,62.3,39.5,100.0,6.0,80.9,70.0,69.6,
Tufts University,United States,US,Americas,L,FC,VH,5.0,Private not for Profit,334.0,334.0,379.0,,344.0,42.3,23.8,21.2,65.6,52.5,42.9,48.3,67.0,69.3,86.3,45.0
Universidad Politécnica de Madrid,Spain,,Europe,XL,CO,VH,,Public,334.0,334.0,,,321.0,42.3,43.0,67.8,24.8,19.6,4.3,45.2,81.9,69.4,70.7,
University of Illinois Chicago (UIC),United States,,Americas,L,FC,VH,,Public,334.0,334.0,,,365.0,42.3,48.8,40.3,33.1,39.2,11.0,28.4,82.3,36.4,66.9,
Indian Institute of Technology Roorkee (IITR),India,IN,Asia,M,FO,VH,5.0,Public,339.0,339.0,,,335.0,42.2,26.8,52.2,9.5,96.6,2.0,3.6,54.5,19.5,57.5,
Shandong University,China (Mainland),CN,Asia,XL,FC,VH,4.0,Public,339.0,339.0,,,316.0,42.2,22.8,39.0,21.8,97.1,11.2,5.7,72.8,26.8,57.5,
Xiamen University,China (Mainland),CN,Asia,XL,FC,VH,4.0,Public,341.0,341.0,,,362.0,42.1,34.3,24.2,25.0,83.9,10.8,9.3,64.7,54.4,54.1,
University of Oulu,Finland,FI,Europe,M,FC,VH,4.0,Public,342.0,342.0,,,344.0,42.0,23.0,21.8,29.5,74.5,80.9,19.7,87.9,30.6,75.2,
Brunel University London,United Kingdom,UK,,L,CO,VH,4.0,A,343.0,,343.0,,,31.9,11.3,13.3,7.9,44.2,99.7,99.6,56.9,18.5,62.8,
Southern University of Science and Technology (SUSTech),China (Mainland),,Asia,M,FO,VH,,Public,343.0,343.0,,,284.0,41.8,14.9,9.4,87.5,100.0,42.7,2.8,47.2,1.3,65.5,
University of Pisa,Italy,IT,Europe,L,FC,VH,5.0,Public,343.0,343.0,,404.0,382.0,41.8,51.6,26.3,12.8,59.6,5.0,10.5,84.6,25.1,72.8,
National Taiwan University of Science and Technology (Taiwan Tech),Taiwan,TW,Asia,M,FO,VH,3.0,Public,345.0,345.0,,327.0,392.0,41.7,36.7,48.6,50.6,46.8,31.3,35.3,45.6,25.4,56.8,
Pontificia Universidad Católica del Perú (PUCP),Peru,,Americas,L,FO,VH,,Private not for Profit,345.0,345.0,,,359.0,41.7,63.1,66.7,50.0,2.3,4.2,1.9,44.4,50.6,59.7,
Cairo University,Egypt,EG,Africa,XL,FC,VH,5.0,Public,347.0,347.0,,,350.0,41.6,60.8,52.7,13.8,6.0,4.2,14.4,88.9,98.0,66.6,
Tilburg University,Netherlands,NL,Europe,L,SP,VH,4.0,Public,347.0,347.0,,,347.0,41.6,20.5,37.1,16.8,67.1,99.0,77.4,61.1,23.1,50.6,
University of Coimbra,Portugal,PT,Europe,L,FC,VH,5.0,Public,347.0,347.0,,,355.0,41.6,39.2,24.9,14.9,61.4,13.1,33.3,92.2,47.6,75.8,
Technion - Israel Institute of Technology,Israel,IL,Asia,L,FO,VH,5.0,Public,350.0,350.0,,,416.0,41.5,32.2,35.6,67.3,33.3,91.1,10.6,57.5,65.9,53.2,
University of Münster,Germany,,Europe,L,FC,VH,,Public,350.0,350.0,,,367.0,41.5,42.3,41.5,79.6,15.5,35.6,8.4,82.5,45.3,74.6,
University of Tsukuba,Japan,JP,Asia,L,FC,VH,4.0,Public,350.0,350.0,,,377.0,41.5,49.9,32.9,58.9,30.0,18.1,31.1,68.4,18.1,73.4,
Universität Innsbruck,Austria,AT,Europe,L,FC,VH,5.0,Public,350.0,350.0,,,309.0,41.5,27.7,12.3,76.9,17.7,100.0,100.0,73.9,69.9,74.7,
Quaid-i-azam University,Pakistan,PK,Asia,M,CO,VH,4.0,Public,354.0,354.0,,,315.0,41.3,24.0,47.6,5.3,97.5,9.8,3.1,67.5,27.8,46.9,
Universitat Politècnica de Catalunya · BarcelonaTech (UPC),Spain,ES,,L,FO,VH,4.0,A,354.0,,354.0,,,31.0,31.9,22.0,41.2,22.3,8.0,21.2,72.8,15.1,73.3,
Nankai University,China (Mainland),CN,Asia,XL,FC,VH,4.0,Public,355.0,355.0,,,377.0,41.2,27.1,24.4,28.8,93.9,17.8,5.0,56.1,47.3,44.9,
National Technical University of Athens,Greece,GR,Europe,L,FO,VH,5.0,Public,355.0,355.0,,,321.0,41.2,28.2,51.2,5.9,80.9,1.3,9.6,72.0,51.4,49.3,
Università degli Studi di Roma - Tor Vergata,Italy,,Europe,L,CO,VH,,Public,355.0,355.0,,,393.0,41.2,40.7,25.2,14.9,65.5,19.7,58.8,71.7,8.5,70.3,
George Washington University,United States,US,Americas,L,FC,VH,5.0,Private not for Profit,358.0,358.0,,362.0,371.0,41.1,31.7,45.8,30.3,43.4,13.0,39.2,78.7,85.8,60.0,
Mahidol University,Thailand,TH,Asia,L,FC,VH,4.0,Public,358.0,358.0,,,368.0,41.1,59.4,38.8,82.4,9.0,8.5,9.1,67.9,17.4,61.2,
University of Victoria,Canada,,Americas,L,CO,VH,,Public,358.0,358.0,,,349.0,41.1,25.6,17.3,6.2,78.7,97.2,46.0,61.3,21.2,79.9,
Virginia Polytechnic Institute (Virginia Tech),United States,,Americas,XL,FC,VH,,Public,358.0,358.0,,,389.0,41.1,34.5,39.4,26.3,38.7,81.6,27.9,86.1,41.1,68.2,
University of Pretoria,South Africa,ZA,Africa,XL,FC,VH,5.0,Public,362.0,362.0,,,354.0,40.9,32.3,55.1,6.2,31.2,57.2,17.4,97.6,84.8,80.1,
University of Tartu,Estonia,EE,Europe,M,FC,VH,5.0,Public,362.0,362.0,,,358.0,40.9,28.6,23.7,94.6,19.1,62.1,20.8,89.0,89.2,64.2,
University of the Philippines,Philippines,PH,Asia,XL,FC,HI,5.0,Public,362.0,362.0,,,336.0,40.9,50.6,71.1,42.7,3.2,2.4,1.2,66.4,80.8,68.9,
University of Turku,Finland,FI,Europe,L,FC,VH,5.0,Public,366.0,366.0,,291.0,375.0,40.6,36.3,20.2,63.2,39.6,46.2,8.9,89.2,46.1,74.4,
RUDN University,Russia,RU,Europe,XL,FC,VH,4.0,Public,367.0,367.0,342.0,295.0,316.0,40.5,28.4,61.2,94.0,3.9,10.9,95.3,88.3,14.3,58.9,-25.0
Sciences Po Paris,France,,Europe,L,SP,VH,,Public,367.0,367.0,,,350.0,40.5,24.6,51.5,81.1,4.7,61.8,98.2,29.6,98.0,54.5,
Universiti Brunei Darussalam (UBD),Brunei Darussalam,,Asia,S,CO,VH,,Public,367.0,367.0,,,385.0,40.5,29.9,20.5,94.2,22.5,100.0,43.5,53.0,58.2,52.4,
University of Cyprus (UCY),Cyprus,CY,,M,CO,VH,3.0,A,368.0,,368.0,,,30.1,8.9,3.1,4.9,77.8,92.9,25.4,55.9,18.6,24.4,
Daegu Gyeongbuk Institute of Science and Technology (DGIST),Republic of Korea,,Asia,S,FO,VH,,Public,370.0,370.0,,,326.0,40.4,17.0,28.1,82.3,100.0,5.1,7.3,15.8,2.5,42.8,
Bogazici University,Turkey,,Asia,M,CO,VH,,Public,371.0,371.0,,,418.0,40.3,36.2,85.8,5.1,23.7,28.2,7.5,49.0,88.7,68.5,
National University of Sciences And Technology (NUST) Islamabad,Pakistan,PK,Asia,L,FC,VH,3.0,Public,371.0,371.0,367.0,334.0,353.0,40.3,29.3,76.3,66.7,32.3,5.7,5.0,76.6,3.4,63.3,-4.0
Pontificia Universidad Javeriana,Colombia,CO,Americas,L,FC,HI,5.0,Private not for Profit,371.0,371.0,,,377.0,40.3,60.5,61.8,37.8,2.7,3.8,3.7,38.7,83.1,58.6,
"Birkbeck, University of London",United Kingdom,UK,,M,FO,VH,5.0,A,374.0,,374.0,,,29.7,10.8,3.5,14.1,65.1,97.5,98.0,9.1,12.3,12.0,
Oxford Brookes University,United Kingdom,UK,Europe,L,CO,HI,3.0,Public,374.0,374.0,,,416.0,40.0,38.7,62.3,14.8,12.4,80.8,89.8,61.8,26.0,59.8,
Saint Petersburg State University,Russia,RU,Europe,L,FC,VH,5.0,Public,375.0,375.0,,,365.0,39.9,42.2,43.6,65.8,7.9,6.7,52.2,83.7,80.1,44.6,
Sharif University of Technology,Iran (Islamic Republic of),,Asia,M,FO,VH,,Public,375.0,375.0,,,342.0,39.9,17.8,48.2,8.2,99.2,2.6,1.6,68.4,38.7,38.7,
South China University of Technology,China (Mainland),CN,Asia,XL,FO,VH,3.0,Public,377.0,377.0,,,385.0,39.8,18.8,20.8,29.4,99.3,15.9,10.5,64.8,40.4,50.1,
University of Saskatchewan,Canada,CA,Americas,L,FC,VH,5.0,Public,378.0,378.0,,,340.0,39.6,16.0,10.2,21.1,71.9,82.4,65.4,77.3,44.3,83.6,
University of Liege,Belgium,,Europe,L,FC,VH,,Public,379.0,379.0,,,396.0,39.5,24.4,16.9,10.8,63.2,62.1,65.6,95.2,32.9,79.7,
University of Naples - Federico II,Italy,IT,Europe,XL,FC,VH,5.0,Public,379.0,379.0,335.0,,347.0,39.5,47.8,32.8,6.8,59.5,2.9,1.2,94.9,12.5,57.5,-44.0
The American University in Cairo,Egypt,EG,Africa,M,CO,VH,5.0,Private not for Profit,381.0,381.0,,,410.0,39.4,40.8,46.9,39.0,12.2,98.0,7.1,46.8,88.6,51.6,
University of East Anglia (UEA),United Kingdom,UK,Europe,L,FC,VH,4.0,Public,381.0,381.0,,342.0,332.0,39.4,24.7,15.0,24.0,55.5,81.9,49.3,86.8,31.8,91.1,
University of Luxembourg,Luxembourg,LU,Europe,M,FO,VH,2.0,,381.0,381.0,381.0,,355.0,39.4,13.2,8.2,87.2,39.5,100.0,100.0,68.1,58.8,42.4,0.0
Northeastern University,United States,US,Americas,XL,CO,VH,5.0,Private not for Profit,384.0,384.0,,,396.0,39.3,28.0,31.3,23.3,33.7,63.3,95.8,66.3,54.3,80.2,
Brunel University of London,United Kingdom,,Europe,L,CO,VH,,Public,385.0,385.0,,,342.0,39.1,17.6,25.2,12.2,51.8,99.5,100.0,76.7,28.8,80.4,
Gwangju Institute of Science and Technology (GIST),Republic of Korea,,Asia,S,SP,VH,,Public,385.0,385.0,,,359.0,39.1,21.3,12.4,56.7,99.9,15.7,18.5,28.9,2.2,55.3,
University of Hawaiʻi at Mānoa,United States,US,,L,FC,VH,5.0,A,386.0,,386.0,,,28.4,16.1,8.5,36.8,48.6,53.0,12.9,53.7,10.7,47.5,
Flinders University,Australia,AU,Oceania,L,FC,VH,4.0,Public,387.0,387.0,380.0,,336.0,39.0,19.6,9.7,11.3,64.3,97.9,97.3,77.3,15.5,81.6,-7.0
Beihang University (former BUAA),China (Mainland),CN,Asia,L,CO,VH,2.0,Public,388.0,388.0,,,452.0,38.5,18.3,23.5,57.8,91.6,9.5,8.3,50.1,20.9,36.7,
"Birkbeck College, University of London",United Kingdom,,Europe,M,CO,VH,,Public,388.0,388.0,,,408.0,38.5,15.5,5.9,19.1,79.6,98.9,98.7,60.1,17.7,45.6,
National and Kapodistrian University of Athens,Greece,GR,Europe,XL,FC,VH,5.0,Public,390.0,390.0,,,393.0,38.4,34.9,38.9,3.0,45.1,12.7,27.2,79.7,88.9,64.3,
Abu Dhabi University,United Arab Emirates,AE,Asia,S,FO,VH,2.0,Private for Profit,391.0,391.0,,,501.0,38.3,24.6,49.8,23.9,35.9,100.0,99.9,34.5,10.1,49.6,
Sejong University,Republic of Korea,,Asia,L,CO,VH,,Private not for Profit,392.0,392.0,,,396.0,38.2,16.3,19.4,16.3,92.2,32.4,50.7,77.8,1.8,61.3,
"Southeast University, China",China (Mainland),,Asia,XL,FC,VH,,Public,392.0,392.0,,,428.0,38.2,21.1,20.8,24.5,93.6,31.6,6.1,76.9,9.6,45.0,
Universitat Politècnica de Catalunya,Spain,,Europe,L,CO,VH,,Public,392.0,392.0,,,371.0,38.2,40.8,32.8,42.5,27.0,16.7,31.0,84.0,35.7,77.0,
Aston University,United Kingdom,UK,Europe,L,CO,VH,4.0,Public,395.0,395.0,,,423.0,38.1,18.1,27.1,12.0,56.7,97.9,63.4,81.8,28.3,67.6,
Ruhr-Universität Bochum,Germany,DE,Europe,XL,FC,VH,4.0,Public,395.0,395.0,,,396.0,38.1,29.1,11.8,3.9,65.8,59.3,55.6,90.0,21.4,72.5,
Lappeenranta-Lahti University of Technology LUT,Finland,FI,Europe,M,SP,VH,4.0,Public,397.0,397.0,,,336.0,37.7,8.7,15.7,11.9,95.9,70.1,58.1,54.4,10.4,72.2,
University of Kent,United Kingdom,UK,Europe,L,CO,VH,4.0,Public,397.0,397.0,,,380.0,37.7,20.2,13.8,16.2,58.3,96.4,49.2,88.0,44.0,65.5,
HSE University,Russia,RU,,XL,FO,VH,3.0,A,399.0,,399.0,,,28.0,27.3,31.9,90.7,1.9,6.3,16.1,71.1,13.4,5.1,
IPB University (aka Bogor Agricultural University),Indonesia,,Asia,L,FO,VH,,Public,399.0,399.0,,,426.0,37.6,35.1,56.0,82.9,3.0,73.7,6.0,26.2,45.3,63.2,
Western Sydney University,Australia,AU,Oceania,XL,FC,VH,3.0,Public,400.0,400.0,,,384.0,37.5,26.3,22.5,7.4,44.5,100.0,67.7,87.3,11.8,82.6,
Umeå University,Sweden,,Europe,L,FC,VH,,Public,401.0,401.0,,,456.0,37.4,27.2,20.2,80.7,25.0,77.2,37.5,76.9,11.9,77.1,
University of Granada,Spain,ES,Europe,XL,FC,VH,5.0,Public,401.0,401.0,403.0,,431.0,37.4,59.3,24.3,11.2,26.3,9.9,31.7,96.4,13.1,58.4,2.0
University of Limerick,Ireland,IE,Europe,L,FC,HI,4.0,Public,401.0,401.0,426.0,,421.0,37.4,27.9,36.6,23.6,34.5,93.2,48.4,71.6,14.7,75.9,25.0
Sabanci University,Turkey,TR,Asia,S,CO,VH,3.0,Private not for Profit,404.0,404.0,,,516.0,37.2,26.5,62.6,40.0,39.2,51.2,28.0,35.5,12.8,50.1,
University of Florence,Italy,IT,Europe,XL,FC,VH,5.0,Public,404.0,404.0,,460.0,375.0,37.2,45.1,16.9,7.0,49.7,11.2,20.8,86.1,36.9,72.9,
Institut National des Sciences Appliquées de Lyon (INSA),France,FR,Europe,M,FO,VH,4.0,Public,406.0,406.0,,,405.0,37.1,9.4,38.0,42.7,69.0,34.4,77.5,58.7,17.8,39.1,
Lincoln University,New Zealand,NZ,Oceania,S,SP,VH,3.0,Public,407.0,407.0,,368.0,371.0,37.0,13.3,10.7,32.4,62.6,100.0,99.6,25.4,45.1,62.0,
University of Turin,Italy,IT,Europe,XL,FC,VH,5.0,Public,408.0,408.0,,,371.0,36.9,48.1,14.3,5.1,42.5,5.2,10.1,90.0,61.4,78.7,
Università Cattolica del Sacro Cuore,Italy,IT,Europe,L,FO,VH,5.0,Private not for Profit,409.0,409.0,,,442.0,36.8,33.1,43.1,28.7,40.3,17.1,13.9,72.4,42.7,62.0,
Auckland University of Technology,New Zealand,,Oceania,L,CO,VH,,Public,410.0,410.0,,,412.0,36.7,29.6,22.5,13.7,33.2,100.0,100.0,50.4,23.4,74.0,
Dublin City University,Ireland,IE,Europe,L,FC,HI,3.0,Public,410.0,410.0,,,421.0,36.7,29.2,37.5,27.8,22.0,80.8,43.2,78.0,40.2,79.7,
Sunway University,Malaysia,MY,Asia,M,CO,VH,2.0,Private not for Profit,410.0,410.0,,,539.0,36.7,20.9,53.3,56.9,25.2,57.1,66.9,61.4,5.1,61.2,
University at Buffalo SUNY,United States,US,Americas,L,FC,VH,5.0,Public,410.0,410.0,,,466.0,36.7,26.3,19.1,10.7,53.0,51.5,52.5,74.1,43.7,82.7,
University of Southern Queensland,Australia,AU,Oceania,M,CO,VH,3.0,Public,410.0,410.0,,,396.0,36.7,11.0,8.2,7.9,90.1,78.5,48.7,82.2,11.0,65.5,
Bilkent University,Turkey,TR,Asia,M,CO,VH,3.0,Private not for Profit,415.0,415.0,,,477.0,36.6,33.8,73.3,14.5,27.7,61.6,7.6,40.5,27.0,51.7,
Czech Technical University In Prague,Czech Republic,CZ,Europe,L,SP,VH,5.0,Public,416.0,416.0,,,420.0,36.5,26.8,51.3,89.4,6.2,28.7,56.0,69.4,23.1,53.6,
Julius-Maximilians-Universität Würzburg,Germany,DE,Europe,L,FC,VH,5.0,Public,416.0,416.0,440.0,,428.0,36.5,21.4,9.9,8.9,87.0,60.1,19.7,78.3,17.0,50.2,24.0
Universität Mannheim,Germany,DE,Europe,M,FO,VH,5.0,Public,416.0,416.0,,,487.0,36.5,20.3,76.3,4.6,42.4,55.7,41.2,25.7,45.0,51.3,
University of Aveiro,Portugal,PT,Europe,L,CO,VH,4.0,Public,419.0,419.0,344.0,,359.0,36.4,18.6,15.5,13.1,94.7,5.2,24.8,85.5,3.3,64.7,-75.0
National Taipei University of Technology,Taiwan,TW,Asia,M,FO,VH,3.0,Public,420.0,420.0,,,425.0,36.3,18.2,57.6,28.6,58.8,25.6,31.7,25.6,29.2,58.9,
Université de Strasbourg,France,FR,Europe,XL,FC,VH,5.0,Public,420.0,420.0,,,456.0,36.3,50.1,16.3,7.3,31.5,41.7,45.4,90.7,29.8,47.3,
Universitat Politecnica de Valencia,Spain,,Europe,XL,CO,VH,,Public,422.0,422.0,,,436.0,36.2,38.0,27.6,35.3,31.2,7.7,41.5,85.8,22.4,79.5,
Murdoch University,Australia,AU,Oceania,M,CO,VH,3.0,Public,423.0,423.0,,,436.0,36.1,13.0,8.7,7.4,73.9,89.6,82.5,75.1,24.9,53.4,
Tampere University,Finland,FI,Europe,L,FC,VH,1.0,Public,423.0,423.0,,415.0,462.0,36.1,29.2,24.7,24.8,47.7,61.6,13.9,84.0,42.1,49.2,
Università degli Studi di Pavia,Italy,IT,Europe,L,FC,VH,5.0,Public,423.0,423.0,,,440.0,36.1,29.4,12.9,13.5,72.3,8.4,24.6,80.4,20.4,74.9,
Washington State University,United States,US,Americas,L,FC,VH,5.0,Public,423.0,423.0,,,466.0,36.1,28.7,39.9,23.1,42.7,50.7,9.2,77.9,15.5,78.5,
Graz University of Technology,Austria,AT,Europe,M,FO,VH,5.0,Public,427.0,427.0,,,413.0,36.0,21.9,22.1,99.2,18.8,86.6,71.3,52.3,15.2,42.6,
Aix-Marseille University,France,FR,Europe,XL,FC,VH,5.0,Public,428.0,428.0,,,481.0,35.9,51.0,15.9,11.0,29.7,22.8,29.0,99.0,29.0,63.2,
University of Dundee,United Kingdom,UK,Europe,M,FC,VH,4.0,Public,428.0,428.0,,354.0,418.0,35.9,25.5,21.3,44.8,20.6,92.0,84.4,78.7,13.9,78.6,
Masaryk University,Czech Republic,CZ,Europe,XL,CO,VH,5.0,Public,430.0,430.0,,,408.0,35.7,32.3,37.3,13.1,18.8,34.5,76.8,79.8,58.8,77.0,
Universitat de Valencia,Spain,ES,Europe,XL,FC,VH,5.0,Public,430.0,430.0,485.0,,445.0,35.7,49.7,17.2,17.3,31.0,2.7,39.4,91.4,16.5,74.1,55.0
Université de Montpellier,France,FR,Europe,XL,FO,VH,5.0,Public,430.0,430.0,,,448.0,35.7,26.7,4.9,11.7,72.3,29.0,42.8,99.4,18.8,55.3,
East China Normal University,China (Mainland),CN,Asia,XL,CO,VH,4.0,Public,433.0,433.0,,,501.0,35.6,19.9,16.4,20.2,82.1,46.7,15.7,69.2,14.5,47.7,
Leibniz Universität Hannover,Germany,,Europe,L,FO,VH,,Public,433.0,433.0,,,426.0,35.6,29.6,37.2,19.9,33.7,54.7,33.3,80.5,20.3,78.7,
National Taiwan Normal University,Taiwan,TW,Asia,M,CO,VH,4.0,Public,435.0,435.0,,332.0,452.0,35.4,47.8,28.2,68.3,9.6,19.7,39.6,24.1,29.0,68.2,
Prince Mohammad Bin Fahd University,Saudi Arabia,SA,Asia,S,SP,VH,2.0,Private not for Profit,436.0,436.0,,,513.0,35.2,22.5,33.6,33.1,54.7,100.0,29.6,32.3,3.3,37.4,
Universitat Ramon Llull,Spain,ES,Europe,L,CO,HI,3.0,Private not for Profit,436.0,436.0,,,466.0,35.2,17.5,72.5,10.3,15.5,80.4,68.0,31.3,81.2,56.7,
IE University,Spain,ES,Europe,M,FO,HI,2.0,Private for Profit,438.0,438.0,428.0,,435.0,35.1,12.7,70.4,47.6,3.8,94.0,100.0,6.4,70.4,53.0,-10.0
National Sun Yat-sen University,Taiwan,TW,Asia,M,CO,VH,3.0,Public,439.0,439.0,,,485.0,35.0,36.8,32.1,35.6,38.0,35.5,16.5,46.4,14.7,67.0,
Ajman University,United Arab Emirates,AE,Asia,S,FO,VH,3.0,Private not for Profit,440.0,440.0,,,477.0,34.9,27.8,51.3,15.7,10.2,100.0,100.0,65.2,12.8,46.2,
James Cook University,Australia,AU,Oceania,M,FC,VH,4.0,Public,440.0,440.0,,,445.0,34.9,21.0,11.0,27.5,60.3,46.9,37.6,83.8,11.2,81.9,
Macau University of Science and Technology,"Macao SAR, China",,Asia,L,CO,VH,,Private not for Profit,440.0,440.0,,,464.0,34.9,7.4,10.9,4.8,79.5,100.0,100.0,23.9,36.8,52.0,
"National Research University Higher School of Economics (HSE, Moscow)",Russia,,Europe,XL,CO,VH,,Public,440.0,440.0,,,410.0,34.9,28.1,52.9,92.0,2.7,10.2,24.0,84.7,19.4,57.6,
"University of California, Riverside",United States,US,Americas,L,FC,VH,4.0,Public,440.0,440.0,,453.0,497.0,34.9,21.4,21.1,10.0,64.2,80.9,30.4,75.4,7.0,55.6,
Universität Konstanz,Germany,DE,Europe,M,CO,VH,4.0,Public,440.0,440.0,478.0,,466.0,34.9,25.5,18.7,50.3,33.4,91.5,26.8,63.7,23.0,69.9,38.0
Vilnius University,Lithuania,LT,Europe,L,FC,HI,5.0,Public,446.0,446.0,,,439.0,34.8,26.9,28.0,73.1,6.2,28.4,28.5,80.2,91.3,70.3,
Belarusian State University,Belarus,BY,Europe,L,CO,HI,5.0,Public,447.0,447.0,,,387.0,34.6,32.5,51.5,91.8,1.7,4.9,71.1,34.4,61.3,1.4,
Universität Bayreuth,Germany,,Europe,M,CO,VH,,Public,448.0,448.0,,,527.0,34.5,14.1,22.3,64.6,39.2,63.6,39.7,82.3,16.2,69.9,
Iowa State University,United States,US,Americas,L,CO,VH,5.0,Public,449.0,449.0,,,470.0,34.4,26.4,21.6,10.8,61.0,6.7,17.8,78.9,50.6,65.0,
Kazan Federal University,Russia,,Europe,L,FC,VH,,Public,450.0,450.0,,,401.0,34.3,27.2,19.5,98.1,3.8,14.0,97.7,86.7,19.6,55.3,
"Universidade Estadual Paulista ""Júlio de Mesquita Filho"" (UNESP)",Brazil,,Americas,XL,FC,VH,,Public,450.0,450.0,,,489.0,34.3,53.3,36.8,20.1,22.2,7.4,5.3,73.6,1.6,58.5,
Johannes Gutenberg Universität Mainz,Germany,DE,Europe,L,FO,VH,5.0,Public,452.0,452.0,464.0,,501.0,34.2,32.5,19.8,70.5,18.1,51.3,26.4,87.5,18.1,52.2,12.0
Shenzhen University,China (Mainland),CN,Asia,XL,CO,VH,3.0,Public,452.0,452.0,,,508.0,34.2,11.9,8.7,40.1,90.9,15.9,2.7,69.0,26.0,48.2,
Stony Brook University,United States,,Americas,L,FC,VH,,Public,452.0,452.0,,,460.0,34.2,24.2,17.8,43.6,32.4,47.4,53.4,73.7,31.9,82.5,
University of Cyprus,Cyprus,,Asia,M,CO,VH,,Public,452.0,452.0,,,389.0,34.2,14.6,10.8,10.3,62.3,94.3,42.2,69.8,54.6,52.9,
Amirkabir University of Technology,Iran (Islamic Republic of),,Asia,M,SP,VH,,Public,456.0,456.0,,,403.0,34.1,8.5,26.7,7.4,100.0,41.7,5.7,67.2,5.4,35.5,
University of Essex,United Kingdom,,Europe,L,CO,VH,,Public,456.0,456.0,,,472.0,34.1,23.7,9.9,17.1,35.1,99.9,99.2,77.0,24.7,54.5,
Colorado State University,United States,US,Americas,L,CO,VH,5.0,Public,458.0,458.0,409.0,,442.0,34.0,25.2,30.1,73.1,22.8,22.7,9.0,82.5,32.3,75.0,-49.0
Universidad Nacional de La Plata,Argentina,,Americas,XL,FC,HI,,Public,458.0,458.0,,,534.0,34.0,55.7,30.8,40.8,2.9,7.2,41.6,54.1,37.7,39.4,
"University of California, Santa Cruz",United States,US,Americas,L,CO,VH,4.0,Public,458.0,458.0,,,393.0,34.0,24.7,13.6,10.0,62.4,71.4,10.0,62.2,14.3,84.3,
"Essex, University of",United Kingdom,UK,,L,CO,VH,4.0,A,459.0,,459.0,,,25.1,16.4,5.1,13.0,25.6,99.8,99.0,40.1,13.4,9.6,
Jordan University of Science & Technology,Jordan,JO,Asia,L,CO,VH,3.0,Public,461.0,461.0,,,554.0,33.9,32.0,47.8,23.1,12.3,66.7,87.9,54.6,5.8,52.1,
Novosibirsk State University,Russia,RU,Europe,M,FO,VH,4.0,Public,461.0,461.0,,,442.0,33.9,28.8,31.1,93.6,13.0,9.1,70.6,55.7,13.3,43.8,
Royal Holloway University of London,United Kingdom,UK,Europe,L,CO,VH,5.0,Public,461.0,461.0,,,477.0,33.9,22.8,11.8,15.1,41.0,96.3,88.9,73.0,12.3,61.7,
Università Vita-Salute San Raffaele,Italy,IT,Europe,S,SP,VH,3.0,Private not for Profit,461.0,461.0,,,389.0,33.9,4.8,3.1,89.3,99.5,6.2,11.3,35.5,4.1,26.1,
Concordia University,Canada,CA,Americas,XL,CO,VH,3.0,Public,465.0,465.0,,,415.0,33.8,21.7,18.0,5.2,32.0,64.0,94.4,75.6,58.4,81.8,
Shanghai University,China (Mainland),CN,Asia,XL,FO,VH,3.0,Public,465.0,465.0,,,489.0,33.8,29.8,21.4,51.1,48.5,29.6,10.2,62.5,12.5,42.9,
University of Kansas,United States,US,Americas,L,FC,VH,5.0,Public,465.0,465.0,,,452.0,33.8,17.6,22.8,91.9,13.6,79.0,12.6,87.5,42.8,62.2,
Ben Gurion University of The Negev,Israel,IL,Asia,L,FC,VH,4.0,Public,469.0,469.0,,,471.0,33.7,19.5,26.9,15.0,58.7,71.2,23.8,63.4,24.5,48.8,
Laval University,Canada,,Americas,L,FC,VH,,Public,469.0,469.0,,,423.0,33.7,25.3,11.3,33.3,29.8,57.4,54.9,78.8,49.9,81.6,
Tashkent Institute of Irrigation and Agricultural Mechanization Engineers - National Research University (TIIAME-NRU),Uzbekistan,,Asia,M,CO,VH,,Public,469.0,469.0,,,547.0,33.7,35.6,46.0,87.1,4.2,44.3,16.7,18.6,24.8,46.9,
Universidad de Sevilla,Spain,ES,Europe,XL,FC,VH,5.0,Public,469.0,469.0,,,462.0,33.7,52.7,20.6,23.4,15.1,5.1,25.8,90.8,22.1,66.1,
Jilin University,China (Mainland),CN,Asia,XL,FC,VH,4.0,Public,473.0,473.0,,,497.0,33.5,16.2,47.3,35.8,53.9,15.6,2.2,65.3,33.0,48.5,
Johannes Kepler University Linz,Austria,AT,Europe,M,FO,VH,4.0,Public,473.0,473.0,,,472.0,33.5,17.5,14.9,80.0,25.2,89.9,57.5,56.6,15.3,61.0,
Pusan National University,Republic of Korea,,Asia,L,FC,VH,,Public,473.0,473.0,,,524.0,33.5,28.6,20.2,57.6,36.7,19.9,27.1,57.5,18.9,73.6,
Università della Svizzera Italiana,Switzerland,,Europe,S,FO,VH,,Public,473.0,473.0,,,405.0,33.5,9.3,9.4,70.3,43.4,100.0,100.0,42.7,2.2,48.2,
Moscow Institute of Physics and Technology State University,Russia,,Europe,M,FO,VH,,Public,477.0,477.0,,,456.0,33.4,20.3,34.1,95.3,18.1,38.6,54.8,47.1,38.0,21.9,
Universität Potsdam,Germany,DE,Europe,L,FO,VH,3.0,Public,477.0,477.0,460.0,,474.0,33.4,22.3,5.0,28.4,53.7,60.9,34.9,92.6,4.2,75.3,-17.0
Chung-Ang University,Republic of Korea,,Asia,L,FC,VH,,Private not for Profit,479.0,479.0,,,489.0,33.3,24.9,37.6,79.2,16.7,19.7,62.4,31.3,17.3,68.9,
Hiroshima University,Japan,JP,Asia,L,FC,VH,4.0,Public,480.0,480.0,472.0,338.0,474.0,33.2,34.6,17.1,79.8,17.2,19.2,22.7,70.3,12.4,73.2,-8.0
University of Science and Technology Beijing,China (Mainland),CN,Asia,L,CO,VH,3.0,Public,480.0,480.0,,,430.0,33.2,16.4,14.6,13.9,99.2,4.2,5.1,59.1,8.5,41.6,
Dalian University of Technology,China (Mainland),CN,Asia,XL,CO,VH,4.0,Public,482.0,482.0,,,448.0,33.0,11.4,11.0,23.4,95.7,15.4,5.3,59.8,21.8,46.8,
Duy Tan University,Viet Nam,,Asia,L,CO,VH,,Private for Profit,482.0,482.0,,,495.0,33.0,13.7,27.7,6.3,76.0,43.4,2.1,87.7,6.4,58.7,
Kobe University,Japan,JP,Asia,L,FC,VH,4.0,Public,482.0,482.0,,,465.0,33.0,36.9,39.0,45.0,19.4,11.2,10.7,53.3,27.0,73.3,
Aristotle University of Thessaloniki,Greece,GR,Europe,XL,FC,VH,4.0,Public,485.0,485.0,,,508.0,32.9,38.2,35.9,6.4,28.4,2.1,8.1,90.9,48.3,66.4,
University of Trento,Italy,IT,Europe,L,CO,VH,4.0,Public,485.0,485.0,,,506.0,32.9,34.8,18.6,32.9,40.0,32.3,11.3,85.6,7.1,51.8,
Edith Cowan University,Australia,AU,Oceania,L,CO,VH,3.0,Public,487.0,487.0,529.0,,516.0,32.8,13.7,13.1,6.0,60.4,96.4,82.4,63.8,7.4,51.0,42.0
Technische Universität Bergakademie Freiberg,Germany,DE,Europe,S,FO,VH,,,487.0,487.0,,,380.0,32.8,7.4,6.4,10.1,90.9,59.7,100.0,35.1,1.4,32.9,
Warsaw University of Technology,Poland,PL,Europe,L,FO,VH,5.0,Public,487.0,487.0,,,527.0,32.8,28.4,72.4,55.7,9.5,3.4,17.6,63.8,15.9,38.4,
Universidad de Santiago de Chile - USACH,Chile,CL,Americas,L,FC,HI,5.0,Public,490.0,490.0,,,461.0,32.7,50.4,59.9,11.4,7.8,10.6,3.8,53.9,17.5,53.7,
Central South University,China (Mainland),CN,Asia,XL,FO,VH,2.0,Public,491.0,491.0,,,431.0,32.6,12.1,10.2,7.3,100.0,9.0,7.0,73.8,23.2,42.7,
Imam Abdulrahman Bin Faisal University (formerly University of Dammam),Saudi Arabia,,Asia,L,FC,HI,,Public,491.0,491.0,,,513.0,32.6,16.9,31.4,94.9,5.6,99.2,34.8,73.9,2.9,55.3,
Universiti Utara Malaysia (UUM),Malaysia,MY,Asia,M,CO,VH,3.0,Public,491.0,491.0,,,554.0,32.6,31.2,39.2,48.0,12.7,25.6,86.9,42.4,16.4,49.5,
University of Canberra,Australia,AU,Oceania,M,CO,VH,3.0,Public,494.0,494.0,,,403.0,32.5,18.2,11.9,3.4,50.8,82.8,83.1,66.7,10.9,73.2,
Université de Bordeaux,France,,Europe,XL,FO,VH,,Public,494.0,494.0,,,535.0,32.5,43.2,10.0,13.5,28.1,31.7,35.2,93.5,25.3,56.5,
Iran University of Science and Technology,Iran (Islamic Republic of),,Asia,M,FO,VH,,Public,496.0,496.0,,,436.0,32.4,11.8,24.3,4.3,99.9,7.0,8.6,64.4,9.4,27.3,
Justus-Liebig-Universität Gießen,Germany,,Europe,L,FC,VH,,Public,496.0,496.0,,,445.0,32.4,15.4,9.6,2.7,85.6,19.3,28.9,80.7,17.0,53.4,
University of Jyväskylä,Finland,FI,Europe,M,FO,VH,4.0,Public,498.0,498.0,,,489.0,32.3,23.4,13.7,87.8,20.8,51.1,6.3,84.3,13.9,70.6,
Central Queensland University Australia (CQUniversity),Australia,,Oceania,S,CO,VH,,Public,499.0,499.0,,,495.0,32.2,13.6,8.5,42.2,39.7,97.6,99.9,47.5,5.0,64.2,
Northwestern Polytechnical University,China (Mainland),CN,Asia,XL,CO,VH,4.0,Public,499.0,499.0,,,547.0,32.2,9.5,9.9,52.3,82.6,25.5,10.1,57.6,11.5,39.0,
Tomsk State University,Russia,RU,Europe,M,CO,VH,5.0,Public,499.0,499.0,418.0,,431.0,32.2,25.3,20.0,99.3,7.0,28.0,94.7,66.4,7.1,30.6,-81.0
Universidad de Costa Rica,Costa Rica,CR,Americas,XL,CO,HI,4.0,Public,499.0,499.0,544.0,,497.0,32.2,46.4,31.6,44.4,2.5,3.0,3.4,46.1,86.1,53.7,45.0
Shoolini University of Biotechnology and Management Sciences,India,IN,Asia,S,CO,VH,2.0,Private not for Profit,503.0,503.0,,,587.0,32.1,16.2,22.5,12.1,82.6,29.0,2.2,54.1,1.8,57.3,
China Agricultural University,China (Mainland),CN,Asia,L,FC,VH,3.0,Public,504.0,504.0,,,484.0,32.0,12.3,10.3,19.2,98.7,4.8,2.3,62.1,9.6,44.4,
Chongqing University,China (Mainland),CN,Asia,XL,SP,VH,4.0,Public,504.0,504.0,,,489.0,32.0,11.9,9.8,18.2,93.8,28.1,3.9,58.1,19.1,40.0,
Ewha Womans University,Republic of Korea,,Asia,L,FC,HI,,Private not for Profit,504.0,504.0,,,511.0,32.0,33.5,26.6,75.1,13.6,9.6,37.5,32.9,28.4,67.1,
Hunan University,China (Mainland),CN,Asia,XL,FO,VH,4.0,Public,504.0,504.0,,,448.0,32.0,10.9,11.8,20.8,94.7,5.9,2.8,57.7,32.5,40.6,
University of Guelph,Canada,CA,Americas,L,CO,VH,4.0,Public,504.0,504.0,,,456.0,32.0,19.9,19.2,7.9,55.2,49.6,24.0,74.8,18.2,80.7,
INTI International University,Malaysia,MY,Asia,S,CO,VH,2.0,Private for Profit,509.0,509.0,,,516.0,31.9,14.3,37.8,95.1,3.0,100.0,99.7,19.2,5.2,33.2,
Institut Teknologi Sepuluh Nopember (ITS),Indonesia,,Asia,L,CO,VH,,Public,509.0,509.0,,,585.0,31.9,27.4,60.2,62.1,2.7,69.6,11.9,27.6,17.0,52.5,
Ateneo de Manila University,Philippines,PH,Asia,L,FC,MD,5.0,Private not for Profit,511.0,511.0,,,516.0,31.6,32.2,70.0,33.1,3.0,3.6,4.3,24.3,80.4,60.5,
SOAS University of London,United Kingdom,UK,Europe,M,FO,VH,5.0,Public,511.0,511.0,,,508.0,31.6,24.7,19.0,18.4,23.7,100.0,99.2,17.8,35.2,65.0,
Singapore Management University,Singapore,SG,Asia,M,SP,VH,2.0,Public,511.0,511.0,,,585.0,31.6,19.4,27.4,14.2,30.9,100.0,83.2,23.0,38.1,58.9,
University of Bradford,United Kingdom,UK,Europe,M,CO,VH,4.0,Public,511.0,511.0,,,531.0,31.6,14.0,11.2,9.3,40.3,75.0,99.2,70.5,41.5,70.4,
Lebanese University,Lebanon,LB,Asia,XL,FC,HI,4.0,Public,515.0,515.0,,,567.0,31.5,32.9,55.3,16.0,3.4,52.2,47.2,59.9,38.9,45.2,
Universitas Padjadjaran (UNPAD),Indonesia,,Asia,XL,FO,VH,,Public,515.0,515.0,,,596.0,31.5,29.9,51.7,55.9,2.2,54.3,4.4,31.8,45.4,59.7,
Pontificia Universidad Católica Argentina Santa María de los Buenos Aires - UCA,Argentina,,Americas,L,FC,MD,,Private not for Profit,517.0,517.0,,,481.0,31.4,30.2,39.9,100.0,1.2,3.0,14.8,10.5,89.8,26.7,
University of Stirling,United Kingdom,UK,Europe,M,CO,VH,4.0,Public,517.0,517.0,,,452.0,31.4,16.8,13.1,14.6,38.3,79.5,81.3,62.7,22.4,81.2,
Kyungpook National University,Republic of Korea,,Asia,L,FC,VH,,Public,519.0,519.0,,,516.0,31.3,18.0,20.3,78.5,29.6,18.7,44.6,55.8,15.5,68.3,
Universidad Austral - Argentina,Argentina,,Americas,M,FC,MD,,Private not for Profit,519.0,519.0,,,524.0,31.3,29.8,48.9,89.6,2.5,2.9,16.7,13.4,69.9,29.2,
University of Electronic Science and Technology of China,China (Mainland),CN,Asia,XL,FO,VH,4.0,Public,519.0,519.0,,,451.0,31.3,5.8,16.3,11.3,99.9,4.2,4.4,83.2,11.5,37.6,
Ural Federal University,Russia,,Europe,XL,CO,VH,,Public,519.0,519.0,,,516.0,31.3,25.8,24.7,98.2,3.5,8.7,49.3,91.0,5.6,54.4,
University of Huddersfield,United Kingdom,UK,Europe,L,CO,VH,3.0,Public,524.0,524.0,,,501.0,31.2,17.9,19.0,9.1,36.3,79.7,91.6,74.6,2.2,69.1,
The University of Georgia,United States,US,Americas,XL,FC,VH,5.0,Public,525.0,525.0,,,587.0,31.1,27.9,36.7,14.0,33.0,11.1,8.8,85.0,35.8,65.9,
Universiti Teknologi Brunei,Brunei,BN,,S,FO,VH,3.0,A,525.0,,525.0,,,22.4,13.7,3.9,90.3,8.6,100.0,5.5,1.0,34.2,1.0,
Boston College,United States,US,Americas,L,CO,VH,5.0,Private not for Profit,526.0,526.0,,,,30.9,29.9,30.2,28.0,26.8,9.8,28.5,47.7,64.8,56.0,
Chiang Mai University,Thailand,TH,Asia,XL,FC,HI,4.0,Public,526.0,526.0,,,567.0,30.9,48.8,30.4,22.0,8.8,5.5,8.7,65.8,28.7,67.6,
University of Hull,United Kingdom,UK,Europe,L,FC,HI,4.0,Public,526.0,526.0,,,516.0,30.9,13.2,14.3,15.9,36.9,68.3,95.6,70.3,29.5,75.4,
University of Salamanca,Spain,ES,Europe,L,FC,VH,5.0,Public,526.0,526.0,,,539.0,30.9,36.9,23.5,36.8,11.8,10.2,25.9,86.3,33.4,70.8,
The Education University of Hong Kong,"Hong Kong SAR, China",,Asia,M,FO,VH,,,530.0,530.0,,,,30.8,9.4,7.8,71.7,39.7,99.8,68.6,43.4,9.4,35.3,
University of Genoa,Italy,IT,Europe,L,FC,VH,5.0,Public,530.0,530.0,,,547.0,30.8,28.0,10.6,19.8,52.6,9.2,17.5,83.1,16.6,62.3,
University of Iowa,United States,US,Americas,L,FC,VH,5.0,Public,530.0,530.0,,,596.0,30.8,25.5,16.2,50.1,27.4,40.4,8.5,68.7,47.1,61.0,
Universität Bremen,Germany,DE,Europe,L,CO,VH,4.0,Public,530.0,530.0,,,592.0,30.8,25.7,14.2,15.2,39.5,61.4,41.9,86.9,7.6,54.9,
University of Connecticut,United States,US,Americas,L,FC,VH,5.0,Public,534.0,534.0,,,565.0,30.7,20.8,14.6,28.1,33.5,54.6,34.9,85.1,40.1,63.4,
King Khalid University,Saudi Arabia,SA,Asia,L,FC,VH,3.0,Public,535.0,535.0,,,,30.6,25.8,17.6,64.6,7.0,100.0,35.9,84.4,2.7,45.7,
Lebanese American University,Lebanon,LB,Asia,M,FC,HI,4.0,Private not for Profit,535.0,535.0,,,,30.6,20.2,44.6,31.3,10.7,80.6,26.6,78.3,29.2,58.3,
Prince Sultan University,Saudi Arabia,,Asia,S,SP,VH,,Private not for Profit,535.0,535.0,,,,30.6,10.6,12.0,19.4,61.9,100.0,23.2,62.7,15.9,45.7,
University of Ljubljana,Slovenia,SI,Europe,XL,FC,VH,5.0,Public,535.0,535.0,,,596.0,30.6,29.7,18.9,45.6,11.0,7.1,18.1,85.7,98.1,54.2,
Jinan University (China),China (Mainland),CN,Asia,XL,FC,VH,4.0,Public,540.0,540.0,,,580.0,30.5,8.6,8.7,12.3,75.3,41.6,89.1,47.2,10.5,40.5,
University of Utah,United States,US,Americas,XL,FC,VH,5.0,Public,540.0,540.0,,,531.0,30.5,21.8,13.1,53.8,38.3,21.2,18.2,74.5,28.3,59.6,
Ain Shams University,Egypt,EG,Africa,XL,FC,VH,4.0,Public,542.0,542.0,,,592.0,30.3,35.6,38.8,17.1,3.5,29.5,13.7,80.8,69.6,56.7,
Universiti Teknologi MARA - UiTM,Malaysia,MY,Asia,XL,FC,VH,2.0,Public,542.0,542.0,555.0,,587.0,30.3,44.5,48.8,26.3,5.6,2.5,3.4,74.3,4.9,55.4,13.0
University of Milano-Bicocca,Italy,IT,Europe,L,FO,VH,3.0,Public,542.0,542.0,481.0,,513.0,30.3,28.6,19.2,5.2,56.0,7.3,8.3,80.8,15.0,53.6,-61.0
University of the Punjab,Pakistan,PK,Asia,XL,CO,VH,5.0,Public,542.0,542.0,,,570.0,30.3,22.5,57.6,5.7,24.4,4.0,1.7,71.8,89.4,44.3,
University of Hawaii at Mañoa,United States,,Americas,L,FC,VH,,Public,546.0,546.0,,,488.0,30.2,21.3,10.5,32.4,51.8,25.2,11.1,84.5,13.3,60.9,
University of Windsor,Canada,CA,Americas,L,CO,VH,5.0,Public,546.0,546.0,,,547.0,30.2,5.1,7.1,2.7,58.2,89.4,94.6,49.5,34.4,68.7,
Universität Ulm,Germany,,Europe,M,FO,VH,,Public,546.0,546.0,,,554.0,30.2,10.9,10.2,83.9,43.8,47.5,30.8,67.2,3.4,38.7,
Florida State University,United States,US,Americas,XL,FC,VH,5.0,Public,549.0,549.0,,,573.0,30.1,32.7,24.0,11.4,34.1,16.4,9.0,74.5,34.8,62.5,
Northumbria University at Newcastle,United Kingdom,UK,Europe,L,CO,VH,4.0,Public,550.0,550.0,,,535.0,30.0,16.6,19.1,18.2,30.6,64.5,63.6,81.5,20.0,77.8,
Thammasat University,Thailand,TH,Asia,XL,FC,HI,4.0,Public,551.0,551.0,,,596.0,29.9,36.7,38.3,27.2,3.9,15.9,2.2,45.7,90.6,60.7,
Universiti Tenaga Nasional (UNITEN),Malaysia,MY,Asia,S,SP,VH,3.0,Private for Profit,551.0,551.0,,,,29.9,9.5,19.9,76.6,34.1,34.7,70.5,55.7,5.3,48.7,
Hitotsubashi University,Japan,JP,Asia,M,SP,VH,4.0,Public,553.0,553.0,,,539.0,29.8,19.7,78.1,42.2,4.0,31.3,33.5,11.7,57.5,32.2,
University of Delaware,United States,US,Americas,L,CO,VH,5.0,Public,553.0,553.0,,,506.0,29.8,12.5,9.4,9.6,64.1,48.2,22.5,68.5,28.7,72.9,
Lahore University of Management Sciences (LUMS),Pakistan,PK,Asia,S,CO,VH,3.0,Private not for Profit,555.0,555.0,,,535.0,29.7,21.4,77.3,28.8,16.5,10.8,3.1,26.2,48.4,45.0,
Indian Institute of Technology Indore,India,,Asia,S,FO,VH,,Public,556.0,556.0,,,477.0,29.6,8.0,16.9,28.8,96.9,1.8,1.3,28.2,5.3,34.7,
University of Houston,United States,US,Americas,XL,CO,VH,4.0,Public,556.0,556.0,,,,29.6,18.7,24.9,8.1,30.2,48.0,43.9,74.1,67.3,57.1,
Al Ain University,United Arab Emirates,AE,Asia,S,FO,VH,2.0,Private not for Profit,558.0,558.0,,,552.0,29.5,25.6,20.8,20.8,17.0,100.0,100.0,37.1,7.3,42.9,
Coventry University,United Kingdom,UK,Europe,L,CO,VH,3.0,Public,558.0,558.0,,,526.0,29.5,16.0,18.5,21.8,14.8,85.1,99.5,84.3,18.4,71.2,
Sogang University,Republic of Korea,,Asia,M,CO,VH,,Private not for Profit,558.0,558.0,,,576.0,29.5,27.3,51.9,61.3,8.9,9.5,35.3,16.2,23.4,49.8,
University of Kwazulu-Natal,South Africa,ZA,Africa,XL,FC,VH,4.0,Public,558.0,558.0,,,587.0,29.5,17.9,14.4,6.9,44.5,29.1,2.1,95.9,79.4,63.0,
Ajou University,Republic of Korea,,Asia,M,FC,VH,,Private not for Profit,563.0,563.0,,,,29.4,19.8,22.1,70.2,34.3,13.3,58.0,18.1,5.3,53.3,
American University of the Middle East,Kuwait,KW,Asia,M,SP,HI,2.0,Private for Profit,563.0,563.0,,,,29.4,25.9,34.7,28.9,8.9,100.0,36.9,67.2,6.1,47.2,
University of Debrecen,Hungary,HU,Europe,L,FC,HI,5.0,Public,563.0,563.0,,,574.0,29.4,27.3,21.5,45.9,7.4,14.4,76.5,74.9,25.9,70.4,
Bangor University,United Kingdom,UK,Europe,M,FC,VH,5.0,Public,566.0,566.0,,,474.0,29.3,12.8,10.5,18.9,44.4,38.1,77.4,74.7,16.9,78.0,
Indian Institute of Technology BHU Varanasi (IIT BHU Varanasi),India,,Asia,M,FO,VH,,Public,566.0,566.0,,,531.0,29.3,9.3,19.4,5.2,98.0,2.5,1.2,30.5,10.3,48.3,
Renmin (People’s) University of China,China (Mainland),CN,Asia,L,FO,VH,4.0,Public,566.0,566.0,,,,29.3,29.7,50.0,21.3,16.6,8.9,9.1,26.0,83.6,44.5,
Savitribai Phule Pune University,India,IN,Asia,M,CO,VH,4.0,Public,566.0,566.0,,,,29.3,11.1,20.3,47.1,63.8,1.2,3.3,54.7,30.4,43.0,
University of Minho,Portugal,PT,Europe,L,FC,VH,4.0,Public,566.0,566.0,,,,29.3,22.2,17.1,28.3,38.6,21.3,26.0,83.6,15.7,67.7,
Colorado School of Mines,United States,US,Americas,M,FO,VH,5.0,Public,571.0,571.0,,,501.0,29.2,11.3,22.5,18.8,69.9,28.7,11.2,30.9,29.4,54.7,
Hacettepe University,Turkey,TR,Asia,L,FC,VH,4.0,Public,571.0,571.0,,,,29.2,33.0,50.5,18.5,11.8,3.9,6.1,73.5,30.8,58.3,
Isfahan University of Technology,Iran (Islamic Republic of),,Asia,M,FO,VH,,,571.0,571.0,,,489.0,29.2,7.8,22.6,6.4,97.7,2.2,3.9,45.7,9.6,28.0,
Pontificia Universidade Católica do Rio de Janeiro (PUC - Rio),Brazil,,Americas,M,CO,VH,,Private not for Profit,571.0,571.0,,,,29.2,42.5,23.5,17.2,14.6,16.1,2.6,46.1,73.4,51.3,
Brno University of Technology,Czech Republic,CZ,Europe,L,FO,VH,5.0,Public,575.0,575.0,,,,29.1,17.7,36.4,37.0,13.7,26.7,77.3,80.7,15.7,61.3,
Chandigarh University,India,IN,Asia,XL,FC,HI,2.0,Private not for Profit,575.0,575.0,,,,29.1,22.4,70.0,34.2,2.8,44.5,25.1,66.3,1.7,44.0,
Universidad Adolfo Ibáñez,Chile,CL,Americas,M,SP,VH,3.0,Private not for Profit,578.0,578.0,,,576.0,29.0,28.7,63.3,7.6,9.1,46.4,8.0,34.4,60.7,40.0,
Universiti Teknologi Brunei,Brunei Darussalam,,Asia,S,FO,VH,,Public,578.0,578.0,,,562.0,29.0,20.2,13.1,86.5,22.7,100.0,7.7,20.7,16.6,34.7,
University of Tabriz,Iran (Islamic Republic of),,Asia,L,CO,VH,,Public,578.0,578.0,,,552.0,29.0,9.7,11.2,2.9,91.7,1.7,25.4,76.9,5.1,29.6,
Universidad Pontificia Comillas,Spain,ES,Europe,M,FO,VH,3.0,Private not for Profit,581.0,581.0,,,544.0,28.9,12.3,76.7,48.4,4.1,25.4,11.2,10.4,87.1,49.2,
Florida International University,United States,US,Americas,XL,FC,HI,4.0,Public,582.0,582.0,,,574.0,28.8,22.7,38.3,18.3,17.5,27.7,22.6,84.7,28.0,79.0,
University of Iceland,Iceland,IS,Europe,M,CO,VH,5.0,,582.0,582.0,,,547.0,28.8,9.6,2.0,99.6,18.0,32.4,18.1,75.5,89.3,49.4,
Charles Darwin University,Australia,AU,Oceania,M,FO,VH,2.0,Public,584.0,584.0,,,,28.7,7.8,7.3,6.4,65.1,41.8,88.9,49.7,4.8,70.7,
Eotvos Lorand University,Hungary,,Europe,XL,CO,VH,,Public,584.0,584.0,,,564.0,28.7,31.6,29.7,16.6,9.3,5.7,26.1,79.8,69.2,68.1,
University of Dhaka,Bangladesh,BD,Asia,XL,FC,HI,5.0,Public,584.0,584.0,,,554.0,28.7,30.5,51.3,10.5,6.9,2.2,1.4,57.8,97.0,54.2,
American University,United States,US,Americas,M,CO,VH,5.0,Private not for Profit,587.0,587.0,,,,28.6,19.8,50.2,45.1,7.6,16.7,27.0,34.6,51.6,74.6,
National Central University,Taiwan,TW,Asia,M,CO,VH,4.0,Public,587.0,587.0,,,,28.6,28.9,38.7,26.4,25.6,18.5,18.4,33.9,18.7,60.6,
Université Claude Bernard Lyon 1,France,FR,Europe,XL,FC,VH,5.0,Public,587.0,587.0,,,562.0,28.6,26.1,5.9,9.6,53.0,10.1,20.5,91.7,16.0,51.0,
Université Paul Sabatier Toulouse III,France,FR,Europe,L,FO,VH,5.0,Public,587.0,587.0,,,580.0,28.6,24.6,4.4,45.5,36.4,6.9,33.2,98.1,9.3,50.4,
American University of Ras Al Khaimah ( AURAK ),United Arab Emirates,,Asia,S,SP,MD,,Public,591.0,591.0,,,485.0,28.5,8.4,9.5,37.6,48.6,100.0,100.0,15.3,4.4,25.3,
Bond University,Australia,AU,Oceania,S,FO,VH,3.0,Private not for Profit,591.0,591.0,,,587.0,28.5,5.9,8.3,52.1,53.8,63.5,90.4,24.6,11.6,23.5,
Illinois Institute of Technology,United States,US,Americas,M,CO,VH,5.0,Private not for Profit,591.0,591.0,,,,28.5,16.9,23.3,15.8,47.5,18.7,99.7,27.3,22.5,32.5,
National Research Nuclear University MEPhI (Moscow Engineering Physics Institute),Russia,RU,Europe,M,FO,VH,2.0,Public,591.0,591.0,,,497.0,28.5,10.3,20.9,99.3,11.2,60.6,93.3,30.2,17.6,23.0,
Universidade Federal de Minas Gerais,Brazil,BR,Americas,XL,FC,VH,5.0,Public,595.0,595.0,,,,28.4,45.4,16.9,21.1,11.8,9.0,2.5,67.6,50.9,48.2,
Zayed University,United Arab Emirates,AE,Asia,M,SP,VH,3.0,Public,595.0,595.0,,,,28.4,19.8,31.7,34.7,21.8,100.0,2.8,48.5,29.3,41.1,
Asia Pacific University of Technology and Innovation (APU) Malaysia,Malaysia,,Asia,S,SP,HI,,Private for Profit,597.0,597.0,,,,28.3,17.3,23.7,74.2,2.9,95.6,100.0,14.1,5.3,39.0,
Hasselt University,Belgium,BE,Europe,M,FC,HI,4.0,Public,597.0,597.0,,,554.0,28.3,8.8,5.2,85.7,22.8,78.5,41.1,69.8,6.6,62.7,
Management and Science University - MSU Malaysia,Malaysia,,Asia,S,FO,VH,,Private for Profit,597.0,597.0,,,580.0,28.3,25.1,20.9,55.3,3.2,99.6,100.0,10.8,5.3,36.8,
Taipei Medical University,Taiwan,,Asia,M,SP,VH,,Private not for Profit,597.0,597.0,,,,28.3,16.9,14.7,94.2,32.3,20.0,22.0,24.7,11.9,48.1,
Tulane University,United States,US,Americas,L,FC,HI,5.0,Private not for Profit,597.0,597.0,,,,28.3,14.5,13.8,87.2,17.5,20.3,18.5,79.2,46.2,51.8,
University of Szeged,Hungary,HU,Europe,L,FC,HI,5.0,Private not for Profit,597.0,597.0,,,570.0,28.3,26.2,22.7,41.9,8.9,15.4,56.4,75.3,29.0,69.4,
University of Texas at Dallas,United States,,Americas,L,FC,VH,,Public,597.0,597.0,,,596.0,28.3,19.3,33.7,5.5,43.0,14.4,61.1,55.3,9.1,48.9,
Canadian University of Dubai,United Arab Emirates,,Asia,S,FO,HI,,Private for Profit,604.0,604.0,,,523.0,28.2,22.7,29.7,40.3,7.0,100.0,100.0,18.8,18.1,17.6,
National Chengchi University,Taiwan,TW,Asia,L,CO,HI,4.0,Public,604.0,604.0,,,,28.2,28.3,46.9,21.2,3.4,38.0,36.2,12.8,93.3,41.4,
University of Eastern Finland,Finland,FI,Europe,L,CO,VH,4.0,Public,604.0,604.0,,,535.0,28.2,18.9,10.3,45.0,35.3,39.2,12.0,84.0,5.6,71.2,
University of Siena,Italy,IT,Europe,M,FC,VH,5.0,Public,607.0,607.0,,,,28.0,21.4,7.8,15.3,60.2,4.6,19.7,61.2,12.3,63.4,
University of Tennessee,United States,,Americas,XL,FC,VH,,Public,607.0,607.0,,,481.0,28.0,14.3,11.7,12.9,69.3,6.9,4.6,68.6,25.2,54.8,
Nottingham Trent University,United Kingdom,UK,Europe,XL,CO,VH,3.0,Public,609.0,609.0,,,592.0,27.9,16.4,22.9,15.5,10.7,67.1,90.4,84.8,20.4,77.5,
Peter the Great St.Petersburg Polytechnic University,Russia,RU,Europe,L,CO,VH,5.0,Public,609.0,609.0,,,559.0,27.9,18.0,17.8,79.8,4.9,18.9,89.8,70.4,11.1,51.6,
Universiti Malaysia Pahang Al-Sultan Abdullah (UMPSA),Malaysia,,Asia,M,FO,VH,,Public,609.0,609.0,,,,27.9,17.2,9.9,23.6,57.9,32.1,19.0,61.6,5.2,51.4,
University of Ulster,United Kingdom,,Europe,L,CO,VH,,Public,609.0,609.0,,,559.0,27.9,12.6,19.8,11.4,19.0,100.0,90.1,71.5,10.1,75.6,
Applied Science University - Bahrain,Bahrain,BH,Asia,S,FO,VH,2.0,Private not for Profit,613.0,613.0,,,539.0,27.8,26.6,29.4,51.6,4.5,100.0,62.3,12.3,11.9,23.9,
City University of New York,United States,US,Americas,XL,FC,VH,4.0,Public,613.0,613.0,,,,27.8,25.3,59.4,14.3,6.4,8.4,8.3,92.9,31.3,55.4,
International Islamic University Malaysia (IIUM),Malaysia,MY,Asia,L,FC,HI,3.0,Public,613.0,613.0,,,,27.8,36.0,27.3,17.9,6.2,29.1,69.0,58.6,32.3,32.0,
Universidad de Concepción,Chile,CL,Americas,L,FC,HI,5.0,Private not for Profit,613.0,613.0,,,,27.8,36.8,34.0,20.2,12.3,14.5,2.6,64.1,16.9,69.5,
University of Plymouth,United Kingdom,UK,Europe,L,FC,HI,5.0,Public,613.0,613.0,,,,27.8,13.8,14.2,15.4,36.7,61.3,61.4,82.1,13.8,58.6,
Dongguk University,Republic of Korea,,Asia,L,FC,HI,,Private not for Profit,618.0,618.0,,,,27.7,12.8,18.0,76.3,29.9,22.9,52.3,36.2,6.7,56.5,
Saint Joseph University of Beirut (USJ),Lebanon,LB,Asia,M,FC,HI,5.0,Private not for Profit,618.0,618.0,,,,27.7,13.4,38.2,62.3,4.2,94.3,40.7,30.2,40.8,35.0,
Umm Al-Qura University,Saudi Arabia,SA,Asia,XL,FC,HI,4.0,Public,622.0,622.0,,,559.0,27.6,23.6,15.4,61.3,4.9,100.0,26.1,71.3,11.5,36.8,
University of New Brunswick,Canada,CA,Americas,M,CO,VH,5.0,Public,622.0,622.0,,,,27.6,7.1,17.9,22.2,41.1,67.5,65.1,51.1,24.7,62.7,
Diponegoro University,Indonesia,ID,Asia,XL,FC,HI,4.0,Public,624.0,624.0,,,,27.5,30.0,53.2,30.5,2.3,46.4,7.1,35.5,24.2,51.0,
Oregon State University,United States,US,Americas,L,CO,VH,5.0,Public,624.0,624.0,,,,27.5,19.7,11.9,20.4,44.4,17.3,11.9,80.3,28.8,64.1,
Universidad del Pais Vasco,Spain,,Europe,XL,CO,VH,,Public,624.0,624.0,,,,27.5,28.6,10.8,38.4,27.8,3.0,6.3,90.1,31.2,51.5,
Yeshiva University,United States,US,Americas,M,FC,MD,5.0,Private not for Profit,624.0,624.0,,,413.0,27.5,3.8,4.6,62.7,72.8,36.4,27.7,15.3,4.9,36.4,
Istanbul University,Turkey,TR,Asia,XL,FC,HI,5.0,Public,628.0,628.0,,,,27.4,33.3,43.0,4.5,5.1,7.0,20.6,70.5,78.8,37.5,
Kazakh National Pedagogical University Abai,Kazakhstan,,Asia,L,CO,MD,,Public,628.0,628.0,,,,27.4,31.7,34.9,71.2,1.3,55.4,13.5,9.0,16.6,35.6,
Missouri University of Science and Technology,United States,US,Americas,M,CO,VH,5.0,Public,628.0,628.0,480.0,,527.0,27.4,4.9,10.5,8.6,87.7,26.9,32.5,41.7,8.8,34.0,-148.0
National Chung Hsing University,Taiwan,TW,Asia,L,CO,VH,4.0,Public,628.0,628.0,,,,27.4,28.6,30.9,29.4,22.5,12.3,14.0,34.5,42.2,56.3,
Universidade de Santiago de Compostela,Spain,ES,Europe,L,CO,VH,5.0,Public,628.0,628.0,,,,27.4,33.9,16.0,17.5,27.6,3.0,11.8,77.3,20.0,62.4,
University of Crete,Greece,GR,Europe,L,FC,HI,4.0,Public,628.0,628.0,,,,27.4,19.3,17.8,3.9,69.6,2.7,7.2,61.9,4.5,40.6,
University of South Carolina,United States,US,Americas,L,FC,VH,5.0,Public,628.0,628.0,,,,27.4,17.7,21.9,13.5,37.1,54.6,5.9,68.0,28.0,68.9,
Tallinn University of Technology,Estonia,,Europe,M,FO,VH,,Public,635.0,635.0,,,,27.2,16.2,18.6,33.5,23.5,53.2,26.8,81.2,50.5,43.0,
University of Portsmouth,United Kingdom,UK,Europe,L,CO,VH,3.0,Public,635.0,635.0,,,,27.2,10.9,13.1,12.0,27.8,80.1,90.7,81.5,13.5,62.6,
Universität des Saarlandes,Germany,DE,Europe,L,FC,VH,4.0,Public,635.0,635.0,,,,27.2,14.0,10.1,96.3,12.1,6.3,62.3,70.4,41.8,31.9,
"Lincoln University College, Malaysia",Malaysia,,Asia,S,CO,HI,,Private for Profit,638.0,638.0,,,,27.1,11.1,26.0,95.6,1.8,100.0,100.0,5.2,5.3,12.5,
Southern Cross University,Australia,AU,Oceania,M,CO,VH,2.0,Public,638.0,638.0,,,576.0,27.1,6.0,4.3,3.9,55.5,92.7,62.6,61.1,6.2,65.9,
Universidad de Zaragoza,Spain,ES,Europe,L,FC,VH,5.0,Public,638.0,638.0,,,544.0,27.1,29.7,9.9,54.6,15.6,2.3,10.2,89.2,14.8,69.7,
"University of Chemistry and Technology, Prague",Czech Republic,CZ,Europe,S,FO,VH,4.0,Public,638.0,638.0,,358.0,570.0,27.1,8.2,12.2,99.5,19.2,33.7,85.4,32.0,9.4,43.4,
University of Fribourg,Switzerland,,Europe,M,CO,VH,,Public,642.0,642.0,,,539.0,27.0,13.6,5.5,14.1,27.3,99.9,52.5,60.4,49.6,66.8,
Abo Akademi University,Finland,FI,Europe,M,CO,VH,5.0,Public,643.0,643.0,,,,26.9,9.5,7.9,22.1,53.9,60.7,43.6,59.8,13.5,45.2,
Inha University,Republic of Korea,,Asia,L,FC,VH,,Private not for Profit,643.0,643.0,,,,26.9,17.5,19.9,74.7,23.8,17.7,25.7,28.1,17.1,64.7,
Libera Universita' di Bolzano,Italy,,Europe,S,FO,VH,,Public,643.0,643.0,,,,26.9,7.8,3.1,20.6,62.4,66.1,56.3,51.9,4.0,37.4,
Manchester Metropolitan University,United Kingdom,,Europe,XL,CO,VH,,Public,643.0,643.0,,,,26.9,18.8,16.4,11.4,16.8,63.1,61.4,89.0,19.2,78.0,
King Faisal University,Saudi Arabia,SA,Asia,L,FC,HI,3.0,Public,648.0,648.0,,,,26.8,25.3,29.8,24.5,6.3,99.4,11.0,66.0,14.9,54.3,
"University of Tromso, The Arctic University of Norway",Norway,,Europe,L,FC,VH,,Public,648.0,648.0,,,,26.8,15.5,7.9,82.5,12.0,75.9,12.9,80.8,9.3,51.4,
MGIMO University,Russia,RU,Europe,M,CO,HI,4.0,Public,650.0,650.0,,345.0,567.0,26.7,10.7,38.7,100.0,1.7,15.4,57.2,6.7,69.8,21.7,
Paris Lodron University of Salzburg,Austria,AT,Europe,M,CO,VH,5.0,Public,650.0,650.0,,,,26.7,13.3,4.8,38.7,11.6,98.4,98.1,59.1,23.7,62.2,
Universidad de la República (UdelaR),Uruguay,UY,Americas,XL,FC,HI,5.0,Public,650.0,650.0,,,,26.7,40.0,20.4,18.2,2.3,10.7,4.1,63.2,90.6,43.3,
University of Brescia,Italy,IT,Europe,M,FO,VH,3.0,Public,650.0,650.0,,,,26.7,7.3,4.1,8.7,85.0,2.0,8.5,58.8,11.6,63.9,
De La Salle University,Philippines,PH,Asia,L,CO,HI,4.0,Private not for Profit,654.0,654.0,,,,26.6,32.7,58.6,9.6,6.8,2.8,3.5,27.3,60.7,44.1,
Konkuk University,Republic of Korea,,Asia,L,FC,VH,,Private not for Profit,654.0,654.0,,,,26.6,11.6,12.8,61.3,34.1,16.2,43.9,52.5,14.7,61.8,
"University of Agriculture, Faisalabad",Pakistan,PK,Asia,XL,CO,VH,4.0,Public,654.0,654.0,,,,26.6,7.3,14.6,2.2,83.4,2.6,1.2,75.3,3.1,48.4,
University of South Florida,United States,US,Americas,XL,CO,VH,4.0,Public,654.0,654.0,,,,26.6,17.4,20.4,13.8,36.7,14.3,41.4,81.9,13.5,66.4,
Université de Lille,France,FR,Europe,XL,FC,VH,1.0,Public,654.0,654.0,,,,26.6,33.9,10.6,6.1,27.0,21.0,25.4,94.2,6.9,54.3,
Bar-Ilan University,Israel,IL,Asia,L,FC,VH,4.0,Public,660.0,660.0,,,,26.5,11.0,14.3,10.4,59.4,54.4,4.9,53.2,33.1,41.7,
Ca' Foscari University of Venice,Italy,IT,Europe,M,CO,VH,5.0,Public,660.0,660.0,,,,26.5,27.1,21.7,10.1,20.7,44.0,18.6,68.2,20.0,74.0,
"Kingston University, London",United Kingdom,UK,Europe,L,CO,HI,3.0,Public,660.0,660.0,,,,26.5,20.7,24.6,7.2,12.7,77.3,95.8,52.0,16.4,49.5,
Memorial University of Newfoundland,Canada,CA,Americas,L,FC,VH,4.0,Public,660.0,660.0,,,,26.5,10.7,10.5,15.7,43.7,30.7,78.5,73.6,17.4,53.3,
COMSATS University Islamabad,Pakistan,PK,Asia,XL,CO,VH,2.0,Public,664.0,664.0,,,,26.4,17.0,35.8,17.0,36.8,1.4,1.6,87.3,8.3,62.7,
Indian Institute of Technology Hyderabad (IITH),India,,Asia,S,CO,VH,,Public,664.0,664.0,,,,26.4,10.3,15.0,20.2,84.0,1.3,1.9,18.0,6.5,42.3,
University of Mumbai,India,IN,Asia,M,FC,VH,5.0,Public,664.0,664.0,,,,26.4,11.3,31.5,4.7,53.7,3.0,4.3,27.6,91.0,41.3,
University of Oklahoma,United States,US,Americas,L,FC,VH,5.0,Public,664.0,664.0,,,,26.4,14.3,18.6,19.8,41.5,27.8,9.8,72.3,35.2,60.5,
Birla Institute of Technology and Science,India,,Asia,L,CO,VH,,Private not for Profit,668.0,668.0,,,,26.3,18.0,32.6,12.4,39.3,2.9,4.0,41.8,55.0,58.8,
Chang Gung University,Taiwan,TW,Asia,M,FO,VH,3.0,Private not for Profit,668.0,668.0,,,,26.3,9.3,6.6,74.6,58.2,7.9,9.5,25.5,2.1,48.8,
Karl-Franzens-Universität Graz,Austria,,Europe,L,FO,VH,,Public,668.0,668.0,,,,26.3,26.8,13.1,18.9,13.6,53.4,38.6,70.3,44.0,52.7,
Lehigh University,United States,US,Americas,M,CO,VH,5.0,Private not for Profit,668.0,668.0,,,,26.3,7.2,12.4,30.5,37.1,68.9,40.0,44.9,45.4,61.5,
Palacký University in Olomouc,Czech Republic,,Europe,L,FO,VH,,Public,668.0,668.0,,,,26.3,21.5,19.8,36.5,14.7,40.1,28.5,85.8,9.0,67.5,
East China University of Science and Technology,China (Mainland),CN,Asia,XL,CO,VH,4.0,Public,673.0,673.0,,,,26.2,9.1,10.3,15.4,82.5,3.3,2.5,43.5,12.5,40.2,
Stevens Institute of Technology,United States,US,Americas,M,FO,VH,5.0,Private not for Profit,673.0,673.0,,,,26.2,4.0,10.0,8.4,60.9,54.1,98.7,21.7,13.5,46.7,
Technische Universität Dortmund,Germany,,Europe,L,FO,VH,,Public,673.0,673.0,,,,26.2,18.5,35.5,42.7,11.1,32.3,36.7,76.5,12.5,43.0,
Beirut Arab University,Lebanon,LB,Asia,S,FC,HI,4.0,Private not for Profit,676.0,676.0,,,,26.1,20.0,22.2,28.8,7.6,94.8,61.1,29.6,44.1,42.1,
American University in Dubai,United Arab Emirates,AE,Asia,S,FO,HI,3.0,Private for Profit,678.0,678.0,,,,26.0,14.4,38.3,26.2,3.8,100.0,100.0,4.3,45.6,25.4,
University of Haifa,Israel,IL,Asia,L,CO,VH,4.0,Public,678.0,678.0,,,,26.0,17.4,13.0,15.8,44.8,17.8,6.7,69.6,29.6,67.4,
HUFS - Hankuk (Korea) University of Foreign Studies,Republic of Korea,,Asia,L,CO,HI,,Private not for Profit,680.0,680.0,,,,25.9,17.6,25.5,85.2,2.5,40.1,70.5,14.1,3.6,51.5,
Nanjing University of Aeronautics and Astronautics,China (Mainland),CN,Asia,L,FO,VH,3.0,Public,680.0,680.0,,,,25.9,6.3,10.9,26.4,79.7,7.2,8.8,46.2,1.3,37.0,
Ritsumeikan University,Japan,JP,Asia,XL,CO,HI,5.0,Private not for Profit,680.0,680.0,,,,25.9,25.7,61.5,10.3,5.0,36.5,17.8,41.1,4.8,64.4,
University of Brawijaya,Indonesia,,Asia,XL,FC,HI,,Public,680.0,680.0,,,,25.9,30.1,55.3,20.4,1.9,35.9,2.7,27.3,29.1,53.3,
Comenius University Bratislava,Slovakia,SK,Europe,L,FC,HI,5.0,Public,684.0,684.0,,,,25.8,16.8,14.7,61.3,6.9,8.4,39.0,68.8,87.0,43.7,
Ton Duc Thang University,Viet Nam,,Asia,L,CO,VH,,Public,684.0,684.0,,,,25.8,6.1,13.3,8.6,74.8,7.7,2.0,88.1,6.8,43.9,
China University of Petroleum,China (Mainland),CN,Asia,L,CO,VH,3.0,Public,686.0,686.0,,,,25.7,3.1,6.8,10.7,94.5,7.2,5.2,26.4,26.2,35.3,
Cyprus University of Technology,Cyprus,,Asia,S,CO,VH,,Public,686.0,686.0,,,,25.7,8.1,4.9,49.3,39.8,68.1,42.0,46.6,11.3,49.6,
Baku State University,Azerbaijan,AZ,Asia,L,CO,HI,5.0,Public,688.0,688.0,,,,25.6,22.0,20.1,94.0,1.9,13.4,7.0,22.1,64.1,43.3,
Tomsk Polytechnic University,Russia,,Europe,M,FO,VH,,Public,688.0,688.0,,,576.0,25.6,9.4,15.4,96.0,7.0,14.8,88.8,60.4,2.0,47.7,
Université Côte d’Azur,France,FR,Europe,XL,FC,VH,1.0,Public,688.0,688.0,,,,25.6,21.6,8.2,9.1,27.7,36.5,51.0,83.3,13.6,69.2,
Eastern Mediterranean University,Northern Cyprus,,Asia,L,FC,HI,,Public,691.0,691.0,,,,25.4,9.2,4.5,5.6,31.3,77.1,100.0,51.3,53.6,45.4,
Universidade Federal do Rio Grande Do Sul,Brazil,BR,Americas,XL,FC,VH,5.0,Public,691.0,691.0,,,,25.4,36.8,9.2,20.0,15.7,3.8,2.4,80.5,32.3,63.9,
Universität Regensburg,Germany,DE,Europe,L,FO,VH,4.0,Public,691.0,691.0,,,,25.4,16.0,11.9,77.3,13.3,39.4,17.7,71.0,27.7,38.7,
"Vellore Institute of Technology (VIT), Vellore, India",India,,Asia,XL,CO,VH,,Private not for Profit,691.0,691.0,,,,25.4,20.5,26.0,11.6,34.3,5.0,5.3,81.2,15.8,65.2,
Rensselaer Polytechnic Institute,United States,US,Americas,M,CO,VH,5.0,Private not for Profit,695.0,695.0,,,,25.3,10.2,17.9,28.7,54.7,4.0,34.4,25.8,41.3,38.7,
Symbiosis International (Deemed University),India,,Asia,L,CO,VH,,Private not for Profit,696.0,696.0,,,,25.2,9.2,94.7,26.5,3.3,23.3,16.1,29.4,8.9,45.6,
Ankara Üniversitesi,Turkey,TR,Asia,XL,FC,HI,4.0,Public,697.0,697.0,,,,25.1,30.6,30.4,12.8,4.6,2.8,9.7,74.0,61.2,61.0,
Beijing University of Chemical Technology,China (Mainland),CN,Asia,L,CO,VH,4.0,Public,697.0,697.0,,,,25.1,6.1,7.2,28.6,81.5,3.2,2.5,36.6,2.8,40.5,
Kazakh National Agrarian University,Kazakhstan,,Asia,M,SP,MD,,Public,697.0,697.0,,,,25.1,22.8,27.7,92.6,1.4,26.2,39.2,7.7,4.3,38.7,
Tokyo Medical and Dental University,Japan,,Asia,S,FO,VH,,Public,697.0,697.0,,,,25.1,15.7,9.5,100.0,29.1,3.1,22.6,23.3,1.8,37.5,
Universidad de Alcalá,Spain,ES,Europe,L,FC,VH,3.0,Public,697.0,697.0,,,,25.1,13.8,10.2,72.5,10.8,11.8,50.9,79.4,11.8,72.1,
University of Klagenfurt,Austria,AT,Europe,S,CO,VH,4.0,Public,697.0,697.0,,,,25.1,7.2,5.8,57.4,16.4,98.2,94.8,43.9,13.6,36.3,
"University of Missouri, Columbia",United States,US,Americas,L,FC,VH,5.0,Public,697.0,697.0,,,,25.1,17.2,15.7,38.5,23.5,29.7,6.4,71.8,48.0,50.9,
Airlangga University,Indonesia,ID,,L,FC,HI,4.0,A,,,,,,31.5,34.0,72.5,52.4,1.4,44.6,6.3,1.4,14.4,30.5,
Albert-Ludwigs-Universitaet Freiburg,Germany,DE,,L,FC,VH,5.0,A,,,,189.0,,46.7,46.1,19.8,29.1,63.3,68.8,36.3,82.7,25.3,68.2,
American University of Sharjah,United Arab Emirates,AE,,S,CO,VH,3.0,B,,,,,,30.3,20.0,39.1,20.7,20.0,100.0,100.0,6.4,36.9,3.0,
Amirkabir University of Technology,"Iran, Islamic Republic of",IR,,M,FO,VH,4.0,A,,,,,,29.5,4.1,33.4,5.1,99.8,15.9,2.8,9.5,10.3,16.5,
Auckland University of Technology (AUT),New Zealand,NZ,,L,CO,VH,2.0,A,,,,,,27.4,19.3,11.7,10.3,18.5,100.0,99.3,12.0,19.3,71.5,
Boğaziçi University,Turkey,TR,,L,CO,HI,5.0,A,,,,,,22.7,23.0,58.4,4.0,14.3,11.1,2.6,4.9,52.7,6.2,
Canadian University Dubai,United Arab Emirates,AE,,S,FO,HI,2.0,C,,,,,,21.3,14.7,14.4,31.3,2.3,100.0,100.0,1.0,22.3,1.0,
Central Queensland University (CQUniversity Australia),Australia,AU,,S,CO,VH,3.0,A,,,,,,20.1,8.7,9.5,24.0,16.0,98.0,98.1,1.2,8.3,5.6,
Chung-Ang University (CAU),South Korea,KR,,L,FC,VH,4.0,B,,,,,,23.4,19.8,36.2,69.5,8.9,13.8,36.3,1.7,12.8,2.5,
"City, University of London",United Kingdom,UK,,L,CO,VH,5.0,A,,,,,,32.6,21.4,18.1,6.7,42.2,95.0,99.3,22.1,28.3,41.7,
Complutense University of Madrid,Spain,ES,,XL,FC,VH,4.0,A,,,,,,48.8,68.2,69.3,25.8,7.0,9.0,25.6,83.4,57.9,96.3,
Duy Tan University,Vietnam,VN,,L,CO,VH,3.0,C,,,,,,22.7,10.7,26.3,3.8,33.6,37.0,1.2,63.7,10.9,57.4,
Ecole des Ponts ParisTech,France,FR,,S,FO,VH,5.0,A,,,,,,46.7,8.3,57.9,98.2,80.7,34.6,96.8,5.6,30.0,19.2,
Ewha Womans University,South Korea,KR,,L,FC,HI,4.0,B,,,,346.0,,23.2,26.7,23.0,77.4,7.7,7.8,19.8,1.6,15.3,6.9,
Goethe-University Frankfurt am Main,Germany,DE,,XL,FC,VH,5.0,A,,,,,,34.5,44.4,29.1,21.4,21.3,41.3,25.6,82.1,11.5,46.6,
"Goldsmiths, University of London",United Kingdom,UK,Europe,M,FO,VH,5.0,Public,,,,,,20.0,18.3,7.5,20.8,17.0,89.1,97.8,22.7,25.2,43.0,
Gwangju Institute of Science and Technology (GIST),South Korea,KR,,S,FO,VH,3.0,A,,,,,,32.6,17.4,8.9,38.4,100.0,21.6,10.0,1.3,8.1,2.1,
HUFS - Hankuk (Korea) University of Foreign Studies,South Korea,KR,,L,CO,HI,3.0,B,,,,,,20.6,13.4,23.9,85.3,1.6,32.3,45.1,1.0,5.7,1.3,
Hanyang University,South Korea,KR,,L,FC,VH,4.0,B,,,,157.0,,49.7,49.0,81.3,83.5,23.3,16.9,54.3,15.6,24.8,77.7,
Hong Kong Baptist University,Hong Kong,HK,,M,CO,VH,3.0,A,,,,,,35.4,19.4,12.6,56.0,51.9,97.8,100.0,2.6,15.1,17.2,
IPB University (a.k.a. Bogor Agricultural University),Indonesia,ID,,L,CO,VH,4.0,A,,,,,,23.6,21.6,39.0,66.1,1.7,54.6,3.8,1.2,24.1,3.4,
ITMO University,Russia,RU,Europe,L,FO,VH,5.0,Public,,,,,595.0,21.7,12.7,17.4,92.6,11.0,27.2,44.5,60.1,3.9,26.6,
Imam Abdulrahman Bin Faisal University (IAU) (formerly UNIVERSITY OF DAMMAM),Saudi Arabia,SA,,L,FC,HI,3.0,A,,,,,,19.9,7.6,7.1,85.9,2.3,98.5,16.5,11.6,8.1,19.0,
Indian Institute of Technology (BHU) Varanasi,India,IN,,M,FO,VH,5.0,A,,,,,,20.7,4.4,3.6,3.9,88.7,1.4,1.1,1.5,8.2,4.0,
Indian Institute of Technology Indore (IIT Indore),India,IN,,S,FO,VH,2.0,A,,,,,,25.2,5.6,4.3,33.3,94.4,2.3,1.1,1.2,8.4,2.0,
Justus-Liebig-University Giessen,Germany,DE,,L,FC,VH,5.0,A,,,,,,28.1,13.6,6.1,1.7,85.7,12.1,18.9,63.8,9.5,11.1,
Kazan (Volga region) Federal University,Russia,RU,,L,FC,VH,5.0,A,,,,322.0,,28.1,22.7,7.6,93.7,2.8,10.5,96.1,61.7,11.2,24.4,
King Abdulaziz University (KAU),Saudi Arabia,SA,,XL,FC,VH,4.0,A,,,,,,52.0,54.5,61.6,52.5,37.5,97.5,23.1,84.4,17.3,43.5,
Koç University,Turkey,TR,,M,FC,HI,3.0,B,,,,,,26.2,22.4,47.3,24.0,28.6,27.3,11.2,6.4,11.0,29.9,
Kyung Hee University,South Korea,KR,,L,FC,VH,4.0,B,,,,,,32.5,28.0,41.6,84.8,14.0,14.2,54.0,16.7,12.1,33.5,
Kyungpook National University,South Korea,KR,,L,FC,VH,4.0,A,,,,,,22.6,11.1,18.0,64.5,17.2,9.8,20.1,7.7,43.1,54.6,
L.N. Gumilyov Eurasian National University (ENU),Kazakhstan,KZ,,L,FO,VH,3.0,A,,,,277.0,,30.9,29.5,51.7,96.8,1.4,59.3,5.7,1.1,10.9,9.6,
Leibniz University Hannover,Germany,DE,,L,CO,VH,5.0,A,,,,,,23.9,21.3,33.2,16.8,14.8,40.5,30.6,44.3,13.1,29.9,
Macau University of Science and Technology,Macau SAR,MO,,L,CO,VH,2.0,B,,,,,,23.0,4.2,4.2,4.5,47.8,100.0,100.0,2.4,20.9,1.1,
Manchester Metropolitan University (MMU),United Kingdom,UK,,XL,CO,VH,4.0,A,,,,,,20.1,12.0,13.4,8.5,9.8,44.4,40.5,66.6,14.6,69.3,
Moscow Institute of Physics and Technology (MIPT / Moscow Phystech),Russia,RU,,M,FO,VH,4.0,A,,,,,,27.0,19.8,19.9,96.0,16.0,31.4,53.1,5.4,15.7,1.2,
"Nanyang Technological University, Singapore (NTU)",Singapore,SG,,L,FC,VH,3.0,A,,,,19.0,,84.5,91.0,67.1,77.6,94.4,100.0,80.2,66.1,68.4,78.2,
National Research Tomsk Polytechnic University,Russia,RU,,M,FO,VH,5.0,A,,,,,,20.2,9.7,7.5,93.9,4.0,8.1,76.6,21.3,8.1,8.3,
Pohang University of Science And Technology (POSTECH),South Korea,KR,,S,FO,VH,3.0,B,,,,71.0,,60.4,51.6,75.9,99.9,98.3,33.8,2.6,1.3,13.4,16.9,
Politecnico di Bari,Italy,IT,Europe,M,SP,VH,3.0,Public,,,,,580.0,21.1,9.8,9.0,13.1,64.7,6.3,13.1,47.6,3.7,27.4,
Pontificia Universidad Católica Argentina,Argentina,AR,,L,FC,MD,4.0,B,,,,323.0,,22.7,20.4,32.3,99.9,1.1,1.9,8.8,1.0,19.8,1.0,
Pontificia Universidad Católica del Perú,Peru,PE,,L,FO,VH,5.0,B,,,,,,32.2,46.3,77.1,25.9,1.8,3.9,1.4,2.5,35.2,31.3,
Pontifícia Universidade Católica do Rio de Janeiro,Brazil,BR,,M,CO,VH,4.0,B,,,,,,19.9,33.4,24.5,9.3,7.7,12.4,1.6,2.4,28.6,32.7,
Queen Mary University of London,United Kingdom,UK,,L,FC,VH,5.0,A,,,,,,51.9,48.8,32.8,38.7,50.7,99.7,99.4,72.8,16.8,69.9,
Queensland University of Technology (QUT),Australia,AU,,XL,CO,VH,3.0,A,,,,,,46.8,40.9,37.6,7.4,64.9,96.0,26.4,68.8,16.8,90.6,
Radboud University,Netherlands,NL,,L,FC,VH,5.0,A,,,,232.0,,42.5,28.9,13.9,27.6,74.9,78.3,20.2,78.8,15.7,82.7,
Satbayev University,Kazakhstan,KZ,,M,FO,VH,4.0,A,,,,405.0,,23.9,23.3,36.0,84.3,1.2,40.5,4.2,1.0,10.5,1.3,
Sciences Po,France,FR,,L,SP,,5.0,A,,,,259.0,,33.2,17.7,27.6,88.0,3.2,54.9,97.1,1.4,76.3,54.6,
Sejong University,South Korea,KR,,L,CO,VH,3.0,B,,,,,,26.0,13.8,17.3,14.7,65.5,24.6,26.7,29.2,5.7,8.7,
Sogang University,South Korea,KR,,M,CO,VH,4.0,B,,,,,,22.9,21.5,49.1,55.7,5.5,7.2,24.3,1.0,16.5,1.4,
Southeast University,China (Mainland),CN,,XL,FC,VH,3.0,A,,,,,,25.2,12.8,7.4,23.9,73.1,15.1,3.5,21.1,8.8,16.9,
"Stony Brook University, State University of New York",United States,US,,L,FC,VH,4.0,A,,,,,,28.1,18.9,7.6,30.4,31.8,45.2,51.0,34.4,18.5,88.8,
Sungkyunkwan University(SKKU),South Korea,KR,,L,FC,VH,5.0,B,,,,99.0,,51.9,64.2,71.6,81.8,37.9,17.8,34.0,9.8,26.8,27.6,
Taipei Medical University (TMU),Taiwan,TW,,M,SP,,2.0,B,,,,,,20.5,10.3,15.4,91.1,17.9,15.1,15.6,1.3,9.9,9.0,
Technical University of Darmstadt,Germany,DE,,L,FO,VH,5.0,A,,,,,,39.7,21.0,37.5,6.2,79.0,62.6,74.6,32.5,33.5,19.9,
Technische Universität Berlin (TU Berlin),Germany,DE,,L,CO,VH,5.0,A,,,,158.0,,50.5,56.2,69.3,53.0,24.9,51.3,68.8,55.0,25.4,52.1,
Technische Universität Wien,Austria,AT,,M,FO,VH,5.0,A,,,,,,47.6,32.9,44.4,13.1,85.7,79.3,89.0,45.1,13.2,19.0,
Tecnológico de Monterrey,Mexico,MX,,XL,FC,HI,4.0,B,,,,170.0,,47.6,51.3,96.8,63.5,2.3,32.7,11.7,13.5,88.3,65.7,
The Australian National University,Australia,AU,,L,FC,VH,4.0,A,,,,30.0,,81.5,93.2,70.2,34.9,92.8,100.0,93.3,78.5,43.9,87.4,
The Chinese University of Hong Kong (CUHK),Hong Kong,HK,,L,FC,VH,4.0,A,,,,38.0,,76.2,88.4,46.3,60.0,92.3,100.0,77.1,32.7,78.6,61.3,
The Hong Kong Polytechnic University,Hong Kong,HK,,L,CO,VH,3.0,A,,,,,,68.7,68.1,30.2,68.0,88.8,100.0,87.4,42.0,49.2,92.8,
The Ohio State University,United States,US,,XL,FC,VH,5.0,A,,,,140.0,,51.3,59.4,55.8,53.8,30.8,49.7,16.5,85.0,35.2,78.4,
The University of Arizona,United States,US,,XL,FC,VH,5.0,A,,,,,,36.1,38.5,18.4,72.5,19.5,11.0,9.3,88.0,31.0,71.5,
The University of Hong Kong,Hong Kong,HK,,L,FC,VH,5.0,A,,,,21.0,,84.5,97.6,51.4,82.9,82.3,100.0,99.0,42.7,99.5,97.3,
The University of New South Wales (UNSW Sydney),Australia,AU,,XL,FC,VH,4.0,A,,,,45.0,,86.7,89.7,88.1,18.2,95.9,100.0,99.1,99.0,95.5,99.6,
"The University of Newcastle, Australia (UON)",Australia,AU,,M,FC,VH,4.0,A,,,,192.0,,48.7,29.3,26.9,36.5,91.4,100.0,17.3,49.2,12.5,93.2,
"The University of Tennessee, Knoxville",United States,US,,L,FC,VH,5.0,A,,,,,,25.7,10.3,15.4,10.8,72.5,4.2,2.5,45.2,11.9,30.7,
Tokyo Institute of Technology (Tokyo Tech),Japan,JP,,M,CO,VH,4.0,A,,,,55.0,,61.6,74.4,94.8,84.4,53.0,31.8,31.7,8.9,19.7,18.0,
UNESP,Brazil,BR,,XL,FC,VH,3.0,A,,,,,,26.8,39.3,34.6,15.0,16.2,6.2,2.8,34.5,5.7,53.7,
USI - Università della Svizzera italiana,Switzerland,CH,,S,FO,VH,3.0,A,,,,,,32.6,5.8,3.9,82.9,56.4,100.0,100.0,4.2,7.9,1.2,
Ulsan National Institute of Science and Technology (UNIST),South Korea,KR,,S,FO,VH,2.0,A,,,,,,37.7,15.0,11.9,84.1,98.6,41.5,10.9,1.2,8.4,1.8,
Ulster University,United Kingdom,UK,,L,CO,VH,4.0,A,,,,,,23.2,8.4,13.0,11.9,12.1,100.0,90.5,38.5,11.6,63.7,
Umea University,Sweden,SE,,L,FC,VH,4.0,A,,,,,,24.7,19.7,13.9,68.3,14.9,23.8,9.6,44.8,12.7,47.8,
Universidad Austral,Argentina,AR,,S,FO,VH,3.0,B,,,,432.0,,22.6,19.4,52.5,75.4,1.8,2.4,8.5,1.0,9.4,1.2,
Universidad Carlos III de Madrid (UC3M),Spain,ES,,L,FO,VH,3.0,A,,,,,,33.2,32.9,49.1,53.3,4.8,56.5,41.2,18.5,12.9,62.5,
Universidad Nacional de La Plata (UNLP),Argentina,AR,,XL,FC,HI,5.0,A,,,,,,21.8,38.7,31.0,23.8,2.1,3.6,29.9,9.1,8.6,5.1,
Universidad Politécnica de Madrid (UPM),Spain,ES,,XL,SP,,4.0,A,,,,,,31.3,31.2,49.3,14.9,11.4,3.2,30.7,59.9,37.3,83.5,
Universidad de Buenos Aires (UBA),Argentina,AR,,XL,FC,VH,5.0,A,,,,67.0,,61.0,93.3,98.0,73.5,1.7,62.6,66.7,28.1,26.2,18.8,
Universidad de Palermo (UP),Argentina,AR,,S,FO,MD,3.0,B,,,,,,22.1,9.3,17.8,90.5,1.1,40.4,96.6,1.0,9.6,1.0,
Universidade de São Paulo,Brazil,BR,,XL,FC,VH,4.0,A,,,,115.0,,62.8,92.4,82.9,19.2,29.9,6.0,2.3,90.9,89.7,96.1,
Universitat Autònoma de Barcelona,Spain,ES,,XL,FC,VH,4.0,A,,,,178.0,,51.7,63.2,39.0,10.6,70.6,18.0,17.4,84.2,13.7,94.6,
Universitat Politècnica de València,Spain,ES,,L,CO,VH,4.0,A,,,,,,24.3,26.2,12.0,47.0,19.6,4.3,23.9,56.8,8.1,28.1,
Universitat Pompeu Fabra (Barcelona),Spain,ES,,M,FO,VH,3.0,A,,,,,,33.8,30.9,22.8,13.1,55.6,77.9,26.6,38.4,15.3,13.2,
Universitat de Barcelona,Spain,ES,,XL,FC,VH,5.0,A,,,,184.0,,49.7,73.2,23.0,13.1,41.8,21.8,28.5,97.8,39.8,98.1,
Universite libre de Bruxelles,Belgium,BE,,L,FC,VH,5.0,A,,,,,,46.8,34.4,38.9,3.3,63.3,97.1,85.0,69.1,35.7,60.4,
Universiti Brunei Darussalam (UBD),Brunei,BN,,S,CO,VH,3.0,A,,,,,,28.3,21.0,5.5,96.3,8.2,100.0,65.1,2.3,27.4,4.0,
University Ulm,Germany,DE,,M,FO,VH,4.0,A,,,,,,21.7,7.6,3.9,78.3,33.7,41.1,21.1,14.5,7.2,3.2,
University of Bayreuth,Germany,DE,,M,CO,VH,3.0,A,,,,,,22.9,10.3,19.3,46.4,27.0,50.1,21.9,40.2,12.1,15.4,
University of Bordeaux,France,FR,,XL,FO,VH,5.0,A,,,,,,24.7,30.2,5.3,14.4,21.4,25.6,19.5,91.2,11.9,35.8,
University of Canterbury | Te Whare Wānanga o Waitaha,New Zealand,NZ,,L,CO,VH,4.0,A,,,,284.0,,38.7,33.8,33.1,10.9,32.8,99.8,35.3,21.9,62.6,97.1,
University of Central Florida,United States,US,Americas,XL,FC,VH,4.0,Public,,,,,,20.0,18.6,37.1,4.1,33.0,13.2,7.7,73.7,17.4,45.9,
University of Cologne,Germany,DE,,L,FO,VH,5.0,A,,,,,,37.5,36.9,38.5,19.3,31.2,40.5,30.9,80.9,37.0,57.4,
University of Illinois at Chicago (UIC),United States,US,,XL,FC,VH,5.0,A,,,,,,32.8,40.9,23.5,31.6,26.2,8.5,17.0,50.1,31.5,62.8,
University of Nebraska - Lincoln,United States,US,Americas,L,CO,VH,5.0,Public,,,,,,21.3,14.3,11.5,23.8,37.7,27.1,12.1,79.6,17.5,63.8,
University of Nottingham,United Kingdom,UK,,XL,FC,VH,5.0,A,,,,114.0,,60.4,60.7,72.1,32.2,46.5,90.0,75.2,98.4,24.4,80.0,
"University of Rome ""Tor Vergata""",Italy,IT,,L,CO,VH,3.0,A,,,,,,23.6,31.5,12.6,7.6,38.1,7.1,16.2,32.8,7.8,15.2,
University of South Australia,Australia,AU,,L,CO,VH,3.0,A,,,,,,32.7,22.5,14.0,22.4,32.8,99.8,45.1,58.6,15.4,81.7,
University of Southern Denmark (SDU),Denmark,DK,,L,CO,VH,4.0,A,,,,,,32.7,20.0,18.0,27.1,40.7,83.2,22.7,49.7,17.7,88.7,
University of St.Gallen (HSG),Switzerland,CH,,M,SP,,5.0,A,,,,,,26.0,9.0,27.6,6.2,22.8,100.0,83.1,1.0,94.8,1.6,
University of Tehran,"Iran, Islamic Republic of",IR,,XL,CO,VH,4.0,A,,,,,,30.7,18.7,38.8,3.4,67.5,2.1,1.8,68.6,17.5,18.4,
University of Texas Dallas,United States,US,,L,FC,VH,4.0,A,,,,,,22.6,13.3,11.6,3.8,54.5,5.4,35.5,23.8,8.4,41.1,
University of Tromsø The Arctic University of Norway,Norway,NO,,L,FC,HI,4.0,A,,,,,,20.5,12.1,3.7,70.5,8.9,70.4,7.7,42.5,9.6,21.8,
University of Witwatersrand,South Africa,ZA,,L,FC,VH,5.0,A,,,,,,37.9,25.7,43.0,10.9,27.7,79.9,7.5,92.4,96.7,62.5,
University of Zurich,Switzerland,CH,,L,FC,VH,5.0,A,,,,,,61.6,59.1,27.6,89.9,52.0,100.0,53.0,87.2,75.2,80.2,
Université Laval,Canada,CA,,L,FC,VH,5.0,A,,,,433.0,,25.9,19.9,11.0,25.6,25.1,67.4,36.3,55.4,24.4,31.0,
Université catholique de Louvain (UCLouvain),Belgium,BE,,L,FC,VH,5.0,B,,,,,,48.0,49.1,30.8,4.4,60.2,89.4,39.3,83.2,51.7,54.6,
Université de Fribourg,Switzerland,CH,,M,CO,VH,5.0,A,,,,,,20.9,10.7,3.8,5.3,38.8,100.0,45.4,8.9,20.4,5.2,
Université de Liège,Belgium,BE,,L,FC,VH,5.0,A,,,,,,26.7,18.1,16.3,12.9,27.2,50.7,48.5,79.3,16.2,47.8,
Université de Montréal,Canada,CA,,XL,FC,VH,5.0,A,,,,,,52.1,56.6,34.5,77.0,24.9,88.4,52.2,65.2,36.0,95.5,
Ural Federal University - UrFU,Russia,RU,,XL,CO,VH,5.0,A,,,,,,24.4,21.3,13.3,93.2,2.1,5.7,25.8,63.3,7.4,24.8,
Virginia Polytechnic Institute and State University,United States,US,,XL,FC,VH,5.0,A,,,,,,34.5,26.2,40.4,18.7,34.8,71.7,17.9,70.0,20.7,52.8,
Westfälische Wilhelms-Universität Münster,Germany,DE,,L,FC,VH,5.0,A,,,,,,28.6,31.5,24.6,55.3,12.5,30.3,4.9,59.1,26.1,27.6,
Yonsei University,South Korea,KR,,L,FC,VH,4.0,B,,,,73.0,,65.2,80.0,96.3,87.4,36.2,19.6,49.7,25.0,70.9,38.1,
École Normale Supérieure de Lyon,France,FR,,S,CO,VH,5.0,A,,,,111.0,,47.6,30.5,14.4,95.7,98.4,70.8,14.6,34.3,10.0,5.9,
