2024_RANK,2023_RANK,Institution_Name,Country_Code,Country,SIZE,FOCUS,RES,AGE,STATUS,Academic_Reputation_Score,Academic_Reputation_Rank,Employer_Reputation_Score,Employer_Reputation_Rank,Faculty_Student_Score,Faculty_Student_Rank,Citations_per_Faculty_Score,Citations_per_Faculty_Rank,International_Faculty_Score,International_Faculty_Rank,International_Students_Score,International_Students_Rank,International_Research_Network_Score,International_Research_Network_Rank,Employment_Outcomes_Score,Employment_Outcomes_Rank,Sustainability_Score,Sustainability_Rank,Overall_SCORE
1.0,1.0,Massachusetts Institute of Technology (MIT),US,United States,M,CO,VH,5,B,100.0,4,100.0,2.0,100.0,16.0,100.0,4.0,100.0,56.0,88.2,128.0,94.3,58.0,100.0,4.0,95.2,51.0,100.0
2.0,2.0,University of Cambridge,UK,United Kingdom,L,FC,VH,5,A,100.0,3,100.0,4.0,100.0,14.0,92.3,68.0,100.0,64.0,95.8,85.0,99.9,7.0,100.0,6.0,97.3,33.0,99.2
3.0,4.0,University of Oxford,UK,United Kingdom,L,FC,VH,5,A,100.0,2,100.0,5.0,100.0,8.0,90.6,73.0,98.2,110.0,98.2,60.0,100.0,1.0,100.0,3.0,97.8,26.0,98.9
4.0,5.0,Harvard University,US,United States,L,FC,VH,5,B,100.0,1,100.0,1.0,98.3,44.0,100.0,1.0,84.6,210.0,66.8,223.0,100.0,5.0,100.0,1.0,96.7,39.0,98.3
5.0,3.0,Stanford University,US,United States,L,FC,VH,5,B,100.0,5,100.0,3.0,100.0,11.0,99.9,8.0,99.9,78.0,51.2,284.0,95.8,44.0,100.0,2.0,94.4,63.0,98.1
6.0,6.0,Imperial College London,UK,United Kingdom,L,FC,VH,5,A,98.3,23,99.4,12.0,98.5,42.0,94.0,58.0,100.0,61.0,100.0,14.0,96.7,35.0,83.0,45.0,94.4,61.0,97.8
7.0,9.0,ETH Zurich - Swiss Federal Institute of Technology,CH,Switzerland,L,FO,VH,5,A,98.8,19,83.6,62.0,72.1,177.0,98.9,21.0,100.0,22.0,98.5,56.0,96.0,42.0,79.1,52.0,88.4,103.0,93.3
8.0,11.0,National University of Singapore (NUS),SG,Singapore,XL,FC,VH,3,A,99.4,15,88.6,54.0,76.5,157.0,93.2,64.0,100.0,33.0,81.9,154.0,76.3,165.0,100.0,7.0,88.1,106.0,92.7
9.0,8.0,UCL,UK,United Kingdom,XL,FC,VH,5,A,99.5,13,97.9,22.0,98.4,43.0,74.3,131.0,99.1,96.0,100.0,15.0,100.0,2.0,51.6,126.0,92.5,74.0,92.4
10.0,27.0,"University of California, Berkeley (UCB)",US,United States,XL,FC,VH,5,A,100.0,6,100.0,6.0,20.5,656.0,99.9,7.0,92.2,172.0,63.9,235.0,92.4,66.0,98.7,15.0,100.0,1.0,90.4
11.0,10.0,University of Chicago,US,United States,L,FC,VH,5,B,99.1,17,95.4,38.0,92.5,72.0,78.5,122.0,81.2,225.0,84.4,145.0,61.4,236.0,98.3,17.0,81.7,137.0,90.3
12.0,13.0,University of Pennsylvania,US,United States,L,FC,VH,5,B,96.4,29,89.1,52.0,99.9,24.0,68.4,153.0,96.0,140.0,70.3,208.0,83.3,129.0,100.0,5.0,99.9,3.0,89.4
13.0,20.0,Cornell University,US,United States,L,FC,VH,5,B,98.1,26,90.5,47.0,52.9,297.0,99.1,18.0,68.7,283.0,64.0,234.0,79.9,144.0,98.0,18.0,94.7,58.0,89.3
14.0,33.0,The University of Melbourne,AU,Australia,XL,FC,VH,5,A,98.4,21,92.3,45.0,15.4,701.0,92.1,69.0,92.9,166.0,99.7,36.0,97.2,30.0,93.3,31.0,90.4,92.0,87.9
15.0,6.0,California Institute of Technology (Caltech),US,United States,S,CO,VH,5,B,96.1,30,93.7,41.0,100.0,5.0,100.0,3.0,100.0,63.0,81.0,159.0,22.8,521.0,34.2,225.0,41.4,357.0,87.8
16.0,18.0,Yale University,US,United States,M,FC,VH,5,B,99.9,9,99.9,7.0,100.0,3.0,45.8,293.0,89.8,184.0,78.8,169.0,85.8,112.0,99.9,9.0,99.2,13.0,87.7
17.0,12.0,Peking University,CN,China (Mainland),XL,FC,VH,5,A,99.4,14,95.4,37.0,90.4,85.0,97.5,38.0,50.8,354.0,23.5,492.0,43.2,353.0,82.6,46.0,68.8,212.0,87.0
17.0,16.0,Princeton University,US,United States,M,CO,VH,5,B,99.8,10,97.5,23.0,64.5,216.0,100.0,2.0,16.7,640.0,57.5,261.0,52.5,298.0,94.6,27.0,79.3,155.0,87.0
19.0,45.0,The University of New South Wales (UNSW Sydney),AU,Australia,XL,FC,VH,4,A,89.7,45,88.1,55.0,18.2,701.0,95.9,47.0,100.0,55.0,99.1,50.0,99.0,15.0,95.5,25.0,99.6,10.0,86.7
19.0,41.0,The University of Sydney,AU,Australia,XL,FC,VH,5,A,96.0,31,87.7,57.0,11.8,701.0,93.5,63.0,99.5,89.0,100.0,13.0,91.9,70.0,88.1,42.0,99.7,7.0,86.7
21.0,34.0,University of Toronto,CA,Canada,XL,FC,VH,5,A,99.7,11,96.0,33.0,54.2,283.0,57.2,226.0,95.7,145.0,96.4,80.0,95.5,46.0,96.4,22.0,99.9,2.0,86.3
22.0,15.0,The University of Edinburgh,UK,United Kingdom,XL,FC,VH,5,A,98.1,25,96.9,26.0,72.4,176.0,58.7,216.0,98.8,100.0,99.9,33.0,99.6,12.0,48.1,141.0,99.7,6.0,86.1
23.0,22.0,Columbia University,US,United States,XL,FC,VH,5,B,99.6,12,98.3,16.0,100.0,15.0,40.7,339.0,56.1,332.0,96.8,76.0,97.6,25.0,99.9,10.0,94.2,64.0,85.9
24.0,26.0,Université PSL,FR,France,L,CO,VH,1,A,73.7,82,97.0,25.0,99.3,33.0,95.7,49.0,69.2,280.0,72.7,196.0,100.0,3.0,60.8,97.0,80.4,146.0,85.8
25.0,14.0,Tsinghua University,CN,China (Mainland),XL,FC,VH,4,A,99.1,16,96.9,27.0,93.9,67.0,98.9,22.0,9.4,701.0,15.7,603.0,47.8,328.0,82.2,47.0,55.8,271.0,84.9
26.0,19.0,"Nanyang Technological University, Singapore (NTU)",SG,Singapore,L,FC,VH,3,A,91.0,42,67.1,115.0,77.6,149.0,94.4,56.0,100.0,35.0,80.2,161.0,66.1,212.0,68.4,79.0,78.2,160.0,84.5
26.0,21.0,The University of Hong Kong,HK,Hong Kong SAR,L,FC,VH,5,A,97.6,27,51.4,159.0,82.9,121.0,82.3,102.0,100.0,28.0,99.0,52.0,42.7,355.0,99.5,14.0,97.3,32.0,84.5
28.0,24.0,Johns Hopkins University,US,United States,L,FC,VH,5,B,87.3,51,59.7,134.0,100.0,8.0,89.4,77.0,64.4,300.0,91.4,111.0,98.1,21.0,74.5,60.0,84.6,122.0,84.5
28.0,23.0,The University of Tokyo,JP,Japan,L,FC,VH,5,A,100.0,7,99.8,9.0,90.4,84.0,70.0,148.0,10.3,701.0,29.2,427.0,70.0,196.0,99.8,11.0,99.7,5.0,84.3
29.0,44.0,"University of California, Los Angeles (UCLA)",US,United States,XL,FC,VH,5,A,100.0,8,99.8,8.0,36.6,435.0,84.8,96.0,43.4,386.0,24.8,477.0,89.8,86.0,97.0,20.0,91.2,86.0,83.8
30.0,31.0,McGill University,CA,Canada,XL,FC,VH,5,A,93.7,34,87.6,58.0,64.0,219.0,62.1,195.0,88.9,188.0,93.3,98.0,86.2,107.0,92.5,33.0,94.2,64.0,83.7
32.0,28.0,The University of Manchester,UK,United Kingdom,XL,FC,VH,5,A,95.4,33,98.0,21.0,53.8,288.0,49.1,274.0,93.5,160.0,99.4,44.0,99.7,10.0,71.9,66.0,92.3,75.0,82.2
33.0,25.0,University of Michigan-Ann Arbor,US,United States,XL,FC,VH,5,A,98.3,22,89.9,48.0,82.2,127.0,56.2,231.0,67.0,292.0,27.6,445.0,95.4,48.0,94.3,29.0,83.7,126.0,81.7
34.0,30.0,The Australian National University,AU,Australia,L,FC,VH,4,A,93.2,37,70.2,102.0,34.9,455.0,92.8,65.0,100.0,38.0,93.3,97.0,78.5,156.0,43.9,164.0,87.4,108.0,81.5
34.0,47.0,University of British Columbia,CA,Canada,XL,FC,VH,5,A,98.2,24,93.5,43.0,44.4,354.0,57.0,227.0,96.4,134.0,74.1,189.0,96.3,37.0,60.1,99.0,99.9,3.0,81.5
36.0,16.0,EPFL,CH,Switzerland,M,FO,VH,5,A,84.6,57,59.9,133.0,92.4,73.0,98.0,34.0,100.0,25.0,100.0,12.0,65.6,213.0,19.4,431.0,42.3,351.0,80.4
37.0,49.0,Technical University of Munich,DE,Germany,XL,FO,VH,5,A,83.9,59,98.2,19.0,88.8,89.0,59.6,210.0,76.5,243.0,97.3,71.0,86.7,103.0,25.0,330.0,84.8,120.0,80.0
38.0,48.0,Institut Polytechnique de Paris,FR,France,M,CO,VH,1,A,44.8,185,99.6,10.0,97.3,51.0,93.8,59.0,98.5,106.0,98.3,58.0,76.9,163.0,90.3,35.0,72.5,189.0,79.5
38.0,39.0,New York University (NYU),US,United States,XL,FC,VH,5,B,95.9,32,98.5,15.0,95.5,60.0,26.7,465.0,26.4,518.0,95.0,87.0,85.4,114.0,99.7,13.0,98.3,20.0,79.5
40.0,37.0,King's College London,UK,United Kingdom,XL,FC,VH,5,A,89.5,46,82.3,68.0,64.6,215.0,61.1,201.0,98.8,99.0,100.0,23.0,99.2,14.0,34.4,223.0,81.1,142.0,79.3
41.0,29.0,Seoul National University,KR,South Korea,L,FC,VH,4,A,99.0,18,98.2,17.0,85.1,105.0,64.9,175.0,11.5,701.0,14.5,631.0,36.9,401.0,100.0,8.0,73.8,181.0,78.5
42.0,57.0,Monash University,AU,Australia,XL,FC,VH,4,A,88.4,49,75.2,84.0,9.6,701.0,88.4,81.0,100.0,50.0,100.0,19.0,86.8,102.0,61.0,95.0,71.8,194.0,78.2
43.0,50.0,The University of Queensland,AU,Australia,XL,FC,VH,5,A,87.1,52,73.7,89.0,21.6,635.0,87.0,84.0,100.0,41.0,100.0,22.0,95.0,53.0,44.4,163.0,73.1,187.0,78.1
44.0,42.0,Zhejiang University,CN,China (Mainland),XL,FC,VH,4,A,73.8,81,95.7,36.0,66.5,198.0,97.6,37.0,97.7,120.0,26.5,456.0,74.7,174.0,37.7,194.0,51.5,297.0,77.8
45.0,56.0,The London School of Economics and Political Science (LSE),UK,United Kingdom,M,SP,VH,5,A,67.7,98,96.1,32.0,39.6,401.0,80.2,110.0,100.0,35.0,100.0,10.0,32.4,440.0,98.6,16.0,97.8,28.0,76.9
46.0,36.0,Kyoto University,JP,Japan,L,FC,VH,5,A,98.7,20,99.1,14.0,94.7,63.0,49.3,270.0,14.9,670.0,20.8,538.0,57.3,266.0,53.2,118.0,88.4,103.0,76.3
47.0,61.0,Delft University of Technology,NL,Netherlands,L,CO,VH,5,A,73.0,84,79.0,73.0,36.9,428.0,84.9,95.0,100.0,66.0,89.3,121.0,91.4,72.0,42.1,170.0,98.4,18.0,76.2
47.0,32.0,Northwestern University,US,United States,L,FC,VH,5,B,83.8,60,60.2,132.0,98.9,39.0,70.3,147.0,48.2,364.0,44.2,327.0,79.2,152.0,97.7,19.0,78.0,162.0,76.2
47.0,38.0,The Chinese University of Hong Kong (CUHK),HK,Hong Kong SAR,L,FC,VH,4,A,88.4,50,46.3,190.0,60.0,236.0,92.3,67.0,100.0,57.0,77.1,174.0,32.7,438.0,78.6,53.0,61.3,246.0,76.2
50.0,34.0,Fudan University,CN,China (Mainland),XL,FC,VH,4,A,84.7,55,89.8,49.0,84.5,108.0,72.4,136.0,88.3,193.0,33.0,393.0,22.7,522.0,49.6,134.0,43.8,341.0,74.4
51.0,46.0,Shanghai Jiao Tong University,CN,China (Mainland),XL,FC,VH,4,A,83.7,61,83.3,64.0,54.7,279.0,99.4,15.0,39.2,415.0,35.5,377.0,38.3,390.0,55.5,113.0,44.1,339.0,74.3
52.0,52.0,Carnegie Mellon University,US,United States,L,FC,VH,5,B,71.2,87,75.3,83.0,49.1,319.0,99.9,10.0,46.6,371.0,98.2,59.0,57.4,264.0,60.0,100.0,47.2,323.0,73.7
53.0,58.0,University of Amsterdam,NL,Netherlands,XL,FC,VH,5,A,83.6,62,44.2,203.0,21.2,641.0,98.1,33.0,92.4,168.0,79.9,163.0,97.4,28.0,49.9,133.0,64.8,226.0,73.4
54.0,59.0,Ludwig-Maximilians-Universität München,DE,Germany,XL,FC,VH,5,A,92.7,40,83.5,63.0,46.7,335.0,51.4,254.0,73.3,260.0,37.7,362.0,94.4,57.0,48.5,140.0,77.3,167.0,72.5
55.0,61.0,University of Bristol,UK,United Kingdom,L,FC,VH,5,A,74.9,78,84.7,60.0,47.3,331.0,64.7,179.0,85.5,205.0,86.8,136.0,84.4,122.0,39.6,181.0,81.3,141.0,72.4
56.0,42.0,KAIST - Korea Advanced Institute of Science & Technology,KR,South Korea,M,CO,VH,4,A,89.9,44,88.8,53.0,66.2,202.0,97.7,35.0,22.3,570.0,11.6,682.0,10.6,662.0,41.8,174.0,14.2,621.0,72.2
57.0,50.0,Duke University,US,United States,L,FC,VH,5,B,85.7,53,69.3,106.0,100.0,7.0,40.2,344.0,16.8,634.0,52.2,278.0,90.0,82.0,89.3,37.0,95.0,53.0,72.0
58.0,72.0,University of Texas at Austin,US,United States,XL,FC,VH,5,A,93.5,35,83.2,65.0,8.9,701.0,86.7,85.0,9.3,701.0,11.0,691.0,79.4,147.0,70.0,73.0,77.7,163.0,71.8
59.0,60.0,Sorbonne University,FR,France,XL,FC,VH,1,A,88.6,48,53.2,151.0,43.3,361.0,85.4,93.0,35.2,451.0,49.8,297.0,100.0,4.0,39.5,182.0,75.8,171.0,71.7
60.0,40.0,The Hong Kong University of Science and Technology,HK,Hong Kong SAR,M,CO,VH,3,A,83.3,63,42.6,216.0,53.6,289.0,99.1,20.0,100.0,19.0,91.4,111.0,5.3,701.0,50.3,131.0,31.0,432.0,71.1
61.0,76.0,KU Leuven,BE,Belgium,XL,FC,VH,5,A,84.6,56,42.4,220.0,7.0,701.0,92.7,66.0,93.1,163.0,45.7,318.0,99.9,6.0,56.1,111.0,75.6,173.0,70.1
62.0,53.0,"University of California, San Diego (UCSD)",US,United States,XL,FC,VH,4,A,89.1,47,50.4,167.0,49.6,313.0,74.3,130.0,68.1,285.0,51.3,282.0,94.9,55.0,17.7,471.0,72.5,189.0,70.0
63.0,80.0,University of Washington,US,United States,XL,FC,VH,5,A,84.0,58,50.4,168.0,19.1,692.0,93.5,62.0,19.0,600.0,33.2,392.0,94.0,59.0,70.0,74.0,88.1,106.0,69.2
64.0,85.0,University of Illinois at Urbana-Champaign,US,United States,XL,FC,VH,5,A,85.0,54,70.8,100.0,7.5,701.0,86.5,86.0,11.1,701.0,49.2,303.0,76.4,164.0,66.0,84.0,83.5,128.0,69.1
65.0,65.0,The Hong Kong Polytechnic University,HK,Hong Kong SAR,L,CO,VH,3,A,68.1,97,30.2,323.0,68.0,192.0,88.8,77.0,100.0,40.0,87.4,133.0,42.0,362.0,49.2,138.0,92.8,73.0,68.7
65.0,70.0,Universiti Malaya (UM),MY,Malaysia,L,FC,VH,4,A,81.2,68,96.0,34.0,71.6,178.0,32.7,416.0,52.8,346.0,58.9,254.0,79.3,148.0,28.1,286.0,93.4,68.0,68.7
67.0,64.0,The University of Warwick,UK,United Kingdom,L,FC,VH,4,A,71.3,86,88.0,56.0,37.3,420.0,49.0,275.0,98.2,109.0,99.3,47.0,89.7,87.0,47.2,148.0,62.5,239.0,68.6
68.0,87.0,The University of Auckland,NZ,New Zealand,L,FC,VH,5,A,81.6,65,40.8,231.0,19.3,687.0,61.7,198.0,100.0,68.0,91.6,108.0,64.4,220.0,94.3,28.0,99.6,9.0,68.0
69.0,77.0,National Taiwan University (NTU),TW,Taiwan,XL,FC,VH,4,A,92.8,39,91.3,46.0,30.9,508.0,47.0,288.0,17.7,619.0,20.0,547.0,33.2,431.0,99.7,12.0,95.6,49.0,67.9
70.0,54.0,City University of Hong Kong,HK,Hong Kong SAR,M,CO,VH,3,A,59.6,122,27.3,356.0,86.6,99.0,99.9,9.0,100.0,17.0,100.0,2.0,17.4,570.0,29.5,269.0,82.1,136.0,67.7
71.0,69.0,Université Paris-Saclay,FR,France,XL,CO,VH,1,A,58.9,128,99.1,13.0,99.8,25.0,45.8,294.0,39.1,416.0,60.8,244.0,98.7,17.0,34.3,224.0,73.6,182.0,67.6
72.0,90.0,The University of Western Australia,AU,Australia,L,FC,VH,5,A,56.2,138,44.6,200.0,16.5,701.0,98.9,23.0,100.0,29.0,99.8,34.0,90.0,83.0,66.0,82.0,70.1,204.0,66.9
73.0,63.0,Brown University,US,United States,M,FC,VH,5,B,58.3,131,42.4,221.0,77.8,145.0,85.9,89.0,84.5,212.0,52.0,279.0,58.3,258.0,74.8,59.0,70.4,201.0,66.4
73.0,89.0,KTH Royal Institute of Technology,SE,Sweden,L,CO,VH,5,A,45.7,181,51.1,162.0,66.2,201.0,90.2,74.0,93.2,162.0,68.1,217.0,80.7,142.0,56.9,108.0,96.1,44.0,66.4
75.0,86.0,University of Leeds,UK,United Kingdom,XL,FC,VH,5,A,70.3,89,76.7,77.0,37.3,421.0,42.3,320.0,85.2,208.0,90.0,118.0,98.7,16.0,37.8,193.0,90.9,88.0,65.5
76.0,81.0,University of Glasgow,UK,United Kingdom,XL,FC,VH,5,A,76.3,77,70.7,101.0,41.7,377.0,31.8,423.0,96.0,143.0,99.5,41.0,90.0,80.0,26.7,306.0,99.5,11.0,65.2
76.0,73.0,Yonsei University,KR,South Korea,L,FC,VH,4,B,80.0,72,96.3,31.0,87.4,97.0,36.2,385.0,19.6,594.0,49.7,298.0,25.0,498.0,70.9,69.0,38.1,377.0,65.2
78.0,92.0,Durham University,UK,United Kingdom,L,FC,VH,5,A,59.5,124,89.3,50.0,27.8,548.0,53.3,241.0,97.5,125.0,86.9,135.0,86.2,108.0,29.2,274.0,97.6,30.0,65.1
79.0,74.0,Korea University,KR,South Korea,L,FC,VH,4,B,82.2,64,94.0,40.0,81.0,137.0,36.6,382.0,13.6,694.0,36.3,370.0,19.6,546.0,70.6,71.0,58.6,255.0,64.7
80.0,68.0,Osaka University,JP,Japan,L,FC,VH,4,A,81.3,67,89.1,51.0,55.3,272.0,62.7,191.0,28.6,498.0,13.2,658.0,26.7,486.0,23.4,361.0,58.6,255.0,63.9
81.0,98.0,"Trinity College Dublin, The University of Dublin",IE,Ireland,L,FC,VH,5,A,69.3,92,39.8,238.0,23.7,601.0,64.1,184.0,99.8,79.0,92.5,104.0,82.2,132.0,70.6,70.0,75.6,173.0,63.5
81.0,78.0,University of Southampton,UK,United Kingdom,L,FC,VH,5,A,51.5,154,51.2,160.0,52.8,298.0,71.4,140.0,96.1,138.0,97.4,70.0,97.0,31.0,32.5,235.0,82.7,133.0,63.5
83.0,93.0,Pennsylvania State University,US,United States,XL,FC,VH,5,A,77.5,76,63.0,126.0,28.4,540.0,62.9,189.0,23.4,560.0,26.8,449.0,96.6,36.0,47.5,145.0,95.1,52.0,63.1
84.0,91.0,University of Birmingham,UK,United Kingdom,XL,FC,VH,5,A,67.5,99,75.7,81.0,41.3,379.0,38.2,364.0,92.3,169.0,83.9,148.0,96.0,41.0,29.5,270.0,80.4,146.0,63.0
85.0,95.0,Lund University,SE,Sweden,L,FC,VH,5,A,69.3,93,47.5,185.0,50.2,310.0,37.7,373.0,98.8,102.0,77.4,173.0,95.2,52.0,66.0,83.0,99.1,14.0,62.8
85.0,115.0,Universidade de São Paulo,BR,Brazil,XL,FC,VH,4,A,92.4,41,82.9,66.0,19.2,688.0,29.9,434.0,6.0,701.0,2.3,701.0,90.9,76.0,89.7,36.0,96.1,44.0,62.8
87.0,75.0,Lomonosov Moscow State University,RU,Russia,XL,FC,VH,5,A,81.2,69,78.3,74.0,99.8,26.0,4.6,701.0,20.3,587.0,92.3,105.0,85.2,115.0,82.2,48.0,13.4,631.0,62.2
87.0,65.0,Ruprecht-Karls-Universität Heidelberg,DE,Germany,L,FO,VH,5,A,78.3,75,52.0,156.0,99.7,29.0,38.2,365.0,52.5,349.0,50.4,290.0,89.7,88.0,19.8,423.0,42.6,345.0,62.2
89.0,109.0,The University of Adelaide,AU,Australia,L,FC,VH,5,A,54.2,144,36.5,267.0,16.2,701.0,87.1,83.0,100.0,69.0,99.6,40.0,78.8,154.0,38.4,191.0,96.3,42.0,62.0
90.0,137.0,University of Technology Sydney,AU,Australia,L,CO,VH,3,A,43.4,195,57.8,143.0,9.0,701.0,95.3,52.0,96.6,132.0,93.6,95.0,79.7,146.0,30.1,260.0,93.1,72.0,61.8
91.0,55.0,Tokyo Institute of Technology (Tokyo Tech),JP,Japan,M,CO,VH,4,A,74.4,79,94.8,39.0,84.4,109.0,53.0,244.0,31.8,475.0,31.7,404.0,8.9,701.0,19.7,425.0,18.0,567.0,61.6
91.0,83.0,University of Zurich,CH,Switzerland,L,FC,VH,5,A,59.1,126,27.6,352.0,89.9,88.0,52.0,248.0,100.0,60.0,53.0,274.0,87.2,100.0,75.2,58.0,80.2,149.0,61.6
93.0,108.0,Boston University,US,United States,L,FC,VH,5,B,61.7,113,68.3,109.0,32.7,485.0,60.1,204.0,21.6,576.0,87.5,132.0,72.6,187.0,68.6,76.0,85.9,113.0,61.4
93.0,104.0,Universidad Nacional Autónoma de México (UNAM),MX,Mexico,XL,FC,VH,5,A,96.6,28,98.2,18.0,39.8,397.0,2.7,701.0,8.3,701.0,2.5,701.0,84.5,120.0,68.4,78.0,88.5,101.0,61.4
95.0,67.0,Universidad de Buenos Aires (UBA),AR,Argentina,XL,FC,VH,5,A,93.3,36,98.0,20.0,73.5,170.0,1.7,701.0,62.6,309.0,66.7,224.0,28.1,470.0,26.2,311.0,18.8,555.0,61.0
95.0,96.0,University of St Andrews,UK,United Kingdom,M,FO,VH,5,A,47.3,173,67.2,114.0,64.9,212.0,57.7,223.0,98.7,103.0,100.0,29.0,51.1,306.0,22.4,370.0,92.1,77.0,61.0
97.0,88.0,Georgia Institute of Technology,US,United States,L,CO,VH,5,A,67.4,100,85.1,59.0,15.3,701.0,67.1,163.0,38.8,417.0,65.4,230.0,33.2,432.0,41.7,175.0,70.4,201.0,60.9
98.0,118.0,Freie Universitaet Berlin,DE,Germany,L,FC,VH,4,A,80.8,70,51.0,163.0,4.4,701.0,71.4,141.0,62.8,308.0,43.6,332.0,84.9,118.0,21.9,378.0,60.1,251.0,60.8
99.0,129.0,Purdue University,US,United States,XL,FC,VH,5,A,63.9,108,81.2,71.0,10.3,701.0,68.4,155.0,41.5,398.0,45.8,317.0,75.4,170.0,53.4,117.0,67.4,215.0,60.7
100.0,71.0,Pohang University of Science And Technology (POSTECH),KR,South Korea,S,FO,VH,3,B,51.6,153,75.9,79.0,99.9,21.0,98.3,29.0,33.8,464.0,2.6,701.0,1.3,701.0,13.4,637.0,16.9,581.0,60.4
100.0,114.0,University of Nottingham,UK,United Kingdom,XL,FC,VH,5,A,60.7,116,72.1,96.0,32.2,492.0,46.5,290.0,90.0,183.0,75.2,185.0,98.4,18.0,24.4,342.0,80.0,150.0,60.4
102.0,83.0,University of Wisconsin-Madison,US,United States,XL,FC,VH,5,A,80.2,71,47.8,182.0,61.3,229.0,37.4,376.0,30.9,483.0,22.8,501.0,83.6,126.0,73.1,61.0,83.7,126.0,60.0
103.0,121.0,Pontificia Universidad Católica de Chile (UC),CL,Chile,L,FC,VH,5,B,92.9,38,99.5,11.0,20.6,654.0,11.6,701.0,16.4,645.0,3.5,701.0,56.8,270.0,76.3,56.0,91.3,84.0,59.9
104.0,96.0,The University of Sheffield,UK,United Kingdom,L,FC,VH,5,A,58.7,130,52.3,153.0,54.7,278.0,46.9,289.0,84.0,218.0,97.5,69.0,96.1,38.0,24.9,332.0,76.3,169.0,59.7
105.0,128.0,Uppsala University,SE,Sweden,L,FC,VH,5,A,62.7,111,30.5,320.0,47.7,330.0,45.6,296.0,98.3,108.0,82.4,152.0,95.5,47.0,58.2,105.0,99.4,12.0,59.4
106.0,147.0,RWTH Aachen University,DE,Germany,XL,FC,VH,5,A,49.7,163,93.0,44.0,5.5,701.0,78.7,120.0,49.0,362.0,83.0,151.0,63.5,223.0,23.9,354.0,53.4,288.0,59.3
107.0,82.0,University of Copenhagen,DK,Denmark,XL,FC,VH,5,A,74.1,80,25.8,371.0,100.0,19.0,21.2,543.0,91.4,175.0,22.5,506.0,98.2,19.0,60.1,98.0,87.4,108.0,58.8
107.0,112.0,Utrecht University,NL,Netherlands,XL,FC,VH,5,A,66.6,102,31.6,311.0,32.6,487.0,80.8,108.0,57.1,323.0,21.2,531.0,95.0,54.0,26.5,309.0,83.5,128.0,58.8
109.0,116.0,Aalto University,FI,Finland,L,FO,VH,2,A,44.6,187,41.8,223.0,40.2,391.0,79.4,112.0,95.5,147.0,37.7,363.0,56.2,277.0,88.9,39.0,95.0,53.0,58.7
110.0,122.0,Newcastle University,UK,United Kingdom,L,FC,VH,4,A,48.0,170,74.5,87.0,35.6,445.0,50.2,264.0,90.0,182.0,70.9,203.0,96.1,39.0,24.1,349.0,98.8,17.0,58.6
111.0,110.0,University of Alberta,CA,Canada,XL,FC,VH,5,A,56.8,135,36.5,266.0,42.8,370.0,59.1,213.0,97.9,116.0,73.2,193.0,92.1,68.0,46.0,152.0,76.1,170.0,58.3
112.0,154.0,University of Waterloo,CA,Canada,XL,CO,VH,4,A,40.7,208,66.7,117.0,6.8,701.0,82.9,100.0,76.8,241.0,77.9,172.0,55.4,281.0,55.9,112.0,97.1,36.0,58.1
113.0,79.0,Tohoku University,JP,Japan,L,FC,VH,5,A,72.4,85,84.2,61.0,98.5,41.0,29.6,436.0,14.2,683.0,13.8,647.0,27.6,474.0,17.2,486.0,74.8,177.0,58.0
114.0,172.0,Western University,CA,Canada,XL,FC,VH,5,A,32.1,273,47.4,186.0,3.7,701.0,98.3,30.0,99.7,86.0,54.6,268.0,56.4,274.0,93.3,30.0,99.6,8.0,57.4
115.0,106.0,University of Helsinki,FI,Finland,L,CO,VH,5,A,65.1,105,32.3,304.0,63.4,223.0,49.8,265.0,71.5,268.0,5.4,701.0,96.0,40.0,65.7,86.0,82.7,133.0,57.2
116.0,134.0,University of Southern California,US,United States,XL,FC,VH,5,B,52.5,150,47.6,183.0,21.7,634.0,68.0,157.0,31.8,474.0,73.5,191.0,62.8,228.0,93.1,32.0,98.9,15.0,57.1
117.0,101.0,University of Oslo,NO,Norway,L,FC,VH,5,A,55.8,139,11.2,601.0,81.7,132.0,64.2,183.0,86.1,202.0,25.4,472.0,95.9,43.0,41.8,173.0,91.8,80.0,56.9
118.0,153.0,Stockholm University,SE,Sweden,L,CO,VH,4,A,54.1,145,15.2,543.0,28.2,543.0,71.9,138.0,81.5,223.0,84.1,147.0,95.3,51.0,76.2,57.0,75.1,175.0,56.8
119.0,141.0,"KIT, Karlsruhe Institute of Technology",DE,Germany,L,CO,VH,4,A,45.6,182,76.8,76.0,36.0,443.0,71.9,139.0,70.4,275.0,46.7,312.0,76.0,166.0,38.7,187.0,23.9,504.0,56.4
120.0,131.0,Humboldt-Universität zu Berlin,DE,Germany,XL,FC,VH,5,A,90.2,43,65.9,120.0,7.6,701.0,31.3,425.0,68.1,286.0,31.5,406.0,86.0,110.0,14.4,586.0,37.5,382.0,56.3
121.0,104.0,Technical University of Denmark,DK,Denmark,M,FO,VH,5,A,32.5,270,16.3,525.0,99.8,27.0,83.4,99.0,100.0,53.0,82.0,153.0,71.6,189.0,28.9,275.0,54.9,277.0,56.2
122.0,146.0,Lancaster University,UK,United Kingdom,L,FC,VH,4,A,39.7,215,40.2,236.0,25.2,581.0,79.3,115.0,93.6,157.0,90.6,116.0,75.3,171.0,20.7,400.0,98.0,24.0,55.7
123.0,139.0,Politecnico di Milano,IT,Italy,XL,FO,VH,5,A,69.3,94,71.2,99.0,5.2,701.0,48.3,282.0,63.8,302.0,56.6,262.0,75.1,173.0,36.9,201.0,29.4,453.0,55.2
124.0,138.0,Eindhoven University of Technology,NL,Netherlands,M,FO,VH,4,A,29.3,295,76.2,78.0,40.4,390.0,89.7,75.0,100.0,30.0,70.8,205.0,40.1,377.0,19.7,426.0,18.0,567.0,55.0
124.0,136.0,University of Basel,CH,Switzerland,M,FC,VH,5,A,27.8,314,17.8,494.0,57.4,253.0,96.5,44.0,100.0,34.0,85.0,143.0,74.4,175.0,41.1,179.0,70.4,201.0,55.0
126.0,131.0,Leiden University,NL,Netherlands,XL,FC,VH,5,A,69.1,95,26.8,362.0,20.2,659.0,62.7,190.0,85.5,204.0,50.2,292.0,93.7,61.0,26.9,303.0,46.0,331.0,54.8
126.0,120.0,University of Bern,CH,Switzerland,M,FO,VH,5,A,30.5,284,24.4,396.0,54.6,280.0,99.2,17.0,100.0,42.0,36.9,369.0,89.1,89.0,26.1,313.0,73.6,182.0,54.8
128.0,125.0,University of Geneva,CH,Switzerland,L,FC,VH,5,A,45.1,184,14.1,579.0,42.0,374.0,75.4,127.0,100.0,45.0,96.3,81.0,87.3,99.0,31.0,246.0,63.1,232.0,54.2
129.0,125.0,Chalmers University of Technology,SE,Sweden,M,FO,VH,5,B,26.6,326,51.5,158.0,51.1,306.0,80.9,107.0,100.0,49.0,67.4,220.0,52.2,299.0,28.7,278.0,82.9,132.0,54.0
130.0,195.0,Macquarie University,AU,Australia,L,FC,VH,4,A,31.6,276,41.0,228.0,10.3,701.0,81.3,105.0,98.6,104.0,93.6,94.0,81.4,139.0,43.2,167.0,91.8,80.0,53.7
130.0,151.0,University of Vienna,AT,Austria,XL,FC,VH,5,A,70.8,88,42.5,217.0,22.0,629.0,14.5,646.0,99.3,92.0,88.1,129.0,93.5,62.0,56.8,109.0,74.1,180.0,53.7
132.0,102.0,"University of California, Davis",US,United States,XL,FC,VH,5,A,63.9,107,44.7,199.0,30.4,518.0,40.7,338.0,70.3,276.0,49.3,301.0,77.8,159.0,19.0,439.0,98.9,16.0,53.2
132.0,102.0,"University of North Carolina, Chapel Hill",US,United States,XL,FC,VH,5,A,63.0,110,33.9,290.0,72.9,171.0,42.5,316.0,24.7,541.0,10.1,701.0,82.2,133.0,47.9,142.0,96.8,38.0,53.2
134.0,171.0,Sapienza University of Rome,IT,Italy,XL,FC,VH,5,A,79.2,74,41.0,229.0,4.6,701.0,44.9,301.0,3.0,701.0,10.8,697.0,96.9,33.0,59.8,101.0,92.0,79.0,52.9
134.0,164.0,Texas A&M University,US,United States,XL,FC,VH,5,A,62.0,112,59.6,135.0,4.5,701.0,68.4,152.0,23.1,564.0,13.3,656.0,88.4,93.0,30.1,259.0,61.3,246.0,52.9
136.0,159.0,Michigan State University,US,United States,XL,FC,VH,5,A,59.9,120,49.4,174.0,11.3,701.0,58.0,221.0,58.6,320.0,12.8,665.0,95.6,45.0,45.5,153.0,71.2,199.0,52.7
137.0,143.0,Universiti Sains Malaysia (USM),MY,Malaysia,L,FC,VH,4,A,61.4,115,74.7,86.0,55.2,273.0,16.2,613.0,24.9,538.0,88.9,124.0,59.6,246.0,18.2,462.0,85.5,116.0,52.6
137.0,94.0,University of Science and Technology of China,CN,China (Mainland),L,CO,VH,4,A,52.5,149,17.5,500.0,91.2,80.0,98.5,26.0,16.8,639.0,5.2,701.0,32.2,444.0,24.8,335.0,21.6,528.0,52.6
139.0,145.0,University of Groningen,NL,Netherlands,XL,FC,VH,5,A,52.9,148,29.9,326.0,51.4,304.0,42.9,311.0,93.5,159.0,85.6,140.0,92.1,67.0,22.3,372.0,67.7,214.0,52.5
140.0,190.0,RMIT University,AU,Australia,XL,CO,VH,3,A,38.6,223,49.6,173.0,5.4,701.0,68.6,151.0,100.0,37.0,92.8,102.0,57.3,267.0,28.8,277.0,96.2,43.0,52.4
141.0,133.0,Nanjing University,CN,China (Mainland),XL,FC,VH,5,A,59.6,123,25.4,378.0,31.3,504.0,96.9,42.0,55.1,334.0,7.3,701.0,26.4,488.0,23.7,356.0,39.0,367.0,52.1
141.0,116.0,Université de Montréal,CA,Canada,XL,FC,VH,5,A,56.6,136,34.5,283.0,77.0,154.0,24.9,491.0,88.4,191.0,52.2,277.0,65.2,216.0,36.0,205.0,95.5,50.0,52.1
143.0,161.0,Aarhus University,DK,Denmark,L,FC,VH,4,A,55.8,140,24.7,387.0,32.5,490.0,54.1,238.0,90.3,181.0,13.1,661.0,94.8,56.0,45.1,156.0,98.4,18.0,52.0
143.0,106.0,King Abdulaziz University (KAU),SA,Saudi Arabia,XL,FC,VH,4,A,54.5,143,61.6,127.0,52.5,300.0,37.5,374.0,97.5,124.0,23.1,500.0,84.4,121.0,17.3,483.0,43.5,342.0,52.0
145.0,125.0,Queen Mary University of London,UK,United Kingdom,L,FC,VH,5,A,48.8,168,32.8,300.0,38.7,409.0,50.7,260.0,99.7,85.0,99.4,43.0,72.8,184.0,16.8,506.0,69.9,207.0,51.9
145.0,100.0,Rice University,US,United States,M,FC,VH,5,B,38.7,222,22.9,415.0,65.9,205.0,82.5,101.0,91.0,176.0,94.8,89.0,9.8,671.0,30.0,262.0,42.6,345.0,51.9
145.0,99.0,Sungkyunkwan University(SKKU),KR,South Korea,L,FC,VH,5,B,64.2,106,71.6,98.0,81.8,129.0,37.9,369.0,17.8,618.0,34.0,387.0,9.8,672.0,26.8,304.0,27.6,471.0,51.9
148.0,179.0,University of Bath,UK,United Kingdom,L,CO,VH,4,A,35.6,244,74.3,88.0,16.1,701.0,61.9,196.0,96.3,136.0,81.6,155.0,59.3,251.0,26.5,310.0,48.4,316.0,51.8
149.0,172.0,Indian Institute of Technology Bombay (IITB),IN,India,L,CO,VH,4,A,55.5,141,81.9,69.0,18.9,697.0,73.1,133.0,4.7,701.0,1.4,701.0,8.5,701.0,47.4,146.0,54.9,277.0,51.7
149.0,178.0,Universitat Autònoma de Barcelona,ES,Spain,XL,FC,VH,4,A,63.2,109,39.0,246.0,10.6,701.0,70.6,145.0,18.0,615.0,17.4,582.0,84.2,123.0,13.7,623.0,94.6,60.0,51.7
151.0,140.0,The Ohio State University,US,United States,XL,FC,VH,5,A,59.4,125,55.8,148.0,53.8,287.0,30.8,429.0,49.7,359.0,16.5,590.0,85.0,116.0,35.2,216.0,78.4,158.0,51.3
151.0,124.0,Wageningen University & Research,NL,Netherlands,L,FO,VH,5,A,43.3,196,19.0,472.0,97.9,47.0,46.0,292.0,55.0,336.0,78.5,170.0,97.8,22.0,19.0,438.0,71.5,196.0,51.3
153.0,163.0,The University of Exeter,UK,United Kingdom,L,FC,VH,4,A,43.0,199,51.1,161.0,27.4,555.0,43.3,308.0,91.6,174.0,76.2,180.0,89.8,85.0,19.7,424.0,94.8,57.0,50.9
154.0,167.0,Alma Mater Studiorum - University of Bologna,IT,Italy,XL,FC,VH,5,A,79.6,73,40.0,237.0,3.4,701.0,49.5,267.0,8.0,701.0,10.9,695.0,91.0,75.0,34.8,219.0,56.5,268.0,50.5
154.0,166.0,Cardiff University,UK,United Kingdom,L,FC,VH,5,A,46.5,176,48.3,181.0,33.7,474.0,39.6,347.0,84.0,217.0,70.6,206.0,81.6,138.0,18.9,442.0,97.9,25.0,50.5
154.0,158.0,Technische Universität Berlin (TU Berlin),DE,Germany,L,CO,VH,5,A,56.2,137,69.3,107.0,53.0,296.0,24.9,492.0,51.3,351.0,68.8,214.0,55.0,284.0,25.4,327.0,52.1,294.0,50.5
154.0,118.0,Washington University in St. Louis,US,United States,L,FC,VH,5,B,38.6,224,10.4,601.0,99.8,28.0,50.7,259.0,84.3,214.0,68.0,219.0,60.5,241.0,33.7,228.0,91.4,83.0,50.5
158.0,123.0,Universiti Putra Malaysia (UPM),MY,Malaysia,L,FC,VH,4,A,58.8,129,67.5,113.0,67.6,194.0,22.7,519.0,44.3,381.0,97.3,72.0,45.4,341.0,9.7,701.0,23.2,511.0,50.4
159.0,143.0,Ghent University,BE,Belgium,XL,FC,VH,5,A,53.4,146,25.2,379.0,78.9,141.0,25.1,486.0,79.6,231.0,21.2,528.0,99.8,8.0,52.0,124.0,91.3,84.0,50.2
159.0,167.0,Universidad de Chile,CL,Chile,XL,FC,VH,5,A,81.5,66,96.6,30.0,9.7,701.0,12.5,687.0,9.0,701.0,5.0,701.0,48.6,322.0,50.4,130.0,36.3,389.0,50.2
159.0,129.0,Universiti Kebangsaan Malaysia (UKM),MY,Malaysia,L,FC,VH,4,A,59.7,121,70.1,103.0,87.5,95.0,11.7,701.0,52.7,347.0,61.1,242.0,56.7,272.0,11.2,701.0,24.4,497.0,50.2
162.0,185.0,University of Wollongong,AU,Australia,L,FC,VH,3,A,29.7,290,25.1,382.0,16.3,701.0,93.8,60.0,95.6,146.0,56.0,265.0,72.7,186.0,17.1,492.0,92.3,75.0,50.1
163.0,149.0,"University of California, Santa Barbara (UCSB)",US,United States,L,CO,VH,5,A,54.8,142,19.0,470.0,9.5,701.0,96.9,41.0,70.4,274.0,21.6,522.0,43.5,352.0,10.4,701.0,55.8,271.0,50.0
164.0,157.0,Hanyang University,KR,South Korea,L,FC,VH,4,B,49.0,167,81.3,70.0,83.5,117.0,23.3,510.0,16.9,632.0,54.3,269.0,15.6,587.0,24.8,336.0,77.7,163.0,49.7
164.0,135.0,Kyushu University,JP,Japan,L,FC,VH,5,A,57.4,132,70.0,104.0,85.7,103.0,23.9,503.0,14.7,671.0,25.6,467.0,32.8,436.0,15.4,547.0,77.7,163.0,49.7
164.0,184.0,Universitat de Barcelona,ES,Spain,XL,FC,VH,5,A,73.2,83,23.0,412.0,13.1,701.0,41.8,325.0,21.8,574.0,28.5,437.0,97.8,23.0,39.8,180.0,98.1,23.0,49.7
167.0,162.0,University of York,UK,United Kingdom,L,FC,VH,4,A,43.5,194,35.3,275.0,45.0,351.0,40.3,342.0,88.3,192.0,78.2,171.0,79.2,150.0,19.8,421.0,97.8,26.0,49.4
168.0,188.0,University of Florida,US,United States,XL,FC,VH,5,A,48.0,171,58.7,137.0,71.3,180.0,26.6,467.0,18.8,604.0,10.8,699.0,97.7,24.0,39.0,184.0,95.7,48.0,49.1
169.0,164.0,"University of Maryland, College Park",US,United States,XL,FC,VH,5,A,49.2,165,26.1,369.0,35.1,451.0,68.4,154.0,31.6,477.0,14.0,639.0,85.5,113.0,41.6,176.0,81.7,137.0,48.9
169.0,229.0,University of Reading,UK,United Kingdom,L,CO,VH,5,A,33.2,263,39.3,241.0,16.1,701.0,67.4,161.0,88.4,189.0,81.0,158.0,77.8,158.0,32.3,237.0,72.5,189.0,48.9
171.0,226.0,Complutense University of Madrid,ES,Spain,XL,FC,VH,4,A,68.2,96,69.3,105.0,25.8,573.0,7.0,701.0,9.0,701.0,25.6,469.0,83.4,127.0,57.9,106.0,96.3,41.0,48.8
171.0,181.0,University College Dublin,IE,Ireland,L,FC,VH,5,A,49.8,162,41.3,226.0,20.7,652.0,38.9,354.0,98.8,101.0,60.8,245.0,50.5,309.0,69.0,75.0,70.1,204.0,48.8
173.0,208.0,Qatar University,QA,Qatar,M,FC,VH,3,A,27.1,320,43.9,206.0,64.8,213.0,38.8,356.0,100.0,20.0,96.8,74.0,59.8,244.0,95.8,24.0,35.5,397.0,48.7
173.0,192.0,"The University of Newcastle, Australia (UON)",AU,Australia,M,FC,VH,4,A,29.3,296,26.9,361.0,36.5,436.0,91.4,71.0,100.0,73.0,17.3,584.0,49.2,319.0,12.5,696.0,93.2,70.0,48.7
173.0,237.0,University of Cape Town,ZA,South Africa,L,FC,VH,5,A,44.4,190,51.0,164.0,12.6,701.0,45.7,295.0,59.9,317.0,21.2,527.0,95.4,49.0,88.9,38.0,75.1,175.0,48.7
176.0,208.0,Erasmus University Rotterdam,NL,Netherlands,XL,FO,VH,5,A,37.3,232,50.9,165.0,22.5,624.0,53.4,240.0,83.0,221.0,60.1,247.0,71.6,190.0,63.7,91.0,49.4,312.0,48.5
176.0,112.0,Nagoya University,JP,Japan,L,FC,VH,4,A,61.5,114,65.1,123.0,87.5,96.0,33.0,412.0,15.4,661.0,19.1,558.0,17.6,565.0,16.6,509.0,24.1,502.0,48.5
176.0,190.0,University of Liverpool,UK,United Kingdom,L,FC,VH,5,A,44.4,191,35.0,277.0,39.7,401.0,37.9,371.0,87.8,194.0,79.0,168.0,97.2,29.0,25.6,324.0,72.0,193.0,48.5
179.0,219.0,Arizona State University,US,United States,XL,CO,VH,5,A,46.7,174,36.7,265.0,6.8,701.0,61.5,199.0,64.5,299.0,30.1,422.0,87.9,97.0,26.6,307.0,97.3,33.0,48.1
180.0,160.0,King Fahd University of Petroleum & Minerals,SA,Saudi Arabia,M,FC,VH,4,A,32.9,267,36.5,268.0,82.8,124.0,65.8,165.0,100.0,24.0,31.8,402.0,25.7,492.0,38.9,185.0,20.9,536.0,48.0
180.0,195.0,Université catholique de Louvain (UCLouvain),BE,Belgium,L,FC,VH,5,B,49.1,166,30.8,317.0,4.4,701.0,60.2,203.0,89.4,186.0,39.3,347.0,83.2,130.0,51.7,125.0,54.6,279.0,48.0
182.0,242.0,University of Calgary,CA,Canada,XL,FC,VH,4,A,37.7,229,61.2,129.0,19.9,668.0,41.5,330.0,82.8,222.0,62.0,241.0,62.3,232.0,38.6,188.0,91.5,82.0,47.9
183.0,193.0,Curtin University,AU,Australia,L,CO,VH,3,A,32.4,271,31.8,309.0,14.3,701.0,86.2,88.0,100.0,43.0,26.4,459.0,84.9,119.0,25.7,320.0,50.6,305.0,47.8
184.0,111.0,École Normale Supérieure de Lyon,FR,France,S,CO,VH,5,A,30.5,285,14.4,570.0,95.7,59.0,98.4,27.0,70.8,272.0,14.6,628.0,34.3,425.0,10.0,701.0,5.9,701.0,47.6
184.0,179.0,Technische Universität Wien,AT,Austria,M,FO,VH,5,A,32.9,266,44.4,201.0,13.1,701.0,85.7,91.0,79.3,232.0,89.0,123.0,45.1,347.0,13.2,649.0,19.0,552.0,47.6
184.0,170.0,Tecnológico de Monterrey,MX,Mexico,XL,FC,HI,4,B,51.3,157,96.8,28.0,63.5,222.0,2.3,701.0,32.7,469.0,11.7,681.0,13.5,618.0,88.3,41.0,65.7,223.0,47.6
187.0,185.0,University of Gothenburg,SE,Sweden,L,FC,VH,4,A,36.2,239,16.9,511.0,56.3,261.0,39.4,349.0,90.6,179.0,80.8,160.0,86.4,104.0,46.3,151.0,97.6,30.0,47.3
188.0,203.0,Universiti Teknologi Malaysia,MY,Malaysia,L,CO,VH,3,A,46.6,175,63.8,124.0,42.5,371.0,33.9,403.0,16.0,651.0,85.2,141.0,58.6,257.0,13.6,631.0,66.8,217.0,46.9
189.0,152.0,McMaster University,CA,Canada,L,FC,VH,5,A,40.5,210,38.2,255.0,75.1,166.0,29.0,444.0,99.3,93.0,59.5,250.0,40.2,376.0,37.2,197.0,70.1,204.0,46.8
189.0,222.0,Queensland University of Technology (QUT),AU,Australia,XL,CO,VH,3,A,40.9,205,37.6,261.0,7.4,701.0,64.9,176.0,96.0,141.0,26.4,458.0,68.8,202.0,16.8,502.0,90.6,89.0,46.8
189.0,210.0,Universite libre de Bruxelles,BE,Belgium,L,FC,VH,5,A,34.4,249,38.9,247.0,3.3,701.0,63.3,186.0,97.1,126.0,85.0,144.0,69.1,201.0,35.7,207.0,60.4,249.0,46.8
192.0,189.0,Albert-Ludwigs-Universitaet Freiburg,DE,Germany,L,FC,VH,5,A,46.1,179,19.8,460.0,29.1,531.0,63.3,187.0,68.8,281.0,36.3,371.0,82.7,131.0,25.3,328.0,68.2,213.0,46.7
192.0,174.0,Ecole des Ponts ParisTech,FR,France,S,FO,VH,5,A,8.3,601,57.9,142.0,98.2,45.0,80.7,109.0,34.6,458.0,96.8,75.0,5.6,701.0,30.0,261.0,19.2,549.0,46.7
194.0,194.0,Wuhan University,CN,China (Mainland),XL,FC,VH,4,A,40.9,204,44.0,205.0,12.8,701.0,87.4,82.0,40.7,405.0,5.0,701.0,48.4,324.0,35.0,218.0,44.4,336.0,46.6
195.0,185.0,University of Minnesota Twin Cities,US,United States,XL,FC,VH,5,A,59.0,127,30.2,324.0,30.6,510.0,46.4,291.0,5.5,701.0,9.1,701.0,86.1,109.0,41.9,172.0,88.5,101.0,46.4
196.0,141.0,Hokkaido University,JP,Japan,L,FC,VH,5,A,57.3,134,66.0,119.0,75.8,162.0,27.8,451.0,17.5,621.0,14.4,633.0,38.1,392.0,12.9,665.0,30.7,438.0,46.2
197.0,174.0,Indian Institute of Technology Delhi (IITD),IN,India,M,CO,VH,4,A,51.2,158,75.9,80.0,22.0,630.0,64.3,182.0,2.4,701.0,1.4,701.0,6.6,701.0,32.8,234.0,37.5,382.0,46.1
198.0,220.0,Universidad de los Andes,CO,Colombia,L,FC,HI,4,B,65.4,103,95.7,35.0,17.6,701.0,5.9,701.0,26.4,517.0,2.0,701.0,11.1,649.0,96.2,23.0,40.2,362.0,46.0
199.0,155.0,Emory University,US,United States,L,FC,VH,5,B,25.6,342,16.4,522.0,97.7,50.0,69.7,149.0,37.3,431.0,31.1,409.0,57.0,268.0,23.6,357.0,85.7,115.0,45.9
199.0,215.0,Universidad Autónoma de Madrid,ES,Spain,L,FC,VH,4,A,60.4,117,57.7,145.0,34.5,464.0,25.1,485.0,7.8,701.0,12.0,678.0,80.4,143.0,19.6,428.0,88.8,97.0,45.9
199.0,205.0,Waseda University,JP,Japan,XL,CO,VH,5,B,60.2,118,97.3,24.0,23.7,602.0,4.3,701.0,27.6,503.0,28.6,436.0,17.5,569.0,65.6,87.0,56.5,268.0,45.9
202.0,233.0,Queen's University Belfast,UK,United Kingdom,L,FC,VH,5,A,33.6,258,30.3,321.0,27.5,554.0,43.5,307.0,100.0,75.0,98.9,54.0,84.1,124.0,14.3,589.0,91.0,87.0,45.8
203.0,237.0,King Saud University,SA,Saudi Arabia,XL,FC,VH,4,A,36.9,236,21.3,435.0,64.2,218.0,32.2,419.0,99.7,83.0,21.3,525.0,88.6,92.0,71.7,67.0,75.8,171.0,45.2
203.0,237.0,University of Ottawa,CA,Canada,XL,FC,VH,5,A,26.5,329,29.7,328.0,3.8,701.0,79.1,116.0,85.9,203.0,75.9,182.0,85.8,111.0,24.3,344.0,54.6,279.0,45.2
205.0,228.0,Universität Hamburg,DE,Germany,L,FC,VH,5,A,51.0,160,28.7,340.0,16.9,701.0,60.0,205.0,41.6,395.0,22.3,512.0,87.2,101.0,26.8,305.0,52.8,292.0,45.1
206.0,217.0,University of Otago,NZ,New Zealand,L,FC,VH,5,A,46.3,178,27.1,359.0,11.0,701.0,51.0,256.0,100.0,44.0,29.2,428.0,38.1,391.0,44.7,159.0,98.1,22.0,45.0
207.0,214.0,Vrije Universiteit Amsterdam,NL,Netherlands,XL,FC,VH,5,A,39.6,217,15.7,531.0,23.6,607.0,68.1,156.0,68.5,284.0,40.2,340.0,70.1,195.0,20.2,414.0,89.1,95.0,44.9
208.0,220.0,University of Aberdeen,UK,United Kingdom,L,FC,VH,5,A,29.6,292,32.5,302.0,29.6,525.0,42.1,322.0,95.8,144.0,96.7,77.0,73.3,180.0,20.5,408.0,98.1,21.0,44.6
209.0,246.0,Queen's University at Kingston,CA,Canada,L,FC,VH,5,A,40.5,209,56.7,146.0,5.3,701.0,45.1,300.0,70.1,278.0,30.6,417.0,22.5,523.0,71.5,68.0,85.4,117.0,44.5
210.0,212.0,University of Twente,NL,Netherlands,M,FO,VH,4,A,20.6,422,38.3,254.0,39.4,404.0,65.3,171.0,99.3,94.0,91.1,112.0,67.6,208.0,12.6,687.0,33.2,416.0,44.4
211.0,224.0,Chulalongkorn University,TH,Thailand,XL,FC,VH,5,A,66.6,101,50.1,170.0,31.5,498.0,7.0,701.0,15.0,668.0,2.9,701.0,49.4,318.0,87.2,44.0,85.9,113.0,44.3
212.0,256.0,Loughborough University,UK,United Kingdom,L,CO,VH,4,A,30.5,283,66.8,116.0,23.6,604.0,34.6,392.0,87.3,198.0,63.5,237.0,77.1,162.0,18.8,446.0,63.4,231.0,44.2
213.0,169.0,Eberhard Karls Universität Tübingen,DE,Germany,L,FC,VH,5,A,45.8,180,29.9,325.0,92.9,71.0,19.7,560.0,67.6,289.0,26.7,454.0,89.9,84.0,21.1,393.0,42.3,351.0,44.1
214.0,197.0,Keio University,JP,Japan,XL,FC,VH,5,B,51.4,156,93.5,42.0,58.0,246.0,6.0,701.0,9.6,701.0,9.2,701.0,9.2,689.0,79.8,50.0,39.3,366.0,44.0
215.0,260.0,Tel Aviv University,IL,Israel,L,FC,VH,4,A,33.2,264,23.6,407.0,3.8,701.0,99.9,11.0,40.4,410.0,4.6,701.0,39.5,382.0,72.9,62.0,38.4,373.0,43.9
216.0,212.0,Tongji University,CN,China (Mainland),XL,FC,VH,5,A,34.4,251,13.1,601.0,28.8,534.0,91.8,70.0,56.7,327.0,32.6,396.0,21.3,534.0,18.0,464.0,65.4,225.0,43.5
217.0,202.0,National Yang Ming Chiao Tung University,TW,Taiwan,L,FC,VH,1,A,33.3,262,67.9,110.0,53.9,286.0,52.1,247.0,19.0,601.0,18.5,566.0,4.4,701.0,44.6,160.0,54.3,283.0,43.3
218.0,240.0,University of Sussex,UK,United Kingdom,L,FC,VH,4,A,22.9,380,8.9,601.0,14.6,701.0,70.9,142.0,96.1,137.0,93.0,100.0,62.9,226.0,30.6,251.0,97.2,35.0,43.1
219.0,243.0,Università di Padova,IT,Italy,XL,FC,VH,5,A,57.3,133,22.0,428.0,7.8,701.0,51.8,250.0,12.9,701.0,9.4,701.0,91.3,73.0,13.8,620.0,95.0,55.0,43.0
220.0,210.0,Universidade Estadual de Campinas (Unicamp),BR,Brazil,XL,FC,VH,4,A,70.3,90,50.1,169.0,13.0,701.0,24.9,489.0,11.7,701.0,2.9,701.0,53.7,294.0,9.6,701.0,74.8,177.0,42.7
220.0,203.0,University of Lausanne,CH,Switzerland,L,FO,VH,5,A,29.4,294,15.1,545.0,36.6,434.0,65.1,173.0,99.9,77.0,56.6,263.0,48.0,327.0,27.9,290.0,61.6,245.0,42.7
222.0,232.0,Radboud University,NL,Netherlands,L,FC,VH,5,A,28.9,302,13.9,585.0,27.6,551.0,74.9,129.0,78.3,236.0,20.2,544.0,78.8,155.0,15.7,533.0,82.7,133.0,42.5
222.0,181.0,University of Pittsburgh,US,United States,L,FC,VH,5,A,37.9,228,15.2,541.0,96.1,56.0,38.7,357.0,7.0,701.0,14.9,621.0,81.1,140.0,33.1,232.0,90.5,91.0,42.5
224.0,147.0,University of Rochester,US,United States,M,FC,VH,5,B,22.1,398,18.4,477.0,97.9,48.0,51.6,252.0,71.4,269.0,91.7,106.0,31.3,451.0,26.6,308.0,33.2,416.0,42.4
225.0,155.0,Indian Institute of Science,IN,India,S,SP,,5,A,41.5,202,20.0,454.0,46.4,340.0,100.0,6.0,4.8,701.0,1.7,701.0,4.4,701.0,13.8,621.0,10.7,660.0,42.1
226.0,252.0,American University of Beirut (AUB),LB,Lebanon,M,FC,VH,5,B,27.6,316,41.6,225.0,57.3,254.0,24.2,499.0,67.8,288.0,46.8,310.0,35.6,415.0,88.5,40.0,93.2,70.0,41.9
226.0,243.0,Universidad Nacional de Colombia,CO,Colombia,XL,FC,HI,5,A,69.5,91,96.8,29.0,6.1,701.0,3.5,701.0,6.4,701.0,1.5,701.0,13.3,620.0,29.9,263.0,49.7,309.0,41.9
228.0,224.0,National Cheng Kung University (NCKU),TW,Taiwan,L,FC,VH,4,A,49.4,164,75.6,82.0,32.9,482.0,21.2,544.0,23.7,557.0,15.7,605.0,10.9,653.0,30.2,257.0,78.2,160.0,41.8
229.0,340.0,Friedrich-Alexander-Universität Erlangen-Nürnberg,DE,Germany,L,FC,VH,5,A,25.2,347,20.9,446.0,2.8,701.0,95.8,48.0,26.8,511.0,39.9,342.0,75.1,172.0,15.5,541.0,69.9,207.0,41.7
230.0,150.0,Al-Farabi Kazakh National University,KZ,Kazakhstan,L,FC,HI,4,A,51.4,155,74.9,85.0,98.9,38.0,1.4,701.0,28.8,497.0,34.0,386.0,12.0,634.0,11.5,701.0,5.1,701.0,41.6
230.0,181.0,Khalifa University of Science and Technology,AE,United Arab Emirates,S,SP,,2,A,19.7,448,20.4,451.0,87.2,98.0,48.3,281.0,100.0,10.0,75.3,184.0,29.6,459.0,9.0,701.0,66.5,220.0,41.6
232.0,215.0,University of Göttingen,DE,Germany,L,FC,VH,5,A,47.4,172,29.0,338.0,70.1,183.0,17.7,587.0,49.5,361.0,22.5,505.0,91.8,71.0,21.9,379.0,55.5,274.0,41.4
233.0,266.0,Deakin University,AU,Australia,XL,FC,VH,3,A,29.6,291,25.8,373.0,4.8,701.0,67.4,160.0,96.7,130.0,59.9,249.0,51.4,303.0,26.2,312.0,54.3,283.0,41.3
233.0,177.0,National Tsing Hua University,TW,Taiwan,L,CO,VH,4,A,53.1,147,67.7,111.0,28.3,542.0,38.3,363.0,16.8,635.0,20.1,546.0,6.7,701.0,15.9,525.0,30.5,444.0,41.3
235.0,281.0,Heriot-Watt University,UK,United Kingdom,M,CO,VH,4,A,16.4,537,21.1,438.0,18.6,701.0,79.4,113.0,100.0,67.0,97.6,66.0,40.2,375.0,21.3,392.0,43.5,342.0,41.2
236.0,248.0,Université de Paris-Cité,FR,France,XL,FO,VH,1,A,31.6,275,5.9,601.0,9.2,701.0,93.7,61.0,19.3,598.0,41.5,336.0,99.6,11.0,11.6,701.0,46.0,331.0,41.1
237.0,205.0,Dartmouth College,US,United States,M,FC,VH,5,B,21.1,415,24.2,398.0,57.9,248.0,78.6,121.0,5.3,701.0,33.9,388.0,6.6,701.0,72.1,65.0,66.8,217.0,40.9
237.0,248.0,Universitas Indonesia,ID,Indonesia,XL,FC,VH,4,A,50.5,161,73.0,91.0,50.4,309.0,2.0,701.0,75.8,249.0,4.8,701.0,2.0,701.0,58.7,103.0,42.3,351.0,40.9
239.0,292.0,Massey University,NZ,New Zealand,M,CO,VH,4,A,30.4,286,16.0,528.0,43.2,364.0,22.7,520.0,98.2,111.0,97.9,64.0,65.2,215.0,44.9,157.0,94.7,58.0,40.6
239.0,201.0,Rheinische Friedrich-Wilhelms-Universität Bonn,DE,Germany,L,FC,VH,5,A,52.4,151,19.8,458.0,58.0,247.0,22.1,526.0,41.5,397.0,37.5,365.0,90.7,79.0,25.9,319.0,35.2,399.0,40.6
241.0,275.0,Victoria University of Wellington,NZ,New Zealand,L,CO,VH,4,A,44.8,186,25.5,375.0,9.1,701.0,32.3,418.0,99.5,88.0,34.6,382.0,38.1,393.0,47.0,149.0,93.6,66.0,40.5
242.0,316.0,La Trobe University,AU,Australia,L,CO,VH,4,A,22.6,388,20.2,453.0,6.9,701.0,77.5,124.0,94.4,156.0,98.4,57.0,45.8,337.0,14.3,591.0,28.9,460.0,40.3
243.0,300.0,Griffith University,AU,Australia,XL,FC,VH,4,A,26.5,332,16.2,526.0,7.5,701.0,65.8,166.0,100.0,70.0,31.7,403.0,72.7,185.0,15.5,539.0,93.3,69.0,40.1
244.0,305.0,University of Surrey,UK,United Kingdom,L,CO,VH,4,A,20.4,428,23.4,409.0,23.2,613.0,56.2,230.0,96.8,129.0,88.3,127.0,71.1,192.0,16.8,503.0,57.7,259.0,39.9
245.0,253.0,University of Massachusetts Amherst,US,United States,L,CO,VH,5,A,39.5,218,11.9,601.0,10.7,701.0,57.6,225.0,71.0,271.0,23.8,490.0,52.0,301.0,27.7,292.0,93.5,67.0,39.8
246.0,275.0,Technical University of Darmstadt,DE,Germany,L,FO,VH,5,A,21.0,417,37.5,263.0,6.2,701.0,79.0,117.0,62.6,310.0,74.6,188.0,32.5,439.0,33.5,229.0,19.9,545.0,39.7
246.0,200.0,Technische Universität Dresden,DE,Germany,L,FC,VH,5,A,37.5,231,37.7,258.0,91.2,79.0,14.8,639.0,46.2,373.0,35.2,379.0,87.4,98.0,11.2,701.0,30.7,438.0,39.7
248.0,288.0,Charles University,CZ,Czech Republic,XL,FC,VH,5,A,45.5,183,43.5,210.0,34.8,456.0,9.4,701.0,24.8,539.0,51.2,283.0,90.9,77.0,27.6,294.0,83.9,125.0,39.6
248.0,280.0,University of Antwerp,BE,Belgium,L,FC,VH,2,A,23.7,362,11.8,601.0,45.3,349.0,49.2,272.0,90.9,177.0,32.3,397.0,90.0,81.0,29.6,268.0,80.4,146.0,39.6
250.0,331.0,University of Waikato,NZ,New Zealand,M,CO,VH,4,A,18.4,484,13.2,601.0,11.3,701.0,75.0,128.0,99.3,91.0,73.3,192.0,17.5,568.0,44.5,162.0,79.8,152.0,39.5
251.0,222.0,The Hebrew University of Jerusalem,IL,Israel,L,FC,VH,5,A,34.3,252,29.1,334.0,81.2,135.0,22.5,521.0,54.7,338.0,16.0,600.0,37.1,400.0,77.7,54.0,50.9,301.0,39.3
252.0,325.0,Politecnico di Torino,IT,Italy,XL,FO,VH,5,A,38.5,225,44.9,194.0,2.4,701.0,57.9,222.0,4.1,701.0,46.7,313.0,49.9,313.0,21.3,391.0,57.4,263.0,39.2
253.0,274.0,University of Porto,PT,Portugal,XL,FC,VH,5,A,39.8,214,22.9,414.0,11.1,701.0,58.1,219.0,7.3,701.0,18.7,564.0,93.8,60.0,17.6,473.0,77.3,167.0,39.0
254.0,304.0,University of Macau,MO,Macau SAR,M,FO,VH,3,A,10.6,601,14.2,575.0,12.2,701.0,96.9,43.0,100.0,18.0,99.3,49.0,11.4,646.0,41.6,177.0,4.3,701.0,38.9
255.0,176.0,Case Western Reserve University,US,United States,M,FC,VH,4,B,18.4,486,17.1,507.0,83.0,118.0,63.9,185.0,38.2,420.0,68.3,216.0,21.0,537.0,27.0,301.0,34.6,403.0,38.8
256.0,217.0,Harbin Institute of Technology,CN,China (Mainland),L,FO,VH,4,A,28.6,306,14.9,552.0,41.6,378.0,98.8,24.0,8.6,701.0,8.4,701.0,23.2,517.0,20.3,412.0,15.4,603.0,38.7
256.0,278.0,Maastricht University,NL,Netherlands,L,FO,VH,3,A,23.4,369,22.3,422.0,12.8,701.0,62.7,193.0,99.5,90.0,100.0,17.0,46.5,333.0,27.0,302.0,13.7,627.0,38.7
256.0,284.0,University of Canterbury | Te Whare Wānanga o Waitaha,NZ,New Zealand,L,CO,VH,4,A,33.8,257,33.1,299.0,10.9,701.0,32.8,414.0,99.8,81.0,35.3,378.0,21.9,529.0,62.6,93.0,97.1,36.0,38.7
259.0,251.0,Vrije Universiteit Brussel (VUB),BE,Belgium,L,FC,VH,4,A,23.1,373,16.8,512.0,75.9,160.0,22.0,527.0,93.6,158.0,59.2,252.0,88.4,94.0,31.1,244.0,67.4,215.0,38.6
260.0,253.0,University of Virginia,US,United States,L,FC,VH,5,A,35.6,243,32.0,307.0,56.9,257.0,34.1,401.0,7.9,701.0,10.8,700.0,57.7,262.0,68.5,77.0,63.1,232.0,38.5
261.0,199.0,Vanderbilt University,US,United States,L,FC,VH,5,B,25.2,348,19.8,459.0,100.0,9.0,37.2,377.0,36.4,442.0,34.6,383.0,47.1,332.0,35.7,206.0,51.2,299.0,38.4
262.0,284.0,University of Warsaw,PL,Poland,XL,CO,VH,5,A,48.7,169,53.4,150.0,41.9,375.0,6.3,701.0,9.8,701.0,8.6,701.0,62.1,233.0,36.7,204.0,80.0,150.0,38.1
263.0,231.0,Gadjah Mada University,ID,Indonesia,XL,FC,HI,4,A,51.7,152,66.5,118.0,54.4,282.0,1.7,701.0,38.5,419.0,1.6,701.0,2.1,701.0,42.6,169.0,47.2,323.0,38.0
264.0,317.0,University of Colorado Boulder,US,United States,XL,CO,VH,5,A,36.9,237,13.5,596.0,33.2,480.0,49.4,269.0,27.1,508.0,5.5,701.0,68.6,204.0,30.8,247.0,96.4,40.0,37.9
264.0,428.0,University of Witwatersrand,ZA,South Africa,L,FC,VH,5,A,25.7,341,43.0,214.0,10.9,701.0,27.7,453.0,79.9,229.0,7.5,701.0,92.4,65.0,96.7,21.0,62.5,239.0,37.9
266.0,197.0,Ulsan National Institute of Science and Technology (UNIST),KR,South Korea,S,FO,VH,2,A,15.0,579,11.9,601.0,84.1,114.0,98.6,25.0,41.5,399.0,10.9,692.0,1.2,701.0,8.4,701.0,1.8,701.0,37.7
266.0,335.0,University of Lisbon,PT,Portugal,XL,FC,VH,5,A,42.2,201,21.0,442.0,12.7,701.0,35.1,387.0,9.3,701.0,30.7,415.0,97.4,27.0,65.8,85.0,66.5,220.0,37.7
268.0,320.0,Linköping University,SE,Sweden,L,CO,VH,3,A,19.0,470,26.6,363.0,34.8,457.0,48.8,277.0,77.8,239.0,30.3,420.0,57.9,260.0,34.7,221.0,87.4,108.0,37.5
268.0,235.0,"University of California, Irvine",US,United States,XL,FC,VH,4,A,37.6,230,16.6,517.0,14.6,701.0,50.3,263.0,56.9,325.0,49.6,299.0,65.3,214.0,11.4,701.0,58.6,255.0,37.5
268.0,335.0,University of Cologne,DE,Germany,L,FO,VH,5,A,36.9,235,38.5,253.0,19.3,686.0,31.2,427.0,40.5,406.0,30.9,413.0,80.9,141.0,37.0,199.0,57.4,263.0,37.5
271.0,270.0,Indian Institute of Technology Kharagpur (IIT-KGP),IN,India,L,FO,VH,4,A,32.2,272,43.5,211.0,11.8,701.0,85.8,90.0,3.1,701.0,1.3,701.0,10.7,659.0,21.5,388.0,18.0,567.0,37.4
272.0,262.0,Beijing Normal University,CN,China (Mainland),L,CO,VH,5,A,38.4,227,6.8,601.0,25.6,576.0,86.4,87.0,7.1,701.0,23.3,496.0,22.8,520.0,12.2,701.0,30.5,444.0,37.3
272.0,279.0,University of Leicester,UK,United Kingdom,L,FC,VH,5,A,21.2,412,14.2,576.0,36.1,441.0,45.3,298.0,80.8,226.0,94.1,91.0,75.7,167.0,17.8,468.0,50.9,301.0,37.3
274.0,312.0,North Carolina State University,US,United States,XL,CO,VH,5,A,27.8,315,25.0,384.0,8.9,701.0,67.3,162.0,63.0,306.0,15.3,613.0,49.6,317.0,20.8,398.0,64.5,228.0,37.2
275.0,306.0,Huazhong University of Science and Technology,CN,China (Mainland),XL,FC,VH,4,A,22.7,384,29.2,332.0,10.0,701.0,99.3,16.0,5.5,701.0,3.2,701.0,45.4,340.0,16.8,504.0,27.1,480.0,37.1
276.0,324.0,University of Milan,IT,Italy,XL,FC,VH,4,A,51.2,159,12.7,601.0,5.6,701.0,47.8,284.0,7.5,701.0,6.8,701.0,59.0,255.0,24.2,345.0,92.1,77.0,37.0
276.0,325.0,University of Strathclyde,UK,United Kingdom,L,CO,VH,4,A,26.3,334,34.6,281.0,17.7,701.0,33.7,405.0,93.3,161.0,67.0,222.0,61.6,235.0,24.0,353.0,59.2,252.0,37.0
278.0,264.0,Indian Institute of Technology Kanpur (IITK),IN,India,M,CO,VH,4,A,34.7,247,49.3,175.0,14.2,701.0,75.5,126.0,2.1,701.0,1.1,701.0,3.3,701.0,20.6,404.0,21.8,524.0,36.9
278.0,296.0,University of Miami,US,United States,L,FC,VH,4,B,20.1,435,44.7,198.0,76.8,155.0,19.2,565.0,84.2,215.0,22.8,502.0,55.0,283.0,37.0,198.0,50.6,305.0,36.9
280.0,253.0,University of Navarra,ES,Spain,L,FC,HI,4,B,29.0,300,61.2,130.0,56.5,260.0,15.1,635.0,25.2,531.0,74.8,186.0,28.9,464.0,28.4,282.0,45.6,333.0,36.8
281.0,235.0,Bandung Institute of Technology (ITB),ID,Indonesia,L,CO,VH,5,A,41.0,203,65.6,122.0,65.6,208.0,2.5,701.0,84.4,213.0,2.3,701.0,1.2,701.0,35.7,209.0,21.2,533.0,36.6
281.0,207.0,University of Bergen,NO,Norway,L,FC,VH,3,A,32.7,269,5.4,601.0,67.1,197.0,31.2,426.0,92.3,171.0,14.3,635.0,69.3,200.0,23.6,358.0,57.7,259.0,36.6
283.0,454.0,Stellenbosch University,ZA,South Africa,L,FC,VH,5,A,25.0,351,39.4,240.0,3.1,701.0,59.9,206.0,20.0,591.0,7.8,701.0,92.0,69.0,50.1,132.0,44.1,339.0,36.5
284.0,284.0,Taylor's University,MY,Malaysia,S,FO,VH,2,C,24.0,358,82.8,67.0,63.3,225.0,8.5,701.0,54.1,342.0,98.8,55.0,3.8,701.0,10.5,701.0,2.3,701.0,36.2
285.0,250.0,Indian Institute of Technology Madras (IITM),IN,India,M,CO,VH,4,A,40.1,212,55.9,147.0,26.6,563.0,54.7,235.0,2.6,701.0,1.4,701.0,2.7,701.0,26.0,317.0,6.5,701.0,36.1
285.0,296.0,Swinburne University of Technology,AU,Australia,L,CO,VH,3,A,13.4,601,12.0,601.0,11.0,701.0,89.5,76.0,97.9,114.0,65.5,229.0,23.9,507.0,10.8,701.0,25.8,487.0,36.1
285.0,262.0,The University of Arizona,US,United States,XL,FC,VH,5,A,38.5,226,18.4,476.0,72.5,175.0,19.5,562.0,11.0,701.0,9.3,701.0,88.0,96.0,31.0,245.0,71.5,196.0,36.1
285.0,307.0,Tianjin University,CN,China (Mainland),L,CO,VH,4,A,18.7,477,8.6,601.0,34.7,461.0,98.2,31.0,24.3,544.0,27.4,446.0,18.6,555.0,24.0,351.0,25.6,488.0,36.1
289.0,270.0,University of Galway,IE,Ireland,L,FC,HI,5,A,26.3,335,28.2,341.0,61.2,230.0,13.5,666.0,92.3,170.0,39.3,348.0,45.7,338.0,30.7,249.0,90.6,89.0,36.0
290.0,296.0,United Arab Emirates University,AE,United Arab Emirates,M,FC,VH,3,A,28.3,310,37.8,257.0,52.6,299.0,13.8,659.0,100.0,16.0,38.7,356.0,56.5,273.0,60.9,96.0,16.3,588.0,35.9
291.0,302.0,Xi’an Jiaotong University,CN,China (Mainland),XL,FC,VH,4,A,21.4,406,42.2,222.0,17.4,701.0,80.9,106.0,4.4,701.0,4.1,701.0,36.8,403.0,20.8,397.0,34.6,403.0,35.8
292.0,352.0,Norwegian University of Science And Technology,NO,Norway,XL,FC,VH,5,A,34.0,253,19.4,465.0,23.6,609.0,27.5,456.0,76.1,246.0,10.3,701.0,88.9,91.0,51.0,129.0,65.7,223.0,35.7
292.0,303.0,University College Cork,IE,Ireland,L,FC,VH,5,A,28.4,309,36.3,270.0,29.4,528.0,21.6,534.0,94.8,152.0,47.1,308.0,25.1,496.0,23.5,360.0,96.1,46.0,35.7
294.0,317.0,Université Grenoble Alpes,FR,France,XL,FC,VH,1,A,44.5,188,10.1,601.0,7.8,701.0,48.8,276.0,18.4,611.0,34.9,380.0,92.6,64.0,14.2,596.0,40.8,360.0,35.6
295.0,281.0,Hong Kong Baptist University,HK,Hong Kong SAR,M,CO,VH,3,A,19.4,458,12.6,601.0,56.0,265.0,51.9,249.0,97.8,118.0,100.0,20.0,2.6,701.0,15.1,557.0,17.2,574.0,35.4
295.0,342.0,University of East Anglia (UEA),UK,United Kingdom,L,FC,VH,4,A,19.2,466,8.5,601.0,16.8,701.0,66.0,164.0,68.0,287.0,38.2,360.0,64.8,218.0,12.7,678.0,84.3,123.0,35.4
297.0,281.0,Georgetown University,US,United States,L,FC,VH,5,B,30.3,288,34.4,285.0,59.0,242.0,18.6,574.0,17.0,629.0,39.8,344.0,14.4,606.0,87.8,43.0,66.8,217.0,35.3
298.0,308.0,Dalhousie University,CA,Canada,L,FC,VH,5,A,19.2,465,18.0,488.0,16.0,701.0,41.8,323.0,99.0,97.0,74.7,187.0,37.2,399.0,21.6,385.0,94.4,61.0,34.9
299.0,267.0,Rutgers University–New Brunswick,US,United States,XL,CO,VH,5,A,36.9,234,24.7,386.0,48.7,324.0,18.1,583.0,18.9,602.0,32.8,395.0,59.7,245.0,20.7,403.0,95.9,47.0,34.8
300.0,284.0,UCSI University,MY,Malaysia,M,CO,HI,2,C,22.5,392,58.4,140.0,72.6,174.0,3.2,701.0,83.7,219.0,98.0,63.0,1.3,701.0,15.8,528.0,24.6,495.0,34.7
301.0,226.0,Southern University of Science and Technology,CN,China (Mainland),M,FO,VH,2,A,9.1,601,2.1,601.0,94.6,64.0,95.0,53.0,37.2,434.0,1.5,701.0,6.8,701.0,7.4,701.0,6.9,701.0,34.6
302.0,328.0,Goethe-University Frankfurt am Main,DE,Germany,XL,FC,VH,5,A,44.4,189,29.1,335.0,21.4,638.0,21.3,539.0,41.3,402.0,25.6,468.0,82.1,134.0,11.5,701.0,46.6,327.0,34.5
302.0,363.0,Virginia Polytechnic Institute and State University,US,United States,XL,FC,VH,5,A,26.2,337,40.4,232.0,18.7,701.0,34.8,389.0,71.7,267.0,17.9,577.0,70.0,197.0,20.7,402.0,52.8,292.0,34.5
304.0,293.0,Jagiellonian University,PL,Poland,XL,FC,VH,5,A,37.3,233,47.2,188.0,65.1,210.0,6.2,701.0,4.9,701.0,13.4,655.0,59.4,248.0,27.9,289.0,57.7,259.0,34.3
304.0,243.0,University of Notre Dame,US,United States,L,CO,VH,5,B,26.5,331,32.2,306.0,59.7,238.0,39.1,350.0,23.3,561.0,17.7,578.0,32.0,449.0,45.2,155.0,34.6,403.0,34.3
306.0,412.0,University of Johannesburg,ZA,South Africa,L,CO,VH,2,A,16.2,540,21.4,434.0,36.8,430.0,20.7,549.0,96.3,135.0,50.6,286.0,96.9,32.0,43.6,165.0,73.6,182.0,34.0
307.0,,Daegu Gyeongbuk Institute of Science and Technology (DGIST),KR,South Korea,S,FO,VH,2,A,10.4,601,7.5,601.0,89.0,90.0,100.0,7.0,5.3,701.0,3.7,701.0,1.0,701.0,4.7,701.0,,,34.0
307.0,425.0,Swansea University,UK,United Kingdom,L,FC,HI,5,A,21.0,418,45.0,193.0,23.6,608.0,27.4,460.0,73.1,261.0,54.1,271.0,59.0,254.0,10.6,701.0,61.0,248.0,33.9
307.0,361.0,Universiti Teknologi PETRONAS (UTP),MY,Malaysia,S,SP,,3,B,18.2,491,31.6,313.0,34.6,463.0,65.7,167.0,85.2,207.0,18.5,567.0,24.2,505.0,9.9,701.0,2.9,701.0,33.9
307.0,293.0,University of Tasmania,AU,Australia,M,CO,VH,5,A,17.2,520,7.8,601.0,17.7,701.0,58.1,220.0,75.1,254.0,95.8,84.0,48.8,320.0,14.8,562.0,47.2,323.0,33.9
310.0,,Hamad Bin Khalifa University,QA,Qatar,S,FO,VH,3,A,11.5,601,3.9,601.0,100.0,4.0,88.6,79.0,,,,,28.1,469.0,10.3,701.0,,,33.8
310.0,233.0,Universitat Pompeu Fabra (Barcelona),ES,Spain,M,FO,VH,3,A,30.9,282,22.8,417.0,13.1,701.0,55.6,232.0,77.9,238.0,26.6,455.0,38.4,389.0,15.3,551.0,13.2,633.0,33.8
312.0,355.0,Universität Stuttgart,DE,Germany,L,CO,VH,5,A,23.7,361,27.2,357.0,6.1,701.0,64.8,177.0,37.4,430.0,49.8,296.0,36.5,405.0,19.4,430.0,33.8,411.0,33.7
313.0,339.0,Indiana University Bloomington,US,United States,XL,FC,VH,5,A,35.1,246,24.4,397.0,30.5,514.0,21.6,533.0,40.5,409.0,12.7,667.0,68.5,205.0,52.2,122.0,62.5,239.0,33.5
313.0,392.0,University of Oulu,FI,Finland,M,FC,VH,4,A,15.8,553,17.3,502.0,26.4,564.0,56.9,228.0,52.5,348.0,9.4,701.0,75.4,168.0,16.6,511.0,88.4,103.0,33.5
315.0,363.0,Quaid-i-Azam University,PK,Pakistan,M,CO,VH,4,A,15.8,552,40.3,234.0,2.8,701.0,97.0,40.0,3.4,701.0,1.4,701.0,23.0,519.0,5.8,701.0,23.0,514.0,33.4
315.0,270.0,Saint Petersburg State University,RU,Russia,L,FC,VH,5,A,40.8,207,24.0,403.0,61.6,228.0,5.1,701.0,5.2,701.0,41.7,335.0,69.5,198.0,52.8,120.0,36.1,391.0,33.4
315.0,291.0,University of Turku,FI,Finland,L,FC,VH,5,A,28.3,311,21.1,440.0,52.3,302.0,32.4,417.0,27.2,505.0,4.3,701.0,62.9,227.0,27.8,291.0,77.7,163.0,33.4
318.0,328.0,Simon Fraser University,CA,Canada,L,CO,VH,4,A,25.5,343,13.5,600.0,5.7,701.0,42.5,315.0,96.8,128.0,86.3,139.0,34.5,423.0,17.6,474.0,54.3,283.0,33.3
319.0,230.0,Bauman Moscow State Technical University,RU,Russia,L,CO,VH,5,A,31.3,279,44.4,202.0,100.0,18.0,1.4,701.0,53.6,343.0,58.9,256.0,1.0,701.0,12.2,701.0,10.5,663.0,33.2
319.0,259.0,Sciences Po,FR,France,L,SP,,5,A,17.7,502,27.6,353.0,88.0,94.0,3.2,701.0,54.9,337.0,97.1,73.0,1.4,701.0,76.3,55.0,54.6,279.0,33.2
319.0,320.0,Universidad Carlos III de Madrid (UC3M),ES,Spain,L,FO,VH,3,A,32.9,265,49.1,177.0,53.3,290.0,4.8,701.0,56.5,328.0,41.2,337.0,18.5,556.0,12.9,668.0,62.5,239.0,33.2
322.0,359.0,University of Victoria (UVic),CA,Canada,L,CO,VH,4,A,17.3,514,7.6,601.0,3.5,701.0,65.0,174.0,95.2,149.0,48.6,304.0,19.0,551.0,12.2,701.0,89.8,94.0,33.0
323.0,267.0,Sun Yat-sen University,CN,China (Mainland),XL,FC,VH,4,A,36.4,238,22.3,423.0,48.8,321.0,44.1,304.0,2.4,701.0,4.2,701.0,33.3,429.0,16.7,508.0,38.4,373.0,32.8
323.0,317.0,University of Illinois at Chicago (UIC),US,United States,XL,FC,VH,5,A,40.9,206,23.5,408.0,31.6,497.0,26.2,469.0,8.5,701.0,17.0,586.0,50.1,312.0,31.5,242.0,62.8,235.0,32.8
323.0,,University of Pretoria,ZA,South Africa,XL,FC,VH,5,A,23.6,365,52.3,155.0,3.5,701.0,20.7,550.0,25.0,535.0,6.4,701.0,97.6,26.0,58.4,104.0,78.4,158.0,32.8
326.0,363.0,University of South Australia,AU,Australia,L,CO,VH,3,A,22.5,390,14.0,580.0,22.4,625.0,32.8,415.0,99.8,80.0,45.1,322.0,58.6,256.0,15.4,544.0,81.7,137.0,32.7
326.0,347.0,University of Southern Denmark (SDU),DK,Denmark,L,CO,VH,4,A,20.0,441,18.0,485.0,27.1,558.0,40.7,337.0,83.2,220.0,22.7,503.0,49.7,315.0,17.7,469.0,88.7,100.0,32.7
328.0,355.0,"City, University of London",UK,United Kingdom,L,CO,VH,5,A,21.4,405,18.1,483.0,6.7,701.0,42.2,321.0,95.0,151.0,99.3,46.0,22.1,527.0,28.3,284.0,41.7,356.0,32.6
328.0,288.0,Gwangju Institute of Science and Technology (GIST),KR,South Korea,S,FO,VH,3,A,17.4,513,8.9,601.0,38.4,411.0,100.0,5.0,21.6,577.0,10.0,701.0,1.3,701.0,8.1,701.0,2.1,701.0,32.6
328.0,300.0,Université Paris 1 Panthéon-Sorbonne,FR,France,XL,FO,VH,5,A,65.2,104,24.9,385.0,4.2,701.0,3.4,701.0,38.2,421.0,46.4,314.0,30.0,458.0,32.2,238.0,16.3,588.0,32.6
328.0,240.0,USI - Università della Svizzera italiana,CH,Switzerland,S,FO,VH,3,A,5.8,601,3.9,601.0,82.9,120.0,56.4,229.0,100.0,23.0,100.0,11.0,4.2,701.0,7.9,701.0,1.2,701.0,32.6
332.0,270.0,Kyung Hee University,KR,South Korea,L,FC,VH,4,B,28.0,312,41.6,224.0,84.8,106.0,14.0,657.0,14.2,684.0,54.0,272.0,16.7,577.0,12.1,701.0,33.5,413.0,32.5
332.0,375.0,"University of California, Santa Cruz",US,United States,L,CO,VH,4,A,18.4,487,4.9,601.0,7.2,701.0,79.6,111.0,63.6,304.0,8.9,701.0,19.3,547.0,10.7,701.0,89.1,95.0,32.5
334.0,380.0,Sharif University of Technology,IR,"Iran, Islamic Republic of",M,FO,VH,4,A,10.1,601,43.8,207.0,6.1,701.0,99.1,19.0,7.3,701.0,1.3,701.0,9.7,675.0,25.7,321.0,1.9,701.0,32.4
335.0,416.0,University of Naples - Federico II,IT,Italy,XL,FC,VH,5,A,35.2,245,17.0,508.0,4.3,701.0,61.8,197.0,2.4,701.0,1.1,701.0,81.6,137.0,7.1,701.0,34.6,403.0,32.3
336.0,330.0,Aalborg University,DK,Denmark,L,FC,VH,3,A,20.0,442,22.2,424.0,31.5,500.0,42.4,317.0,76.4,244.0,18.2,570.0,79.2,151.0,14.7,569.0,35.8,393.0,32.2
336.0,,Middle East Technical University,TR,Turkey,L,CO,VH,4,A,29.0,299,63.7,125.0,9.0,701.0,22.2,525.0,11.3,701.0,17.4,583.0,32.2,443.0,24.6,339.0,84.8,120.0,32.2
336.0,363.0,Pontificia Universidad Católica del Perú,PE,Peru,L,FO,VH,5,B,46.3,177,77.1,75.0,25.9,572.0,1.8,701.0,3.9,701.0,1.4,701.0,2.5,701.0,35.2,214.0,31.3,428.0,32.2
336.0,375.0,University of Kent,UK,United Kingdom,L,CO,VH,4,A,17.0,522,6.7,601.0,13.3,701.0,43.9,306.0,96.6,133.0,72.8,195.0,43.0,354.0,20.2,413.0,85.2,118.0,32.2
340.0,355.0,Beijing Institute of Technology,CN,China (Mainland),L,FO,VH,4,A,22.7,385,18.1,484.0,41.1,381.0,76.4,125.0,3.1,701.0,4.2,701.0,17.1,572.0,14.1,599.0,23.7,506.0,32.1
340.0,362.0,George Washington University,US,United States,L,FC,VH,5,B,26.9,323,24.5,393.0,28.3,541.0,29.3,439.0,31.6,478.0,27.6,444.0,61.0,239.0,49.5,135.0,62.8,235.0,32.1
342.0,295.0,RUDN University,RU,Russia,L,FC,VH,4,A,22.4,395,45.0,192.0,92.2,74.0,2.0,701.0,8.2,701.0,92.7,103.0,60.1,242.0,12.2,701.0,4.4,701.0,32.0
343.0,412.0,Brunel University London,UK,United Kingdom,L,CO,VH,4,A,11.3,601,13.3,601.0,7.9,701.0,44.2,303.0,99.7,84.0,99.6,39.0,56.9,269.0,18.5,450.0,62.8,235.0,31.9
344.0,,University of Aveiro,PT,Portugal,L,CO,VH,4,A,13.4,601,6.6,601.0,13.8,701.0,84.3,98.0,4.3,701.0,13.5,651.0,72.3,188.0,6.7,701.0,69.3,210.0,31.6
345.0,369.0,Airlangga University,ID,Indonesia,L,FC,HI,4,A,34.0,254,72.5,95.0,52.4,301.0,1.4,701.0,44.6,379.0,6.3,701.0,1.4,701.0,14.4,582.0,30.5,444.0,31.5
345.0,473.0,University of Saskatchewan,CA,Canada,L,FC,VH,5,A,12.0,601,6.8,601.0,17.3,701.0,54.3,237.0,70.0,279.0,51.8,280.0,47.2,331.0,20.9,396.0,94.9,56.0,31.5
347.0,422.0,National Technical University of Athens,GR,Greece,L,FO,VH,5,A,20.5,425,42.7,215.0,4.7,701.0,72.3,137.0,1.3,701.0,4.3,701.0,32.0,447.0,31.8,240.0,7.8,701.0,31.4
347.0,382.0,Pontificia Universidad Javeriana,CO,Colombia,L,FC,HI,5,B,43.2,198,72.7,94.0,22.9,619.0,1.7,701.0,4.0,701.0,2.7,701.0,4.2,701.0,57.3,107.0,29.1,456.0,31.4
349.0,488.0,Universidad Politécnica de Madrid (UPM),ES,Spain,XL,SP,,4,A,31.2,280,49.3,176.0,14.9,701.0,11.4,701.0,3.2,701.0,30.7,416.0,59.9,243.0,37.3,196.0,83.5,128.0,31.3
349.0,404.0,University of Pisa,IT,Italy,L,FC,VH,5,A,40.4,211,12.7,601.0,7.5,701.0,41.1,333.0,5.9,701.0,4.1,701.0,67.6,209.0,13.4,642.0,73.6,182.0,31.3
351.0,388.0,Lappeenranta-Lahti University of Technology LUT,FI,Finland,S,SP,,4,A,6.9,601,13.3,601.0,11.1,701.0,97.7,36.0,45.2,378.0,18.2,573.0,14.7,599.0,11.4,701.0,39.0,367.0,31.2
351.0,438.0,University of Coimbra,PT,Portugal,L,FC,VH,5,A,28.9,304,13.1,601.0,11.3,701.0,41.6,329.0,10.7,701.0,37.7,364.0,78.8,153.0,15.6,537.0,79.5,154.0,31.2
353.0,456.0,York University,CA,Canada,XL,CO,VH,4,A,23.0,377,21.0,441.0,4.6,701.0,29.2,440.0,50.6,356.0,81.2,157.0,28.0,471.0,53.2,119.0,80.8,144.0,31.1
354.0,343.0,Universitat Politècnica de Catalunya · BarcelonaTech (UPC),ES,Spain,L,FO,VH,4,A,31.9,274,22.0,426.0,41.2,380.0,22.3,524.0,8.0,701.0,21.2,532.0,72.8,183.0,15.1,556.0,73.3,186.0,31.0
355.0,277.0,L.N. Gumilyov Eurasian National University (ENU),KZ,Kazakhstan,L,FO,VH,3,A,29.5,293,51.7,157.0,96.8,53.0,1.4,701.0,59.3,319.0,5.7,701.0,1.1,701.0,10.9,701.0,9.6,678.0,30.9
355.0,406.0,Sichuan University,CN,China (Mainland),XL,FC,VH,3,A,20.1,436,7.6,601.0,11.4,701.0,94.7,55.0,6.6,701.0,5.4,701.0,26.2,490.0,14.8,564.0,18.8,555.0,30.9
355.0,312.0,University of Tsukuba,JP,Japan,L,FC,VH,4,A,35.8,242,24.0,402.0,59.0,243.0,19.0,569.0,13.8,691.0,21.2,529.0,31.7,450.0,11.5,701.0,57.7,259.0,30.9
358.0,460.0,University of Florence,IT,Italy,XL,FC,VH,5,A,33.6,259,5.7,601.0,4.1,701.0,49.6,266.0,8.1,701.0,10.7,701.0,73.0,181.0,17.4,476.0,81.1,142.0,30.8
358.0,296.0,University of Tartu,EE,Estonia,M,FC,VH,5,A,24.4,355,9.0,601.0,91.5,78.0,11.5,701.0,46.5,372.0,22.2,513.0,73.7,177.0,42.1,171.0,27.6,471.0,30.8
360.0,396.0,Shandong University,CN,China (Mainland),XL,FC,VH,4,A,15.6,558,31.8,310.0,17.6,701.0,78.7,118.0,8.8,701.0,3.4,701.0,16.3,580.0,17.4,480.0,28.4,463.0,30.7
360.0,,University of Tehran,IR,"Iran, Islamic Republic of",XL,CO,VH,4,A,18.7,476,38.8,249.0,3.4,701.0,67.5,159.0,2.1,701.0,1.8,701.0,68.6,203.0,17.5,475.0,18.4,560.0,30.7
362.0,368.0,Lincoln University,NZ,New Zealand,S,CO,VH,3,A,7.9,601,5.3,601.0,39.9,393.0,51.5,253.0,100.0,62.0,91.0,113.0,1.2,701.0,31.7,241.0,37.8,379.0,30.6
362.0,308.0,Universität Innsbruck,AT,Austria,L,FC,HI,5,A,20.2,433,7.0,601.0,69.2,187.0,11.2,701.0,100.0,65.0,100.0,27.0,32.9,434.0,35.7,208.0,16.5,586.0,30.6
364.0,369.0,American University of Sharjah,AE,United Arab Emirates,S,CO,VH,3,B,20.0,438,39.1,243.0,20.7,653.0,20.0,559.0,100.0,2.0,100.0,6.0,6.4,701.0,36.9,202.0,3.0,701.0,30.3
364.0,384.0,Indian Institute of Technology Guwahati (IITG),IN,India,M,CO,VH,3,A,17.0,523,25.2,381.0,7.7,701.0,98.1,32.0,3.0,701.0,1.3,701.0,5.8,701.0,5.5,701.0,4.4,701.0,30.3
364.0,475.0,University of Turin,IT,Italy,XL,FC,VH,5,A,39.8,213,5.7,601.0,2.9,701.0,36.8,380.0,4.6,701.0,5.4,701.0,69.4,199.0,32.5,236.0,84.3,123.0,30.3
367.0,334.0,National University of Sciences And Technology (NUST) Islamabad,PK,Pakistan,M,CO,VH,3,A,18.9,472,72.7,93.0,77.4,151.0,11.7,701.0,2.6,701.0,3.9,701.0,23.5,512.0,9.0,701.0,30.7,438.0,30.2
368.0,473.0,University of Cyprus (UCY),CY,Cyprus,M,CO,VH,3,A,8.9,601,3.1,601.0,4.9,701.0,77.8,123.0,92.9,165.0,25.4,471.0,55.9,279.0,18.6,448.0,24.4,497.0,30.1
369.0,369.0,Indian Institute of Technology Roorkee (IITR),IN,India,M,FO,VH,5,A,17.8,500,22.5,421.0,7.8,701.0,91.2,72.0,1.3,701.0,2.2,701.0,3.6,701.0,10.5,701.0,27.6,471.0,30.0
369.0,246.0,Yeshiva University,US,United States,M,FC,VH,5,B,2.8,601,3.3,601.0,75.0,167.0,99.7,14.0,,,8.9,701.0,3.6,701.0,10.4,701.0,1.3,701.0,30.0
371.0,,Cairo University,EG,Egypt,XL,FC,VH,5,A,43.7,193,33.2,297.0,8.0,701.0,2.8,701.0,2.7,701.0,6.2,701.0,48.7,321.0,72.5,63.0,78.6,157.0,29.9
371.0,398.0,Tilburg University,NL,Netherlands,L,FO,VH,4,A,15.2,573,33.4,294.0,10.4,701.0,44.2,302.0,96.6,131.0,58.4,259.0,9.4,683.0,14.1,602.0,31.0,432.0,29.9
371.0,333.0,Universidade Federal do Rio de Janeiro,BR,Brazil,XL,FC,VH,5,A,60.1,119,17.0,509.0,15.4,701.0,8.3,701.0,7.9,701.0,1.6,701.0,51.7,302.0,36.8,203.0,23.0,514.0,29.9
374.0,343.0,"Birkbeck, University of London",UK,United Kingdom,M,FO,VH,5,A,10.8,601,3.5,601.0,14.1,701.0,65.1,172.0,97.5,123.0,98.0,62.0,9.1,692.0,12.3,701.0,12.0,642.0,29.7
375.0,,Western Sydney University,AU,Australia,XL,FC,HI,3,A,18.4,483,15.0,546.0,4.5,701.0,29.5,437.0,100.0,48.0,39.2,351.0,68.3,206.0,10.3,701.0,90.4,92.0,29.5
375.0,443.0,Amirkabir University of Technology,IR,"Iran, Islamic Republic of",M,FO,VH,4,A,4.1,601,33.4,295.0,5.1,701.0,99.8,13.0,15.9,652.0,2.8,701.0,9.5,681.0,10.3,701.0,16.5,586.0,29.5
375.0,388.0,Northeastern University,US,United States,L,CO,VH,5,B,19.4,463,9.5,601.0,19.1,691.0,24.2,497.0,60.2,316.0,94.3,90.0,33.2,433.0,35.4,211.0,87.3,112.0,29.5
375.0,416.0,Ruhr-Universität Bochum,DE,Germany,XL,FC,VH,4,A,21.2,411,11.0,601.0,2.3,701.0,59.7,208.0,61.1,314.0,29.6,425.0,62.3,231.0,14.7,570.0,18.0,567.0,29.5
379.0,312.0,Tufts University,US,United States,L,FC,VH,5,B,18.1,497,5.3,601.0,56.2,263.0,42.9,312.0,25.2,532.0,36.2,374.0,18.9,552.0,47.7,143.0,50.9,301.0,29.4
380.0,425.0,Flinders University,AU,Australia,L,FC,VH,4,A,13.3,601,6.7,601.0,6.5,701.0,42.6,313.0,97.0,127.0,89.5,119.0,38.9,385.0,10.5,701.0,64.8,226.0,29.2
381.0,,University of Luxembourg,LU,Luxembourg,M,CO,VH,2,,9.1,601,4.9,601.0,77.2,152.0,28.6,447.0,100.0,14.0,100.0,24.0,18.4,557.0,25.6,323.0,,,29.1
382.0,256.0,Mahidol University,TH,Thailand,L,FC,VH,4,A,42.4,200,30.3,322.0,77.7,147.0,4.7,701.0,6.0,701.0,5.1,701.0,10.3,666.0,11.0,701.0,27.6,471.0,29.0
382.0,,Université de Montpellier,FR,France,XL,FO,VH,5,A,19.4,461,3.4,601.0,8.9,701.0,57.6,224.0,23.9,550.0,32.3,398.0,99.8,9.0,10.7,701.0,38.7,370.0,29.0
384.0,378.0,Nankai University,CN,China (Mainland),XL,FC,VH,4,A,21.1,414,8.6,601.0,29.5,526.0,73.9,132.0,11.2,701.0,3.5,701.0,8.1,701.0,18.9,440.0,22.5,521.0,28.6
384.0,384.0,Westfälische Wilhelms-Universität Münster,DE,Germany,L,FC,VH,5,A,31.5,278,24.6,389.0,55.3,271.0,12.5,688.0,30.3,489.0,4.9,701.0,59.1,252.0,26.1,314.0,27.6,471.0,28.6
386.0,380.0,University of Hawaiʻi at Mānoa,US,United States,L,FC,VH,5,A,16.1,543,8.5,601.0,36.8,429.0,48.6,279.0,53.0,345.0,12.9,664.0,53.7,293.0,10.7,701.0,47.5,320.0,28.4
387.0,490.0,Aix-Marseille University,FR,France,XL,FC,VH,5,A,36.1,241,4.5,601.0,8.3,701.0,26.5,468.0,18.5,609.0,19.9,549.0,99.4,13.0,11.3,701.0,64.5,228.0,28.3
387.0,288.0,Belarusian State University,BY,Belarus,L,FO,VH,5,A,26.6,327,42.5,219.0,95.3,61.0,1.3,701.0,4.1,701.0,49.9,294.0,3.4,701.0,24.5,341.0,1.4,701.0,28.3
387.0,,Concordia University,CA,Canada,XL,CO,VH,3,A,15.0,580,15.2,544.0,3.0,701.0,23.7,504.0,80.3,227.0,89.3,122.0,40.4,373.0,30.2,254.0,88.8,97.0,28.3
387.0,327.0,National Taiwan University of Science and Technology (Taiwan Tech),TW,Taiwan,M,FO,VH,3,A,27.1,321,37.8,256.0,43.6,360.0,27.0,463.0,17.5,622.0,31.1,410.0,1.9,701.0,18.5,451.0,26.6,481.0,28.3
387.0,256.0,Universiti Brunei Darussalam (UBD),BN,Brunei,S,CO,VH,3,A,21.0,420,5.5,601.0,96.3,54.0,8.2,701.0,100.0,47.0,65.1,231.0,2.3,701.0,27.4,296.0,4.0,701.0,28.3
392.0,457.0,Institut National des Sciences Appliquées de Lyon (INSA),FR,France,M,FO,VH,4,A,7.8,601,29.4,331.0,37.1,425.0,50.8,258.0,29.4,492.0,69.3,213.0,18.8,553.0,12.8,674.0,20.5,540.0,28.2
392.0,406.0,South China University of Technology,CN,China (Mainland),XL,CO,VH,3,A,12.5,601,4.2,601.0,19.0,694.0,95.4,50.0,10.4,701.0,4.5,701.0,9.7,674.0,21.9,380.0,10.2,667.0,28.2
392.0,408.0,Technion - Israel Institute of Technology,IL,Israel,L,FC,VH,5,A,25.4,345,27.8,347.0,43.9,358.0,25.4,479.0,64.8,296.0,4.6,701.0,12.8,628.0,30.7,250.0,26.1,485.0,28.2
392.0,422.0,Xiamen University,CN,China (Mainland),XL,FC,VH,4,A,25.9,340,11.6,601.0,20.0,664.0,65.3,170.0,5.4,701.0,3.4,701.0,25.4,494.0,21.5,387.0,17.1,579.0,28.2
396.0,490.0,Justus-Liebig-University Giessen,DE,Germany,L,FC,VH,5,A,13.6,601,6.1,601.0,1.7,701.0,85.7,92.0,12.1,701.0,18.9,561.0,63.8,221.0,9.5,701.0,11.1,655.0,28.1
396.0,322.0,Kazan (Volga region) Federal University,RU,Russia,L,FC,VH,5,A,22.7,387,7.6,601.0,93.7,68.0,2.8,701.0,10.5,701.0,96.1,82.0,61.7,234.0,11.2,701.0,24.4,497.0,28.1
396.0,416.0,"Stony Brook University, State University of New York",US,United States,L,FC,VH,4,A,18.9,473,7.6,601.0,30.4,517.0,31.8,424.0,45.2,376.0,51.0,285.0,34.4,424.0,18.5,449.0,88.8,97.0,28.1
399.0,308.0,HSE University,RU,Russia,XL,FO,VH,3,A,27.3,318,31.9,308.0,90.7,82.0,1.9,701.0,6.3,701.0,16.1,597.0,71.1,191.0,13.4,639.0,5.1,701.0,28.0
400.0,481.0,Iowa State University,US,United States,L,CO,VH,5,A,20.0,440,13.5,597.0,8.4,701.0,58.7,217.0,4.6,701.0,11.1,690.0,50.9,307.0,27.2,300.0,51.8,295.0,27.9
400.0,,Masaryk University,CZ,Czech Republic,XL,CO,VH,5,A,23.2,371,32.2,305.0,10.4,701.0,15.2,628.0,31.0,481.0,68.7,215.0,56.2,276.0,14.6,575.0,69.9,207.0,27.9
400.0,369.0,Universidade Nova de Lisboa,PT,Portugal,L,FC,VH,4,A,28.0,313,20.2,452.0,19.6,679.0,24.2,498.0,24.0,548.0,47.0,309.0,63.5,224.0,18.8,444.0,40.2,362.0,27.9
403.0,494.0,University of Granada,ES,Spain,XL,FC,VH,5,A,44.0,192,9.8,601.0,5.6,701.0,23.3,509.0,3.4,701.0,16.1,598.0,96.8,34.0,5.1,701.0,36.1,391.0,27.8
404.0,,Istanbul Technical University,TR,Turkey,L,FO,VH,5,A,24.2,357,60.4,131.0,12.1,701.0,13.3,674.0,7.3,701.0,18.3,569.0,37.2,398.0,23.0,365.0,63.1,232.0,27.6
404.0,453.0,"University of California, Riverside",US,United States,L,FC,VH,4,A,17.5,505,7.0,601.0,6.7,701.0,59.9,207.0,63.0,307.0,9.1,701.0,45.1,346.0,10.0,701.0,46.6,327.0,27.6
404.0,412.0,University of the Philippines,PH,Philippines,XL,FC,HI,5,A,34.4,250,58.9,136.0,38.0,415.0,1.9,701.0,1.6,701.0,1.1,701.0,9.3,685.0,35.3,213.0,38.7,370.0,27.6
407.0,486.0,Auckland University of Technology (AUT),NZ,New Zealand,L,CO,VH,2,A,19.3,464,11.7,601.0,10.3,701.0,18.5,575.0,100.0,59.0,99.3,48.0,12.0,635.0,19.3,433.0,71.5,196.0,27.4
407.0,,University of Delhi,IN,India,L,FC,VH,5,A,36.1,240,28.2,344.0,3.9,701.0,22.5,522.0,1.4,701.0,1.7,701.0,24.7,502.0,91.4,34.0,31.0,432.0,27.4
409.0,408.0,Colorado State University,US,United States,L,CO,VH,5,A,18.8,475,18.2,482.0,56.8,258.0,20.3,553.0,12.3,701.0,4.2,701.0,54.9,285.0,15.0,559.0,97.7,29.0,27.3
410.0,465.0,Universidad de Santiago de Chile (USACH),CL,Chile,L,FC,HI,5,A,43.3,197,72.9,92.0,8.7,701.0,4.0,701.0,6.6,701.0,2.2,701.0,7.3,701.0,4.0,701.0,12.9,635.0,27.2
410.0,369.0,University of Kansas,US,United States,L,FC,VH,5,A,15.1,577,13.3,601.0,83.6,116.0,9.0,701.0,72.6,263.0,7.8,701.0,35.7,414.0,23.5,359.0,71.8,194.0,27.2
410.0,,University of Southern Queensland,AU,Australia,M,CO,VH,3,A,8.5,601,6.8,601.0,4.5,701.0,59.6,209.0,76.1,245.0,26.3,462.0,60.6,240.0,12.0,701.0,51.2,299.0,27.2
413.0,438.0,Oxford Brookes University,UK,United Kingdom,L,CO,HI,3,A,28.9,301,29.7,329.0,13.8,701.0,8.4,701.0,68.8,282.0,70.3,209.0,27.1,481.0,18.4,454.0,34.3,409.0,27.1
413.0,402.0,Royal Holloway University of London,UK,United Kingdom,M,CO,VH,5,A,16.0,546,5.7,601.0,13.7,701.0,36.3,384.0,94.4,155.0,88.7,125.0,23.7,511.0,11.1,701.0,38.1,377.0,27.1
415.0,461.0,James Cook University,AU,Australia,M,FC,VH,4,A,15.4,567,8.7,601.0,14.1,701.0,51.1,255.0,42.0,393.0,13.5,650.0,42.5,359.0,9.0,701.0,83.3,131.0,27.0
415.0,267.0,Moscow Institute of Physics and Technology (MIPT / Moscow Phystech),RU,Russia,M,FO,VH,4,A,19.8,446,19.9,455.0,96.0,57.0,16.0,620.0,31.4,480.0,53.1,273.0,5.4,701.0,15.7,534.0,1.2,701.0,27.0
415.0,416.0,The American University in Cairo,EG,Egypt,M,CO,HI,5,B,30.3,287,23.8,405.0,42.8,368.0,4.6,701.0,97.9,115.0,3.9,701.0,1.4,701.0,63.3,92.0,16.3,588.0,27.0
418.0,264.0,Tomsk State University,RU,Russia,M,CO,VH,5,A,23.1,376,10.9,601.0,99.4,32.0,5.1,701.0,23.7,555.0,91.5,109.0,23.4,514.0,7.3,701.0,3.0,701.0,26.9
419.0,477.0,UNESP,BR,Brazil,XL,FC,VH,3,A,39.3,219,34.6,282.0,15.0,701.0,16.2,614.0,6.2,701.0,2.8,701.0,34.5,422.0,5.7,701.0,53.7,287.0,26.8
419.0,443.0,Washington State University,US,United States,L,FC,VH,5,A,24.4,354,17.9,489.0,16.2,701.0,35.4,386.0,50.0,358.0,5.5,701.0,46.5,335.0,11.1,701.0,49.7,309.0,26.8
421.0,284.0,Graz University of Technology,AT,Austria,M,FO,VH,5,A,14.5,595,11.0,601.0,99.5,31.0,13.6,664.0,75.0,255.0,58.8,258.0,10.4,664.0,13.6,629.0,4.2,701.0,26.7
421.0,260.0,Novosibirsk State University,RU,Russia,M,CO,VH,4,A,27.5,317,14.4,572.0,93.5,69.0,12.6,685.0,6.7,701.0,56.3,264.0,5.3,701.0,12.9,667.0,6.8,701.0,26.7
421.0,,Université de Liège,BE,Belgium,L,FC,VH,5,A,18.1,495,16.3,524.0,12.9,701.0,27.2,461.0,50.7,355.0,48.5,306.0,79.3,149.0,16.2,516.0,47.8,318.0,26.7
421.0,434.0,Université de Strasbourg,FR,France,XL,FC,VH,5,A,39.6,216,7.9,601.0,5.3,701.0,23.1,512.0,35.6,449.0,38.6,357.0,70.2,194.0,10.9,701.0,14.9,614.0,26.7
421.0,,University of Canberra,AU,Australia,M,CO,VH,3,A,13.7,601,7.3,601.0,2.3,701.0,51.7,251.0,87.0,199.0,58.9,255.0,8.9,700.0,9.8,701.0,55.2,275.0,26.7
426.0,,University of Limerick,IE,Ireland,L,FC,HI,4,A,17.5,507,29.1,337.0,14.0,701.0,21.9,529.0,88.4,190.0,28.6,434.0,34.6,421.0,13.9,614.0,58.9,254.0,26.6
427.0,,Anna University,IN,India,L,FO,VH,3,A,8.5,601,8.5,601.0,5.3,701.0,99.8,12.0,,,1.5,701.0,33.8,427.0,9.8,701.0,,,26.5
428.0,347.0,IE University,ES,Spain,M,FO,HI,2,C,7.0,601,40.9,230.0,56.2,262.0,2.6,701.0,94.6,154.0,100.0,4.0,1.0,701.0,39.4,183.0,6.0,701.0,26.4
429.0,,Singapore University of Technology and Design,SG,Singapore,S,SP,,2,,7.0,601,5.8,601.0,99.2,34.0,64.6,180.0,,,,,3.1,701.0,7.5,701.0,,,26.3
429.0,457.0,University of Trento,IT,Italy,L,CO,VH,4,A,24.6,352,8.9,601.0,19.3,685.0,44.0,305.0,26.9,509.0,6.2,701.0,61.0,238.0,9.3,701.0,34.9,400.0,26.3
431.0,477.0,Koç University,TR,Turkey,M,FC,HI,3,B,22.4,393,47.3,187.0,24.0,591.0,28.6,448.0,27.3,504.0,11.2,687.0,6.4,701.0,11.0,701.0,29.9,449.0,26.2
431.0,,Murdoch University,AU,Australia,M,CO,VH,3,A,7.3,601,5.3,601.0,5.4,701.0,53.1,242.0,86.3,200.0,76.6,178.0,40.1,378.0,14.2,593.0,23.7,506.0,26.2
431.0,436.0,National Taipei University of Technology,TW,Taiwan,M,FO,VH,3,A,15.0,584,57.7,144.0,27.0,560.0,34.3,398.0,21.1,582.0,18.2,571.0,1.3,701.0,17.3,485.0,12.6,638.0,26.2
431.0,332.0,National Taiwan Normal University,TW,Taiwan,M,CO,VH,4,A,34.5,248,20.8,448.0,65.4,209.0,5.9,701.0,14.5,674.0,26.7,452.0,1.5,701.0,14.7,571.0,43.2,344.0,26.2
431.0,,University of Stirling,UK,United Kingdom,M,CO,VH,4,A,11.5,601,10.2,601.0,10.5,701.0,34.7,391.0,71.9,266.0,83.5,149.0,14.4,607.0,14.8,566.0,79.8,152.0,26.2
436.0,471.0,Dublin City University,IE,Ireland,L,FC,HI,3,A,19.7,452,27.0,360.0,25.6,575.0,12.4,690.0,76.0,248.0,19.3,557.0,19.3,548.0,24.8,334.0,81.7,137.0,26.0
436.0,,Sejong University,KR,South Korea,L,CO,VH,3,B,13.8,601,17.3,504.0,14.7,701.0,65.5,169.0,24.6,542.0,26.7,451.0,29.2,462.0,5.7,701.0,8.7,691.0,26.0
436.0,415.0,Tampere University,FI,Finland,L,FC,VH,1,A,22.5,391,19.5,463.0,23.9,595.0,31.8,422.0,32.0,473.0,6.4,701.0,56.4,275.0,20.6,406.0,37.2,387.0,26.0
436.0,428.0,University of Science and Technology Beijing,CN,China (Mainland),L,CO,VH,3,A,12.6,601,3.0,601.0,10.7,701.0,97.3,39.0,3.3,701.0,3.0,701.0,9.2,691.0,6.2,701.0,3.3,701.0,26.0
436.0,,University of St.Gallen (HSG),CH,Switzerland,M,SP,,5,A,9.0,601,27.6,350.0,6.2,701.0,22.8,515.0,100.0,52.0,83.1,150.0,1.0,701.0,94.8,26.0,1.6,701.0,26.0
440.0,410.0,Julius-Maximilians-Universität Würzburg,DE,Germany,L,FC,VH,5,A,17.4,511,6.0,601.0,4.9,701.0,68.0,154.0,35.5,449.0,16.4,591.0,41.9,363.0,9.5,701.0,11.7,647.0,25.9
441.0,354.0,University of Dundee,UK,United Kingdom,L,FC,HI,4,A,18.3,488,13.6,595.0,37.5,418.0,14.2,654.0,96.0,142.0,79.9,162.0,27.4,475.0,10.5,701.0,21.8,524.0,25.9
441.0,433.0,Université Laval,CA,Canada,L,FC,VH,5,A,19.9,443,11.0,601.0,25.6,577.0,25.1,484.0,67.4,290.0,36.3,372.0,55.4,280.0,24.4,343.0,31.0,432.0,25.9
441.0,392.0,University of Utah,US,United States,L,FC,VH,5,A,15.9,548,6.0,601.0,53.0,295.0,36.5,383.0,25.3,530.0,10.1,701.0,54.4,289.0,14.9,560.0,49.0,315.0,25.9
444.0,,National and Kapodistrian University of Athens,GR,Greece,XL,FC,VH,5,A,26.3,336,31.6,312.0,2.0,701.0,29.1,441.0,9.9,701.0,16.2,595.0,72.8,182.0,28.9,276.0,16.1,592.0,25.8
444.0,350.0,University of Connecticut,US,United States,L,FC,VH,5,A,15.1,576,6.9,601.0,14.5,701.0,41.6,327.0,47.0,368.0,19.0,560.0,61.4,237.0,21.7,383.0,61.9,243.0,25.8
446.0,,Aston University,UK,United Kingdom,L,CO,VH,4,A,12.9,601,22.8,416.0,10.0,701.0,34.1,400.0,93.0,164.0,38.3,359.0,50.5,310.0,18.1,463.0,12.3,640.0,25.7
446.0,350.0,Johannes Kepler University Linz,AT,Austria,M,CO,VH,4,A,12.5,601,13.5,598.0,82.9,122.0,16.1,617.0,86.3,201.0,27.2,447.0,26.5,487.0,11.1,701.0,18.4,560.0,25.7
446.0,,"The University of Tennessee, Knoxville",US,United States,L,FC,VH,5,A,10.3,601,15.4,534.0,10.8,701.0,72.5,135.0,4.2,701.0,2.5,701.0,45.2,345.0,11.9,701.0,30.7,438.0,25.7
446.0,,Toyota Technological Institute in Japan,JP,Japan,S,FO,VH,3,C,5.2,601,1.6,601.0,37.5,419.0,96.4,45.0,7.7,701.0,1.6,701.0,1.0,701.0,8.4,701.0,,,25.7
446.0,347.0,University of Jyväskylä,FI,Finland,M,FO,VH,4,A,17.2,518,12.5,601.0,86.2,100.0,15.3,626.0,40.9,404.0,2.8,701.0,54.7,287.0,11.4,701.0,30.2,447.0,25.7
451.0,,Iran University of Science and Technology,IR,"Iran, Islamic Republic of",L,FO,VH,4,A,6.6,601,23.2,410.0,2.5,701.0,94.8,54.0,,,1.5,701.0,11.1,652.0,5.5,701.0,1.5,701.0,25.6
452.0,499.0,Central South University,CN,China (Mainland),XL,FC,VH,2,A,8.8,601,3.4,601.0,5.6,701.0,98.4,28.0,6.6,701.0,3.6,701.0,13.5,616.0,9.9,701.0,8.9,689.0,25.5
452.0,,Université Claude Bernard Lyon 1,FR,France,XL,FC,VH,5,A,18.9,471,4.1,601.0,8.2,701.0,55.3,233.0,7.9,701.0,13.2,659.0,90.8,78.0,8.8,701.0,26.6,481.0,25.5
454.0,378.0,Czech Technical University in Prague,CZ,Czech Republic,L,SP,,5,A,21.5,403,37.6,259.0,75.8,161.0,4.1,701.0,25.6,526.0,39.2,349.0,15.3,592.0,13.8,618.0,1.6,701.0,25.2
454.0,396.0,Indian Institute of Technology Indore (IIT Indore),IN,India,S,FO,VH,2,A,5.6,601,4.3,601.0,33.3,478.0,94.4,57.0,2.3,701.0,1.1,701.0,1.2,701.0,8.4,701.0,2.0,701.0,25.2
454.0,461.0,Southeast University,CN,China (Mainland),XL,FC,VH,3,A,12.8,601,7.4,601.0,23.9,593.0,73.1,134.0,15.1,664.0,3.5,701.0,21.1,536.0,8.8,701.0,16.9,581.0,25.2
454.0,384.0,Sultan Qaboos University,OM,Oman,M,FC,VH,3,A,16.7,528,13.7,593.0,56.7,259.0,18.4,577.0,100.0,58.0,3.4,701.0,48.3,325.0,17.4,478.0,8.0,701.0,25.2
454.0,,Universität Mannheim,DE,Germany,M,FO,VH,5,A,16.1,545,48.6,179.0,2.1,701.0,45.1,299.0,29.1,495.0,20.9,536.0,2.0,701.0,23.8,355.0,2.5,701.0,25.2
459.0,465.0,"Essex, University of",UK,United Kingdom,L,CO,VH,4,A,16.4,535,5.1,601.0,13.0,701.0,25.6,475.0,99.8,82.0,99.0,53.0,40.1,380.0,13.4,638.0,9.6,678.0,25.1
460.0,,Universität Potsdam,DE,Germany,L,FO,VH,3,A,16.0,547,3.1,601.0,16.4,701.0,38.6,359.0,51.0,353.0,21.8,518.0,86.3,105.0,7.2,701.0,42.6,345.0,25.0
461.0,,Florida State University,US,United States,XL,FC,VH,5,A,25.1,349,25.7,374.0,6.8,701.0,30.7,430.0,15.6,659.0,3.9,701.0,40.1,379.0,20.5,407.0,54.3,283.0,24.9
461.0,308.0,National Research Nuclear University MEPhI (Moscow Engineering Physics Institute),RU,Russia,S,FO,VH,2,A,10.2,601,10.1,601.0,99.0,36.0,10.9,701.0,54.1,341.0,90.7,115.0,2.0,701.0,18.0,466.0,1.2,701.0,24.9
461.0,352.0,Universität Jena,DE,Germany,L,FC,VH,5,A,18.5,482,6.0,601.0,99.9,20.0,10.0,701.0,,,22.4,509.0,84.0,125.0,8.1,701.0,16.1,592.0,24.9
464.0,420.0,Johannes Gutenberg Universität Mainz,DE,Germany,XL,FC,VH,5,A,22.6,389,12.7,601.0,54.5,281.0,14.8,641.0,38.5,418.0,16.2,594.0,70.2,193.0,10.4,701.0,19.0,552.0,24.8
465.0,,Colorado School of Mines,US,United States,M,FO,VH,5,A,7.2,601,9.6,601.0,19.7,675.0,70.8,143.0,29.6,491.0,9.0,701.0,2.3,701.0,17.4,481.0,42.0,355.0,24.7
465.0,369.0,Umea University,SE,Sweden,L,FC,VH,4,A,19.7,449,13.9,583.0,68.3,191.0,14.9,637.0,23.8,554.0,9.6,701.0,44.8,349.0,12.7,681.0,47.8,318.0,24.7
465.0,,University of Bordeaux,FR,France,XL,FO,VH,5,A,30.2,289,5.3,601.0,14.4,701.0,21.4,537.0,25.6,527.0,19.5,554.0,91.2,74.0,11.9,701.0,35.8,393.0,24.7
465.0,,University of Sharjah,AE,United Arab Emirates,L,CO,VH,3,B,16.7,530,18.8,473.0,5.5,701.0,13.5,668.0,100.0,9.0,99.7,35.0,35.9,413.0,14.1,600.0,24.6,495.0,24.7
469.0,490.0,Ben-Gurion University of The Negev,IL,Israel,L,FC,VH,4,A,14.6,592,14.2,577.0,11.7,701.0,52.7,245.0,65.3,294.0,15.7,607.0,20.1,544.0,10.5,701.0,18.2,564.0,24.6
469.0,443.0,Illinois Institute of Technology,US,United States,M,CO,VH,5,B,14.2,601,15.6,532.0,13.0,701.0,48.5,280.0,30.1,490.0,94.1,93.0,1.5,701.0,13.6,632.0,2.5,701.0,24.6
469.0,,Università degli Studi di Pavia,IT,Italy,L,FC,VH,5,A,21.2,413,5.8,601.0,7.5,701.0,51.0,257.0,6.1,701.0,13.2,657.0,53.1,296.0,13.2,652.0,44.4,336.0,24.6
472.0,338.0,Hiroshima University,JP,Japan,L,FC,VH,4,A,23.6,366,14.0,581.0,81.0,136.0,9.6,701.0,17.3,624.0,12.9,663.0,30.0,457.0,9.8,701.0,37.5,382.0,24.5
473.0,443.0,Beihang University (former BUAA),CN,China (Mainland),L,CO,VH,2,A,13.1,601,5.5,601.0,36.1,440.0,68.7,150.0,7.5,701.0,4.9,701.0,7.0,701.0,13.1,656.0,15.2,608.0,24.4
473.0,335.0,Ural Federal University - UrFU,RU,Russia,XL,CO,VH,5,A,21.3,410,13.3,601.0,93.2,70.0,2.1,701.0,5.7,701.0,25.8,465.0,63.3,225.0,7.4,701.0,24.8,490.0,24.4
473.0,400.0,Vilnius University,LT,Lithuania,L,FC,HI,5,A,19.8,447,27.8,346.0,83.0,119.0,3.0,701.0,13.0,701.0,14.9,622.0,43.5,351.0,25.5,325.0,11.7,647.0,24.4
476.0,363.0,Kobe University,JP,Japan,L,FC,VH,4,A,28.5,308,38.8,248.0,53.2,292.0,11.6,701.0,7.4,701.0,7.7,701.0,8.7,701.0,11.9,701.0,10.9,658.0,24.3
476.0,400.0,Universitat Politècnica de València,ES,Spain,L,CO,VH,4,A,26.2,338,12.0,601.0,47.0,332.0,19.6,561.0,4.3,701.0,23.9,489.0,56.8,271.0,8.1,701.0,28.1,467.0,24.3
478.0,,Universität Konstanz,DE,Germany,M,CO,VH,4,A,20.4,430,6.9,601.0,33.7,473.0,21.2,541.0,79.8,230.0,14.2,638.0,24.1,506.0,15.6,536.0,55.8,271.0,24.2
479.0,420.0,Universität Leipzig,DE,Germany,L,FC,VH,5,A,25.4,344,10.2,601.0,71.0,181.0,9.6,701.0,,,15.8,602.0,59.3,249.0,10.0,701.0,34.6,403.0,24.1
480.0,,Missouri University of Science and Technology,US,United States,M,CO,VH,5,A,4.6,601,4.8,601.0,6.5,701.0,85.1,94.0,61.1,313.0,12.3,674.0,2.1,701.0,9.6,701.0,1.6,701.0,24.0
481.0,,Bangor University,UK,United Kingdom,M,FC,VH,5,A,8.8,601,5.3,601.0,14.9,701.0,39.7,346.0,42.2,391.0,55.4,267.0,24.6,503.0,13.0,661.0,87.4,108.0,23.9
481.0,,Hitotsubashi University,JP,Japan,M,SP,,4,A,14.4,601,80.6,72.0,28.6,538.0,2.2,701.0,21.6,578.0,22.4,508.0,1.0,701.0,38.4,190.0,1.1,701.0,23.9
481.0,,Leibniz University Hannover,DE,Germany,L,CO,VH,5,A,21.3,408,33.2,298.0,16.8,701.0,14.8,640.0,40.5,408.0,30.6,418.0,44.3,350.0,13.1,654.0,29.9,449.0,23.9
481.0,405.0,Satbayev University,KZ,Kazakhstan,M,FO,VH,4,A,23.3,370,36.0,272.0,84.3,111.0,1.2,701.0,40.5,407.0,4.2,701.0,1.0,701.0,10.5,701.0,1.3,701.0,23.9
481.0,,University of Milano-Bicocca,IT,Italy,L,FO,VH,3,A,20.6,424,9.6,601.0,2.9,701.0,57.1,227.0,3.3,701.0,4.6,701.0,45.2,344.0,13.2,650.0,29.4,453.0,24.0
485.0,,Universitat de Valencia,ES,Spain,XL,FC,VH,5,A,33.9,255,7.3,601.0,10.9,701.0,22.4,523.0,2.3,701.0,16.6,588.0,83.4,128.0,6.6,701.0,31.6,425.0,23.8
486.0,,University of Electronic Science and Technology of China,CN,China (Mainland),XL,CO,VH,4,A,4.3,601,3.0,601.0,8.6,701.0,96.4,46.0,3.4,701.0,2.6,701.0,21.7,530.0,7.6,701.0,3.5,701.0,23.7
486.0,,University of Guelph,CA,Canada,L,CO,VH,4,A,13.5,601,20.9,444.0,5.8,701.0,47.5,286.0,43.5,384.0,15.1,618.0,22.3,525.0,13.1,658.0,36.3,389.0,23.7
489.0,449.0,IPB University (a.k.a. Bogor Agricultural University),ID,Indonesia,L,CO,VH,4,A,21.6,399,39.0,244.0,66.1,203.0,1.7,701.0,54.6,339.0,3.8,701.0,1.2,701.0,24.1,347.0,3.4,701.0,23.6
489.0,499.0,"University of Rome ""Tor Vergata""",IT,Italy,L,CO,VH,3,A,31.5,277,12.6,601.0,7.6,701.0,38.1,367.0,7.1,701.0,16.2,596.0,32.8,435.0,7.8,701.0,15.2,608.0,23.6
491.0,,Dalian University of Technology,CN,China (Mainland),XL,CO,VH,4,A,9.1,601,3.2,601.0,16.8,701.0,79.8,110.0,12.2,701.0,3.2,701.0,16.3,582.0,13.7,627.0,8.7,691.0,23.5
491.0,425.0,University at Buffalo SUNY,US,United States,L,FC,VH,5,A,18.0,499,8.3,601.0,7.8,701.0,37.2,378.0,42.8,389.0,33.3,390.0,23.3,516.0,24.6,340.0,50.6,305.0,23.5
491.0,467.0,University of Iowa,US,United States,L,FC,VH,5,A,19.9,444,11.2,601.0,48.2,325.0,20.9,548.0,22.3,569.0,4.6,701.0,51.3,304.0,22.1,374.0,38.4,373.0,23.5
494.0,392.0,Chung-Ang University (CAU),KR,South Korea,L,FC,VH,4,B,19.8,445,36.2,271.0,69.5,186.0,8.9,701.0,13.8,690.0,36.3,373.0,1.7,701.0,12.8,672.0,2.5,701.0,23.4
494.0,,Hunan University,CN,China (Mainland),XL,CO,VH,4,A,8.6,601,8.4,601.0,13.8,701.0,82.0,104.0,4.9,701.0,1.9,701.0,3.8,701.0,18.7,447.0,7.0,701.0,23.4
494.0,461.0,Rensselaer Polytechnic Institute,US,United States,M,CO,VH,5,B,8.3,601,7.0,601.0,19.5,682.0,70.7,144.0,4.0,701.0,44.3,326.0,1.6,701.0,24.1,350.0,2.7,701.0,23.4
494.0,,Universidad de Sevilla,ES,Spain,XL,FC,VH,5,A,38.8,220,10.4,601.0,16.7,701.0,8.5,701.0,3.6,701.0,16.0,599.0,82.0,135.0,8.0,701.0,29.1,456.0,23.4
498.0,346.0,Ewha Womans University,KR,South Korea,L,FC,HI,4,B,26.7,325,23.0,413.0,77.4,150.0,7.7,701.0,7.8,701.0,19.8,551.0,1.6,701.0,15.3,552.0,6.9,701.0,23.2
498.0,,Ulster University,UK,United Kingdom,L,CO,VH,4,A,8.4,601,13.0,601.0,11.9,701.0,12.1,697.0,100.0,72.0,90.5,117.0,38.5,388.0,11.6,701.0,63.7,230.0,23.2
498.0,,University of Delaware,US,United States,L,CO,VH,5,A,10.3,601,7.9,601.0,6.9,701.0,59.1,212.0,36.3,444.0,13.7,649.0,28.2,468.0,19.8,419.0,31.8,424.0,23.2
498.0,,University of Jordan,JO,Jordan,XL,FC,HI,4,A,29.1,297,38.8,250.0,17.4,701.0,3.3,701.0,20.6,586.0,34.1,385.0,13.8,613.0,29.8,264.0,28.9,460.0,23.2
502.0,,Bilkent University,TR,Turkey,M,CO,VH,3,B,22.2,396,44.9,196.0,17.2,701.0,12.9,679.0,72.0,264.0,5.7,701.0,4.1,701.0,14.3,588.0,14.2,621.0,23.1
502.0,497.0,Jilin University,CN,China (Mainland),XL,FC,VH,4,A,14.3,601,47.1,189.0,39.3,405.0,23.6,506.0,12.4,701.0,2.2,701.0,17.9,563.0,18.3,458.0,13.7,627.0,23.1
502.0,,University of Portsmouth,UK,United Kingdom,L,CO,VH,3,A,8.4,601,9.6,601.0,8.7,701.0,18.7,572.0,75.1,253.0,87.3,134.0,44.8,348.0,12.6,690.0,73.1,187.0,23.1
505.0,,Macau University of Science and Technology,MO,Macau SAR,L,CO,VH,2,B,4.2,601,4.2,601.0,4.5,701.0,47.8,283.0,100.0,12.0,100.0,1.0,2.4,701.0,20.9,394.0,1.1,701.0,23.0
505.0,428.0,National Sun Yat-sen University,TW,Taiwan,M,CO,VH,3,A,26.5,330,24.4,395.0,29.5,527.0,25.2,483.0,23.8,552.0,10.3,701.0,2.5,701.0,12.1,701.0,20.9,536.0,23.0
505.0,,Oregon State University,US,United States,L,CO,VH,5,A,15.7,556,4.6,601.0,18.9,698.0,41.1,334.0,17.0,627.0,9.6,701.0,58.2,259.0,14.1,607.0,53.1,291.0,23.0
505.0,,Università Cattolica del Sacro Cuore,IT,Italy,L,FO,VH,5,B,23.5,367,31.4,314.0,35.0,453.0,13.4,672.0,10.4,701.0,12.7,668.0,9.0,696.0,26.0,318.0,44.4,336.0,23.0
509.0,457.0,Sogang University,KR,South Korea,M,CO,VH,4,B,21.5,401,49.1,178.0,55.7,269.0,5.5,701.0,7.2,701.0,24.3,483.0,1.0,701.0,16.5,513.0,1.4,701.0,22.9
509.0,,University of Bayreuth,DE,Germany,M,CO,VH,3,A,10.3,601,19.3,467.0,46.4,338.0,27.0,464.0,50.1,357.0,21.9,515.0,40.2,374.0,12.1,701.0,15.4,603.0,22.9
511.0,,East China Normal University,CN,China (Mainland),L,CO,VH,4,A,15.2,571,3.7,601.0,19.1,693.0,53.1,243.0,23.3,562.0,19.6,553.0,31.0,453.0,11.7,701.0,19.7,548.0,22.8
511.0,443.0,SOAS University of London,UK,United Kingdom,M,SP,,5,A,18.1,494,9.5,601.0,18.3,701.0,15.2,629.0,100.0,51.0,99.0,51.0,1.0,701.0,19.6,427.0,3.8,701.0,22.8
511.0,,Université Paul Sabatier Toulouse III,FR,France,L,FO,VH,5,A,18.4,485,3.4,601.0,40.4,388.0,24.8,493.0,5.5,701.0,23.5,493.0,98.2,20.0,7.4,701.0,21.8,524.0,22.8
514.0,,Boğaziçi University,TR,Turkey,L,CO,HI,5,A,23.0,378,58.4,138.0,4.0,701.0,14.3,649.0,11.1,701.0,2.6,701.0,4.9,701.0,52.7,121.0,6.2,701.0,22.7
514.0,,Duy Tan University,VN,Vietnam,L,CO,VH,3,C,10.7,601,26.3,367.0,3.8,701.0,33.6,408.0,37.0,436.0,1.2,701.0,63.7,222.0,10.9,701.0,57.4,263.0,22.7
514.0,323.0,Pontificia Universidad Católica Argentina,AR,Argentina,L,FC,MD,4,B,20.4,431,32.3,303.0,99.9,22.0,1.1,701.0,1.9,701.0,8.8,701.0,1.0,701.0,19.8,420.0,1.0,701.0,22.7
514.0,422.0,Shanghai University,CN,China (Mainland),XL,CO,VH,3,A,22.2,397,9.0,601.0,53.3,291.0,25.4,476.0,43.8,383.0,5.9,701.0,11.5,643.0,11.1,701.0,15.8,598.0,22.7
514.0,,The University of Georgia,US,United States,XL,FC,VH,5,A,20.9,421,18.2,481.0,9.7,701.0,29.7,435.0,9.7,701.0,4.5,701.0,59.1,253.0,17.7,470.0,46.6,327.0,22.7
514.0,,Universität Bremen,DE,Germany,L,CO,VH,4,A,19.7,450,8.4,601.0,16.3,701.0,24.4,496.0,41.7,394.0,26.7,453.0,77.7,160.0,7.2,701.0,28.1,467.0,22.7
520.0,,Kyungpook National University,KR,South Korea,L,FC,VH,4,A,11.1,601,18.0,486.0,64.5,217.0,17.2,597.0,9.8,701.0,20.1,545.0,7.7,701.0,43.1,168.0,54.6,279.0,22.6
520.0,432.0,Universidad Austral,AR,Argentina,S,FO,VH,3,B,19.4,460,52.5,152.0,75.4,165.0,1.8,701.0,2.4,701.0,8.5,701.0,1.0,701.0,9.4,701.0,1.2,701.0,22.6
520.0,,University of Texas Dallas,US,United States,L,FC,VH,4,A,13.3,601,11.6,601.0,3.8,701.0,54.5,236.0,5.4,701.0,35.5,376.0,23.8,509.0,8.4,701.0,41.1,358.0,22.6
523.0,,Universidad de Zaragoza,ES,Spain,L,FC,VH,5,A,22.9,381,4.5,601.0,57.6,252.0,7.1,701.0,4.1,701.0,9.7,701.0,55.3,282.0,8.0,701.0,80.6,145.0,22.5
523.0,,University of Hull,UK,United Kingdom,L,FC,HI,4,A,8.5,601,3.5,601.0,13.0,701.0,25.4,477.0,57.4,322.0,67.4,221.0,36.4,407.0,16.8,507.0,85.2,118.0,22.5
525.0,340.0,Universiti Teknologi Brunei,BN,Brunei,S,FO,VH,3,A,13.7,601,3.9,601.0,90.3,86.0,8.6,701.0,100.0,46.0,5.5,701.0,1.0,701.0,34.2,226.0,1.0,701.0,22.4
526.0,345.0,MGIMO University,RU,Russia,M,SP,,4,A,11.8,601,21.3,436.0,100.0,17.0,1.4,701.0,12.7,701.0,46.2,315.0,1.0,701.0,47.6,144.0,1.0,701.0,22.3
526.0,,Sabanci University,TR,Turkey,S,CO,VH,3,B,18.1,496,37.5,262.0,34.5,465.0,19.2,567.0,37.0,437.0,15.0,620.0,1.8,701.0,11.2,701.0,15.4,603.0,22.3
526.0,,University of Madras,IN,India,S,CO,VH,5,A,8.7,601,3.6,601.0,,,95.4,51.0,,,,,2.4,701.0,,,1.1,701.0,22.3
529.0,,Edith Cowan University,AU,Australia,L,CO,VH,3,A,8.7,601,8.1,601.0,6.2,701.0,41.0,335.0,77.5,240.0,72.6,197.0,18.7,554.0,12.0,701.0,11.7,647.0,22.2
530.0,,Aristotle University of Thessaloniki,GR,Greece,XL,FC,VH,4,A,28.7,305,25.9,370.0,3.8,701.0,13.5,667.0,1.4,701.0,4.0,701.0,75.4,169.0,15.7,532.0,36.6,388.0,22.1
530.0,,Christian-Albrechts-University zu Kiel,DE,Germany,L,FC,VH,5,A,18.6,478,10.1,601.0,47.7,328.0,16.1,616.0,,,9.4,701.0,79.9,145.0,10.5,701.0,42.3,351.0,22.1
530.0,390.0,Universidad de Palermo (UP),AR,Argentina,S,FO,MD,3,B,9.3,601,17.8,493.0,90.5,83.0,1.1,701.0,40.4,411.0,96.6,79.0,1.0,701.0,9.6,701.0,1.0,701.0,22.1
530.0,,University of Genoa,IT,Italy,L,FC,VH,5,A,17.4,511,3.8,601.0,11.3,701.0,40.6,340.0,4.8,701.0,8.8,701.0,54.3,291.0,12.7,679.0,61.9,243.0,22.1
534.0,,China Agricultural University,CN,China (Mainland),L,FC,VH,3,A,9.6,601,2.1,601.0,19.9,667.0,78.7,119.0,3.4,701.0,1.6,701.0,3.3,701.0,6.5,701.0,8.4,695.0,22.0
534.0,382.0,Peter the Great St. Petersburg Polytechnic University,RU,Russia,L,FO,VH,5,A,16.7,529,9.0,601.0,77.6,148.0,3.0,701.0,15.0,669.0,87.6,131.0,21.9,528.0,4.3,701.0,18.2,564.0,22.0
534.0,,University of Crete,GR,Greece,L,FC,HI,4,A,15.1,575,14.3,573.0,3.0,701.0,67.9,158.0,1.7,701.0,3.8,701.0,13.4,619.0,8.9,701.0,3.5,701.0,22.0
534.0,,University of Salamanca,ES,Spain,L,FC,VH,5,A,26.8,324,15.0,550.0,23.2,611.0,6.9,701.0,6.7,701.0,22.4,510.0,45.3,343.0,15.3,550.0,72.5,189.0,22.0
538.0,,Universidad de Alcalá,ES,Spain,L,FC,HI,3,A,10.0,601,4.7,601.0,68.8,189.0,5.2,701.0,20.0,590.0,66.3,225.0,37.9,395.0,9.4,701.0,74.3,179.0,21.9
538.0,481.0,Universiti Utara Malaysia (UUM),MY,Malaysia,L,SP,,3,A,20.6,423,28.0,345.0,40.4,389.0,7.1,701.0,18.8,603.0,79.8,164.0,3.4,701.0,9.7,701.0,10.6,661.0,21.9
540.0,,Lahore University of Management Sciences (LUMS),PK,Pakistan,S,CO,VH,3,B,15.7,555,72.0,97.0,35.1,452.0,6.0,701.0,7.3,701.0,1.9,701.0,1.1,701.0,22.2,373.0,1.4,701.0,21.8
540.0,,Universidad Nacional de La Plata (UNLP),AR,Argentina,XL,FC,HI,5,A,38.7,221,31.0,316.0,23.8,598.0,2.1,701.0,3.6,701.0,29.9,423.0,9.1,695.0,8.6,701.0,5.1,701.0,21.8
542.0,359.0,ITMO University,RU,Russia,M,FO,VH,5,A,12.0,601,11.6,601.0,96.2,55.0,6.9,701.0,21.4,579.0,38.9,354.0,27.3,476.0,7.3,701.0,15.0,612.0,21.7
542.0,375.0,University Ulm,DE,Germany,M,FO,VH,4,A,7.6,601,3.9,601.0,78.3,144.0,33.7,404.0,41.1,403.0,21.1,533.0,14.5,603.0,7.2,701.0,3.2,701.0,21.7
544.0,,Universidad de Costa Rica,CR,Costa Rica,L,CO,HI,4,A,33.5,260,37.6,260.0,34.7,459.0,1.8,701.0,,,,,6.0,701.0,33.7,227.0,4.7,701.0,21.6
545.0,,Bar-Ilan University,IL,Israel,L,FC,VH,4,A,8.0,601,5.3,601.0,7.8,701.0,62.2,194.0,47.9,366.0,2.9,701.0,10.2,667.0,15.2,554.0,28.4,463.0,21.5
545.0,,City University of New York,US,United States,XL,FC,VH,4,A,22.7,386,34.1,286.0,9.4,701.0,5.8,701.0,6.6,701.0,4.9,701.0,89.0,90.0,19.3,434.0,31.3,428.0,21.5
545.0,,Singapore Management University,SG,Singapore,M,SP,,2,A,11.8,601,15.3,538.0,10.5,701.0,20.9,546.0,100.0,39.0,63.3,238.0,1.2,701.0,25.0,331.0,21.4,531.0,21.5
548.0,,Lehigh University,US,United States,M,CO,VH,5,B,5.8,601,4.2,601.0,26.2,567.0,38.4,362.0,62.4,311.0,29.6,426.0,9.1,693.0,28.3,285.0,47.5,320.0,21.4
548.0,,Northumbria University at Newcastle,UK,United Kingdom,L,CO,VH,4,A,10.5,601,15.9,530.0,10.7,701.0,16.0,621.0,67.2,291.0,72.3,199.0,49.8,314.0,16.0,523.0,29.1,456.0,21.4
548.0,,University of Eastern Finland,FI,Finland,L,CO,VH,4,A,14.8,588,9.7,601.0,39.4,403.0,24.6,494.0,30.9,482.0,4.8,701.0,62.4,230.0,8.1,701.0,28.4,463.0,21.4
551.0,,Ajman University,AE,United Arab Emirates,S,CO,HI,3,C,13.6,601,34.7,279.0,8.2,701.0,2.2,701.0,100.0,8.0,100.0,3.0,2.0,701.0,13.3,644.0,3.0,701.0,21.3
551.0,,Canadian University Dubai,AE,United Arab Emirates,S,FO,HI,2,C,14.7,591,14.4,567.0,31.3,505.0,2.3,701.0,100.0,4.0,100.0,5.0,1.0,701.0,22.3,371.0,1.0,701.0,21.3
551.0,449.0,Hasselt University,BE,Belgium,M,FO,VH,4,A,5.8,601,3.4,601.0,78.8,143.0,18.3,579.0,76.0,247.0,23.9,488.0,27.2,478.0,10.2,701.0,15.9,596.0,21.3
551.0,,University of Nebraska - Lincoln,US,United States,L,CO,VH,5,A,10.8,601,5.9,601.0,18.8,700.0,33.7,406.0,30.4,488.0,8.2,701.0,42.6,357.0,12.2,701.0,79.1,156.0,21.3
555.0,,Universiti Teknologi MARA - UiTM,MY,Malaysia,XL,FC,VH,2,A,28.9,303,47.6,184.0,15.8,701.0,2.8,701.0,1.9,701.0,2.1,701.0,24.3,504.0,8.7,701.0,31.0,432.0,21.2
556.0,,Florida International University,US,United States,XL,FC,HI,4,A,14.9,586,35.4,274.0,12.0,701.0,12.8,682.0,21.1,581.0,12.1,676.0,68.1,207.0,14.2,594.0,39.0,367.0,21.1
556.0,,INTI International University,MY,Malaysia,S,FO,HI,2,C,5.0,601,14.8,556.0,84.3,112.0,1.7,701.0,75.2,252.0,88.4,126.0,1.0,701.0,9.1,701.0,1.0,701.0,21.1
556.0,,Politecnico di Bari,IT,Italy,S,SP,,3,A,6.5,601,4.6,601.0,15.6,701.0,79.3,114.0,5.0,701.0,7.9,701.0,4.1,701.0,5.5,701.0,1.1,701.0,21.1
556.0,,Renmin (People's) University of China,CN,China (Mainland),L,FO,VH,4,A,23.7,363,40.4,233.0,17.2,701.0,8.0,701.0,7.0,701.0,5.3,701.0,1.5,701.0,62.4,94.0,18.2,564.0,21.1
556.0,358.0,"University of Chemistry and Technology, Prague",CZ,Czech Republic,S,FO,VH,4,A,6.1,601,7.9,601.0,99.0,35.0,12.9,680.0,27.8,502.0,71.9,201.0,3.2,701.0,10.1,701.0,1.3,701.0,21.1
561.0,,Chongqing University,CN,China (Mainland),XL,CO,VH,4,A,8.4,601,3.8,601.0,13.2,701.0,70.4,146.0,14.7,672.0,2.2,701.0,11.4,645.0,13.6,630.0,10.3,665.0,21.0
561.0,,University of Plymouth,UK,United Kingdom,L,FC,HI,5,A,9.0,601,12.1,601.0,12.2,701.0,29.1,443.0,51.3,352.0,38.9,352.0,45.4,342.0,11.2,701.0,45.0,335.0,21.0
563.0,,Ateneo de Manila University,PH,Philippines,L,FC,MD,5,B,19.7,451,57.9,141.0,29.0,533.0,1.7,701.0,3.3,701.0,2.7,701.0,1.1,701.0,54.6,115.0,1.7,701.0,20.9
563.0,,Université de Fribourg,CH,Switzerland,M,CO,VH,5,A,10.7,601,3.8,601.0,5.3,701.0,38.8,355.0,100.0,76.0,45.4,319.0,8.9,701.0,20.4,411.0,5.2,701.0,20.9
563.0,,University of South Florida,US,United States,XL,CO,VH,4,A,13.2,601,10.2,601.0,7.9,701.0,36.6,381.0,30.7,485.0,13.8,646.0,57.8,261.0,10.6,701.0,34.9,400.0,20.9
567.0,481.0,Bond University,AU,Australia,S,FO,VH,3,B,4.7,601,5.2,601.0,44.1,356.0,22.8,518.0,87.7,195.0,93.6,96.0,1.1,701.0,11.7,701.0,1.1,701.0,20.8
567.0,,National Chengchi University,TW,Taiwan,M,CO,HI,4,A,19.5,455,39.0,245.0,19.7,674.0,2.7,701.0,27.1,507.0,23.5,491.0,1.0,701.0,81.0,49.0,1.9,701.0,20.8
567.0,,Universidad Adolfo Ibáñez,CL,Chile,M,FO,VH,3,B,19.1,469,73.5,90.0,4.2,701.0,4.4,701.0,37.7,427.0,4.2,701.0,1.2,701.0,13.7,624.0,1.1,701.0,20.8
567.0,,University of Huddersfield,UK,United Kingdom,L,CO,VH,3,A,12.5,601,15.0,548.0,6.7,701.0,20.9,547.0,65.1,295.0,79.4,165.0,41.2,367.0,9.0,701.0,7.3,701.0,20.8
571.0,,Chiang Mai University,TH,Thailand,XL,FC,HI,4,A,33.8,256,19.3,466.0,16.4,701.0,3.9,701.0,5.1,701.0,4.1,701.0,20.9,538.0,17.1,495.0,59.2,252.0,20.7
571.0,,Coventry University,UK,United Kingdom,XL,CO,VH,3,A,9.2,601,12.5,601.0,15.7,701.0,6.8,701.0,74.8,257.0,100.0,26.0,50.7,308.0,13.7,626.0,26.6,481.0,20.7
571.0,,Indian Institute of Technology (BHU) Varanasi,IN,India,M,FO,VH,5,A,4.4,601,3.6,601.0,3.9,701.0,88.7,78.0,1.4,701.0,1.1,701.0,1.5,701.0,8.2,701.0,4.0,701.0,20.7
571.0,,Warsaw University of Technology,PL,Poland,L,FO,VH,5,A,22.8,382,49.8,172.0,38.7,408.0,4.3,701.0,1.8,701.0,10.3,701.0,9.7,676.0,11.5,701.0,2.1,701.0,20.7
575.0,410.0,HUFS - Hankuk (Korea) University of Foreign Studies,KR,South Korea,L,CO,HI,3,B,13.4,601,23.9,404.0,85.3,104.0,1.6,701.0,32.3,471.0,45.1,320.0,1.0,701.0,5.7,701.0,1.3,701.0,20.6
575.0,,University of South Carolina,US,United States,XL,FC,VH,5,A,14.7,590,11.8,601.0,8.9,701.0,33.6,407.0,37.8,424.0,3.5,701.0,40.8,370.0,17.1,494.0,39.6,365.0,20.6
577.0,,Lebanese University,LB,Lebanon,XL,FC,HI,4,A,23.7,364,49.8,171.0,11.6,701.0,2.1,701.0,43.3,387.0,31.9,401.0,2.3,701.0,9.9,701.0,2.1,701.0,20.5
577.0,384.0,Taipei Medical University (TMU),TW,Taiwan,M,SP,,2,B,10.3,601,15.4,536.0,91.1,81.0,17.9,585.0,15.1,667.0,15.6,609.0,1.3,701.0,9.9,701.0,9.0,688.0,20.5
577.0,454.0,University of Tromsø The Arctic University of Norway,NO,Norway,L,FC,HI,4,A,12.1,601,3.7,601.0,70.5,182.0,8.9,701.0,70.4,273.0,7.7,701.0,42.5,360.0,9.6,701.0,21.8,524.0,20.5
580.0,,Abu Dhabi University,AE,United Arab Emirates,S,SP,,2,C,11.5,601,17.9,490.0,12.6,701.0,12.4,689.0,100.0,5.0,99.9,32.0,1.2,701.0,11.3,701.0,1.1,701.0,20.4
580.0,486.0,University of Klagenfurt,AT,Austria,S,FO,VH,4,A,5.5,601,4.3,601.0,60.2,235.0,11.4,701.0,95.2,148.0,86.6,137.0,3.0,701.0,12.0,701.0,1.6,701.0,20.4
582.0,,Applied Science University - Bahrain,BH,Bahrain,S,FO,HI,2,B,18.2,493,21.9,429.0,36.8,431.0,1.7,701.0,100.0,21.0,44.9,324.0,1.0,701.0,8.3,701.0,,,20.3
582.0,,Universidad Católica Andres Bello,VE,Venezuela,M,FO,MD,4,B,26.6,328,67.7,112.0,3.7,701.0,1.0,701.0,2.5,701.0,2.9,701.0,,,29.8,266.0,,,20.3
582.0,,Universidad Pontificia Comillas,ES,Spain,M,FO,VH,3,B,8.1,601,65.9,121.0,39.9,395.0,2.3,701.0,19.3,597.0,5.8,701.0,1.0,701.0,45.5,154.0,2.0,701.0,20.3
586.0,398.0,National Research Tomsk Polytechnic University,RU,Russia,M,FO,VH,5,A,9.7,601,7.5,601.0,93.9,66.0,4.0,701.0,8.1,701.0,76.6,177.0,21.3,535.0,8.1,701.0,8.3,701.0,20.2
586.0,,Sunway University,MY,Malaysia,S,CO,VH,2,B,10.5,601,44.1,204.0,52.2,303.0,7.2,701.0,35.5,450.0,24.3,482.0,4.4,701.0,9.2,701.0,5.4,701.0,20.2
586.0,,"University of Missouri, Columbia",US,United States,L,FC,VH,5,A,14.2,601,9.6,601.0,40.2,392.0,17.4,591.0,56.4,329.0,3.3,701.0,23.9,508.0,24.2,346.0,35.5,397.0,20.2
590.0,,Central Queensland University (CQUniversity Australia),AU,Australia,S,CO,VH,3,A,8.7,601,9.5,601.0,24.0,592.0,16.0,619.0,98.0,113.0,98.1,61.0,1.2,701.0,8.3,701.0,5.6,701.0,20.1
590.0,,Manchester Metropolitan University (MMU),UK,United Kingdom,XL,CO,VH,4,A,12.0,601,13.4,601.0,8.5,701.0,9.8,701.0,44.4,380.0,40.5,339.0,66.6,210.0,14.6,576.0,69.3,210.0,20.1
590.0,,Prince Mohammad Bin Fahd university,SA,Saudi Arabia,S,SP,,2,B,15.4,568,19.1,468.0,20.8,650.0,20.3,555.0,100.0,11.0,20.5,542.0,1.1,701.0,9.4,701.0,1.0,701.0,20.1
593.0,,"Goldsmiths, University of London",UK,United Kingdom,M,FO,VH,5,A,14.9,587,6.0,601.0,14.7,701.0,13.6,663.0,97.8,117.0,92.8,101.0,1.2,701.0,17.2,490.0,1.8,701.0,20.0
593.0,,University of Central Florida,US,United States,XL,FC,VH,4,A,14.4,601,37.1,264.0,2.8,701.0,25.7,474.0,17.1,626.0,4.5,701.0,32.1,445.0,11.1,701.0,32.7,420.0,20.0
595.0,477.0,Imam Abdulrahman Bin Faisal University (IAU) (formerly UNIVERSITY OF DAMMAM),SA,Saudi Arabia,L,FC,HI,3,A,7.6,601,7.1,601.0,85.9,101.0,2.3,701.0,98.5,105.0,16.5,589.0,11.6,640.0,8.1,701.0,19.0,552.0,19.9
595.0,,Nottingham Trent University,UK,United Kingdom,XL,CO,HI,3,A,10.6,601,20.5,450.0,10.2,701.0,5.2,701.0,56.9,326.0,61.0,243.0,52.1,300.0,13.8,616.0,50.6,305.0,19.9
595.0,,Pontifícia Universidade Católica do Rio de Janeiro,BR,Brazil,M,CO,VH,4,B,33.4,261,24.5,392.0,9.3,701.0,7.7,701.0,12.4,701.0,1.6,701.0,2.4,701.0,28.6,279.0,32.7,420.0,19.9
595.0,,Shenzhen University,CN,China (Mainland),XL,CO,VH,3,A,8.4,601,2.3,601.0,55.2,275.0,42.6,314.0,13.2,698.0,1.4,701.0,14.3,609.0,17.6,472.0,15.8,598.0,19.9
595.0,436.0,Università Vita-Salute San Raffaele,IT,Italy,S,SP,,3,B,3.1,601,1.7,601.0,98.8,40.0,39.0,352.0,8.3,701.0,3.1,701.0,3.6,701.0,7.6,701.0,1.0,701.0,19.9
600.0,,Nanjing University of Science and Technology,CN,China (Mainland),L,FO,VH,2,A,5.1,601,2.2,601.0,10.9,701.0,82.2,103.0,,,,,3.4,701.0,6.2,701.0,1.8,701.0,19.8
600.0,,Thammasat University,TH,Thailand,XL,FC,HI,4,A,23.8,360,26.4,365.0,25.1,583.0,2.1,701.0,11.6,701.0,1.7,701.0,2.0,701.0,72.5,64.0,29.4,453.0,19.8
600.0,471.0,Tulane University,US,United States,L,FC,HI,5,B,9.6,601,5.0,601.0,81.5,134.0,10.4,701.0,16.9,631.0,14.5,630.0,45.5,339.0,22.7,367.0,21.4,531.0,19.8
600.0,441.0,Universität des Saarlandes,DE,Germany,L,FC,VH,4,A,11.1,601,4.5,601.0,89.9,87.0,8.3,701.0,4.9,701.0,39.2,350.0,39.0,384.0,20.1,416.0,2.0,701.0,19.8
,,Abo Akademi University,FI,Finland,M,CO,VH,5,A,8.3,601,6.2,601.0,23.6,605.0,40.7,336.0,45.2,377.0,15.5,612.0,29.5,460.0,11.5,701.0,11.8,644.0,
,,American University in Dubai,AE,United Arab Emirates,S,FO,HI,3,C,9.8,601,16.8,513.0,20.4,657.0,1.9,701.0,100.0,3.0,100.0,8.0,1.0,701.0,37.3,195.0,1.0,701.0,
,,Charles Darwin University,AU,Australia,M,CO,VH,2,A,5.8,601,4.7,601.0,4.0,701.0,41.3,331.0,37.4,429.0,76.7,176.0,3.6,701.0,8.5,701.0,45.3,334.0,
,,Drexel University,US,United States,L,FC,VH,5,B,8.4,601,6.1,601.0,21.1,644.0,35.1,388.0,32.8,468.0,22.3,511.0,28.4,467.0,26.0,316.0,34.6,403.0,
,,Jawaharlal Nehru University,IN,India,M,CO,VH,4,A,29.1,298,10.6,601.0,12.2,701.0,24.1,500.0,,,1.6,701.0,4.8,701.0,13.2,648.0,47.5,320.0,
,,"Kingston University, London",UK,United Kingdom,L,CO,HI,3,A,17.5,506,12.6,601.0,6.1,701.0,8.7,701.0,71.9,265.0,99.4,45.0,9.2,690.0,14.1,605.0,9.8,669.0,
,449.0,Umm Al-Qura University,SA,Saudi Arabia,XL,FC,HI,4,A,18.3,489,9.4,601.0,56.9,256.0,2.0,701.0,100.0,71.0,17.6,581.0,4.5,701.0,8.2,701.0,3.1,701.0,
,,Universidad de Concepción,CL,Chile,L,FC,HI,5,B,27.0,322,35.6,273.0,13.1,701.0,7.4,701.0,13.1,699.0,2.2,701.0,16.3,581.0,9.5,701.0,31.6,425.0,
,,University of Szeged,HU,Hungary,L,FC,HI,5,B,18.0,498,12.0,601.0,44.6,352.0,4.9,701.0,11.9,701.0,50.5,288.0,34.6,420.0,9.1,701.0,34.9,400.0,
,,Al Ain University,AE,United Arab Emirates,S,FO,VH,2,B,17.4,509,11.0,601.0,11.9,701.0,4.2,701.0,100.0,1.0,100.0,21.0,1.4,701.0,11.4,701.0,1.0,701.0,
,443.0,Auezov South Kazakhstan University (SKU),KZ,Kazakhstan,L,CO,MD,4,A,15.2,574,21.5,432.0,92.0,76.0,1.0,701.0,13.3,697.0,21.3,526.0,1.0,701.0,11.2,701.0,1.0,701.0,
,,Brno University of Technology,CZ,Czech Republic,L,FO,VH,5,A,13.1,601,34.7,280.0,22.7,623.0,6.7,701.0,9.0,701.0,70.9,204.0,38.6,387.0,14.2,597.0,2.7,701.0,
,477.0,Martin-Luther-Universität Halle-Wittenberg,DE,Germany,L,FC,VH,5,A,14.4,599,4.3,601.0,82.8,123.0,6.9,701.0,,,9.8,701.0,73.4,179.0,7.6,701.0,5.8,701.0,
,,National Central University,TW,Taiwan,M,CO,VH,4,A,21.5,402,27.1,358.0,23.0,617.0,17.8,586.0,12.9,701.0,9.1,701.0,2.1,701.0,6.5,701.0,30.2,447.0,
,,Pusan National University,KR,South Korea,L,FC,VH,4,A,23.0,379,18.5,475.0,38.0,416.0,17.1,599.0,10.4,701.0,12.4,672.0,7.9,701.0,13.3,643.0,8.1,701.0,
,392.0,Tokyo Medical and Dental University (TMDU),JP,Japan,S,FO,VH,4,A,11.5,601,5.8,601.0,100.0,10.0,18.2,580.0,3.5,701.0,15.3,614.0,1.2,701.0,8.0,701.0,1.1,701.0,
,,University of Minho,PT,Portugal,L,FC,VH,4,A,15.6,562,8.7,601.0,32.8,483.0,18.7,573.0,19.4,596.0,18.0,575.0,52.7,297.0,10.2,701.0,27.6,471.0,
,,Asia Pacific University of Technology and Innovation (APU),MY,Malaysia,S,FO,VH,2,C,6.4,601,8.6,601.0,57.8,250.0,1.5,701.0,89.8,185.0,100.0,16.0,1.0,701.0,9.4,701.0,1.0,701.0,
,475.0,Chang Gung University,TW,Taiwan,M,FO,VH,3,B,5.7,601,4.6,601.0,70.0,184.0,43.0,309.0,4.3,701.0,4.7,701.0,1.4,701.0,7.9,701.0,4.1,701.0,
,,Institut Teknologi Sepuluh Nopember (ITS Surabaya),ID,Indonesia,L,SP,,2,A,15.3,570,41.0,227.0,36.9,427.0,1.7,701.0,43.1,388.0,5.2,701.0,1.0,701.0,14.5,577.0,26.3,484.0,
,,Management and Science University,MY,Malaysia,S,FO,VH,2,C,12.4,601,12.2,601.0,33.5,476.0,1.6,701.0,90.5,180.0,94.1,92.0,1.0,701.0,10.1,701.0,1.0,701.0,
,,Northwestern Polytechnical University,CN,China (Mainland),XL,CO,VH,4,A,5.9,601,2.5,601.0,46.0,341.0,53.6,239.0,13.9,686.0,4.8,701.0,6.1,701.0,10.1,701.0,3.2,701.0,
,,Stevens Institute of Technology,US,United States,M,CO,VH,5,B,2.7,601,2.9,601.0,4.7,701.0,52.4,246.0,37.5,428.0,91.4,110.0,1.2,701.0,12.2,701.0,1.1,701.0,
,,Universitat Ramon Llull,ES,Spain,L,CO,HI,3,B,10.4,601,43.7,208.0,6.3,701.0,8.5,701.0,94.7,153.0,32.2,399.0,2.4,701.0,15.6,535.0,1.4,701.0,
,,University of Kwazulu-Natal,ZA,South Africa,L,FC,VH,4,A,12.9,601,11.8,601.0,6.5,701.0,22.8,516.0,25.1,534.0,1.9,701.0,78.1,157.0,28.0,287.0,37.8,379.0,
,,University of Ljubljana,SI,Slovenia,XL,FC,VH,5,A,20.0,439,9.5,601.0,35.6,446.0,6.3,701.0,4.5,701.0,10.7,701.0,59.3,250.0,48.9,139.0,17.2,574.0,
,,University of the Basque Country,ES,Spain,XL,CO,VH,3,A,19.4,457,6.4,601.0,34.7,462.0,17.4,593.0,2.5,701.0,3.8,701.0,73.6,178.0,7.0,701.0,21.2,533.0,
,,Zhengzhou University,CN,China (Mainland),XL,FC,VH,4,A,5.4,601,19.7,461.0,4.7,701.0,65.6,168.0,,,2.5,701.0,4.4,701.0,6.7,701.0,3.2,701.0,
,488.0,Ajou University,KR,South Korea,M,FC,VH,4,B,15.5,563,15.4,535.0,65.1,211.0,17.4,595.0,6.2,701.0,13.7,648.0,1.1,701.0,8.3,701.0,5.0,701.0,
,,Boston College,US,United States,L,CO,VH,5,B,20.5,426,12.9,601.0,19.3,684.0,21.5,535.0,12.0,701.0,18.3,568.0,9.1,694.0,38.4,189.0,15.9,596.0,
,,Jinan University (China),CN,China (Mainland),XL,FC,VH,4,A,5.6,601,2.1,601.0,9.4,701.0,42.9,310.0,36.7,440.0,85.2,142.0,9.6,677.0,7.3,701.0,5.0,701.0,
,,Palacký University Olomouc,CZ,Czech Republic,L,FO,VH,5,A,15.0,583,17.9,492.0,29.6,524.0,8.6,701.0,33.3,465.0,19.5,555.0,54.0,292.0,9.5,701.0,23.7,506.0,
,,Ritsumeikan University,JP,Japan,XL,CO,HI,5,B,15.2,572,68.4,108.0,8.1,701.0,3.8,701.0,24.7,540.0,10.2,701.0,2.0,701.0,8.7,701.0,2.2,701.0,
,,Saint Joseph University of Beirut (USJ),LB,Lebanon,M,FC,HI,5,B,9.2,601,27.6,354.0,46.8,334.0,2.5,701.0,90.8,178.0,19.7,552.0,1.0,701.0,13.0,664.0,9.7,673.0,
,,Universidad Central de Venezuela,VE,Venezuela,XL,FC,MD,5,A,23.1,374,58.4,139.0,21.0,648.0,1.1,701.0,,,,,1.2,701.0,14.3,590.0,1.1,701.0,
,,Université de Lille,FR,France,XL,FO,VH,1,A,25.3,346,4.2,601.0,4.4,701.0,14.6,643.0,16.8,637.0,17.6,580.0,86.3,106.0,7.0,701.0,17.2,574.0,
,,University of New Mexico,US,United States,L,FC,VH,5,A,11.6,601,13.9,582.0,38.3,412.0,16.4,608.0,15.7,658.0,4.0,701.0,57.5,263.0,9.3,701.0,33.8,411.0,
,434.0,Far Eastern Federal University,RU,Russia,L,CO,HI,5,A,10.6,601,3.5,601.0,94.9,62.0,1.8,701.0,14.1,685.0,66.1,227.0,5.1,701.0,8.2,701.0,1.2,701.0,
,,Free University of Bozen-Bolzano,IT,Italy,S,FO,VH,3,A,5.0,601,1.5,601.0,11.0,701.0,47.6,285.0,74.8,256.0,26.3,460.0,11.1,651.0,8.0,701.0,1.9,701.0,
,481.0,Kazakh National Agrarian University KazNAU,KZ,Kazakhstan,M,SP,,4,A,17.4,510,13.1,601.0,79.8,139.0,1.1,701.0,20.2,588.0,24.3,481.0,1.0,701.0,11.8,701.0,1.1,701.0,
,,"Lingnan University, Hong Kong",HK,Hong Kong SAR,S,SP,,2,A,9.3,601,5.5,601.0,14.6,701.0,16.3,611.0,100.0,32.0,95.0,88.0,1.1,701.0,8.0,701.0,1.1,701.0,
,,Memorial University of Newfoundland,CA,Canada,L,FC,HI,4,A,7.0,601,4.6,601.0,11.0,701.0,28.5,449.0,25.3,529.0,71.9,202.0,36.5,406.0,11.8,701.0,31.0,432.0,
,,New Jersey Institute of Technology (NJIT),US,United States,M,CO,VH,5,A,3.9,601,6.1,601.0,14.0,701.0,27.5,454.0,84.5,211.0,69.9,211.0,1.9,701.0,9.9,701.0,20.5,540.0,
,390.0,Pakistan Institute of Engineering and Applied Sciences (PIEAS),PK,Pakistan,S,FO,VH,3,A,5.5,601,9.5,601.0,76.6,156.0,34.4,396.0,,,1.0,701.0,1.1,701.0,10.9,701.0,1.0,701.0,
,,The New School,US,United States,M,FO,VH,5,B,15.9,549,14.9,551.0,44.3,355.0,2.8,701.0,6.0,701.0,91.7,107.0,1.2,701.0,24.7,337.0,1.1,701.0,
,467.0,Universidad de La Habana,CU,Cuba,L,CO,HI,5,A,19.5,454,17.3,501.0,72.9,173.0,1.6,701.0,1.9,701.0,4.0,701.0,1.2,701.0,35.3,212.0,1.2,701.0,
,,University of Bradford,UK,United Kingdom,M,CO,VH,4,A,8.7,601,7.3,601.0,8.2,701.0,18.1,582.0,63.8,301.0,93.2,99.0,20.1,543.0,21.6,384.0,3.4,701.0,
,,University of Houston,US,United States,XL,CO,VH,4,A,13.9,601,10.9,601.0,4.5,701.0,34.0,402.0,8.5,701.0,9.3,701.0,34.0,426.0,29.2,273.0,27.8,469.0,
,,University of Modena and Reggio Emilia,IT,Italy,L,FC,VH,5,A,8.7,601,3.2,601.0,2.3,701.0,50.3,262.0,3.9,701.0,3.8,701.0,21.4,532.0,13.9,613.0,57.4,263.0,
,,University of Oklahoma,US,United States,L,FC,VH,5,A,9.6,601,10.6,601.0,16.3,701.0,34.3,397.0,34.5,459.0,5.1,701.0,17.9,562.0,17.2,488.0,33.5,413.0,
,,University of Windsor,CA,Canada,L,CO,VH,5,A,3.6,601,4.8,601.0,2.3,701.0,33.1,411.0,87.6,195.0,75.1,184.0,6.1,701.0,20.4,409.0,6.4,701.0,
,,COMSATS University Islamabad,PK,Pakistan,XL,CO,VH,2,A,10.4,601,29.2,333.0,14.4,701.0,13.9,658.0,1.6,701.0,1.6,701.0,62.6,229.0,8.1,701.0,50.9,301.0,
,,Instituto Tecnológico Autónomo de México (ITAM),MX,Mexico,S,FO,HI,4,B,15.5,565,35.1,276.0,11.7,701.0,1.8,701.0,65.6,293.0,1.5,701.0,1.0,701.0,64.9,88.0,1.2,701.0,
,,Southern Cross University,AU,Australia,M,CO,VH,2,A,4.7,601,3.4,601.0,3.2,701.0,38.6,361.0,71.2,270.0,66.2,226.0,9.3,687.0,6.9,701.0,11.0,656.0,
,,Tallinn University of Technology (TalTech),EE,Estonia,M,FO,VH,5,A,12.9,601,11.4,601.0,27.6,553.0,9.6,701.0,49.5,360.0,25.0,475.0,48.5,323.0,32.0,239.0,3.5,701.0,
,449.0,Universidad de Montevideo (UM),UY,Uruguay,S,FC,MD,3,B,18.6,479,13.5,599.0,80.2,138.0,1.1,701.0,23.7,556.0,3.3,701.0,1.0,701.0,18.8,443.0,,,
,,University of Haifa,IL,Israel,L,FO,VH,4,A,13.1,601,7.4,601.0,19.6,678.0,30.1,433.0,14.2,681.0,3.9,701.0,13.5,617.0,14.1,601.0,51.8,295.0,
,,University of Hohenheim,DE,Germany,M,SP,,5,A,9.8,601,5.3,601.0,10.0,701.0,39.4,348.0,26.4,515.0,24.2,484.0,36.3,410.0,8.8,701.0,15.0,612.0,
,,Aberystwyth University,UK,United Kingdom,M,CO,VH,5,A,9.5,601,6.4,601.0,19.5,680.0,23.5,507.0,46.1,374.0,49.5,300.0,27.1,482.0,10.5,701.0,9.6,678.0,
,497.0,Brandeis University,US,United States,M,CO,VH,4,B,9.8,601,4.3,601.0,49.9,311.0,16.3,609.0,26.2,521.0,70.6,207.0,1.4,701.0,17.4,477.0,1.5,701.0,
,,Ca' Foscari University of Venice,IT,Italy,L,FO,VH,5,A,18.8,474,14.8,554.0,4.9,701.0,14.2,653.0,35.1,454.0,8.2,701.0,15.5,590.0,10.8,701.0,62.8,235.0,
,,Holy Spirit University of Kaslik,LB,Lebanon,M,FC,MD,4,B,6.0,601,12.0,601.0,60.6,234.0,2.0,701.0,99.0,98.0,38.3,358.0,1.0,701.0,9.5,701.0,2.6,701.0,
,,Karl-Franzens-Universitaet Graz,AT,Austria,L,CO,VH,5,A,21.3,407,9.5,601.0,12.3,701.0,10.9,701.0,46.9,369.0,28.4,439.0,15.2,596.0,18.3,456.0,19.2,549.0,
,,Lebanese American University,LB,Lebanon,M,FC,HI,4,B,10.5,601,28.2,342.0,35.5,447.0,3.2,701.0,78.9,233.0,26.4,457.0,1.0,701.0,10.4,701.0,7.8,701.0,
,,Middlesex University,UK,United Kingdom,L,CO,HI,4,A,5.6,601,4.8,601.0,8.3,701.0,14.3,650.0,85.1,209.0,99.6,38.0,20.6,540.0,15.8,529.0,8.6,693.0,
,,National Chung Hsing University,TW,Taiwan,L,CO,VH,4,A,20.2,434,24.1,400.0,27.6,552.0,11.8,701.0,7.9,701.0,5.6,701.0,2.2,701.0,20.4,410.0,20.1,544.0,
,,Princess Nourah bint Abdulrahman University,SA,Saudi Arabia,L,CO,HI,4,A,16.6,532,16.5,519.0,19.4,683.0,1.9,701.0,92.5,167.0,47.7,307.0,6.3,701.0,8.2,701.0,2.5,701.0,
,,Tokyo University of Science,JP,Japan,L,FO,VH,4,B,11.0,601,54.8,149.0,10.6,701.0,11.7,701.0,13.3,696.0,3.8,701.0,1.2,701.0,29.8,267.0,7.0,701.0,
,,Universidad Panamericana (UP),MX,Mexico,L,FO,HI,4,B,8.7,601,22.0,427.0,81.5,133.0,1.2,701.0,10.5,701.0,2.5,701.0,1.2,701.0,49.4,137.0,1.0,701.0,
,,Università degli Studi di Perugia,IT,Italy,L,FC,VH,5,A,9.3,601,2.3,601.0,3.6,701.0,42.4,318.0,6.9,701.0,5.9,701.0,27.3,477.0,6.0,701.0,66.0,222.0,
,,Universitas Padjadjaran,ID,Indonesia,XL,FO,VH,4,A,16.8,525,34.0,287.0,36.6,433.0,1.4,701.0,24.0,549.0,1.7,701.0,1.2,701.0,22.0,375.0,24.8,490.0,
,,Universitat Rovira i Virgili,ES,Spain,L,FC,HI,3,A,6.7,601,2.0,601.0,16.6,701.0,37.4,375.0,7.6,701.0,22.5,507.0,38.6,386.0,7.5,701.0,47.2,323.0,
,,American University of the Middle East,KW,Kuwait,M,SP,,2,C,17.7,504,18.0,487.0,17.8,701.0,3.3,701.0,100.0,6.0,25.0,474.0,1.3,701.0,12.7,680.0,1.1,701.0,
,,Carleton University,CA,Canada,L,CO,VH,4,A,10.9,601,13.9,584.0,3.1,701.0,21.8,531.0,21.6,575.0,46.0,316.0,16.8,576.0,28.5,281.0,35.8,393.0,
,481.0,Dongguk University,KR,South Korea,L,FC,HI,4,B,10.4,601,11.5,601.0,88.5,90.0,8.5,701.0,8.5,701.0,23.4,495.0,2.8,701.0,4.9,701.0,1.6,701.0,
,,University of Debrecen,HU,Hungary,L,FC,HI,5,A,17.3,515,10.3,601.0,30.4,516.0,3.7,701.0,10.6,701.0,68.0,218.0,39.6,381.0,16.9,500.0,3.5,701.0,
,,University of Greenwich,UK,United Kingdom,L,CO,HI,3,A,4.5,601,4.2,601.0,4.6,701.0,10.6,701.0,91.9,173.0,100.0,30.0,41.1,368.0,12.8,671.0,12.7,636.0,
,,University of Manitoba,CA,Canada,XL,FC,VH,5,A,14.5,596,12.0,601.0,36.3,438.0,10.0,701.0,,,27.8,442.0,29.3,461.0,24.1,348.0,32.9,419.0,
,,Abai Kazakh National Pedagogical University,KZ,Kazakhstan,L,CO,MD,4,A,23.2,372,17.0,510.0,47.8,327.0,1.2,701.0,38.0,423.0,2.8,701.0,1.0,701.0,12.1,701.0,1.0,701.0,
,402.0,Colegio de México,MX,Mexico,S,FO,HI,4,A,15.6,559,3.1,601.0,100.0,2.0,1.6,701.0,9.1,701.0,18.0,576.0,1.0,701.0,7.7,701.0,1.0,701.0,
,,De La Salle University,PH,Philippines,L,CO,HI,4,B,21.0,419,45.1,191.0,10.5,701.0,4.2,701.0,2.0,701.0,2.7,701.0,1.3,701.0,35.6,210.0,5.6,701.0,
,,East China University of Science and Technology,CN,China (Mainland),L,CO,VH,4,A,7.5,601,2.6,601.0,13.0,701.0,61.4,200.0,2.7,701.0,1.8,701.0,2.8,701.0,11.7,701.0,3.6,701.0,
,,Paris Lodron University of Salzburg,AT,Austria,M,CO,VH,5,A,9.4,601,2.3,601.0,13.0,701.0,8.0,701.0,95.1,150.0,97.5,68.0,13.3,621.0,12.0,701.0,6.3,701.0,
,,Pontificia Universidad Católica de Valparaíso,CL,Chile,L,CO,VH,4,B,27.3,319,39.6,239.0,4.9,701.0,6.6,701.0,10.4,701.0,1.6,701.0,5.3,701.0,8.7,701.0,1.8,701.0,
,,Shiraz University,IR,"Iran, Islamic Republic of",L,CO,VH,4,A,5.7,601,10.4,601.0,5.1,701.0,54.9,234.0,1.2,701.0,1.8,701.0,6.4,701.0,13.4,640.0,27.6,471.0,
,,Soochow University,CN,China (Mainland),XL,CO,VH,3,A,6.2,601,2.3,601.0,16.8,701.0,58.5,218.0,6.7,701.0,2.7,701.0,10.4,665.0,11.1,701.0,3.8,701.0,
,,Taras Shevchenko National University of Kyiv,UA,Ukraine,L,CO,VH,5,A,19.2,467,38.6,252.0,33.4,477.0,2.3,701.0,1.5,701.0,5.1,701.0,2.9,701.0,28.0,288.0,1.9,701.0,
,467.0,The National University of Science and Technology MISIS,RU,Russia,M,SP,,2,A,6.5,601,8.0,601.0,75.5,163.0,14.7,642.0,7.9,701.0,49.9,295.0,3.6,701.0,9.8,701.0,1.1,701.0,
,,University of Kentucky,US,United States,L,FC,VH,5,A,10.9,601,11.5,601.0,18.9,696.0,26.1,470.0,20.9,584.0,3.7,701.0,40.6,371.0,13.6,634.0,24.1,502.0,
,,Indian Institute of Technology Hyderabad,IN,India,S,CO,VH,2,A,5.1,601,2.7,601.0,16.6,701.0,64.3,181.0,1.2,701.0,1.1,701.0,1.0,701.0,8.2,701.0,2.6,701.0,
,,Inha University,KR,South Korea,L,FC,VH,4,B,10.9,601,15.3,539.0,72.9,172.0,11.7,701.0,8.8,701.0,14.4,634.0,1.4,701.0,12.4,700.0,3.0,701.0,
,,Universidad Iberoamericana IBERO,MX,Mexico,L,FC,MD,4,B,19.1,468,31.1,315.0,31.6,496.0,1.3,701.0,5.5,701.0,2.4,701.0,1.0,701.0,51.4,127.0,7.4,701.0,
,,Universidade Federal de Minas Gerais,BR,Brazil,XL,FC,VH,5,A,32.7,268,5.7,601.0,12.4,701.0,7.6,701.0,7.1,701.0,1.8,701.0,24.7,501.0,25.6,322.0,13.7,627.0,
,,Universidade Federal do Rio Grande Do Sul,BR,Brazil,XL,FC,VH,5,A,28.6,307,3.8,601.0,10.9,701.0,10.1,701.0,2.2,701.0,1.6,701.0,36.0,412.0,9.5,701.0,46.3,330.0,
,,University of Cincinnati,US,United States,XL,FC,VH,5,A,12.3,601,7.6,601.0,21.0,647.0,25.8,471.0,6.0,701.0,10.8,698.0,32.1,446.0,20.0,417.0,31.3,428.0,
,,University of Dhaka,BD,Bangladesh,XL,FC,MD,5,A,21.3,409,44.9,195.0,11.7,701.0,2.6,701.0,1.7,701.0,1.0,701.0,2.1,701.0,30.3,253.0,11.6,652.0,
,,University of Mons,BE,Belgium,M,CO,VH,2,A,6.7,601,13.0,601.0,3.1,701.0,40.3,343.0,35.9,448.0,43.6,331.0,5.2,701.0,11.3,701.0,1.8,701.0,
,,University of Trieste,IT,Italy,L,FC,HI,4,A,11.9,601,3.6,601.0,4.0,701.0,45.5,297.0,6.4,701.0,7.6,701.0,37.6,397.0,12.9,666.0,4.0,701.0,
,,V. N. Karazin Kharkiv National University,UA,Ukraine,L,FC,HI,5,A,12.6,601,17.9,491.0,66.0,204.0,1.4,701.0,3.1,701.0,58.8,257.0,1.6,701.0,9.9,701.0,1.1,701.0,
,,Altai State University,RU,Russia,M,FO,VH,4,A,10.0,601,3.7,601.0,84.4,110.0,1.4,701.0,6.7,701.0,69.9,212.0,1.0,701.0,7.6,701.0,6.1,701.0,
,490.0,Chiba University,JP,Japan,L,FC,VH,4,A,16.8,527,8.4,601.0,62.3,226.0,10.9,701.0,7.5,701.0,5.2,701.0,2.5,701.0,8.6,701.0,18.8,555.0,
,,Czech University of Life Sciences in Prague,CZ,Czech Republic,L,FO,VH,5,A,11.0,601,8.8,601.0,9.2,701.0,9.5,701.0,26.6,514.0,64.5,233.0,54.7,288.0,9.4,701.0,35.8,393.0,
,,Eötvös Loránd University,HU,Hungary,L,CO,VH,5,A,23.9,359,16.8,515.0,13.2,701.0,7.8,701.0,5.0,701.0,11.3,685.0,31.1,452.0,30.8,248.0,10.2,667.0,
,,Universidad de Antioquia,CO,Colombia,XL,FC,HI,5,A,31.0,281,33.9,288.0,4.2,701.0,4.3,701.0,3.9,701.0,1.3,701.0,3.9,701.0,9.6,701.0,5.2,701.0,
,,Universidade de Santiago de Compostela,ES,Spain,L,CO,VH,5,A,23.5,368,10.3,601.0,13.0,701.0,16.1,618.0,2.8,701.0,6.0,701.0,38.0,394.0,8.1,701.0,23.2,511.0,
,438.0,Wake Forest University,US,United States,M,FC,VH,5,B,5.4,601,6.1,601.0,100.0,13.0,11.0,701.0,5.4,701.0,13.5,654.0,5.5,701.0,16.5,514.0,2.3,701.0,
,,Zayed University,AE,United Arab Emirates,M,CO,HI,3,A,14.5,597,17.3,503.0,22.0,628.0,6.3,701.0,100.0,13.0,2.0,701.0,8.3,701.0,17.0,499.0,2.8,701.0,
,,Beirut Arab University,LB,Lebanon,S,FC,HI,4,B,13.4,601,18.8,474.0,16.5,701.0,2.7,701.0,80.1,228.0,51.3,281.0,1.1,701.0,18.2,460.0,1.1,701.0,
,,China University of Petroleum,CN,China (Mainland),L,CO,VH,3,A,3.8,601,1.5,601.0,9.8,701.0,64.8,178.0,1.5,701.0,3.2,701.0,1.2,701.0,17.1,493.0,2.5,701.0,
,,International Islamic University Malaysia (IIUM),MY,Malaysia,L,FC,HI,3,A,22.8,383,17.2,506.0,14.2,701.0,2.9,701.0,24.0,546.0,60.2,246.0,12.2,632.0,7.2,701.0,3.0,701.0,
,,Istanbul University,TR,Turkey,XL,FC,HI,5,A,26.4,333,19.1,469.0,3.0,701.0,4.2,701.0,6.4,701.0,15.7,606.0,36.1,411.0,34.7,220.0,3.4,701.0,
,,Savitribai Phule Pune University,IN,India,M,CO,VH,4,A,7.8,601,11.3,601.0,55.1,276.0,30.4,432.0,1.2,701.0,3.3,701.0,3.0,701.0,7.2,701.0,4.9,701.0,
,,Universidad del Rosario,CO,Colombia,M,FO,VH,5,B,14.4,601,43.4,213.0,21.0,645.0,2.7,701.0,9.5,701.0,2.4,701.0,1.1,701.0,27.5,295.0,22.5,521.0,
,,Université de Rennes 1 (University of Rennes),FR,France,L,FO,VH,5,A,15.8,550,4.0,601.0,12.2,701.0,25.0,487.0,12.6,701.0,12.1,677.0,57.3,265.0,7.4,701.0,13.4,631.0,
,,"University of Maryland, Baltimore County",US,United States,M,FC,VH,4,A,10.6,601,13.1,601.0,13.4,701.0,18.1,581.0,59.4,318.0,15.9,601.0,6.2,701.0,10.8,701.0,38.7,370.0,
,,University of New Brunswick,CA,Canada,M,CO,VH,5,A,4.6,601,6.9,601.0,23.0,618.0,24.9,490.0,63.8,303.0,24.8,476.0,5.9,701.0,14.4,583.0,32.7,420.0,
,,University of Westminster,UK,United Kingdom,L,CO,HI,3,A,12.9,601,6.7,601.0,5.9,701.0,6.0,701.0,78.4,235.0,100.0,28.0,1.9,701.0,16.3,515.0,1.9,701.0,
,,Victoria University,AU,Australia,L,CO,HI,3,A,7.6,601,6.5,601.0,2.4,701.0,34.6,395.0,34.1,462.0,57.6,260.0,15.0,598.0,12.3,701.0,4.1,701.0,
,,Ain Shams University,EG,Egypt,XL,FC,VH,4,A,22.4,394,25.4,377.0,10.2,701.0,1.9,701.0,25.0,536.0,5.6,701.0,22.2,526.0,30.2,255.0,7.0,701.0,
,,Beijing University of Chemical Technology,CN,China (Mainland),XL,CO,VH,4,A,4.8,601,1.8,601.0,15.6,701.0,62.7,192.0,,,,,2.0,701.0,5.9,701.0,1.4,701.0,
,,Jeonbuk National University,KR,South Korea,L,FC,VH,4,A,16.7,531,10.7,601.0,65.8,207.0,9.7,701.0,8.2,701.0,7.4,701.0,2.9,701.0,5.1,701.0,3.1,701.0,
,,Temple University,US,United States,L,FC,VH,5,A,12.5,601,7.9,601.0,26.4,565.0,18.8,570.0,3.4,701.0,5.7,701.0,48.1,326.0,18.3,455.0,23.0,514.0,
,,Ton Duc Thang University,VN,Vietnam,L,FO,VH,3,B,4.2,601,10.2,601.0,5.1,701.0,34.6,394.0,18.4,610.0,1.6,701.0,84.9,117.0,11.8,701.0,6.8,701.0,
,,Universita' Politecnica delle Marche,IT,Italy,M,FO,VH,4,A,6.0,601,2.8,601.0,11.0,701.0,49.1,273.0,3.9,701.0,4.8,701.0,40.9,369.0,6.9,701.0,6.5,701.0,
,,Université Côte d\'Azur,FR,France,XL,FC,VH,1,A,15.8,551,3.0,601.0,5.2,701.0,21.8,530.0,32.8,467.0,39.7,345.0,42.6,356.0,7.8,701.0,5.6,701.0,
,,Université de Lorraine,FR,France,XL,FO,VH,5,A,13.7,601,3.6,601.0,6.4,701.0,11.4,701.0,28.9,496.0,28.4,438.0,93.1,63.0,10.2,701.0,17.2,574.0,
,,University of Belgrade,RS,Serbia,XL,FC,VH,5,A,17.8,501,5.2,601.0,4.3,701.0,5.3,701.0,2.9,701.0,4.3,701.0,95.4,50.0,56.7,110.0,16.1,592.0,
,428.0,"University of Colorado, Denver",US,United States,L,FC,HI,5,A,8.4,601,6.3,601.0,100.0,6.0,4.9,701.0,3.6,701.0,9.0,701.0,2.3,701.0,8.4,701.0,15.2,608.0,
,,University of Oregon,US,United States,L,CO,VH,5,A,17.7,503,8.6,601.0,11.2,701.0,24.0,502.0,12.5,701.0,4.5,701.0,8.9,699.0,18.3,457.0,30.7,438.0,
,,"Adam Mickiewicz University, Poznań",PL,Poland,L,CO,VH,5,A,15.8,554,8.7,601.0,29.7,523.0,5.0,701.0,7.0,701.0,7.0,701.0,59.5,247.0,12.6,689.0,38.4,373.0,
,,Alfaisal University,SA,Saudi Arabia,S,FO,VH,2,B,3.9,601,3.2,601.0,23.9,594.0,10.7,701.0,100.0,26.0,89.4,120.0,1.1,701.0,9.2,701.0,1.2,701.0,
,,Bournemouth University,UK,United Kingdom,L,CO,HI,3,A,5.7,601,8.3,601.0,6.1,701.0,17.4,594.0,81.2,224.0,50.1,293.0,23.3,515.0,10.0,701.0,18.4,560.0,
,,Indian Institute of Technology Bhubaneswar,IN,India,S,FO,VH,2,A,3.8,601,3.4,601.0,12.0,701.0,63.3,188.0,1.6,701.0,1.0,701.0,1.0,701.0,8.2,701.0,1.0,701.0,
,,Jordan University of Science & Technology,JO,Jordan,L,CO,HI,3,A,18.5,480,24.5,391.0,16.4,701.0,4.7,701.0,13.9,687.0,31.6,405.0,9.9,670.0,9.8,701.0,22.0,523.0,
,,"National Technical University of Ukraine ""Igor Sikorsky Kyiv Polytechnic Institute""",UA,Ukraine,L,FO,VH,5,A,16.1,544,33.7,292.0,47.0,333.0,1.5,701.0,1.1,701.0,2.5,701.0,1.4,701.0,18.9,441.0,1.4,701.0,
,,Universidad EAFIT,CO,Colombia,L,CO,MD,4,B,13.1,601,61.5,128.0,4.5,701.0,2.3,701.0,4.6,701.0,1.6,701.0,1.0,701.0,35.1,217.0,1.1,701.0,
,441.0,Universidade Federal de São Paulo,BR,Brazil,L,FC,VH,4,A,11.4,601,4.3,601.0,97.0,52.0,6.3,701.0,5.0,701.0,1.5,701.0,7.2,701.0,4.7,701.0,4.5,701.0,
,,University of Siena,IT,Italy,L,FC,HI,5,A,12.5,601,2.6,601.0,8.6,701.0,33.2,411.0,2.1,701.0,15.1,617.0,16.0,585.0,8.3,701.0,49.4,312.0,
,,Budapest University of Technology and Economics,HU,Hungary,L,FO,VH,5,A,14.3,601,19.4,464.0,15.2,701.0,8.9,701.0,2.5,701.0,18.8,562.0,25.4,493.0,25.0,329.0,40.8,360.0,
,,Instituto Politécnico Nacional (IPN),MX,Mexico,XL,FO,VH,4,A,20.4,429,40.2,235.0,8.7,701.0,2.1,701.0,2.6,701.0,1.1,701.0,6.9,701.0,9.8,701.0,33.5,413.0,
,,Jadavpur University,IN,India,L,CO,VH,5,A,16.3,538,5.1,601.0,8.3,701.0,37.9,368.0,,,1.0,701.0,3.1,701.0,14.4,587.0,21.2,533.0,
,,"Sofia University ""St. Kliment Ohridski""",BG,Bulgaria,L,CO,HI,5,A,14.4,598,16.3,523.0,54.1,284.0,2.1,701.0,3.1,701.0,8.4,701.0,12.9,627.0,27.3,298.0,16.7,584.0,
,,Swarthmore College,US,United States,S,CO,HI,5,B,3.4,601,1.8,601.0,85.9,102.0,17.0,602.0,5.4,701.0,28.8,432.0,1.0,701.0,18.5,453.0,,,
,,Universität Regensburg,DE,Germany,L,FO,VH,4,A,11.2,601,6.7,601.0,75.9,159.0,7.2,701.0,,,9.5,701.0,27.1,480.0,14.1,606.0,1.9,701.0,
,,"University of Agriculture, Faisalabad",PK,Pakistan,XL,CO,VH,4,A,5.8,601,11.9,601.0,1.6,701.0,49.5,268.0,3.2,701.0,1.1,701.0,19.1,549.0,5.7,701.0,21.6,528.0,
,,University of Bari,IT,Italy,XL,FC,HI,4,A,12.8,601,2.9,601.0,4.2,701.0,27.8,452.0,5.0,701.0,2.2,701.0,64.5,219.0,6.8,701.0,37.5,382.0,
,,University of the Punjab,PK,Pakistan,L,CO,VH,5,A,14.2,601,52.3,154.0,5.3,701.0,9.8,701.0,2.9,701.0,1.3,701.0,5.2,701.0,14.6,574.0,4.9,701.0,
,,University of the West of England,UK,United Kingdom,XL,CO,HI,3,A,9.2,601,9.4,601.0,8.4,701.0,10.8,701.0,48.4,363.0,75.8,183.0,24.8,499.0,8.9,701.0,21.6,528.0,
,,Ahlia University,BH,Bahrain,S,FO,HI,2,B,12.8,601,8.0,601.0,31.7,495.0,3.0,701.0,100.0,73.0,31.0,411.0,1.0,701.0,8.3,701.0,1.0,701.0,
,,ISCTE - Instituto Universitario de Lisboa,PT,Portugal,L,FO,VH,,A,7.0,601,6.2,601.0,1.4,701.0,59.2,211.0,,,,,8.1,701.0,10.0,701.0,,,
,,Kasetsart University,TH,Thailand,XL,CO,VH,4,A,24.3,356,21.8,431.0,6.2,701.0,2.5,701.0,4.8,701.0,1.3,701.0,5.2,701.0,19.3,435.0,51.5,297.0,
,,Liverpool John Moores University,UK,United Kingdom,L,CO,VH,3,A,9.9,601,6.8,601.0,8.4,701.0,14.5,645.0,48.1,365.0,24.4,480.0,56.2,278.0,10.4,701.0,24.4,497.0,
,,Riga Technical University,LV,Latvia,M,CO,VH,5,A,11.4,601,28.2,343.0,19.7,673.0,2.9,701.0,16.4,644.0,59.9,248.0,1.4,701.0,18.5,452.0,15.2,608.0,
,,Technische Universität Braunschweig,DE,Germany,L,CO,VH,5,A,11.0,601,14.5,561.0,58.8,244.0,6.3,701.0,,,26.8,448.0,20.2,542.0,12.0,701.0,4.8,701.0,
,,Universidad Externado de Colombia,CO,Colombia,L,FO,MD,5,B,14.0,601,43.7,209.0,31.2,506.0,1.1,701.0,11.3,701.0,1.6,701.0,1.0,701.0,18.8,445.0,1.0,701.0,
,,Université du Québec,CA,Canada,XL,FC,HI,4,A,17.3,516,11.8,601.0,1.6,701.0,16.3,610.0,37.1,435.0,11.6,683.0,19.7,545.0,14.8,563.0,27.3,478.0,
,,University of Mumbai,IN,India,M,FC,VH,5,A,8.1,601,25.0,383.0,2.4,701.0,25.0,488.0,2.0,701.0,3.5,701.0,1.1,701.0,70.5,72.0,10.5,663.0,
,,University of Ulsan,KR,South Korea,L,FC,VH,3,B,6.9,601,2.5,601.0,57.8,249.0,34.3,399.0,2.5,701.0,3.4,701.0,1.8,701.0,6.9,701.0,1.3,701.0,
,,University of Zagreb,HR,Croatia,XL,FC,VH,5,A,16.2,539,4.7,601.0,23.8,597.0,4.2,701.0,1.5,701.0,2.7,701.0,74.2,176.0,44.8,158.0,19.2,549.0,
,,Wayne State University,US,United States,L,FC,VH,5,A,7.8,601,3.2,601.0,64.7,214.0,12.3,693.0,12.5,701.0,4.8,701.0,41.9,364.0,15.4,545.0,6.4,701.0,
,,Hacettepe University,TR,Turkey,L,FC,VH,4,A,20.4,427,22.7,419.0,10.1,701.0,6.0,701.0,3.2,701.0,3.4,701.0,27.0,483.0,13.8,619.0,31.6,425.0,
,,King Khalid University,SA,Saudi Arabia,XL,FC,HI,3,A,12.8,601,5.1,601.0,43.0,366.0,2.2,701.0,100.0,31.0,10.2,701.0,7.8,701.0,7.8,701.0,1.1,701.0,
,,Philipps-Universität Marburg,DE,Germany,L,FC,HI,5,A,14.0,601,7.5,601.0,5.5,701.0,31.1,428.0,16.8,638.0,22.6,504.0,16.2,583.0,9.1,701.0,6.1,701.0,
,461.0,Universidad de Belgrano,AR,Argentina,M,CO,MD,4,B,9.9,601,10.7,601.0,88.1,92.0,1.0,701.0,5.7,701.0,26.3,463.0,1.0,701.0,8.7,701.0,,,
,,Universität Rostock,DE,Germany,L,FC,HI,5,A,7.7,601,3.2,601.0,79.4,140.0,5.8,701.0,,,14.7,626.0,47.6,329.0,9.2,701.0,2.8,701.0,
,,Universiti Tenaga Nasional (UNITEN),MY,Malaysia,S,SP,,3,C,7.3,601,13.8,588.0,49.1,317.0,14.6,644.0,5.7,701.0,50.2,291.0,3.0,701.0,10.4,701.0,1.8,701.0,
,,Virginia Commonwealth University,US,United States,L,FC,VH,5,A,6.7,601,16.5,521.0,43.1,365.0,13.7,662.0,15.9,653.0,3.2,701.0,39.2,383.0,12.4,701.0,12.0,642.0,
,,Chandigarh University,IN,India,L,FO,VH,2,B,11.5,601,43.4,212.0,21.1,642.0,1.3,701.0,34.1,463.0,15.1,619.0,1.1,701.0,8.1,701.0,2.8,701.0,
,,Comenius University Bratislava,SK,Slovakia,L,FC,HI,5,A,14.1,601,5.2,601.0,55.8,268.0,3.4,701.0,4.1,701.0,30.5,419.0,13.0,625.0,32.8,233.0,4.1,701.0,
,,Rutgers University–Newark,US,United States,M,CO,VH,4,A,11.1,601,5.2,601.0,15.5,701.0,19.3,564.0,26.3,519.0,46.8,311.0,2.2,701.0,28.6,280.0,15.4,603.0,
,,Sechenov University,RU,Russia,L,SP,,4,A,5.8,601,4.4,601.0,59.7,239.0,3.4,701.0,9.6,701.0,66.0,228.0,46.5,334.0,4.7,701.0,1.1,701.0,
,,Shoolini University of Biotechnology and Management Sciences,IN,India,S,CO,VH,2,B,8.3,601,12.6,601.0,7.3,701.0,42.4,319.0,24.2,545.0,1.7,701.0,2.1,701.0,8.0,701.0,1.0,701.0,
,,Universidad Anáhuac México,MX,Mexico,L,CO,MD,4,B,13.4,601,24.1,399.0,45.6,344.0,1.1,701.0,6.7,701.0,3.7,701.0,1.0,701.0,49.5,136.0,1.2,701.0,
,494.0,Universidad ORT Uruguay,UY,Uruguay,S,FO,HI,4,B,11.8,601,11.8,601.0,82.6,126.0,1.2,701.0,17.9,617.0,1.9,701.0,1.0,701.0,13.0,662.0,1.0,701.0,
,,Universität Duisburg-Essen,DE,Germany,XL,FC,VH,4,A,11.5,601,5.2,601.0,11.4,701.0,11.8,701.0,36.4,443.0,42.2,334.0,54.9,286.0,11.5,701.0,9.2,685.0,
,,Université de Nantes,FR,France,XL,CO,VH,5,A,10.3,601,2.7,601.0,7.1,701.0,23.6,505.0,17.1,625.0,13.9,642.0,77.3,161.0,6.7,701.0,15.6,601.0,
,,University at Albany SUNY,US,United States,L,CO,VH,5,A,8.6,601,4.5,601.0,5.3,701.0,41.8,324.0,4.2,701.0,6.0,701.0,23.2,518.0,9.4,701.0,23.9,504.0,
,,University of Brighton,UK,United Kingdom,L,CO,VH,3,A,8.4,601,7.0,601.0,8.9,701.0,15.8,622.0,56.2,330.0,54.2,270.0,27.6,473.0,11.2,701.0,9.1,687.0,
,,University of Northern British Columbia,CA,Canada,S,CO,VH,,,3.8,601,8.5,601.0,100.0,1.0,1.1,701.0,,,,,40.3,374.0,7.3,701.0,,,
,,China University of Mining and Technology,CN,China (Mainland),L,CO,VH,3,A,3.7,601,1.6,601.0,9.5,701.0,60.5,202.0,,,,,2.9,701.0,9.0,701.0,3.0,701.0,
,,Keele University,UK,United Kingdom,M,FC,VH,4,A,6.7,601,4.3,601.0,15.2,701.0,27.1,462.0,53.1,344.0,33.2,391.0,11.6,642.0,10.5,701.0,3.1,701.0,
,,Khoja Akhmet Yassawi International Kazakh-Turkish University,KZ,Kazakhstan,M,FC,MD,3,A,14.6,593,20.9,443.0,53.0,294.0,1.2,701.0,8.5,701.0,15.5,611.0,1.0,701.0,11.6,701.0,4.4,701.0,
,,Nanjing Agricultural University,CN,China (Mainland),L,CO,VH,3,A,5.5,601,1.9,601.0,7.2,701.0,58.8,215.0,,,1.5,701.0,6.5,701.0,5.3,701.0,2.5,701.0,
,,National Institute of Technology Tiruchirappalli,IN,India,M,FO,VH,4,A,3.7,601,2.7,601.0,11.8,701.0,58.9,214.0,,,2.1,701.0,1.5,701.0,7.7,701.0,1.1,701.0,
,,Syracuse University,US,United States,L,CO,VH,5,B,13.6,601,9.6,601.0,11.8,701.0,13.7,661.0,4.8,701.0,44.1,328.0,11.1,650.0,30.2,256.0,23.0,514.0,
,494.0,The Catholic University of Korea,KR,South Korea,M,FC,VH,3,B,3.6,601,2.7,601.0,99.0,37.0,12.0,700.0,3.3,701.0,13.0,662.0,1.0,701.0,7.2,701.0,1.1,701.0,
,,Universiti Malaysia Pahang,MY,Malaysia,M,SP,,2,A,10.1,601,7.1,601.0,15.2,701.0,28.3,450.0,23.6,558.0,9.7,701.0,5.9,701.0,9.9,701.0,28.4,463.0,
,467.0,University of Alaska Fairbanks,US,United States,S,CO,VH,,A,3.1,601,3.2,601.0,99.6,30.0,13.4,670.0,6.7,701.0,3.1,701.0,4.6,701.0,8.4,701.0,,,
,,American University,US,United States,M,CO,HI,5,B,16.2,542,22.8,418.0,30.0,522.0,4.1,701.0,3.0,701.0,15.6,610.0,1.2,701.0,33.3,231.0,3.0,701.0,
,,Clarkson University,US,United States,S,CO,VH,5,B,1.6,601,2.4,601.0,16.9,701.0,39.0,351.0,64.7,297.0,8.6,701.0,2.6,701.0,10.7,701.0,1.2,701.0,
,,Diponegoro University,ID,Indonesia,XL,FC,HI,4,A,17.2,517,33.9,289.0,15.7,701.0,1.4,701.0,22.8,566.0,2.8,701.0,1.0,701.0,15.0,558.0,13.1,634.0,
,,Instituto Tecnológico de Buenos Aires (ITBA),AR,Argentina,S,FO,HI,4,B,9.0,601,38.8,251.0,35.2,449.0,1.4,701.0,26.7,512.0,13.5,652.0,1.0,701.0,6.6,701.0,,,
,,Lanzhou University,CN,China (Mainland),XL,CO,VH,5,A,8.3,601,2.3,601.0,26.3,566.0,38.1,366.0,2.5,701.0,1.6,701.0,15.3,594.0,6.2,701.0,9.8,669.0,
,,Plekhanov Russian University of Economics,RU,Russia,L,SP,,5,A,12.6,601,14.3,574.0,49.6,312.0,2.8,701.0,6.0,701.0,21.2,530.0,5.8,701.0,30.1,258.0,7.5,701.0,
,,Universidad de La Sabana,CO,Colombia,M,FC,MD,3,B,19.4,459,39.1,242.0,15.4,701.0,2.0,701.0,6.7,701.0,3.3,701.0,1.0,701.0,11.3,701.0,3.7,701.0,
,,University of Brescia,IT,Italy,M,FO,VH,3,A,3.9,601,2.1,601.0,6.8,701.0,50.4,261.0,2.6,701.0,6.9,701.0,9.0,698.0,8.8,701.0,24.8,490.0,
,,University of Engineering & Technology (UET) Lahore,PK,Pakistan,L,FO,VH,4,A,8.9,601,44.8,197.0,16.4,701.0,5.7,701.0,1.1,701.0,3.6,701.0,2.1,701.0,16.8,501.0,27.3,478.0,
,,University of Patras,GR,Greece,L,FC,HI,4,A,12.1,601,17.7,496.0,2.7,701.0,24.0,501.0,1.5,701.0,5.1,701.0,12.4,631.0,8.4,701.0,41.1,358.0,
,,Al-Ahliyya Amman University,JO,Jordan,M,FO,HI,3,B,6.8,601,5.9,601.0,9.3,701.0,2.3,701.0,72.9,262.0,100.0,25.0,1.0,701.0,10.4,701.0,1.6,701.0,
,,Almaty Technological University,KZ,Kazakhstan,M,FO,HI,4,A,5.1,601,3.3,601.0,92.1,75.0,1.0,701.0,26.0,523.0,5.2,701.0,1.0,701.0,11.8,701.0,1.0,701.0,
,,Auburn University,US,United States,L,CO,VH,4,A,7.2,601,8.5,601.0,7.4,701.0,19.0,568.0,23.9,551.0,7.8,701.0,14.3,610.0,17.4,479.0,53.4,288.0,
,,Australian Catholic University,AU,Australia,L,CO,VH,3,A,8.3,601,10.5,601.0,4.7,701.0,13.5,669.0,70.2,277.0,43.2,333.0,3.2,701.0,8.1,701.0,4.7,701.0,
,,Babes-Bolyai University,RO,Romania,XL,CO,VH,5,A,16.4,533,13.7,591.0,4.7,701.0,4.2,701.0,7.7,701.0,4.0,701.0,42.6,358.0,23.1,362.0,48.4,316.0,
,,Bangladesh University of Engineering and Technology,BD,Bangladesh,M,SP,,4,A,15.6,561,34.8,278.0,16.9,701.0,12.0,701.0,,,1.0,701.0,1.2,701.0,7.0,701.0,3.4,701.0,
,,Beijing University of Technology,CN,China (Mainland),L,CO,VH,4,A,8.3,601,3.5,601.0,42.9,367.0,26.6,466.0,4.8,701.0,2.9,701.0,1.7,701.0,8.9,701.0,2.9,701.0,
,,Belarusian National Technical University (BNTU),BY,Belarus,L,SP,,5,A,13.1,601,29.8,327.0,45.6,345.0,1.0,701.0,2.2,701.0,12.6,670.0,1.0,701.0,7.1,701.0,,,
,,Charles Sturt University,AU,Australia,L,CO,VH,3,A,5.0,601,6.0,601.0,7.0,701.0,8.6,701.0,31.7,476.0,74.0,190.0,10.5,663.0,10.3,701.0,53.4,288.0,
,,China University of Geosciences,CN,China (Mainland),L,FO,VH,3,A,5.3,601,1.4,601.0,55.9,267.0,25.3,480.0,1.6,701.0,2.9,701.0,26.1,491.0,5.3,701.0,7.0,701.0,
,,Clark University,US,United States,S,CO,VH,5,B,3.0,601,5.3,601.0,23.4,610.0,18.3,578.0,14.2,682.0,72.6,198.0,1.2,701.0,14.9,561.0,33.2,416.0,
,,De Montfort University,UK,United Kingdom,L,CO,HI,5,A,5.5,601,4.8,601.0,5.8,701.0,7.6,701.0,75.3,250.0,97.5,67.0,8.8,701.0,10.5,701.0,4.9,701.0,
,,Edinburgh Napier University,UK,United Kingdom,L,CO,HI,3,A,4.9,601,4.2,601.0,4.1,701.0,10.4,701.0,73.8,259.0,87.9,130.0,5.9,701.0,10.8,701.0,2.9,701.0,
,,Immanuel Kant Baltic Federal University,RU,Russia,M,CO,HI,4,A,8.1,601,2.3,601.0,75.5,164.0,1.8,701.0,17.9,616.0,32.0,400.0,2.7,701.0,6.3,701.0,1.9,701.0,
,,Ivane Javakhishvili Tbilisi State University,GE,Georgia,L,FO,HI,5,A,9.7,601,2.6,601.0,76.0,158.0,1.2,701.0,1.9,701.0,3.5,701.0,1.2,701.0,43.4,166.0,1.1,701.0,
,,Jouf University,SA,Saudi Arabia,L,FC,HI,2,A,8.8,601,5.3,601.0,45.1,350.0,1.9,701.0,100.0,27.0,2.8,701.0,2.2,701.0,8.0,701.0,1.0,701.0,
,,Kaunas University of Technology,LT,Lithuania,M,FO,VH,5,A,11.3,601,21.8,430.0,31.5,499.0,6.8,701.0,3.3,701.0,24.1,486.0,16.9,575.0,8.4,701.0,1.9,701.0,
,,Konkuk University,KR,South Korea,L,FC,VH,4,B,9.4,601,9.3,601.0,59.0,241.0,13.8,660.0,7.7,701.0,9.8,701.0,2.8,701.0,9.9,701.0,2.3,701.0,
,,Louisiana State University,US,United States,XL,CO,VH,5,A,9.7,601,8.3,601.0,7.1,701.0,16.2,612.0,10.1,701.0,4.1,701.0,15.5,589.0,17.2,487.0,70.7,200.0,
,,Maynooth University,IE,Ireland,M,FO,VH,3,A,10.0,601,9.2,601.0,8.7,701.0,12.6,684.0,89.4,187.0,15.6,608.0,4.7,701.0,9.0,701.0,4.7,701.0,
,,Nagasaki University,JP,Japan,M,FO,VH,4,A,6.9,601,2.2,601.0,84.2,113.0,6.2,701.0,6.5,701.0,4.2,701.0,11.8,639.0,8.3,701.0,2.0,701.0,
,,Nanjing University of Aeronautics and Astronautics,CN,China (Mainland),XL,FO,VH,3,A,4.7,601,2.6,601.0,13.1,701.0,47.3,287.0,5.7,701.0,3.2,701.0,4.5,701.0,5.3,701.0,1.5,701.0,
,,North-West University,ZA,South Africa,XL,CO,VH,2,A,7.1,601,9.1,601.0,5.2,701.0,13.0,677.0,5.8,701.0,2.4,701.0,88.2,95.0,12.7,676.0,49.7,309.0,
,,Poznan University of Life Sciences,PL,Poland,M,FO,VH,5,A,5.8,601,1.8,601.0,98.0,46.0,5.2,701.0,3.2,701.0,5.4,701.0,1.7,701.0,8.2,701.0,1.1,701.0,
,,Ritsumeikan Asia Pacific University,JP,Japan,M,SP,,2,C,5.1,601,9.4,601.0,2.4,701.0,2.6,701.0,99.6,87.0,99.6,37.0,1.0,701.0,7.8,701.0,1.0,701.0,
,,Texas Tech University,US,United States,XL,FC,HI,5,A,11.0,601,11.8,601.0,5.0,701.0,15.3,625.0,8.5,701.0,7.1,701.0,20.3,541.0,13.7,622.0,56.1,270.0,
,,Tokyo University of Agriculture and Technology,JP,Japan,M,FO,VH,4,A,13.6,601,6.7,601.0,13.3,701.0,32.9,413.0,5.8,701.0,9.5,701.0,6.0,701.0,7.8,701.0,1.8,701.0,
,,Universidad de la República (Udelar),UY,Uruguay,XL,FC,HI,5,A,25.1,350,14.4,568.0,17.5,701.0,1.6,701.0,8.4,701.0,2.5,701.0,8.3,701.0,22.5,368.0,4.1,701.0,
,,Universidad de San Andrés - UdeSA,AR,Argentina,S,SP,,3,B,6.8,601,32.6,301.0,48.1,326.0,2.1,701.0,8.0,701.0,4.4,701.0,1.0,701.0,18.0,465.0,1.0,701.0,
,,Universidad Pontificia Bolivariana,CO,Colombia,M,FO,VH,4,B,9.3,601,15.4,537.0,69.9,185.0,1.6,701.0,4.9,701.0,2.1,701.0,1.2,701.0,18.2,461.0,3.3,701.0,
,,Universidad San Francisco de Quito (USFQ),EC,Ecuador,M,FC,HI,3,B,14.4,600,10.7,601.0,36.1,439.0,2.3,701.0,56.9,324.0,2.0,701.0,1.5,701.0,11.0,701.0,7.8,701.0,
,,Universidad Técnica Federico Santa María (USM),CL,Chile,L,FO,VH,4,B,10.0,601,50.6,166.0,3.7,701.0,5.9,701.0,15.8,654.0,1.9,701.0,9.5,680.0,10.1,701.0,7.9,701.0,
,,Universidade de Brasília,BR,Brazil,XL,FC,HI,4,A,26.1,339,14.5,562.0,8.4,701.0,4.2,701.0,11.9,701.0,1.6,701.0,15.3,595.0,11.5,701.0,9.4,683.0,
,,Universidade Federal de Santa Catarina,BR,Brazil,XL,FC,VH,4,A,19.6,453,4.4,601.0,19.0,695.0,8.0,701.0,4.4,701.0,2.0,701.0,18.0,560.0,8.2,701.0,57.4,263.0,
,,Universitas Brawijaya,ID,Indonesia,XL,FC,HI,4,A,17.2,519,34.5,284.0,10.5,701.0,1.4,701.0,6.2,701.0,1.5,701.0,1.1,701.0,14.0,611.0,14.5,617.0,
,,Université de Sherbrooke,CA,Canada,L,FC,HI,4,A,6.9,601,6.8,601.0,19.9,671.0,20.1,557.0,56.2,331.0,8.4,701.0,3.2,701.0,14.3,592.0,7.5,701.0,
,,Universiti Tunku Abdul Rahman (UTAR),MY,Malaysia,L,FC,HI,2,B,12.9,601,36.4,269.0,11.1,701.0,5.1,701.0,8.4,701.0,3.3,701.0,2.1,701.0,9.7,701.0,30.7,438.0,
,,University Duesseldorf,DE,Germany,XL,FC,HI,4,A,12.9,601,7.6,601.0,41.1,382.0,7.5,701.0,,,15.7,604.0,30.9,454.0,9.5,701.0,1.7,701.0,
,,University of Alicante,ES,Spain,L,FC,VH,3,A,13.4,601,6.2,601.0,22.9,620.0,8.0,701.0,4.6,701.0,14.0,640.0,41.8,365.0,5.5,701.0,29.9,449.0,
,,University of Balamand,LB,Lebanon,S,CO,HI,3,B,4.9,601,13.0,601.0,83.8,115.0,2.0,701.0,12.6,701.0,21.8,520.0,1.0,701.0,8.2,701.0,1.0,701.0,
,,University of Calcutta,IN,India,L,CO,VH,5,A,15.7,557,4.3,601.0,5.6,701.0,20.3,554.0,25.9,524.0,1.1,701.0,3.2,701.0,38.8,186.0,1.9,701.0,
,,University of Dubai,AE,United Arab Emirates,S,SP,,3,B,4.2,601,4.5,601.0,13.0,701.0,10.0,701.0,100.0,7.0,64.5,232.0,1.0,701.0,17.3,484.0,1.0,701.0,
,,University of Hyderabad,IN,India,M,FC,HI,3,A,11.9,601,2.8,601.0,16.3,701.0,37.9,372.0,2.0,701.0,2.0,701.0,1.4,701.0,7.8,701.0,1.3,701.0,
,,University of Latvia,LV,Latvia,L,FC,HI,5,A,12.5,601,17.8,495.0,5.1,701.0,6.1,701.0,12.5,701.0,5.3,701.0,21.5,531.0,59.8,102.0,13.7,627.0,
,,University of Massachusetts Boston,US,United States,L,FO,VH,5,A,11.9,601,4.9,601.0,11.5,701.0,27.5,458.0,5.9,701.0,9.6,701.0,2.3,701.0,7.6,701.0,40.2,362.0,
,,University of Pecs,HU,Hungary,L,FC,HI,5,A,13.2,601,8.8,601.0,38.1,414.0,2.7,701.0,9.1,701.0,62.4,240.0,4.8,701.0,9.6,701.0,3.0,701.0,
,,University of Salerno,IT,Italy,L,FC,VH,4,A,7.9,601,2.1,601.0,4.8,701.0,31.9,421.0,3.4,701.0,1.8,701.0,64.8,217.0,5.4,701.0,7.6,701.0,
,,University of Santo Tomas,PH,Philippines,L,FC,MD,5,B,11.5,601,33.5,293.0,15.7,701.0,1.3,701.0,41.4,401.0,8.2,701.0,1.0,701.0,12.5,697.0,1.1,701.0,
,,Verona University,IT,Italy,L,FC,HI,3,A,8.7,601,2.9,601.0,4.8,701.0,40.0,345.0,4.7,701.0,3.6,701.0,32.0,448.0,6.9,701.0,14.7,616.0,
,,Vilnius Gediminas Technical University,LT,Lithuania,M,SP,,4,A,9.0,601,16.7,516.0,40.9,385.0,7.3,701.0,15.8,655.0,38.8,355.0,4.7,701.0,11.5,701.0,1.9,701.0,
,,Vytautas Magnus University,LT,Lithuania,M,FO,VH,5,A,11.0,601,20.6,449.0,38.5,410.0,2.1,701.0,15.1,666.0,40.2,341.0,2.4,701.0,11.4,701.0,1.6,701.0,
,,Yokohama City University,JP,Japan,M,FO,VH,4,A,3.3,601,2.6,601.0,97.7,49.0,10.3,701.0,4.1,701.0,2.4,701.0,1.1,701.0,8.5,701.0,1.0,701.0,
,,Karaganda State Technical University,KZ,Kazakhstan,M,FO,HI,4,A,8.4,601,6.8,601.0,80.6,138.0,1.1,701.0,8.2,701.0,18.4,569.0,1.0,701.0,12.1,701.0,2.1,701.0,
,,Addis Ababa University,ET,Ethiopia,XL,CO,HI,,,5.6,601,10.8,601.0,61.1,231.0,1.7,701.0,,,,,14.3,608.0,54.7,114.0,,,
,,Beijing University of Posts and Telecommunications,CN,China (Mainland),L,CO,VH,3,A,3.9,601,2.2,601.0,10.0,701.0,49.2,271.0,5.0,701.0,1.8,701.0,1.1,701.0,10.4,701.0,1.2,701.0,
,,Catania University,IT,Italy,L,FC,VH,5,A,11.7,601,3.1,601.0,4.8,701.0,27.4,459.0,2.8,701.0,2.6,701.0,30.4,456.0,6.1,701.0,25.1,489.0,
,,Chonnam National University,KR,South Korea,L,FC,VH,4,A,11.7,601,5.0,601.0,44.0,357.0,14.3,652.0,11.4,701.0,6.5,701.0,1.7,701.0,6.0,701.0,4.0,701.0,
,,Chungnam National University,KR,South Korea,L,FC,VH,4,A,11.7,601,8.0,601.0,45.3,348.0,10.6,701.0,8.2,701.0,10.7,701.0,1.6,701.0,8.0,701.0,2.1,701.0,
,,Clemson University,US,United States,L,CO,VH,5,A,8.3,601,10.8,601.0,12.9,701.0,16.7,606.0,8.3,701.0,4.5,701.0,36.4,408.0,11.1,701.0,32.1,423.0,
,,CY Cergy Paris University,FR,France,M,FO,VH,1,A,3.4,601,2.7,601.0,41.9,376.0,6.5,701.0,54.3,340.0,45.1,321.0,8.1,701.0,7.4,701.0,9.6,678.0,
,,Gdańsk University of Technology,PL,Poland,M,FO,VH,5,A,9.2,601,14.4,566.0,36.3,437.0,11.8,701.0,3.3,701.0,7.1,701.0,11.8,638.0,8.6,701.0,14.9,614.0,
,,Georgia State University,US,United States,XL,CO,VH,4,A,11.7,601,13.6,594.0,4.9,701.0,20.3,556.0,10.5,701.0,7.4,701.0,17.0,573.0,16.1,519.0,11.8,644.0,
,,Gulf University for Science and Technology,KW,Kuwait,S,FO,HI,2,C,10.7,601,7.3,601.0,9.3,701.0,4.3,701.0,100.0,15.0,23.3,497.0,1.0,701.0,14.0,610.0,1.9,701.0,
,,Huazhong Agricultural University,CN,China (Mainland),XL,CO,VH,4,A,4.1,601,1.8,601.0,6.3,701.0,48.7,278.0,4.0,701.0,1.6,701.0,2.8,701.0,5.9,701.0,4.0,701.0,
,,Kanazawa University,JP,Japan,M,FC,VH,4,A,9.3,601,4.4,601.0,60.8,232.0,12.1,696.0,9.2,701.0,5.8,701.0,2.4,701.0,7.9,701.0,1.4,701.0,
,,Kansas State University,US,United States,L,CO,VH,5,A,8.9,601,8.0,601.0,12.0,701.0,20.0,558.0,24.0,547.0,5.2,701.0,19.0,550.0,13.0,660.0,26.1,485.0,
,,Karaganda Buketov University,KZ,Kazakhstan,L,FO,HI,4,B,13.7,601,19.9,457.0,32.4,491.0,1.2,701.0,22.2,571.0,7.3,701.0,1.0,701.0,11.9,701.0,1.0,701.0,
,,King Faisal University,SA,Saudi Arabia,L,FO,VH,3,A,15.0,585,8.6,601.0,11.4,701.0,2.4,701.0,99.2,95.0,2.0,701.0,3.1,701.0,7.5,701.0,1.1,701.0,
,,Kuwait University,KW,Kuwait,XL,FC,MD,4,A,13.6,601,8.3,601.0,6.4,701.0,2.2,701.0,30.4,487.0,21.0,534.0,10.9,654.0,51.3,128.0,18.8,555.0,
,,Kyrgyz-Turkish Manas University,KG,Kyrgyzstan,S,CO,HI,3,A,13.0,601,7.3,601.0,12.2,701.0,1.6,701.0,85.3,206.0,24.7,478.0,1.0,701.0,14.5,578.0,,,
,,London South Bank University,UK,United Kingdom,L,CO,HI,3,A,3.5,601,2.9,601.0,8.3,701.0,5.6,701.0,78.2,237.0,95.9,83.0,2.3,701.0,11.1,701.0,1.1,701.0,
,,Michigan Technological University,US,United States,M,CO,VH,5,A,4.4,601,4.2,601.0,26.0,568.0,32.1,420.0,19.6,593.0,9.4,701.0,8.3,701.0,8.6,701.0,3.2,701.0,
,,National Research Saratov State University,RU,Russia,M,CO,VH,5,A,5.2,601,2.5,601.0,95.8,58.0,1.7,701.0,3.2,701.0,18.2,572.0,1.2,701.0,4.7,701.0,1.0,701.0,
,,Niigata University,JP,Japan,L,FC,HI,4,A,4.9,601,3.3,601.0,88.1,93.0,4.6,701.0,4.2,701.0,3.3,701.0,1.2,701.0,9.2,701.0,3.0,701.0,
,,North South University,BD,Bangladesh,L,CO,HI,3,B,12.1,601,48.4,180.0,5.6,701.0,2.3,701.0,12.2,701.0,2.4,701.0,1.1,701.0,13.3,645.0,1.1,701.0,
,,Oklahoma State University,US,United States,L,FC,HI,5,A,8.4,601,9.7,601.0,10.7,701.0,15.1,630.0,37.3,432.0,4.3,701.0,23.4,513.0,16.6,512.0,20.9,536.0,
,,Pavol Jozef Šafárik University in Košice,SK,Slovakia,M,FC,HI,4,A,5.1,601,3.6,601.0,55.5,270.0,3.6,701.0,2.0,701.0,63.8,236.0,3.3,701.0,13.0,663.0,1.3,701.0,
,,"Queen Margaret University , Edinburgh",UK,United Kingdom,S,FO,VH,2,A,3.8,601,4.0,601.0,5.3,701.0,17.0,601.0,61.2,312.0,76.0,181.0,1.0,701.0,8.7,701.0,1.0,701.0,
,,Ryerson University,CA,Canada,XL,CO,VH,4,A,7.0,601,14.4,565.0,1.7,701.0,30.7,431.0,,,3.6,701.0,14.6,600.0,12.7,683.0,8.0,701.0,
,,Southern Federal University,RU,Russia,L,CO,VH,5,A,7.6,601,3.6,601.0,77.8,146.0,1.8,701.0,3.5,701.0,23.1,499.0,5.1,701.0,6.6,701.0,11.7,647.0,
,,Technological University Dublin,IE,Ireland,L,CO,HI,1,A,12.1,601,12.4,601.0,12.6,701.0,3.1,701.0,32.7,470.0,39.6,346.0,5.0,701.0,13.1,653.0,16.9,581.0,
,,TU Dortmund University,DE,Germany,L,CO,VH,4,A,13.6,601,13.8,589.0,22.2,626.0,7.4,701.0,20.2,589.0,19.1,559.0,17.0,574.0,9.1,701.0,4.4,701.0,
,,Universidad Católica del Uruguay (UCU),UY,Uruguay,S,CO,MD,3,B,12.2,601,12.4,601.0,57.0,255.0,1.2,701.0,8.7,701.0,2.6,701.0,1.0,701.0,13.1,655.0,1.2,701.0,
,,"Universidad Central ""Marta Abreu"" de Las Villas",CU,Cuba,M,CO,MD,4,A,5.7,601,1.1,601.0,99.9,23.0,1.2,701.0,1.1,701.0,1.3,701.0,1.1,701.0,14.6,572.0,1.0,701.0,
,,Universidad de Guadalajara (UDG),MX,Mexico,XL,FC,HI,5,A,20.3,432,9.2,601.0,19.6,677.0,1.3,701.0,2.4,701.0,1.1,701.0,7.5,701.0,8.5,701.0,37.8,379.0,
,,Universidad Torcuato Di Tella,AR,Argentina,S,SP,,3,B,11.9,601,25.4,376.0,17.9,701.0,3.2,701.0,34.5,460.0,8.2,701.0,1.0,701.0,17.1,496.0,1.0,701.0,
,,Universita' degli Studi di Ferrara,IT,Italy,L,FC,HI,5,A,6.5,601,2.4,601.0,2.4,701.0,38.6,360.0,2.5,701.0,3.5,701.0,26.8,484.0,8.4,701.0,17.8,571.0,
,,University of Bucharest,RO,Romania,XL,FO,VH,5,A,15.5,564,13.8,586.0,6.5,701.0,4.2,701.0,2.8,701.0,1.9,701.0,28.7,465.0,34.7,222.0,27.8,469.0,
,,University of East London,UK,United Kingdom,L,CO,HI,3,A,3.6,601,3.5,601.0,3.5,701.0,6.7,701.0,74.2,258.0,100.0,31.0,2.1,701.0,12.0,701.0,1.1,701.0,
,,University of Hertfordshire,UK,United Kingdom,L,CO,HI,3,A,4.7,601,4.8,601.0,6.4,701.0,5.6,701.0,63.4,305.0,99.5,42.0,11.2,647.0,12.0,701.0,2.7,701.0,
,,University of Lincoln,UK,United Kingdom,L,CO,HI,3,A,6.1,601,5.1,601.0,9.1,701.0,11.3,701.0,64.6,298.0,30.1,421.0,9.6,679.0,8.9,701.0,37.5,382.0,
,,University of Malta,MT,Malta,M,FC,HI,3,A,5.3,601,5.2,601.0,38.2,413.0,6.5,701.0,15.1,665.0,11.2,688.0,35.4,416.0,47.4,147.0,2.3,701.0,
,,University of Maribor,SI,Slovenia,L,FC,HI,3,A,7.0,601,6.7,601.0,30.8,509.0,6.7,701.0,1.9,701.0,14.3,636.0,16.1,584.0,52.1,123.0,31.3,428.0,
,,University of Messina (UniME),IT,Italy,L,FC,VH,5,A,8.3,601,2.5,601.0,12.7,701.0,29.4,438.0,1.4,701.0,4.4,701.0,30.7,455.0,1.0,701.0,23.2,511.0,
,,University of Palermo,IT,Italy,L,CO,VH,5,A,10.9,601,2.4,601.0,5.1,701.0,27.5,455.0,2.4,701.0,1.9,701.0,53.3,295.0,5.1,701.0,9.7,673.0,
,,University of Parma,IT,Italy,L,FC,VH,5,A,9.4,601,2.7,601.0,2.6,701.0,34.6,393.0,2.0,701.0,6.3,701.0,35.1,419.0,10.2,701.0,3.7,701.0,
,,University of Salford,UK,United Kingdom,L,CO,HI,4,A,7.4,601,4.0,601.0,6.7,701.0,7.8,701.0,38.1,422.0,70.1,210.0,20.8,539.0,11.8,701.0,9.8,669.0,
,,University of South Africa,ZA,South Africa,XL,CO,VH,5,A,9.6,601,4.9,601.0,1.0,701.0,8.8,701.0,,,8.0,701.0,81.8,136.0,66.6,81.0,,,
,,University Paris 2 Panthéon-Assas,FR,France,L,SP,,5,A,7.1,601,3.5,601.0,71.3,179.0,1.2,701.0,12.5,701.0,24.5,479.0,1.0,701.0,27.4,297.0,1.0,701.0,
,,Vellore Institute of Technology (VIT),IN,India,XL,FO,VH,3,B,11.2,601,12.2,601.0,6.5,701.0,21.3,540.0,19.0,599.0,2.2,701.0,13.3,622.0,10.2,701.0,9.7,673.0,
,,Wesleyan University,US,United States,S,FO,VH,,B,4.4,601,1.8,601.0,63.5,221.0,8.6,701.0,18.0,614.0,16.8,587.0,1.0,701.0,27.7,293.0,,,
,,Worcester Polytechnic Institute,US,United States,M,CO,VH,5,B,3.9,601,5.7,601.0,17.1,701.0,27.5,457.0,42.7,390.0,24.2,485.0,1.7,701.0,11.8,701.0,1.3,701.0,
,,Wuhan University of Technology,CN,China (Mainland),XL,FO,VH,2,A,6.9,601,2.1,601.0,12.1,701.0,41.1,332.0,,,2.6,701.0,9.7,673.0,7.0,701.0,2.4,701.0,
,,AGH University of Science and Technology,PL,Poland,L,CO,VH,5,A,9.2,601,15.2,542.0,37.3,422.0,7.0,701.0,2.7,701.0,4.5,701.0,13.2,623.0,8.8,701.0,2.5,701.0,
,,Alexandria University,EG,Egypt,XL,FC,HI,4,A,21.5,400,13.1,601.0,5.0,701.0,1.9,701.0,1.7,701.0,5.0,701.0,28.7,466.0,13.5,635.0,2.7,701.0,
,,Ankara Üniversitesi,TR,Turkey,XL,FC,HI,4,A,18.5,481,11.7,601.0,8.1,701.0,2.7,701.0,2.5,701.0,5.4,701.0,32.4,441.0,15.4,546.0,16.1,592.0,
,,Asia University Taiwan,TW,Taiwan,M,FO,VH,2,C,5.9,601,1.8,601.0,3.3,701.0,38.7,358.0,9.5,701.0,3.5,701.0,12.0,637.0,7.9,701.0,2.3,701.0,
,,Athens University of Economics and Business,GR,Greece,M,FO,VH,5,A,7.4,601,33.3,296.0,1.6,701.0,17.7,588.0,1.7,701.0,3.3,701.0,1.0,701.0,15.7,530.0,4.1,701.0,
,,Beijing Jiaotong University,CN,China (Mainland),L,CO,VH,2,A,10.1,601,4.2,601.0,16.0,701.0,28.8,446.0,5.0,701.0,10.6,701.0,2.6,701.0,8.2,701.0,1.7,701.0,
,,College of William and Mary,US,United States,M,CO,VH,5,A,8.3,601,10.6,601.0,25.7,574.0,15.6,624.0,6.9,701.0,6.8,701.0,2.5,701.0,21.4,390.0,8.1,701.0,
,,D. Serikbayev East Kazakhstan state technical university,KZ,Kazakhstan,M,CO,MD,4,A,11.6,601,6.3,601.0,59.9,237.0,1.2,701.0,17.3,623.0,2.7,701.0,1.0,701.0,12.6,686.0,1.6,701.0,
,,Donghua University,CN,China (Mainland),L,FO,VH,3,A,4.0,601,1.5,601.0,26.9,562.0,37.9,370.0,2.3,701.0,3.4,701.0,1.9,701.0,6.2,701.0,1.3,701.0,
,,Hallym University,KR,South Korea,M,FC,VH,3,B,2.6,601,1.9,601.0,94.0,65.0,6.9,701.0,4.2,701.0,2.7,701.0,1.0,701.0,4.2,701.0,1.0,701.0,
,,Kumamoto University,JP,Japan,M,FC,VH,4,A,7.6,601,3.1,601.0,56.0,266.0,12.3,691.0,5.9,701.0,3.4,701.0,3.1,701.0,8.1,701.0,1.9,701.0,
,,London Metropolitan University,UK,United Kingdom,M,CO,HI,2,A,5.5,601,2.9,601.0,4.5,701.0,3.2,701.0,60.8,315.0,100.0,18.0,1.0,701.0,14.0,609.0,1.0,701.0,
,,Loyola University Chicago,US,United States,L,FC,HI,5,B,8.7,601,29.6,330.0,21.3,640.0,8.0,701.0,7.4,701.0,3.0,701.0,1.6,701.0,13.1,659.0,2.5,701.0,
,,Mendel University in Brno,CZ,Czech Republic,M,FO,VH,5,A,6.4,601,8.6,601.0,48.8,322.0,3.9,701.0,10.4,701.0,37.1,368.0,13.1,624.0,8.7,701.0,1.3,701.0,
,,National Chung Cheng University,TW,Taiwan,M,CO,VH,3,A,13.0,601,26.2,368.0,18.2,701.0,5.2,701.0,4.5,701.0,3.9,701.0,1.1,701.0,4.2,701.0,8.3,701.0,
,,"National Technical University ""Kharkiv Polytechnic Institute""",UA,Ukraine,M,CO,VH,5,A,6.6,601,12.1,601.0,63.3,224.0,1.3,701.0,1.8,701.0,24.0,487.0,1.0,701.0,10.2,701.0,,,
,,Nicolaus Copernicus University,PL,Poland,L,FC,HI,4,A,7.5,601,3.0,601.0,48.7,323.0,4.8,701.0,3.4,701.0,4.8,701.0,51.1,305.0,8.2,701.0,2.0,701.0,
,,Northern Borders University,SA,Saudi Arabia,L,FC,MD,2,A,10.4,601,3.7,601.0,21.9,632.0,2.0,701.0,98.2,112.0,5.2,701.0,1.0,701.0,8.2,701.0,1.0,701.0,
,,Notre Dame University-Louaize NDU,LB,Lebanon,S,CO,HI,3,B,4.5,601,13.8,587.0,24.9,585.0,2.6,701.0,84.2,216.0,21.9,517.0,1.0,701.0,8.0,701.0,1.0,701.0,
,,Ocean University of China,CN,China (Mainland),L,FC,VH,3,A,5.5,601,1.9,601.0,9.9,701.0,40.5,341.0,3.3,701.0,2.0,701.0,9.4,684.0,5.9,701.0,4.9,701.0,
,,Okayama University,JP,Japan,L,FC,VH,4,A,8.9,601,3.9,601.0,62.1,227.0,8.4,701.0,5.6,701.0,6.3,701.0,3.6,701.0,8.2,701.0,1.6,701.0,
,,Pontificia Universidad Católica del Ecuador (PUCE),EC,Ecuador,L,FC,MD,4,B,16.8,526,28.7,339.0,10.5,701.0,1.3,701.0,16.9,630.0,1.6,701.0,1.1,701.0,15.5,540.0,1.2,701.0,
,,Prince of Songkla University,TH,Thailand,XL,FC,HI,4,A,20.1,437,7.1,601.0,16.4,701.0,3.2,701.0,4.9,701.0,1.9,701.0,4.0,701.0,7.7,701.0,42.6,345.0,
,,Princess Sumaya University for Technology,JO,Jordan,S,FO,VH,3,B,8.0,601,19.5,462.0,10.7,701.0,4.5,701.0,42.1,392.0,39.9,343.0,1.0,701.0,11.7,701.0,1.0,701.0,
,,Qassim University,SA,Saudi Arabia,XL,FC,HI,2,A,7.2,601,2.9,601.0,30.6,513.0,1.6,701.0,98.4,107.0,8.6,701.0,8.2,701.0,8.8,701.0,1.5,701.0,
,,Rhodes University,ZA,South Africa,M,CO,VH,5,A,6.7,601,9.5,601.0,13.6,701.0,16.5,607.0,,,35.8,375.0,11.6,641.0,19.6,429.0,6.5,701.0,
,,Riga Stradins University,LV,Latvia,M,SP,,4,A,6.7,601,14.1,578.0,14.4,701.0,1.8,701.0,16.9,633.0,86.4,138.0,1.0,701.0,11.7,701.0,4.1,701.0,
,,Robert Gordon University,UK,United Kingdom,M,CO,HI,3,A,3.5,601,11.7,601.0,5.4,701.0,4.9,701.0,63.9,300.0,76.7,175.0,1.5,701.0,9.8,701.0,1.2,701.0,
,,S.D. Asfendiyarov Kazakh National Medical University,KZ,Kazakhstan,M,SP,,2,A,5.5,601,3.8,601.0,59.3,240.0,1.1,701.0,9.6,701.0,55.6,266.0,1.0,701.0,12.5,695.0,1.0,701.0,
,,Samara National Research University (Samara University),RU,Russia,M,CO,VH,4,A,4.6,601,2.2,601.0,81.8,130.0,2.3,701.0,2.8,701.0,14.3,637.0,1.1,701.0,10.6,701.0,3.3,701.0,
,,Sophia University,JP,Japan,L,CO,HI,4,B,12.1,601,19.9,456.0,21.3,639.0,2.1,701.0,35.2,452.0,12.0,679.0,1.0,701.0,12.5,694.0,5.9,701.0,
,,St. Louis University,US,United States,M,CO,VH,5,B,4.2,601,2.7,601.0,66.3,199.0,11.1,701.0,16.5,642.0,6.5,701.0,2.1,701.0,11.1,701.0,,,
,,Sungshin Women's University,KR,South Korea,M,CO,MD,3,B,5.1,601,7.4,601.0,88.4,91.0,1.2,701.0,2.8,701.0,4.2,701.0,1.0,701.0,5.1,701.0,1.0,701.0,
,,Universidad Autónoma Metropolitana (UAM),MX,Mexico,XL,FC,HI,3,A,23.1,375,14.5,563.0,4.1,701.0,2.6,701.0,8.6,701.0,1.3,701.0,4.8,701.0,7.6,701.0,24.8,490.0,
,,Universidad ICESI,CO,Colombia,M,FC,MD,3,B,5.5,601,9.7,601.0,74.3,168.0,1.7,701.0,4.7,701.0,2.5,701.0,1.0,701.0,12.5,692.0,1.2,701.0,
,,Universidad Nacional Mayor de San Marcos,PE,Peru,XL,FC,MD,5,A,21.1,416,27.8,348.0,7.0,701.0,1.3,701.0,,,,,1.9,701.0,4.7,701.0,1.2,701.0,
,,Universidade Católica Portuguesa - UCP,PT,Portugal,M,FC,HI,3,B,13.3,601,11.1,601.0,13.9,701.0,6.5,701.0,9.1,701.0,26.3,461.0,1.6,701.0,29.3,272.0,9.7,673.0,
,,Universidade de Vigo,ES,Spain,L,CO,VH,3,A,8.3,601,5.4,601.0,8.6,701.0,17.0,603.0,2.3,701.0,4.1,701.0,35.3,417.0,7.0,701.0,42.6,345.0,
,,Università degli studi Roma Tre,IT,Italy,XL,CO,VH,3,A,17.5,508,6.9,601.0,2.1,701.0,14.9,638.0,9.0,701.0,4.6,701.0,18.2,558.0,5.8,701.0,8.4,695.0,
,,"University of Alabama, Birmingham",US,United States,L,FC,VH,4,A,6.7,601,4.3,601.0,49.4,316.0,18.0,584.0,,,,,8.9,701.0,7.3,701.0,,,
,,University of Central Lancashire,UK,United Kingdom,L,CO,HI,3,A,5.9,601,5.8,601.0,11.5,701.0,4.4,701.0,37.0,439.0,81.6,156.0,16.7,579.0,8.9,701.0,1.5,701.0,
,,University of Denver,US,United States,M,CO,VH,5,B,5.3,601,7.5,601.0,45.7,343.0,11.1,701.0,2.4,701.0,5.6,701.0,3.3,701.0,23.1,363.0,18.8,555.0,
,,University of Murcia,ES,Spain,L,FC,VH,5,A,12.6,601,2.8,601.0,32.5,489.0,5.7,701.0,3.7,701.0,8.3,701.0,42.0,363.0,5.5,701.0,9.4,683.0,
,,University of Petroleum and Energy Studies (UPES),IN,India,M,FO,VH,,C,18.2,490,3.7,601.0,39.2,406.0,2.8,701.0,18.1,613.0,1.1,701.0,1.5,701.0,8.1,701.0,,,
,,University of Vermont,US,United States,L,FC,HI,5,A,3.3,601,3.2,601.0,53.2,293.0,12.8,683.0,3.3,701.0,2.5,701.0,14.5,602.0,14.6,573.0,20.3,542.0,
,,University of Wroclaw,PL,Poland,L,CO,VH,4,A,14.8,589,14.4,569.0,28.4,539.0,4.2,701.0,5.0,701.0,7.6,701.0,7.7,701.0,12.1,701.0,7.3,701.0,
,,West Virginia University,US,United States,L,FC,VH,5,A,6.4,601,6.2,601.0,11.7,701.0,21.5,536.0,6.5,701.0,5.2,701.0,25.4,495.0,14.1,603.0,20.3,542.0,
,,Wroclaw University of Science and Technology (WRUST),PL,Poland,L,FO,VH,5,A,11.9,601,17.2,505.0,32.7,484.0,5.3,701.0,3.3,701.0,5.3,701.0,8.4,701.0,8.4,701.0,1.8,701.0,
,,Bielefeld University,DE,Germany,L,CO,VH,4,A,14.6,594,3.8,601.0,8.4,701.0,8.2,701.0,21.2,580.0,7.7,701.0,32.8,437.0,8.1,701.0,6.5,701.0,
,,"Birla Institute of Technology and Science, Pilani",IN,India,L,CO,VH,5,B,9.1,601,14.4,571.0,7.3,701.0,17.3,596.0,1.8,701.0,2.6,701.0,2.2,701.0,24.0,352.0,7.9,701.0,
,,George Mason University,US,United States,L,CO,VH,4,A,9.0,601,6.0,601.0,12.6,701.0,11.4,701.0,12.4,701.0,10.6,701.0,17.2,571.0,14.5,581.0,28.6,462.0,
,,Gifu University,JP,Japan,M,FC,VH,4,A,6.3,601,2.5,601.0,67.4,196.0,7.3,701.0,5.3,701.0,3.7,701.0,1.1,701.0,7.9,701.0,1.1,701.0,
,,Gunma University,JP,Japan,M,FO,VH,4,A,3.8,601,2.2,601.0,82.0,128.0,4.7,701.0,4.5,701.0,3.7,701.0,1.0,701.0,7.9,701.0,1.0,701.0,
,,Indiana University–Purdue University Indianapolis,US,United States,L,FC,HI,4,A,7.7,601,6.1,601.0,15.4,701.0,17.0,600.0,29.4,494.0,5.8,701.0,2.6,701.0,7.7,701.0,8.5,694.0,
,,Islamic University of Madinah,SA,Saudi Arabia,L,FO,MD,4,A,4.4,601,1.9,601.0,8.1,701.0,1.4,701.0,55.4,333.0,100.0,9.0,1.0,701.0,5.2,701.0,,,
,,Jamia Millia Islamia,IN,India,M,CO,VH,5,A,8.0,601,2.6,601.0,34.7,458.0,20.7,551.0,3.5,701.0,4.4,701.0,2.0,701.0,7.2,701.0,3.8,701.0,
,,Khon Kaen University,TH,Thailand,XL,FC,HI,4,A,16.4,536,12.1,601.0,8.1,701.0,4.1,701.0,6.9,701.0,2.7,701.0,3.3,701.0,9.7,701.0,29.9,449.0,
,,King Mongkut's University of Technology Thonburi,TH,Thailand,L,CO,HI,3,A,13.1,601,7.2,601.0,14.0,701.0,7.6,701.0,12.5,701.0,3.5,701.0,1.6,701.0,8.4,701.0,49.4,312.0,
,,Lviv Polytechnic National University,UA,Ukraine,L,CO,VH,5,A,8.1,601,14.8,553.0,37.2,423.0,1.8,701.0,1.9,701.0,1.6,701.0,1.1,701.0,14.0,608.0,22.7,520.0,
,,Makerere University,UG,Uganda,XL,FC,HI,5,A,10.2,601,4.7,601.0,3.4,701.0,4.6,701.0,10.3,701.0,8.2,701.0,17.8,564.0,79.5,51.0,9.2,685.0,
,,"Manipal Academy of Higher Education, Manipal, Karnataka, India",IN,India,L,FC,VH,3,B,9.6,601,7.0,601.0,46.4,339.0,4.0,701.0,1.7,701.0,7.1,701.0,13.0,626.0,11.3,701.0,1.7,701.0,
,,NJSC KIMEP University,KZ,Kazakhstan,S,SP,,3,B,5.9,601,11.9,601.0,17.7,701.0,3.5,701.0,75.2,251.0,19.8,550.0,1.0,701.0,14.8,567.0,1.2,701.0,
,,Northwest Agriculture and Forestry University,CN,China (Mainland),XL,CO,VH,2,A,4.7,601,1.4,601.0,30.0,520.0,28.9,445.0,,,1.4,701.0,5.5,701.0,5.6,701.0,2.3,701.0,
,,O.P. Jindal Global University,IN,India,M,SP,,2,B,6.6,601,13.1,601.0,51.1,305.0,1.5,701.0,25.1,533.0,1.2,701.0,1.0,701.0,8.7,701.0,1.5,701.0,
,,Saint Petersburg Electrotechnical University ETU-LETI,RU,Russia,M,FO,VH,5,A,5.7,601,3.5,601.0,49.4,315.0,1.8,701.0,4.6,701.0,49.2,302.0,1.1,701.0,9.4,701.0,1.2,701.0,
,,Shahid Beheshti University (SBU),IR,"Iran, Islamic Republic of",L,FO,VH,4,A,6.7,601,12.3,601.0,4.0,701.0,29.1,442.0,1.6,701.0,1.7,701.0,8.5,701.0,6.9,701.0,1.9,701.0,
,,South Ural State University (National Research University),RU,Russia,L,CO,VH,4,A,9.3,601,4.2,601.0,39.4,402.0,3.0,701.0,9.7,701.0,16.4,591.0,36.6,404.0,5.1,701.0,1.3,701.0,
,,Sumy State University,UA,Ukraine,M,FC,HI,3,A,5.6,601,5.7,601.0,42.4,373.0,2.3,701.0,2.9,701.0,63.1,239.0,1.2,701.0,9.7,701.0,3.4,701.0,
,,Tecnológico de Costa Rica -TEC,CR,Costa Rica,M,CO,HI,4,A,8.4,601,33.8,291.0,23.2,612.0,1.4,701.0,6.8,701.0,2.0,701.0,1.0,701.0,12.4,701.0,1.9,701.0,
,,Thapar Institute of Engineering & Technology,IN,India,M,FO,VH,4,A,3.8,601,4.0,601.0,7.9,701.0,36.9,379.0,3.7,701.0,1.6,701.0,1.6,701.0,8.7,701.0,1.2,701.0,
,,The University of Alabama,US,United States,XL,CO,VH,5,A,9.7,601,19.0,471.0,5.9,701.0,12.8,681.0,8.9,701.0,2.7,701.0,8.8,701.0,13.3,646.0,16.3,588.0,
,,Tokyo Metropolitan University,JP,Japan,M,CO,VH,2,A,12.6,601,5.4,601.0,28.7,536.0,14.3,648.0,6.9,701.0,6.3,701.0,2.3,701.0,8.8,701.0,1.1,701.0,
,,Universidad de Castilla-La Mancha,ES,Spain,L,FC,HI,3,A,8.9,601,2.0,601.0,15.5,701.0,9.6,701.0,2.0,701.0,4.5,701.0,35.3,418.0,7.5,701.0,55.2,275.0,
,,Universidad de las Américas Puebla (UDLAP),MX,Mexico,S,FC,HI,4,B,8.3,601,13.1,601.0,39.9,394.0,1.9,701.0,26.1,522.0,5.3,701.0,1.0,701.0,9.5,701.0,1.0,701.0,
,,Universidad de los Andes - Chile,CL,Chile,M,FC,HI,3,B,15.0,581,24.5,394.0,9.0,701.0,3.0,701.0,12.4,701.0,2.3,701.0,1.2,701.0,9.1,701.0,1.1,701.0,
,,Universidad de Valladolid,ES,Spain,L,CO,VH,4,,10.3,601,3.6,601.0,30.0,521.0,4.5,701.0,5.3,701.0,3.9,701.0,54.4,290.0,9.5,701.0,,,
,,Universidad Diego Portales (UDP),CL,Chile,L,FC,MD,3,B,15.0,582,22.2,425.0,8.6,701.0,4.7,701.0,14.3,677.0,3.1,701.0,2.8,701.0,8.4,701.0,1.2,701.0,
,,Universidad Nacional de Córdoba - UNC,AR,Argentina,XL,FO,VH,5,A,24.4,353,15.5,533.0,7.3,701.0,1.6,701.0,1.4,701.0,1.5,701.0,5.8,701.0,8.5,701.0,2.2,701.0,
,,Universidad Nacional de Ingeniería Peru,PE,Peru,L,FO,HI,5,,7.9,601,42.5,218.0,21.9,633.0,1.3,701.0,,,,,1.0,701.0,4.7,701.0,,,
,,Universidad Nacional de Rosario (UNR),AR,Argentina,XL,FC,MD,4,A,19.4,456,8.8,601.0,27.6,550.0,1.1,701.0,,,7.0,701.0,1.1,701.0,5.0,701.0,1.3,701.0,
,,Universidad Peruana Cayetano Heredia (UPCH),PE,Peru,M,FO,VH,4,B,9.7,601,10.4,601.0,54.9,277.0,2.3,701.0,1.2,701.0,1.2,701.0,2.3,701.0,8.4,701.0,9.8,669.0,
,,Universidad Rey Juan Carlos,ES,Spain,XL,CO,VH,3,A,7.3,601,9.4,601.0,6.4,701.0,4.1,701.0,15.3,663.0,14.8,623.0,13.7,614.0,9.3,701.0,60.4,249.0,
,,Universidad Simón Bolívar (USB),VE,Venezuela,S,FO,VH,4,A,17.2,521,21.2,437.0,11.6,701.0,2.9,701.0,1.8,701.0,1.0,701.0,1.0,701.0,11.6,701.0,1.0,701.0,
,,Universidad Tecnológica de Panamá (UTP),PA,Panama,L,CO,MD,3,A,8.8,601,30.7,319.0,23.8,599.0,1.1,701.0,2.7,701.0,3.9,701.0,1.0,701.0,14.1,604.0,1.0,701.0,
,,Université de Tunis El Manar,TN,Tunisia,L,FC,VH,2,A,8.0,601,2.6,601.0,20.8,649.0,4.8,701.0,21.9,573.0,5.1,701.0,50.2,311.0,27.3,299.0,8.3,701.0,
,,Université Toulouse 1 Capitole,FR,France,L,FO,VH,5,A,14.0,601,3.0,601.0,1.5,701.0,5.4,701.0,29.4,493.0,52.3,276.0,13.6,615.0,6.4,701.0,1.0,701.0,
,,Universiti Pendidikan Sultan Idris (UPSI),MY,Malaysia,M,FO,VH,3,A,11.9,601,11.0,601.0,25.0,584.0,2.5,701.0,21.0,583.0,28.7,433.0,1.1,701.0,9.6,701.0,6.6,701.0,
,,University of Baghdad,IQ,Iraq,XL,FC,VH,4,A,9.5,601,11.4,601.0,30.9,507.0,1.5,701.0,1.8,701.0,1.1,701.0,14.1,612.0,31.4,243.0,14.2,621.0,
,,University of Bahrain,BH,Bahrain,L,CO,HI,3,A,10.7,601,7.6,601.0,7.3,701.0,2.1,701.0,87.6,196.0,11.4,684.0,1.3,701.0,6.8,701.0,3.0,701.0,
,,University of Calabria,IT,Italy,L,CO,VH,4,A,5.7,601,2.0,601.0,3.9,701.0,25.7,473.0,6.2,701.0,5.7,701.0,49.6,316.0,4.7,701.0,3.3,701.0,
,,UNIVERSITY OF GDANSK,PL,Poland,L,FO,VH,4,A,11.5,601,7.0,601.0,32.1,493.0,3.8,701.0,4.6,701.0,2.3,701.0,28.0,472.0,10.0,701.0,2.6,701.0,
,,University of Ghana,GH,Ghana,XL,FC,HI,4,A,10.5,601,9.4,601.0,1.8,701.0,5.1,701.0,4.9,701.0,1.8,701.0,28.9,463.0,64.1,89.0,9.7,673.0,
,,University of Lodz,PL,Poland,L,CO,VH,4,A,11.7,601,4.3,601.0,39.7,400.0,3.2,701.0,4.2,701.0,12.8,666.0,26.7,485.0,11.8,701.0,2.4,701.0,
,,University of New England Australia,AU,Australia,L,CO,VH,3,A,10.9,601,6.3,601.0,2.3,701.0,25.4,478.0,2.9,701.0,5.5,701.0,8.1,701.0,9.1,701.0,14.5,617.0,
,,University of Peshawar,PK,Pakistan,M,FO,VH,4,A,6.0,601,9.0,601.0,36.0,442.0,17.4,592.0,,,2.0,701.0,3.7,701.0,5.9,701.0,1.2,701.0,
,,University of Seoul,KR,South Korea,M,CO,VH,3,A,12.1,601,10.0,601.0,37.2,424.0,8.2,701.0,3.2,701.0,5.8,701.0,1.3,701.0,9.2,701.0,1.4,701.0,
,,University of the Western Cape,ZA,South Africa,L,CO,VH,4,A,8.4,601,7.8,601.0,4.2,701.0,15.1,634.0,26.4,516.0,4.0,701.0,40.5,372.0,11.7,701.0,4.9,701.0,
,,Viet Nam National University Ho Chi Minh City (VNU-HCM),VN,Vietnam,XL,CO,HI,3,A,16.9,524,26.4,366.0,7.0,701.0,2.0,701.0,2.8,701.0,1.2,701.0,2.3,701.0,21.6,386.0,3.4,701.0,
,,"Vietnam National University, Hanoi",VN,Vietnam,XL,FO,VH,3,A,13.5,601,21.1,439.0,9.4,701.0,2.3,701.0,4.7,701.0,1.2,701.0,10.7,657.0,20.8,399.0,6.1,701.0,
,,Yeungnam University,KR,South Korea,L,FC,HI,4,C,5.5,601,3.2,601.0,14.3,701.0,23.3,511.0,39.8,413.0,6.1,701.0,2.5,701.0,4.5,701.0,1.3,701.0,
,,Yildiz Technical University,TR,Turkey,L,CO,VH,5,A,8.1,601,21.5,433.0,5.1,701.0,9.3,701.0,8.7,701.0,21.6,523.0,2.0,701.0,10.6,701.0,24.4,497.0,
,,Yokohama National University,JP,Japan,M,CO,VH,4,A,9.6,601,18.3,480.0,16.7,701.0,8.3,701.0,8.8,701.0,9.4,701.0,2.0,701.0,16.2,517.0,12.7,636.0,
,,Università del Salento,IT,Italy,L,CO,VH,4,A,7.0,601,1.6,601.0,7.1,701.0,22.0,528.0,1.8,701.0,1.5,701.0,19.6,546.0,4.7,701.0,,,
,,University of Ioannina,GR,Greece,XL,,,,,6.9,601,3.7,601.0,1.4,701.0,24.6,494.0,1.7,701.0,2.7,701.0,15.2,596.0,8.4,701.0,,,
,,Vancouver Island University,CA,Canada,M,CO,MD,,,5.0,601,3.3,601.0,58.0,251.0,1.1,701.0,,,,,1.1,701.0,6.8,701.0,,,
,,Al Quds University The Arab University in Jerusalem,PS,"Palestinian Territory, Occupied",M,FC,MD,3,A,4.2,601,10.7,601.0,11.3,701.0,1.6,701.0,55.1,335.0,34.5,384.0,1.1,701.0,12.3,701.0,1.0,701.0,
,,Aligarh Muslim University,IN,India,L,CO,VH,5,A,9.7,601,2.5,601.0,20.8,651.0,10.2,701.0,1.2,701.0,1.7,701.0,5.0,701.0,6.1,701.0,17.1,579.0,
,,Amity University,IN,India,L,CO,VH,2,B,8.5,601,7.6,601.0,10.6,701.0,5.9,701.0,3.8,701.0,21.8,519.0,22.4,524.0,9.1,701.0,1.9,701.0,
,,Amrita Vishwa Vidyapeetham,IN,India,L,FC,VH,2,B,4.8,601,4.1,601.0,25.3,579.0,5.2,701.0,37.0,438.0,1.7,701.0,1.4,701.0,4.5,701.0,1.1,701.0,
,,An-Najah National University,PS,"Palestinian Territory, Occupied",L,FC,MD,4,A,6.4,601,16.5,518.0,7.3,701.0,2.2,701.0,36.2,446.0,25.0,473.0,1.3,701.0,10.9,701.0,3.1,701.0,
,,"Arab Academy for Science, Technology and Maritime Transport",EG,Egypt,L,FO,HI,4,A,5.3,601,5.8,601.0,32.6,486.0,1.5,701.0,6.9,701.0,26.8,450.0,1.1,701.0,11.4,701.0,1.1,701.0,
,,Assiut University,EG,Egypt,XL,FC,HI,4,A,11.2,601,6.9,601.0,12.3,701.0,2.3,701.0,15.5,660.0,4.0,701.0,10.7,658.0,6.9,701.0,1.9,701.0,
,,Azerbaijan State University of Economics,AZ,Azerbaijan,L,SP,,4,A,10.1,601,9.4,601.0,22.0,631.0,1.2,701.0,7.0,701.0,2.6,701.0,1.0,701.0,10.4,701.0,1.4,701.0,
,,Baku State University,AZ,Azerbaijan,L,FO,VH,5,A,9.6,601,3.2,601.0,33.9,472.0,1.4,701.0,2.1,701.0,1.7,701.0,1.1,701.0,9.6,701.0,1.0,701.0,
,,Banaras Hindu University,IN,India,L,FC,HI,5,A,12.1,601,6.5,601.0,15.9,701.0,7.8,701.0,1.2,701.0,1.6,701.0,15.3,591.0,6.3,701.0,4.1,701.0,
,,Baylor University,US,United States,L,CO,VH,5,B,6.1,601,16.8,514.0,11.7,701.0,8.3,701.0,2.4,701.0,3.8,701.0,3.5,701.0,12.8,673.0,3.8,701.0,
,,Beijing Foreign Studies University,CN,China (Mainland),M,SP,,4,A,6.6,601,2.5,601.0,27.3,557.0,1.5,701.0,20.7,585.0,28.0,440.0,1.0,701.0,7.8,701.0,1.0,701.0,
,,Beijing University of Chinese Medicine,CN,China (Mainland),M,FC,VH,2,A,4.9,601,1.4,601.0,35.8,444.0,8.2,701.0,,,9.2,701.0,1.0,701.0,5.3,701.0,1.0,701.0,
,,Bina Nusantara University (BINUS),ID,Indonesia,L,CO,VH,3,C,11.0,601,16.1,527.0,20.6,655.0,1.9,701.0,25.6,525.0,4.5,701.0,1.0,701.0,13.8,617.0,1.1,701.0,
,,Binghamton University SUNY,US,United States,L,CO,VH,4,A,6.8,601,4.8,601.0,6.2,701.0,16.9,604.0,8.0,701.0,9.9,701.0,1.6,701.0,10.8,701.0,3.9,701.0,
,,Birmingham City University,UK,United Kingdom,L,CO,HI,3,A,5.8,601,4.6,601.0,7.6,701.0,3.1,701.0,43.5,385.0,76.5,179.0,1.4,701.0,11.3,701.0,1.3,701.0,
,,BRAC University,BD,Bangladesh,L,CO,MD,2,B,10.6,601,29.1,336.0,12.4,701.0,1.9,701.0,2.5,701.0,1.4,701.0,1.1,701.0,9.6,701.0,1.1,701.0,
,,Brigham Young University,US,United States,XL,CO,VH,5,B,7.0,601,5.3,601.0,4.6,701.0,13.3,673.0,1.3,701.0,3.3,701.0,8.2,701.0,22.0,377.0,7.0,701.0,
,,Canterbury Christ Church University,UK,United Kingdom,L,CO,HI,4,A,5.7,601,2.1,601.0,5.8,701.0,4.1,701.0,35.9,447.0,72.8,194.0,1.0,701.0,8.6,701.0,1.0,701.0,
,,Chang Jung Christian University,TW,Taiwan,M,CO,HI,3,B,6.3,601,2.5,601.0,44.5,353.0,1.6,701.0,6.4,701.0,5.4,701.0,1.0,701.0,7.9,701.0,1.1,701.0,
,,Chung Yuan Christian University,TW,Taiwan,L,CO,HI,3,A,5.8,601,5.2,601.0,4.4,701.0,15.1,631.0,4.4,701.0,7.2,701.0,1.0,701.0,19.2,437.0,3.2,701.0,
,,Chungbuk National University,KR,South Korea,L,FC,HI,4,A,5.4,601,2.8,601.0,30.6,512.0,8.6,701.0,7.0,701.0,4.3,701.0,1.9,701.0,4.5,701.0,1.1,701.0,
,,Corvinus University of Budapest,HU,Hungary,M,FO,VH,5,B,10.9,601,16.0,529.0,4.8,701.0,3.1,701.0,7.8,701.0,37.5,367.0,1.2,701.0,5.5,701.0,1.1,701.0,
,,Cracow University of Technology (Politechnika Krakowska),PL,Poland,L,FO,VH,4,A,11.4,601,23.7,406.0,19.6,676.0,4.4,701.0,2.1,701.0,2.0,701.0,1.6,701.0,8.8,701.0,1.4,701.0,
,,Dankook University,KR,South Korea,L,FC,HI,4,B,4.8,601,3.5,601.0,68.9,188.0,2.8,701.0,4.5,701.0,5.8,701.0,1.0,701.0,6.8,701.0,1.0,701.0,
,,Doshisha University,JP,Japan,L,CO,HI,5,B,9.0,601,13.7,592.0,5.3,701.0,2.1,701.0,18.6,606.0,4.0,701.0,1.1,701.0,15.9,527.0,1.0,701.0,
,,EGE UNIVERSITY,TR,Turkey,XL,FC,HI,3,A,8.6,601,10.3,601.0,13.8,701.0,3.0,701.0,1.3,701.0,3.3,701.0,10.6,661.0,8.5,701.0,17.2,574.0,
,,Escuela Politécnica Nacional,EC,Ecuador,M,FO,VH,5,A,6.3,601,17.6,498.0,16.6,701.0,3.3,701.0,6.7,701.0,1.9,701.0,1.1,701.0,10.6,701.0,1.1,701.0,
,,Escuela Superior Politécnica del Litoral (ESPOL),EC,Ecuador,M,FO,VH,4,A,12.9,601,9.1,601.0,19.2,690.0,2.7,701.0,13.0,701.0,1.7,701.0,1.4,701.0,11.9,701.0,23.0,514.0,
,,Ferdowsi University of Mashhad,IR,"Iran, Islamic Republic of",L,CO,VH,4,A,5.8,601,10.3,601.0,3.5,701.0,25.8,472.0,1.3,701.0,7.9,701.0,18.1,559.0,5.4,701.0,,,
,,Financial University under the Government of the Russian Federation,RU,Russia,L,FO,VH,5,A,5.5,601,7.8,601.0,37.1,426.0,1.6,701.0,4.1,701.0,13.1,660.0,1.9,701.0,33.4,230.0,5.2,701.0,
,,Fordham University,US,United States,L,CO,HI,5,B,6.4,601,7.3,601.0,15.4,701.0,5.9,701.0,7.8,701.0,14.6,629.0,1.5,701.0,24.7,338.0,1.3,701.0,
,,Fundación CEU San Pablo,ES,Spain,L,CO,HI,5,,4.5,601,7.3,601.0,16.6,701.0,2.2,701.0,4.0,701.0,50.6,287.0,1.0,701.0,5.1,701.0,,,
,,Future University in Egypt,EG,Egypt,M,FO,HI,2,B,4.5,601,27.8,349.0,31.4,503.0,1.8,701.0,6.9,701.0,14.7,627.0,1.0,701.0,8.8,701.0,1.6,701.0,
,,Gazi Üniversitesi,TR,Turkey,XL,FC,HI,4,A,16.4,534,11.3,601.0,5.5,701.0,4.0,701.0,1.1,701.0,2.8,701.0,14.4,604.0,14.5,580.0,14.5,617.0,
,,German Jordanian University,JO,Jordan,S,FO,VH,2,A,7.1,601,13.4,601.0,18.8,701.0,4.8,701.0,44.1,382.0,14.4,632.0,1.1,701.0,10.6,701.0,1.0,701.0,
,,Glasgow Caledonian University,UK,United Kingdom,L,FO,VH,3,A,5.5,601,4.9,601.0,4.4,701.0,6.5,701.0,31.4,479.0,37.5,366.0,2.4,701.0,11.2,701.0,14.0,624.0,
,,Harbin Engineering University,CN,China (Mainland),XL,FO,VH,4,A,4.6,601,2.0,601.0,14.6,701.0,23.0,513.0,2.5,701.0,2.0,701.0,2.1,701.0,6.2,701.0,1.3,701.0,
,,Harper Adams University,UK,United Kingdom,S,CO,HI,2,A,4.2,601,12.6,601.0,6.1,701.0,8.5,701.0,18.5,607.0,9.1,701.0,1.0,701.0,9.3,701.0,1.0,701.0,
,,Howard University,US,United States,M,FC,HI,5,B,6.5,601,7.7,601.0,46.7,336.0,3.4,701.0,1.1,701.0,3.8,701.0,2.6,701.0,16.1,520.0,1.2,701.0,
,,Hungarian University of Agriculture and Life Sciences,HU,Hungary,M,FO,VH,5,B,5.6,601,4.0,601.0,34.1,469.0,2.9,701.0,1.9,701.0,29.1,429.0,8.5,701.0,5.5,701.0,1.4,701.0,
,,Imam Mohammad Ibn Saud Islamic University – IMSIU,SA,Saudi Arabia,XL,FO,HI,4,A,10.6,601,4.8,601.0,14.8,701.0,1.4,701.0,46.6,370.0,2.9,701.0,1.8,701.0,5.6,701.0,1.0,701.0,
,,Instituto Tecnológico de Santo Domingo (INTEC),DO,Dominican Republic,M,FO,MD,4,A,2.7,601,7.9,601.0,31.4,502.0,1.4,701.0,18.5,608.0,3.1,701.0,1.0,701.0,19.8,422.0,,,
,,International Christian University,JP,Japan,S,CO,MD,4,C,4.9,601,13.2,601.0,17.9,701.0,1.7,701.0,76.6,242.0,6.0,701.0,1.0,701.0,13.5,636.0,1.0,701.0,
,,"ITESO, Universidad Jesuita de Guadalajara",MX,Mexico,M,CO,MD,4,B,6.3,601,5.5,601.0,58.8,245.0,1.0,701.0,2.5,701.0,1.5,701.0,1.0,701.0,6.6,701.0,,,
,,Jiangnan University,CN,China (Mainland),L,FC,VH,2,A,4.9,601,6.8,601.0,16.8,701.0,20.5,552.0,,,,,5.8,701.0,5.3,701.0,1.2,701.0,
,,Kagoshima University,JP,Japan,M,FC,HI,4,A,6.1,601,2.9,601.0,65.8,206.0,3.9,701.0,4.0,701.0,3.0,701.0,1.8,701.0,7.2,701.0,1.3,701.0,
,,Kangwon National University,KR,South Korea,L,FC,HI,2,A,5.8,601,5.4,601.0,20.0,665.0,8.9,701.0,4.0,701.0,2.5,701.0,1.7,701.0,6.0,701.0,17.6,573.0,
,,Kazakh Ablai Khan University of International Relations and World Languages,KZ,Kazakhstan,M,SP,,4,A,6.5,601,6.7,601.0,35.5,448.0,1.0,701.0,6.7,701.0,4.4,701.0,1.0,701.0,12.1,701.0,1.8,701.0,
,,Kazakh-British Technical University,KZ,Kazakhstan,S,FO,VH,2,A,13.1,601,22.6,420.0,20.0,666.0,1.4,701.0,5.3,701.0,2.1,701.0,1.0,701.0,12.2,701.0,1.0,701.0,
,,Kazan National Research Technological University,RU,Russia,L,FO,VH,5,A,5.0,601,3.6,601.0,23.1,615.0,1.4,701.0,2.5,701.0,44.0,329.0,1.0,701.0,7.8,701.0,1.0,701.0,
,,Kent State University,US,United States,L,CO,VH,5,A,5.9,601,4.1,601.0,6.6,701.0,15.1,633.0,27.2,506.0,4.8,701.0,7.5,701.0,10.4,701.0,4.4,701.0,
,,Kookmin University,KR,South Korea,L,CO,HI,4,C,5.2,601,4.0,601.0,28.8,535.0,3.5,701.0,5.5,701.0,21.0,535.0,1.0,701.0,6.5,701.0,1.0,701.0,
,,Kyoto Institute of Technology,JP,Japan,S,FO,VH,4,A,6.4,601,4.0,601.0,16.2,701.0,12.9,678.0,11.0,701.0,7.9,701.0,1.0,701.0,7.8,701.0,1.1,701.0,
,,Kyushu Institute of Technology,JP,Japan,M,FO,VH,5,A,4.7,601,5.4,601.0,11.3,701.0,23.0,514.0,9.0,701.0,4.6,701.0,1.1,701.0,8.0,701.0,1.0,701.0,
,,Leeds Beckett University,UK,United Kingdom,L,CO,HI,3,A,4.4,601,8.0,601.0,4.4,701.0,8.1,701.0,35.2,453.0,18.0,574.0,2.2,701.0,11.5,701.0,1.6,701.0,
,,Lobachevsky University,RU,Russia,L,FO,VH,5,A,8.8,601,3.7,601.0,45.9,342.0,2.1,701.0,2.2,701.0,21.9,516.0,1.3,701.0,8.5,701.0,5.9,701.0,
,,Lodz University of Technology,PL,Poland,M,CO,VH,4,A,5.4,601,3.7,601.0,42.4,372.0,8.3,701.0,4.2,701.0,3.5,701.0,7.8,701.0,8.4,701.0,3.9,701.0,
,,Mansoura University,EG,Egypt,XL,FC,HI,4,A,12.9,601,8.1,601.0,3.2,701.0,2.4,701.0,5.8,701.0,4.1,701.0,33.5,428.0,9.6,701.0,19.9,545.0,
,,Meiji University,JP,Japan,XL,CO,HI,5,C,7.4,601,24.5,390.0,4.9,701.0,1.7,701.0,10.1,701.0,5.3,701.0,1.5,701.0,16.0,524.0,1.1,701.0,
,,Mississippi State University,US,United States,L,CO,VH,5,A,6.0,601,5.8,601.0,6.7,701.0,18.4,576.0,15.7,657.0,3.2,701.0,9.2,688.0,10.8,701.0,11.7,647.0,
,,Multimedia University (MMU),MY,Malaysia,M,SP,,3,C,8.8,601,17.6,497.0,11.6,701.0,5.8,701.0,16.3,649.0,23.5,494.0,1.3,701.0,9.1,701.0,1.3,701.0,
,,Mustansiriyah University,IQ,Iraq,XL,FC,HI,4,A,3.7,601,5.3,601.0,43.7,359.0,1.3,701.0,33.0,466.0,4.0,701.0,1.0,701.0,9.3,701.0,1.0,701.0,
,,Mutah University,JO,Jordan,M,FC,MD,3,A,7.6,601,8.9,601.0,10.1,701.0,1.7,701.0,10.1,701.0,43.6,330.0,1.0,701.0,8.7,701.0,1.7,701.0,
,,Mykolas Romeris University,LT,Lithuania,S,FO,VH,2,A,5.3,601,9.5,601.0,14.3,701.0,4.2,701.0,12.5,701.0,27.8,441.0,1.0,701.0,21.7,382.0,8.4,695.0,
,,Nanjing Normal University,CN,China (Mainland),XL,SP,,3,A,5.1,601,1.7,601.0,16.6,701.0,21.6,532.0,,,4.6,701.0,7.5,701.0,6.4,701.0,7.1,701.0,
,,National University of Kyiv-Mohyla Academy (NaUKMA),UA,Ukraine,S,FO,HI,5,A,5.2,601,11.6,601.0,39.9,396.0,1.2,701.0,2.2,701.0,1.4,701.0,1.0,701.0,12.7,685.0,1.3,701.0,
,,Northern Arizona University,US,United States,L,CO,VH,5,A,6.5,601,6.0,601.0,4.8,701.0,12.2,695.0,2.8,701.0,2.4,701.0,7.4,701.0,9.1,701.0,12.4,639.0,
,,Northwest University (China),CN,China (Mainland),L,CO,VH,5,A,4.7,601,1.5,601.0,50.9,308.0,14.3,647.0,3.8,701.0,2.8,701.0,3.0,701.0,5.9,701.0,2.7,701.0,
,,Novosibirsk State Technical University,RU,Russia,M,FO,VH,4,A,6.8,601,5.9,601.0,29.1,532.0,1.8,701.0,1.4,701.0,44.6,325.0,1.0,701.0,9.9,701.0,1.3,701.0,
,,Odessa I.I. Mechnikov National University,UA,Ukraine,M,FO,HI,5,A,4.1,601,2.6,601.0,47.7,329.0,1.3,701.0,1.8,701.0,3.6,701.0,1.0,701.0,10.5,701.0,1.0,701.0,
,,Ohio University,US,United States,L,FC,HI,5,A,8.5,601,9.3,601.0,5.5,701.0,14.3,651.0,5.5,701.0,3.9,701.0,15.1,597.0,15.5,538.0,3.9,701.0,
,,Panjab University,IN,India,L,CO,VH,4,A,6.7,601,5.9,601.0,5.6,701.0,21.0,545.0,,,1.8,701.0,1.9,701.0,29.8,265.0,2.2,701.0,
,,Paul Valéry University Montpellier,FR,France,L,FO,VH,5,A,12.2,601,2.7,601.0,2.9,701.0,4.6,701.0,5.4,701.0,34.8,381.0,6.6,701.0,6.4,701.0,2.4,701.0,
,,Pontifícia Universidade Católica de São Paulo,BR,Brazil,M,FC,MD,4,B,11.3,601,11.2,601.0,34.1,470.0,1.2,701.0,4.4,701.0,1.2,701.0,1.0,701.0,13.8,615.0,1.2,701.0,
,,Poznań University of Technology,PL,Poland,L,SP,,5,A,7.4,601,5.6,601.0,32.6,488.0,5.9,701.0,2.2,701.0,4.0,701.0,5.5,701.0,7.5,701.0,1.2,701.0,
,,Rochester Institute of Technology (RIT),US,United States,L,CO,VH,5,B,6.2,601,9.4,601.0,19.8,672.0,7.6,701.0,5.0,701.0,17.7,579.0,7.8,701.0,17.3,482.0,1.9,701.0,
,,Russian Presidential Academy of National Economy and Public Administration,RU,Russia,XL,FO,HI,3,A,5.2,601,6.8,601.0,49.0,320.0,1.1,701.0,2.0,701.0,3.0,701.0,1.1,701.0,26.0,315.0,1.1,701.0,
,,Saint-Petersburg Mining University,RU,Russia,M,FO,VH,5,A,3.7,601,3.1,601.0,53.9,285.0,2.2,701.0,19.7,592.0,20.6,539.0,1.0,701.0,12.0,701.0,4.1,701.0,
,,San Diego State University,US,United States,XL,CO,VH,5,A,5.2,601,3.0,601.0,3.2,701.0,17.1,598.0,6.5,701.0,4.4,701.0,27.1,479.0,17.8,467.0,23.7,506.0,
,,Sathyabama Institute of Science and Technology (deemed to be university),IN,India,L,CO,VH,3,B,5.0,601,6.3,601.0,29.1,530.0,3.9,701.0,5.9,701.0,4.1,701.0,1.1,701.0,8.7,701.0,7.5,701.0,
,,Seoul National University of Science and Technology,KR,South Korea,M,FO,VH,3,A,7.4,601,3.8,601.0,10.8,701.0,10.0,701.0,11.1,701.0,11.9,680.0,1.0,701.0,7.6,701.0,1.0,701.0,
,,Shanghai International Studies University,CN,China (Mainland),L,SP,,3,A,5.3,601,2.5,601.0,17.6,701.0,1.7,701.0,28.2,500.0,29.6,424.0,1.0,701.0,6.8,701.0,1.0,701.0,
,,Sheffield Hallam University,UK,United Kingdom,L,CO,HI,3,A,6.5,601,12.1,601.0,10.0,701.0,4.9,701.0,35.0,455.0,30.9,412.0,6.7,701.0,11.9,701.0,2.5,701.0,
,,Shinshu University,JP,Japan,M,FC,VH,4,A,3.4,601,3.4,601.0,35.1,450.0,12.0,699.0,10.7,701.0,2.9,701.0,1.3,701.0,7.8,701.0,1.1,701.0,
,,"Siberian Federal University, SibFU",RU,Russia,M,CO,VH,2,A,7.8,601,3.8,601.0,15.5,701.0,3.5,701.0,45.5,375.0,31.2,408.0,2.4,701.0,10.4,701.0,7.4,701.0,
,,Silesian University of Technology,PL,Poland,L,FO,VH,4,A,6.5,601,3.6,601.0,27.7,549.0,6.2,701.0,2.4,701.0,4.4,701.0,9.0,697.0,11.1,701.0,1.4,701.0,
,,Slovak University of Technology in Bratislava,SK,Slovakia,L,FO,VH,4,A,9.7,601,7.9,601.0,34.7,460.0,3.6,701.0,2.1,701.0,2.7,701.0,2.6,701.0,18.2,459.0,1.4,701.0,
,,Soonchunhyang University,KR,South Korea,M,FC,HI,3,B,5.0,601,2.9,601.0,46.6,337.0,7.3,701.0,5.7,701.0,4.8,701.0,1.0,701.0,6.8,701.0,1.1,701.0,
,,Southern Methodist University,US,United States,M,CO,VH,5,B,5.2,601,3.8,601.0,28.0,545.0,8.6,701.0,13.0,700.0,8.8,701.0,2.7,701.0,30.5,252.0,1.6,701.0,
,,Southwest University,CN,China (Mainland),XL,CO,VH,2,A,3.9,601,1.7,601.0,12.6,701.0,19.2,566.0,1.3,701.0,1.7,701.0,5.9,701.0,9.0,701.0,5.8,701.0,
,,Széchenyi István University,HU,Hungary,M,FC,MD,2,C,8.1,601,24.7,388.0,22.8,622.0,1.6,701.0,4.2,701.0,6.6,701.0,1.0,701.0,9.2,701.0,1.3,701.0,
,,Taibah University,SA,Saudi Arabia,XL,FC,HI,2,A,5.7,601,2.3,601.0,4.1,701.0,3.2,701.0,97.7,121.0,2.3,701.0,2.4,701.0,4.5,701.0,2.1,701.0,
,,Tallinn University,EE,Estonia,M,FO,VH,2,A,8.7,601,5.7,601.0,6.9,701.0,6.1,701.0,40.0,412.0,19.3,556.0,9.3,686.0,11.0,701.0,1.3,701.0,
,,Technical University of Kosice,SK,Slovakia,M,FO,VH,4,A,7.5,601,2.5,601.0,22.8,621.0,5.2,701.0,1.5,701.0,59.3,251.0,1.7,701.0,12.8,670.0,1.1,701.0,
,,Technical University of Liberec,CZ,Czech Republic,M,SP,,4,A,4.3,601,3.2,601.0,45.5,346.0,4.3,701.0,16.4,647.0,10.1,701.0,1.6,701.0,7.8,701.0,1.0,701.0,
,,Telkom University,ID,Indonesia,L,SP,,2,C,7.4,601,9.4,601.0,27.0,561.0,1.4,701.0,22.3,568.0,3.6,701.0,1.0,701.0,10.4,701.0,3.4,701.0,
,,The University of Lahore,PK,Pakistan,L,FO,VH,2,B,9.4,601,17.5,499.0,15.3,701.0,2.6,701.0,3.0,701.0,2.5,701.0,6.9,701.0,9.1,701.0,10.6,661.0,
,,The University of Northampton,UK,United Kingdom,M,CO,HI,2,A,3.4,601,2.9,601.0,5.7,701.0,2.9,701.0,37.8,426.0,96.7,78.0,1.0,701.0,9.6,701.0,1.0,701.0,
,,The University of Texas at Arlington,US,United States,XL,CO,VH,5,A,5.2,601,4.7,601.0,4.7,701.0,10.4,701.0,2.3,701.0,20.5,541.0,7.9,701.0,10.0,701.0,34.3,409.0,
,,Tokai University,JP,Japan,L,FC,HI,2,B,11.4,601,6.4,601.0,14.4,701.0,3.0,701.0,6.0,701.0,3.1,701.0,1.6,701.0,7.8,701.0,1.2,701.0,
,,Tokushima University,JP,Japan,M,FC,VH,4,A,4.8,601,1.9,601.0,66.3,200.0,6.6,701.0,2.7,701.0,2.4,701.0,1.2,701.0,9.0,701.0,1.0,701.0,
,,Tomas Bata University in Zlin,CZ,Czech Republic,S,CO,VH,2,A,4.4,601,15.0,547.0,11.3,701.0,5.0,701.0,19.5,595.0,33.9,389.0,1.2,701.0,10.1,701.0,1.0,701.0,
,,Ufa State Aviation Technical University,RU,Russia,M,FO,VH,3,A,3.9,601,2.0,601.0,51.0,307.0,1.5,701.0,1.2,701.0,2.3,701.0,,,8.0,701.0,1.2,701.0,
,,Universidad Andrés Bello,CL,Chile,XL,FC,HI,3,B,11.0,601,11.0,601.0,6.2,701.0,2.5,701.0,7.0,701.0,1.5,701.0,7.5,701.0,8.5,701.0,9.6,678.0,
,,Universidad Austral de Chile,CL,Chile,L,FC,HI,4,B,15.6,560,10.7,601.0,3.5,701.0,6.6,701.0,16.0,650.0,1.9,701.0,7.6,701.0,4.7,701.0,2.2,701.0,
,,Universidad Autónoma Chapingo,MX,Mexico,M,FO,HI,5,A,4.1,601,2.5,601.0,73.5,169.0,1.4,701.0,2.8,701.0,1.3,701.0,1.0,701.0,6.7,701.0,1.6,701.0,
,1401.0,Universidad Autónoma de Guadalajara (UAG),MX,Mexico,L,FC,LO,4,C,6.5,601,5.2,601.0,17.5,701.0,1.1,701.0,39.4,414.0,20.0,548.0,1.0,701.0,3.9,701.0,,,
,,Universidad Autónoma de Nuevo León,MX,Mexico,XL,FC,HI,4,A,15.4,566,12.5,601.0,2.2,701.0,1.8,701.0,3.4,701.0,1.1,701.0,2.2,701.0,11.5,701.0,15.4,603.0,
,,Universidad Autónoma del Estado de Hidalgo (UAEH),MX,Mexico,XL,FC,MD,5,A,3.9,601,7.2,601.0,43.2,362.0,1.4,701.0,2.4,701.0,1.8,701.0,1.0,701.0,7.6,701.0,2.6,701.0,
,,Universidad Autónoma del Estado de México (UAEMex),MX,Mexico,XL,FC,MD,5,A,21.4,404,6.5,601.0,4.9,701.0,1.5,701.0,3.0,701.0,1.1,701.0,1.1,701.0,3.9,701.0,8.4,695.0,
,,Universidad de Córdoba - España,ES,Spain,L,CO,VH,4,,10.6,601,3.4,601.0,28.0,546.0,10.4,701.0,,,,,33.3,430.0,4.3,701.0,,,
,,Universidad de León,ES,Spain,M,FO,VH,3,,5.7,601,3.1,601.0,63.9,220.0,3.9,701.0,3.5,701.0,4.4,701.0,4.5,701.0,8.1,701.0,,,
,,Universidad de Lima,PE,Peru,L,FO,MD,4,B,10.3,601,27.3,355.0,4.3,701.0,1.2,701.0,3.4,701.0,2.0,701.0,1.0,701.0,16.1,522.0,1.5,701.0,
,,Universidad de Los Andes - (ULA) Mérida,VE,Venezuela,L,FC,MD,5,A,16.2,541,12.8,601.0,23.0,616.0,1.2,701.0,1.3,701.0,1.8,701.0,1.2,701.0,10.4,701.0,2.3,701.0,
,,Universidad de Monterrey (UDEM),MX,Mexico,M,FO,HI,4,B,12.2,601,23.1,411.0,9.9,701.0,1.4,701.0,8.6,701.0,1.5,701.0,1.0,701.0,9.2,701.0,1.0,701.0,
,,Universidad de Oriente Santiago de Cuba,CU,Cuba,L,FO,MD,4,A,10.6,601,10.8,601.0,25.9,571.0,1.1,701.0,,,,,1.0,701.0,13.9,612.0,,,
,,Universidad de Oviedo,ES,Spain,L,CO,VH,5,A,12.6,601,3.5,601.0,14.3,701.0,7.7,701.0,,,,,24.8,500.0,4.3,701.0,7.2,701.0,
,,Universidad de Puerto Rico,PR,Puerto Rico,XL,FC,HI,5,A,9.4,601,6.2,601.0,11.4,701.0,2.1,701.0,1.4,701.0,1.5,701.0,2.4,701.0,46.4,150.0,29.1,456.0,
,,Universidad de Talca,CL,Chile,M,FO,VH,3,A,11.0,601,8.6,601.0,6.7,701.0,5.7,701.0,22.5,567.0,1.4,701.0,3.8,701.0,6.8,701.0,7.0,701.0,
,,Universidad del Norte,CO,Colombia,L,FC,MD,4,B,9.8,601,20.8,447.0,12.3,701.0,2.7,701.0,8.3,701.0,1.3,701.0,1.7,701.0,9.2,701.0,1.7,701.0,
,,Universidad del Pacífico,PE,Peru,M,SP,,4,B,7.3,601,30.8,318.0,3.3,701.0,3.1,701.0,18.2,612.0,3.0,701.0,1.0,701.0,7.7,701.0,1.0,701.0,
,,Universidad del Valle,CO,Colombia,XL,FC,MD,4,A,18.2,492,15.0,549.0,8.1,701.0,2.0,701.0,2.2,701.0,1.4,701.0,1.2,701.0,10.0,701.0,2.1,701.0,
,,Universidad Industrial de Santander - UIS,CO,Colombia,L,FC,MD,4,A,10.3,601,25.2,380.0,5.2,701.0,2.1,701.0,4.3,701.0,1.3,701.0,1.0,701.0,6.4,701.0,6.2,701.0,
,,Universidad La Salle (ULSA),MX,Mexico,M,FC,MD,4,C,3.9,601,26.5,364.0,20.1,663.0,1.1,701.0,4.1,701.0,1.7,701.0,1.0,701.0,9.6,701.0,1.2,701.0,
,,Universidad Metropolitana,VE,Venezuela,S,CO,LO,4,B,6.5,601,14.6,558.0,5.2,701.0,1.1,701.0,9.9,701.0,1.5,701.0,,,41.2,178.0,,,
,,Universidad Nacional de Cuyo,AR,Argentina,XL,FC,MD,4,A,12.3,601,6.2,601.0,21.1,643.0,1.7,701.0,1.9,701.0,15.3,615.0,1.8,701.0,5.1,701.0,1.6,701.0,
,,Universidad Nacional de la Asunción,PY,Paraguay,XL,FC,MD,5,A,5.4,601,10.2,601.0,28.6,537.0,1.1,701.0,1.4,701.0,1.8,701.0,1.0,701.0,21.5,389.0,3.4,701.0,
,,Universidad Nacional de San Luis,AR,Argentina,L,CO,MD,4,A,4.1,601,1.9,601.0,67.5,195.0,1.2,701.0,,,,,1.0,701.0,5.1,701.0,1.0,701.0,
,,Universidad Nacional del Centro de la Provincia de Buenos Aires (UNICEN),AR,Argentina,L,FC,MD,3,A,5.4,601,2.7,601.0,78.8,142.0,1.4,701.0,,,,,1.0,701.0,5.1,701.0,1.0,701.0,
,,"Universidad Nacional, Costa Rica",CR,Costa Rica,L,CO,MD,4,A,10.8,601,18.3,479.0,12.8,701.0,1.5,701.0,10.4,701.0,2.5,701.0,1.1,701.0,9.6,701.0,1.1,701.0,
,,Universidad Peruana de Ciencias Aplicadas,PE,Peru,XL,FO,HI,3,B,10.7,601,25.8,372.0,3.3,701.0,1.1,701.0,16.6,641.0,1.8,701.0,1.0,701.0,9.9,701.0,1.3,701.0,
,,Universidad Tecnológica Nacional (UTN),AR,Argentina,XL,FO,HI,4,A,4.1,601,24.1,401.0,49.1,318.0,1.1,701.0,,,1.5,701.0,1.0,701.0,5.0,701.0,1.0,701.0,
,,Universidade da Coruña,ES,Spain,L,CO,VH,3,A,5.8,601,5.6,601.0,25.1,582.0,7.1,701.0,2.8,701.0,4.6,701.0,12.0,636.0,7.6,701.0,42.6,345.0,
,,Universidade Federal de Pernambuco (UFPE),BR,Brazil,XL,FC,HI,4,A,12.4,601,2.6,601.0,17.6,701.0,4.2,701.0,1.7,701.0,1.3,701.0,10.0,669.0,4.6,701.0,1.6,701.0,
,,Universidade Federal de São Carlos (UFSCar),BR,Brazil,L,FC,VH,4,A,12.4,601,5.1,601.0,16.3,701.0,16.1,615.0,2.8,701.0,1.7,701.0,6.5,701.0,3.8,701.0,4.0,701.0,
,,Universidade Federal do Paraná - UFPR,BR,Brazil,XL,FC,VH,5,A,13.0,601,5.8,601.0,18.8,699.0,5.5,701.0,3.1,701.0,4.0,701.0,3.0,701.0,5.9,701.0,3.8,701.0,
,,"Universita' degli Studi ""G. d'Annunzio"" Chieti Pescara",IT,Italy,L,FO,VH,4,A,3.6,601,1.5,601.0,3.3,701.0,25.3,481.0,4.1,701.0,3.0,701.0,5.5,701.0,4.7,701.0,1.0,701.0,
,,Università degli Studi della Tuscia (University of Tuscia),IT,Italy,M,CO,VH,3,A,3.9,601,1.3,601.0,6.1,701.0,33.5,409.0,10.7,701.0,6.7,701.0,2.4,701.0,6.8,701.0,14.4,620.0,
,,Università degli Studi di Udine,IT,Italy,M,CO,VH,3,A,7.2,601,2.5,601.0,10.2,701.0,22.0,528.0,4.7,701.0,4.0,701.0,5.8,701.0,7.7,701.0,20.7,539.0,
,,Universitas Hasanuddin,ID,Indonesia,XL,FC,HI,4,A,12.5,601,9.5,601.0,14.5,701.0,1.3,701.0,4.6,701.0,1.2,701.0,1.1,701.0,10.2,701.0,1.8,701.0,
,,Universitas Sebelas Maret,ID,Indonesia,XL,FC,HI,3,A,10.7,601,11.5,601.0,13.6,701.0,1.5,701.0,10.3,701.0,2.0,701.0,1.0,701.0,7.5,701.0,7.0,701.0,
,,Universitat de Lleida,ES,Spain,M,CO,VH,3,,5.8,601,1.9,601.0,18.7,701.0,13.1,676.0,2.9,701.0,12.5,671.0,4.9,701.0,7.9,701.0,,,
,,Universität Siegen,DE,Germany,L,CO,HI,4,A,4.7,601,1.9,601.0,9.7,701.0,6.5,701.0,52.4,350.0,29.1,430.0,5.7,701.0,8.9,701.0,1.3,701.0,
,,Université de Caen Normandie,FR,France,L,FC,HI,5,A,9.0,601,2.6,601.0,6.0,701.0,5.7,701.0,9.3,701.0,6.9,701.0,36.8,402.0,6.4,701.0,1.2,701.0,
,,Université de Poitiers,FR,France,L,CO,VH,5,A,8.7,601,2.0,601.0,4.9,701.0,6.2,701.0,,,29.1,431.0,36.3,409.0,7.8,701.0,2.3,701.0,
,,Université de Sfax,TN,Tunisia,XL,CO,VH,2,A,5.9,601,2.5,601.0,40.6,386.0,4.1,701.0,1.1,701.0,3.3,701.0,4.2,701.0,11.3,701.0,,,
,,Université de Sousse,TN,Tunisia,L,FC,HI,2,A,3.7,601,1.1,601.0,60.7,233.0,1.7,701.0,1.1,701.0,2.1,701.0,1.2,701.0,7.9,701.0,1.0,701.0,
,,Université de Toulouse II-Le Mirail,FR,France,XL,FO,VH,5,A,10.1,601,2.6,601.0,1.2,701.0,7.0,701.0,28.5,499.0,21.6,524.0,12.5,630.0,6.7,701.0,1.1,701.0,
,,Université Lumière Lyon 2,FR,France,L,SP,,4,A,10.9,601,2.5,601.0,5.5,701.0,6.3,701.0,28.0,501.0,38.2,361.0,12.2,633.0,6.7,701.0,3.7,701.0,
,,Universiti Kuala Lumpur (UniKL),MY,Malaysia,L,FC,HI,2,C,6.4,601,9.9,601.0,33.6,475.0,2.1,701.0,8.0,701.0,3.8,701.0,1.1,701.0,9.8,701.0,1.1,701.0,
,,Universiti Malaysia Perlis,MY,Malaysia,M,FO,VH,2,A,7.3,601,5.5,601.0,24.1,590.0,7.5,701.0,2.0,701.0,4.0,701.0,1.6,701.0,9.0,701.0,15.6,601.0,
,,Universiti Malaysia Sabah (UMS),MY,Malaysia,L,FC,HI,3,A,13.6,601,10.0,601.0,7.8,701.0,3.3,701.0,9.8,701.0,4.0,701.0,1.7,701.0,9.6,701.0,2.0,701.0,
,,Universiti Malaysia Sarawak (UNIMAS),MY,Malaysia,L,FC,HI,3,A,12.6,601,8.7,601.0,11.9,701.0,3.0,701.0,37.3,433.0,8.7,701.0,1.3,701.0,8.9,701.0,1.2,701.0,
,,Universiti Malaysia Terengganu (UMT),MY,Malaysia,M,FO,VH,2,A,10.0,601,4.6,601.0,10.8,701.0,9.3,701.0,12.9,701.0,6.7,701.0,7.4,701.0,8.6,701.0,23.7,506.0,
,,Universiti Tun Hussein Onn University of Malaysia (UTHM),MY,Malaysia,L,CO,VH,2,A,9.1,601,7.0,601.0,9.6,701.0,7.7,701.0,8.0,701.0,7.0,701.0,5.0,701.0,9.4,701.0,11.3,654.0,
,,University of Arkansas Fayetteville,US,United States,L,FO,VH,5,A,6.8,601,4.3,601.0,6.6,701.0,11.9,701.0,5.1,701.0,3.2,701.0,7.1,701.0,15.7,531.0,6.2,701.0,
,,University of Colombo,LK,Sri Lanka,L,CO,HI,5,A,11.7,601,14.8,555.0,2.5,701.0,3.1,701.0,1.1,701.0,1.3,701.0,1.1,701.0,44.5,161.0,19.9,545.0,
,,University of Derby,UK,United Kingdom,L,CO,HI,3,A,4.8,601,3.2,601.0,11.3,701.0,4.7,701.0,30.5,486.0,48.5,305.0,4.4,701.0,9.3,701.0,3.8,701.0,
,,University of Deusto,ES,Spain,M,FO,VH,5,,5.8,601,20.9,445.0,5.0,701.0,6.8,701.0,,,,,1.3,701.0,12.7,677.0,,,
,,University of Hradec Kralove,CZ,Czech Republic,M,FO,VH,4,A,5.0,601,1.9,601.0,27.9,547.0,4.5,701.0,41.4,400.0,3.0,701.0,3.4,701.0,10.0,701.0,1.0,701.0,
,,University of Idaho,US,United States,M,CO,VH,,A,3.7,601,1.4,601.0,12.2,701.0,34.7,390.0,5.4,701.0,5.0,701.0,2.5,701.0,8.3,701.0,,,
,,University of Karachi,PK,Pakistan,XL,CO,HI,4,A,10.4,601,15.3,540.0,1.6,701.0,4.6,701.0,3.8,701.0,1.1,701.0,2.6,701.0,6.9,701.0,12.3,640.0,
,,University of Louisville,US,United States,L,FC,HI,5,A,3.5,601,4.5,601.0,24.9,587.0,10.1,701.0,34.8,456.0,3.3,701.0,15.8,586.0,12.5,693.0,,,
,,University of Mississippi,US,United States,L,CO,VH,5,A,4.3,601,3.2,601.0,36.6,432.0,8.9,701.0,14.5,675.0,2.9,701.0,12.5,629.0,8.4,701.0,4.1,701.0,
,,"University of Missouri, Kansas City",US,United States,M,CO,VH,4,A,4.7,601,5.1,601.0,17.8,701.0,17.5,589.0,5.1,701.0,13.5,653.0,2.5,701.0,9.7,701.0,1.3,701.0,
,,University of Nairobi,KE,Kenya,XL,FC,MD,4,A,9.6,601,14.6,557.0,18.1,701.0,1.7,701.0,,,,,3.6,701.0,54.4,116.0,4.1,701.0,
,,University of Naples Parthenope,IT,Italy,M,FO,VH,4,A,3.5,601,2.0,601.0,3.7,701.0,38.9,353.0,1.8,701.0,1.9,701.0,1.7,701.0,4.8,701.0,3.4,701.0,
,,University of New Hampshire,US,United States,L,CO,VH,5,A,5.5,601,4.3,601.0,11.4,701.0,18.7,571.0,10.8,701.0,3.0,701.0,5.7,701.0,10.3,701.0,11.6,652.0,
,,University of North Carolina at Charlotte,US,United States,L,CO,VH,4,A,5.7,601,4.5,601.0,5.0,701.0,14.1,656.0,8.7,701.0,5.5,701.0,14.4,605.0,10.6,701.0,23.0,514.0,
,,University of North Texas,US,United States,XL,FC,HI,5,A,7.0,601,6.8,601.0,3.4,701.0,19.3,563.0,4.9,701.0,14.7,625.0,9.6,678.0,25.5,326.0,8.9,689.0,
,,University of Novi Sad,RS,Serbia,XL,FC,HI,4,A,8.8,601,3.6,601.0,9.3,701.0,3.4,701.0,,,,,47.5,330.0,9.0,701.0,2.2,701.0,
,,University of Pardubice,CZ,Czech Republic,M,FO,VH,4,A,4.8,601,2.6,601.0,39.8,398.0,3.3,701.0,11.5,701.0,11.1,689.0,1.1,701.0,7.8,701.0,1.0,701.0,
,,University of Primorska,SI,Slovenia,M,CO,HI,3,A,3.1,601,2.3,601.0,9.4,701.0,5.1,701.0,26.3,520.0,28.6,435.0,5.7,701.0,67.8,80.0,1.4,701.0,
,,University of Regina,CA,Canada,L,CO,HI,3,A,3.5,601,2.9,601.0,4.0,701.0,21.2,542.0,8.8,701.0,41.1,338.0,5.7,701.0,8.3,701.0,,,
,,University of Rhode Island,US,United States,L,CO,VH,5,A,5.6,601,2.8,601.0,6.9,701.0,16.7,605.0,5.1,701.0,2.7,701.0,3.3,701.0,12.7,684.0,58.6,255.0,
,,University of San Francisco,US,United States,M,CO,HI,5,B,6.6,601,4.0,601.0,17.0,701.0,4.5,701.0,1.8,701.0,20.3,543.0,1.0,701.0,22.8,366.0,1.1,701.0,
,,University of South Bohemia,CZ,Czech Republic,M,FO,VH,3,A,5.5,601,2.6,601.0,68.7,190.0,4.8,701.0,,,,,5.9,701.0,7.7,701.0,1.2,701.0,
,,University of Texas at San Antonio,US,United States,L,FO,VH,4,A,6.2,601,3.0,601.0,3.7,701.0,25.2,482.0,13.5,695.0,2.8,701.0,17.6,567.0,8.8,701.0,5.9,701.0,
,,University of Texas El Paso,US,United States,L,FO,VH,5,A,4.8,601,2.1,601.0,5.6,701.0,15.6,623.0,10.5,701.0,5.9,701.0,15.5,588.0,7.5,701.0,3.4,701.0,
,,University of the Free State,ZA,South Africa,L,FO,VH,5,A,5.6,601,6.6,601.0,3.5,701.0,7.9,701.0,,,4.9,701.0,66.4,211.0,9.6,701.0,,,
,,University of the Sunshine Coast,AU,Australia,L,CO,HI,3,A,3.0,601,2.2,601.0,2.3,701.0,22.8,517.0,2.9,701.0,18.5,565.0,6.4,701.0,6.1,701.0,7.1,701.0,
,,University of Toledo,US,United States,L,FC,HI,,A,3.8,601,4.4,601.0,8.7,701.0,21.4,538.0,9.6,701.0,8.8,701.0,5.1,701.0,10.3,701.0,,,
,,University of Tulsa,US,United States,S,CO,VH,5,B,2.4,601,3.0,601.0,37.8,417.0,12.3,692.0,5.1,701.0,12.2,675.0,1.0,701.0,15.4,543.0,1.1,701.0,
,,University of Tyumen,RU,Russia,M,FO,VH,4,A,4.1,601,2.3,601.0,39.0,407.0,1.6,701.0,4.8,701.0,15.2,616.0,1.7,701.0,8.7,701.0,3.0,701.0,
,,University of Wisconsin Milwaukee,US,United States,L,FO,VH,5,A,8.3,601,2.7,601.0,8.8,701.0,13.4,671.0,6.6,701.0,3.9,701.0,4.1,701.0,10.2,701.0,11.8,644.0,
,,University of Wolverhampton,UK,United Kingdom,L,CO,HI,5,A,3.4,601,3.2,601.0,10.4,701.0,9.4,701.0,34.7,457.0,72.1,200.0,3.7,701.0,8.8,701.0,1.4,701.0,
,,University of Wyoming,US,United States,M,CO,VH,5,A,3.0,601,1.4,601.0,25.9,570.0,23.4,508.0,7.7,701.0,4.0,701.0,10.7,660.0,9.8,701.0,6.3,701.0,
,,University of Žilina,SK,Slovakia,M,FO,VH,4,A,5.7,601,1.0,601.0,56.1,264.0,6.2,701.0,2.5,701.0,2.9,701.0,1.2,701.0,13.4,641.0,1.1,701.0,
,,Utah State University,US,United States,L,CO,VH,5,A,6.6,601,3.2,601.0,6.3,701.0,24.4,495.0,1.1,701.0,1.7,701.0,23.8,510.0,9.5,701.0,15.8,598.0,
,,VSB - Technical University of Ostrava,CZ,Czech Republic,M,FO,VH,5,A,5.4,601,10.3,601.0,15.5,701.0,4.3,701.0,8.4,701.0,22.0,514.0,1.8,701.0,9.4,701.0,8.4,695.0,
,,Warsaw University of Life Sciences – SGGW (WULS-SGGW),PL,Poland,L,FO,VH,5,A,6.9,601,5.0,601.0,20.2,661.0,6.0,701.0,2.4,701.0,7.7,701.0,32.3,442.0,6.3,701.0,1.9,701.0,
,,Western Michigan University,US,United States,L,FC,HI,5,A,5.3,601,3.6,601.0,10.8,701.0,5.8,701.0,32.3,472.0,10.4,701.0,2.2,701.0,17.0,498.0,1.9,701.0,
,,Xi'an Jiaotong Liverpool University,CN,China (Mainland),L,CO,HI,2,B,4.3,601,2.1,601.0,5.7,701.0,5.8,701.0,97.5,122.0,3.1,701.0,1.6,701.0,6.9,701.0,1.8,701.0,
,,Yamaguchi University,JP,Japan,M,FC,HI,4,A,4.0,601,1.7,601.0,43.2,363.0,4.5,701.0,7.0,701.0,2.7,701.0,1.2,701.0,8.0,701.0,1.1,701.0,
,,Yarmouk University,JO,Jordan,L,FC,MD,3,A,11.9,601,14.5,564.0,2.8,701.0,2.5,701.0,7.8,701.0,13.9,643.0,3.9,701.0,28.4,283.0,1.1,701.0,
,,Yerevan State University,AM,Armenia,M,CO,HI,5,A,7.0,601,3.0,601.0,45.4,347.0,1.4,701.0,5.2,701.0,1.6,701.0,1.0,701.0,35.2,215.0,1.0,701.0,
,,Lucian Blaga University of Sibiu,RO,Romania,L,FC,MD,3,A,3.7,601,2.5,601.0,8.1,701.0,1.8,701.0,12.5,701.0,3.1,701.0,49.8,313.0,9.0,701.0,1.8,701.0,
,,Don State Technical University,RU,Russia,L,CO,HI,4,A,4.2,601,3.1,601.0,13.3,701.0,1.4,701.0,1.6,701.0,14.8,624.0,1.0,701.0,7.2,701.0,1.3,701.0,
,,Al-Azhar University,EG,Egypt,XL,CO,VH,4,A,11.2,601,6.8,601.0,11.1,701.0,1.3,701.0,1.5,701.0,10.4,701.0,5.2,701.0,13.6,628.0,1.2,701.0,
,,Alexandru Ioan Cuza University,RO,Romania,L,FO,VH,5,A,8.0,601,8.0,601.0,5.3,701.0,2.9,701.0,3.6,701.0,10.9,693.0,1.8,701.0,8.0,701.0,1.2,701.0,
,,Anadolu University,TR,Turkey,L,FO,VH,4,A,4.0,601,4.0,601.0,13.8,701.0,2.9,701.0,1.9,701.0,3.1,701.0,1.4,701.0,10.6,701.0,1.1,701.0,
,,Aoyama Gakuin University,JP,Japan,L,CO,MD,4,B,6.9,601,12.3,601.0,5.4,701.0,2.0,701.0,16.3,648.0,2.7,701.0,1.0,701.0,11.4,701.0,1.0,701.0,
,,Atma Jaya Catholic University Jakarta,ID,Indonesia,M,FO,HI,4,C,5.8,601,6.3,601.0,8.8,701.0,1.3,701.0,2.1,701.0,1.1,701.0,1.0,701.0,15.9,526.0,1.4,701.0,
,,Azerbaijan State Oil and Industry University,AZ,Azerbaijan,L,SP,,5,A,4.9,601,3.0,601.0,27.3,556.0,1.1,701.0,10.1,701.0,2.7,701.0,1.0,701.0,29.5,271.0,1.3,701.0,
,,Bahauddin Zakariya University,PK,Pakistan,XL,CO,HI,3,A,5.4,601,5.5,601.0,1.7,701.0,12.1,698.0,,,1.0,701.0,2.7,701.0,5.7,701.0,1.1,701.0,
,,Belarusian State University of Informatics and Radioelectronics,BY,Belarus,M,SP,,4,A,7.4,601,18.3,478.0,12.0,701.0,1.3,701.0,1.2,701.0,5.6,701.0,1.0,701.0,10.9,701.0,,,
,,Benemérita Universidad Autónoma de Puebla,MX,Mexico,XL,FC,HI,5,A,15.3,569,6.5,601.0,3.2,701.0,2.0,701.0,2.9,701.0,1.3,701.0,1.3,701.0,6.5,701.0,3.0,701.0,
,,Birzeit university,PS,"Palestinian Territory, Occupied",M,CO,MD,4,B,6.3,601,9.4,601.0,4.9,701.0,2.7,701.0,14.3,678.0,4.3,701.0,1.2,701.0,16.8,505.0,1.0,701.0,
,,British University in Egypt,EG,Egypt,M,CO,HI,2,C,5.7,601,4.5,601.0,23.1,614.0,2.2,701.0,2.8,701.0,2.6,701.0,1.0,701.0,6.8,701.0,1.4,701.0,
,,Brock University,CA,Canada,L,CO,HI,4,A,4.1,601,6.8,601.0,2.4,701.0,15.1,632.0,2.2,701.0,18.8,563.0,2.5,701.0,8.7,701.0,2.0,701.0,
,,California Polytechnic State University,US,United States,L,CO,HI,,A,3.7,601,9.3,601.0,7.0,701.0,3.4,701.0,,,,,1.5,701.0,13.2,647.0,,,
,,Católica de Córdoba,AR,Argentina,M,FC,MD,4,B,4.7,601,2.7,601.0,18.1,701.0,1.2,701.0,4.2,701.0,4.8,701.0,1.0,701.0,9.1,701.0,1.0,701.0,
,,Central Michigan University,US,United States,L,FC,HI,4,A,3.6,601,4.2,601.0,7.8,701.0,8.1,701.0,3.5,701.0,3.1,701.0,2.1,701.0,10.8,701.0,,,
,,Chaoyang University of Technology,TW,Taiwan,L,FO,VH,3,C,5.6,601,6.7,601.0,4.2,701.0,3.5,701.0,6.7,701.0,5.7,701.0,1.0,701.0,7.9,701.0,3.3,701.0,
,,China University of Political Science and Law,CN,China (Mainland),L,FO,MD,3,A,3.7,601,27.6,351.0,9.1,701.0,1.2,701.0,4.0,701.0,1.5,701.0,1.0,701.0,9.2,701.0,1.0,701.0,
,,Chitkara University,IN,India,L,CO,HI,2,B,4.8,601,4.6,601.0,20.3,658.0,1.9,701.0,4.3,701.0,3.2,701.0,1.3,701.0,8.1,701.0,1.7,701.0,
,,Chittagong University of Engineering and Technology,BD,Bangladesh,M,FO,HI,3,A,8.0,601,12.6,601.0,7.2,701.0,4.5,701.0,,,,,1.0,701.0,11.3,701.0,,,
,,Cleveland State University,US,United States,L,CO,HI,4,A,4.3,601,4.2,601.0,8.9,701.0,4.8,701.0,4.3,701.0,17.2,585.0,1.0,701.0,11.1,701.0,,,
,,CUNY The City College of New York,US,United States,M,FC,HI,3,A,6.2,601,1.8,601.0,11.4,701.0,15.0,636.0,4.3,701.0,5.5,701.0,1.5,701.0,6.9,701.0,,,
,,Daffodil International University,BD,Bangladesh,L,FO,HI,2,B,8.0,601,16.5,520.0,3.9,701.0,2.4,701.0,4.8,701.0,2.0,701.0,1.0,701.0,10.1,701.0,2.0,701.0,
,1401.0,Damascus University,SY,Syrian Arab Republic,XL,FC,MD,5,A,5.1,601,4.2,601.0,1.1,701.0,1.2,701.0,1.6,701.0,3.9,701.0,1.0,701.0,64.0,90.0,1.1,701.0,
,,Dokuz Eylül Üniversitesi,TR,Turkey,XL,FC,HI,3,A,5.7,601,5.9,601.0,2.9,701.0,2.4,701.0,3.2,701.0,6.2,701.0,2.1,701.0,7.5,701.0,16.7,584.0,
,,East West University,BD,Bangladesh,M,SP,,3,C,5.8,601,14.6,559.0,3.1,701.0,2.5,701.0,1.3,701.0,1.0,701.0,1.0,701.0,10.5,701.0,1.0,701.0,
,1401.0,Erciyes Üniversitesi,TR,Turkey,XL,FC,HI,3,A,3.9,601,3.1,601.0,1.9,701.0,4.9,701.0,3.5,701.0,6.5,701.0,3.0,701.0,7.5,701.0,10.3,665.0,
,,Feng Chia University,TW,Taiwan,L,FO,VH,3,C,10.0,601,7.5,601.0,4.5,701.0,6.0,701.0,3.9,701.0,5.8,701.0,1.0,701.0,14.4,584.0,1.1,701.0,
,,Florida Atlantic University - Boca Raton,US,United States,L,FC,HI,4,A,4.9,601,3.8,601.0,5.6,701.0,10.1,701.0,10.2,701.0,3.6,701.0,7.2,701.0,9.5,701.0,3.4,701.0,
,,Fu Jen Catholic University,TW,Taiwan,L,FC,HI,4,B,7.3,601,7.5,601.0,4.3,701.0,6.8,701.0,7.9,701.0,7.4,701.0,1.0,701.0,21.8,381.0,1.5,701.0,
,,Fundación Universidad De Bogotá-Jorge Tadeo Lozano,CO,Colombia,M,FO,HI,4,C,6.0,601,4.5,601.0,9.2,701.0,1.7,701.0,2.3,701.0,1.1,701.0,1.0,701.0,7.8,701.0,1.0,701.0,
,,Gebze Yüksek Teknoloji Enstitüsü (GYTE),TR,Turkey,M,CO,VH,3,A,3.9,601,2.7,601.0,10.1,701.0,13.2,675.0,3.0,701.0,2.7,701.0,1.6,701.0,9.1,701.0,1.1,701.0,
,,German University in Cairo,EG,Egypt,L,CO,MD,2,B,7.9,601,11.4,601.0,7.3,701.0,2.1,701.0,14.2,680.0,1.2,701.0,1.0,701.0,6.0,701.0,1.0,701.0,
,,Hanoi University of Science and Technology,VN,Vietnam,XL,FO,VH,4,A,6.1,601,8.7,601.0,2.4,701.0,4.3,701.0,3.8,701.0,1.2,701.0,1.6,701.0,15.3,549.0,1.2,701.0,
,,Helwan University,EG,Egypt,XL,CO,HI,3,A,7.0,601,10.1,601.0,4.4,701.0,1.6,701.0,1.2,701.0,2.3,701.0,5.2,701.0,9.2,701.0,1.2,701.0,
,,Hohai University,CN,China (Mainland),XL,FO,VH,3,A,4.1,601,1.5,601.0,8.3,701.0,13.6,665.0,,,,,11.2,648.0,5.9,701.0,4.1,701.0,
,,Hongik University,KR,South Korea,L,FO,VH,4,C,5.9,601,5.9,601.0,9.3,701.0,3.1,701.0,17.6,620.0,10.0,701.0,1.0,701.0,6.8,701.0,1.0,701.0,
,,Indiana State University,US,United States,M,CO,HI,4,A,6.3,601,4.8,601.0,7.8,701.0,2.8,701.0,1.9,701.0,2.4,701.0,1.0,701.0,9.1,701.0,1.0,701.0,
,,International Islamic University Islamabad (IIU),PK,Pakistan,L,FO,VH,3,A,6.3,601,10.8,601.0,3.6,701.0,7.2,701.0,4.5,701.0,6.7,701.0,4.4,701.0,6.9,701.0,1.1,701.0,
,,Istanbul Aydin University,TR,Turkey,L,CO,MD,2,B,3.7,601,2.8,601.0,12.1,701.0,1.4,701.0,9.5,701.0,50.5,289.0,1.0,701.0,8.4,701.0,2.4,701.0,
,,Istanbul Bilgi Üniversitesi,TR,Turkey,M,FO,HI,3,B,4.4,601,4.5,601.0,12.6,701.0,2.0,701.0,6.4,701.0,25.5,470.0,1.0,701.0,10.2,701.0,2.6,701.0,
,,Ivan Franko National University of Lviv,UA,Ukraine,L,CO,HI,5,A,4.3,601,10.1,601.0,34.2,467.0,1.3,701.0,1.4,701.0,2.0,701.0,1.0,701.0,12.0,701.0,1.1,701.0,
,,Izmir Institute of Technology (IZTECH),TR,Turkey,M,CO,HI,3,A,6.6,601,3.5,601.0,5.9,701.0,7.5,701.0,3.4,701.0,2.3,701.0,1.0,701.0,6.9,701.0,3.5,701.0,
,,Jahangirnagar University,BD,Bangladesh,,FO,,4,,8.5,601,13.7,590.0,,,,,,,,,1.2,701.0,,,,,
,,Jamia Hamdard,IN,India,M,CO,VH,3,A,4.2,601,1.5,601.0,7.6,701.0,12.6,686.0,,,3.0,701.0,1.0,701.0,7.7,701.0,1.0,701.0,
,,Jeju National University,KR,South Korea,M,FC,HI,4,A,4.8,601,2.0,601.0,25.3,580.0,6.6,701.0,3.8,701.0,4.2,701.0,1.1,701.0,5.2,701.0,1.1,701.0,
,,Kenyatta University,KE,Kenya,XL,CO,MD,,,7.1,601,8.0,601.0,1.4,701.0,1.3,701.0,,,,,1.0,701.0,15.1,555.0,,,
,,Kharkiv National University of Radio Electronics,UA,Ukraine,M,FO,VH,4,A,3.7,601,13.1,601.0,26.0,569.0,1.5,701.0,1.4,701.0,10.9,696.0,1.0,701.0,10.5,701.0,2.1,701.0,
,,Khulna University of Engineering and Technology,BD,Bangladesh,M,FO,VH,3,A,5.9,601,11.4,601.0,11.2,701.0,4.8,701.0,,,,,1.0,701.0,8.3,701.0,1.0,701.0,
,,Kindai University (Kinki University),JP,Japan,XL,FC,HI,4,C,5.3,601,4.6,601.0,10.6,701.0,4.5,701.0,16.4,646.0,2.1,701.0,1.2,701.0,7.8,701.0,1.1,701.0,
,,King Mongkut\'s Institute of Technology Ladkrabang,TH,Thailand,L,FO,VH,4,A,8.1,601,7.4,601.0,4.8,701.0,3.1,701.0,15.7,656.0,1.6,701.0,1.1,701.0,9.5,701.0,1.3,701.0,
,,King Mongkut's University of Technology North Bangkok,TH,Thailand,L,FO,VH,3,A,8.1,601,5.8,601.0,3.7,701.0,3.0,701.0,3.4,701.0,1.1,701.0,1.1,701.0,8.3,701.0,1.1,701.0,
,,Korkyt Ata Kyzylorda University,KZ,Kazakhstan,M,FO,MD,4,A,5.9,601,6.3,601.0,5.1,701.0,1.0,701.0,2.6,701.0,1.2,701.0,1.0,701.0,12.4,701.0,1.3,701.0,
,,Kwansei Gakuin University,JP,Japan,L,CO,HI,4,B,4.2,601,6.4,601.0,4.5,701.0,2.5,701.0,24.4,543.0,3.9,701.0,1.0,701.0,10.6,701.0,1.0,701.0,
,,M.Kh. Dulaty Taraz Regional University,KZ,Kazakhstan,L,CO,MD,1,A,6.6,601,2.6,601.0,10.8,701.0,1.0,701.0,,,20.5,540.0,1.0,701.0,9.9,701.0,1.0,701.0,
,,Marmara University,TR,Turkey,XL,FO,VH,5,A,6.8,601,8.3,601.0,5.0,701.0,2.3,701.0,3.0,701.0,3.6,701.0,2.1,701.0,15.4,548.0,6.1,701.0,
,,Marquette University,US,United States,M,CO,VH,5,B,3.4,601,3.8,601.0,23.7,600.0,9.3,701.0,6.8,701.0,2.7,701.0,1.5,701.0,13.2,651.0,1.1,701.0,
,,Mendeleev University of Chemical Technology,RU,Russia,M,FO,VH,5,A,4.9,601,3.9,601.0,30.5,515.0,2.7,701.0,1.1,701.0,5.7,701.0,1.0,701.0,7.2,701.0,1.0,701.0,
,,Miami University,US,United States,L,CO,HI,5,A,4.2,601,4.7,601.0,6.5,701.0,8.7,701.0,6.5,701.0,6.6,701.0,1.2,701.0,23.0,364.0,4.1,701.0,
,,Moscow Pedagogical State University,RU,Russia,L,FO,HI,5,A,8.3,601,2.7,601.0,7.6,701.0,1.4,701.0,1.2,701.0,25.9,464.0,1.0,701.0,7.1,701.0,1.0,701.0,
,,Nagoya Institute of Technology (NIT),JP,Japan,M,SP,,2,A,5.9,601,2.3,601.0,6.8,701.0,15.3,627.0,5.5,701.0,4.5,701.0,1.2,701.0,9.5,701.0,1.0,701.0,
,,Naresuan University,TH,Thailand,L,FC,MD,3,A,6.5,601,3.3,601.0,6.5,701.0,2.0,701.0,5.9,701.0,1.3,701.0,1.0,701.0,7.9,701.0,4.4,701.0,
,,National Dong Hwa University,TW,Taiwan,M,FO,VH,2,A,6.3,601,2.3,601.0,6.5,701.0,6.4,701.0,3.2,701.0,10.2,701.0,1.0,701.0,7.6,701.0,2.3,701.0,
,,National Research University Moscow Power Engineering Institute (MPEI),RU,Russia,M,FO,VH,5,A,5.8,601,3.5,601.0,11.7,701.0,2.0,701.0,7.9,701.0,45.0,323.0,1.1,701.0,7.8,701.0,1.4,701.0,
,,National Taipei University,TW,Taiwan,M,FO,HI,2,A,7.5,601,4.5,601.0,8.2,701.0,3.2,701.0,2.7,701.0,5.2,701.0,1.0,701.0,16.1,518.0,3.1,701.0,
,,National Taiwan Ocean University,TW,Taiwan,M,FO,VH,3,A,5.7,601,3.2,601.0,11.6,701.0,10.1,701.0,5.6,701.0,7.7,701.0,1.1,701.0,8.6,701.0,5.6,701.0,
,,National University of Life and Environmental Sciences of Ukraine,UA,Ukraine,L,FO,HI,5,A,5.7,601,4.4,601.0,17.2,701.0,1.4,701.0,1.2,701.0,1.2,701.0,1.1,701.0,9.8,701.0,1.1,701.0,
,,"National University of Modern Languages (NUML), Islamabad",PK,Pakistan,L,FO,MD,4,,6.6,601,7.2,601.0,5.3,701.0,1.4,701.0,4.8,701.0,1.3,701.0,1.0,701.0,7.8,701.0,,,
,,Norwegian University of Life Sciences (UMB),NO,Norway,,SP,,,,5.9,601,3.7,601.0,,,,,,,,,41.5,366.0,,,,,
,,Nova Southeastern University,US,United States,L,CO,HI,4,,2.9,601,3.3,601.0,14.0,701.0,3.1,701.0,4.4,701.0,3.9,701.0,1.1,701.0,10.2,701.0,,,
,,Óbuda University,HU,Hungary,M,FO,VH,2,A,4.5,601,3.9,601.0,2.1,701.0,6.6,701.0,13.6,693.0,7.6,701.0,1.3,701.0,5.6,701.0,1.0,701.0,
,,OSMANIA UNIVERSITY,IN,India,M,CO,VH,5,A,4.7,601,3.5,601.0,3.5,701.0,17.5,590.0,,,5.9,701.0,1.0,701.0,7.5,701.0,1.0,701.0,
,,Perm State National Research University,RU,Russia,M,FO,VH,5,A,5.0,601,1.7,601.0,41.1,383.0,1.5,701.0,1.4,701.0,5.8,701.0,1.0,701.0,7.7,701.0,2.5,701.0,
,,Pondicherry University,IN,India,XL,CO,HI,3,A,4.0,601,1.9,601.0,6.5,701.0,12.2,694.0,1.1,701.0,1.1,701.0,1.2,701.0,4.7,701.0,8.4,695.0,
,,Pontificia Universidad Catolica Madre y Maestra,DO,Dominican Republic,M,FO,MD,4,B,3.6,601,8.0,601.0,9.8,701.0,1.2,701.0,13.7,692.0,13.9,645.0,1.0,701.0,19.9,418.0,,,
,,Pontifícia Universidade Católica do Rio Grande do Sul (PUCRS),BR,Brazil,M,FC,HI,4,B,6.9,601,3.8,601.0,10.5,701.0,7.8,701.0,2.4,701.0,2.2,701.0,1.2,701.0,6.7,701.0,4.1,701.0,
,,Portland State University,US,United States,L,CO,VH,4,A,4.3,601,2.1,601.0,9.5,701.0,10.5,701.0,1.6,701.0,5.3,701.0,4.9,701.0,10.3,701.0,18.4,560.0,
,,Pukyong National University,KR,South Korea,L,CO,VH,3,A,6.6,601,3.4,601.0,10.3,701.0,7.0,701.0,6.6,701.0,8.1,701.0,1.6,701.0,4.2,701.0,1.3,701.0,
,,Rikkyo University,JP,Japan,L,FO,HI,5,C,4.1,601,12.0,601.0,10.1,701.0,2.6,701.0,24.9,537.0,6.2,701.0,1.0,701.0,8.6,701.0,1.0,701.0,
,,Russian State Agrarian University - Moscow Timiryazev Agricultural Academy,RU,Russia,L,FO,HI,5,A,7.1,601,3.5,601.0,7.7,701.0,1.3,701.0,2.0,701.0,4.8,701.0,1.0,701.0,9.9,701.0,5.3,701.0,
,,Russian State University for the Humanities,RU,Russia,M,FO,VH,3,A,5.4,601,2.6,601.0,17.5,701.0,1.3,701.0,1.7,701.0,4.1,701.0,1.0,701.0,8.6,701.0,1.0,701.0,
,,"Rutgers, The State University of New Jersey, Camden",US,United States,M,FO,HI,,,3.9,601,3.0,601.0,17.6,701.0,4.3,701.0,22.2,572.0,3.0,701.0,1.0,701.0,6.9,701.0,,,
,,Saitama University,JP,Japan,M,CO,VH,4,A,4.5,601,1.8,601.0,14.1,701.0,9.2,701.0,10.5,701.0,6.2,701.0,1.2,701.0,7.9,701.0,2.2,701.0,
,,Saken Seifullin Kazakh Agrotechnical University,KZ,Kazakhstan,M,FO,HI,4,B,8.3,601,6.8,601.0,22.2,627.0,1.1,701.0,8.5,701.0,4.1,701.0,1.0,701.0,12.4,701.0,1.0,701.0,
,,San Francisco State University,US,United States,L,CO,HI,5,,4.9,601,2.4,601.0,5.2,701.0,4.8,701.0,4.5,701.0,6.8,701.0,1.5,701.0,10.9,701.0,,,
,,Seattle University,US,United States,M,CO,HI,4,B,5.4,601,4.2,601.0,29.3,529.0,2.4,701.0,1.5,701.0,13.9,644.0,1.0,701.0,13.6,633.0,1.0,701.0,
,,Shanghai Normal University,CN,China (Mainland),XL,CO,HI,3,A,4.3,601,1.4,601.0,13.4,701.0,3.8,701.0,4.4,701.0,2.9,701.0,1.1,701.0,7.4,701.0,1.1,701.0,
,,Shanghai University of Finance and Economics,CN,China (Mainland),L,FO,HI,4,A,5.2,601,4.4,601.0,9.3,701.0,3.3,701.0,16.4,643.0,2.3,701.0,1.0,701.0,20.2,415.0,1.2,701.0,
,,Shibaura Institute of Technology,JP,Japan,M,FO,VH,4,B,3.7,601,2.3,601.0,2.8,701.0,4.8,701.0,13.8,689.0,9.8,701.0,1.1,701.0,7.9,701.0,1.1,701.0,
,,Siksha 'O' Anusandhan (Deemed to be University),IN,India,L,FO,VH,3,B,4.6,601,2.0,601.0,32.9,481.0,4.7,701.0,1.7,701.0,2.1,701.0,1.1,701.0,8.1,701.0,1.0,701.0,
,,Silpakorn University,TH,Thailand,L,CO,HI,4,A,6.2,601,6.7,601.0,4.5,701.0,2.7,701.0,4.6,701.0,1.2,701.0,1.0,701.0,7.4,701.0,1.0,701.0,
,,Sookmyung Women's University,KR,South Korea,M,CO,HI,4,C,5.4,601,6.4,601.0,21.4,637.0,4.5,701.0,4.7,701.0,2.0,701.0,1.0,701.0,7.3,701.0,1.0,701.0,
,,Soongsil University,KR,South Korea,L,CO,HI,3,C,5.0,601,6.5,601.0,10.1,701.0,4.3,701.0,5.9,701.0,13.9,641.0,1.0,701.0,4.2,701.0,1.0,701.0,
,,SRM INSTITUTE OF SCIENCE AND TECHNOLOGY,IN,India,XL,CO,VH,3,B,7.0,601,13.1,601.0,12.2,701.0,3.7,701.0,1.7,701.0,2.1,701.0,8.1,701.0,7.5,701.0,3.8,701.0,
,,Stefan cel Mare University of Suceava,RO,Romania,M,CO,HI,3,A,3.8,601,2.3,601.0,4.9,701.0,3.8,701.0,2.4,701.0,27.7,443.0,1.1,701.0,8.5,701.0,1.0,701.0,
,,Suez Canal University,EG,Egypt,XL,FC,HI,3,A,3.9,601,2.6,601.0,16.2,701.0,2.2,701.0,2.2,701.0,1.8,701.0,5.7,701.0,4.7,701.0,1.2,701.0,
,,Suleyman Demirel University,TR,Turkey,XL,FC,MD,3,A,6.8,601,3.8,601.0,4.1,701.0,2.4,701.0,1.8,701.0,5.1,701.0,1.5,701.0,7.5,701.0,1.1,701.0,
,,"Suleyman Demirel University, Kazakhstan",KZ,Kazakhstan,M,FO,MD,3,B,9.8,601,8.5,601.0,3.6,701.0,1.3,701.0,3.9,701.0,1.2,701.0,1.0,701.0,12.7,682.0,1.1,701.0,
,,Suranaree University of Technology,TH,Thailand,L,FC,HI,3,A,6.2,601,3.1,601.0,3.4,701.0,8.6,701.0,6.1,701.0,1.5,701.0,1.6,701.0,8.5,701.0,1.7,701.0,
,,Tamkang University,TW,Taiwan,L,FO,VH,3,C,5.7,601,5.5,601.0,3.6,701.0,5.6,701.0,8.4,701.0,7.4,701.0,1.1,701.0,20.9,395.0,4.9,701.0,
,,Tanta University,EG,Egypt,XL,FO,VH,4,A,6.3,601,4.3,601.0,4.1,701.0,2.1,701.0,1.6,701.0,2.0,701.0,21.4,533.0,6.5,701.0,13.9,625.0,
,,Technical University of Cluj-Napoca,RO,Romania,L,SP,,5,A,5.0,601,4.8,601.0,7.3,701.0,3.7,701.0,1.7,701.0,2.7,701.0,2.8,701.0,8.0,701.0,1.1,701.0,
,,Technical University of Lublin,PL,Poland,M,FO,VH,2,A,5.7,601,1.9,601.0,23.8,596.0,2.7,701.0,,,11.3,686.0,1.0,701.0,6.2,701.0,1.0,701.0,
,,"The ""Gheorghe Asachi"" Technical University of Iasi",RO,Romania,L,SP,,4,A,6.0,601,6.8,601.0,2.4,701.0,5.5,701.0,,,5.0,701.0,2.2,701.0,6.5,701.0,1.1,701.0,
,,The Hashemite University,JO,Jordan,L,FC,MD,3,A,8.0,601,13.0,601.0,3.8,701.0,3.4,701.0,9.0,701.0,8.0,701.0,3.0,701.0,6.2,701.0,1.1,701.0,
,,The Herzen State Pedagogical University of Russia,RU,Russia,L,FO,HI,5,A,4.0,601,1.9,601.0,24.9,586.0,1.2,701.0,1.5,701.0,38.9,353.0,1.0,701.0,8.8,701.0,1.5,701.0,
,,The Josip Juraj Strossmayer University of Osijek,HR,Croatia,L,CO,HI,3,A,4.3,601,,,30.2,519.0,2.9,701.0,,,,,5.3,701.0,9.9,701.0,1.0,701.0,
,,"The National Research University ""Belgorod State University""",RU,Russia,L,FC,MD,5,A,4.0,601,1.3,601.0,18.4,701.0,2.0,701.0,2.4,701.0,52.9,275.0,1.2,701.0,7.9,701.0,3.5,701.0,
,,Toraighyrov University,KZ,Kazakhstan,M,FO,HI,4,A,7.0,601,4.2,601.0,14.7,701.0,1.3,701.0,3.0,701.0,2.8,701.0,1.0,701.0,12.5,698.0,1.0,701.0,
,,Transilvania University of Brasov,RO,Romania,L,FC,HI,4,A,6.0,601,3.8,601.0,6.0,701.0,3.3,701.0,2.4,701.0,2.0,701.0,3.4,701.0,7.9,701.0,1.6,701.0,
,,Tunghai University,TW,Taiwan,L,CO,HI,4,C,6.2,601,6.1,601.0,5.2,701.0,4.5,701.0,10.2,701.0,9.3,701.0,1.1,701.0,12.6,688.0,3.9,701.0,
,,United International University,BD,Bangladesh,M,CO,MD,2,C,5.6,601,8.9,601.0,2.5,701.0,2.4,701.0,,,1.2,701.0,1.0,701.0,9.7,701.0,1.0,701.0,
,,Universidad Alberto Hurtado,CL,Chile,M,CO,HI,3,B,8.9,601,5.4,601.0,3.1,701.0,2.9,701.0,14.2,679.0,1.8,701.0,1.0,701.0,7.8,701.0,1.0,701.0,
,,Universidad Autónoma de Aguascalientes,MX,Mexico,L,FC,MD,4,A,3.3,601,1.9,601.0,34.2,468.0,1.2,701.0,,,,,1.0,701.0,3.9,701.0,1.0,701.0,
,,Universidad Autónoma de Baja California,MX,Mexico,XL,CO,HI,4,A,7.7,601,2.9,601.0,4.4,701.0,1.5,701.0,2.7,701.0,2.9,701.0,1.0,701.0,7.7,701.0,7.7,701.0,
,,Universidad Bernardo O'Higgins,CL,Chile,M,FO,HI,3,B,4.9,601,2.8,601.0,9.7,701.0,2.0,701.0,12.2,701.0,2.0,701.0,1.0,701.0,8.3,701.0,1.2,701.0,
,1401.0,Universidad Católica de Temuco,CL,Chile,M,CO,HI,4,B,4.3,601,1.7,601.0,2.0,701.0,4.6,701.0,36.3,445.0,,,1.1,701.0,4.1,701.0,1.0,701.0,
,,Universidad Católica del Norte,CL,Chile,M,FC,HI,4,B,4.9,601,3.4,601.0,7.0,701.0,5.8,701.0,13.8,688.0,2.8,701.0,4.4,701.0,4.1,701.0,1.2,701.0,
,,Universidad Central del Ecuador,EC,Ecuador,XL,FC,MD,5,A,8.5,601,5.0,601.0,10.9,701.0,1.2,701.0,,,,,1.0,701.0,10.1,701.0,1.0,701.0,
,,Universidad de Carabobo,VE,Venezuela,L,FC,LO,5,A,3.7,601,8.0,601.0,18.3,701.0,1.0,701.0,,,,,1.0,701.0,14.5,579.0,1.0,701.0,
,,Universidad de Cartagena,CO,Colombia,L,FC,MD,5,A,4.9,601,5.4,601.0,4.0,701.0,4.3,701.0,2.2,701.0,1.1,701.0,1.0,701.0,6.8,701.0,11.0,656.0,
,,Universidad de Córdoba - Colombia,CO,Colombia,L,CO,MD,4,A,15.0,578,2.5,601.0,2.7,701.0,1.4,701.0,,,,,1.0,701.0,4.1,701.0,1.0,701.0,
,,Universidad de Guanajuato,MX,Mexico,XL,CO,HI,4,A,7.9,601,3.0,601.0,5.9,701.0,3.0,701.0,6.0,701.0,1.4,701.0,1.1,701.0,8.7,701.0,1.2,701.0,
,,Universidad de La Frontera (UFRO),CL,Chile,L,CO,HI,3,A,9.7,601,4.4,601.0,3.6,701.0,8.5,701.0,6.6,701.0,1.2,701.0,9.4,682.0,9.0,701.0,2.1,701.0,
,,Universidad de Las Américas (UDLA) Ecuador,EC,Ecuador,L,CO,MD,3,B,7.1,601,4.5,601.0,12.6,701.0,1.6,701.0,22.8,565.0,2.5,701.0,1.1,701.0,10.6,701.0,1.0,701.0,
,,Universidad de las Fuerzas Armadas ESPE (Ex - Escuela Politécnica del Ejército),EC,Ecuador,L,CO,HI,5,A,5.1,601,5.4,601.0,9.4,701.0,1.4,701.0,3.0,701.0,1.1,701.0,1.0,701.0,7.3,701.0,6.7,701.0,
,,Universidad de Medellín,CO,Colombia,M,SP,,4,C,6.9,601,5.2,601.0,6.8,701.0,2.1,701.0,3.4,701.0,1.8,701.0,1.0,701.0,8.4,701.0,1.8,701.0,
,,Universidad de Panama,PA,Panama,XL,FO,MD,4,A,6.5,601,8.0,601.0,3.2,701.0,1.1,701.0,4.9,701.0,2.3,701.0,1.0,701.0,13.7,625.0,1.2,701.0,
,,Universidad de Piura,PE,Peru,M,FO,MD,4,B,6.4,601,10.2,601.0,4.5,701.0,1.2,701.0,8.4,701.0,1.0,701.0,1.0,701.0,17.1,497.0,1.6,701.0,
,,Universidad de San Carlos de Guatemala - USAC,GT,Guatemala,XL,FC,LO,5,A,9.3,601,7.6,601.0,3.9,701.0,1.0,701.0,,,,,1.0,701.0,20.6,405.0,1.0,701.0,
,,Universidad de Valparaíso (UV),CL,Chile,L,FC,MD,3,A,10.4,601,6.8,601.0,7.8,701.0,3.5,701.0,7.2,701.0,1.8,701.0,4.6,701.0,8.5,701.0,6.3,701.0,
,,Universidad del Bío-Bío,CL,Chile,L,CO,HI,4,A,8.6,601,4.2,601.0,2.9,701.0,3.8,701.0,9.7,701.0,1.4,701.0,1.4,701.0,4.1,701.0,1.1,701.0,
,,Universidad del Cauca,CO,Colombia,L,CO,MD,5,A,9.5,601,4.0,601.0,5.3,701.0,1.8,701.0,23.6,559.0,1.1,701.0,1.0,701.0,4.5,701.0,1.0,701.0,
,,Universidad del Desarrollo (UDD),CL,Chile,L,CO,HI,3,B,6.6,601,14.6,560.0,12.9,701.0,2.2,701.0,7.6,701.0,2.0,701.0,1.1,701.0,8.4,701.0,3.5,701.0,
,,Universidad del Salvador,AR,Argentina,L,FO,MD,4,B,4.3,601,9.0,601.0,16.7,701.0,1.0,701.0,5.3,701.0,8.0,701.0,1.0,701.0,7.1,701.0,,,
,,Universidad del Zulia,VE,Venezuela,M,FC,MD,5,A,10.9,601,7.6,601.0,3.2,701.0,2.4,701.0,,,,,1.0,701.0,10.9,701.0,1.0,701.0,
,,Universidad Mayor de San Andrés (UMSA),BO,Bolivia,XL,FC,LO,5,A,7.7,601,2.4,601.0,1.1,701.0,1.6,701.0,6.8,701.0,1.0,701.0,1.1,701.0,14.8,565.0,1.0,701.0,
,,Universidad Nacional Agraria la Molina,PE,Peru,M,FO,HI,5,A,6.8,601,8.7,601.0,14.6,701.0,1.6,701.0,1.4,701.0,1.8,701.0,1.0,701.0,9.8,701.0,1.0,701.0,
,,Universidad Nacional de Mar del Plata,AR,Argentina,L,CO,HI,3,A,9.5,601,2.8,601.0,5.7,701.0,3.7,701.0,,,,,1.3,701.0,5.1,701.0,1.2,701.0,
,,Universidad Nacional de Río Cuarto - UNRC,AR,Argentina,L,CO,MD,4,A,4.4,601,1.5,601.0,34.9,454.0,1.5,701.0,,,,,1.0,701.0,5.1,701.0,1.0,701.0,
,,Universidad Nacional de San Martín (UNSAM),AR,Argentina,L,CO,HI,3,A,11.5,601,3.2,601.0,7.5,701.0,2.3,701.0,1.6,701.0,4.7,701.0,1.3,701.0,5.1,701.0,4.6,701.0,
,,Universidad Nacional del Comahue,AR,Argentina,XL,FC,MD,4,A,4.3,601,2.5,601.0,21.5,636.0,1.4,701.0,,,,,1.1,701.0,5.1,701.0,1.1,701.0,
,,Universidad Nacional del Litoral,AR,Argentina,XL,CO,HI,5,A,11.7,601,5.8,601.0,2.2,701.0,2.7,701.0,1.5,701.0,1.1,701.0,1.1,701.0,2.7,701.0,3.2,701.0,
,,Universidad Popular Autónoma del Estado de Puebla (UPAEP),MX,Mexico,M,FO,HI,4,C,5.0,601,4.5,601.0,16.1,701.0,1.2,701.0,4.5,701.0,3.1,701.0,1.0,701.0,8.0,701.0,1.4,701.0,
,,Universidad San Ignacio de Loyola,PE,Peru,L,FO,MD,3,B,6.2,601,9.2,601.0,1.8,701.0,1.3,701.0,3.9,701.0,1.3,701.0,1.0,701.0,8.5,701.0,2.0,701.0,
,,"Universidad Tecnológica de la Habana José Antonio Echeverría, Cujae",CU,Cuba,M,SP,,3,A,6.2,601,1.1,601.0,20.1,662.0,1.1,701.0,3.3,701.0,4.5,701.0,1.0,701.0,14.2,595.0,,,
,,Universidad Veracruzana,MX,Mexico,XL,FO,HI,4,A,8.7,601,3.2,601.0,7.8,701.0,1.4,701.0,,,,,1.0,701.0,3.9,701.0,1.1,701.0,
,,Universidade do Estado do Rio de Janeiro (UERJ),BR,Brazil,XL,FC,HI,4,A,9.4,601,4.0,601.0,17.6,701.0,2.6,701.0,3.8,701.0,1.2,701.0,5.7,701.0,7.6,701.0,2.4,701.0,
,,Universidade Federal da Bahia,BR,Brazil,XL,FC,HI,4,A,9.1,601,2.4,601.0,8.9,701.0,3.1,701.0,5.4,701.0,1.5,701.0,4.3,701.0,8.1,701.0,4.4,701.0,
,,Universidade Federal de Juiz de Fora- (UFJF),BR,Brazil,L,CO,HI,4,A,3.6,601,2.3,601.0,31.4,501.0,3.0,701.0,,,,,1.4,701.0,3.8,701.0,1.0,701.0,
,,Universidade Federal de Pelotas,BR,Brazil,L,CO,VH,4,A,5.1,601,1.4,601.0,27.0,559.0,5.0,701.0,,,1.4,701.0,1.2,701.0,3.8,701.0,1.1,701.0,
,,Universidade Federal de Santa Maria,BR,Brazil,L,FC,HI,4,A,6.5,601,1.6,601.0,15.8,701.0,5.2,701.0,2.6,701.0,1.2,701.0,3.4,701.0,9.6,701.0,17.8,571.0,
,,Universidade Federal de Viçosa (UFV),BR,Brazil,L,FC,HI,5,A,5.0,601,2.3,601.0,13.3,701.0,8.7,701.0,2.9,701.0,1.8,701.0,1.1,701.0,4.4,701.0,1.8,701.0,
,,Universidade Federal do Ceará (UFC),BR,Brazil,XL,FC,HI,4,A,7.3,601,3.1,601.0,7.7,701.0,5.8,701.0,1.4,701.0,1.3,701.0,3.2,701.0,4.3,701.0,24.8,490.0,
,,Universidade Federal Fluminense,BR,Brazil,XL,FC,HI,4,A,10.0,601,2.3,601.0,11.7,701.0,3.7,701.0,5.3,701.0,1.1,701.0,10.1,668.0,7.6,701.0,4.1,701.0,
,,Universidade Presbiteriana Mackenzie,BR,Brazil,M,CO,HI,4,B,3.5,601,7.6,601.0,10.6,701.0,1.9,701.0,5.1,701.0,1.0,701.0,1.0,701.0,37.0,200.0,1.0,701.0,
,,Università degli studi di Bergamo,IT,Italy,L,FO,VH,3,A,5.7,601,2.3,601.0,1.5,701.0,6.3,701.0,8.4,701.0,6.4,701.0,1.4,701.0,8.5,701.0,1.1,701.0,
,,Universitas Islam Indonesia,ID,Indonesia,L,CO,HI,4,B,10.4,601,3.8,601.0,2.0,701.0,1.7,701.0,2.3,701.0,1.2,701.0,1.0,701.0,7.6,701.0,1.8,701.0,
,,Universitas Muhammadiyah Yogyakarta,ID,Indonesia,L,FO,HI,3,B,6.3,601,2.5,601.0,2.8,701.0,1.4,701.0,36.6,441.0,2.0,701.0,1.0,701.0,7.4,701.0,1.0,701.0,
,,Universitas Pendidikan Indonesia,ID,Indonesia,XL,FO,VH,4,A,9.6,601,3.1,601.0,11.0,701.0,1.4,701.0,14.6,673.0,1.7,701.0,1.0,701.0,7.9,701.0,3.4,701.0,
,,Universitas Sumatera Utara,ID,Indonesia,XL,FC,HI,4,A,7.6,601,6.2,601.0,21.0,646.0,1.3,701.0,9.8,701.0,2.4,701.0,1.0,701.0,9.2,701.0,5.3,701.0,
,,Universitatea de Vest din Timisoara / West University of Timisoara,RO,Romania,L,FO,HI,4,A,9.6,601,6.3,601.0,4.8,701.0,2.6,701.0,1.6,701.0,5.2,701.0,1.1,701.0,8.2,701.0,1.1,701.0,
,,Université de Franche-Comté,FR,France,,CO,,,A,5.8,601,2.1,601.0,,,,,,,,,46.0,336.0,,,,,
,,Université de Limoges,FR,France,M,SP,,,,6.1,601,1.9,601.0,18.2,701.0,7.2,701.0,,,,,16.7,578.0,6.4,701.0,,,
,,Université de Tunis,TN,Tunisia,L,FO,VH,4,A,6.1,601,2.5,601.0,17.3,701.0,1.9,701.0,2.2,701.0,1.8,701.0,1.0,701.0,15.5,542.0,1.0,701.0,
,,Université Jean Moulin Lyon 3,FR,France,L,SP,,5,A,8.9,601,3.4,601.0,1.8,701.0,2.2,701.0,25.5,528.0,30.8,414.0,1.0,701.0,7.1,701.0,1.1,701.0,
,1401.0,Université Mohammed V de Rabat,MA,Morocco,XL,CO,VH,3,A,3.1,601,2.2,601.0,1.6,701.0,4.0,701.0,3.7,701.0,2.6,701.0,17.6,566.0,22.0,376.0,2.7,701.0,
,,Université Paris-Nanterre,FR,France,XL,FO,VH,5,A,11.9,601,2.4,601.0,3.0,701.0,3.0,701.0,9.9,701.0,1.5,701.0,14.6,601.0,15.2,553.0,1.9,701.0,
,,Universiti Sains Islam Malaysia,MY,Malaysia,M,CO,HI,3,A,6.0,601,2.9,601.0,9.2,701.0,1.9,701.0,9.0,701.0,6.7,701.0,1.0,701.0,4.2,701.0,1.0,701.0,
,,Universiti Teknikal Malaysia Melaka,MY,Malaysia,M,FO,VH,2,A,6.0,601,6.2,601.0,9.8,701.0,5.4,701.0,3.5,701.0,5.7,701.0,1.2,701.0,9.2,701.0,4.3,701.0,
,,University of Babylon,IQ,Iraq,L,FC,HI,3,A,3.6,601,6.3,601.0,13.2,701.0,1.9,701.0,1.1,701.0,1.0,701.0,1.6,701.0,9.7,701.0,2.6,701.0,
,,University of Basrah,IQ,Iraq,XL,FC,MD,4,A,4.4,601,6.0,601.0,15.9,701.0,1.4,701.0,1.3,701.0,1.1,701.0,1.4,701.0,9.3,701.0,1.0,701.0,
,,University of Bialystok,PL,Poland,M,FO,VH,3,A,5.8,601,3.1,601.0,28.1,544.0,2.5,701.0,,,5.2,701.0,1.5,701.0,6.1,701.0,1.0,701.0,
,,University of Central Oklahoma,US,United States,L,CO,MD,,A,3.8,601,1.5,601.0,7.9,701.0,1.4,701.0,16.8,636.0,10.9,694.0,1.0,701.0,9.4,701.0,,,
,,University of Iceland,IS,Iceland,,CO,,5,,7.8,601,5.5,601.0,,,,,,,,,37.9,396.0,,,,,
,,University of International Business and Economics,CN,China (Mainland),L,FO,HI,4,A,3.8,601,1.8,601.0,10.2,701.0,2.7,701.0,7.4,701.0,32.8,394.0,1.0,701.0,14.8,568.0,1.1,701.0,
,,University of Khartoum,SD,Sudan,L,FC,MD,4,A,6.2,601,4.5,601.0,8.0,701.0,2.5,701.0,,,1.4,701.0,3.9,701.0,24.9,333.0,1.1,701.0,
,,University of Kufa,IQ,Iraq,L,FC,HI,3,A,3.3,601,8.5,601.0,30.6,511.0,1.4,701.0,4.7,701.0,1.1,701.0,1.0,701.0,8.8,701.0,1.0,701.0,
,,University of Memphis,US,United States,L,CO,VH,,A,3.1,601,5.1,601.0,14.9,701.0,8.9,701.0,2.1,701.0,4.4,701.0,5.0,701.0,10.7,701.0,,,
,,University of Miskolc,HU,Hungary,M,CO,HI,5,B,6.2,601,5.2,601.0,23.6,606.0,2.3,701.0,3.1,701.0,6.6,701.0,1.2,701.0,12.7,675.0,1.1,701.0,
,,University of Missouri Saint Louis,US,United States,M,SP,,4,A,4.0,601,3.6,601.0,16.2,701.0,14.2,655.0,4.8,701.0,4.2,701.0,1.0,701.0,11.5,701.0,,,
,,University of Montana Missoula,US,United States,M,CO,HI,5,A,2.5,601,2.6,601.0,11.8,701.0,9.2,701.0,1.3,701.0,1.7,701.0,1.0,701.0,8.3,701.0,3.5,701.0,
,,University of Niš,RS,Serbia,L,FC,HI,4,A,5.2,601,3.7,601.0,13.2,701.0,2.4,701.0,,,6.2,701.0,6.1,701.0,9.1,701.0,1.1,701.0,
,,University of North Carolina at Greensboro,US,United States,L,CO,HI,5,A,2.9,601,2.8,601.0,9.2,701.0,10.6,701.0,9.7,701.0,2.6,701.0,7.6,701.0,7.1,701.0,,,
,,University of Ostrava,CZ,Czech Republic,M,FO,VH,3,A,6.0,601,1.0,601.0,19.9,669.0,4.1,701.0,18.6,605.0,12.3,673.0,1.8,701.0,7.7,701.0,1.2,701.0,
,,University of Pannonia,HU,Hungary,S,FO,VH,4,A,4.5,601,3.5,601.0,23.7,603.0,8.3,701.0,,,9.2,701.0,5.9,701.0,5.8,701.0,1.0,701.0,
,,University of Peradeniya,LK,Sri Lanka,L,CO,HI,3,A,7.8,601,9.9,601.0,14.9,701.0,2.0,701.0,1.0,701.0,1.3,701.0,2.2,701.0,10.8,701.0,2.2,701.0,
,,University of Rijeka,HR,Croatia,L,CO,HI,4,A,5.9,601,2.7,601.0,17.1,701.0,4.3,701.0,2.6,701.0,1.9,701.0,5.7,701.0,10.1,701.0,2.6,701.0,
,,University of Rzeszów,PL,Poland,L,FC,HI,3,A,4.3,601,1.9,601.0,17.8,701.0,2.6,701.0,,,1.7,701.0,2.0,701.0,6.1,701.0,1.0,701.0,
,,University of San Carlos,PH,Philippines,M,FO,HI,4,C,6.2,601,8.6,601.0,3.4,701.0,1.8,701.0,1.9,701.0,2.2,701.0,1.0,701.0,9.4,701.0,,,
,,University of San Diego,US,United States,M,CO,HI,4,B,6.8,601,4.4,601.0,24.9,588.0,2.8,701.0,3.1,701.0,6.0,701.0,1.0,701.0,17.2,489.0,1.0,701.0,
,,University of Sarajevo,BA,Bosnia and Herzegovina,L,CO,HI,4,A,4.2,601,3.5,601.0,3.8,701.0,2.0,701.0,,,3.0,701.0,7.0,701.0,38.2,192.0,1.0,701.0,
,,University of Silesia in Katowice,PL,Poland,L,CO,VH,4,A,5.3,601,4.3,601.0,17.2,701.0,3.3,701.0,3.3,701.0,3.3,701.0,11.5,644.0,8.3,701.0,1.4,701.0,
,,University of South Alabama (USA),US,United States,L,CO,HI,4,A,5.3,601,4.4,601.0,17.3,701.0,6.5,701.0,,,1.8,701.0,1.1,701.0,7.6,701.0,1.2,701.0,
,,University of Split,HR,Croatia,L,FC,HI,3,A,5.9,601,2.5,601.0,4.2,701.0,3.9,701.0,1.5,701.0,2.1,701.0,5.9,701.0,11.0,701.0,1.4,701.0,
,,University of the Pacific,US,United States,M,CO,HI,5,B,2.2,601,3.7,601.0,34.3,466.0,3.4,701.0,4.2,701.0,7.2,701.0,1.0,701.0,10.8,701.0,1.0,701.0,
,,University of Warmia and Mazury in Olsztyn,PL,Poland,L,FO,VH,2,A,6.0,601,10.8,601.0,24.2,589.0,3.5,701.0,2.0,701.0,2.7,701.0,4.3,701.0,6.3,701.0,1.3,701.0,
,,University of West Bohemia,CZ,Czech Republic,M,FO,VH,3,A,5.9,601,2.0,601.0,11.9,701.0,4.3,701.0,,,,,2.7,701.0,11.4,701.0,1.0,701.0,
,,University POLITEHNICA of Bucharest,RO,Romania,L,FO,VH,5,A,5.7,601,8.7,601.0,3.5,701.0,6.4,701.0,1.5,701.0,2.8,701.0,17.9,561.0,6.4,701.0,1.2,701.0,
,,Voronezh State University,RU,Russia,L,CO,HI,5,A,5.9,601,2.3,601.0,19.9,670.0,1.3,701.0,3.4,701.0,25.6,466.0,1.0,701.0,6.6,701.0,1.4,701.0,
,,Yogyakarta State University,ID,Indonesia,L,FO,HI,2,A,9.6,601,2.8,601.0,8.0,701.0,1.4,701.0,15.4,662.0,1.8,701.0,1.0,701.0,7.8,701.0,1.0,701.0,
,,Youngsan University,KR,South Korea,M,FO,MD,3,C,5.7,601,10.6,601.0,17.5,701.0,1.3,701.0,2.8,701.0,5.9,701.0,1.0,701.0,6.6,701.0,,,
,,Yuan Ze University,TW,Taiwan,M,FO,VH,3,C,5.4,601,5.4,601.0,7.4,701.0,10.6,701.0,7.0,701.0,9.6,701.0,1.0,701.0,7.9,701.0,1.0,701.0,
,,Zagazig University,EG,Egypt,XL,FC,HI,3,A,6.6,601,3.8,601.0,2.9,701.0,2.4,701.0,1.2,701.0,2.4,701.0,15.3,593.0,2.8,701.0,7.7,701.0,
,,Narxoz University,KZ,Kazakhstan,M,FO,HI,4,B,8.0,601,5.0,601.0,8.4,701.0,1.4,701.0,5.3,701.0,2.1,701.0,1.0,701.0,12.4,701.0,1.0,701.0,
1401.0,,Akdeniz Üniversitesi,TR,Turkey,XL,FC,HI,3,A,5.2,601,3.8,601.0,3.4,701.0,2.8,701.0,1.2,701.0,1.1,701.0,1.9,701.0,7.5,701.0,1.0,701.0,
1401.0,,Al-Balqa Applied University,JO,Jordan,L,FC,MD,3,A,5.0,601,6.7,601.0,4.3,701.0,2.4,701.0,3.8,701.0,1.8,701.0,2.0,701.0,7.6,701.0,1.0,701.0,
1401.0,1401.0,Ataturk University,TR,Turkey,XL,CO,HI,4,A,4.9,601,2.0,601.0,2.8,701.0,3.9,701.0,2.7,701.0,3.6,701.0,2.3,701.0,9.4,701.0,4.3,701.0,
1401.0,,California State University - Los Angeles,US,United States,L,CO,HI,4,A,5.4,601,2.5,601.0,3.5,701.0,3.2,701.0,4.0,701.0,5.6,701.0,1.1,701.0,9.5,701.0,,,
1401.0,1401.0,California State University Long Beach,US,United States,XL,CO,VH,4,A,4.0,601,2.8,601.0,8.1,701.0,,,,,,,,,9.6,701.0,,,
1401.0,1401.0,Cukurova University,TR,Turkey,XL,FC,HI,4,A,4.4,601,2.8,601.0,4.5,701.0,2.5,701.0,2.1,701.0,5.0,701.0,3.8,701.0,6.9,701.0,13.9,625.0,
1401.0,,Georgian Technical University,GE,Georgia,,FO,,5,A,6.3,601,4.2,601.0,,,,,,,,,1.0,701.0,,,,,
1401.0,,Guru Gobind Singh Indraprastha University,IN,India,,CO,,3,A,3.3,601,2.6,601.0,,,,,,,,,1.0,701.0,,,,,
1401.0,,Humboldt State University,US,United States,M,CO,HI,3,A,3.8,601,2.2,601.0,8.9,701.0,4.6,701.0,2.3,701.0,1.6,701.0,1.0,701.0,7.9,701.0,,,
1401.0,,Illinois State University,US,United States,L,CO,HI,5,,3.7,601,3.5,601.0,5.9,701.0,5.2,701.0,4.9,701.0,2.5,701.0,1.1,701.0,10.9,701.0,,,
1401.0,,Indian Statistical Institute,IN,India,,FO,,4,,7.5,601,3.4,601.0,,,,,,,,,1.9,701.0,,,,,
1401.0,,"International University of Business, Agriculture and Technology (IUBAT)",BD,Bangladesh,,CO,,3,,5.9,601,3.6,601.0,,,,,,,,,1.0,701.0,,,,,
1401.0,,Irkutsk State University,RU,Russia,L,CO,HI,5,A,3.6,601,1.6,601.0,17.6,701.0,1.4,701.0,1.9,701.0,3.8,701.0,1.1,701.0,8.7,701.0,1.5,701.0,
1401.0,,Khulna University,BD,Bangladesh,,SP,,3,,5.9,601,5.3,601.0,,,,,,,,,1.0,701.0,,,,,
1401.0,,Kwame Nkrumah University of Science and Technology,GH,Ghana,,CO,,,,5.9,601,7.6,601.0,,,,,,,,,10.8,656.0,,,,,
1401.0,,MIREA - Russian Technological University,RU,Russia,L,FO,VH,4,A,5.2,601,4.9,601.0,7.5,701.0,1.4,701.0,1.3,701.0,3.4,701.0,1.0,701.0,7.3,701.0,1.0,701.0,
1401.0,,Moscow City University,RU,Russia,L,FO,MD,3,A,6.1,601,1.6,601.0,9.3,701.0,1.1,701.0,2.9,701.0,3.6,701.0,1.0,701.0,7.6,701.0,1.2,701.0,
1401.0,,Nara Institute of Science and Technology,JP,Japan,,FO,,3,,5.6,601,2.3,601.0,,,,,,,,,1.5,701.0,,,,,
1401.0,,Pontificia Universidade Católica do Campinas - PUC Campinas,BR,Brazil,M,CO,MD,4,C,4.9,601,3.3,601.0,6.4,701.0,2.0,701.0,2.4,701.0,1.2,701.0,1.0,701.0,9.6,701.0,1.0,701.0,
1401.0,1401.0,Pontificia Universidade Católica do Minas Gerais - PUC Minas,BR,Brazil,XL,FO,HI,4,C,5.0,601,3.8,601.0,1.6,701.0,1.5,701.0,,,,,1.0,701.0,6.2,701.0,1.0,701.0,
1401.0,,Pontifícia Universidade Católica do Paraná,BR,Brazil,M,FC,HI,4,B,4.3,601,2.7,601.0,6.0,701.0,4.2,701.0,1.9,701.0,1.4,701.0,1.4,701.0,5.6,701.0,1.0,701.0,
1401.0,,Rajshahi University,BD,Bangladesh,,CO,,4,,9.2,601,9.7,601.0,,,,,,,,,1.1,701.0,,,,,
1401.0,1401.0,Sakarya University,TR,Turkey,XL,FC,MD,3,A,3.7,601,3.0,601.0,2.8,701.0,3.1,701.0,1.7,701.0,12.6,669.0,1.3,701.0,7.5,701.0,1.0,701.0,
1401.0,,Shahjalal University of Science and Technology,BD,Bangladesh,,FO,,3,,6.8,601,8.9,601.0,,,,,,,,,1.0,701.0,,,,,
1401.0,,Soochow University (Taiwan),TW,Taiwan,L,FO,MD,4,C,4.7,601,6.0,601.0,4.3,701.0,1.8,701.0,4.0,701.0,4.0,701.0,1.0,701.0,8.3,701.0,2.2,701.0,
1401.0,,Stamford University Bangladesh,BD,Bangladesh,,FO,,2,,10.0,601,2.8,601.0,,,,,,,,,1.0,701.0,,,,,
1401.0,,State University of Malang,ID,Indonesia,L,FO,VH,4,A,5.3,601,2.3,601.0,7.9,701.0,1.7,701.0,9.9,701.0,1.3,701.0,1.0,701.0,7.5,701.0,1.0,701.0,
1401.0,1401.0,Sudan University of Science and Technology,SD,Sudan,XL,CO,MD,3,A,4.1,601,2.7,601.0,3.2,701.0,1.2,701.0,1.9,701.0,1.6,701.0,1.0,701.0,9.4,701.0,1.0,701.0,
1401.0,,Technical University of Crete,GR,Greece,,SP,,,,5.9,601,5.4,601.0,,,,,,,,,2.6,701.0,,,,,
1401.0,,Technische Universität Bergakademie Freiberg,DE,Germany,,SP,,,,5.5,601,4.6,601.0,,,,,,,,,4.9,701.0,,,,,
1401.0,,Technische Universität Hamburg-Harburg,DE,Germany,,SP,,,,8.8,601,5.6,601.0,,,,,,,,,2.8,701.0,,,,,
1401.0,,Technische Universität Kaiserslautern,DE,Germany,,CO,,,,6.5,601,3.2,601.0,,,,,,,,,10.8,655.0,,,,,
1401.0,,"The University of Notre Dame, Australia",AU,Australia,M,FO,VH,3,B,3.2,601,4.2,601.0,3.1,701.0,7.6,701.0,2.9,701.0,1.5,701.0,1.0,701.0,6.2,701.0,1.0,701.0,
1401.0,,Udayana University,ID,Indonesia,L,FC,MD,4,A,5.6,601,3.9,601.0,6.5,701.0,1.3,701.0,3.6,701.0,9.6,701.0,1.0,701.0,5.0,701.0,1.1,701.0,
1401.0,,Universidad Autónoma de Chile,CL,Chile,XL,FO,HI,3,B,5.5,601,2.2,601.0,4.9,701.0,2.9,701.0,11.1,701.0,1.4,701.0,1.9,701.0,8.5,701.0,1.7,701.0,
1401.0,,Universidad Autónoma de Querétaro (UAQ),MX,Mexico,L,FC,MD,4,A,4.9,601,2.9,601.0,5.2,701.0,2.4,701.0,5.4,701.0,1.6,701.0,1.0,701.0,6.0,701.0,1.0,701.0,
1401.0,,Universidad Autónoma de San Luis de Potosí,MX,Mexico,XL,FC,MD,5,A,6.2,601,2.4,601.0,5.5,701.0,2.4,701.0,1.6,701.0,1.4,701.0,1.3,701.0,3.9,701.0,1.2,701.0,
1401.0,,Universidad Autonoma de Yucatan,MX,Mexico,L,CO,HI,5,A,5.6,601,1.5,601.0,5.0,701.0,2.4,701.0,2.3,701.0,1.1,701.0,1.0,701.0,3.9,701.0,1.0,701.0,
1401.0,,Universidad Autónoma del Estado de Morelos (UAEM),MX,Mexico,L,FC,MD,4,A,4.0,601,2.2,601.0,13.0,701.0,1.6,701.0,3.2,701.0,1.1,701.0,1.1,701.0,4.0,701.0,3.8,701.0,
1401.0,1401.0,"Universidad Católica Boliviana ""San Pablo""",BO,Bolivia,L,FO,MD,4,B,5.3,601,3.2,601.0,3.9,701.0,1.1,701.0,2.5,701.0,3.0,701.0,1.0,701.0,16.1,521.0,,,
1401.0,,Universidad Católica de Colombia,CO,Colombia,M,FO,HI,4,B,6.4,601,4.9,601.0,5.2,701.0,1.5,701.0,3.2,701.0,1.3,701.0,1.0,701.0,7.9,701.0,1.6,701.0,
1401.0,,Universidad Católica de La Santísima Concepción - UCSC,CL,Chile,M,FC,HI,3,B,3.7,601,2.4,601.0,8.6,701.0,2.6,701.0,5.5,701.0,1.1,701.0,1.2,701.0,4.1,701.0,1.4,701.0,
1401.0,1401.0,Universidad Católica de Santiago de Guayaquil,EC,Ecuador,L,FO,MD,4,B,3.9,601,4.2,601.0,2.9,701.0,1.3,701.0,6.9,701.0,1.3,701.0,1.0,701.0,14.4,585.0,1.0,701.0,
1401.0,,Universidad Central de Chile,CL,Chile,L,FO,MD,3,C,4.8,601,3.2,601.0,3.2,701.0,1.7,701.0,4.2,701.0,1.9,701.0,1.0,701.0,4.1,701.0,1.0,701.0,
1401.0,,Universidad de Caldas,CO,Colombia,L,FC,MD,4,A,5.4,601,4.0,601.0,3.0,701.0,1.5,701.0,,,,,1.0,701.0,6.2,701.0,1.0,701.0,
1401.0,,Universidad de Cuenca,EC,Ecuador,L,FC,MD,5,A,6.3,601,2.3,601.0,4.4,701.0,2.3,701.0,3.3,701.0,1.5,701.0,1.1,701.0,6.1,701.0,1.1,701.0,
1401.0,,Universidad de La Salle,CO,Colombia,M,FO,HI,4,B,6.3,601,4.8,601.0,5.8,701.0,1.3,701.0,2.2,701.0,1.5,701.0,1.0,701.0,7.3,701.0,1.1,701.0,
1401.0,,Universidad de La Serena,CL,Chile,M,FO,HI,3,A,3.9,601,2.0,601.0,3.0,701.0,7.3,701.0,4.7,701.0,1.3,701.0,1.0,701.0,7.7,701.0,1.2,701.0,
1401.0,,Universidad de Santander - UDES,CO,Colombia,L,FO,MD,3,C,3.8,601,2.9,601.0,6.7,701.0,1.3,701.0,8.7,701.0,1.6,701.0,1.0,701.0,8.0,701.0,1.0,701.0,
1401.0,,Universidad de Sonora,MX,Mexico,XL,CO,HI,4,A,4.0,601,1.7,601.0,4.5,701.0,1.8,701.0,3.7,701.0,1.5,701.0,1.0,701.0,8.2,701.0,1.0,701.0,
1401.0,1401.0,Universidad de Tarapaca,CL,Chile,M,FO,VH,3,A,3.6,601,2.3,601.0,2.1,701.0,8.0,701.0,,,,,2.6,701.0,4.1,701.0,1.0,701.0,
1401.0,,Universidad del Magdalena,CO,Colombia,L,CO,MD,4,A,4.2,601,4.6,601.0,2.7,701.0,1.3,701.0,6.4,701.0,1.3,701.0,1.0,701.0,6.4,701.0,1.0,701.0,
1401.0,,Universidad del Valle de Mexico (UVM),MX,Mexico,XL,FO,MD,4,C,3.7,601,13.3,601.0,4.6,701.0,1.0,701.0,1.2,701.0,1.3,701.0,1.0,701.0,4.2,701.0,1.0,701.0,
1401.0,1401.0,Universidad Mayor de San Simón Cochabamba,BO,Bolivia,XL,CO,LO,5,A,5.0,601,2.6,601.0,1.2,701.0,1.1,701.0,,,1.1,701.0,1.0,701.0,17.1,491.0,1.0,701.0,
1401.0,1401.0,Universidad Michoacana de San Nicolás de Hidalgo,MX,Mexico,XL,FC,MD,5,A,3.9,601,1.8,601.0,2.9,701.0,2.1,701.0,,,,,1.1,701.0,3.9,701.0,1.0,701.0,
1401.0,1401.0,Universidad Nacional Autónoma de Honduras (UNAH),HN,Honduras,XL,FC,LO,5,A,4.1,601,5.0,601.0,2.9,701.0,1.0,701.0,1.7,701.0,,,1.0,701.0,22.4,369.0,1.0,701.0,
1401.0,,Universidad Nacional de Quilmes,AR,Argentina,L,FO,HI,3,A,7.4,601,2.2,601.0,3.2,701.0,1.8,701.0,3.1,701.0,1.8,701.0,1.0,701.0,5.1,701.0,1.0,701.0,
1401.0,,Universidad Nacional de Tucumán,AR,Argentina,XL,FC,MD,5,A,7.4,601,2.7,601.0,2.6,701.0,1.6,701.0,,,,,2.3,701.0,5.1,701.0,1.0,701.0,
1401.0,,Universidad Nacional del Sur,AR,Argentina,L,FC,HI,4,A,5.9,601,2.5,601.0,14.1,701.0,1.8,701.0,,,,,2.1,701.0,5.1,701.0,1.1,701.0,
1401.0,,UNIVERSIDAD POLITECNICA SALESIANA,EC,Ecuador,L,CO,MD,3,B,6.0,601,3.0,601.0,3.7,701.0,1.5,701.0,7.0,701.0,1.7,701.0,1.0,701.0,6.1,701.0,1.0,701.0,
1401.0,,Universidad Tecnica Particular De Loja (UTPL),EC,Ecuador,XL,FO,HI,4,B,5.1,601,2.8,601.0,1.2,701.0,1.6,701.0,9.3,701.0,1.3,701.0,1.0,701.0,9.5,701.0,3.9,701.0,
1401.0,1401.0,Universidad Tecnológica de Bolívar,CO,Colombia,M,FO,HI,4,B,2.6,601,5.4,601.0,2.8,701.0,2.5,701.0,8.3,701.0,6.6,701.0,1.0,701.0,9.0,701.0,1.0,701.0,
1401.0,,Universidad Tecnológica de Pereira,CO,Colombia,L,CO,MD,4,A,4.0,601,7.1,601.0,3.3,701.0,1.9,701.0,1.4,701.0,1.0,701.0,1.0,701.0,6.7,701.0,1.0,701.0,
1401.0,,Universidade do Estado de Santa Catarina,BR,Brazil,XL,CO,HI,4,A,3.9,601,1.3,601.0,20.2,660.0,1.6,701.0,,,,,1.0,701.0,5.1,701.0,1.0,701.0,
1401.0,,Universidade Estadual de Londrina,BR,Brazil,L,FC,HI,4,A,3.5,601,2.5,601.0,13.4,701.0,3.5,701.0,2.2,701.0,1.3,701.0,1.1,701.0,3.8,701.0,3.4,701.0,
1401.0,,Universidade Federal da Paraíba,BR,Brazil,XL,CO,VH,4,A,4.1,601,2.7,601.0,8.7,701.0,3.1,701.0,2.7,701.0,1.1,701.0,3.3,701.0,3.8,701.0,1.4,701.0,
1401.0,,Universidade Federal de Goiás,BR,Brazil,XL,CO,VH,4,A,3.6,601,1.6,601.0,7.1,701.0,4.2,701.0,3.7,701.0,1.3,701.0,1.5,701.0,3.8,701.0,1.4,701.0,
1401.0,,Universidade Federal de Uberlândia,BR,Brazil,L,FC,HI,3,A,3.6,601,1.9,601.0,12.6,701.0,3.5,701.0,2.2,701.0,1.3,701.0,1.8,701.0,3.8,701.0,10.9,658.0,
1401.0,,Universidade Federal do Estado do Rio de Janeiro - UNIRIO,BR,Brazil,L,FC,MD,4,A,3.2,601,1.9,601.0,10.0,701.0,2.1,701.0,,,,,1.0,701.0,3.8,701.0,1.0,701.0,
1401.0,,Universidade Federal do Parà - UFPA,BR,Brazil,XL,FC,HI,4,A,3.4,601,1.8,601.0,6.7,701.0,2.5,701.0,2.8,701.0,1.1,701.0,1.9,701.0,3.8,701.0,6.4,701.0,
1401.0,,Universidade Federal do Rio Grande Do Norte,BR,Brazil,XL,FC,HI,4,A,4.6,601,1.5,601.0,8.6,701.0,3.2,701.0,,,,,5.6,701.0,3.8,701.0,1.4,701.0,
1401.0,,Universitas Andalas,ID,Indonesia,XL,CO,HI,4,A,6.9,601,3.9,601.0,4.9,701.0,1.4,701.0,2.1,701.0,1.1,701.0,1.0,701.0,6.1,701.0,1.1,701.0,
1401.0,,Universitas Kristen Petra,ID,Indonesia,M,FO,HI,4,C,6.1,601,4.2,601.0,7.3,701.0,1.6,701.0,2.7,701.0,1.4,701.0,1.0,701.0,8.1,701.0,,,
1401.0,,Universitas Muhammadiyah Surakarta,ID,Indonesia,L,FO,HI,3,B,5.3,601,2.4,601.0,7.8,701.0,1.1,701.0,6.5,701.0,1.1,701.0,1.0,701.0,7.1,701.0,1.4,701.0,
1401.0,,Université Sorbonne Paris Nord,FR,France,,CO,,,,9.5,601,5.1,601.0,,,,,,,,,14.3,611.0,,,,,
1401.0,1401.0,University of Craiova,RO,Romania,L,CO,HI,4,A,4.1,601,2.0,601.0,2.9,701.0,2.0,701.0,,,,,1.1,701.0,7.9,701.0,1.0,701.0,
1401.0,,University of Ibadan,NG,Nigeria,,CO,,4,,9.0,601,6.6,601.0,,,,,,,,,8.2,701.0,,,,,
1401.0,,University of Kragujevac,RS,Serbia,L,FO,VH,3,A,4.0,601,2.4,601.0,10.3,701.0,3.6,701.0,1.0,701.0,1.1,701.0,2.7,701.0,9.2,701.0,1.0,701.0,
1401.0,,University of Lagos,NG,Nigeria,,CO,,,,7.4,601,5.6,601.0,,,,,,,,,1.5,701.0,,,,,
1401.0,,University of Lampung,ID,Indonesia,L,FC,MD,4,,3.4,601,1.8,601.0,4.7,701.0,1.3,701.0,1.0,701.0,1.0,701.0,1.0,701.0,5.8,701.0,,,
1401.0,,University of Mataram,ID,Indonesia,L,FO,MD,4,A,4.9,601,1.6,601.0,3.5,701.0,1.1,701.0,1.2,701.0,1.0,701.0,1.0,701.0,5.0,701.0,,,
1401.0,1401.0,University of Oradea,RO,Romania,L,FC,MD,4,A,5.0,601,2.0,601.0,3.6,701.0,1.7,701.0,1.6,701.0,7.0,701.0,1.8,701.0,5.9,701.0,2.2,701.0,
1401.0,,University of Stavanger,NO,Norway,,CO,,2,,7.2,601,5.7,601.0,,,,,,,,,26.3,489.0,,,,,
1401.0,,"University Politehnica of Timisoara, UPT",RO,Romania,M,FO,VH,5,A,4.0,601,3.4,601.0,8.6,701.0,3.6,701.0,1.2,701.0,2.9,701.0,1.3,701.0,8.5,701.0,1.0,701.0,
1401.0,,Western Washington University,US,United States,L,CO,HI,5,,2.8,601,3.4,601.0,7.0,701.0,4.3,701.0,14.5,676.0,1.4,701.0,1.0,701.0,7.3,701.0,,,
1401.0,,Zürcher Hochschule Winterthur,CH,Switzerland,,CO,,,,5.7,601,6.7,601.0,,,,,,,,,1.7,701.0,,,,,
