QS Rank,2023 RANK,Institution_name,QS Location,SIZE,FOCUS,RESEARCH,AGE,STATUS,Academic Reputation Score,Academic Reputation Rank,Employer Reputation Score,Employer Reputation Rank,Faculty Student Score,Faculty Student Rank,Citations per Faculty Score,Citations per Faculty Rank,International Faculty Score,International Faculty Rank,International Students Score,International Students Rank,International Research Network Score,International Research Network Rank,Employment Outcomes Score,Employment Outcomes Rank,Sustainability Score,Sustainability Rank,QS Overall Score,THE Rank,THE Overall Score,scores_overall_rank,scores_teaching,scores_teaching_rank,scores_research,scores_research_rank,scores_citations,scores_citations_rank,scores_industry_income,scores_industry_income_rank,scores_international_outlook,scores_international_outlook_rank,THE Location,stats_number_students,stats_student_staff_ratio,stats_pc_intl_students,stats_female_male_ratio
1,1,Massachusetts Institute of Technology (MIT) ,United States,M,CO,VH,5.0,B,100.0,4,100.0,2,100.0,16,100.0,4,100.0,56,88.2,128,94.3,58,100.0,4,95.2,51,100,,,,,,,,,,,,,,,,,,
2,2,University of Cambridge,United Kingdom,L,FC,VH,5.0,A,100.0,3,100.0,4,100.0,14,92.3,68,100.0,64,95.8,85,99.9,7,100.0,6,97.3,33=,99.2,,,,,,,,,,,,,,,,,,
3,4,University of Oxford,United Kingdom,L,FC,VH,5.0,A,100.0,2,100.0,5,100.0,8,90.6,73,98.2,110,98.2,60,100.0,1,100.0,3,97.8,26=,98.9,,,,,,,,,,,,,,,,,,
4,5,Harvard University,United States,L,FC,VH,5.0,B,100.0,1,100.0,1,98.3,44,100.0,1,84.6,210,66.8,223,100.0,5,100.0,1,96.7,39,98.3,,,,,,,,,,,,,,,,,,
5,3,Stanford University,United States,L,FC,VH,5.0,B,100.0,5,100.0,3,100.0,11,99.9,8,99.9,78,51.2,284,95.8,44,100.0,2,94.4,63,98.1,,,,,,,,,,,,,,,,,,
6,6=,Imperial College London,United Kingdom,L,FC,VH,5.0,A,98.3,23,99.4,12,98.5,42,94.0,58,100.0,61,100.0,14,96.7,35,83.0,45,94.4,61=,97.8,,,,,,,,,,,,,,,,,,
7,9,ETH Zurich - Swiss Federal Institute of Technology,Switzerland,L,FO,VH,5.0,A,98.8,19,83.6,62,72.1,177,98.9,21,100.0,22,98.5,56,96.0,42,79.1,52,88.4,103=,93.3,,,,,,,,,,,,,,,,,,
8,11,National University of Singapore (NUS),Singapore,XL,FC,VH,3.0,A,99.4,15,88.6,54,76.5,157,93.2,64,100.0,33,81.9,154,76.3,165,100.0,7,88.1,106=,92.7,,,,,,,,,,,,,,,,,,
9,8,UCL,United Kingdom,XL,FC,VH,5.0,A,99.5,13,97.9,22,98.4,43,74.3,131,99.1,96,100.0,15,100.0,2,51.6,126,92.5,74,92.4,,,,,,,,,,,,,,,,,,
10,27,"University of California, Berkeley (UCB)",United States,XL,FC,VH,5.0,A,100.0,6,100.0,6,20.5,656,99.9,7,92.2,172,63.9,235,92.4,66,98.7,15,100.0,1,90.4,,,,,,,,,,,,,,,,,,
11,10,University of Chicago,United States,L,FC,VH,5.0,B,99.1,17,95.4,38,92.5,72,78.5,122,81.2,225,84.4,145,61.4,236,98.3,17,81.7,137=,90.3,,,,,,,,,,,,,,,,,,
12,13,University of Pennsylvania,United States,L,FC,VH,5.0,B,96.4,29,89.1,52,99.9,24,68.4,153,96.0,140,70.3,208,83.3,129,100.0,5,99.9,3=,89.4,,,,,,,,,,,,,,,,,,
13,20,Cornell University,United States,L,FC,VH,5.0,B,98.1,26,90.5,47,52.9,297,99.1,18,68.7,283,64.0,234,79.9,144,98.0,18,94.7,58=,89.3,,,,,,,,,,,,,,,,,,
14,33,The University of Melbourne,Australia,XL,FC,VH,5.0,A,98.4,21,92.3,45,15.4,701+,92.1,69,92.9,166,99.7,36,97.2,30,93.3,31,90.4,92=,87.9,,,,,,,,,,,,,,,,,,
15,6=,California Institute of Technology (Caltech),United States,S,CO,VH,5.0,B,96.1,30,93.7,41,100.0,5,100.0,3,100.0,63,81.0,159,22.8,521,34.2,225,41.4,357,87.8,,,,,,,,,,,,,,,,,,
16,18,Yale University,United States,M,FC,VH,5.0,B,99.9,9,99.9,7,100.0,3,45.8,293,89.8,184,78.8,169,85.8,112,99.9,9,99.2,13,87.7,,,,,,,,,,,,,,,,,,
17,12,Peking University,China (Mainland),XL,FC,VH,5.0,A,99.4,14,95.4,37,90.4,85,97.5,38,50.8,354,23.5,492,43.2,353,82.6,46,68.8,212,87,,,,,,,,,,,,,,,,,,
17,16=,Princeton University,United States,M,CO,VH,5.0,B,99.8,10,97.5,23,64.5,216,100.0,2,16.7,640,57.5,261,52.5,298,94.6,27,79.3,155,87,,,,,,,,,,,,,,,,,,
19,45,The University of New South Wales (UNSW Sydney),Australia,XL,FC,VH,4.0,A,89.7,45,88.1,55,18.2,701+,95.9,47,100.0,55,99.1,50,99.0,15,95.5,25,99.6,10,86.7,,,,,,,,,,,,,,,,,,
19,41,The University of Sydney,Australia,XL,FC,VH,5.0,A,96.0,31,87.7,57,11.8,701+,93.5,63,99.5,89,100.0,13,91.9,70,88.1,42,99.7,7,86.7,,,,,,,,,,,,,,,,,,
21,34=,University of Toronto,Canada,XL,FC,VH,5.0,A,99.7,11,96.0,33,54.2,283,57.2,226,95.7,145,96.4,80,95.5,46,96.4,22,99.9,2,86.3,,,,,,,,,,,,,,,,,,
22,15,The University of Edinburgh,United Kingdom,XL,FC,VH,5.0,A,98.1,25,96.9,26,72.4,176,58.7,216,98.8,100,99.9,33,99.6,12,48.1,141,99.7,6,86.1,,,,,,,,,,,,,,,,,,
23,22,Columbia University,United States,XL,FC,VH,5.0,B,99.6,12,98.3,16,100.0,15,40.7,339,56.1,332,96.8,76,97.6,25,99.9,10,94.2,64=,85.9,,,,,,,,,,,,,,,,,,
24,26,Université PSL,France,L,CO,VH,1.0,A,73.7,82,97.0,25,99.3,33,95.7,49,69.2,280,72.7,196,100.0,3,60.8,97,80.4,146=,85.8,,,,,,,,,,,,,,,,,,
25,14,Tsinghua University,China (Mainland),XL,FC,VH,4.0,A,99.1,16,96.9,27,93.9,67,98.9,22,9.4,701+,15.7,603,47.8,328,82.2,47,55.8,271=,84.9,,,,,,,,,,,,,,,,,,
26,19,"Nanyang Technological University, Singapore (NTU)",Singapore,L,FC,VH,3.0,A,91.0,42,67.1,115,77.6,149,94.4,56,100.0,35,80.2,161,66.1,212,68.4,79,78.2,160=,84.5,,,,,,,,,,,,,,,,,,
26,21,The University of Hong Kong,Hong Kong SAR,L,FC,VH,5.0,A,97.6,27,51.4,159,82.9,121,82.3,102,100.0,28,99.0,52,42.7,355,99.5,14,97.3,32,84.5,,,,,,,,,,,,,,,,,,
28,24,Johns Hopkins University,United States,L,FC,VH,5.0,B,87.3,51,59.7,134,100.0,8,89.4,77,64.4,300,91.4,111,98.1,21,74.5,60,84.6,122,84.5,,,,,,,,,,,,,,,,,,
28,23,The University of Tokyo,Japan,L,FC,VH,5.0,A,100.0,7,99.8,9,90.4,84,70.0,148,10.3,701+,29.2,427,70.0,196,99.8,11,99.7,5,84.3,,,,,,,,,,,,,,,,,,
29,44,"University of California, Los Angeles (UCLA)",United States,XL,FC,VH,5.0,A,100.0,8,99.8,8,36.6,435,84.8,96,43.4,386,24.8,477,89.8,86,97.0,20,91.2,86,83.8,,,,,,,,,,,,,,,,,,
30,31,McGill University,Canada,XL,FC,VH,5.0,A,93.7,34,87.6,58,64.0,219,62.1,195,88.9,188,93.3,98,86.2,107,92.5,33,94.2,64=,83.7,,,,,,,,,,,,,,,,,,
32,28,The University of Manchester,United Kingdom,XL,FC,VH,5.0,A,95.4,33,98.0,21,53.8,288,49.1,274,93.5,160,99.4,44,99.7,10,71.9,66,92.3,75=,82.2,,,,,,,,,,,,,,,,,,
33,25,University of Michigan-Ann Arbor,United States,XL,FC,VH,5.0,A,98.3,22,89.9,48,82.2,127,56.2,231,67.0,292,27.6,445,95.4,48,94.3,29,83.7,126=,81.7,,,,,,,,,,,,,,,,,,
34,30,The Australian National University,Australia,L,FC,VH,4.0,A,93.2,37,70.2,102,34.9,455,92.8,65,100.0,38,93.3,97,78.5,156,43.9,164,87.4,108=,81.5,,,,,,,,,,,,,,,,,,
34,47,University of British Columbia,Canada,XL,FC,VH,5.0,A,98.2,24,93.5,43,44.4,354,57.0,227,96.4,134,74.1,189,96.3,37,60.1,99,99.9,3=,81.5,,,,,,,,,,,,,,,,,,
36,16=,EPFL,Switzerland,M,FO,VH,5.0,A,84.6,57,59.9,133,92.4,73,98.0,34,100.0,25,100.0,12,65.6,213,19.4,431,42.3,351=,80.4,,,,,,,,,,,,,,,,,,
37,49,Technical University of Munich,Germany,XL,FO,VH,5.0,A,83.9,59,98.2,19,88.8,89,59.6,210,76.5,243,97.3,71,86.7,103,25.0,330,84.8,120=,80,,,,,,,,,,,,,,,,,,
38,48,Institut Polytechnique de Paris,France,M,CO,VH,1.0,A,44.8,185,99.6,10,97.3,51,93.8,59,98.5,106,98.3,58,76.9,163,90.3,35,72.5,189=,79.5,,,,,,,,,,,,,,,,,,
38,39,New York University (NYU),United States,XL,FC,VH,5.0,B,95.9,32,98.5,15,95.5,60,26.7,465,26.4,518,95.0,87,85.4,114,99.7,13,98.3,20,79.5,,,,,,,,,,,,,,,,,,
40,37,King's College London,United Kingdom,XL,FC,VH,5.0,A,89.5,46,82.3,68,64.6,215,61.1,201,98.8,99,100.0,23,99.2,14,34.4,223,81.1,142=,79.3,,,,,,,,,,,,,,,,,,
41,29,Seoul National University,South Korea,L,FC,VH,4.0,A,99.0,18,98.2,17,85.1,105,64.9,175,11.5,701+,14.5,631,36.9,401,100.0,8,73.8,181,78.5,,,,,,,,,,,,,,,,,,
42,57,Monash University,Australia,XL,FC,VH,4.0,A,88.4,49,75.2,84,9.6,701+,88.4,81,100.0,50,100.0,19,86.8,102,61.0,95,71.8,194=,78.2,,,,,,,,,,,,,,,,,,
43,50=,The University of Queensland,Australia,XL,FC,VH,5.0,A,87.1,52,73.7,89,21.6,635,87.0,84,100.0,41,100.0,22,95.0,53,44.4,163,73.1,187=,78.1,,,,,,,,,,,,,,,,,,
44,42=,Zhejiang University,China (Mainland),XL,FC,VH,4.0,A,73.8,81,95.7,36,66.5,198,97.6,37,97.7,120,26.5,456,74.7,174,37.7,194,51.5,297=,77.8,,,,,,,,,,,,,,,,,,
45,56,The London School of Economics and Political Science (LSE),United Kingdom,M,SP,VH,5.0,A,67.7,98,96.1,32,39.6,401,80.2,110,100.0,35,100.0,10,32.4,440,98.6,16,97.8,28,76.9,,,,,,,,,,,,,,,,,,
46,36,Kyoto University,Japan,L,FC,VH,5.0,A,98.7,20,99.1,14,94.7,63,49.3,270,14.9,670,20.8,538,57.3,266,53.2,118,88.4,103=,76.3,,,,,,,,,,,,,,,,,,
47,61=,Delft University of Technology,Netherlands,L,CO,VH,5.0,A,73.0,84,79.0,73,36.9,428,84.9,95,100.0,66,89.3,121,91.4,72,42.1,170,98.4,18=,76.2,,,,,,,,,,,,,,,,,,
47,32,Northwestern University,United States,L,FC,VH,5.0,B,83.8,60,60.2,132,98.9,39,70.3,147,48.2,364,44.2,327,79.2,152,97.7,19,78.0,162,76.2,,,,,,,,,,,,,,,,,,
47,38,The Chinese University of Hong Kong (CUHK),Hong Kong SAR,L,FC,VH,4.0,A,88.4,50,46.3,190,60.0,236,92.3,67,100.0,57,77.1,174,32.7,438,78.6,53,61.3,246=,76.2,,,,,,,,,,,,,,,,,,
50,34=,Fudan University,China (Mainland),XL,FC,VH,4.0,A,84.7,55,89.8,49,84.5,108,72.4,136,88.3,193,33.0,393,22.7,522,49.6,134,43.8,341,74.4,,,,,,,,,,,,,,,,,,
51,46,Shanghai Jiao Tong University,China (Mainland),XL,FC,VH,4.0,A,83.7,61,83.3,64,54.7,279,99.4,15,39.2,415,35.5,377,38.3,390,55.5,113,44.1,339=,74.3,,,,,,,,,,,,,,,,,,
52,52,Carnegie Mellon University,United States,L,FC,VH,5.0,B,71.2,87,75.3,83,49.1,319,99.9,10,46.6,371,98.2,59,57.4,264,60.0,100,47.2,323=,73.7,,,,,,,,,,,,,,,,,,
53,58,University of Amsterdam,Netherlands,XL,FC,VH,5.0,A,83.6,62,44.2,203,21.2,641,98.1,33,92.4,168,79.9,163,97.4,28,49.9,133,64.8,226=,73.4,,,,,,,,,,,,,,,,,,
54,59,Ludwig-Maximilians-Universität München,Germany,XL,FC,VH,5.0,A,92.7,40,83.5,63,46.7,335,51.4,254,73.3,260,37.7,362,94.4,57,48.5,140,77.3,167=,72.5,,,,,,,,,,,,,,,,,,
55,61=,University of Bristol,United Kingdom,L,FC,VH,5.0,A,74.9,78,84.7,60,47.3,331,64.7,179,85.5,205,86.8,136,84.4,122,39.6,181,81.3,141,72.4,,,,,,,,,,,,,,,,,,
56,42=,KAIST - Korea Advanced Institute of Science & Technology,South Korea,M,CO,VH,4.0,A,89.9,44,88.8,53,66.2,202,97.7,35,22.3,570,11.6,682,10.6,662,41.8,174,14.2,621=,72.2,,,,,,,,,,,,,,,,,,
57,50=,Duke University,United States,L,FC,VH,5.0,B,85.7,53,69.3,106,100.0,7,40.2,344,16.8,634,52.2,278,90.0,82,89.3,37,95.0,53=,72,,,,,,,,,,,,,,,,,,
58,72,University of Texas at Austin,United States,XL,FC,VH,5.0,A,93.5,35,83.2,65,8.9,701+,86.7,85,9.3,701+,11.0,691,79.4,147,70.0,73,77.7,163=,71.8,,,,,,,,,,,,,,,,,,
59,60,Sorbonne University,France,XL,FC,VH,1.0,A,88.6,48,53.2,151,43.3,361,85.4,93,35.2,451,49.8,297,100.0,4,39.5,182,75.8,171=,71.7,,,,,,,,,,,,,,,,,,
60,40,The Hong Kong University of Science and Technology,Hong Kong SAR,M,CO,VH,3.0,A,83.3,63,42.6,216,53.6,289,99.1,20,100.0,19,91.4,111,5.3,701+,50.3,131,31.0,432=,71.1,,,,,,,,,,,,,,,,,,
61,76,KU Leuven,Belgium,XL,FC,VH,5.0,A,84.6,56,42.4,220,7.0,701+,92.7,66,93.1,163,45.7,318,99.9,6,56.1,111,75.6,173=,70.1,,,,,,,,,,,,,,,,,,
62,53,"University of California, San Diego (UCSD)",United States,XL,FC,VH,4.0,A,89.1,47,50.4,167,49.6,313,74.3,130,68.1,285,51.3,282,94.9,55,17.7,471,72.5,189=,70,,,,,,,,,,,,,,,,,,
63,80,University of Washington,United States,XL,FC,VH,5.0,A,84.0,58,50.4,168,19.1,692,93.5,62,19.0,600,33.2,392,94.0,59,70.0,74,88.1,106=,69.2,,,,,,,,,,,,,,,,,,
64,85,University of Illinois at Urbana-Champaign,United States,XL,FC,VH,5.0,A,85.0,54,70.8,100,7.5,701+,86.5,86,11.1,701+,49.2,303,76.4,164,66.0,84,83.5,128=,69.1,,,,,,,,,,,,,,,,,,
65,65=,The Hong Kong Polytechnic University,Hong Kong SAR,L,CO,VH,3.0,A,68.1,97,30.2,323,68.0,192,88.8,77,100.0,40,87.4,133,42.0,362,49.2,138,92.8,73,68.7,,,,,,,,,,,,,,,,,,
65,70,Universiti Malaya (UM),Malaysia,L,FC,VH,4.0,A,81.2,68,96.0,34,71.6,178,32.7,416,52.8,346,58.9,254,79.3,148,28.1,286,93.4,68,68.7,,,,,,,,,,,,,,,,,,
67,64,The University of Warwick,United Kingdom,L,FC,VH,4.0,A,71.3,86,88.0,56,37.3,420,49.0,275,98.2,109,99.3,47,89.7,87,47.2,148,62.5,239=,68.6,,,,,,,,,,,,,,,,,,
68,87,The University of Auckland,New Zealand,L,FC,VH,5.0,A,81.6,65,40.8,231,19.3,687,61.7,198,100.0,68,91.6,108,64.4,220,94.3,28,99.6,9,68,,,,,,,,,,,,,,,,,,
69,77,National Taiwan University (NTU),Taiwan,XL,FC,VH,4.0,A,92.8,39,91.3,46,30.9,508,47.0,288,17.7,619,20.0,547,33.2,431,99.7,12,95.6,49,67.9,,,,,,,,,,,,,,,,,,
70,54,City University of Hong Kong,Hong Kong SAR,M,CO,VH,3.0,A,59.6,122,27.3,356,86.6,99,99.9,9,100.0,17,100.0,2,17.4,570,29.5,269,82.1,136,67.7,,,,,,,,,,,,,,,,,,
71,69,Université Paris-Saclay,France,XL,CO,VH,1.0,A,58.9,128,99.1,13,99.8,25,45.8,294,39.1,416,60.8,244,98.7,17,34.3,224,73.6,182=,67.6,,,,,,,,,,,,,,,,,,
72,90,The University of Western Australia,Australia,L,FC,VH,5.0,A,56.2,138,44.6,200,16.5,701+,98.9,23,100.0,29,99.8,34,90.0,83,66.0,82,70.1,204=,66.9,,,,,,,,,,,,,,,,,,
73,63,Brown University,United States,M,FC,VH,5.0,B,58.3,131,42.4,221,77.8,145,85.9,89,84.5,212,52.0,279,58.3,258,74.8,59,70.4,201=,66.4,,,,,,,,,,,,,,,,,,
73,89,KTH Royal Institute of Technology ,Sweden,L,CO,VH,5.0,A,45.7,181,51.1,162,66.2,201,90.2,74,93.2,162,68.1,217,80.7,142,56.9,108,96.1,44=,66.4,,,,,,,,,,,,,,,,,,
75,86,University of Leeds,United Kingdom,XL,FC,VH,5.0,A,70.3,89,76.7,77,37.3,421,42.3,320,85.2,208,90.0,118,98.7,16,37.8,193,90.9,88,65.5,,,,,,,,,,,,,,,,,,
76,81,University of Glasgow,United Kingdom,XL,FC,VH,5.0,A,76.3,77,70.7,101,41.7,377,31.8,423,96.0,143,99.5,41,90.0,80,26.7,306,99.5,11,65.2,,,,,,,,,,,,,,,,,,
76,73,Yonsei University,South Korea,L,FC,VH,4.0,B,80.0,72,96.3,31,87.4,97,36.2,385,19.6,594,49.7,298,25.0,498,70.9,69,38.1,377=,65.2,,,,,,,,,,,,,,,,,,
78,92,Durham University,United Kingdom,L,FC,VH,5.0,A,59.5,124,89.3,50,27.8,548,53.3,241,97.5,125,86.9,135,86.2,108,29.2,274,97.6,30=,65.1,,,,,,,,,,,,,,,,,,
79,74,Korea University,South Korea,L,FC,VH,4.0,B,82.2,64,94.0,40,81.0,137,36.6,382,13.6,694,36.3,370,19.6,546,70.6,71,58.6,255=,64.7,,,,,,,,,,,,,,,,,,
80,68,Osaka University,Japan,L,FC,VH,4.0,A,81.3,67,89.1,51,55.3,272,62.7,191,28.6,498,13.2,658,26.7,486,23.4,361,58.6,255=,63.9,,,,,,,,,,,,,,,,,,
81,98,"Trinity College Dublin, The University of Dublin",Ireland,L,FC,VH,5.0,A,69.3,92,39.8,238,23.7,601,64.1,184,99.8,79,92.5,104,82.2,132,70.6,70,75.6,173=,63.5,,,,,,,,,,,,,,,,,,
81,78,University of Southampton,United Kingdom,L,FC,VH,5.0,A,51.5,154,51.2,160,52.8,298,71.4,140,96.1,138,97.4,70,97.0,31,32.5,235,82.7,133=,63.5,,,,,,,,,,,,,,,,,,
83,93,Pennsylvania State University,United States,XL,FC,VH,5.0,A,77.5,76,63.0,126,28.4,540,62.9,189,23.4,560,26.8,449,96.6,36,47.5,145,95.1,52,63.1,,,,,,,,,,,,,,,,,,
84,91,University of Birmingham,United Kingdom,XL,FC,VH,5.0,A,67.5,99,75.7,81,41.3,379,38.2,364,92.3,169,83.9,148,96.0,41,29.5,270,80.4,146=,63,,,,,,,,,,,,,,,,,,
85,95,Lund University,Sweden,L,FC,VH,5.0,A,69.3,93,47.5,185,50.2,310,37.7,373,98.8,102,77.4,173,95.2,52,66.0,83,99.1,14,62.8,,,,,,,,,,,,,,,,,,
85,115,Universidade de São Paulo,Brazil,XL,FC,VH,4.0,A,92.4,41,82.9,66,19.2,688,29.9,434,6.0,701+,2.3,701+,90.9,76,89.7,36,96.1,44=,62.8,,,,,,,,,,,,,,,,,,
87,75,Lomonosov Moscow State University,Russia,XL,FC,VH,5.0,A,81.2,69,78.3,74,99.8,26,4.6,701+,20.3,587,92.3,105,85.2,115,82.2,48,13.4,631=,62.2,,,,,,,,,,,,,,,,,,
87,65=,Ruprecht-Karls-Universität Heidelberg,Germany,L,FO,VH,5.0,A,78.3,75,52.0,156,99.7,29,38.2,365,52.5,349,50.4,290,89.7,88,19.8,423,42.6,345=,62.2,,,,,,,,,,,,,,,,,,
89,109,The University of Adelaide,Australia,L,FC,VH,5.0,A,54.2,144,36.5,267,16.2,701+,87.1,83,100.0,69,99.6,40,78.8,154,38.4,191,96.3,42,62,,,,,,,,,,,,,,,,,,
90,137,University of Technology Sydney,Australia,L,CO,VH,3.0,A,43.4,195,57.8,143,9.0,701+,95.3,52,96.6,132,93.6,95,79.7,146,30.1,260,93.1,72,61.8,,,,,,,,,,,,,,,,,,
91,55,Tokyo Institute of Technology (Tokyo Tech),Japan,M,CO,VH,4.0,A,74.4,79,94.8,39,84.4,109,53.0,244,31.8,475,31.7,404,8.9,701+,19.7,425,18.0,567=,61.6,,,,,,,,,,,,,,,,,,
91,83=,University of Zurich,Switzerland,L,FC,VH,5.0,A,59.1,126,27.6,352,89.9,88,52.0,248,100.0,60,53.0,274,87.2,100,75.2,58,80.2,149,61.6,,,,,,,,,,,,,,,,,,
93,108,Boston University,United States,L,FC,VH,5.0,B,61.7,113,68.3,109,32.7,485,60.1,204,21.6,576,87.5,132,72.6,187,68.6,76,85.9,113=,61.4,,,,,,,,,,,,,,,,,,
93,104=,Universidad Nacional Autónoma de México (UNAM),Mexico,XL,FC,VH,5.0,A,96.6,28,98.2,18,39.8,397,2.7,701+,8.3,701+,2.5,701+,84.5,120,68.4,78,88.5,101=,61.4,,,,,,,,,,,,,,,,,,
95,67,Universidad de Buenos Aires (UBA),Argentina,XL,FC,VH,5.0,A,93.3,36,98.0,20,73.5,170,1.7,701+,62.6,309,66.7,224,28.1,470,26.2,311,18.8,555=,61,,,,,,,,,,,,,,,,,,
95,96=,University of St Andrews,United Kingdom,M,FO,VH,5.0,A,47.3,173,67.2,114,64.9,212,57.7,223,98.7,103,100.0,29,51.1,306,22.4,370,92.1,77=,61,,,,,,,,,,,,,,,,,,
97,88,Georgia Institute of Technology,United States,L,CO,VH,5.0,A,67.4,100,85.1,59,15.3,701+,67.1,163,38.8,417,65.4,230,33.2,432,41.7,175,70.4,201=,60.9,,,,,,,,,,,,,,,,,,
98,118=,Freie Universitaet Berlin,Germany,L,FC,VH,4.0,A,80.8,70,51.0,163,4.4,701+,71.4,141,62.8,308,43.6,332,84.9,118,21.9,378,60.1,251,60.8,,,,,,,,,,,,,,,,,,
99,129=,Purdue University,United States,XL,FC,VH,5.0,A,63.9,108,81.2,71,10.3,701+,68.4,155,41.5,398,45.8,317,75.4,170,53.4,117,67.4,215=,60.7,,,,,,,,,,,,,,,,,,
100,71,Pohang University of Science And Technology (POSTECH),South Korea,S,FO,VH,3.0,B,51.6,153,75.9,79,99.9,21,98.3,29,33.8,464,2.6,701+,1.3,701+,13.4,637,16.9,581=,60.4,,,,,,,,,,,,,,,,,,
100,114,University of Nottingham,United Kingdom,XL,FC,VH,5.0,A,60.7,116,72.1,96,32.2,492,46.5,290,90.0,183,75.2,185,98.4,18,24.4,342,80.0,150=,60.4,,,,,,,,,,,,,,,,,,
102,83=,University of Wisconsin-Madison,United States,XL,FC,VH,5.0,A,80.2,71,47.8,182,61.3,229,37.4,376,30.9,483,22.8,501,83.6,126,73.1,61,83.7,126=,60,,,,,,,,,,,,,,,,,,
103,121,Pontificia Universidad Católica de Chile (UC),Chile,L,FC,VH,5.0,B,92.9,38,99.5,11,20.6,654,11.6,701+,16.4,645,3.5,701+,56.8,270,76.3,56,91.3,84=,59.9,,,,,,,,,,,,,,,,,,
104,96=,The University of Sheffield,United Kingdom,L,FC,VH,5.0,A,58.7,130,52.3,153,54.7,278,46.9,289,84.0,218,97.5,69,96.1,38,24.9,332,76.3,169,59.7,,,,,,,,,,,,,,,,,,
105,128,Uppsala University,Sweden,L,FC,VH,5.0,A,62.7,111,30.5,320,47.7,330,45.6,296,98.3,108,82.4,152,95.5,47,58.2,105,99.4,12,59.4,,,,,,,,,,,,,,,,,,
106,147=,RWTH Aachen University,Germany,XL,FC,VH,5.0,A,49.7,163,93.0,44,5.5,701+,78.7,120,49.0,362,83.0,151,63.5,223,23.9,354,53.4,288=,59.3,,,,,,,,,,,,,,,,,,
107,82,University of Copenhagen,Denmark,XL,FC,VH,5.0,A,74.1,80,25.8,371,100.0,19,21.2,543,91.4,175,22.5,506,98.2,19,60.1,98,87.4,108=,58.8,,,,,,,,,,,,,,,,,,
107,112=,Utrecht University,Netherlands,XL,FC,VH,5.0,A,66.6,102,31.6,311,32.6,487,80.8,108,57.1,323,21.2,531,95.0,54,26.5,309,83.5,128=,58.8,,,,,,,,,,,,,,,,,,
109,116=,Aalto University,Finland,L,FO,VH,2.0,A,44.6,187,41.8,223,40.2,391,79.4,112,95.5,147,37.7,363,56.2,277,88.9,39,95.0,53=,58.7,,,,,,,,,,,,,,,,,,
110,122,Newcastle University,United Kingdom,L,FC,VH,4.0,A,48.0,170,74.5,87,35.6,445,50.2,264,90.0,182,70.9,203,96.1,39,24.1,349,98.8,17,58.6,,,,,,,,,,,,,,,,,,
111,110,University of Alberta,Canada,XL,FC,VH,5.0,A,56.8,135,36.5,266,42.8,370,59.1,213,97.9,116,73.2,193,92.1,68,46.0,152,76.1,170,58.3,,,,,,,,,,,,,,,,,,
112,154,University of Waterloo,Canada,XL,CO,VH,4.0,A,40.7,208,66.7,117,6.8,701+,82.9,100,76.8,241,77.9,172,55.4,281,55.9,112,97.1,36=,58.1,,,,,,,,,,,,,,,,,,
113,79,Tohoku University,Japan,L,FC,VH,5.0,A,72.4,85,84.2,61,98.5,41,29.6,436,14.2,683,13.8,647,27.6,474,17.2,486,74.8,177=,58,,,,,,,,,,,,,,,,,,
114,172=,Western University,Canada,XL,FC,VH,5.0,A,32.1,273,47.4,186,3.7,701+,98.3,30,99.7,86,54.6,268,56.4,274,93.3,30,99.6,8,57.4,,,,,,,,,,,,,,,,,,
115,106=,University of Helsinki,Finland,L,CO,VH,5.0,A,65.1,105,32.3,304,63.4,223,49.8,265,71.5,268,5.4,701+,96.0,40,65.7,86,82.7,133=,57.2,,,,,,,,,,,,,,,,,,
116,134,University of Southern California,United States,XL,FC,VH,5.0,B,52.5,150,47.6,183,21.7,634,68.0,157,31.8,474,73.5,191,62.8,228,93.1,32,98.9,15,57.1,,,,,,,,,,,,,,,,,,
117,101,University of Oslo,Norway,L,FC,VH,5.0,A,55.8,139,11.2,601+,81.7,132,64.2,183,86.1,202,25.4,472,95.9,43,41.8,173,91.8,80=,56.9,,,,,,,,,,,,,,,,,,
118,153,Stockholm University,Sweden,L,CO,VH,4.0,A,54.1,145,15.2,543,28.2,543,71.9,138,81.5,223,84.1,147,95.3,51,76.2,57,75.1,175=,56.8,,,,,,,,,,,,,,,,,,
119,141=,"KIT, Karlsruhe Institute of Technology",Germany,L,CO,VH,4.0,A,45.6,182,76.8,76,36.0,443,71.9,139,70.4,275,46.7,312,76.0,166,38.7,187,23.9,504=,56.4,,,,,,,,,,,,,,,,,,
120,131=,Humboldt-Universität zu Berlin,Germany,XL,FC,VH,5.0,A,90.2,43,65.9,120,7.6,701+,31.3,425,68.1,286,31.5,406,86.0,110,14.4,586,37.5,382=,56.3,,,,,,,,,,,,,,,,,,
121,104=,Technical University of Denmark,Denmark,M,FO,VH,5.0,A,32.5,270,16.3,525,99.8,27,83.4,99,100.0,53,82.0,153,71.6,189,28.9,275,54.9,277=,56.2,,,,,,,,,,,,,,,,,,
122,146,Lancaster University,United Kingdom,L,FC,VH,4.0,A,39.7,215,40.2,236,25.2,581,79.3,115,93.6,157,90.6,116,75.3,171,20.7,400,98.0,24,55.7,,,,,,,,,,,,,,,,,,
123,139,Politecnico di Milano,Italy,XL,FO,VH,5.0,A,69.3,94,71.2,99,5.2,701+,48.3,282,63.8,302,56.6,262,75.1,173,36.9,201,29.4,453=,55.2,,,,,,,,,,,,,,,,,,
124,138,Eindhoven University of Technology,Netherlands,M,FO,VH,4.0,A,29.3,295,76.2,78,40.4,390,89.7,75,100.0,30,70.8,205,40.1,377,19.7,426,18.0,567=,55,,,,,,,,,,,,,,,,,,
124,136,University of Basel,Switzerland,M,FC,VH,5.0,A,27.8,314,17.8,494,57.4,253,96.5,44,100.0,34,85.0,143,74.4,175,41.1,179,70.4,201=,55,,,,,,,,,,,,,,,,,,
126,131=,Leiden University,Netherlands,XL,FC,VH,5.0,A,69.1,95,26.8,362,20.2,659,62.7,190,85.5,204,50.2,292,93.7,61,26.9,303,46.0,331=,54.8,,,,,,,,,,,,,,,,,,
126,120,University of Bern,Switzerland,M,FO,VH,5.0,A,30.5,284,24.4,396,54.6,280,99.2,17,100.0,42,36.9,369,89.1,89,26.1,313,73.6,182=,54.8,,,,,,,,,,,,,,,,,,
128,125=,University of Geneva,Switzerland,L,FC,VH,5.0,A,45.1,184,14.1,579,42.0,374,75.4,127,100.0,45,96.3,81,87.3,99,31.0,246,63.1,232=,54.2,,,,,,,,,,,,,,,,,,
129,125=,Chalmers University of Technology,Sweden,M,FO,VH,5.0,B,26.6,326,51.5,158,51.1,306,80.9,107,100.0,49,67.4,220,52.2,299,28.7,278,82.9,132,54,,,,,,,,,,,,,,,,,,
130,195=,Macquarie University,Australia,L,FC,VH,4.0,A,31.6,276,41.0,228,10.3,701+,81.3,105,98.6,104,93.6,94,81.4,139,43.2,167,91.8,80=,53.7,,,,,,,,,,,,,,,,,,
130,151,University of Vienna,Austria,XL,FC,VH,5.0,A,70.8,88,42.5,217,22.0,629,14.5,646,99.3,92,88.1,129,93.5,62,56.8,109,74.1,180,53.7,,,,,,,,,,,,,,,,,,
132,102=,"University of California, Davis",United States,XL,FC,VH,5.0,A,63.9,107,44.7,199,30.4,518,40.7,338,70.3,276,49.3,301,77.8,159,19.0,439,98.9,16,53.2,,,,,,,,,,,,,,,,,,
132,102=,"University of North Carolina, Chapel Hill",United States,XL,FC,VH,5.0,A,63.0,110,33.9,290,72.9,171,42.5,316,24.7,541,10.1,701+,82.2,133,47.9,142,96.8,38,53.2,,,,,,,,,,,,,,,,,,
134,171,Sapienza University of Rome,Italy,XL,FC,VH,5.0,A,79.2,74,41.0,229,4.6,701+,44.9,301,3.0,701+,10.8,697,96.9,33,59.8,101,92.0,79,52.9,,,,,,,,,,,,,,,,,,
134,164=,Texas A&M University,United States,XL,FC,VH,5.0,A,62.0,112,59.6,135,4.5,701+,68.4,152,23.1,564,13.3,656,88.4,93,30.1,259,61.3,246=,52.9,,,,,,,,,,,,,,,,,,
136,159,Michigan State University,United States,XL,FC,VH,5.0,A,59.9,120,49.4,174,11.3,701+,58.0,221,58.6,320,12.8,665,95.6,45,45.5,153,71.2,199,52.7,,,,,,,,,,,,,,,,,,
137,143=,Universiti Sains Malaysia (USM),Malaysia,L,FC,VH,4.0,A,61.4,115,74.7,86,55.2,273,16.2,613,24.9,538,88.9,124,59.6,246,18.2,462,85.5,116,52.6,,,,,,,,,,,,,,,,,,
137,94,University of Science and Technology of China,China (Mainland),L,CO,VH,4.0,A,52.5,149,17.5,500,91.2,80,98.5,26,16.8,639,5.2,701+,32.2,444,24.8,335,21.6,528=,52.6,,,,,,,,,,,,,,,,,,
139,145,University of Groningen,Netherlands,XL,FC,VH,5.0,A,52.9,148,29.9,326,51.4,304,42.9,311,93.5,159,85.6,140,92.1,67,22.3,372,67.7,214,52.5,,,,,,,,,,,,,,,,,,
140,190=,RMIT University,Australia,XL,CO,VH,3.0,A,38.6,223,49.6,173,5.4,701+,68.6,151,100.0,37,92.8,102,57.3,267,28.8,277,96.2,43,52.4,,,,,,,,,,,,,,,,,,
141,133,Nanjing University,China (Mainland),XL,FC,VH,5.0,A,59.6,123,25.4,378,31.3,504,96.9,42,55.1,334,7.3,701+,26.4,488,23.7,356,39.0,367=,52.1,,,,,,,,,,,,,,,,,,
141,116=,Université de Montréal ,Canada,XL,FC,VH,5.0,A,56.6,136,34.5,283,77.0,154,24.9,491,88.4,191,52.2,277,65.2,216,36.0,205,95.5,50,52.1,,,,,,,,,,,,,,,,,,
143,161,Aarhus University,Denmark,L,FC,VH,4.0,A,55.8,140,24.7,387,32.5,490,54.1,238,90.3,181,13.1,661,94.8,56,45.1,156,98.4,18=,52,,,,,,,,,,,,,,,,,,
143,106=,King Abdulaziz University (KAU),Saudi Arabia,XL,FC,VH,4.0,A,54.5,143,61.6,127,52.5,300,37.5,374,97.5,124,23.1,500,84.4,121,17.3,483,43.5,342=,52,,,,,,,,,,,,,,,,,,
145,125=,Queen Mary University of London,United Kingdom,L,FC,VH,5.0,A,48.8,168,32.8,300,38.7,409,50.7,260,99.7,85,99.4,43,72.8,184,16.8,506,69.9,207=,51.9,,,,,,,,,,,,,,,,,,
145,100,Rice University,United States,M,FC,VH,5.0,B,38.7,222,22.9,415,65.9,205,82.5,101,91.0,176,94.8,89,9.8,671,30.0,262,42.6,345=,51.9,,,,,,,,,,,,,,,,,,
145,99,Sungkyunkwan University(SKKU),South Korea,L,FC,VH,5.0,B,64.2,106,71.6,98,81.8,129,37.9,369,17.8,618,34.0,387,9.8,672,26.8,304,27.6,471=,51.9,,,,,,,,,,,,,,,,,,
148,179=,University of Bath,United Kingdom,L,CO,VH,4.0,A,35.6,244,74.3,88,16.1,701+,61.9,196,96.3,136,81.6,155,59.3,251,26.5,310,48.4,316=,51.8,,,,,,,,,,,,,,,,,,
149,172=,Indian Institute of Technology Bombay (IITB),India,L,CO,VH,4.0,A,55.5,141,81.9,69,18.9,697,73.1,133,4.7,701+,1.4,701+,8.5,701+,47.4,146,54.9,277=,51.7,,,,,,,,,,,,,,,,,,
149,178,Universitat Autònoma de Barcelona,Spain,XL,FC,VH,4.0,A,63.2,109,39.0,246,10.6,701+,70.6,145,18.0,615,17.4,582,84.2,123,13.7,623,94.6,60,51.7,,,,,,,,,,,,,,,,,,
151,140,The Ohio State University,United States,XL,FC,VH,5.0,A,59.4,125,55.8,148,53.8,287,30.8,429,49.7,359,16.5,590,85.0,116,35.2,216,78.4,158=,51.3,,,,,,,,,,,,,,,,,,
151,124,Wageningen University & Research,Netherlands,L,FO,VH,5.0,A,43.3,196,19.0,472,97.9,47,46.0,292,55.0,336,78.5,170,97.8,22,19.0,438,71.5,196=,51.3,,,,,,,,,,,,,,,,,,
153,163,The University of Exeter,United Kingdom,L,FC,VH,4.0,A,43.0,199,51.1,161,27.4,555,43.3,308,91.6,174,76.2,180,89.8,85,19.7,424,94.8,57,50.9,,,,,,,,,,,,,,,,,,
154,167=,Alma Mater Studiorum - University of Bologna,Italy,XL,FC,VH,5.0,A,79.6,73,40.0,237,3.4,701+,49.5,267,8.0,701+,10.9,695,91.0,75,34.8,219,56.5,268=,50.5,,,,,,,,,,,,,,,,,,
154,166,Cardiff University,United Kingdom,L,FC,VH,5.0,A,46.5,176,48.3,181,33.7,474,39.6,347,84.0,217,70.6,206,81.6,138,18.9,442,97.9,25,50.5,,,,,,,,,,,,,,,,,,
154,158,Technische Universität Berlin (TU Berlin),Germany,L,CO,VH,5.0,A,56.2,137,69.3,107,53.0,296,24.9,492,51.3,351,68.8,214,55.0,284,25.4,327,52.1,294,50.5,,,,,,,,,,,,,,,,,,
154,118=,Washington University in St. Louis,United States,L,FC,VH,5.0,B,38.6,224,10.4,601+,99.8,28,50.7,259,84.3,214,68.0,219,60.5,241,33.7,228,91.4,83,50.5,,,,,,,,,,,,,,,,,,
158,123,Universiti Putra Malaysia (UPM),Malaysia,L,FC,VH,4.0,A,58.8,129,67.5,113,67.6,194,22.7,519,44.3,381,97.3,72,45.4,341,9.7,701+,23.2,511=,50.4,,,,,,,,,,,,,,,,,,
159,143=,Ghent University,Belgium,XL,FC,VH,5.0,A,53.4,146,25.2,379,78.9,141,25.1,486,79.6,231,21.2,528,99.8,8,52.0,124,91.3,84=,50.2,,,,,,,,,,,,,,,,,,
159,167=,Universidad de Chile,Chile,XL,FC,VH,5.0,A,81.5,66,96.6,30,9.7,701+,12.5,687,9.0,701+,5.0,701+,48.6,322,50.4,130,36.3,389=,50.2,,,,,,,,,,,,,,,,,,
159,129=,Universiti Kebangsaan Malaysia (UKM),Malaysia,L,FC,VH,4.0,A,59.7,121,70.1,103,87.5,95,11.7,701+,52.7,347,61.1,242,56.7,272,11.2,701+,24.4,497=,50.2,,,,,,,,,,,,,,,,,,
162,185=,University of Wollongong,Australia,L,FC,VH,3.0,A,29.7,290,25.1,382,16.3,701+,93.8,60,95.6,146,56.0,265,72.7,186,17.1,492,92.3,75=,50.1,,,,,,,,,,,,,,,,,,
163,149,"University of California, Santa Barbara (UCSB)",United States,L,CO,VH,5.0,A,54.8,142,19.0,470,9.5,701+,96.9,41,70.4,274,21.6,522,43.5,352,10.4,701+,55.8,271=,50,,,,,,,,,,,,,,,,,,
164,157,Hanyang University,South Korea,L,FC,VH,4.0,B,49.0,167,81.3,70,83.5,117,23.3,510,16.9,632,54.3,269,15.6,587,24.8,336,77.7,163=,49.7,,,,,,,,,,,,,,,,,,
164,135,Kyushu University,Japan,L,FC,VH,5.0,A,57.4,132,70.0,104,85.7,103,23.9,503,14.7,671,25.6,467,32.8,436,15.4,547,77.7,163=,49.7,,,,,,,,,,,,,,,,,,
164,184,Universitat de Barcelona,Spain,XL,FC,VH,5.0,A,73.2,83,23.0,412,13.1,701+,41.8,325,21.8,574,28.5,437,97.8,23,39.8,180,98.1,23,49.7,,,,,,,,,,,,,,,,,,
167,162,University of York,United Kingdom,L,FC,VH,4.0,A,43.5,194,35.3,275,45.0,351,40.3,342,88.3,192,78.2,171,79.2,150,19.8,421,97.8,26=,49.4,,,,,,,,,,,,,,,,,,
168,188,University of Florida,United States,XL,FC,VH,5.0,A,48.0,171,58.7,137,71.3,180,26.6,467,18.8,604,10.8,699,97.7,24,39.0,184,95.7,48,49.1,,,,,,,,,,,,,,,,,,
169,164=,"University of Maryland, College Park",United States,XL,FC,VH,5.0,A,49.2,165,26.1,369,35.1,451,68.4,154,31.6,477,14.0,639,85.5,113,41.6,176,81.7,137=,48.9,,,,,,,,,,,,,,,,,,
169,229,University of Reading,United Kingdom,L,CO,VH,5.0,A,33.2,263,39.3,241,16.1,701+,67.4,161,88.4,189,81.0,158,77.8,158,32.3,237,72.5,189=,48.9,,,,,,,,,,,,,,,,,,
171,226=,Complutense University of Madrid,Spain,XL,FC,VH,4.0,A,68.2,96,69.3,105,25.8,573,7.0,701+,9.0,701+,25.6,469,83.4,127,57.9,106,96.3,41,48.8,,,,,,,,,,,,,,,,,,
171,181=,University College Dublin,Ireland,L,FC,VH,5.0,A,49.8,162,41.3,226,20.7,652,38.9,354,98.8,101,60.8,245,50.5,309,69.0,75,70.1,204=,48.8,,,,,,,,,,,,,,,,,,
173,208=,Qatar University,Qatar,M,FC,VH,3.0,A,27.1,320,43.9,206,64.8,213,38.8,356,100.0,20,96.8,74,59.8,244,95.8,24,35.5,397=,48.7,,,,,,,,,,,,,,,,,,
173,192,"The University of Newcastle, Australia (UON)",Australia,M,FC,VH,4.0,A,29.3,296,26.9,361,36.5,436,91.4,71,100.0,73=,17.3,584,49.2,319,12.5,696,93.2,70=,48.7,,,,,,,,,,,,,,,,,,
173,237=,University of Cape Town,South Africa,L,FC,VH,5.0,A,44.4,190,51.0,164,12.6,701+,45.7,295,59.9,317,21.2,527,95.4,49,88.9,38,75.1,175=,48.7,,,,,,,,,,,,,,,,,,
176,208=,Erasmus University Rotterdam ,Netherlands,XL,FO,VH,5.0,A,37.3,232,50.9,165,22.5,624,53.4,240,83.0,221,60.1,247,71.6,190,63.7,91,49.4,312=,48.5,,,,,,,,,,,,,,,,,,
176,112=,Nagoya University,Japan,L,FC,VH,4.0,A,61.5,114,65.1,123,87.5,96,33.0,412,15.4,661,19.1,558,17.6,565,16.6,509,24.1,502=,48.5,,,,,,,,,,,,,,,,,,
176,190=,University of Liverpool,United Kingdom,L,FC,VH,5.0,A,44.4,191,35.0,277,39.7,401,37.9,371,87.8,194,79.0,168,97.2,29,25.6,324,72.0,193,48.5,,,,,,,,,,,,,,,,,,
179,219,Arizona State University,United States,XL,CO,VH,5.0,A,46.7,174,36.7,265,6.8,701+,61.5,199,64.5,299,30.1,422,87.9,97,26.6,307,97.3,33=,48.1,,,,,,,,,,,,,,,,,,
180,160,King Fahd University of Petroleum & Minerals,Saudi Arabia,M,FC,VH,4.0,A,32.9,267,36.5,268,82.8,124,65.8,165,100.0,24,31.8,402,25.7,492,38.9,185,20.9,536=,48,,,,,,,,,,,,,,,,,,
180,195=,Université catholique de Louvain (UCLouvain),Belgium,L,FC,VH,5.0,B,49.1,166,30.8,317,4.4,701+,60.2,203,89.4,186,39.3,347,83.2,130,51.7,125,54.6,279=,48,,,,,,,,,,,,,,,,,,
182,242,University of Calgary,Canada,XL,FC,VH,4.0,A,37.7,229,61.2,129,19.9,668,41.5,330,82.8,222,62.0,241,62.3,232,38.6,188,91.5,82,47.9,,,,,,,,,,,,,,,,,,
183,193,Curtin University,Australia,L,CO,VH,3.0,A,32.4,271,31.8,309,14.3,701+,86.2,88,100.0,43,26.4,459,84.9,119,25.7,320,50.6,305=,47.8,,,,,,,,,,,,,,,,,,
184,111,École Normale Supérieure de Lyon,France,S,CO,VH,5.0,A,30.5,285,14.4,570,95.7,59,98.4,27,70.8,272,14.6,628,34.3,425,10.0,701+,5.9,701+,47.6,,,,,,,,,,,,,,,,,,
184,179=,Technische Universität Wien,Austria,M,FO,VH,5.0,A,32.9,266,44.4,201,13.1,701+,85.7,91,79.3,232,89.0,123,45.1,347,13.2,649,19.0,552=,47.6,,,,,,,,,,,,,,,,,,
184,170,Tecnológico de Monterrey,Mexico,XL,FC,HI,4.0,B,51.3,157,96.8,28,63.5,222,2.3,701+,32.7,469,11.7,681,13.5,618,88.3,41,65.7,223=,47.6,,,,,,,,,,,,,,,,,,
187,185=,University of Gothenburg,Sweden,L,FC,VH,4.0,A,36.2,239,16.9,511,56.3,261,39.4,349,90.6,179,80.8,160,86.4,104,46.3,151,97.6,30=,47.3,,,,,,,,,,,,,,,,,,
188,203=,Universiti Teknologi Malaysia ,Malaysia,L,CO,VH,3.0,A,46.6,175,63.8,124,42.5,371,33.9,403,16.0,651,85.2,141,58.6,257,13.6,631,66.8,217=,46.9,,,,,,,,,,,,,,,,,,
189,152,McMaster University,Canada,L,FC,VH,5.0,A,40.5,210,38.2,255,75.1,166,29.0,444,99.3,93,59.5,250,40.2,376,37.2,197,70.1,204=,46.8,,,,,,,,,,,,,,,,,,
189,222=,Queensland University of Technology (QUT),Australia,XL,CO,VH,3.0,A,40.9,205,37.6,261,7.4,701+,64.9,176,96.0,141,26.4,458,68.8,202,16.8,502,90.6,89=,46.8,,,,,,,,,,,,,,,,,,
189,210=,Universite libre de Bruxelles,Belgium,L,FC,VH,5.0,A,34.4,249,38.9,247,3.3,701+,63.3,186,97.1,126,85.0,144,69.1,201,35.7,207,60.4,249=,46.8,,,,,,,,,,,,,,,,,,
192,189,Albert-Ludwigs-Universitaet Freiburg,Germany,L,FC,VH,5.0,A,46.1,179,19.8,460,29.1,531,63.3,187,68.8,281,36.3,371,82.7,131,25.3,328,68.2,213,46.7,,,,,,,,,,,,,,,,,,
192,174=,Ecole des Ponts ParisTech,France,S,FO,VH,5.0,A,8.3,601+,57.9,142,98.2,45,80.7,109,34.6,458,96.8,75,5.6,701+,30.0,261,19.2,549=,46.7,,,,,,,,,,,,,,,,,,
194,194,Wuhan University,China (Mainland),XL,FC,VH,4.0,A,40.9,204,44.0,205,12.8,701+,87.4,82,40.7,405,5.0,701+,48.4,324,35.0,218,44.4,336=,46.6,,,,,,,,,,,,,,,,,,
195,185=,University of Minnesota Twin Cities,United States,XL,FC,VH,5.0,A,59.0,127,30.2,324,30.6,510,46.4,291,5.5,701+,9.1,701+,86.1,109,41.9,172,88.5,101=,46.4,,,,,,,,,,,,,,,,,,
196,141=,Hokkaido University,Japan,L,FC,VH,5.0,A,57.3,134,66.0,119,75.8,162,27.8,451,17.5,621,14.4,633,38.1,392,12.9,665,30.7,438=,46.2,,,,,,,,,,,,,,,,,,
197,174=,Indian Institute of Technology Delhi (IITD),India,M,CO,VH,4.0,A,51.2,158,75.9,80,22.0,630,64.3,182,2.4,701+,1.4,701+,6.6,701+,32.8,234,37.5,382=,46.1,,,,,,,,,,,,,,,,,,
198,220=,Universidad de los Andes,Colombia,L,FC,HI,4.0,B,65.4,103,95.7,35,17.6,701+,5.9,701+,26.4,517,2.0,701+,11.1,649,96.2,23,40.2,362=,46,,,,,,,,,,,,,,,,,,
199,155=,Emory University,United States,L,FC,VH,5.0,B,25.6,342,16.4,522,97.7,50,69.7,149,37.3,431,31.1,409,57.0,268,23.6,357,85.7,115,45.9,,,,,,,,,,,,,,,,,,
199,215=,Universidad Autónoma de Madrid,Spain,L,FC,VH,4.0,A,60.4,117,57.7,145,34.5,464,25.1,485,7.8,701+,12.0,678,80.4,143,19.6,428,88.8,97=,45.9,,,,,,,,,,,,,,,,,,
199,205=,Waseda University,Japan,XL,CO,VH,5.0,B,60.2,118,97.3,24,23.7,602,4.3,701+,27.6,503,28.6,436,17.5,569,65.6,87,56.5,268=,45.9,,,,,,,,,,,,,,,,,,
202,233=,Queen's University Belfast,United Kingdom,L,FC,VH,5.0,A,33.6,258,30.3,321,27.5,554,43.5,307,100.0,75,98.9,54,84.1,124,14.3,589,91.0,87,45.8,,,,,,,,,,,,,,,,,,
203,237=,King Saud University,Saudi Arabia,XL,FC,VH,4.0,A,36.9,236,21.3,435,64.2,218,32.2,419,99.7,83,21.3,525,88.6,92,71.7,67,75.8,171=,45.2,,,,,,,,,,,,,,,,,,
203,237=,University of Ottawa,Canada,XL,FC,VH,5.0,A,26.5,329,29.7,328,3.8,701+,79.1,116,85.9,203,75.9,182,85.8,111,24.3,344,54.6,279=,45.2,,,,,,,,,,,,,,,,,,
205,228,Universität Hamburg,Germany,L,FC,VH,5.0,A,51.0,160,28.7,340,16.9,701+,60.0,205,41.6,395,22.3,512,87.2,101,26.8,305,52.8,292=,45.1,,,,,,,,,,,,,,,,,,
206,217=,University of Otago,New Zealand,L,FC,VH,5.0,A,46.3,178,27.1,359,11.0,701+,51.0,256,100.0,44,29.2,428,38.1,391,44.7,159,98.1,22,45,,,,,,,,,,,,,,,,,,
207,214,Vrije Universiteit Amsterdam,Netherlands,XL,FC,VH,5.0,A,39.6,217,15.7,531,23.6,607,68.1,156,68.5,284,40.2,340,70.1,195,20.2,414,89.1,95=,44.9,,,,,,,,,,,,,,,,,,
208,220=,University of Aberdeen,United Kingdom,L,FC,VH,5.0,A,29.6,292,32.5,302,29.6,525,42.1,322,95.8,144,96.7,77,73.3,180,20.5,408,98.1,21,44.6,,,,,,,,,,,,,,,,,,
209,246=,Queen's University at Kingston,Canada,L,FC,VH,5.0,A,40.5,209,56.7,146,5.3,701+,45.1,300,70.1,278,30.6,417,22.5,523,71.5,68,85.4,117,44.5,,,,,,,,,,,,,,,,,,
210,212=,University of Twente,Netherlands,M,FO,VH,4.0,A,20.6,422,38.3,254,39.4,404,65.3,171,99.3,94,91.1,112,67.6,208,12.6,687,33.2,416=,44.4,,,,,,,,,,,,,,,,,,
211,224=,Chulalongkorn University,Thailand,XL,FC,VH,5.0,A,66.6,101,50.1,170,31.5,498,7.0,701+,15.0,668,2.9,701+,49.4,318,87.2,44,85.9,113=,44.3,,,,,,,,,,,,,,,,,,
212,256=,Loughborough University,United Kingdom,L,CO,VH,4.0,A,30.5,283,66.8,116,23.6,604,34.6,392,87.3,198,63.5,237,77.1,162,18.8,446,63.4,231,44.2,,,,,,,,,,,,,,,,,,
213,169,Eberhard Karls Universität Tübingen,Germany,L,FC,VH,5.0,A,45.8,180,29.9,325,92.9,71,19.7,560,67.6,289,26.7,454,89.9,84,21.1,393,42.3,351=,44.1,,,,,,,,,,,,,,,,,,
214,197=,Keio University,Japan,XL,FC,VH,5.0,B,51.4,156,93.5,42,58.0,246,6.0,701+,9.6,701+,9.2,701+,9.2,689,79.8,50,39.3,366,44,,,,,,,,,,,,,,,,,,
215,260=,Tel Aviv University,Israel,L,FC,VH,4.0,A,33.2,264,23.6,407,3.8,701+,99.9,11,40.4,410,4.6,701+,39.5,382,72.9,62,38.4,373=,43.9,,,,,,,,,,,,,,,,,,
216,212=,Tongji University,China (Mainland),XL,FC,VH,5.0,A,34.4,251,13.1,601+,28.8,534,91.8,70,56.7,327,32.6,396,21.3,534,18.0,464,65.4,225,43.5,,,,,,,,,,,,,,,,,,
217,202,National Yang Ming Chiao Tung University,Taiwan,L,FC,VH,1.0,A,33.3,262,67.9,110,53.9,286,52.1,247,19.0,601,18.5,566,4.4,701+,44.6,160,54.3,283=,43.3,,,,,,,,,,,,,,,,,,
218,240=,University of Sussex,United Kingdom,L,FC,VH,4.0,A,22.9,380,8.9,601+,14.6,701+,70.9,142,96.1,137,93.0,100,62.9,226,30.6,251,97.2,35,43.1,,,,,,,,,,,,,,,,,,
219,243=,Università di Padova,Italy,XL,FC,VH,5.0,A,57.3,133,22.0,428,7.8,701+,51.8,250,12.9,701+,9.4,701+,91.3,73,13.8,620,95.0,55,43,,,,,,,,,,,,,,,,,,
220,210=,Universidade Estadual de Campinas (Unicamp),Brazil,XL,FC,VH,4.0,A,70.3,90,50.1,169,13.0,701+,24.9,489,11.7,701+,2.9,701+,53.7,294,9.6,701+,74.8,177=,42.7,,,,,,,,,,,,,,,,,,
220,203=,University of Lausanne,Switzerland,L,FO,VH,5.0,A,29.4,294,15.1,545,36.6,434,65.1,173,99.9,77,56.6,263,48.0,327,27.9,290,61.6,245,42.7,,,,,,,,,,,,,,,,,,
222,232,Radboud University ,Netherlands,L,FC,VH,5.0,A,28.9,302,13.9,585,27.6,551,74.9,129,78.3,236,20.2,544,78.8,155,15.7,533,82.7,133=,42.5,,,,,,,,,,,,,,,,,,
222,181=,University of Pittsburgh,United States,L,FC,VH,5.0,A,37.9,228,15.2,541,96.1,56,38.7,357,7.0,701+,14.9,621,81.1,140,33.1,232,90.5,91,42.5,,,,,,,,,,,,,,,,,,
224,147=,University of Rochester,United States,M,FC,VH,5.0,B,22.1,398,18.4,477,97.9,48,51.6,252,71.4,269,91.7,106,31.3,451,26.6,308,33.2,416=,42.4,,,,,,,,,,,,,,,,,,
225,155=,Indian Institute of Science,India,S,SP,,5.0,A,41.5,202,20.0,454,46.4,340,100.0,6,4.8,701+,1.7,701+,4.4,701+,13.8,621,10.7,660,42.1,,,,,,,,,,,,,,,,,,
226,252,American University of Beirut (AUB),Lebanon,M,FC,VH,5.0,B,27.6,316,41.6,225,57.3,254,24.2,499,67.8,288,46.8,310,35.6,415,88.5,40,93.2,70=,41.9,,,,,,,,,,,,,,,,,,
226,243=,Universidad Nacional de Colombia,Colombia,XL,FC,HI,5.0,A,69.5,91,96.8,29,6.1,701+,3.5,701+,6.4,701+,1.5,701+,13.3,620,29.9,263,49.7,309=,41.9,,,,,,,,,,,,,,,,,,
228,224=,National Cheng Kung University (NCKU),Taiwan,L,FC,VH,4.0,A,49.4,164,75.6,82,32.9,482,21.2,544,23.7,557,15.7,605,10.9,653,30.2,257,78.2,160=,41.8,,,,,,,,,,,,,,,,,,
229,340=,Friedrich-Alexander-Universität Erlangen-Nürnberg,Germany,L,FC,VH,5.0,A,25.2,347,20.9,446,2.8,701+,95.8,48,26.8,511,39.9,342,75.1,172,15.5,541,69.9,207=,41.7,,,,,,,,,,,,,,,,,,
230,150,Al-Farabi Kazakh National University,Kazakhstan,L,FC,HI,4.0,A,51.4,155,74.9,85,98.9,38,1.4,701+,28.8,497,34.0,386,12.0,634,11.5,701+,5.1,701+,41.6,,,,,,,,,,,,,,,,,,
230,181=,Khalifa University of Science and Technology,United Arab Emirates,S,SP,,2.0,A,19.7,448,20.4,451,87.2,98,48.3,281,100.0,10,75.3,184,29.6,459,9.0,701+,66.5,220=,41.6,,,,,,,,,,,,,,,,,,
232,215=,University of Göttingen,Germany,L,FC,VH,5.0,A,47.4,172,29.0,338,70.1,183,17.7,587,49.5,361,22.5,505,91.8,71,21.9,379,55.5,274,41.4,,,,,,,,,,,,,,,,,,
233,266,Deakin University,Australia,XL,FC,VH,3.0,A,29.6,291,25.8,373,4.8,701+,67.4,160,96.7,130,59.9,249,51.4,303,26.2,312,54.3,283=,41.3,,,,,,,,,,,,,,,,,,
233,177,National Tsing Hua University,Taiwan,L,CO,VH,4.0,A,53.1,147,67.7,111,28.3,542,38.3,363,16.8,635,20.1,546,6.7,701+,15.9,525,30.5,444=,41.3,,,,,,,,,,,,,,,,,,
235,281=,Heriot-Watt University,United Kingdom,M,CO,VH,4.0,A,16.4,537,21.1,438,18.6,701+,79.4,113,100.0,67,97.6,66,40.2,375,21.3,392,43.5,342=,41.2,,,,,,,,,,,,,,,,,,
236,248=,Université de Paris-Cité,France,XL,FO,VH,1.0,A,31.6,275,5.9,601+,9.2,701+,93.7,61,19.3,598,41.5,336,99.6,11,11.6,701+,46.0,331=,41.1,,,,,,,,,,,,,,,,,,
237,205=,Dartmouth College,United States,M,FC,VH,5.0,B,21.1,415,24.2,398,57.9,248,78.6,121,5.3,701+,33.9,388,6.6,701+,72.1,65,66.8,217=,40.9,,,,,,,,,,,,,,,,,,
237,248=,Universitas Indonesia,Indonesia,XL,FC,VH,4.0,A,50.5,161,73.0,91,50.4,309,2.0,701+,75.8,249,4.8,701+,2.0,701+,58.7,103,42.3,351=,40.9,,,,,,,,,,,,,,,,,,
239,292,Massey University,New Zealand,M,CO,VH,4.0,A,30.4,286,16.0,528,43.2,364,22.7,520,98.2,111,97.9,64,65.2,215,44.9,157,94.7,58=,40.6,,,,,,,,,,,,,,,,,,
239,201,Rheinische Friedrich-Wilhelms-Universität Bonn,Germany,L,FC,VH,5.0,A,52.4,151,19.8,458,58.0,247,22.1,526,41.5,397,37.5,365,90.7,79,25.9,319,35.2,399,40.6,,,,,,,,,,,,,,,,,,
241,275=,Victoria University of Wellington,New Zealand,L,CO,VH,4.0,A,44.8,186,25.5,375,9.1,701+,32.3,418,99.5,88,34.6,382,38.1,393,47.0,149,93.6,66,40.5,,,,,,,,,,,,,,,,,,
242,316,La Trobe University,Australia,L,CO,VH,4.0,A,22.6,388,20.2,453,6.9,701+,77.5,124,94.4,156,98.4,57,45.8,337,14.3,591,28.9,460=,40.3,,,,,,,,,,,,,,,,,,
243,300=,Griffith University,Australia,XL,FC,VH,4.0,A,26.5,332,16.2,526,7.5,701+,65.8,166,100.0,70,31.7,403,72.7,185,15.5,539,93.3,69,40.1,,,,,,,,,,,,,,,,,,
244,305,University of Surrey,United Kingdom,L,CO,VH,4.0,A,20.4,428,23.4,409,23.2,613,56.2,230,96.8,129,88.3,127,71.1,192,16.8,503,57.7,259=,39.9,,,,,,,,,,,,,,,,,,
245,253=,University of Massachusetts Amherst,United States,L,CO,VH,5.0,A,39.5,218,11.9,601+,10.7,701+,57.6,225,71.0,271,23.8,490,52.0,301,27.7,292,93.5,67,39.8,,,,,,,,,,,,,,,,,,
246,275=,Technical University of Darmstadt,Germany,L,FO,VH,5.0,A,21.0,417,37.5,263,6.2,701+,79.0,117,62.6,310,74.6,188,32.5,439,33.5,229,19.9,545=,39.7,,,,,,,,,,,,,,,,,,
246,200,Technische Universität Dresden,Germany,L,FC,VH,5.0,A,37.5,231,37.7,258,91.2,79,14.8,639,46.2,373,35.2,379,87.4,98,11.2,701+,30.7,438=,39.7,,,,,,,,,,,,,,,,,,
248,288=,Charles University,Czech Republic,XL,FC,VH,5.0,A,45.5,183,43.5,210,34.8,456,9.4,701+,24.8,539,51.2,283,90.9,77,27.6,294,83.9,125,39.6,,,,,,,,,,,,,,,,,,
248,280,University of Antwerp,Belgium,L,FC,VH,2.0,A,23.7,362,11.8,601+,45.3,349,49.2,272,90.9,177,32.3,397,90.0,81,29.6,268,80.4,146=,39.6,,,,,,,,,,,,,,,,,,
250,331,University of Waikato,New Zealand,M,CO,VH,4.0,A,18.4,484,13.2,601+,11.3,701+,75.0,128,99.3,91,73.3,192,17.5,568,44.5,162,79.8,152=,39.5,,,,,,,,,,,,,,,,,,
251,222=,The Hebrew University of Jerusalem,Israel,L,FC,VH,5.0,A,34.3,252,29.1,334,81.2,135,22.5,521,54.7,338,16.0,600,37.1,400,77.7,54,50.9,301=,39.3,,,,,,,,,,,,,,,,,,
252,325=,Politecnico di Torino,Italy,XL,FO,VH,5.0,A,38.5,225,44.9,194,2.4,701+,57.9,222,4.1,701+,46.7,313,49.9,313,21.3,391,57.4,263=,39.2,,,,,,,,,,,,,,,,,,
253,274,University of Porto,Portugal,XL,FC,VH,5.0,A,39.8,214,22.9,414,11.1,701+,58.1,219,7.3,701+,18.7,564,93.8,60,17.6,473,77.3,167=,39,,,,,,,,,,,,,,,,,,
254,304,University of Macau,Macau SAR,M,FO,VH,3.0,A,10.6,601+,14.2,575,12.2,701+,96.9,43,100.0,18,99.3,49,11.4,646,41.6,177,4.3,701+,38.9,,,,,,,,,,,,,,,,,,
255,176,Case Western Reserve University,United States,M,FC,VH,4.0,B,18.4,486,17.1,507,83.0,118,63.9,185,38.2,420,68.3,216,21.0,537,27.0,301,34.6,403=,38.8,,,,,,,,,,,,,,,,,,
256,217=,Harbin Institute of Technology,China (Mainland),L,FO,VH,4.0,A,28.6,306,14.9,552,41.6,378,98.8,24,8.6,701+,8.4,701+,23.2,517,20.3,412,15.4,603=,38.7,,,,,,,,,,,,,,,,,,
256,278,Maastricht University ,Netherlands,L,FO,VH,3.0,A,23.4,369,22.3,422,12.8,701+,62.7,193,99.5,90,100.0,17,46.5,333,27.0,302,13.7,627=,38.7,,,,,,,,,,,,,,,,,,
256,284,University of Canterbury | Te Whare Wānanga o Waitaha,New Zealand,L,CO,VH,4.0,A,33.8,257,33.1,299,10.9,701+,32.8,414,99.8,81,35.3,378,21.9,529,62.6,93,97.1,36=,38.7,,,,,,,,,,,,,,,,,,
259,251,Vrije Universiteit Brussel (VUB),Belgium,L,FC,VH,4.0,A,23.1,373,16.8,512,75.9,160,22.0,527,93.6,158,59.2,252,88.4,94,31.1,244,67.4,215=,38.6,,,,,,,,,,,,,,,,,,
260,253=,University of Virginia,United States,L,FC,VH,5.0,A,35.6,243,32.0,307,56.9,257,34.1,401,7.9,701+,10.8,700,57.7,262,68.5,77,63.1,232=,38.5,,,,,,,,,,,,,,,,,,
261,199,Vanderbilt University,United States,L,FC,VH,5.0,B,25.2,348,19.8,459,100.0,9,37.2,377,36.4,442,34.6,383,47.1,332,35.7,206,51.2,299=,38.4,,,,,,,,,,,,,,,,,,
262,284=,University of Warsaw ,Poland,XL,CO,VH,5.0,A,48.7,169,53.4,150,41.9,375,6.3,701+,9.8,701+,8.6,701+,62.1,233,36.7,204,80.0,150=,38.1,,,,,,,,,,,,,,,,,,
263,231,Gadjah Mada University,Indonesia,XL,FC,HI,4.0,A,51.7,152,66.5,118,54.4,282,1.7,701+,38.5,419,1.6,701+,2.1,701+,42.6,169,47.2,323=,38,,,,,,,,,,,,,,,,,,
264,317=,University of Colorado Boulder,United States,XL,CO,VH,5.0,A,36.9,237,13.5,596,33.2,480,49.4,269,27.1,508,5.5,701+,68.6,204,30.8,247,96.4,40,37.9,,,,,,,,,,,,,,,,,,
264,428=,University of Witwatersrand,South Africa,L,FC,VH,5.0,A,25.7,341,43.0,214,10.9,701+,27.7,453,79.9,229,7.5,701+,92.4,65,96.7,21,62.5,239=,37.9,,,,,,,,,,,,,,,,,,
266,197=,Ulsan National Institute of Science and Technology (UNIST),South Korea,S,FO,VH,2.0,A,15.0,579,11.9,601+,84.1,114,98.6,25,41.5,399,10.9,692,1.2,701+,8.4,701+,1.8,701+,37.7,,,,,,,,,,,,,,,,,,
266,335=,University of Lisbon ,Portugal,XL,FC,VH,5.0,A,42.2,201,21.0,442,12.7,701+,35.1,387,9.3,701+,30.7,415,97.4,27,65.8,85,66.5,220=,37.7,,,,,,,,,,,,,,,,,,
268,320=,Linköping University,Sweden,L,CO,VH,3.0,A,19.0,470,26.6,363,34.8,457,48.8,277,77.8,239,30.3,420,57.9,260,34.7,221,87.4,108=,37.5,,,,,,,,,,,,,,,,,,
268,235=,"University of California, Irvine",United States,XL,FC,VH,4.0,A,37.6,230,16.6,517,14.6,701+,50.3,263,56.9,325,49.6,299,65.3,214,11.4,701+,58.6,255=,37.5,,,,,,,,,,,,,,,,,,
268,335=,University of Cologne,Germany,L,FO,VH,5.0,A,36.9,235,38.5,253,19.3,686,31.2,427,40.5,406,30.9,413,80.9,141,37.0,199,57.4,263=,37.5,,,,,,,,,,,,,,,,,,
271,270=,Indian Institute of Technology Kharagpur (IIT-KGP),India,L,FO,VH,4.0,A,32.2,272,43.5,211,11.8,701+,85.8,90,3.1,701+,1.3,701+,10.7,659,21.5,388,18.0,567=,37.4,,,,,,,,,,,,,,,,,,
272,262=,Beijing Normal University ,China (Mainland),L,CO,VH,5.0,A,38.4,227,6.8,601+,25.6,576,86.4,87,7.1,701+,23.3,496,22.8,520,12.2,701+,30.5,444=,37.3,,,,,,,,,,,,,,,,,,
272,279,University of Leicester,United Kingdom,L,FC,VH,5.0,A,21.2,412,14.2,576,36.1,441,45.3,298,80.8,226,94.1,91,75.7,167,17.8,468,50.9,301=,37.3,,,,,,,,,,,,,,,,,,
274,312=,North Carolina State University,United States,XL,CO,VH,5.0,A,27.8,315,25.0,384,8.9,701+,67.3,162,63.0,306,15.3,613,49.6,317,20.8,398,64.5,228=,37.2,,,,,,,,,,,,,,,,,,
275,306,Huazhong University of Science and Technology,China (Mainland),XL,FC,VH,4.0,A,22.7,384,29.2,332,10.0,701+,99.3,16,5.5,701+,3.2,701+,45.4,340,16.8,504,27.1,480,37.1,,,,,,,,,,,,,,,,,,
276,324,University of Milan,Italy,XL,FC,VH,4.0,A,51.2,159,12.7,601+,5.6,701+,47.8,284,7.5,701+,6.8,701+,59.0,255,24.2,345,92.1,77=,37,,,,,,,,,,,,,,,,,,
276,325=,University of Strathclyde,United Kingdom,L,CO,VH,4.0,A,26.3,334,34.6,281,17.7,701+,33.7,405,93.3,161,67.0,222,61.6,235,24.0,353,59.2,252=,37,,,,,,,,,,,,,,,,,,
278,264=,Indian Institute of Technology Kanpur (IITK),India,M,CO,VH,4.0,A,34.7,247,49.3,175,14.2,701+,75.5,126,2.1,701+,1.1,701+,3.3,701+,20.6,404,21.8,524=,36.9,,,,,,,,,,,,,,,,,,
278,296=,University of Miami,United States,L,FC,VH,4.0,B,20.1,435,44.7,198,76.8,155,19.2,565,84.2,215,22.8,502,55.0,283,37.0,198,50.6,305=,36.9,,,,,,,,,,,,,,,,,,
280,253=,University of Navarra,Spain,L,FC,HI,4.0,B,29.0,300,61.2,130,56.5,260,15.1,635,25.2,531,74.8,186,28.9,464,28.4,282,45.6,333,36.8,,,,,,,,,,,,,,,,,,
281,235=,Bandung Institute of Technology (ITB),Indonesia,L,CO,VH,5.0,A,41.0,203,65.6,122,65.6,208,2.5,701+,84.4,213,2.3,701+,1.2,701+,35.7,209,21.2,533=,36.6,,,,,,,,,,,,,,,,,,
281,207,University of Bergen,Norway,L,FC,VH,3.0,A,32.7,269,5.4,601+,67.1,197,31.2,426,92.3,171,14.3,635,69.3,200,23.6,358,57.7,259=,36.6,,,,,,,,,,,,,,,,,,
283,454=,Stellenbosch University,South Africa,L,FC,VH,5.0,A,25.0,351,39.4,240,3.1,701+,59.9,206,20.0,591,7.8,701+,92.0,69,50.1,132,44.1,339=,36.5,,,,,,,,,,,,,,,,,,
284,284=,Taylor's University,Malaysia,S,FO,VH,2.0,C,24.0,358,82.8,67,63.3,225,8.5,701+,54.1,342,98.8,55,3.8,701+,10.5,701+,2.3,701+,36.2,,,,,,,,,,,,,,,,,,
285,250,Indian Institute of Technology Madras (IITM),India,M,CO,VH,4.0,A,40.1,212,55.9,147,26.6,563,54.7,235,2.6,701+,1.4,701+,2.7,701+,26.0,317,6.5,701+,36.1,,,,,,,,,,,,,,,,,,
285,296=,Swinburne University of Technology,Australia,L,CO,VH,3.0,A,13.4,601+,12.0,601+,11.0,701+,89.5,76,97.9,114,65.5,229,23.9,507,10.8,701+,25.8,487,36.1,,,,,,,,,,,,,,,,,,
285,262=,The University of Arizona,United States,XL,FC,VH,5.0,A,38.5,226,18.4,476,72.5,175,19.5,562,11.0,701+,9.3,701+,88.0,96,31.0,245,71.5,196=,36.1,,,,,,,,,,,,,,,,,,
285,307,Tianjin University,China (Mainland),L,CO,VH,4.0,A,18.7,477,8.6,601+,34.7,461,98.2,31,24.3,544,27.4,446,18.6,555,24.0,351,25.6,488,36.1,,,,,,,,,,,,,,,,,,
289,270=,University of Galway,Ireland,L,FC,HI,5.0,A,26.3,335,28.2,341,61.2,230,13.5,666,92.3,170,39.3,348,45.7,338,30.7,249,90.6,89=,36,,,,,,,,,,,,,,,,,,
290,296=,United Arab Emirates University,United Arab Emirates,M,FC,VH,3.0,A,28.3,310,37.8,257,52.6,299,13.8,659,100.0,16,38.7,356,56.5,273,60.9,96,16.3,588=,35.9,,,,,,,,,,,,,,,,,,
291,302,Xi’an Jiaotong University,China (Mainland),XL,FC,VH,4.0,A,21.4,406,42.2,222,17.4,701+,80.9,106,4.4,701+,4.1,701+,36.8,403,20.8,397,34.6,403=,35.8,,,,,,,,,,,,,,,,,,
292,352=,Norwegian University of Science And Technology,Norway,XL,FC,VH,5.0,A,34.0,253,19.4,465,23.6,609,27.5,456,76.1,246,10.3,701+,88.9,91,51.0,129,65.7,223=,35.7,,,,,,,,,,,,,,,,,,
292,303,University College Cork,Ireland,L,FC,VH,5.0,A,28.4,309,36.3,270,29.4,528,21.6,534,94.8,152,47.1,308,25.1,496,23.5,360,96.1,46,35.7,,,,,,,,,,,,,,,,,,
294,317=,Université Grenoble Alpes,France,XL,FC,VH,1.0,A,44.5,188,10.1,601+,7.8,701+,48.8,276,18.4,611,34.9,380,92.6,64,14.2,596,40.8,360=,35.6,,,,,,,,,,,,,,,,,,
295,281=,Hong Kong Baptist University,Hong Kong SAR,M,CO,VH,3.0,A,19.4,458,12.6,601+,56.0,265,51.9,249,97.8,118,100.0,20,2.6,701+,15.1,557,17.2,574=,35.4,,,,,,,,,,,,,,,,,,
295,342,University of East Anglia (UEA),United Kingdom,L,FC,VH,4.0,A,19.2,466,8.5,601+,16.8,701+,66.0,164,68.0,287,38.2,360,64.8,218,12.7,678,84.3,123=,35.4,,,,,,,,,,,,,,,,,,
297,281=,Georgetown University,United States,L,FC,VH,5.0,B,30.3,288,34.4,285,59.0,242,18.6,574,17.0,629,39.8,344,14.4,606,87.8,43,66.8,217=,35.3,,,,,,,,,,,,,,,,,,
298,308=,Dalhousie University,Canada,L,FC,VH,5.0,A,19.2,465,18.0,488,16.0,701+,41.8,323,99.0,97,74.7,187,37.2,399,21.6,385,94.4,61=,34.9,,,,,,,,,,,,,,,,,,
299,267=,Rutgers University–New Brunswick,United States,XL,CO,VH,5.0,A,36.9,234,24.7,386,48.7,324,18.1,583,18.9,602,32.8,395,59.7,245,20.7,403,95.9,47,34.8,,,,,,,,,,,,,,,,,,
300,284=,UCSI University,Malaysia,M,CO,HI,2.0,C,22.5,392,58.4,140,72.6,174,3.2,701+,83.7,219,98.0,63,1.3,701+,15.8,528,24.6,495=,34.7,,,,,,,,,,,,,,,,,,
301,226=,Southern University of Science and Technology,China (Mainland),M,FO,VH,2.0,A,9.1,601+,2.1,601+,94.6,64,95.0,53,37.2,434,1.5,701+,6.8,701+,7.4,701+,6.9,701+,34.6,,,,,,,,,,,,,,,,,,
302,328=,Goethe-University Frankfurt am Main,Germany,XL,FC,VH,5.0,A,44.4,189,29.1,335,21.4,638,21.3,539,41.3,402,25.6,468,82.1,134,11.5,701+,46.6,327=,34.5,,,,,,,,,,,,,,,,,,
302,363=,Virginia Polytechnic Institute and State University,United States,XL,FC,VH,5.0,A,26.2,337,40.4,232,18.7,701+,34.8,389,71.7,267,17.9,577,70.0,197,20.7,402,52.8,292=,34.5,,,,,,,,,,,,,,,,,,
304,293=,Jagiellonian University,Poland,XL,FC,VH,5.0,A,37.3,233,47.2,188,65.1,210,6.2,701+,4.9,701+,13.4,655,59.4,248,27.9,289,57.7,259=,34.3,,,,,,,,,,,,,,,,,,
304,243=,University of Notre Dame,United States,L,CO,VH,5.0,B,26.5,331,32.2,306,59.7,238,39.1,350,23.3,561,17.7,578,32.0,449,45.2,155,34.6,403=,34.3,,,,,,,,,,,,,,,,,,
306,412=,University of Johannesburg,South Africa,L,CO,VH,2.0,A,16.2,540,21.4,434,36.8,430,20.7,549,96.3,135,50.6,286,96.9,32,43.6,165,73.6,182=,34,,,,,,,,,,,,,,,,,,
307,,Daegu Gyeongbuk Institute of Science and Technology (DGIST),South Korea,S,FO,VH,2.0,A,10.4,601+,7.5,601+,89.0,90,100.0,7,5.3,701+,3.7,701+,1.0,701+,4.7,701+,,,34,,,,,,,,,,,,,,,,,,
307,425=,Swansea University,United Kingdom,L,FC,HI,5.0,A,21.0,418,45.0,193,23.6,608,27.4,460,73.1,261,54.1,271,59.0,254,10.6,701+,61.0,248,33.9,,,,,,,,,,,,,,,,,,
307,361,Universiti Teknologi PETRONAS (UTP),Malaysia,S,SP,,3.0,B,18.2,491,31.6,313,34.6,463,65.7,167,85.2,207,18.5,567,24.2,505,9.9,701+,2.9,701+,33.9,,,,,,,,,,,,,,,,,,
307,293=,University of Tasmania,Australia,M,CO,VH,5.0,A,17.2,520,7.8,601+,17.7,701+,58.1,220,75.1,254,95.8,84,48.8,320,14.8,562,47.2,323=,33.9,,,,,,,,,,,,,,,,,,
310,,Hamad Bin Khalifa University,Qatar,S,FO,VH,3.0,A,11.5,601+,3.9,601+,100.0,4,88.6,79,,,,,28.1,469,10.3,701+,,,33.8,,,,,,,,,,,,,,,,,,
310,233=,Universitat Pompeu Fabra (Barcelona),Spain,M,FO,VH,3.0,A,30.9,282,22.8,417,13.1,701+,55.6,232,77.9,238,26.6,455,38.4,389,15.3,551,13.2,633,33.8,,,,,,,,,,,,,,,,,,
312,355=,Universität Stuttgart,Germany,L,CO,VH,5.0,A,23.7,361,27.2,357,6.1,701+,64.8,177,37.4,430,49.8,296,36.5,405,19.4,430,33.8,411=,33.7,,,,,,,,,,,,,,,,,,
313,339,Indiana University Bloomington,United States,XL,FC,VH,5.0,A,35.1,246,24.4,397,30.5,514,21.6,533,40.5,409,12.7,667,68.5,205,52.2,122,62.5,239=,33.5,,,,,,,,,,,,,,,,,,
313,392=,University of Oulu,Finland,M,FC,VH,4.0,A,15.8,553,17.3,502,26.4,564,56.9,228,52.5,348,9.4,701+,75.4,168,16.6,511,88.4,103=,33.5,,,,,,,,,,,,,,,,,,
315,363=,Quaid-i-Azam University,Pakistan,M,CO,VH,4.0,A,15.8,552,40.3,234,2.8,701+,97.0,40,3.4,701+,1.4,701+,23.0,519,5.8,701+,23.0,514=,33.4,,,,,,,,,,,,,,,,,,
315,270=,Saint Petersburg State University,Russia,L,FC,VH,5.0,A,40.8,207,24.0,403,61.6,228,5.1,701+,5.2,701+,41.7,335,69.5,198,52.8,120,36.1,391=,33.4,,,,,,,,,,,,,,,,,,
315,291,University of Turku,Finland,L,FC,VH,5.0,A,28.3,311,21.1,440,52.3,302,32.4,417,27.2,505,4.3,701+,62.9,227,27.8,291,77.7,163=,33.4,,,,,,,,,,,,,,,,,,
318,328=,Simon Fraser University,Canada,L,CO,VH,4.0,A,25.5,343,13.5,600,5.7,701+,42.5,315,96.8,128,86.3,139,34.5,423,17.6,474,54.3,283=,33.3,,,,,,,,,,,,,,,,,,
319,230,Bauman Moscow State Technical University,Russia,L,CO,VH,5.0,A,31.3,279,44.4,202,100.0,18,1.4,701+,53.6,343,58.9,256,1.0,701+,12.2,701+,10.5,663=,33.2,,,,,,,,,,,,,,,,,,
319,259,Sciences Po ,France,L,SP,,5.0,A,17.7,502,27.6,353,88.0,94,3.2,701+,54.9,337,97.1,73,1.4,701+,76.3,55,54.6,279=,33.2,,,,,,,,,,,,,,,,,,
319,320=,Universidad Carlos III de Madrid (UC3M),Spain,L,FO,VH,3.0,A,32.9,265,49.1,177,53.3,290,4.8,701+,56.5,328,41.2,337,18.5,556,12.9,668,62.5,239=,33.2,,,,,,,,,,,,,,,,,,
322,359=,University of Victoria (UVic),Canada,L,CO,VH,4.0,A,17.3,514,7.6,601+,3.5,701+,65.0,174,95.2,149,48.6,304,19.0,551,12.2,701+,89.8,94,33,,,,,,,,,,,,,,,,,,
323,267=,Sun Yat-sen University,China (Mainland),XL,FC,VH,4.0,A,36.4,238,22.3,423,48.8,321,44.1,304,2.4,701+,4.2,701+,33.3,429,16.7,508,38.4,373=,32.8,,,,,,,,,,,,,,,,,,
323,317=,University of Illinois at Chicago (UIC),United States,XL,FC,VH,5.0,A,40.9,206,23.5,408,31.6,497,26.2,469,8.5,701+,17.0,586,50.1,312,31.5,242,62.8,235=,32.8,,,,,,,,,,,,,,,,,,
323,591-600,University of Pretoria,South Africa,XL,FC,VH,5.0,A,23.6,365,52.3,155,3.5,701+,20.7,550,25.0,535,6.4,701+,97.6,26,58.4,104,78.4,158=,32.8,,,,,,,,,,,,,,,,,,
326,363=,University of South Australia,Australia,L,CO,VH,3.0,A,22.5,390,14.0,580,22.4,625,32.8,415,99.8,80,45.1,322,58.6,256,15.4,544,81.7,137=,32.7,,,,,,,,,,,,,,,,,,
326,347=,University of Southern Denmark (SDU),Denmark,L,CO,VH,4.0,A,20.0,441,18.0,485,27.1,558,40.7,337,83.2,220,22.7,503,49.7,315,17.7,469,88.7,100,32.7,,,,,,,,,,,,,,,,,,
328,355=,"City, University of London",United Kingdom,L,CO,VH,5.0,A,21.4,405,18.1,483,6.7,701+,42.2,321,95.0,151,99.3,46,22.1,527,28.3,284,41.7,356,32.6,,,,,,,,,,,,,,,,,,
328,288=,Gwangju Institute of Science and Technology (GIST),South Korea,S,FO,VH,3.0,A,17.4,513,8.9,601+,38.4,411,100.0,5,21.6,577,10.0,701+,1.3,701+,8.1,701+,2.1,701+,32.6,,,,,,,,,,,,,,,,,,
328,300=,Université Paris 1 Panthéon-Sorbonne ,France,XL,FO,VH,5.0,A,65.2,104,24.9,385,4.2,701+,3.4,701+,38.2,421,46.4,314,30.0,458,32.2,238,16.3,588=,32.6,,,,,,,,,,,,,,,,,,
328,240=,USI - Università della Svizzera italiana,Switzerland,S,FO,VH,3.0,A,5.8,601+,3.9,601+,82.9,120,56.4,229,100.0,23,100.0,11,4.2,701+,7.9,701+,1.2,701+,32.6,,,,,,,,,,,,,,,,,,
332,270=,Kyung Hee University,South Korea,L,FC,VH,4.0,B,28.0,312,41.6,224,84.8,106,14.0,657,14.2,684,54.0,272,16.7,577,12.1,701+,33.5,413=,32.5,,,,,,,,,,,,,,,,,,
332,375=,"University of California, Santa Cruz",United States,L,CO,VH,4.0,A,18.4,487,4.9,601+,7.2,701+,79.6,111,63.6,304,8.9,701+,19.3,547,10.7,701+,89.1,95=,32.5,,,,,,,,,,,,,,,,,,
334,380=,Sharif University of Technology,"Iran, Islamic Republic of",M,FO,VH,4.0,A,10.1,601+,43.8,207,6.1,701+,99.1,19,7.3,701+,1.3,701+,9.7,675,25.7,321,1.9,701+,32.4,,,,,,,,,,,,,,,,,,
335,416=,University of Naples - Federico II,Italy,XL,FC,VH,5.0,A,35.2,245,17.0,508,4.3,701+,61.8,197,2.4,701+,1.1,701+,81.6,137,7.1,701+,34.6,403=,32.3,,,,,,,,,,,,,,,,,,
336,330,Aalborg University,Denmark,L,FC,VH,3.0,A,20.0,442,22.2,424,31.5,500,42.4,317,76.4,244,18.2,570,79.2,151,14.7,569,35.8,393=,32.2,,,,,,,,,,,,,,,,,,
336,501-510,Middle East Technical University,Turkey,L,CO,VH,4.0,A,29.0,299,63.7,125,9.0,701+,22.2,525,11.3,701+,17.4,583,32.2,443,24.6,339,84.8,120=,32.2,,,,,,,,,,,,,,,,,,
336,363=,Pontificia Universidad Católica del Perú,Peru,L,FO,VH,5.0,B,46.3,177,77.1,75,25.9,572,1.8,701+,3.9,701+,1.4,701+,2.5,701+,35.2,214,31.3,428=,32.2,,,,,,,,,,,,,,,,,,
336,375=,University of Kent,United Kingdom,L,CO,VH,4.0,A,17.0,522,6.7,601+,13.3,701+,43.9,306,96.6,133,72.8,195,43.0,354,20.2,413,85.2,118=,32.2,,,,,,,,,,,,,,,,,,
340,355=,Beijing Institute of Technology,China (Mainland),L,FO,VH,4.0,A,22.7,385,18.1,484,41.1,381,76.4,125,3.1,701+,4.2,701+,17.1,572,14.1,599,23.7,506=,32.1,,,,,,,,,,,,,,,,,,
340,362,George Washington University,United States,L,FC,VH,5.0,B,26.9,323,24.5,393,28.3,541,29.3,439,31.6,478,27.6,444,61.0,239,49.5,135,62.8,235=,32.1,,,,,,,,,,,,,,,,,,
342,295,RUDN University,Russia,L,FC,VH,4.0,A,22.4,395,45.0,192,92.2,74,2.0,701+,8.2,701+,92.7,103,60.1,242,12.2,701+,4.4,701+,32,,,,,,,,,,,,,,,,,,
343,412=,Brunel University London,United Kingdom,L,CO,VH,4.0,A,11.3,601+,13.3,601+,7.9,701+,44.2,303,99.7,84,99.6,39,56.9,269,18.5,450,62.8,235=,31.9,,,,,,,,,,,,,,,,,,
344,501-510,University of Aveiro,Portugal,L,CO,VH,4.0,A,13.4,601+,6.6,601+,13.8,701+,84.3,98,4.3,701+,13.5,651,72.3,188,6.7,701+,69.3,210=,31.6,,,,,,,,,,,,,,,,,,
345,369=,Airlangga University,Indonesia,L,FC,HI,4.0,A,34.0,254,72.5,95,52.4,301,1.4,701+,44.6,379,6.3,701+,1.4,701+,14.4,582,30.5,444=,31.5,,,,,,,,,,,,,,,,,,
345,473=,University of Saskatchewan,Canada,L,FC,VH,5.0,A,12.0,601+,6.8,601+,17.3,701+,54.3,237,70.0,279,51.8,280,47.2,331,20.9,396,94.9,56,31.5,,,,,,,,,,,,,,,,,,
347,422=,National Technical University of Athens,Greece,L,FO,VH,5.0,A,20.5,425,42.7,215,4.7,701+,72.3,137,1.3,701+,4.3,701+,32.0,447,31.8,240,7.8,701+,31.4,,,,,,,,,,,,,,,,,,
347,382=,Pontificia Universidad Javeriana,Colombia,L,FC,HI,5.0,B,43.2,198,72.7,94,22.9,619,1.7,701+,4.0,701+,2.7,701+,4.2,701+,57.3,107,29.1,456=,31.4,,,,,,,,,,,,,,,,,,
349,488=,Universidad Politécnica de Madrid (UPM),Spain,XL,SP,,4.0,A,31.2,280,49.3,176,14.9,701+,11.4,701+,3.2,701+,30.7,416,59.9,243,37.3,196,83.5,128=,31.3,,,,,,,,,,,,,,,,,,
349,404,University of Pisa,Italy,L,FC,VH,5.0,A,40.4,211,12.7,601+,7.5,701+,41.1,333,5.9,701+,4.1,701+,67.6,209,13.4,642,73.6,182=,31.3,,,,,,,,,,,,,,,,,,
351,388=,Lappeenranta-Lahti University of Technology LUT,Finland,S,SP,,4.0,A,6.9,601+,13.3,601+,11.1,701+,97.7,36,45.2,378,18.2,573,14.7,599,11.4,701+,39.0,367=,31.2,,,,,,,,,,,,,,,,,,
351,438=,University of Coimbra,Portugal,L,FC,VH,5.0,A,28.9,304,13.1,601+,11.3,701+,41.6,329,10.7,701+,37.7,364,78.8,153,15.6,537,79.5,154,31.2,,,,,,,,,,,,,,,,,,
353,456,York University,Canada,XL,CO,VH,4.0,A,23.0,377,21.0,441,4.6,701+,29.2,440,50.6,356,81.2,157,28.0,471,53.2,119,80.8,144,31.1,,,,,,,,,,,,,,,,,,
354,343=,Universitat Politècnica de Catalunya · BarcelonaTech (UPC),Spain,L,FO,VH,4.0,A,31.9,274,22.0,426,41.2,380,22.3,524,8.0,701+,21.2,532,72.8,183,15.1,556,73.3,186,31,,,,,,,,,,,,,,,,,,
355,277,L.N. Gumilyov Eurasian National University (ENU),Kazakhstan,L,FO,VH,3.0,A,29.5,293,51.7,157,96.8,53,1.4,701+,59.3,319,5.7,701+,1.1,701+,10.9,701+,9.6,678=,30.9,,,,,,,,,,,,,,,,,,
355,406=,Sichuan University,China (Mainland),XL,FC,VH,3.0,A,20.1,436,7.6,601+,11.4,701+,94.7,55,6.6,701+,5.4,701+,26.2,490,14.8,564,18.8,555=,30.9,,,,,,,,,,,,,,,,,,
355,312=,University of Tsukuba,Japan,L,FC,VH,4.0,A,35.8,242,24.0,402,59.0,243,19.0,569,13.8,691,21.2,529,31.7,450,11.5,701+,57.7,259=,30.9,,,,,,,,,,,,,,,,,,
358,460,University of Florence,Italy,XL,FC,VH,5.0,A,33.6,259,5.7,601+,4.1,701+,49.6,266,8.1,701+,10.7,701+,73.0,181,17.4,476,81.1,142=,30.8,,,,,,,,,,,,,,,,,,
358,296=,University of Tartu,Estonia,M,FC,VH,5.0,A,24.4,355,9.0,601+,91.5,78,11.5,701+,46.5,372,22.2,513,73.7,177,42.1,171,27.6,471=,30.8,,,,,,,,,,,,,,,,,,
360,396=,Shandong University,China (Mainland),XL,FC,VH,4.0,A,15.6,558,31.8,310,17.6,701+,78.7,118,8.8,701+,3.4,701+,16.3,580,17.4,480,28.4,463=,30.7,,,,,,,,,,,,,,,,,,
360,501-510,University of Tehran,"Iran, Islamic Republic of",XL,CO,VH,4.0,A,18.7,476,38.8,249,3.4,701+,67.5,159,2.1,701+,1.8,701+,68.6,203,17.5,475,18.4,560=,30.7,,,,,,,,,,,,,,,,,,
362,368,Lincoln University ,New Zealand,S,CO,VH,3.0,A,7.9,601+,5.3,601+,39.9,393,51.5,253,100.0,62,91.0,113,1.2,701+,31.7,241,37.8,379=,30.6,,,,,,,,,,,,,,,,,,
362,308=,Universität Innsbruck,Austria,L,FC,HI,5.0,A,20.2,433,7.0,601+,69.2,187,11.2,701+,100.0,65,100.0,27,32.9,434,35.7,208,16.5,586=,30.6,,,,,,,,,,,,,,,,,,
364,369=,American University of Sharjah,United Arab Emirates,S,CO,VH,3.0,B,20.0,438,39.1,243,20.7,653,20.0,559,100.0,2,100.0,6,6.4,701+,36.9,202,3.0,701+,30.3,,,,,,,,,,,,,,,,,,
364,384=,Indian Institute of Technology Guwahati (IITG),India,M,CO,VH,3.0,A,17.0,523,25.2,381,7.7,701+,98.1,32,3.0,701+,1.3,701+,5.8,701+,5.5,701+,4.4,701+,30.3,,,,,,,,,,,,,,,,,,
364,475=,University of Turin,Italy,XL,FC,VH,5.0,A,39.8,213,5.7,601+,2.9,701+,36.8,380,4.6,701+,5.4,701+,69.4,199,32.5,236,84.3,123=,30.3,,,,,,,,,,,,,,,,,,
367,334,National University of Sciences And Technology (NUST) Islamabad,Pakistan,M,CO,VH,3.0,A,18.9,472,72.7,93,77.4,151,11.7,701+,2.6,701+,3.9,701+,23.5,512,9.0,701+,30.7,438=,30.2,,,,,,,,,,,,,,,,,,
368,473=,University of Cyprus (UCY),Cyprus,M,CO,VH,3.0,A,8.9,601+,3.1,601+,4.9,701+,77.8,123,92.9,165,25.4,471,55.9,279,18.6,448,24.4,497=,30.1,,,,,,,,,,,,,,,,,,
369,369=,Indian Institute of Technology Roorkee (IITR),India,M,FO,VH,5.0,A,17.8,500,22.5,421,7.8,701+,91.2,72,1.3,701+,2.2,701+,3.6,701+,10.5,701+,27.6,471=,30,,,,,,,,,,,,,,,,,,
369,246=,Yeshiva University,United States,M,FC,VH,5.0,B,2.8,601+,3.3,601+,75.0,167,99.7,14,,,8.9,701+,3.6,701+,10.4,701+,1.3,701+,30,,,,,,,,,,,,,,,,,,
371,551-560,Cairo University,Egypt,XL,FC,VH,5.0,A,43.7,193,33.2,297,8.0,701+,2.8,701+,2.7,701+,6.2,701+,48.7,321,72.5,63,78.6,157,29.9,,,,,,,,,,,,,,,,,,
371,398=,Tilburg University,Netherlands,L,FO,VH,4.0,A,15.2,573,33.4,294,10.4,701+,44.2,302,96.6,131,58.4,259,9.4,683,14.1,602,31.0,432=,29.9,,,,,,,,,,,,,,,,,,
371,333,Universidade Federal do Rio de Janeiro,Brazil,XL,FC,VH,5.0,A,60.1,119,17.0,509,15.4,701+,8.3,701+,7.9,701+,1.6,701+,51.7,302,36.8,203,23.0,514=,29.9,,,,,,,,,,,,,,,,,,
374,343=,"Birkbeck, University of London",United Kingdom,M,FO,VH,5.0,A,10.8,601+,3.5,601+,14.1,701+,65.1,172,97.5,123,98.0,62,9.1,692,12.3,701+,12.0,642=,29.7,,,,,,,,,,,,,,,,,,
375,501-510, Western Sydney University,Australia,XL,FC,HI,3.0,A,18.4,483,15.0,546,4.5,701+,29.5,437,100.0,48,39.2,351,68.3,206,10.3,701+,90.4,92=,29.5,,,,,,,,,,,,,,,,,,
375,443=,Amirkabir University of Technology,"Iran, Islamic Republic of",M,FO,VH,4.0,A,4.1,601+,33.4,295,5.1,701+,99.8,13,15.9,652,2.8,701+,9.5,681,10.3,701+,16.5,586=,29.5,,,,,,,,,,,,,,,,,,
375,388=,Northeastern University,United States,L,CO,VH,5.0,B,19.4,463,9.5,601+,19.1,691,24.2,497,60.2,316,94.3,90,33.2,433,35.4,211,87.3,112,29.5,,,,,,,,,,,,,,,,,,
375,416=,Ruhr-Universität Bochum,Germany,XL,FC,VH,4.0,A,21.2,411,11.0,601+,2.3,701+,59.7,208,61.1,314,29.6,425,62.3,231,14.7,570,18.0,567=,29.5,,,,,,,,,,,,,,,,,,
379,312=,Tufts University,United States,L,FC,VH,5.0,B,18.1,497,5.3,601+,56.2,263,42.9,312,25.2,532,36.2,374,18.9,552,47.7,143,50.9,301=,29.4,,,,,,,,,,,,,,,,,,
380,425=,Flinders University,Australia,L,FC,VH,4.0,A,13.3,601+,6.7,601+,6.5,701+,42.6,313,97.0,127,89.5,119,38.9,385,10.5,701+,64.8,226=,29.2,,,,,,,,,,,,,,,,,,
381,,University of Luxembourg,Luxembourg,M,CO,VH,2.0,,9.1,601+,4.9,601+,77.2,152,28.6,447,100.0,14,100.0,24,18.4,557,25.6,323,,,29.1,,,,,,,,,,,,,,,,,,
382,256=,Mahidol University,Thailand,L,FC,VH,4.0,A,42.4,200,30.3,322,77.7,147,4.7,701+,6.0,701+,5.1,701+,10.3,666,11.0,701+,27.6,471=,29,,,,,,,,,,,,,,,,,,
382,501-510,Université de Montpellier,France,XL,FO,VH,5.0,A,19.4,461,3.4,601+,8.9,701+,57.6,224,23.9,550,32.3,398,99.8,9,10.7,701+,38.7,370=,29,,,,,,,,,,,,,,,,,,
384,378=,Nankai University,China (Mainland),XL,FC,VH,4.0,A,21.1,414,8.6,601+,29.5,526,73.9,132,11.2,701+,3.5,701+,8.1,701+,18.9,440,22.5,521=,28.6,,,,,,,,,,,,,,,,,,
384,384=,Westfälische Wilhelms-Universität Münster ,Germany,L,FC,VH,5.0,A,31.5,278,24.6,389,55.3,271,12.5,688,30.3,489,4.9,701+,59.1,252,26.1,314,27.6,471=,28.6,,,,,,,,,,,,,,,,,,
386,380=,University of Hawaiʻi at Mānoa,United States,L,FC,VH,5.0,A,16.1,543,8.5,601+,36.8,429,48.6,279,53.0,345,12.9,664,53.7,293,10.7,701+,47.5,320=,28.4,,,,,,,,,,,,,,,,,,
387,490=,Aix-Marseille University,France,XL,FC,VH,5.0,A,36.1,241,4.5,601+,8.3,701+,26.5,468,18.5,609,19.9,549,99.4,13,11.3,701+,64.5,228=,28.3,,,,,,,,,,,,,,,,,,
387,288=,Belarusian State University,Belarus,L,FO,VH,5.0,A,26.6,327,42.5,219,95.3,61,1.3,701+,4.1,701+,49.9,294,3.4,701+,24.5,341,1.4,701+,28.3,,,,,,,,,,,,,,,,,,
387,551-560,Concordia University,Canada,XL,CO,VH,3.0,A,15.0,580,15.2,544,3.0,701+,23.7,504,80.3,227,89.3,122,40.4,373,30.2,254,88.8,97=,28.3,,,,,,,,,,,,,,,,,,
387,327,National Taiwan University of Science and Technology (Taiwan Tech),Taiwan,M,FO,VH,3.0,A,27.1,321,37.8,256,43.6,360,27.0,463,17.5,622,31.1,410,1.9,701+,18.5,451,26.6,481=,28.3,,,,,,,,,,,,,,,,,,
387,256=,Universiti Brunei Darussalam (UBD),Brunei,S,CO,VH,3.0,A,21.0,420,5.5,601+,96.3,54,8.2,701+,100.0,47,65.1,231,2.3,701+,27.4,296,4.0,701+,28.3,,,,,,,,,,,,,,,,,,
392,457=,Institut National des Sciences Appliquées de Lyon (INSA),France,M,FO,VH,4.0,A,7.8,601+,29.4,331,37.1,425,50.8,258,29.4,492,69.3,213,18.8,553,12.8,674,20.5,540=,28.2,,,,,,,,,,,,,,,,,,
392,406=,South China University of Technology,China (Mainland),XL,CO,VH,3.0,A,12.5,601+,4.2,601+,19.0,694,95.4,50,10.4,701+,4.5,701+,9.7,674,21.9,380,10.2,667=,28.2,,,,,,,,,,,,,,,,,,
392,408=,Technion - Israel Institute of Technology,Israel,L,FC,VH,5.0,A,25.4,345,27.8,347,43.9,358,25.4,479,64.8,296,4.6,701+,12.8,628,30.7,250,26.1,485=,28.2,,,,,,,,,,,,,,,,,,
392,422=,Xiamen University,China (Mainland),XL,FC,VH,4.0,A,25.9,340,11.6,601+,20.0,664,65.3,170,5.4,701+,3.4,701+,25.4,494,21.5,387,17.1,579=,28.2,,,,,,,,,,,,,,,,,,
396,490=,Justus-Liebig-University Giessen,Germany,L,FC,VH,5.0,A,13.6,601+,6.1,601+,1.7,701+,85.7,92,12.1,701+,18.9,561,63.8,221,9.5,701+,11.1,655,28.1,,,,,,,,,,,,,,,,,,
396,322,Kazan (Volga region) Federal University,Russia,L,FC,VH,5.0,A,22.7,387,7.6,601+,93.7,68,2.8,701+,10.5,701+,96.1,82,61.7,234,11.2,701+,24.4,497=,28.1,,,,,,,,,,,,,,,,,,
396,416=,"Stony Brook University, State University of New York",United States,L,FC,VH,4.0,A,18.9,473,7.6,601+,30.4,517,31.8,424,45.2,376,51.0,285,34.4,424,18.5,449,88.8,97=,28.1,,,,,,,,,,,,,,,,,,
399,308=,HSE University,Russia,XL,FO,VH,3.0,A,27.3,318,31.9,308,90.7,82,1.9,701+,6.3,701+,16.1,597,71.1,191,13.4,639,5.1,701+,28,,,,,,,,,,,,,,,,,,
400,481=,Iowa State University,United States,L,CO,VH,5.0,A,20.0,440,13.5,597,8.4,701+,58.7,217,4.6,701+,11.1,690,50.9,307,27.2,300,51.8,295=,27.9,,,,,,,,,,,,,,,,,,
400,551-560,Masaryk University,Czech Republic,XL,CO,VH,5.0,A,23.2,371,32.2,305,10.4,701+,15.2,628,31.0,481,68.7,215,56.2,276,14.6,575,69.9,207=,27.9,,,,,,,,,,,,,,,,,,
400,369=,Universidade Nova de Lisboa,Portugal,L,FC,VH,4.0,A,28.0,313,20.2,452,19.6,679,24.2,498,24.0,548,47.0,309,63.5,224,18.8,444,40.2,362=,27.9,,,,,,,,,,,,,,,,,,
403,494=,University of Granada,Spain,XL,FC,VH,5.0,A,44.0,192,9.8,601+,5.6,701+,23.3,509,3.4,701+,16.1,598,96.8,34,5.1,701+,36.1,391=,27.8,,,,,,,,,,,,,,,,,,
404,601-650,Istanbul Technical University,Turkey,L,FO,VH,5.0,A,24.2,357,60.4,131,12.1,701+,13.3,674,7.3,701+,18.3,569,37.2,398,23.0,365,63.1,232=,27.6,,,,,,,,,,,,,,,,,,
404,453,"University of California, Riverside",United States,L,FC,VH,4.0,A,17.5,505,7.0,601+,6.7,701+,59.9,207,63.0,307,9.1,701+,45.1,346,10.0,701+,46.6,327=,27.6,,,,,,,,,,,,,,,,,,
404,412=,University of the Philippines,Philippines,XL,FC,HI,5.0,A,34.4,250,58.9,136,38.0,415,1.9,701+,1.6,701+,1.1,701+,9.3,685,35.3,213,38.7,370=,27.6,,,,,,,,,,,,,,,,,,
407,486=,Auckland University of Technology (AUT),New Zealand,L,CO,VH,2.0,A,19.3,464,11.7,601+,10.3,701+,18.5,575,100.0,59,99.3,48,12.0,635,19.3,433,71.5,196=,27.4,,,,,,,,,,,,,,,,,,
407,521-530,University of Delhi,India,L,FC,VH,5.0,A,36.1,240,28.2,344,3.9,701+,22.5,522,1.4,701+,1.7,701+,24.7,502,91.4,34,31.0,432=,27.4,,,,,,,,,,,,,,,,,,
409,408=,Colorado State University,United States,L,CO,VH,5.0,A,18.8,475,18.2,482,56.8,258,20.3,553,12.3,701+,4.2,701+,54.9,285,15.0,559,97.7,29,27.3,,,,,,,,,,,,,,,,,,
410,465=,Universidad de Santiago de Chile (USACH),Chile,L,FC,HI,5.0,A,43.3,197,72.9,92,8.7,701+,4.0,701+,6.6,701+,2.2,701+,7.3,701+,4.0,701+,12.9,635,27.2,,,,,,,,,,,,,,,,,,
410,369=,University of Kansas,United States,L,FC,VH,5.0,A,15.1,577,13.3,601+,83.6,116,9.0,701+,72.6,263,7.8,701+,35.7,414,23.5,359,71.8,194=,27.2,,,,,,,,,,,,,,,,,,
410,651-700,University of Southern Queensland ,Australia,M,CO,VH,3.0,A,8.5,601+,6.8,601+,4.5,701+,59.6,209,76.1,245,26.3,462,60.6,240,12.0,701+,51.2,299=,27.2,,,,,,,,,,,,,,,,,,
413,438=,Oxford Brookes University,United Kingdom,L,CO,HI,3.0,A,28.9,301,29.7,329,13.8,701+,8.4,701+,68.8,282,70.3,209,27.1,481,18.4,454,34.3,409=,27.1,,,,,,,,,,,,,,,,,,
413,402=,Royal Holloway University of London,United Kingdom,M,CO,VH,5.0,A,16.0,546,5.7,601+,13.7,701+,36.3,384,94.4,155,88.7,125,23.7,511,11.1,701+,38.1,377=,27.1,,,,,,,,,,,,,,,,,,
415,461=,James Cook University,Australia,M,FC,VH,4.0,A,15.4,567,8.7,601+,14.1,701+,51.1,255,42.0,393,13.5,650,42.5,359,9.0,701+,83.3,131,27,,,,,,,,,,,,,,,,,,
415,267=,Moscow Institute of Physics and Technology (MIPT / Moscow Phystech),Russia,M,FO,VH,4.0,A,19.8,446,19.9,455,96.0,57,16.0,620,31.4,480,53.1,273,5.4,701+,15.7,534,1.2,701+,27,,,,,,,,,,,,,,,,,,
415,416=,The American University in Cairo,Egypt,M,CO,HI,5.0,B,30.3,287,23.8,405,42.8,368,4.6,701+,97.9,115,3.9,701+,1.4,701+,63.3,92,16.3,588=,27,,,,,,,,,,,,,,,,,,
418,264=,Tomsk State University,Russia,M,CO,VH,5.0,A,23.1,376,10.9,601+,99.4,32,5.1,701+,23.7,555,91.5,109,23.4,514,7.3,701+,3.0,701+,26.9,,,,,,,,,,,,,,,,,,
419,477=,UNESP,Brazil,XL,FC,VH,3.0,A,39.3,219,34.6,282,15.0,701+,16.2,614,6.2,701+,2.8,701+,34.5,422,5.7,701+,53.7,287,26.8,,,,,,,,,,,,,,,,,,
419,443=,Washington State University,United States,L,FC,VH,5.0,A,24.4,354,17.9,489,16.2,701+,35.4,386,50.0,358,5.5,701+,46.5,335,11.1,701+,49.7,309=,26.8,,,,,,,,,,,,,,,,,,
421,284=,Graz University of Technology,Austria,M,FO,VH,5.0,A,14.5,595,11.0,601+,99.5,31,13.6,664,75.0,255,58.8,258,10.4,664,13.6,629,4.2,701+,26.7,,,,,,,,,,,,,,,,,,
421,260=,Novosibirsk State University,Russia,M,CO,VH,4.0,A,27.5,317,14.4,572,93.5,69,12.6,685,6.7,701+,56.3,264,5.3,701+,12.9,667,6.8,701+,26.7,,,,,,,,,,,,,,,,,,
421,521-530,Université de Liège,Belgium,L,FC,VH,5.0,A,18.1,495,16.3,524,12.9,701+,27.2,461,50.7,355,48.5,306,79.3,149,16.2,516,47.8,318=,26.7,,,,,,,,,,,,,,,,,,
421,434=,Université de Strasbourg,France,XL,FC,VH,5.0,A,39.6,216,7.9,601+,5.3,701+,23.1,512,35.6,449,38.6,357,70.2,194,10.9,701+,14.9,614=,26.7,,,,,,,,,,,,,,,,,,
421,511-520,University of Canberra ,Australia,M,CO,VH,3.0,A,13.7,601+,7.3,601+,2.3,701+,51.7,251,87.0,199,58.9,255,8.9,700,9.8,701+,55.2,275=,26.7,,,,,,,,,,,,,,,,,,
426,531-540,University of Limerick,Ireland,L,FC,HI,4.0,A,17.5,507,29.1,337,14.0,701+,21.9,529,88.4,190,28.6,434,34.6,421,13.9,614,58.9,254,26.6,,,,,,,,,,,,,,,,,,
427,551-560,Anna University,India,L,FO,VH,3.0,A,8.5,601+,8.5,601+,5.3,701+,99.8,12,,,1.5,701+,33.8,427,9.8,701+,,,26.5,,,,,,,,,,,,,,,,,,
428,347=,IE University,Spain,M,FO,HI,2.0,C,7.0,601+,40.9,230,56.2,262,2.6,701+,94.6,154,100.0,4,1.0,701+,39.4,183,6.0,701+,26.4,,,,,,,,,,,,,,,,,,
429,,Singapore University of Technology and Design,Singapore,S,SP,,2.0,,7.0,601+,5.8,601+,99.2,34,64.6,180,,,,,3.1,701+,7.5,701+,,,26.3,,,,,,,,,,,,,,,,,,
429,457=,University of Trento,Italy,L,CO,VH,4.0,A,24.6,352,8.9,601+,19.3,685,44.0,305,26.9,509,6.2,701+,61.0,238,9.3,701+,34.9,400=,26.3,,,,,,,,,,,,,,,,,,
431,477=,Koç University,Turkey,M,FC,HI,3.0,B,22.4,393,47.3,187,24.0,591,28.6,448,27.3,504,11.2,687,6.4,701+,11.0,701+,29.9,449=,26.2,,,,,,,,,,,,,,,,,,
431,561-570,Murdoch University,Australia,M,CO,VH,3.0,A,7.3,601+,5.3,601+,5.4,701+,53.1,242,86.3,200,76.6,178,40.1,378,14.2,593,23.7,506=,26.2,,,,,,,,,,,,,,,,,,
431,436=,National Taipei University of Technology,Taiwan,M,FO,VH,3.0,A,15.0,584,57.7,144,27.0,560,34.3,398,21.1,582,18.2,571,1.3,701+,17.3,485,12.6,638,26.2,,,,,,,,,,,,,,,,,,
431,332,National Taiwan Normal University,Taiwan,M,CO,VH,4.0,A,34.5,248,20.8,448,65.4,209,5.9,701+,14.5,674,26.7,452,1.5,701+,14.7,571,43.2,344,26.2,,,,,,,,,,,,,,,,,,
431,501-510,University of Stirling,United Kingdom,M,CO,VH,4.0,A,11.5,601+,10.2,601+,10.5,701+,34.7,391,71.9,266,83.5,149,14.4,607,14.8,566,79.8,152=,26.2,,,,,,,,,,,,,,,,,,
436,471=,Dublin City University,Ireland,L,FC,HI,3.0,A,19.7,452,27.0,360,25.6,575,12.4,690,76.0,248,19.3,557,19.3,548,24.8,334,81.7,137=,26,,,,,,,,,,,,,,,,,,
436,551-560,Sejong University ,South Korea,L,CO,VH,3.0,B,13.8,601+,17.3,504,14.7,701+,65.5,169,24.6,542,26.7,451,29.2,462,5.7,701+,8.7,691=,26,,,,,,,,,,,,,,,,,,
436,415,Tampere University,Finland,L,FC,VH,1.0,A,22.5,391,19.5,463,23.9,595,31.8,422,32.0,473,6.4,701+,56.4,275,20.6,406,37.2,387,26,,,,,,,,,,,,,,,,,,
436,428=,University of Science and Technology Beijing,China (Mainland),L,CO,VH,3.0,A,12.6,601+,3.0,601+,10.7,701+,97.3,39,3.3,701+,3.0,701+,9.2,691,6.2,701+,3.3,701+,26,,,,,,,,,,,,,,,,,,
436,501-510,University of St.Gallen (HSG),Switzerland,M,SP,,5.0,A,9.0,601+,27.6,350,6.2,701+,22.8,515,100.0,52,83.1,150,1.0,701+,94.8,26,1.6,701+,26,,,,,,,,,,,,,,,,,,
440,410=,Julius-Maximilians-Universität Würzburg,Germany,L,FC,VH,5.0,A,17.4,511,6.0,601+,4.9,701+,68.0,154,35.5,449,16.4,591,41.9,363,9.5,701+,11.7,647=,25.9,,,,,,,,,,,,,,,,,,
441,354, University of Dundee,United Kingdom,L,FC,HI,4.0,A,18.3,488,13.6,595,37.5,418,14.2,654,96.0,142,79.9,162,27.4,475,10.5,701+,21.8,524=,25.9,,,,,,,,,,,,,,,,,,
441,433,Université Laval,Canada,L,FC,VH,5.0,A,19.9,443,11.0,601+,25.6,577,25.1,484,67.4,290,36.3,372,55.4,280,24.4,343,31.0,432=,25.9,,,,,,,,,,,,,,,,,,
441,392=,University of Utah,United States,L,FC,VH,5.0,A,15.9,548,6.0,601+,53.0,295,36.5,383,25.3,530,10.1,701+,54.4,289,14.9,560,49.0,315,25.9,,,,,,,,,,,,,,,,,,
444,601-650,National and Kapodistrian University of Athens,Greece,XL,FC,VH,5.0,A,26.3,336,31.6,312,2.0,701+,29.1,441,9.9,701+,16.2,595,72.8,182,28.9,276,16.1,592=,25.8,,,,,,,,,,,,,,,,,,
444,350=,University of Connecticut,United States,L,FC,VH,5.0,A,15.1,576,6.9,601+,14.5,701+,41.6,327,47.0,368,19.0,560,61.4,237,21.7,383,61.9,243=,25.8,,,,,,,,,,,,,,,,,,
446,561-570,Aston University,United Kingdom,L,CO,VH,4.0,A,12.9,601+,22.8,416,10.0,701+,34.1,400,93.0,164,38.3,359,50.5,310,18.1,463,12.3,640=,25.7,,,,,,,,,,,,,,,,,,
446,350=,Johannes Kepler University Linz,Austria,M,CO,VH,4.0,A,12.5,601+,13.5,598,82.9,122,16.1,617,86.3,201,27.2,447,26.5,487,11.1,701+,18.4,560=,25.7,,,,,,,,,,,,,,,,,,
446,601-650,"The University of Tennessee, Knoxville",United States,L,FC,VH,5.0,A,10.3,601+,15.4,534,10.8,701+,72.5,135,4.2,701+,2.5,701+,45.2,345,11.9,701+,30.7,438=,25.7,,,,,,,,,,,,,,,,,,
446,,Toyota Technological Institute in Japan,Japan,S,FO,VH,3.0,C,5.2,601+,1.6,601+,37.5,419,96.4,45,7.7,701+,1.6,701+,1.0,701+,8.4,701+,,,25.7,,,,,,,,,,,,,,,,,,
446,347=,University of Jyväskylä,Finland,M,FO,VH,4.0,A,17.2,518,12.5,601+,86.2,100,15.3,626,40.9,404,2.8,701+,54.7,287,11.4,701+,30.2,447=,25.7,,,,,,,,,,,,,,,,,,
451,531-540,Iran University of Science and Technology,"Iran, Islamic Republic of",L,FO,VH,4.0,A,6.6,601+,23.2,410,2.5,701+,94.8,54,,,1.5,701+,11.1,652,5.5,701+,1.5,701+,25.6,,,,,,,,,,,,,,,,,,
452,499=,Central South University,China (Mainland),XL,FC,VH,2.0,A,8.8,601+,3.4,601+,5.6,701+,98.4,28,6.6,701+,3.6,701+,13.5,616,9.9,701+,8.9,689=,25.5,,,,,,,,,,,,,,,,,,
452,601-650,Université Claude Bernard Lyon 1,France,XL,FC,VH,5.0,A,18.9,471,4.1,601+,8.2,701+,55.3,233,7.9,701+,13.2,659,90.8,78,8.8,701+,26.6,481=,25.5,,,,,,,,,,,,,,,,,,
454,378=,Czech Technical University in Prague,Czech Republic,L,SP,,5.0,A,21.5,403,37.6,259,75.8,161,4.1,701+,25.6,526,39.2,349,15.3,592,13.8,618,1.6,701+,25.2,,,,,,,,,,,,,,,,,,
454,396=,Indian Institute of Technology Indore (IIT Indore),India,S,FO,VH,2.0,A,5.6,601+,4.3,601+,33.3,478,94.4,57,2.3,701+,1.1,701+,1.2,701+,8.4,701+,2.0,701+,25.2,,,,,,,,,,,,,,,,,,
454,461=,Southeast University,China (Mainland),XL,FC,VH,3.0,A,12.8,601+,7.4,601+,23.9,593,73.1,134,15.1,664,3.5,701+,21.1,536,8.8,701+,16.9,581=,25.2,,,,,,,,,,,,,,,,,,
454,384=,Sultan Qaboos University,Oman,M,FC,VH,3.0,A,16.7,528,13.7,593,56.7,259,18.4,577,100.0,58,3.4,701+,48.3,325,17.4,478,8.0,701+,25.2,,,,,,,,,,,,,,,,,,
454,541-550,Universität Mannheim,Germany,M,FO,VH,5.0,A,16.1,545,48.6,179,2.1,701+,45.1,299,29.1,495,20.9,536,2.0,701+,23.8,355,2.5,701+,25.2,,,,,,,,,,,,,,,,,,
459,465=,"Essex, University of",United Kingdom,L,CO,VH,4.0,A,16.4,535,5.1,601+,13.0,701+,25.6,475,99.8,82,99.0,53,40.1,380,13.4,638,9.6,678=,25.1,,,,,,,,,,,,,,,,,,
460,601-650,Universität Potsdam,Germany,L,FO,VH,3.0,A,16.0,547,3.1,601+,16.4,701+,38.6,359,51.0,353,21.8,518,86.3,105,7.2,701+,42.6,345=,25,,,,,,,,,,,,,,,,,,
461,511-520,Florida State University,United States,XL,FC,VH,5.0,A,25.1,349,25.7,374,6.8,701+,30.7,430,15.6,659,3.9,701+,40.1,379,20.5,407,54.3,283=,24.9,,,,,,,,,,,,,,,,,,
461,308=,National Research Nuclear University MEPhI (Moscow Engineering Physics Institute),Russia,S,FO,VH,2.0,A,10.2,601+,10.1,601+,99.0,36,10.9,701+,54.1,341,90.7,115,2.0,701+,18.0,466,1.2,701+,24.9,,,,,,,,,,,,,,,,,,
461,352=,Universität Jena,Germany,L,FC,VH,5.0,A,18.5,482,6.0,601+,99.9,20,10.0,701+,,,22.4,509,84.0,125,8.1,701+,16.1,592=,24.9,,,,,,,,,,,,,,,,,,
464,420=,Johannes Gutenberg Universität Mainz,Germany,XL,FC,VH,5.0,A,22.6,389,12.7,601+,54.5,281,14.8,641,38.5,418,16.2,594,70.2,193,10.4,701+,19.0,552=,24.8,,,,,,,,,,,,,,,,,,
465,501-510,Colorado School of Mines,United States,M,FO,VH,5.0,A,7.2,601+,9.6,601+,19.7,675,70.8,143,29.6,491,9.0,701+,2.3,701+,17.4,481,42.0,355,24.7,,,,,,,,,,,,,,,,,,
465,369=,Umea University,Sweden,L,FC,VH,4.0,A,19.7,449,13.9,583,68.3,191,14.9,637,23.8,554,9.6,701+,44.8,349,12.7,681,47.8,318=,24.7,,,,,,,,,,,,,,,,,,
465,521-530,University of Bordeaux,France,XL,FO,VH,5.0,A,30.2,289,5.3,601+,14.4,701+,21.4,537,25.6,527,19.5,554,91.2,74,11.9,701+,35.8,393=,24.7,,,,,,,,,,,,,,,,,,
465,601-650,University of Sharjah,United Arab Emirates,L,CO,VH,3.0,B,16.7,530,18.8,473,5.5,701+,13.5,668,100.0,9,99.7,35,35.9,413,14.1,600,24.6,495=,24.7,,,,,,,,,,,,,,,,,,
469,490=,Ben-Gurion University of The Negev,Israel,L,FC,VH,4.0,A,14.6,592,14.2,577,11.7,701+,52.7,245,65.3,294,15.7,607,20.1,544,10.5,701+,18.2,564=,24.6,,,,,,,,,,,,,,,,,,
469,443=,Illinois Institute of Technology,United States,M,CO,VH,5.0,B,14.2,601+,15.6,532,13.0,701+,48.5,280,30.1,490,94.1,93,1.5,701+,13.6,632,2.5,701+,24.6,,,,,,,,,,,,,,,,,,
469,561-570,Università degli Studi di Pavia,Italy,L,FC,VH,5.0,A,21.2,413,5.8,601+,7.5,701+,51.0,257,6.1,701+,13.2,657,53.1,296,13.2,652,44.4,336=,24.6,,,,,,,,,,,,,,,,,,
472,338,Hiroshima University,Japan,L,FC,VH,4.0,A,23.6,366,14.0,581,81.0,136,9.6,701+,17.3,624,12.9,663,30.0,457,9.8,701+,37.5,382=,24.5,,,,,,,,,,,,,,,,,,
473,443=,Beihang University (former BUAA),China (Mainland),L,CO,VH,2.0,A,13.1,601+,5.5,601+,36.1,440,68.7,150,7.5,701+,4.9,701+,7.0,701+,13.1,656,15.2,608=,24.4,,,,,,,,,,,,,,,,,,
473,335=,Ural Federal University - UrFU,Russia,XL,CO,VH,5.0,A,21.3,410,13.3,601+,93.2,70,2.1,701+,5.7,701+,25.8,465,63.3,225,7.4,701+,24.8,490=,24.4,,,,,,,,,,,,,,,,,,
473,400=,Vilnius University ,Lithuania,L,FC,HI,5.0,A,19.8,447,27.8,346,83.0,119,3.0,701+,13.0,701+,14.9,622,43.5,351,25.5,325,11.7,647=,24.4,,,,,,,,,,,,,,,,,,
476,363=,Kobe University,Japan,L,FC,VH,4.0,A,28.5,308,38.8,248,53.2,292,11.6,701+,7.4,701+,7.7,701+,8.7,701+,11.9,701+,10.9,658=,24.3,,,,,,,,,,,,,,,,,,
476,400=,Universitat Politècnica de València,Spain,L,CO,VH,4.0,A,26.2,338,12.0,601+,47.0,332,19.6,561,4.3,701+,23.9,489,56.8,271,8.1,701+,28.1,467=,24.3,,,,,,,,,,,,,,,,,,
478,541-550,Universität Konstanz,Germany,M,CO,VH,4.0,A,20.4,430,6.9,601+,33.7,473,21.2,541,79.8,230,14.2,638,24.1,506,15.6,536,55.8,271=,24.2,,,,,,,,,,,,,,,,,,
479,420=,Universität Leipzig,Germany,L,FC,VH,5.0,A,25.4,344,10.2,601+,71.0,181,9.6,701+,,,15.8,602,59.3,249,10.0,701+,34.6,403=,24.1,,,,,,,,,,,,,,,,,,
480,501-510,Missouri University of Science and Technology,United States,M,CO,VH,5.0,A,4.6,601+,4.8,601+,6.5,701+,85.1,94,61.1,313,12.3,674,2.1,701+,9.6,701+,1.6,701+,24,,,,,,,,,,,,,,,,,,
481,601-650,Bangor University,United Kingdom,M,FC,VH,5.0,A,8.8,601+,5.3,601+,14.9,701+,39.7,346,42.2,391,55.4,267,24.6,503,13.0,661,87.4,108=,23.9,,,,,,,,,,,,,,,,,,
481,531-540,Hitotsubashi University,Japan,M,SP,,4.0,A,14.4,601+,80.6,72,28.6,538,2.2,701+,21.6,578,22.4,508,1.0,701+,38.4,190,1.1,701+,23.9,,,,,,,,,,,,,,,,,,
481,601-650,Leibniz University Hannover,Germany,L,CO,VH,5.0,A,21.3,408,33.2,298,16.8,701+,14.8,640,40.5,408,30.6,418,44.3,350,13.1,654,29.9,449=,23.9,,,,,,,,,,,,,,,,,,
481,405,Satbayev University,Kazakhstan,M,FO,VH,4.0,A,23.3,370,36.0,272,84.3,111,1.2,701+,40.5,407,4.2,701+,1.0,701+,10.5,701+,1.3,701+,23.9,,,,,,,,,,,,,,,,,,
481,601-650,University of Milano-Bicocca ,Italy,L,FO,VH,3.0,A,20.6,424,9.6,601+,2.9,701+,57.1,227,3.3,701+,4.6,701+,45.2,344,13.2,650,29.4,453=,24,,,,,,,,,,,,,,,,,,
485,571-580,Universitat de Valencia,Spain,XL,FC,VH,5.0,A,33.9,255,7.3,601+,10.9,701+,22.4,523,2.3,701+,16.6,588,83.4,128,6.6,701+,31.6,425=,23.8,,,,,,,,,,,,,,,,,,
486,561-570,University of Electronic Science and Technology of China,China (Mainland),XL,CO,VH,4.0,A,4.3,601+,3.0,601+,8.6,701+,96.4,46,3.4,701+,2.6,701+,21.7,530,7.6,701+,3.5,701+,23.7,,,,,,,,,,,,,,,,,,
486,591-600,University of Guelph,Canada,L,CO,VH,4.0,A,13.5,601+,20.9,444,5.8,701+,47.5,286,43.5,384,15.1,618,22.3,525,13.1,658,36.3,389=,23.7,,,,,,,,,,,,,,,,,,
489,449=,IPB University (a.k.a. Bogor Agricultural University),Indonesia,L,CO,VH,4.0,A,21.6,399,39.0,244,66.1,203,1.7,701+,54.6,339,3.8,701+,1.2,701+,24.1,347,3.4,701+,23.6,,,,,,,,,,,,,,,,,,
489,499=,"University of Rome ""Tor Vergata""",Italy,L,CO,VH,3.0,A,31.5,277,12.6,601+,7.6,701+,38.1,367,7.1,701+,16.2,596,32.8,435,7.8,701+,15.2,608=,23.6,,,,,,,,,,,,,,,,,,
491,561-570,Dalian University of Technology,China (Mainland),XL,CO,VH,4.0,A,9.1,601+,3.2,601+,16.8,701+,79.8,110,12.2,701+,3.2,701+,16.3,582,13.7,627,8.7,691=,23.5,,,,,,,,,,,,,,,,,,
491,425=,University at Buffalo SUNY,United States,L,FC,VH,5.0,A,18.0,499,8.3,601+,7.8,701+,37.2,378,42.8,389,33.3,390,23.3,516,24.6,340,50.6,305=,23.5,,,,,,,,,,,,,,,,,,
491,467=,University of Iowa,United States,L,FC,VH,5.0,A,19.9,444,11.2,601+,48.2,325,20.9,548,22.3,569,4.6,701+,51.3,304,22.1,374,38.4,373=,23.5,,,,,,,,,,,,,,,,,,
494,392=,Chung-Ang University (CAU),South Korea,L,FC,VH,4.0,B,19.8,445,36.2,271,69.5,186,8.9,701+,13.8,690,36.3,373,1.7,701+,12.8,672,2.5,701+,23.4,,,,,,,,,,,,,,,,,,
494,591-600,Hunan University ,China (Mainland),XL,CO,VH,4.0,A,8.6,601+,8.4,601+,13.8,701+,82.0,104,4.9,701+,1.9,701+,3.8,701+,18.7,447,7.0,701+,23.4,,,,,,,,,,,,,,,,,,
494,461=,Rensselaer Polytechnic Institute,United States,M,CO,VH,5.0,B,8.3,601+,7.0,601+,19.5,682,70.7,144,4.0,701+,44.3,326,1.6,701+,24.1,350,2.7,701+,23.4,,,,,,,,,,,,,,,,,,
494,561-570,Universidad de Sevilla,Spain,XL,FC,VH,5.0,A,38.8,220,10.4,601+,16.7,701+,8.5,701+,3.6,701+,16.0,599,82.0,135,8.0,701+,29.1,456=,23.4,,,,,,,,,,,,,,,,,,
498,346,Ewha Womans University,South Korea,L,FC,HI,4.0,B,26.7,325,23.0,413,77.4,150,7.7,701+,7.8,701+,19.8,551,1.6,701+,15.3,552,6.9,701+,23.2,,,,,,,,,,,,,,,,,,
498,601-650,Ulster University,United Kingdom,L,CO,VH,4.0,A,8.4,601+,13.0,601+,11.9,701+,12.1,697,100.0,72,90.5,117,38.5,388,11.6,701+,63.7,230,23.2,,,,,,,,,,,,,,,,,,
498,581-590,University of Delaware,United States,L,CO,VH,5.0,A,10.3,601+,7.9,601+,6.9,701+,59.1,212,36.3,444,13.7,649,28.2,468,19.8,419,31.8,424,23.2,,,,,,,,,,,,,,,,,,
498,591-600,University of Jordan,Jordan,XL,FC,HI,4.0,A,29.1,297,38.8,250,17.4,701+,3.3,701+,20.6,586,34.1,385,13.8,613,29.8,264,28.9,460=,23.2,,,,,,,,,,,,,,,,,,
502,561-570,Bilkent University,Turkey,M,CO,VH,3.0,B,22.2,396,44.9,196,17.2,701+,12.9,679,72.0,264,5.7,701+,4.1,701+,14.3,588,14.2,621=,23.1,,,,,,,,,,,,,,,,,,
502,497=,Jilin University,China (Mainland),XL,FC,VH,4.0,A,14.3,601+,47.1,189,39.3,405,23.6,506,12.4,701+,2.2,701+,17.9,563,18.3,458,13.7,627=,23.1,,,,,,,,,,,,,,,,,,
502,701-750,University of Portsmouth,United Kingdom,L,CO,VH,3.0,A,8.4,601+,9.6,601+,8.7,701+,18.7,572,75.1,253,87.3,134,44.8,348,12.6,690,73.1,187=,23.1,,,,,,,,,,,,,,,,,,
505,581-590,Macau University of Science and Technology,Macau SAR,L,CO,VH,2.0,B,4.2,601+,4.2,601+,4.5,701+,47.8,283,100.0,12,100.0,1,2.4,701+,20.9,394,1.1,701+,23,,,,,,,,,,,,,,,,,,
505,428=,National Sun Yat-sen University,Taiwan,M,CO,VH,3.0,A,26.5,330,24.4,395,29.5,527,25.2,483,23.8,552,10.3,701+,2.5,701+,12.1,701+,20.9,536=,23,,,,,,,,,,,,,,,,,,
505,601-650,Oregon State University,United States,L,CO,VH,5.0,A,15.7,556,4.6,601+,18.9,698,41.1,334,17.0,627,9.6,701+,58.2,259,14.1,607,53.1,291,23,,,,,,,,,,,,,,,,,,
505,511-520,Università Cattolica del Sacro Cuore,Italy,L,FO,VH,5.0,B,23.5,367,31.4,314,35.0,453,13.4,672,10.4,701+,12.7,668,9.0,696,26.0,318,44.4,336=,23,,,,,,,,,,,,,,,,,,
509,457=,Sogang University,South Korea,M,CO,VH,4.0,B,21.5,401,49.1,178,55.7,269,5.5,701+,7.2,701+,24.3,483,1.0,701+,16.5,513,1.4,701+,22.9,,,,,,,,,,,,,,,,,,
509,511-520,University of Bayreuth,Germany,M,CO,VH,3.0,A,10.3,601+,19.3,467,46.4,338,27.0,464,50.1,357,21.9,515,40.2,374,12.1,701+,15.4,603=,22.9,,,,,,,,,,,,,,,,,,
511,541-550,East China Normal University,China (Mainland),L,CO,VH,4.0,A,15.2,571,3.7,601+,19.1,693,53.1,243,23.3,562,19.6,553,31.0,453,11.7,701+,19.7,548,22.8,,,,,,,,,,,,,,,,,,
511,443=,SOAS University of London ,United Kingdom,M,SP,,5.0,A,18.1,494,9.5,601+,18.3,701+,15.2,629,100.0,51,99.0,51,1.0,701+,19.6,427,3.8,701+,22.8,,,,,,,,,,,,,,,,,,
511,581-590,Université Paul Sabatier Toulouse III,France,L,FO,VH,5.0,A,18.4,485,3.4,601+,40.4,388,24.8,493,5.5,701+,23.5,493,98.2,20,7.4,701+,21.8,524=,22.8,,,,,,,,,,,,,,,,,,
514,701-750,Boğaziçi University,Turkey,L,CO,HI,5.0,A,23.0,378,58.4,138,4.0,701+,14.3,649,11.1,701+,2.6,701+,4.9,701+,52.7,121,6.2,701+,22.7,,,,,,,,,,,,,,,,,,
514,801-1000,Duy Tan University,Vietnam,L,CO,VH,3.0,C,10.7,601+,26.3,367,3.8,701+,33.6,408,37.0,436,1.2,701+,63.7,222,10.9,701+,57.4,263=,22.7,,,,,,,,,,,,,,,,,,
514,323,Pontificia Universidad Católica Argentina,Argentina,L,FC,MD,4.0,B,20.4,431,32.3,303,99.9,22,1.1,701+,1.9,701+,8.8,701+,1.0,701+,19.8,420,1.0,701+,22.7,,,,,,,,,,,,,,,,,,
514,422=,Shanghai University,China (Mainland),XL,CO,VH,3.0,A,22.2,397,9.0,601+,53.3,291,25.4,476,43.8,383,5.9,701+,11.5,643,11.1,701+,15.8,598=,22.7,,,,,,,,,,,,,,,,,,
514,601-650,The University of Georgia,United States,XL,FC,VH,5.0,A,20.9,421,18.2,481,9.7,701+,29.7,435,9.7,701+,4.5,701+,59.1,253,17.7,470,46.6,327=,22.7,,,,,,,,,,,,,,,,,,
514,601-650,Universität Bremen,Germany,L,CO,VH,4.0,A,19.7,450,8.4,601+,16.3,701+,24.4,496,41.7,394,26.7,453,77.7,160,7.2,701+,28.1,467=,22.7,,,,,,,,,,,,,,,,,,
520,501-510,Kyungpook National University,South Korea,L,FC,VH,4.0,A,11.1,601+,18.0,486,64.5,217,17.2,597,9.8,701+,20.1,545,7.7,701+,43.1,168,54.6,279=,22.6,,,,,,,,,,,,,,,,,,
520,432,Universidad Austral,Argentina,S,FO,VH,3.0,B,19.4,460,52.5,152,75.4,165,1.8,701+,2.4,701+,8.5,701+,1.0,701+,9.4,701+,1.2,701+,22.6,,,,,,,,,,,,,,,,,,
520,521-530,University of Texas Dallas,United States,L,FC,VH,4.0,A,13.3,601+,11.6,601+,3.8,701+,54.5,236,5.4,701+,35.5,376,23.8,509,8.4,701+,41.1,358=,22.6,,,,,,,,,,,,,,,,,,
523,551-560,Universidad de Zaragoza,Spain,L,FC,VH,5.0,A,22.9,381,4.5,601+,57.6,252,7.1,701+,4.1,701+,9.7,701+,55.3,282,8.0,701+,80.6,145,22.5,,,,,,,,,,,,,,,,,,
523,651-700,University of Hull,United Kingdom,L,FC,HI,4.0,A,8.5,601+,3.5,601+,13.0,701+,25.4,477,57.4,322,67.4,221,36.4,407,16.8,507,85.2,118=,22.5,,,,,,,,,,,,,,,,,,
525,340=,Universiti Teknologi Brunei,Brunei,S,FO,VH,3.0,A,13.7,601+,3.9,601+,90.3,86,8.6,701+,100.0,46,5.5,701+,1.0,701+,34.2,226,1.0,701+,22.4,,,,,,,,,,,,,,,,,,
526,345,MGIMO University,Russia,M,SP,,4.0,A,11.8,601+,21.3,436,100.0,17,1.4,701+,12.7,701+,46.2,315,1.0,701+,47.6,144,1.0,701+,22.3,,,,,,,,,,,,,,,,,,
526,531-540,Sabanci University,Turkey,S,CO,VH,3.0,B,18.1,496,37.5,262,34.5,465,19.2,567,37.0,437,15.0,620,1.8,701+,11.2,701+,15.4,603=,22.3,,,,,,,,,,,,,,,,,,
526,541-550,University of Madras,India,S,CO,VH,5.0,A,8.7,601+,3.6,601+,,,95.4,51,,,,,2.4,701+,,,1.1,701+,22.3,,,,,,,,,,,,,,,,,,
529,601-650,Edith Cowan University ,Australia,L,CO,VH,3.0,A,8.7,601+,8.1,601+,6.2,701+,41.0,335,77.5,240,72.6,197,18.7,554,12.0,701+,11.7,647=,22.2,,,,,,,,,,,,,,,,,,
530,651-700,Aristotle University of Thessaloniki,Greece,XL,FC,VH,4.0,A,28.7,305,25.9,370,3.8,701+,13.5,667,1.4,701+,4.0,701+,75.4,169,15.7,532,36.6,388,22.1,,,,,,,,,,,,,,,,,,
530,521-530,Christian-Albrechts-University zu Kiel,Germany,L,FC,VH,5.0,A,18.6,478,10.1,601+,47.7,328,16.1,616,,,9.4,701+,79.9,145,10.5,701+,42.3,351=,22.1,,,,,,,,,,,,,,,,,,
530,390=,Universidad de Palermo (UP),Argentina,S,FO,MD,3.0,B,9.3,601+,17.8,493,90.5,83,1.1,701+,40.4,411,96.6,79,1.0,701+,9.6,701+,1.0,701+,22.1,,,,,,,,,,,,,,,,,,
530,651-700,University of Genoa,Italy,L,FC,VH,5.0,A,17.4,511,3.8,601+,11.3,701+,40.6,340,4.8,701+,8.8,701+,54.3,291,12.7,679,61.9,243=,22.1,,,,,,,,,,,,,,,,,,
534,591-600,China Agricultural University ,China (Mainland),L,FC,VH,3.0,A,9.6,601+,2.1,601+,19.9,667,78.7,119,3.4,701+,1.6,701+,3.3,701+,6.5,701+,8.4,695=,22,,,,,,,,,,,,,,,,,,
534,382=,Peter the Great St. Petersburg Polytechnic University,Russia,L,FO,VH,5.0,A,16.7,529,9.0,601+,77.6,148,3.0,701+,15.0,669,87.6,131,21.9,528,4.3,701+,18.2,564=,22,,,,,,,,,,,,,,,,,,
534,591-600,University of Crete,Greece,L,FC,HI,4.0,A,15.1,575,14.3,573,3.0,701+,67.9,158,1.7,701+,3.8,701+,13.4,619,8.9,701+,3.5,701+,22,,,,,,,,,,,,,,,,,,
534,601-650,University of Salamanca,Spain,L,FC,VH,5.0,A,26.8,324,15.0,550,23.2,611,6.9,701+,6.7,701+,22.4,510,45.3,343,15.3,550,72.5,189=,22,,,,,,,,,,,,,,,,,,
538,511-520,Universidad de Alcalá,Spain,L,FC,HI,3.0,A,10.0,601+,4.7,601+,68.8,189,5.2,701+,20.0,590,66.3,225,37.9,395,9.4,701+,74.3,179,21.9,,,,,,,,,,,,,,,,,,
538,481=,Universiti Utara Malaysia (UUM),Malaysia,L,SP,,3.0,A,20.6,423,28.0,345,40.4,389,7.1,701+,18.8,603,79.8,164,3.4,701+,9.7,701+,10.6,661=,21.9,,,,,,,,,,,,,,,,,,
540,601-650,Lahore University of Management Sciences (LUMS),Pakistan,S,CO,VH,3.0,B,15.7,555,72.0,97,35.1,452,6.0,701+,7.3,701+,1.9,701+,1.1,701+,22.2,373,1.4,701+,21.8,,,,,,,,,,,,,,,,,,
540,541-550,Universidad Nacional de La Plata (UNLP),Argentina,XL,FC,HI,5.0,A,38.7,221,31.0,316,23.8,598,2.1,701+,3.6,701+,29.9,423,9.1,695,8.6,701+,5.1,701+,21.8,,,,,,,,,,,,,,,,,,
542,359=,ITMO University,Russia,M,FO,VH,5.0,A,12.0,601+,11.6,601+,96.2,55,6.9,701+,21.4,579,38.9,354,27.3,476,7.3,701+,15.0,612=,21.7,,,,,,,,,,,,,,,,,,
542,375=,University Ulm,Germany,M,FO,VH,4.0,A,7.6,601+,3.9,601+,78.3,144,33.7,404,41.1,403,21.1,533,14.5,603,7.2,701+,3.2,701+,21.7,,,,,,,,,,,,,,,,,,
544,511-520,Universidad de Costa Rica,Costa Rica,L,CO,HI,4.0,A,33.5,260,37.6,260,34.7,459,1.8,701+,,,,,6.0,701+,33.7,227,4.7,701+,21.6,,,,,,,,,,,,,,,,,,
545,501-510,Bar-Ilan University,Israel,L,FC,VH,4.0,A,8.0,601+,5.3,601+,7.8,701+,62.2,194,47.9,366,2.9,701+,10.2,667,15.2,554,28.4,463=,21.5,,,,,,,,,,,,,,,,,,
545,701-750,City University of New York,United States,XL,FC,VH,4.0,A,22.7,386,34.1,286,9.4,701+,5.8,701+,6.6,701+,4.9,701+,89.0,90,19.3,434,31.3,428=,21.5,,,,,,,,,,,,,,,,,,
545,561-570,Singapore Management University,Singapore,M,SP,,2.0,A,11.8,601+,15.3,538,10.5,701+,20.9,546,100.0,39,63.3,238,1.2,701+,25.0,331,21.4,531=,21.5,,,,,,,,,,,,,,,,,,
548,591-600,Lehigh University,United States,M,CO,VH,5.0,B,5.8,601+,4.2,601+,26.2,567,38.4,362,62.4,311,29.6,426,9.1,693,28.3,285,47.5,320=,21.4,,,,,,,,,,,,,,,,,,
548,651-700,Northumbria University at Newcastle,United Kingdom,L,CO,VH,4.0,A,10.5,601+,15.9,530,10.7,701+,16.0,621,67.2,291,72.3,199,49.8,314,16.0,523,29.1,456=,21.4,,,,,,,,,,,,,,,,,,
548,551-560,University of Eastern Finland,Finland,L,CO,VH,4.0,A,14.8,588,9.7,601+,39.4,403,24.6,494,30.9,482,4.8,701+,62.4,230,8.1,701+,28.4,463=,21.4,,,,,,,,,,,,,,,,,,
551,651-700,Ajman University,United Arab Emirates,S,CO,HI,3.0,C,13.6,601+,34.7,279,8.2,701+,2.2,701+,100.0,8,100.0,3,2.0,701+,13.3,644,3.0,701+,21.3,,,,,,,,,,,,,,,,,,
551,541-550,Canadian University Dubai,United Arab Emirates,S,FO,HI,2.0,C,14.7,591,14.4,567,31.3,505,2.3,701+,100.0,4,100.0,5,1.0,701+,22.3,371,1.0,701+,21.3,,,,,,,,,,,,,,,,,,
551,449=,Hasselt University ,Belgium,M,FO,VH,4.0,A,5.8,601+,3.4,601+,78.8,143,18.3,579,76.0,247,23.9,488,27.2,478,10.2,701+,15.9,596=,21.3,,,,,,,,,,,,,,,,,,
551,651-700,University of Nebraska - Lincoln,United States,L,CO,VH,5.0,A,10.8,601+,5.9,601+,18.8,700,33.7,406,30.4,488,8.2,701+,42.6,357,12.2,701+,79.1,156,21.3,,,,,,,,,,,,,,,,,,
555,651-700,Universiti Teknologi MARA - UiTM,Malaysia,XL,FC,VH,2.0,A,28.9,303,47.6,184,15.8,701+,2.8,701+,1.9,701+,2.1,701+,24.3,504,8.7,701+,31.0,432=,21.2,,,,,,,,,,,,,,,,,,
556,751-800,Florida International University,United States,XL,FC,HI,4.0,A,14.9,586,35.4,274,12.0,701+,12.8,682,21.1,581,12.1,676,68.1,207,14.2,594,39.0,367=,21.1,,,,,,,,,,,,,,,,,,
556,,INTI International University,Malaysia,S,FO,HI,2.0,C,5.0,601+,14.8,556,84.3,112,1.7,701+,75.2,252,88.4,126,1.0,701+,9.1,701+,1.0,701+,21.1,,,,,,,,,,,,,,,,,,
556,591-600,Politecnico di Bari,Italy,S,SP,,3.0,A,6.5,601+,4.6,601+,15.6,701+,79.3,114,5.0,701+,7.9,701+,4.1,701+,5.5,701+,1.1,701+,21.1,,,,,,,,,,,,,,,,,,
556,601-650,Renmin (People's) University of China,China (Mainland),L,FO,VH,4.0,A,23.7,363,40.4,233,17.2,701+,8.0,701+,7.0,701+,5.3,701+,1.5,701+,62.4,94,18.2,564=,21.1,,,,,,,,,,,,,,,,,,
556,358,"University of Chemistry and Technology, Prague",Czech Republic,S,FO,VH,4.0,A,6.1,601+,7.9,601+,99.0,35,12.9,680,27.8,502,71.9,201,3.2,701+,10.1,701+,1.3,701+,21.1,,,,,,,,,,,,,,,,,,
561,651-700,Chongqing University,China (Mainland),XL,CO,VH,4.0,A,8.4,601+,3.8,601+,13.2,701+,70.4,146,14.7,672,2.2,701+,11.4,645,13.6,630,10.3,665=,21,,,,,,,,,,,,,,,,,,
561,651-700,University of Plymouth,United Kingdom,L,FC,HI,5.0,A,9.0,601+,12.1,601+,12.2,701+,29.1,443,51.3,352,38.9,352,45.4,342,11.2,701+,45.0,335,21,,,,,,,,,,,,,,,,,,
563,651-700,Ateneo de Manila University,Philippines,L,FC,MD,5.0,B,19.7,451,57.9,141,29.0,533,1.7,701+,3.3,701+,2.7,701+,1.1,701+,54.6,115,1.7,701+,20.9,,,,,,,,,,,,,,,,,,
563,571-580,Université de Fribourg,Switzerland,M,CO,VH,5.0,A,10.7,601+,3.8,601+,5.3,701+,38.8,355,100.0,76,45.4,319,8.9,701+,20.4,411,5.2,701+,20.9,,,,,,,,,,,,,,,,,,
563,601-650,University of South Florida,United States,XL,CO,VH,4.0,A,13.2,601+,10.2,601+,7.9,701+,36.6,381,30.7,485,13.8,646,57.8,261,10.6,701+,34.9,400=,20.9,,,,,,,,,,,,,,,,,,
567,481=,Bond University,Australia,S,FO,VH,3.0,B,4.7,601+,5.2,601+,44.1,356,22.8,518,87.7,195,93.6,96,1.1,701+,11.7,701+,1.1,701+,20.8,,,,,,,,,,,,,,,,,,
567,601-650,National Chengchi University,Taiwan,M,CO,HI,4.0,A,19.5,455,39.0,245,19.7,674,2.7,701+,27.1,507,23.5,491,1.0,701+,81.0,49,1.9,701+,20.8,,,,,,,,,,,,,,,,,,
567,751-800,Universidad Adolfo Ibáñez,Chile,M,FO,VH,3.0,B,19.1,469,73.5,90,4.2,701+,4.4,701+,37.7,427,4.2,701+,1.2,701+,13.7,624,1.1,701+,20.8,,,,,,,,,,,,,,,,,,
567,651-700,University of Huddersfield,United Kingdom,L,CO,VH,3.0,A,12.5,601+,15.0,548,6.7,701+,20.9,547,65.1,295,79.4,165,41.2,367,9.0,701+,7.3,701+,20.8,,,,,,,,,,,,,,,,,,
571,601-650,Chiang Mai University,Thailand,XL,FC,HI,4.0,A,33.8,256,19.3,466,16.4,701+,3.9,701+,5.1,701+,4.1,701+,20.9,538,17.1,495,59.2,252=,20.7,,,,,,,,,,,,,,,,,,
571,651-700,Coventry University,United Kingdom,XL,CO,VH,3.0,A,9.2,601+,12.5,601+,15.7,701+,6.8,701+,74.8,257,100.0,26,50.7,308,13.7,626,26.6,481=,20.7,,,,,,,,,,,,,,,,,,
571,651-700,Indian Institute of Technology (BHU) Varanasi,India,M,FO,VH,5.0,A,4.4,601+,3.6,601+,3.9,701+,88.7,78,1.4,701+,1.1,701+,1.5,701+,8.2,701+,4.0,701+,20.7,,,,,,,,,,,,,,,,,,
571,521-530,Warsaw University of Technology,Poland,L,FO,VH,5.0,A,22.8,382,49.8,172,38.7,408,4.3,701+,1.8,701+,10.3,701+,9.7,676,11.5,701+,2.1,701+,20.7,,,,,,,,,,,,,,,,,,
575,410=,HUFS - Hankuk (Korea) University of Foreign Studies ,South Korea,L,CO,HI,3.0,B,13.4,601+,23.9,404,85.3,104,1.6,701+,32.3,471,45.1,320,1.0,701+,5.7,701+,1.3,701+,20.6,,,,,,,,,,,,,,,,,,
575,701-750,University of South Carolina,United States,XL,FC,VH,5.0,A,14.7,590,11.8,601+,8.9,701+,33.6,407,37.8,424,3.5,701+,40.8,370,17.1,494,39.6,365,20.6,,,,,,,,,,,,,,,,,,
577,601-650,Lebanese University,Lebanon,XL,FC,HI,4.0,A,23.7,364,49.8,171,11.6,701+,2.1,701+,43.3,387,31.9,401,2.3,701+,9.9,701+,2.1,701+,20.5,,,,,,,,,,,,,,,,,,
577,384=,Taipei Medical University (TMU),Taiwan,M,SP,,2.0,B,10.3,601+,15.4,536,91.1,81,17.9,585,15.1,667,15.6,609,1.3,701+,9.9,701+,9.0,688,20.5,,,,,,,,,,,,,,,,,,
577,454=,University of Tromsø The Arctic University of Norway,Norway,L,FC,HI,4.0,A,12.1,601+,3.7,601+,70.5,182,8.9,701+,70.4,273,7.7,701+,42.5,360,9.6,701+,21.8,524=,20.5,,,,,,,,,,,,,,,,,,
580,651-700,Abu Dhabi University,United Arab Emirates,S,SP,,2.0,C,11.5,601+,17.9,490,12.6,701+,12.4,689,100.0,5,99.9,32,1.2,701+,11.3,701+,1.1,701+,20.4,,,,,,,,,,,,,,,,,,
580,486=,University of Klagenfurt,Austria,S,FO,VH,4.0,A,5.5,601+,4.3,601+,60.2,235,11.4,701+,95.2,148,86.6,137,3.0,701+,12.0,701+,1.6,701+,20.4,,,,,,,,,,,,,,,,,,
582,561-570,Applied Science University - Bahrain,Bahrain,S,FO,HI,2.0,B,18.2,493,21.9,429,36.8,431,1.7,701+,100.0,21,44.9,324,1.0,701+,8.3,701+,,,20.3,,,,,,,,,,,,,,,,,,
582,751-800,Universidad Católica Andres Bello,Venezuela,M,FO,MD,4.0,B,26.6,328,67.7,112,3.7,701+,1.0,701+,2.5,701+,2.9,701+,,,29.8,266,,,20.3,,,,,,,,,,,,,,,,,,
582,601-650,Universidad Pontificia Comillas,Spain,M,FO,VH,3.0,B,8.1,601+,65.9,121,39.9,395,2.3,701+,19.3,597,5.8,701+,1.0,701+,45.5,154,2.0,701+,20.3,,,,,,,,,,,,,,,,,,
586,398=,National Research Tomsk Polytechnic University,Russia,M,FO,VH,5.0,A,9.7,601+,7.5,601+,93.9,66,4.0,701+,8.1,701+,76.6,177,21.3,535,8.1,701+,8.3,701+,20.2,,,,,,,,,,,,,,,,,,
586,601-650,Sunway University,Malaysia,S,CO,VH,2.0,B,10.5,601+,44.1,204,52.2,303,7.2,701+,35.5,450,24.3,482,4.4,701+,9.2,701+,5.4,701+,20.2,,,,,,,,,,,,,,,,,,
586,511-520,"University of Missouri, Columbia",United States,L,FC,VH,5.0,A,14.2,601+,9.6,601+,40.2,392,17.4,591,56.4,329,3.3,701+,23.9,508,24.2,346,35.5,397=,20.2,,,,,,,,,,,,,,,,,,
590,651-700,Central Queensland University (CQUniversity Australia),Australia,S,CO,VH,3.0,A,8.7,601+,9.5,601+,24.0,592,16.0,619,98.0,113,98.1,61,1.2,701+,8.3,701+,5.6,701+,20.1,,,,,,,,,,,,,,,,,,
590,801-1000,Manchester Metropolitan University (MMU),United Kingdom,XL,CO,VH,4.0,A,12.0,601+,13.4,601+,8.5,701+,9.8,701+,44.4,380,40.5,339,66.6,210,14.6,576,69.3,210=,20.1,,,,,,,,,,,,,,,,,,
590,651-700,Prince Mohammad Bin Fahd university,Saudi Arabia,S,SP,,2.0,B,15.4,568,19.1,468,20.8,650,20.3,555,100.0,11,20.5,542,1.1,701+,9.4,701+,1.0,701+,20.1,,,,,,,,,,,,,,,,,,
593,511-520,"Goldsmiths, University of London",United Kingdom,M,FO,VH,5.0,A,14.9,587,6.0,601+,14.7,701+,13.6,663,97.8,117,92.8,101,1.2,701+,17.2,490,1.8,701+,20,,,,,,,,,,,,,,,,,,
593,801-1000,University of Central Florida,United States,XL,FC,VH,4.0,A,14.4,601+,37.1,264,2.8,701+,25.7,474,17.1,626,4.5,701+,32.1,445,11.1,701+,32.7,420=,20,,,,,,,,,,,,,,,,,,
595,477=,Imam Abdulrahman Bin Faisal University (IAU) (formerly UNIVERSITY OF DAMMAM),Saudi Arabia,L,FC,HI,3.0,A,7.6,601+,7.1,601+,85.9,101,2.3,701+,98.5,105,16.5,589,11.6,640,8.1,701+,19.0,552=,19.9,,,,,,,,,,,,,,,,,,
595,801-1000,Nottingham Trent University,United Kingdom,XL,CO,HI,3.0,A,10.6,601+,20.5,450,10.2,701+,5.2,701+,56.9,326,61.0,243,52.1,300,13.8,616,50.6,305=,19.9,,,,,,,,,,,,,,,,,,
595,601-650,Pontifícia Universidade Católica do Rio de Janeiro,Brazil,M,CO,VH,4.0,B,33.4,261,24.5,392,9.3,701+,7.7,701+,12.4,701+,1.6,701+,2.4,701+,28.6,279,32.7,420=,19.9,,,,,,,,,,,,,,,,,,
595,581-590,Shenzhen University,China (Mainland),XL,CO,VH,3.0,A,8.4,601+,2.3,601+,55.2,275,42.6,314,13.2,698,1.4,701+,14.3,609,17.6,472,15.8,598=,19.9,,,,,,,,,,,,,,,,,,
595,436=,Università Vita-Salute San Raffaele,Italy,S,SP,,3.0,B,3.1,601+,1.7,601+,98.8,40,39.0,352,8.3,701+,3.1,701+,3.6,701+,7.6,701+,1.0,701+,19.9,,,,,,,,,,,,,,,,,,
600,601-650,Nanjing University of Science and Technology,China (Mainland),L,FO,VH,2.0,A,5.1,601+,2.2,601+,10.9,701+,82.2,103,,,,,3.4,701+,6.2,701+,1.8,701+,19.8,,,,,,,,,,,,,,,,,,
600,651-700,Thammasat University,Thailand,XL,FC,HI,4.0,A,23.8,360,26.4,365,25.1,583,2.1,701+,11.6,701+,1.7,701+,2.0,701+,72.5,64,29.4,453=,19.8,,,,,,,,,,,,,,,,,,
600,471=,Tulane University,United States,L,FC,HI,5.0,B,9.6,601+,5.0,601+,81.5,134,10.4,701+,16.9,631,14.5,630,45.5,339,22.7,367,21.4,531=,19.8,,,,,,,,,,,,,,,,,,
600,441=,Universität des Saarlandes,Germany,L,FC,VH,4.0,A,11.1,601+,4.5,601+,89.9,87,8.3,701+,4.9,701+,39.2,350,39.0,384,20.1,416,2.0,701+,19.8,,,,,,,,,,,,,,,,,,
601-610,601-650,Abo Akademi University,Finland,M,CO,VH,5.0,A,8.3,601+,6.2,601+,23.6,605,40.7,336,45.2,377,15.5,612,29.5,460,11.5,701+,11.8,644=,-,,,,,,,,,,,,,,,,,,
601-610,651-700,American University in Dubai,United Arab Emirates,S,FO,HI,3.0,C,9.8,601+,16.8,513,20.4,657,1.9,701+,100.0,3,100.0,8,1.0,701+,37.3,195,1.0,701+,-,,,,,,,,,,,,,,,,,,
601-610,701-750,Charles Darwin University ,Australia,M,CO,VH,2.0,A,5.8,601+,4.7,601+,4.0,701+,41.3,331,37.4,429,76.7,176,3.6,701+,8.5,701+,45.3,334,-,,,,,,,,,,,,,,,,,,
601-610,651-700,Drexel University,United States,L,FC,VH,5.0,B,8.4,601+,6.1,601+,21.1,644,35.1,388,32.8,468,22.3,511,28.4,467,26.0,316,34.6,403=,-,,,,,,,,,,,,,,,,,,
601-610,601-650,Jawaharlal Nehru University,India,M,CO,VH,4.0,A,29.1,298,10.6,601+,12.2,701+,24.1,500,,,1.6,701+,4.8,701+,13.2,648,47.5,320=,-,,,,,,,,,,,,,,,,,,
601-610,601-650,"Kingston University, London",United Kingdom,L,CO,HI,3.0,A,17.5,506,12.6,601+,6.1,701+,8.7,701+,71.9,265,99.4,45,9.2,690,14.1,605,9.8,669=,-,,,,,,,,,,,,,,,,,,
601-610,449=,Umm Al-Qura University ,Saudi Arabia,XL,FC,HI,4.0,A,18.3,489,9.4,601+,56.9,256,2.0,701+,100.0,71,17.6,581,4.5,701+,8.2,701+,3.1,701+,-,,,,,,,,,,,,,,,,,,
601-610,601-650,Universidad de Concepción,Chile,L,FC,HI,5.0,B,27.0,322,35.6,273,13.1,701+,7.4,701+,13.1,699,2.2,701+,16.3,581,9.5,701+,31.6,425=,-,,,,,,,,,,,,,,,,,,
601-610,551-560,University of Szeged,Hungary,L,FC,HI,5.0,B,18.0,498,12.0,601+,44.6,352,4.9,701+,11.9,701+,50.5,288,34.6,420,9.1,701+,34.9,400=,-,,,,,,,,,,,,,,,,,,
611-620,601-650,Al Ain University,United Arab Emirates,S,FO,VH,2.0,B,17.4,509,11.0,601+,11.9,701+,4.2,701+,100.0,1,100.0,21,1.4,701+,11.4,701+,1.0,701+,-,,,,,,,,,,,,,,,,,,
611-620,443=,Auezov South Kazakhstan University (SKU),Kazakhstan,L,CO,MD,4.0,A,15.2,574,21.5,432,92.0,76,1.0,701+,13.3,697,21.3,526,1.0,701+,11.2,701+,1.0,701+,-,,,,,,,,,,,,,,,,,,
611-620,701-750,Brno University of Technology,Czech Republic,L,FO,VH,5.0,A,13.1,601+,34.7,280,22.7,623,6.7,701+,9.0,701+,70.9,204,38.6,387,14.2,597,2.7,701+,-,,,,,,,,,,,,,,,,,,
611-620,477=,Martin-Luther-Universität Halle-Wittenberg,Germany,L,FC,VH,5.0,A,14.4,599,4.3,601+,82.8,123,6.9,701+,,,9.8,701+,73.4,179,7.6,701+,5.8,701+,-,,,,,,,,,,,,,,,,,,
611-620,581-590,National Central University,Taiwan,M,CO,VH,4.0,A,21.5,402,27.1,358,23.0,617,17.8,586,12.9,701+,9.1,701+,2.1,701+,6.5,701+,30.2,447=,-,,,,,,,,,,,,,,,,,,
611-620,601-650,Pusan National University,South Korea,L,FC,VH,4.0,A,23.0,379,18.5,475,38.0,416,17.1,599,10.4,701+,12.4,672,7.9,701+,13.3,643,8.1,701+,-,,,,,,,,,,,,,,,,,,
611-620,392=,Tokyo Medical and Dental University (TMDU),Japan,S,FO,VH,4.0,A,11.5,601+,5.8,601+,100.0,10,18.2,580,3.5,701+,15.3,614,1.2,701+,8.0,701+,1.1,701+,-,,,,,,,,,,,,,,,,,,
611-620,591-600,University of Minho,Portugal,L,FC,VH,4.0,A,15.6,562,8.7,601+,32.8,483,18.7,573,19.4,596,18.0,575,52.7,297,10.2,701+,27.6,471=,-,,,,,,,,,,,,,,,,,,
621-630,,Asia Pacific University of Technology and Innovation (APU),Malaysia,S,FO,VH,2.0,C,6.4,601+,8.6,601+,57.8,250,1.5,701+,89.8,185,100.0,16,1.0,701+,9.4,701+,1.0,701+,-,,,,,,,,,,,,,,,,,,
621-630,475=,Chang Gung University,Taiwan,M,FO,VH,3.0,B,5.7,601+,4.6,601+,70.0,184,43.0,309,4.3,701+,4.7,701+,1.4,701+,7.9,701+,4.1,701+,-,,,,,,,,,,,,,,,,,,
621-630,701-750,Institut Teknologi Sepuluh Nopember (ITS Surabaya),Indonesia,L,SP,,2.0,A,15.3,570,41.0,227,36.9,427,1.7,701+,43.1,388,5.2,701+,1.0,701+,14.5,577,26.3,484,-,,,,,,,,,,,,,,,,,,
621-630,601-650,Management and Science University,Malaysia,S,FO,VH,2.0,C,12.4,601+,12.2,601+,33.5,476,1.6,701+,90.5,180,94.1,92,1.0,701+,10.1,701+,1.0,701+,-,,,,,,,,,,,,,,,,,,
621-630,551-560,Northwestern Polytechnical University,China (Mainland),XL,CO,VH,4.0,A,5.9,601+,2.5,601+,46.0,341,53.6,239,13.9,686,4.8,701+,6.1,701+,10.1,701+,3.2,701+,-,,,,,,,,,,,,,,,,,,
621-630,701-750,Stevens Institute of Technology,United States,M,CO,VH,5.0,B,2.7,601+,2.9,601+,4.7,701+,52.4,246,37.5,428,91.4,110,1.2,701+,12.2,701+,1.1,701+,-,,,,,,,,,,,,,,,,,,
621-630,651-700,Universitat Ramon Llull,Spain,L,CO,HI,3.0,B,10.4,601+,43.7,208,6.3,701+,8.5,701+,94.7,153,32.2,399,2.4,701+,15.6,535,1.4,701+,-,,,,,,,,,,,,,,,,,,
621-630,801-1000,University of Kwazulu-Natal,South Africa,L,FC,VH,4.0,A,12.9,601+,11.8,601+,6.5,701+,22.8,516,25.1,534,1.9,701+,78.1,157,28.0,287,37.8,379=,-,,,,,,,,,,,,,,,,,,
621-630,601-650,University of Ljubljana,Slovenia,XL,FC,VH,5.0,A,20.0,439,9.5,601+,35.6,446,6.3,701+,4.5,701+,10.7,701+,59.3,250,48.9,139,17.2,574=,-,,,,,,,,,,,,,,,,,,
621-630,701-750,University of the Basque Country,Spain,XL,CO,VH,3.0,A,19.4,457,6.4,601+,34.7,462,17.4,593,2.5,701+,3.8,701+,73.6,178,7.0,701+,21.2,533=,-,,,,,,,,,,,,,,,,,,
621-630,801-1000,Zhengzhou University,China (Mainland),XL,FC,VH,4.0,A,5.4,601+,19.7,461,4.7,701+,65.6,168,,,2.5,701+,4.4,701+,6.7,701+,3.2,701+,-,,,,,,,,,,,,,,,,,,
631-640,488=,Ajou University ,South Korea,M,FC,VH,4.0,B,15.5,563,15.4,535,65.1,211,17.4,595,6.2,701+,13.7,648,1.1,701+,8.3,701+,5.0,701+,-,,,,,,,,,,,,,,,,,,
631-640,561-570,Boston College,United States,L,CO,VH,5.0,B,20.5,426,12.9,601+,19.3,684,21.5,535,12.0,701+,18.3,568,9.1,694,38.4,189,15.9,596=,-,,,,,,,,,,,,,,,,,,
631-640,701-750,Jinan University (China),China (Mainland),XL,FC,VH,4.0,A,5.6,601+,2.1,601+,9.4,701+,42.9,310,36.7,440,85.2,142,9.6,677,7.3,701+,5.0,701+,-,,,,,,,,,,,,,,,,,,
631-640,651-700,Palacký University Olomouc,Czech Republic,L,FO,VH,5.0,A,15.0,583,17.9,492,29.6,524,8.6,701+,33.3,465,19.5,555,54.0,292,9.5,701+,23.7,506=,-,,,,,,,,,,,,,,,,,,
631-640,701-750,Ritsumeikan University,Japan,XL,CO,HI,5.0,B,15.2,572,68.4,108,8.1,701+,3.8,701+,24.7,540,10.2,701+,2.0,701+,8.7,701+,2.2,701+,-,,,,,,,,,,,,,,,,,,
631-640,531-540,Saint Joseph University of Beirut (USJ) ,Lebanon,M,FC,HI,5.0,B,9.2,601+,27.6,354,46.8,334,2.5,701+,90.8,178,19.7,552,1.0,701+,13.0,664,9.7,673=,-,,,,,,,,,,,,,,,,,,
631-640,701-750,Universidad Central de Venezuela,Venezuela,XL,FC,MD,5.0,A,23.1,374,58.4,139,21.0,648,1.1,701+,,,,,1.2,701+,14.3,590,1.1,701+,-,,,,,,,,,,,,,,,,,,
631-640,751-800,Université de Lille,France,XL,FO,VH,1.0,A,25.3,346,4.2,601+,4.4,701+,14.6,643,16.8,637,17.6,580,86.3,106,7.0,701+,17.2,574=,-,,,,,,,,,,,,,,,,,,
631-640,701-750,University of New Mexico,United States,L,FC,VH,5.0,A,11.6,601+,13.9,582,38.3,412,16.4,608,15.7,658,4.0,701+,57.5,263,9.3,701+,33.8,411=,-,,,,,,,,,,,,,,,,,,
641-650,434=,Far Eastern Federal University,Russia,L,CO,HI,5.0,A,10.6,601+,3.5,601+,94.9,62,1.8,701+,14.1,685,66.1,227,5.1,701+,8.2,701+,1.2,701+,-,,,,,,,,,,,,,,,,,,
641-650,701-750,Free University of Bozen-Bolzano,Italy,S,FO,VH,3.0,A,5.0,601+,1.5,601+,11.0,701+,47.6,285,74.8,256,26.3,460,11.1,651,8.0,701+,1.9,701+,-,,,,,,,,,,,,,,,,,,
641-650,481=,Kazakh National Agrarian University KazNAU,Kazakhstan,M,SP,,4.0,A,17.4,510,13.1,601+,79.8,139,1.1,701+,20.2,588,24.3,481,1.0,701+,11.8,701+,1.1,701+,-,,,,,,,,,,,,,,,,,,
641-650,601-650,"Lingnan University, Hong Kong",Hong Kong SAR,S,SP,,2.0,A,9.3,601+,5.5,601+,14.6,701+,16.3,611,100.0,32,95.0,88,1.1,701+,8.0,701+,1.1,701+,-,,,,,,,,,,,,,,,,,,
641-650,751-800,Memorial University of Newfoundland,Canada,L,FC,HI,4.0,A,7.0,601+,4.6,601+,11.0,701+,28.5,449,25.3,529,71.9,202,36.5,406,11.8,701+,31.0,432=,-,,,,,,,,,,,,,,,,,,
641-650,651-700,New Jersey Institute of Technology (NJIT),United States,M,CO,VH,5.0,A,3.9,601+,6.1,601+,14.0,701+,27.5,454,84.5,211,69.9,211,1.9,701+,9.9,701+,20.5,540=,-,,,,,,,,,,,,,,,,,,
641-650,390=,Pakistan Institute of Engineering and Applied Sciences (PIEAS),Pakistan,S,FO,VH,3.0,A,5.5,601+,9.5,601+,76.6,156,34.4,396,,,1.0,701+,1.1,701+,10.9,701+,1.0,701+,-,,,,,,,,,,,,,,,,,,
641-650,521-530,The New School,United States,M,FO,VH,5.0,B,15.9,549,14.9,551,44.3,355,2.8,701+,6.0,701+,91.7,107,1.2,701+,24.7,337,1.1,701+,-,,,,,,,,,,,,,,,,,,
641-650,467=,Universidad de La Habana,Cuba,L,CO,HI,5.0,A,19.5,454,17.3,501,72.9,173,1.6,701+,1.9,701+,4.0,701+,1.2,701+,35.3,212,1.2,701+,-,,,,,,,,,,,,,,,,,,
641-650,701-750,University of Bradford,United Kingdom,M,CO,VH,4.0,A,8.7,601+,7.3,601+,8.2,701+,18.1,582,63.8,301,93.2,99,20.1,543,21.6,384,3.4,701+,-,,,,,,,,,,,,,,,,,,
641-650,751-800,University of Houston,United States,XL,CO,VH,4.0,A,13.9,601+,10.9,601+,4.5,701+,34.0,402,8.5,701+,9.3,701+,34.0,426,29.2,273,27.8,469=,-,,,,,,,,,,,,,,,,,,
641-650,801-1000,University of Modena and Reggio Emilia,Italy,L,FC,VH,5.0,A,8.7,601+,3.2,601+,2.3,701+,50.3,262,3.9,701+,3.8,701+,21.4,532,13.9,613,57.4,263=,-,,,,,,,,,,,,,,,,,,
641-650,701-750,University of Oklahoma,United States,L,FC,VH,5.0,A,9.6,601+,10.6,601+,16.3,701+,34.3,397,34.5,459,5.1,701+,17.9,562,17.2,488,33.5,413=,-,,,,,,,,,,,,,,,,,,
641-650,751-800,University of Windsor,Canada,L,CO,VH,5.0,A,3.6,601+,4.8,601+,2.3,701+,33.1,411,87.6,195,75.1,184,6.1,701+,20.4,409,6.4,701+,-,,,,,,,,,,,,,,,,,,
651-660,1001-1200,COMSATS University Islamabad,Pakistan,XL,CO,VH,2.0,A,10.4,601+,29.2,333,14.4,701+,13.9,658,1.6,701+,1.6,701+,62.6,229,8.1,701+,50.9,301=,-,,,,,,,,,,,,,,,,,,
651-660,751-800,Instituto Tecnológico Autónomo de México (ITAM),Mexico,S,FO,HI,4.0,B,15.5,565,35.1,276,11.7,701+,1.8,701+,65.6,293,1.5,701+,1.0,701+,64.9,88,1.2,701+,-,,,,,,,,,,,,,,,,,,
651-660,701-750,Southern Cross University ,Australia,M,CO,VH,2.0,A,4.7,601+,3.4,601+,3.2,701+,38.6,361,71.2,270,66.2,226,9.3,687,6.9,701+,11.0,656=,-,,,,,,,,,,,,,,,,,,
651-660,701-750,Tallinn University of Technology (TalTech),Estonia,M,FO,VH,5.0,A,12.9,601+,11.4,601+,27.6,553,9.6,701+,49.5,360,25.0,475,48.5,323,32.0,239,3.5,701+,-,,,,,,,,,,,,,,,,,,
651-660,449=,Universidad de Montevideo (UM),Uruguay,S,FC,MD,3.0,B,18.6,479,13.5,599,80.2,138,1.1,701+,23.7,556,3.3,701+,1.0,701+,18.8,443,,,-,,,,,,,,,,,,,,,,,,
651-660,701-750,University of Haifa,Israel,L,FO,VH,4.0,A,13.1,601+,7.4,601+,19.6,678,30.1,433,14.2,681,3.9,701+,13.5,617,14.1,601,51.8,295=,-,,,,,,,,,,,,,,,,,,
651-660,801-1000,University of Hohenheim,Germany,M,SP,,5.0,A,9.8,601+,5.3,601+,10.0,701+,39.4,348,26.4,515,24.2,484,36.3,410,8.8,701+,15.0,612=,-,,,,,,,,,,,,,,,,,,
661-670,651-700,Aberystwyth University,United Kingdom,M,CO,VH,5.0,A,9.5,601+,6.4,601+,19.5,680,23.5,507,46.1,374,49.5,300,27.1,482,10.5,701+,9.6,678=,-,,,,,,,,,,,,,,,,,,
661-670,497=,Brandeis University,United States,M,CO,VH,4.0,B,9.8,601+,4.3,601+,49.9,311,16.3,609,26.2,521,70.6,207,1.4,701+,17.4,477,1.5,701+,-,,,,,,,,,,,,,,,,,,
661-670,801-1000,Ca' Foscari University of Venice ,Italy,L,FO,VH,5.0,A,18.8,474,14.8,554,4.9,701+,14.2,653,35.1,454,8.2,701+,15.5,590,10.8,701+,62.8,235=,-,,,,,,,,,,,,,,,,,,
661-670,571-580,Holy Spirit University of Kaslik ,Lebanon,M,FC,MD,4.0,B,6.0,601+,12.0,601+,60.6,234,2.0,701+,99.0,98,38.3,358,1.0,701+,9.5,701+,2.6,701+,-,,,,,,,,,,,,,,,,,,
661-670,651-700,Karl-Franzens-Universitaet Graz,Austria,L,CO,VH,5.0,A,21.3,407,9.5,601+,12.3,701+,10.9,701+,46.9,369,28.4,439,15.2,596,18.3,456,19.2,549=,-,,,,,,,,,,,,,,,,,,
661-670,601-650,Lebanese American University,Lebanon,M,FC,HI,4.0,B,10.5,601+,28.2,342,35.5,447,3.2,701+,78.9,233,26.4,457,1.0,701+,10.4,701+,7.8,701+,-,,,,,,,,,,,,,,,,,,
661-670,751-800,Middlesex University,United Kingdom,L,CO,HI,4.0,A,5.6,601+,4.8,601+,8.3,701+,14.3,650,85.1,209,99.6,38,20.6,540,15.8,529,8.6,693,-,,,,,,,,,,,,,,,,,,
661-670,651-700,National Chung Hsing University,Taiwan,L,CO,VH,4.0,A,20.2,434,24.1,400,27.6,552,11.8,701+,7.9,701+,5.6,701+,2.2,701+,20.4,410,20.1,544,-,,,,,,,,,,,,,,,,,,
661-670,701-750,Princess Nourah bint Abdulrahman University,Saudi Arabia,L,CO,HI,4.0,A,16.6,532,16.5,519,19.4,683,1.9,701+,92.5,167,47.7,307,6.3,701+,8.2,701+,2.5,701+,-,,,,,,,,,,,,,,,,,,
661-670,801-1000,Tokyo University of Science,Japan,L,FO,VH,4.0,B,11.0,601+,54.8,149,10.6,701+,11.7,701+,13.3,696,3.8,701+,1.2,701+,29.8,267,7.0,701+,-,,,,,,,,,,,,,,,,,,
661-670,541-550,Universidad Panamericana (UP),Mexico,L,FO,HI,4.0,B,8.7,601+,22.0,427,81.5,133,1.2,701+,10.5,701+,2.5,701+,1.2,701+,49.4,137,1.0,701+,-,,,,,,,,,,,,,,,,,,
661-670,801-1000,Università degli Studi di Perugia,Italy,L,FC,VH,5.0,A,9.3,601+,2.3,601+,3.6,701+,42.4,318,6.9,701+,5.9,701+,27.3,477,6.0,701+,66.0,222,-,,,,,,,,,,,,,,,,,,
661-670,751-800,Universitas Padjadjaran,Indonesia,XL,FO,VH,4.0,A,16.8,525,34.0,287,36.6,433,1.4,701+,24.0,549,1.7,701+,1.2,701+,22.0,375,24.8,490=,-,,,,,,,,,,,,,,,,,,
661-670,751-800,Universitat Rovira i Virgili,Spain,L,FC,HI,3.0,A,6.7,601+,2.0,601+,16.6,701+,37.4,375,7.6,701+,22.5,507,38.6,386,7.5,701+,47.2,323=,-,,,,,,,,,,,,,,,,,,
671-680,701-750,American University of the Middle East,Kuwait,M,SP,,2.0,C,17.7,504,18.0,487,17.8,701+,3.3,701+,100.0,6,25.0,474,1.3,701+,12.7,680,1.1,701+,-,,,,,,,,,,,,,,,,,,
671-680,601-650,Carleton University,Canada,L,CO,VH,4.0,A,10.9,601+,13.9,584,3.1,701+,21.8,531,21.6,575,46.0,316,16.8,576,28.5,281,35.8,393=,-,,,,,,,,,,,,,,,,,,
671-680,481=,Dongguk University ,South Korea,L,FC,HI,4.0,B,10.4,601+,11.5,601+,88.5,90,8.5,701+,8.5,701+,23.4,495,2.8,701+,4.9,701+,1.6,701+,-,,,,,,,,,,,,,,,,,,
671-680,651-700,University of Debrecen,Hungary,L,FC,HI,5.0,A,17.3,515,10.3,601+,30.4,516,3.7,701+,10.6,701+,68.0,218,39.6,381,16.9,500,3.5,701+,-,,,,,,,,,,,,,,,,,,
671-680,801-1000,University of Greenwich,United Kingdom,L,CO,HI,3.0,A,4.5,601+,4.2,601+,4.6,701+,10.6,701+,91.9,173,100.0,30,41.1,368,12.8,671,12.7,636=,-,,,,,,,,,,,,,,,,,,
671-680,651-700,University of Manitoba,Canada,XL,FC,VH,5.0,A,14.5,596,12.0,601+,36.3,438,10.0,701+,,,27.8,442,29.3,461,24.1,348,32.9,419,-,,,,,,,,,,,,,,,,,,
681-690,511-520,Abai Kazakh National Pedagogical University,Kazakhstan,L,CO,MD,4.0,A,23.2,372,17.0,510,47.8,327,1.2,701+,38.0,423,2.8,701+,1.0,701+,12.1,701+,1.0,701+,-,,,,,,,,,,,,,,,,,,
681-690,402=,Colegio de México,Mexico,S,FO,HI,4.0,A,15.6,559,3.1,601+,100.0,2,1.6,701+,9.1,701+,18.0,576,1.0,701+,7.7,701+,1.0,701+,-,,,,,,,,,,,,,,,,,,
681-690,801-1000,De La Salle University,Philippines,L,CO,HI,4.0,B,21.0,419,45.1,191,10.5,701+,4.2,701+,2.0,701+,2.7,701+,1.3,701+,35.6,210,5.6,701+,-,,,,,,,,,,,,,,,,,,
681-690,601-650,East China University of Science and Technology,China (Mainland),L,CO,VH,4.0,A,7.5,601+,2.6,601+,13.0,701+,61.4,200,2.7,701+,1.8,701+,2.8,701+,11.7,701+,3.6,701+,-,,,,,,,,,,,,,,,,,,
681-690,751-800,Paris Lodron University of Salzburg,Austria,M,CO,VH,5.0,A,9.4,601+,2.3,601+,13.0,701+,8.0,701+,95.1,150,97.5,68,13.3,621,12.0,701+,6.3,701+,-,,,,,,,,,,,,,,,,,,
681-690,751-800,Pontificia Universidad Católica de Valparaíso,Chile,L,CO,VH,4.0,B,27.3,319,39.6,239,4.9,701+,6.6,701+,10.4,701+,1.6,701+,5.3,701+,8.7,701+,1.8,701+,-,,,,,,,,,,,,,,,,,,
681-690,751-800,Shiraz University,"Iran, Islamic Republic of",L,CO,VH,4.0,A,5.7,601+,10.4,601+,5.1,701+,54.9,234,1.2,701+,1.8,701+,6.4,701+,13.4,640,27.6,471=,-,,,,,,,,,,,,,,,,,,
681-690,651-700,Soochow University,China (Mainland),XL,CO,VH,3.0,A,6.2,601+,2.3,601+,16.8,701+,58.5,218,6.7,701+,2.7,701+,10.4,665,11.1,701+,3.8,701+,-,,,,,,,,,,,,,,,,,,
681-690,651-700,Taras Shevchenko National University of Kyiv,Ukraine,L,CO,VH,5.0,A,19.2,467,38.6,252,33.4,477,2.3,701+,1.5,701+,5.1,701+,2.9,701+,28.0,288,1.9,701+,-,,,,,,,,,,,,,,,,,,
681-690,467=,The National University of Science and Technology MISIS,Russia,M,SP,,2.0,A,6.5,601+,8.0,601+,75.5,163,14.7,642,7.9,701+,49.9,295,3.6,701+,9.8,701+,1.1,701+,-,,,,,,,,,,,,,,,,,,
681-690,701-750,University of Kentucky,United States,L,FC,VH,5.0,A,10.9,601+,11.5,601+,18.9,696,26.1,470,20.9,584,3.7,701+,40.6,371,13.6,634,24.1,502=,-,,,,,,,,,,,,,,,,,,
691-700,581-590,Indian Institute of Technology Hyderabad,India,S,CO,VH,2.0,A,5.1,601+,2.7,601+,16.6,701+,64.3,181,1.2,701+,1.1,701+,1.0,701+,8.2,701+,2.6,701+,-,,,,,,,,,,,,,,,,,,
691-700,531-540,Inha University,South Korea,L,FC,VH,4.0,B,10.9,601+,15.3,539,72.9,172,11.7,701+,8.8,701+,14.4,634,1.4,701+,12.4,700,3.0,701+,-,,,,,,,,,,,,,,,,,,
691-700,701-750,Universidad Iberoamericana IBERO,Mexico,L,FC,MD,4.0,B,19.1,468,31.1,315,31.6,496,1.3,701+,5.5,701+,2.4,701+,1.0,701+,51.4,127,7.4,701+,-,,,,,,,,,,,,,,,,,,
691-700,701-750,Universidade Federal de Minas Gerais      ,Brazil,XL,FC,VH,5.0,A,32.7,268,5.7,601+,12.4,701+,7.6,701+,7.1,701+,1.8,701+,24.7,501,25.6,322,13.7,627=,-,,,,,,,,,,,,,,,,,,
691-700,751-800,Universidade Federal do Rio Grande Do Sul ,Brazil,XL,FC,VH,5.0,A,28.6,307,3.8,601+,10.9,701+,10.1,701+,2.2,701+,1.6,701+,36.0,412,9.5,701+,46.3,330,-,,,,,,,,,,,,,,,,,,
691-700,701-750,University of Cincinnati,United States,XL,FC,VH,5.0,A,12.3,601+,7.6,601+,21.0,647,25.8,471,6.0,701+,10.8,698,32.1,446,20.0,417,31.3,428=,-,,,,,,,,,,,,,,,,,,
691-700,801-1000,University of Dhaka,Bangladesh,XL,FC,MD,5.0,A,21.3,409,44.9,195,11.7,701+,2.6,701+,1.7,701+,1.0,701+,2.1,701+,30.3,253,11.6,652=,-,,,,,,,,,,,,,,,,,,
691-700,701-750,University of Mons ,Belgium,M,CO,VH,2.0,A,6.7,601+,13.0,601+,3.1,701+,40.3,343,35.9,448,43.6,331,5.2,701+,11.3,701+,1.8,701+,-,,,,,,,,,,,,,,,,,,
691-700,701-750,University of Trieste,Italy,L,FC,HI,4.0,A,11.9,601+,3.6,601+,4.0,701+,45.5,297,6.4,701+,7.6,701+,37.6,397,12.9,666,4.0,701+,-,,,,,,,,,,,,,,,,,,
691-700,541-550,V. N. Karazin Kharkiv National University,Ukraine,L,FC,HI,5.0,A,12.6,601+,17.9,491,66.0,204,1.4,701+,3.1,701+,58.8,257,1.6,701+,9.9,701+,1.1,701+,-,,,,,,,,,,,,,,,,,,
701-710,521-530,Altai State University,Russia,M,FO,VH,4.0,A,10.0,601+,3.7,601+,84.4,110,1.4,701+,6.7,701+,69.9,212,1.0,701+,7.6,701+,6.1,701+,-,,,,,,,,,,,,,,,,,,
701-710,490=,Chiba University,Japan,L,FC,VH,4.0,A,16.8,527,8.4,601+,62.3,226,10.9,701+,7.5,701+,5.2,701+,2.5,701+,8.6,701+,18.8,555=,-,,,,,,,,,,,,,,,,,,
701-710,801-1000,Czech University of Life Sciences in Prague,Czech Republic,L,FO,VH,5.0,A,11.0,601+,8.8,601+,9.2,701+,9.5,701+,26.6,514,64.5,233,54.7,288,9.4,701+,35.8,393=,-,,,,,,,,,,,,,,,,,,
701-710,701-750,Eötvös Loránd University,Hungary,L,CO,VH,5.0,A,23.9,359,16.8,515,13.2,701+,7.8,701+,5.0,701+,11.3,685,31.1,452,30.8,248,10.2,667=,-,,,,,,,,,,,,,,,,,,
701-710,651-700,Universidad de Antioquia,Colombia,XL,FC,HI,5.0,A,31.0,281,33.9,288,4.2,701+,4.3,701+,3.9,701+,1.3,701+,3.9,701+,9.6,701+,5.2,701+,-,,,,,,,,,,,,,,,,,,
701-710,751-800,Universidade de Santiago de Compostela,Spain,L,CO,VH,5.0,A,23.5,368,10.3,601+,13.0,701+,16.1,618,2.8,701+,6.0,701+,38.0,394,8.1,701+,23.2,511=,-,,,,,,,,,,,,,,,,,,
701-710,438=,Wake Forest University,United States,M,FC,VH,5.0,B,5.4,601+,6.1,601+,100.0,13,11.0,701+,5.4,701+,13.5,654,5.5,701+,16.5,514,2.3,701+,-,,,,,,,,,,,,,,,,,,
701-710,701-750,Zayed University,United Arab Emirates,M,CO,HI,3.0,A,14.5,597,17.3,503,22.0,628,6.3,701+,100.0,13,2.0,701+,8.3,701+,17.0,499,2.8,701+,-,,,,,,,,,,,,,,,,,,
711-720,801-1000,Beirut Arab University ,Lebanon,S,FC,HI,4.0,B,13.4,601+,18.8,474,16.5,701+,2.7,701+,80.1,228,51.3,281,1.1,701+,18.2,460,1.1,701+,-,,,,,,,,,,,,,,,,,,
711-720,541-550,China University of Petroleum,China (Mainland),L,CO,VH,3.0,A,3.8,601+,1.5,601+,9.8,701+,64.8,178,1.5,701+,3.2,701+,1.2,701+,17.1,493,2.5,701+,-,,,,,,,,,,,,,,,,,,
711-720,651-700,International Islamic University Malaysia (IIUM),Malaysia,L,FC,HI,3.0,A,22.8,383,17.2,506,14.2,701+,2.9,701+,24.0,546,60.2,246,12.2,632,7.2,701+,3.0,701+,-,,,,,,,,,,,,,,,,,,
711-720,801-1000,Istanbul University,Turkey,XL,FC,HI,5.0,A,26.4,333,19.1,469,3.0,701+,4.2,701+,6.4,701+,15.7,606,36.1,411,34.7,220,3.4,701+,-,,,,,,,,,,,,,,,,,,
711-720,541-550,Savitribai Phule Pune University,India,M,CO,VH,4.0,A,7.8,601+,11.3,601+,55.1,276,30.4,432,1.2,701+,3.3,701+,3.0,701+,7.2,701+,4.9,701+,-,,,,,,,,,,,,,,,,,,
711-720,751-800,Universidad del Rosario,Colombia,M,FO,VH,5.0,B,14.4,601+,43.4,213,21.0,645,2.7,701+,9.5,701+,2.4,701+,1.1,701+,27.5,295,22.5,521=,-,,,,,,,,,,,,,,,,,,
711-720,801-1000,Université de Rennes 1 (University of Rennes),France,L,FO,VH,5.0,A,15.8,550,4.0,601+,12.2,701+,25.0,487,12.6,701+,12.1,677,57.3,265,7.4,701+,13.4,631=,-,,,,,,,,,,,,,,,,,,
711-720,801-1000,"University of Maryland, Baltimore County",United States,M,FC,VH,4.0,A,10.6,601+,13.1,601+,13.4,701+,18.1,581,59.4,318,15.9,601,6.2,701+,10.8,701+,38.7,370=,-,,,,,,,,,,,,,,,,,,
711-720,701-750,University of New Brunswick,Canada,M,CO,VH,5.0,A,4.6,601+,6.9,601+,23.0,618,24.9,490,63.8,303,24.8,476,5.9,701+,14.4,583,32.7,420=,-,,,,,,,,,,,,,,,,,,
711-720,701-750,University of Westminster,United Kingdom,L,CO,HI,3.0,A,12.9,601+,6.7,601+,5.9,701+,6.0,701+,78.4,235,100.0,28,1.9,701+,16.3,515,1.9,701+,-,,,,,,,,,,,,,,,,,,
711-720,701-750,Victoria University ,Australia,L,CO,HI,3.0,A,7.6,601+,6.5,601+,2.4,701+,34.6,395,34.1,462,57.6,260,15.0,598,12.3,701+,4.1,701+,-,,,,,,,,,,,,,,,,,,
721-730,801-1000,Ain Shams University ,Egypt,XL,FC,VH,4.0,A,22.4,394,25.4,377,10.2,701+,1.9,701+,25.0,536,5.6,701+,22.2,526,30.2,255,7.0,701+,-,,,,,,,,,,,,,,,,,,
721-730,521-530,Beijing University of Chemical Technology,China (Mainland),XL,CO,VH,4.0,A,4.8,601+,1.8,601+,15.6,701+,62.7,192,,,,,2.0,701+,5.9,701+,1.4,701+,-,,,,,,,,,,,,,,,,,,
721-730,551-560,Jeonbuk National University,South Korea,L,FC,VH,4.0,A,16.7,531,10.7,601+,65.8,207,9.7,701+,8.2,701+,7.4,701+,2.9,701+,5.1,701+,3.1,701+,-,,,,,,,,,,,,,,,,,,
721-730,751-800,Temple University,United States,L,FC,VH,5.0,A,12.5,601+,7.9,601+,26.4,565,18.8,570,3.4,701+,5.7,701+,48.1,326,18.3,455,23.0,514=,-,,,,,,,,,,,,,,,,,,
721-730,1001-1200,Ton Duc Thang University,Vietnam,L,FO,VH,3.0,B,4.2,601+,10.2,601+,5.1,701+,34.6,394,18.4,610,1.6,701+,84.9,117,11.8,701+,6.8,701+,-,,,,,,,,,,,,,,,,,,
721-730,801-1000,Universita' Politecnica delle Marche,Italy,M,FO,VH,4.0,A,6.0,601+,2.8,601+,11.0,701+,49.1,273,3.9,701+,4.8,701+,40.9,369,6.9,701+,6.5,701+,-,,,,,,,,,,,,,,,,,,
721-730,751-800,Université Côte d\'Azur,France,XL,FC,VH,1.0,A,15.8,551,3.0,601+,5.2,701+,21.8,530,32.8,467,39.7,345,42.6,356,7.8,701+,5.6,701+,-,,,,,,,,,,,,,,,,,,
721-730,801-1000,Université de Lorraine,France,XL,FO,VH,5.0,A,13.7,601+,3.6,601+,6.4,701+,11.4,701+,28.9,496,28.4,438,93.1,63,10.2,701+,17.2,574=,-,,,,,,,,,,,,,,,,,,
721-730,1001-1200,University of Belgrade,Serbia,XL,FC,VH,5.0,A,17.8,501,5.2,601+,4.3,701+,5.3,701+,2.9,701+,4.3,701+,95.4,50,56.7,110,16.1,592=,-,,,,,,,,,,,,,,,,,,
721-730,428=,"University of Colorado, Denver ",United States,L,FC,HI,5.0,A,8.4,601+,6.3,601+,100.0,6,4.9,701+,3.6,701+,9.0,701+,2.3,701+,8.4,701+,15.2,608=,-,,,,,,,,,,,,,,,,,,
721-730,701-750,University of Oregon,United States,L,CO,VH,5.0,A,17.7,503,8.6,601+,11.2,701+,24.0,502,12.5,701+,4.5,701+,8.9,699,18.3,457,30.7,438=,-,,,,,,,,,,,,,,,,,,
731-740,801-1000,"Adam Mickiewicz University, Poznań",Poland,L,CO,VH,5.0,A,15.8,554,8.7,601+,29.7,523,5.0,701+,7.0,701+,7.0,701+,59.5,247,12.6,689,38.4,373=,-,,,,,,,,,,,,,,,,,,
731-740,651-700,Alfaisal University,Saudi Arabia,S,FO,VH,2.0,B,3.9,601+,3.2,601+,23.9,594,10.7,701+,100.0,26,89.4,120,1.1,701+,9.2,701+,1.2,701+,-,,,,,,,,,,,,,,,,,,
731-740,801-1000,Bournemouth University,United Kingdom,L,CO,HI,3.0,A,5.7,601+,8.3,601+,6.1,701+,17.4,594,81.2,224,50.1,293,23.3,515,10.0,701+,18.4,560=,-,,,,,,,,,,,,,,,,,,
731-740,801-1000,Indian Institute of Technology Bhubaneswar,India,S,FO,VH,2.0,A,3.8,601+,3.4,601+,12.0,701+,63.3,188,1.6,701+,1.0,701+,1.0,701+,8.2,701+,1.0,701+,-,,,,,,,,,,,,,,,,,,
731-740,801-1000,Jordan University of Science & Technology,Jordan,L,CO,HI,3.0,A,18.5,480,24.5,391,16.4,701+,4.7,701+,13.9,687,31.6,405,9.9,670,9.8,701+,22.0,523,-,,,,,,,,,,,,,,,,,,
731-740,701-750,"National Technical University of Ukraine ""Igor Sikorsky Kyiv Polytechnic Institute""",Ukraine,L,FO,VH,5.0,A,16.1,544,33.7,292,47.0,333,1.5,701+,1.1,701+,2.5,701+,1.4,701+,18.9,441,1.4,701+,-,,,,,,,,,,,,,,,,,,
731-740,801-1000,Universidad EAFIT,Colombia,L,CO,MD,4.0,B,13.1,601+,61.5,128,4.5,701+,2.3,701+,4.6,701+,1.6,701+,1.0,701+,35.1,217,1.1,701+,-,,,,,,,,,,,,,,,,,,
731-740,441=,Universidade Federal de São Paulo,Brazil,L,FC,VH,4.0,A,11.4,601+,4.3,601+,97.0,52,6.3,701+,5.0,701+,1.5,701+,7.2,701+,4.7,701+,4.5,701+,-,,,,,,,,,,,,,,,,,,
731-740,751-800,University of Siena,Italy,L,FC,HI,5.0,A,12.5,601+,2.6,601+,8.6,701+,33.2,411,2.1,701+,15.1,617,16.0,585,8.3,701+,49.4,312=,-,,,,,,,,,,,,,,,,,,
741-750,801-1000,Budapest University of Technology and Economics,Hungary,L,FO,VH,5.0,A,14.3,601+,19.4,464,15.2,701+,8.9,701+,2.5,701+,18.8,562,25.4,493,25.0,329,40.8,360=,-,,,,,,,,,,,,,,,,,,
741-750,751-800,Instituto Politécnico Nacional (IPN),Mexico,XL,FO,VH,4.0,A,20.4,429,40.2,235,8.7,701+,2.1,701+,2.6,701+,1.1,701+,6.9,701+,9.8,701+,33.5,413=,-,,,,,,,,,,,,,,,,,,
741-750,701-750,Jadavpur University,India,L,CO,VH,5.0,A,16.3,538,5.1,601+,8.3,701+,37.9,368,,,1.0,701+,3.1,701+,14.4,587,21.2,533=,-,,,,,,,,,,,,,,,,,,
741-750,561-570,"Sofia University ""St. Kliment Ohridski""",Bulgaria,L,CO,HI,5.0,A,14.4,598,16.3,523,54.1,284,2.1,701+,3.1,701+,8.4,701+,12.9,627,27.3,298,16.7,584=,-,,,,,,,,,,,,,,,,,,
741-750,501-510,Swarthmore College,United States,S,CO,HI,5.0,B,3.4,601+,1.8,601+,85.9,102,17.0,602,5.4,701+,28.8,432,1.0,701+,18.5,453,,,-,,,,,,,,,,,,,,,,,,
741-750,581-590,Universität Regensburg,Germany,L,FO,VH,4.0,A,11.2,601+,6.7,601+,75.9,159,7.2,701+,,,9.5,701+,27.1,480,14.1,606,1.9,701+,-,,,,,,,,,,,,,,,,,,
741-750,1001-1200,"University of Agriculture, Faisalabad ",Pakistan,XL,CO,VH,4.0,A,5.8,601+,11.9,601+,1.6,701+,49.5,268,3.2,701+,1.1,701+,19.1,549,5.7,701+,21.6,528=,-,,,,,,,,,,,,,,,,,,
741-750,801-1000,University of Bari,Italy,XL,FC,HI,4.0,A,12.8,601+,2.9,601+,4.2,701+,27.8,452,5.0,701+,2.2,701+,64.5,219,6.8,701+,37.5,382=,-,,,,,,,,,,,,,,,,,,
741-750,801-1000,University of the Punjab,Pakistan,L,CO,VH,5.0,A,14.2,601+,52.3,154,5.3,701+,9.8,701+,2.9,701+,1.3,701+,5.2,701+,14.6,574,4.9,701+,-,,,,,,,,,,,,,,,,,,
741-750,801-1000,University of the West of England,United Kingdom,XL,CO,HI,3.0,A,9.2,601+,9.4,601+,8.4,701+,10.8,701+,48.4,363,75.8,183,24.8,499,8.9,701+,21.6,528=,-,,,,,,,,,,,,,,,,,,
751-760,651-700,Ahlia University,Bahrain,S,FO,HI,2.0,B,12.8,601+,8.0,601+,31.7,495,3.0,701+,100.0,73=,31.0,411,1.0,701+,8.3,701+,1.0,701+,-,,,,,,,,,,,,,,,,,,
751-760,,ISCTE - Instituto Universitario de Lisboa,Portugal,L,FO,VH,,A,7.0,601+,6.2,601+,1.4,701+,59.2,211,,,,,8.1,701+,10.0,701+,,,-,,,,,,,,,,,,,,,,,,
751-760,801-1000,Kasetsart University,Thailand,XL,CO,VH,4.0,A,24.3,356,21.8,431,6.2,701+,2.5,701+,4.8,701+,1.3,701+,5.2,701+,19.3,435,51.5,297=,-,,,,,,,,,,,,,,,,,,
751-760,801-1000,Liverpool John Moores University,United Kingdom,L,CO,VH,3.0,A,9.9,601+,6.8,601+,8.4,701+,14.5,645,48.1,365,24.4,480,56.2,278,10.4,701+,24.4,497=,-,,,,,,,,,,,,,,,,,,
751-760,751-800,Riga Technical University,Latvia,M,CO,VH,5.0,A,11.4,601+,28.2,343,19.7,673,2.9,701+,16.4,644,59.9,248,1.4,701+,18.5,452,15.2,608=,-,,,,,,,,,,,,,,,,,,
751-760,601-650,Technische Universität Braunschweig,Germany,L,CO,VH,5.0,A,11.0,601+,14.5,561,58.8,244,6.3,701+,,,26.8,448,20.2,542,12.0,701+,4.8,701+,-,,,,,,,,,,,,,,,,,,
751-760,651-700,Universidad Externado de Colombia ,Colombia,L,FO,MD,5.0,B,14.0,601+,43.7,209,31.2,506,1.1,701+,11.3,701+,1.6,701+,1.0,701+,18.8,445,1.0,701+,-,,,,,,,,,,,,,,,,,,
751-760,571-580,Université du Québec,Canada,XL,FC,HI,4.0,A,17.3,516,11.8,601+,1.6,701+,16.3,610,37.1,435,11.6,683,19.7,545,14.8,563,27.3,478=,-,,,,,,,,,,,,,,,,,,
751-760,1001-1200,University of Mumbai,India,M,FC,VH,5.0,A,8.1,601+,25.0,383,2.4,701+,25.0,488,2.0,701+,3.5,701+,1.1,701+,70.5,72,10.5,663=,-,,,,,,,,,,,,,,,,,,
751-760,561-570,University of Ulsan ,South Korea,L,FC,VH,3.0,B,6.9,601+,2.5,601+,57.8,249,34.3,399,2.5,701+,3.4,701+,1.8,701+,6.9,701+,1.3,701+,-,,,,,,,,,,,,,,,,,,
751-760,801-1000,University of Zagreb,Croatia,XL,FC,VH,5.0,A,16.2,539,4.7,601+,23.8,597,4.2,701+,1.5,701+,2.7,701+,74.2,176,44.8,158,19.2,549=,-,,,,,,,,,,,,,,,,,,
751-760,601-650,Wayne State University,United States,L,FC,VH,5.0,A,7.8,601+,3.2,601+,64.7,214,12.3,693,12.5,701+,4.8,701+,41.9,364,15.4,545,6.4,701+,-,,,,,,,,,,,,,,,,,,
761-770,801-1000,Hacettepe University ,Turkey,L,FC,VH,4.0,A,20.4,427,22.7,419,10.1,701+,6.0,701+,3.2,701+,3.4,701+,27.0,483,13.8,619,31.6,425=,-,,,,,,,,,,,,,,,,,,
761-770,701-750,King Khalid University,Saudi Arabia,XL,FC,HI,3.0,A,12.8,601+,5.1,601+,43.0,366,2.2,701+,100.0,31,10.2,701+,7.8,701+,7.8,701+,1.1,701+,-,,,,,,,,,,,,,,,,,,
761-770,751-800,Philipps-Universität Marburg ,Germany,L,FC,HI,5.0,A,14.0,601+,7.5,601+,5.5,701+,31.1,428,16.8,638,22.6,504,16.2,583,9.1,701+,6.1,701+,-,,,,,,,,,,,,,,,,,,
761-770,461=,Universidad de Belgrano,Argentina,M,CO,MD,4.0,B,9.9,601+,10.7,601+,88.1,92,1.0,701+,5.7,701+,26.3,463,1.0,701+,8.7,701+,,,-,,,,,,,,,,,,,,,,,,
761-770,601-650,Universität Rostock,Germany,L,FC,HI,5.0,A,7.7,601+,3.2,601+,79.4,140,5.8,701+,,,14.7,626,47.6,329,9.2,701+,2.8,701+,-,,,,,,,,,,,,,,,,,,
761-770,701-750,Universiti Tenaga Nasional (UNITEN),Malaysia,S,SP,,3.0,C,7.3,601+,13.8,588,49.1,317,14.6,644,5.7,701+,50.2,291,3.0,701+,10.4,701+,1.8,701+,-,,,,,,,,,,,,,,,,,,
761-770,701-750,Virginia Commonwealth University,United States,L,FC,VH,5.0,A,6.7,601+,16.5,521,43.1,365,13.7,662,15.9,653,3.2,701+,39.2,383,12.4,701+,12.0,642=,-,,,,,,,,,,,,,,,,,,
771-780,801-1000,Chandigarh University,India,L,FO,VH,2.0,B,11.5,601+,43.4,212,21.1,642,1.3,701+,34.1,463,15.1,619,1.1,701+,8.1,701+,2.8,701+,-,,,,,,,,,,,,,,,,,,
771-780,651-700,Comenius University Bratislava,Slovakia,L,FC,HI,5.0,A,14.1,601+,5.2,601+,55.8,268,3.4,701+,4.1,701+,30.5,419,13.0,625,32.8,233,4.1,701+,-,,,,,,,,,,,,,,,,,,
771-780,801-1000,Rutgers University–Newark,United States,M,CO,VH,4.0,A,11.1,601+,5.2,601+,15.5,701+,19.3,564,26.3,519,46.8,311,2.2,701+,28.6,280,15.4,603=,-,,,,,,,,,,,,,,,,,,
771-780,651-700,Sechenov University,Russia,L,SP,,4.0,A,5.8,601+,4.4,601+,59.7,239,3.4,701+,9.6,701+,66.0,228,46.5,334,4.7,701+,1.1,701+,-,,,,,,,,,,,,,,,,,,
771-780,801-1000,Shoolini University of Biotechnology and Management Sciences,India,S,CO,VH,2.0,B,8.3,601+,12.6,601+,7.3,701+,42.4,319,24.2,545,1.7,701+,2.1,701+,8.0,701+,1.0,701+,-,,,,,,,,,,,,,,,,,,
771-780,601-650,Universidad Anáhuac México,Mexico,L,CO,MD,4.0,B,13.4,601+,24.1,399,45.6,344,1.1,701+,6.7,701+,3.7,701+,1.0,701+,49.5,136,1.2,701+,-,,,,,,,,,,,,,,,,,,
771-780,494=,Universidad ORT Uruguay,Uruguay,S,FO,HI,4.0,B,11.8,601+,11.8,601+,82.6,126,1.2,701+,17.9,617,1.9,701+,1.0,701+,13.0,662,1.0,701+,-,,,,,,,,,,,,,,,,,,
771-780,801-1000,Universität Duisburg-Essen,Germany,XL,FC,VH,4.0,A,11.5,601+,5.2,601+,11.4,701+,11.8,701+,36.4,443,42.2,334,54.9,286,11.5,701+,9.2,685=,-,,,,,,,,,,,,,,,,,,
771-780,801-1000,Université de Nantes,France,XL,CO,VH,5.0,A,10.3,601+,2.7,601+,7.1,701+,23.6,505,17.1,625,13.9,642,77.3,161,6.7,701+,15.6,601=,-,,,,,,,,,,,,,,,,,,
771-780,801-1000,University at Albany SUNY,United States,L,CO,VH,5.0,A,8.6,601+,4.5,601+,5.3,701+,41.8,324,4.2,701+,6.0,701+,23.2,518,9.4,701+,23.9,504=,-,,,,,,,,,,,,,,,,,,
771-780,801-1000,University of Brighton,United Kingdom,L,CO,VH,3.0,A,8.4,601+,7.0,601+,8.9,701+,15.8,622,56.2,330,54.2,270,27.6,473,11.2,701+,9.1,687,-,,,,,,,,,,,,,,,,,,
781-790,1201-1400,University of Northern British Columbia,Canada,S,CO,VH,,,3.8,601+,8.5,601+,100.0,1,1.1,701+,,,,,40.3,374,7.3,701+,,,-,,,,,,,,,,,,,,,,,,
781-790,801-1000,China University of Mining and Technology,China (Mainland),L,CO,VH,3.0,A,3.7,601+,1.6,601+,9.5,701+,60.5,202,,,,,2.9,701+,9.0,701+,3.0,701+,-,,,,,,,,,,,,,,,,,,
781-790,751-800,Keele University ,United Kingdom,M,FC,VH,4.0,A,6.7,601+,4.3,601+,15.2,701+,27.1,462,53.1,344,33.2,391,11.6,642,10.5,701+,3.1,701+,-,,,,,,,,,,,,,,,,,,
781-790,701-750,Khoja Akhmet Yassawi International Kazakh-Turkish University,Kazakhstan,M,FC,MD,3.0,A,14.6,593,20.9,443,53.0,294,1.2,701+,8.5,701+,15.5,611,1.0,701+,11.6,701+,4.4,701+,-,,,,,,,,,,,,,,,,,,
781-790,801-1000,Nanjing Agricultural University,China (Mainland),L,CO,VH,3.0,A,5.5,601+,1.9,601+,7.2,701+,58.8,215,,,1.5,701+,6.5,701+,5.3,701+,2.5,701+,-,,,,,,,,,,,,,,,,,,
781-790,801-1000,National Institute of Technology Tiruchirappalli,India,M,FO,VH,4.0,A,3.7,601+,2.7,601+,11.8,701+,58.9,214,,,2.1,701+,1.5,701+,7.7,701+,1.1,701+,-,,,,,,,,,,,,,,,,,,
781-790,751-800,Syracuse University,United States,L,CO,VH,5.0,B,13.6,601+,9.6,601+,11.8,701+,13.7,661,4.8,701+,44.1,328,11.1,650,30.2,256,23.0,514=,-,,,,,,,,,,,,,,,,,,
781-790,494=,The Catholic University of Korea ,South Korea,M,FC,VH,3.0,B,3.6,601+,2.7,601+,99.0,37,12.0,700,3.3,701+,13.0,662,1.0,701+,7.2,701+,1.1,701+,-,,,,,,,,,,,,,,,,,,
781-790,801-1000,Universiti Malaysia Pahang,Malaysia,M,SP,,2.0,A,10.1,601+,7.1,601+,15.2,701+,28.3,450,23.6,558,9.7,701+,5.9,701+,9.9,701+,28.4,463=,-,,,,,,,,,,,,,,,,,,
781-790,467=,University of Alaska Fairbanks,United States,S,CO,VH,,A,3.1,601+,3.2,601+,99.6,30,13.4,670,6.7,701+,3.1,701+,4.6,701+,8.4,701+,,,-,,,,,,,,,,,,,,,,,,
791-800,701-750,American University,United States,M,CO,HI,5.0,B,16.2,542,22.8,418,30.0,522,4.1,701+,3.0,701+,15.6,610,1.2,701+,33.3,231,3.0,701+,-,,,,,,,,,,,,,,,,,,
791-800,801-1000,Clarkson University,United States,S,CO,VH,5.0,B,1.6,601+,2.4,601+,16.9,701+,39.0,351,64.7,297,8.6,701+,2.6,701+,10.7,701+,1.2,701+,-,,,,,,,,,,,,,,,,,,
791-800,801-1000,Diponegoro University,Indonesia,XL,FC,HI,4.0,A,17.2,517,33.9,289,15.7,701+,1.4,701+,22.8,566,2.8,701+,1.0,701+,15.0,558,13.1,634,-,,,,,,,,,,,,,,,,,,
791-800,751-800,Instituto Tecnológico de Buenos Aires (ITBA),Argentina,S,FO,HI,4.0,B,9.0,601+,38.8,251,35.2,449,1.4,701+,26.7,512,13.5,652,1.0,701+,6.6,701+,,,-,,,,,,,,,,,,,,,,,,
791-800,751-800,Lanzhou University,China (Mainland),XL,CO,VH,5.0,A,8.3,601+,2.3,601+,26.3,566,38.1,366,2.5,701+,1.6,701+,15.3,594,6.2,701+,9.8,669=,-,,,,,,,,,,,,,,,,,,
791-800,651-700,Plekhanov Russian University of Economics,Russia,L,SP,,5.0,A,12.6,601+,14.3,574,49.6,312,2.8,701+,6.0,701+,21.2,530,5.8,701+,30.1,258,7.5,701+,-,,,,,,,,,,,,,,,,,,
791-800,701-750,Universidad de La Sabana,Colombia,M,FC,MD,3.0,B,19.4,459,39.1,242,15.4,701+,2.0,701+,6.7,701+,3.3,701+,1.0,701+,11.3,701+,3.7,701+,-,,,,,,,,,,,,,,,,,,
791-800,801-1000,University of Brescia,Italy,M,FO,VH,3.0,A,3.9,601+,2.1,601+,6.8,701+,50.4,261,2.6,701+,6.9,701+,9.0,698,8.8,701+,24.8,490=,-,,,,,,,,,,,,,,,,,,
791-800,801-1000,University of Engineering & Technology (UET) Lahore,Pakistan,L,FO,VH,4.0,A,8.9,601+,44.8,197,16.4,701+,5.7,701+,1.1,701+,3.6,701+,2.1,701+,16.8,501,27.3,478=,-,,,,,,,,,,,,,,,,,,
791-800,801-1000,University of Patras,Greece,L,FC,HI,4.0,A,12.1,601+,17.7,496,2.7,701+,24.0,501,1.5,701+,5.1,701+,12.4,631,8.4,701+,41.1,358=,-,,,,,,,,,,,,,,,,,,
801-850,,Al-Ahliyya Amman University,Jordan,M,FO,HI,3.0,B,6.8,601+,5.9,601+,9.3,701+,2.3,701+,72.9,262,100.0,25,1.0,701+,10.4,701+,1.6,701+,-,,,,,,,,,,,,,,,,,,
801-850,561-570,Almaty Technological University,Kazakhstan,M,FO,HI,4.0,A,5.1,601+,3.3,601+,92.1,75,1.0,701+,26.0,523,5.2,701+,1.0,701+,11.8,701+,1.0,701+,-,,,,,,,,,,,,,,,,,,
801-850,1001-1200,Auburn University,United States,L,CO,VH,4.0,A,7.2,601+,8.5,601+,7.4,701+,19.0,568,23.9,551,7.8,701+,14.3,610,17.4,479,53.4,288=,-,,,,,,,,,,,,,,,,,,
801-850,801-1000,Australian Catholic University,Australia,L,CO,VH,3.0,A,8.3,601+,10.5,601+,4.7,701+,13.5,669,70.2,277,43.2,333,3.2,701+,8.1,701+,4.7,701+,-,,,,,,,,,,,,,,,,,,
801-850,1001-1200,Babes-Bolyai University,Romania,XL,CO,VH,5.0,A,16.4,533,13.7,591,4.7,701+,4.2,701+,7.7,701+,4.0,701+,42.6,358,23.1,362,48.4,316=,-,,,,,,,,,,,,,,,,,,
801-850,801-1000,Bangladesh University of Engineering and Technology,Bangladesh,M,SP,,4.0,A,15.6,561,34.8,278,16.9,701+,12.0,701+,,,1.0,701+,1.2,701+,7.0,701+,3.4,701+,-,,,,,,,,,,,,,,,,,,
801-850,751-800,Beijing University of Technology,China (Mainland),L,CO,VH,4.0,A,8.3,601+,3.5,601+,42.9,367,26.6,466,4.8,701+,2.9,701+,1.7,701+,8.9,701+,2.9,701+,-,,,,,,,,,,,,,,,,,,
801-850,751-800,Belarusian National Technical University (BNTU),Belarus,L,SP,,5.0,A,13.1,601+,29.8,327,45.6,345,1.0,701+,2.2,701+,12.6,670,1.0,701+,7.1,701+,,,-,,,,,,,,,,,,,,,,,,
801-850,801-1000,Charles Sturt University ,Australia,L,CO,VH,3.0,A,5.0,601+,6.0,601+,7.0,701+,8.6,701+,31.7,476,74.0,190,10.5,663,10.3,701+,53.4,288=,-,,,,,,,,,,,,,,,,,,
801-850,651-700,China University of Geosciences,China (Mainland),L,FO,VH,3.0,A,5.3,601+,1.4,601+,55.9,267,25.3,480,1.6,701+,2.9,701+,26.1,491,5.3,701+,7.0,701+,-,,,,,,,,,,,,,,,,,,
801-850,751-800,Clark University,United States,S,CO,VH,5.0,B,3.0,601+,5.3,601+,23.4,610,18.3,578,14.2,682,72.6,198,1.2,701+,14.9,561,33.2,416=,-,,,,,,,,,,,,,,,,,,
801-850,801-1000,De Montfort University,United Kingdom,L,CO,HI,5.0,A,5.5,601+,4.8,601+,5.8,701+,7.6,701+,75.3,250,97.5,67,8.8,701+,10.5,701+,4.9,701+,-,,,,,,,,,,,,,,,,,,
801-850,801-1000,Edinburgh Napier University,United Kingdom,L,CO,HI,3.0,A,4.9,601+,4.2,601+,4.1,701+,10.4,701+,73.8,259,87.9,130,5.9,701+,10.8,701+,2.9,701+,-,,,,,,,,,,,,,,,,,,
801-850,601-650,Immanuel Kant Baltic Federal University,Russia,M,CO,HI,4.0,A,8.1,601+,2.3,601+,75.5,164,1.8,701+,17.9,616,32.0,400,2.7,701+,6.3,701+,1.9,701+,-,,,,,,,,,,,,,,,,,,
801-850,601-650,Ivane Javakhishvili Tbilisi State University,Georgia,L,FO,HI,5.0,A,9.7,601+,2.6,601+,76.0,158,1.2,701+,1.9,701+,3.5,701+,1.2,701+,43.4,166,1.1,701+,-,,,,,,,,,,,,,,,,,,
801-850,701-750,Jouf University,Saudi Arabia,L,FC,HI,2.0,A,8.8,601+,5.3,601+,45.1,350,1.9,701+,100.0,27,2.8,701+,2.2,701+,8.0,701+,1.0,701+,-,,,,,,,,,,,,,,,,,,
801-850,801-1000,Kaunas University of Technology,Lithuania,M,FO,VH,5.0,A,11.3,601+,21.8,430,31.5,499,6.8,701+,3.3,701+,24.1,486,16.9,575,8.4,701+,1.9,701+,-,,,,,,,,,,,,,,,,,,
801-850,651-700,Konkuk University ,South Korea,L,FC,VH,4.0,B,9.4,601+,9.3,601+,59.0,241,13.8,660,7.7,701+,9.8,701+,2.8,701+,9.9,701+,2.3,701+,-,,,,,,,,,,,,,,,,,,
801-850,801-1000,Louisiana State University,United States,XL,CO,VH,5.0,A,9.7,601+,8.3,601+,7.1,701+,16.2,612,10.1,701+,4.1,701+,15.5,589,17.2,487,70.7,200,-,,,,,,,,,,,,,,,,,,
801-850,801-1000,Maynooth University,Ireland,M,FO,VH,3.0,A,10.0,601+,9.2,601+,8.7,701+,12.6,684,89.4,187,15.6,608,4.7,701+,9.0,701+,4.7,701+,-,,,,,,,,,,,,,,,,,,
801-850,571-580,Nagasaki University,Japan,M,FO,VH,4.0,A,6.9,601+,2.2,601+,84.2,113,6.2,701+,6.5,701+,4.2,701+,11.8,639,8.3,701+,2.0,701+,-,,,,,,,,,,,,,,,,,,
801-850,801-1000,Nanjing University of Aeronautics and Astronautics,China (Mainland),XL,FO,VH,3.0,A,4.7,601+,2.6,601+,13.1,701+,47.3,287,5.7,701+,3.2,701+,4.5,701+,5.3,701+,1.5,701+,-,,,,,,,,,,,,,,,,,,
801-850,1001-1200,North-West University,South Africa,XL,CO,VH,2.0,A,7.1,601+,9.1,601+,5.2,701+,13.0,677,5.8,701+,2.4,701+,88.2,95,12.7,676,49.7,309=,-,,,,,,,,,,,,,,,,,,
801-850,521-530,Poznan University of Life Sciences,Poland,M,FO,VH,5.0,A,5.8,601+,1.8,601+,98.0,46,5.2,701+,3.2,701+,5.4,701+,1.7,701+,8.2,701+,1.1,701+,-,,,,,,,,,,,,,,,,,,
801-850,801-1000,Ritsumeikan Asia Pacific University,Japan,M,SP,,2.0,C,5.1,601+,9.4,601+,2.4,701+,2.6,701+,99.6,87,99.6,37,1.0,701+,7.8,701+,1.0,701+,-,,,,,,,,,,,,,,,,,,
801-850,1001-1200,Texas Tech University,United States,XL,FC,HI,5.0,A,11.0,601+,11.8,601+,5.0,701+,15.3,625,8.5,701+,7.1,701+,20.3,541,13.7,622,56.1,270,-,,,,,,,,,,,,,,,,,,
801-850,701-750,Tokyo University of Agriculture and Technology ,Japan,M,FO,VH,4.0,A,13.6,601+,6.7,601+,13.3,701+,32.9,413,5.8,701+,9.5,701+,6.0,701+,7.8,701+,1.8,701+,-,,,,,,,,,,,,,,,,,,
801-850,751-800,Universidad de la República (Udelar),Uruguay,XL,FC,HI,5.0,A,25.1,350,14.4,568,17.5,701+,1.6,701+,8.4,701+,2.5,701+,8.3,701+,22.5,368,4.1,701+,-,,,,,,,,,,,,,,,,,,
801-850,751-800,Universidad de San Andrés - UdeSA,Argentina,S,SP,,3.0,B,6.8,601+,32.6,301,48.1,326,2.1,701+,8.0,701+,4.4,701+,1.0,701+,18.0,465,1.0,701+,-,,,,,,,,,,,,,,,,,,
801-850,601-650,Universidad Pontificia Bolivariana ,Colombia,M,FO,VH,4.0,B,9.3,601+,15.4,537,69.9,185,1.6,701+,4.9,701+,2.1,701+,1.2,701+,18.2,461,3.3,701+,-,,,,,,,,,,,,,,,,,,
801-850,701-750,Universidad San Francisco de Quito (USFQ),Ecuador,M,FC,HI,3.0,B,14.4,600,10.7,601+,36.1,439,2.3,701+,56.9,324,2.0,701+,1.5,701+,11.0,701+,7.8,701+,-,,,,,,,,,,,,,,,,,,
801-850,1001-1200,Universidad Técnica Federico Santa María (USM),Chile,L,FO,VH,4.0,B,10.0,601+,50.6,166,3.7,701+,5.9,701+,15.8,654,1.9,701+,9.5,680,10.1,701+,7.9,701+,-,,,,,,,,,,,,,,,,,,
801-850,801-1000,Universidade de Brasília,Brazil,XL,FC,HI,4.0,A,26.1,339,14.5,562,8.4,701+,4.2,701+,11.9,701+,1.6,701+,15.3,595,11.5,701+,9.4,683=,-,,,,,,,,,,,,,,,,,,
801-850,801-1000,Universidade Federal de Santa Catarina ,Brazil,XL,FC,VH,4.0,A,19.6,453,4.4,601+,19.0,695,8.0,701+,4.4,701+,2.0,701+,18.0,560,8.2,701+,57.4,263=,-,,,,,,,,,,,,,,,,,,
801-850,801-1000,Universitas Brawijaya ,Indonesia,XL,FC,HI,4.0,A,17.2,519,34.5,284,10.5,701+,1.4,701+,6.2,701+,1.5,701+,1.1,701+,14.0,611,14.5,617=,-,,,,,,,,,,,,,,,,,,
801-850,751-800,Université de Sherbrooke,Canada,L,FC,HI,4.0,A,6.9,601+,6.8,601+,19.9,671,20.1,557,56.2,331,8.4,701+,3.2,701+,14.3,592,7.5,701+,-,,,,,,,,,,,,,,,,,,
801-850,801-1000,Universiti Tunku Abdul Rahman (UTAR),Malaysia,L,FC,HI,2.0,B,12.9,601+,36.4,269,11.1,701+,5.1,701+,8.4,701+,3.3,701+,2.1,701+,9.7,701+,30.7,438=,-,,,,,,,,,,,,,,,,,,
801-850,751-800,University Duesseldorf,Germany,XL,FC,HI,4.0,A,12.9,601+,7.6,601+,41.1,382,7.5,701+,,,15.7,604,30.9,454,9.5,701+,1.7,701+,-,,,,,,,,,,,,,,,,,,
801-850,801-1000,University of Alicante,Spain,L,FC,VH,3.0,A,13.4,601+,6.2,601+,22.9,620,8.0,701+,4.6,701+,14.0,640,41.8,365,5.5,701+,29.9,449=,-,,,,,,,,,,,,,,,,,,
801-850,531-540,University of Balamand,Lebanon,S,CO,HI,3.0,B,4.9,601+,13.0,601+,83.8,115,2.0,701+,12.6,701+,21.8,520,1.0,701+,8.2,701+,1.0,701+,-,,,,,,,,,,,,,,,,,,
801-850,801-1000,University of Calcutta,India,L,CO,VH,5.0,A,15.7,557,4.3,601+,5.6,701+,20.3,554,25.9,524,1.1,701+,3.2,701+,38.8,186,1.9,701+,-,,,,,,,,,,,,,,,,,,
801-850,801-1000,University of Dubai,United Arab Emirates,S,SP,,3.0,B,4.2,601+,4.5,601+,13.0,701+,10.0,701+,100.0,7,64.5,232,1.0,701+,17.3,484,1.0,701+,-,,,,,,,,,,,,,,,,,,
801-850,751-800,University of Hyderabad,India,M,FC,HI,3.0,A,11.9,601+,2.8,601+,16.3,701+,37.9,372,2.0,701+,2.0,701+,1.4,701+,7.8,701+,1.3,701+,-,,,,,,,,,,,,,,,,,,
801-850,1001-1200,University of Latvia,Latvia,L,FC,HI,5.0,A,12.5,601+,17.8,495,5.1,701+,6.1,701+,12.5,701+,5.3,701+,21.5,531,59.8,102,13.7,627=,-,,,,,,,,,,,,,,,,,,
801-850,581-590,University of Massachusetts Boston,United States,L,FO,VH,5.0,A,11.9,601+,4.9,601+,11.5,701+,27.5,458,5.9,701+,9.6,701+,2.3,701+,7.6,701+,40.2,362=,-,,,,,,,,,,,,,,,,,,
801-850,701-750,University of Pecs,Hungary,L,FC,HI,5.0,A,13.2,601+,8.8,601+,38.1,414,2.7,701+,9.1,701+,62.4,240,4.8,701+,9.6,701+,3.0,701+,-,,,,,,,,,,,,,,,,,,
801-850,1001-1200,University of Salerno,Italy,L,FC,VH,4.0,A,7.9,601+,2.1,601+,4.8,701+,31.9,421,3.4,701+,1.8,701+,64.8,217,5.4,701+,7.6,701+,-,,,,,,,,,,,,,,,,,,
801-850,801-1000,University of Santo Tomas,Philippines,L,FC,MD,5.0,B,11.5,601+,33.5,293,15.7,701+,1.3,701+,41.4,401,8.2,701+,1.0,701+,12.5,697,1.1,701+,-,,,,,,,,,,,,,,,,,,
801-850,801-1000,Verona University,Italy,L,FC,HI,3.0,A,8.7,601+,2.9,601+,4.8,701+,40.0,345,4.7,701+,3.6,701+,32.0,448,6.9,701+,14.7,616,-,,,,,,,,,,,,,,,,,,
801-850,701-750,Vilnius Gediminas Technical University,Lithuania,M,SP,,4.0,A,9.0,601+,16.7,516,40.9,385,7.3,701+,15.8,655,38.8,355,4.7,701+,11.5,701+,1.9,701+,-,,,,,,,,,,,,,,,,,,
801-850,801-1000,Vytautas Magnus University,Lithuania,M,FO,VH,5.0,A,11.0,601+,20.6,449,38.5,410,2.1,701+,15.1,666,40.2,341,2.4,701+,11.4,701+,1.6,701+,-,,,,,,,,,,,,,,,,,,
801-850,501-510,Yokohama City University,Japan,M,FO,VH,4.0,A,3.3,601+,2.6,601+,97.7,49,10.3,701+,4.1,701+,2.4,701+,1.1,701+,8.5,701+,1.0,701+,-,,,,,,,,,,,,,,,,,,
801-850,651-700,Karaganda State Technical University,Kazakhstan,M,FO,HI,4.0,A,8.4,601+,6.8,601+,80.6,138,1.1,701+,8.2,701+,18.4,569,1.0,701+,12.1,701+,2.1,701+,-,,,,,,,,,,,,,,,,,,
851-900,,Addis Ababa University,Ethiopia,XL,CO,HI,,,5.6,601+,10.8,601+,61.1,231,1.7,701+,,,,,14.3,608,54.7,114,,,-,,,,,,,,,,,,,,,,,,
851-900,801-1000,Beijing University of Posts and Telecommunications,China (Mainland),L,CO,VH,3.0,A,3.9,601+,2.2,601+,10.0,701+,49.2,271,5.0,701+,1.8,701+,1.1,701+,10.4,701+,1.2,701+,-,,,,,,,,,,,,,,,,,,
851-900,801-1000,Catania University,Italy,L,FC,VH,5.0,A,11.7,601+,3.1,601+,4.8,701+,27.4,459,2.8,701+,2.6,701+,30.4,456,6.1,701+,25.1,489,-,,,,,,,,,,,,,,,,,,
851-900,751-800,Chonnam National University,South Korea,L,FC,VH,4.0,A,11.7,601+,5.0,601+,44.0,357,14.3,652,11.4,701+,6.5,701+,1.7,701+,6.0,701+,4.0,701+,-,,,,,,,,,,,,,,,,,,
851-900,751-800,Chungnam National University,South Korea,L,FC,VH,4.0,A,11.7,601+,8.0,601+,45.3,348,10.6,701+,8.2,701+,10.7,701+,1.6,701+,8.0,701+,2.1,701+,-,,,,,,,,,,,,,,,,,,
851-900,801-1000,Clemson University,United States,L,CO,VH,5.0,A,8.3,601+,10.8,601+,12.9,701+,16.7,606,8.3,701+,4.5,701+,36.4,408,11.1,701+,32.1,423,-,,,,,,,,,,,,,,,,,,
851-900,751-800,CY Cergy Paris University,France,M,FO,VH,1.0,A,3.4,601+,2.7,601+,41.9,376,6.5,701+,54.3,340,45.1,321,8.1,701+,7.4,701+,9.6,678=,-,,,,,,,,,,,,,,,,,,
851-900,801-1000,Gdańsk University of Technology,Poland,M,FO,VH,5.0,A,9.2,601+,14.4,566,36.3,437,11.8,701+,3.3,701+,7.1,701+,11.8,638,8.6,701+,14.9,614=,-,,,,,,,,,,,,,,,,,,
851-900,801-1000,Georgia State University,United States,XL,CO,VH,4.0,A,11.7,601+,13.6,594,4.9,701+,20.3,556,10.5,701+,7.4,701+,17.0,573,16.1,519,11.8,644=,-,,,,,,,,,,,,,,,,,,
851-900,801-1000,Gulf University for Science and Technology,Kuwait,S,FO,HI,2.0,C,10.7,601+,7.3,601+,9.3,701+,4.3,701+,100.0,15,23.3,497,1.0,701+,14.0,610,1.9,701+,-,,,,,,,,,,,,,,,,,,
851-900,1001-1200,Huazhong Agricultural University,China (Mainland),XL,CO,VH,4.0,A,4.1,601+,1.8,601+,6.3,701+,48.7,278,4.0,701+,1.6,701+,2.8,701+,5.9,701+,4.0,701+,-,,,,,,,,,,,,,,,,,,
851-900,601-650,Kanazawa University,Japan,M,FC,VH,4.0,A,9.3,601+,4.4,601+,60.8,232,12.1,696,9.2,701+,5.8,701+,2.4,701+,7.9,701+,1.4,701+,-,,,,,,,,,,,,,,,,,,
851-900,801-1000,Kansas State University ,United States,L,CO,VH,5.0,A,8.9,601+,8.0,601+,12.0,701+,20.0,558,24.0,547,5.2,701+,19.0,550,13.0,660,26.1,485=,-,,,,,,,,,,,,,,,,,,
851-900,801-1000,Karaganda Buketov University,Kazakhstan,L,FO,HI,4.0,B,13.7,601+,19.9,457,32.4,491,1.2,701+,22.2,571,7.3,701+,1.0,701+,11.9,701+,1.0,701+,-,,,,,,,,,,,,,,,,,,
851-900,801-1000,King Faisal University,Saudi Arabia,L,FO,VH,3.0,A,15.0,585,8.6,601+,11.4,701+,2.4,701+,99.2,95,2.0,701+,3.1,701+,7.5,701+,1.1,701+,-,,,,,,,,,,,,,,,,,,
851-900,1001-1200,Kuwait University,Kuwait,XL,FC,MD,4.0,A,13.6,601+,8.3,601+,6.4,701+,2.2,701+,30.4,487,21.0,534,10.9,654,51.3,128,18.8,555=,-,,,,,,,,,,,,,,,,,,
851-900,801-1000,Kyrgyz-Turkish Manas University,Kyrgyzstan,S,CO,HI,3.0,A,13.0,601+,7.3,601+,12.2,701+,1.6,701+,85.3,206,24.7,478,1.0,701+,14.5,578,,,-,,,,,,,,,,,,,,,,,,
851-900,801-1000,London South Bank University,United Kingdom,L,CO,HI,3.0,A,3.5,601+,2.9,601+,8.3,701+,5.6,701+,78.2,237,95.9,83,2.3,701+,11.1,701+,1.1,701+,-,,,,,,,,,,,,,,,,,,
851-900,751-800,Michigan Technological University,United States,M,CO,VH,5.0,A,4.4,601+,4.2,601+,26.0,568,32.1,420,19.6,593,9.4,701+,8.3,701+,8.6,701+,3.2,701+,-,,,,,,,,,,,,,,,,,,
851-900,551-560,National Research Saratov State University,Russia,M,CO,VH,5.0,A,5.2,601+,2.5,601+,95.8,58,1.7,701+,3.2,701+,18.2,572,1.2,701+,4.7,701+,1.0,701+,-,,,,,,,,,,,,,,,,,,
851-900,561-570,Niigata University,Japan,L,FC,HI,4.0,A,4.9,601+,3.3,601+,88.1,93,4.6,701+,4.2,701+,3.3,701+,1.2,701+,9.2,701+,3.0,701+,-,,,,,,,,,,,,,,,,,,
851-900,1001-1200,North South University,Bangladesh,L,CO,HI,3.0,B,12.1,601+,48.4,180,5.6,701+,2.3,701+,12.2,701+,2.4,701+,1.1,701+,13.3,645,1.1,701+,-,,,,,,,,,,,,,,,,,,
851-900,801-1000,Oklahoma State University ,United States,L,FC,HI,5.0,A,8.4,601+,9.7,601+,10.7,701+,15.1,630,37.3,432,4.3,701+,23.4,513,16.6,512,20.9,536=,-,,,,,,,,,,,,,,,,,,
851-900,701-750,Pavol Jozef Šafárik University in Košice,Slovakia,M,FC,HI,4.0,A,5.1,601+,3.6,601+,55.5,270,3.6,701+,2.0,701+,63.8,236,3.3,701+,13.0,663,1.3,701+,-,,,,,,,,,,,,,,,,,,
851-900,801-1000,"Queen Margaret University , Edinburgh",United Kingdom,S,FO,VH,2.0,A,3.8,601+,4.0,601+,5.3,701+,17.0,601,61.2,312,76.0,181,1.0,701+,8.7,701+,1.0,701+,-,,,,,,,,,,,,,,,,,,
851-900,801-1000,Ryerson University,Canada,XL,CO,VH,4.0,A,7.0,601+,14.4,565,1.7,701+,30.7,431,,,3.6,701+,14.6,600,12.7,683,8.0,701+,-,,,,,,,,,,,,,,,,,,
851-900,541-550,Southern Federal University,Russia,L,CO,VH,5.0,A,7.6,601+,3.6,601+,77.8,146,1.8,701+,3.5,701+,23.1,499,5.1,701+,6.6,701+,11.7,647=,-,,,,,,,,,,,,,,,,,,
851-900,801-1000,Technological University Dublin,Ireland,L,CO,HI,1.0,A,12.1,601+,12.4,601+,12.6,701+,3.1,701+,32.7,470,39.6,346,5.0,701+,13.1,653,16.9,581=,-,,,,,,,,,,,,,,,,,,
851-900,801-1000,TU Dortmund University,Germany,L,CO,VH,4.0,A,13.6,601+,13.8,589,22.2,626,7.4,701+,20.2,589,19.1,559,17.0,574,9.1,701+,4.4,701+,-,,,,,,,,,,,,,,,,,,
851-900,701-750,Universidad Católica del Uruguay (UCU),Uruguay,S,CO,MD,3.0,B,12.2,601+,12.4,601+,57.0,255,1.2,701+,8.7,701+,2.6,701+,1.0,701+,13.1,655,1.2,701+,-,,,,,,,,,,,,,,,,,,
851-900,531-540,"Universidad Central ""Marta Abreu"" de Las Villas",Cuba,M,CO,MD,4.0,A,5.7,601+,1.1,601+,99.9,23,1.2,701+,1.1,701+,1.3,701+,1.1,701+,14.6,572,1.0,701+,-,,,,,,,,,,,,,,,,,,
851-900,801-1000,Universidad de Guadalajara (UDG),Mexico,XL,FC,HI,5.0,A,20.3,432,9.2,601+,19.6,677,1.3,701+,2.4,701+,1.1,701+,7.5,701+,8.5,701+,37.8,379=,-,,,,,,,,,,,,,,,,,,
851-900,801-1000,Universidad Torcuato Di Tella,Argentina,S,SP,,3.0,B,11.9,601+,25.4,376,17.9,701+,3.2,701+,34.5,460,8.2,701+,1.0,701+,17.1,496,1.0,701+,-,,,,,,,,,,,,,,,,,,
851-900,801-1000,Universita' degli Studi di Ferrara,Italy,L,FC,HI,5.0,A,6.5,601+,2.4,601+,2.4,701+,38.6,360,2.5,701+,3.5,701+,26.8,484,8.4,701+,17.8,571=,-,,,,,,,,,,,,,,,,,,
851-900,1001-1200,University of Bucharest,Romania,XL,FO,VH,5.0,A,15.5,564,13.8,586,6.5,701+,4.2,701+,2.8,701+,1.9,701+,28.7,465,34.7,222,27.8,469=,-,,,,,,,,,,,,,,,,,,
851-900,801-1000,University of East London,United Kingdom,L,CO,HI,3.0,A,3.6,601+,3.5,601+,3.5,701+,6.7,701+,74.2,258,100.0,31,2.1,701+,12.0,701+,1.1,701+,-,,,,,,,,,,,,,,,,,,
851-900,801-1000,University of Hertfordshire,United Kingdom,L,CO,HI,3.0,A,4.7,601+,4.8,601+,6.4,701+,5.6,701+,63.4,305,99.5,42,11.2,647,12.0,701+,2.7,701+,-,,,,,,,,,,,,,,,,,,
851-900,801-1000,University of Lincoln,United Kingdom,L,CO,HI,3.0,A,6.1,601+,5.1,601+,9.1,701+,11.3,701+,64.6,298,30.1,421,9.6,679,8.9,701+,37.5,382=,-,,,,,,,,,,,,,,,,,,
851-900,801-1000,University of Malta,Malta,M,FC,HI,3.0,A,5.3,601+,5.2,601+,38.2,413,6.5,701+,15.1,665,11.2,688,35.4,416,47.4,147,2.3,701+,-,,,,,,,,,,,,,,,,,,
851-900,801-1000,University of Maribor,Slovenia,L,FC,HI,3.0,A,7.0,601+,6.7,601+,30.8,509,6.7,701+,1.9,701+,14.3,636,16.1,584,52.1,123,31.3,428=,-,,,,,,,,,,,,,,,,,,
851-900,801-1000,University of Messina (UniME),Italy,L,FC,VH,5.0,A,8.3,601+,2.5,601+,12.7,701+,29.4,438,1.4,701+,4.4,701+,30.7,455,1.0,701+,23.2,511=,-,,,,,,,,,,,,,,,,,,
851-900,1001-1200,University of Palermo,Italy,L,CO,VH,5.0,A,10.9,601+,2.4,601+,5.1,701+,27.5,455,2.4,701+,1.9,701+,53.3,295,5.1,701+,9.7,673=,-,,,,,,,,,,,,,,,,,,
851-900,801-1000,University of Parma,Italy,L,FC,VH,5.0,A,9.4,601+,2.7,601+,2.6,701+,34.6,393,2.0,701+,6.3,701+,35.1,419,10.2,701+,3.7,701+,-,,,,,,,,,,,,,,,,,,
851-900,801-1000,University of Salford,United Kingdom,L,CO,HI,4.0,A,7.4,601+,4.0,601+,6.7,701+,7.8,701+,38.1,422,70.1,210,20.8,539,11.8,701+,9.8,669=,-,,,,,,,,,,,,,,,,,,
851-900,,University of South Africa,South Africa,XL,CO,VH,5.0,A,9.6,601+,4.9,601+,1.0,701+,8.8,701+,,,8.0,701+,81.8,136,66.6,81,,,-,,,,,,,,,,,,,,,,,,
851-900,601-650,University Paris 2 Panthéon-Assas,France,L,SP,,5.0,A,7.1,601+,3.5,601+,71.3,179,1.2,701+,12.5,701+,24.5,479,1.0,701+,27.4,297,1.0,701+,-,,,,,,,,,,,,,,,,,,
851-900,1001-1200,Vellore Institute of Technology (VIT),India,XL,FO,VH,3.0,B,11.2,601+,12.2,601+,6.5,701+,21.3,540,19.0,599,2.2,701+,13.3,622,10.2,701+,9.7,673=,-,,,,,,,,,,,,,,,,,,
851-900,601-650,Wesleyan University,United States,S,FO,VH,,B,4.4,601+,1.8,601+,63.5,221,8.6,701+,18.0,614,16.8,587,1.0,701+,27.7,293,,,-,,,,,,,,,,,,,,,,,,
851-900,801-1000,Worcester Polytechnic Institute,United States,M,CO,VH,5.0,B,3.9,601+,5.7,601+,17.1,701+,27.5,457,42.7,390,24.2,485,1.7,701+,11.8,701+,1.3,701+,-,,,,,,,,,,,,,,,,,,
851-900,801-1000,Wuhan University of Technology,China (Mainland),XL,FO,VH,2.0,A,6.9,601+,2.1,601+,12.1,701+,41.1,332,,,2.6,701+,9.7,673,7.0,701+,2.4,701+,-,,,,,,,,,,,,,,,,,,
901-950,801-1000,AGH University of Science and Technology,Poland,L,CO,VH,5.0,A,9.2,601+,15.2,542,37.3,422,7.0,701+,2.7,701+,4.5,701+,13.2,623,8.8,701+,2.5,701+,-,,,,,,,,,,,,,,,,,,
901-950,1001-1200,Alexandria University ,Egypt,XL,FC,HI,4.0,A,21.5,400,13.1,601+,5.0,701+,1.9,701+,1.7,701+,5.0,701+,28.7,466,13.5,635,2.7,701+,-,,,,,,,,,,,,,,,,,,
901-950,1001-1200,Ankara Üniversitesi,Turkey,XL,FC,HI,4.0,A,18.5,481,11.7,601+,8.1,701+,2.7,701+,2.5,701+,5.4,701+,32.4,441,15.4,546,16.1,592=,-,,,,,,,,,,,,,,,,,,
901-950,1001-1200,Asia University Taiwan,Taiwan,M,FO,VH,2.0,C,5.9,601+,1.8,601+,3.3,701+,38.7,358,9.5,701+,3.5,701+,12.0,637,7.9,701+,2.3,701+,-,,,,,,,,,,,,,,,,,,
901-950,1001-1200,Athens University of Economics and Business,Greece,M,FO,VH,5.0,A,7.4,601+,33.3,296,1.6,701+,17.7,588,1.7,701+,3.3,701+,1.0,701+,15.7,530,4.1,701+,-,,,,,,,,,,,,,,,,,,
901-950,801-1000,Beijing Jiaotong University,China (Mainland),L,CO,VH,2.0,A,10.1,601+,4.2,601+,16.0,701+,28.8,446,5.0,701+,10.6,701+,2.6,701+,8.2,701+,1.7,701+,-,,,,,,,,,,,,,,,,,,
901-950,801-1000,College of William and Mary,United States,M,CO,VH,5.0,A,8.3,601+,10.6,601+,25.7,574,15.6,624,6.9,701+,6.8,701+,2.5,701+,21.4,390,8.1,701+,-,,,,,,,,,,,,,,,,,,
901-950,,D. Serikbayev East Kazakhstan state technical university,Kazakhstan,M,CO,MD,4.0,A,11.6,601+,6.3,601+,59.9,237,1.2,701+,17.3,623,2.7,701+,1.0,701+,12.6,686,1.6,701+,-,,,,,,,,,,,,,,,,,,
901-950,801-1000,Donghua University,China (Mainland),L,FO,VH,3.0,A,4.0,601+,1.5,601+,26.9,562,37.9,370,2.3,701+,3.4,701+,1.9,701+,6.2,701+,1.3,701+,-,,,,,,,,,,,,,,,,,,
901-950,571-580,Hallym University ,South Korea,M,FC,VH,3.0,B,2.6,601+,1.9,601+,94.0,65,6.9,701+,4.2,701+,2.7,701+,1.0,701+,4.2,701+,1.0,701+,-,,,,,,,,,,,,,,,,,,
901-950,651-700,Kumamoto University,Japan,M,FC,VH,4.0,A,7.6,601+,3.1,601+,56.0,266,12.3,691,5.9,701+,3.4,701+,3.1,701+,8.1,701+,1.9,701+,-,,,,,,,,,,,,,,,,,,
901-950,801-1000,London Metropolitan University,United Kingdom,M,CO,HI,2.0,A,5.5,601+,2.9,601+,4.5,701+,3.2,701+,60.8,315,100.0,18,1.0,701+,14.0,609,1.0,701+,-,,,,,,,,,,,,,,,,,,
901-950,801-1000,Loyola University Chicago,United States,L,FC,HI,5.0,B,8.7,601+,29.6,330,21.3,640,8.0,701+,7.4,701+,3.0,701+,1.6,701+,13.1,659,2.5,701+,-,,,,,,,,,,,,,,,,,,
901-950,801-1000,Mendel University in Brno,Czech Republic,M,FO,VH,5.0,A,6.4,601+,8.6,601+,48.8,322,3.9,701+,10.4,701+,37.1,368,13.1,624,8.7,701+,1.3,701+,-,,,,,,,,,,,,,,,,,,
901-950,801-1000,National Chung Cheng University,Taiwan,M,CO,VH,3.0,A,13.0,601+,26.2,368,18.2,701+,5.2,701+,4.5,701+,3.9,701+,1.1,701+,4.2,701+,8.3,701+,-,,,,,,,,,,,,,,,,,,
901-950,651-700,"National Technical University ""Kharkiv Polytechnic Institute""",Ukraine,M,CO,VH,5.0,A,6.6,601+,12.1,601+,63.3,224,1.3,701+,1.8,701+,24.0,487,1.0,701+,10.2,701+,,,-,,,,,,,,,,,,,,,,,,
901-950,801-1000,Nicolaus Copernicus University ,Poland,L,FC,HI,4.0,A,7.5,601+,3.0,601+,48.7,323,4.8,701+,3.4,701+,4.8,701+,51.1,305,8.2,701+,2.0,701+,-,,,,,,,,,,,,,,,,,,
901-950,801-1000,Northern Borders University,Saudi Arabia,L,FC,MD,2.0,A,10.4,601+,3.7,601+,21.9,632,2.0,701+,98.2,112,5.2,701+,1.0,701+,8.2,701+,1.0,701+,-,,,,,,,,,,,,,,,,,,
901-950,801-1000,Notre Dame University-Louaize NDU,Lebanon,S,CO,HI,3.0,B,4.5,601+,13.8,587,24.9,585,2.6,701+,84.2,216,21.9,517,1.0,701+,8.0,701+,1.0,701+,-,,,,,,,,,,,,,,,,,,
901-950,1001-1200,Ocean University of China,China (Mainland),L,FC,VH,3.0,A,5.5,601+,1.9,601+,9.9,701+,40.5,341,3.3,701+,2.0,701+,9.4,684,5.9,701+,4.9,701+,-,,,,,,,,,,,,,,,,,,
901-950,601-650,Okayama University,Japan,L,FC,VH,4.0,A,8.9,601+,3.9,601+,62.1,227,8.4,701+,5.6,701+,6.3,701+,3.6,701+,8.2,701+,1.6,701+,-,,,,,,,,,,,,,,,,,,
901-950,801-1000,Pontificia Universidad Católica del Ecuador (PUCE),Ecuador,L,FC,MD,4.0,B,16.8,526,28.7,339,10.5,701+,1.3,701+,16.9,630,1.6,701+,1.1,701+,15.5,540,1.2,701+,-,,,,,,,,,,,,,,,,,,
901-950,801-1000,Prince of Songkla University,Thailand,XL,FC,HI,4.0,A,20.1,437,7.1,601+,16.4,701+,3.2,701+,4.9,701+,1.9,701+,4.0,701+,7.7,701+,42.6,345=,-,,,,,,,,,,,,,,,,,,
901-950,801-1000,Princess Sumaya University for Technology,Jordan,S,FO,VH,3.0,B,8.0,601+,19.5,462,10.7,701+,4.5,701+,42.1,392,39.9,343,1.0,701+,11.7,701+,1.0,701+,-,,,,,,,,,,,,,,,,,,
901-950,801-1000,Qassim University,Saudi Arabia,XL,FC,HI,2.0,A,7.2,601+,2.9,601+,30.6,513,1.6,701+,98.4,107,8.6,701+,8.2,701+,8.8,701+,1.5,701+,-,,,,,,,,,,,,,,,,,,
901-950,801-1000,Rhodes University ,South Africa,M,CO,VH,5.0,A,6.7,601+,9.5,601+,13.6,701+,16.5,607,,,35.8,375,11.6,641,19.6,429,6.5,701+,-,,,,,,,,,,,,,,,,,,
901-950,801-1000,Riga Stradins University,Latvia,M,SP,,4.0,A,6.7,601+,14.1,578,14.4,701+,1.8,701+,16.9,633,86.4,138,1.0,701+,11.7,701+,4.1,701+,-,,,,,,,,,,,,,,,,,,
901-950,801-1000,Robert Gordon University,United Kingdom,M,CO,HI,3.0,A,3.5,601+,11.7,601+,5.4,701+,4.9,701+,63.9,300,76.7,175,1.5,701+,9.8,701+,1.2,701+,-,,,,,,,,,,,,,,,,,,
901-950,651-700,S.D. Asfendiyarov Kazakh National Medical University,Kazakhstan,M,SP,,2.0,A,5.5,601+,3.8,601+,59.3,240,1.1,701+,9.6,701+,55.6,266,1.0,701+,12.5,695,1.0,701+,-,,,,,,,,,,,,,,,,,,
901-950,601-650,Samara National Research University (Samara University),Russia,M,CO,VH,4.0,A,4.6,601+,2.2,601+,81.8,130,2.3,701+,2.8,701+,14.3,637,1.1,701+,10.6,701+,3.3,701+,-,,,,,,,,,,,,,,,,,,
901-950,801-1000,Sophia University ,Japan,L,CO,HI,4.0,B,12.1,601+,19.9,456,21.3,639,2.1,701+,35.2,452,12.0,679,1.0,701+,12.5,694,5.9,701+,-,,,,,,,,,,,,,,,,,,
901-950,601-650,St. Louis University,United States,M,CO,VH,5.0,B,4.2,601+,2.7,601+,66.3,199,11.1,701+,16.5,642,6.5,701+,2.1,701+,11.1,701+,,,-,,,,,,,,,,,,,,,,,,
901-950,591-600,Sungshin Women's University,South Korea,M,CO,MD,3.0,B,5.1,601+,7.4,601+,88.4,91,1.2,701+,2.8,701+,4.2,701+,1.0,701+,5.1,701+,1.0,701+,-,,,,,,,,,,,,,,,,,,
901-950,801-1000,Universidad Autónoma Metropolitana (UAM),Mexico,XL,FC,HI,3.0,A,23.1,375,14.5,563,4.1,701+,2.6,701+,8.6,701+,1.3,701+,4.8,701+,7.6,701+,24.8,490=,-,,,,,,,,,,,,,,,,,,
901-950,651-700,Universidad ICESI,Colombia,M,FC,MD,3.0,B,5.5,601+,9.7,601+,74.3,168,1.7,701+,4.7,701+,2.5,701+,1.0,701+,12.5,692,1.2,701+,-,,,,,,,,,,,,,,,,,,
901-950,801-1000,Universidad Nacional Mayor de San Marcos,Peru,XL,FC,MD,5.0,A,21.1,416,27.8,348,7.0,701+,1.3,701+,,,,,1.9,701+,4.7,701+,1.2,701+,-,,,,,,,,,,,,,,,,,,
901-950,801-1000,Universidade Católica Portuguesa - UCP,Portugal,M,FC,HI,3.0,B,13.3,601+,11.1,601+,13.9,701+,6.5,701+,9.1,701+,26.3,461,1.6,701+,29.3,272,9.7,673=,-,,,,,,,,,,,,,,,,,,
901-950,1001-1200,Universidade de Vigo,Spain,L,CO,VH,3.0,A,8.3,601+,5.4,601+,8.6,701+,17.0,603,2.3,701+,4.1,701+,35.3,417,7.0,701+,42.6,345=,-,,,,,,,,,,,,,,,,,,
901-950,801-1000,Università degli studi Roma Tre,Italy,XL,CO,VH,3.0,A,17.5,508,6.9,601+,2.1,701+,14.9,638,9.0,701+,4.6,701+,18.2,558,5.8,701+,8.4,695=,-,,,,,,,,,,,,,,,,,,
901-950,651-700,"University of Alabama, Birmingham",United States,L,FC,VH,4.0,A,6.7,601+,4.3,601+,49.4,316,18.0,584,,,,,8.9,701+,7.3,701+,,,-,,,,,,,,,,,,,,,,,,
901-950,801-1000,University of Central Lancashire,United Kingdom,L,CO,HI,3.0,A,5.9,601+,5.8,601+,11.5,701+,4.4,701+,37.0,439,81.6,156,16.7,579,8.9,701+,1.5,701+,-,,,,,,,,,,,,,,,,,,
901-950,751-800,University of Denver,United States,M,CO,VH,5.0,B,5.3,601+,7.5,601+,45.7,343,11.1,701+,2.4,701+,5.6,701+,3.3,701+,23.1,363,18.8,555=,-,,,,,,,,,,,,,,,,,,
901-950,801-1000,University of Murcia,Spain,L,FC,VH,5.0,A,12.6,601+,2.8,601+,32.5,489,5.7,701+,3.7,701+,8.3,701+,42.0,363,5.5,701+,9.4,683=,-,,,,,,,,,,,,,,,,,,
901-950,,University of Petroleum and Energy Studies (UPES),India,M,FO,VH,,C,18.2,490,3.7,601+,39.2,406,2.8,701+,18.1,613,1.1,701+,1.5,701+,8.1,701+,,,-,,,,,,,,,,,,,,,,,,
901-950,701-750,University of Vermont,United States,L,FC,HI,5.0,A,3.3,601+,3.2,601+,53.2,293,12.8,683,3.3,701+,2.5,701+,14.5,602,14.6,573,20.3,542=,-,,,,,,,,,,,,,,,,,,
901-950,801-1000,University of Wroclaw,Poland,L,CO,VH,4.0,A,14.8,589,14.4,569,28.4,539,4.2,701+,5.0,701+,7.6,701+,7.7,701+,12.1,701+,7.3,701+,-,,,,,,,,,,,,,,,,,,
901-950,1001-1200,West Virginia University,United States,L,FC,VH,5.0,A,6.4,601+,6.2,601+,11.7,701+,21.5,536,6.5,701+,5.2,701+,25.4,495,14.1,603,20.3,542=,-,,,,,,,,,,,,,,,,,,
901-950,801-1000,Wroclaw University of Science and Technology (WRUST),Poland,L,FO,VH,5.0,A,11.9,601+,17.2,505,32.7,484,5.3,701+,3.3,701+,5.3,701+,8.4,701+,8.4,701+,1.8,701+,-,,,,,,,,,,,,,,,,,,
951-1000,1001-1200,Bielefeld University,Germany,L,CO,VH,4.0,A,14.6,594,3.8,601+,8.4,701+,8.2,701+,21.2,580,7.7,701+,32.8,437,8.1,701+,6.5,701+,-,,,,,,,,,,,,,,,,,,
951-1000,1001-1200,"Birla Institute of Technology and Science, Pilani",India,L,CO,VH,5.0,B,9.1,601+,14.4,571,7.3,701+,17.3,596,1.8,701+,2.6,701+,2.2,701+,24.0,352,7.9,701+,-,,,,,,,,,,,,,,,,,,
951-1000,1001-1200,George Mason University,United States,L,CO,VH,4.0,A,9.0,601+,6.0,601+,12.6,701+,11.4,701+,12.4,701+,10.6,701+,17.2,571,14.5,581,28.6,462,-,,,,,,,,,,,,,,,,,,
951-1000,601-650,Gifu University,Japan,M,FC,VH,4.0,A,6.3,601+,2.5,601+,67.4,196,7.3,701+,5.3,701+,3.7,701+,1.1,701+,7.9,701+,1.1,701+,-,,,,,,,,,,,,,,,,,,
951-1000,651-700,Gunma University,Japan,M,FO,VH,4.0,A,3.8,601+,2.2,601+,82.0,128,4.7,701+,4.5,701+,3.7,701+,1.0,701+,7.9,701+,1.0,701+,-,,,,,,,,,,,,,,,,,,
951-1000,801-1000,Indiana University–Purdue University Indianapolis,United States,L,FC,HI,4.0,A,7.7,601+,6.1,601+,15.4,701+,17.0,600,29.4,494,5.8,701+,2.6,701+,7.7,701+,8.5,694,-,,,,,,,,,,,,,,,,,,
951-1000,801-1000,Islamic University of Madinah,Saudi Arabia,L,FO,MD,4.0,A,4.4,601+,1.9,601+,8.1,701+,1.4,701+,55.4,333,100.0,9,1.0,701+,5.2,701+,,,-,,,,,,,,,,,,,,,,,,
951-1000,801-1000,Jamia Millia Islamia,India,M,CO,VH,5.0,A,8.0,601+,2.6,601+,34.7,458,20.7,551,3.5,701+,4.4,701+,2.0,701+,7.2,701+,3.8,701+,-,,,,,,,,,,,,,,,,,,
951-1000,801-1000,Khon Kaen University,Thailand,XL,FC,HI,4.0,A,16.4,536,12.1,601+,8.1,701+,4.1,701+,6.9,701+,2.7,701+,3.3,701+,9.7,701+,29.9,449=,-,,,,,,,,,,,,,,,,,,
951-1000,801-1000,King Mongkut's University of Technology Thonburi ,Thailand,L,CO,HI,3.0,A,13.1,601+,7.2,601+,14.0,701+,7.6,701+,12.5,701+,3.5,701+,1.6,701+,8.4,701+,49.4,312=,-,,,,,,,,,,,,,,,,,,
951-1000,801-1000,Lviv Polytechnic National University,Ukraine,L,CO,VH,5.0,A,8.1,601+,14.8,553,37.2,423,1.8,701+,1.9,701+,1.6,701+,1.1,701+,14.0,608,22.7,520,-,,,,,,,,,,,,,,,,,,
951-1000,1201-1400,Makerere University,Uganda,XL,FC,HI,5.0,A,10.2,601+,4.7,601+,3.4,701+,4.6,701+,10.3,701+,8.2,701+,17.8,564,79.5,51,9.2,685=,-,,,,,,,,,,,,,,,,,,
951-1000,751-800,"Manipal Academy of Higher Education, Manipal, Karnataka, India",India,L,FC,VH,3.0,B,9.6,601+,7.0,601+,46.4,339,4.0,701+,1.7,701+,7.1,701+,13.0,626,11.3,701+,1.7,701+,-,,,,,,,,,,,,,,,,,,
951-1000,801-1000,NJSC KIMEP University,Kazakhstan,S,SP,,3.0,B,5.9,601+,11.9,601+,17.7,701+,3.5,701+,75.2,251,19.8,550,1.0,701+,14.8,567,1.2,701+,-,,,,,,,,,,,,,,,,,,
951-1000,801-1000,Northwest Agriculture and Forestry University,China (Mainland),XL,CO,VH,2.0,A,4.7,601+,1.4,601+,30.0,520,28.9,445,,,1.4,701+,5.5,701+,5.6,701+,2.3,701+,-,,,,,,,,,,,,,,,,,,
951-1000,651-700,O.P. Jindal Global University,India,M,SP,,2.0,B,6.6,601+,13.1,601+,51.1,305,1.5,701+,25.1,533,1.2,701+,1.0,701+,8.7,701+,1.5,701+,-,,,,,,,,,,,,,,,,,,
951-1000,751-800,Saint Petersburg Electrotechnical University ETU-LETI,Russia,M,FO,VH,5.0,A,5.7,601+,3.5,601+,49.4,315,1.8,701+,4.6,701+,49.2,302,1.1,701+,9.4,701+,1.2,701+,-,,,,,,,,,,,,,,,,,,
951-1000,1001-1200,Shahid Beheshti University (SBU),"Iran, Islamic Republic of",L,FO,VH,4.0,A,6.7,601+,12.3,601+,4.0,701+,29.1,442,1.6,701+,1.7,701+,8.5,701+,6.9,701+,1.9,701+,-,,,,,,,,,,,,,,,,,,
951-1000,801-1000,South Ural State University (National Research University),Russia,L,CO,VH,4.0,A,9.3,601+,4.2,601+,39.4,402,3.0,701+,9.7,701+,16.4,591,36.6,404,5.1,701+,1.3,701+,-,,,,,,,,,,,,,,,,,,
951-1000,801-1000,Sumy State University,Ukraine,M,FC,HI,3.0,A,5.6,601+,5.7,601+,42.4,373,2.3,701+,2.9,701+,63.1,239,1.2,701+,9.7,701+,3.4,701+,-,,,,,,,,,,,,,,,,,,
951-1000,801-1000,Tecnológico de Costa Rica -TEC,Costa Rica,M,CO,HI,4.0,A,8.4,601+,33.8,291,23.2,612,1.4,701+,6.8,701+,2.0,701+,1.0,701+,12.4,701+,1.9,701+,-,,,,,,,,,,,,,,,,,,
951-1000,1001-1200,Thapar Institute of Engineering & Technology,India,M,FO,VH,4.0,A,3.8,601+,4.0,601+,7.9,701+,36.9,379,3.7,701+,1.6,701+,1.6,701+,8.7,701+,1.2,701+,-,,,,,,,,,,,,,,,,,,
951-1000,1001-1200,The University of Alabama,United States,XL,CO,VH,5.0,A,9.7,601+,19.0,471,5.9,701+,12.8,681,8.9,701+,2.7,701+,8.8,701+,13.3,646,16.3,588=,-,,,,,,,,,,,,,,,,,,
951-1000,701-750,Tokyo Metropolitan University,Japan,M,CO,VH,2.0,A,12.6,601+,5.4,601+,28.7,536,14.3,648,6.9,701+,6.3,701+,2.3,701+,8.8,701+,1.1,701+,-,,,,,,,,,,,,,,,,,,
951-1000,1001-1200,Universidad de Castilla-La Mancha,Spain,L,FC,HI,3.0,A,8.9,601+,2.0,601+,15.5,701+,9.6,701+,2.0,701+,4.5,701+,35.3,418,7.5,701+,55.2,275=,-,,,,,,,,,,,,,,,,,,
951-1000,801-1000,Universidad de las Américas Puebla (UDLAP),Mexico,S,FC,HI,4.0,B,8.3,601+,13.1,601+,39.9,394,1.9,701+,26.1,522,5.3,701+,1.0,701+,9.5,701+,1.0,701+,-,,,,,,,,,,,,,,,,,,
951-1000,801-1000,Universidad de los Andes - Chile,Chile,M,FC,HI,3.0,B,15.0,581,24.5,394,9.0,701+,3.0,701+,12.4,701+,2.3,701+,1.2,701+,9.1,701+,1.1,701+,-,,,,,,,,,,,,,,,,,,
951-1000,1001-1200,Universidad de Valladolid,Spain,L,CO,VH,4.0,,10.3,601+,3.6,601+,30.0,521,4.5,701+,5.3,701+,3.9,701+,54.4,290,9.5,701+,,,-,,,,,,,,,,,,,,,,,,
951-1000,801-1000,Universidad Diego Portales (UDP),Chile,L,FC,MD,3.0,B,15.0,582,22.2,425,8.6,701+,4.7,701+,14.3,677,3.1,701+,2.8,701+,8.4,701+,1.2,701+,-,,,,,,,,,,,,,,,,,,
951-1000,801-1000,Universidad Nacional de Córdoba - UNC,Argentina,XL,FO,VH,5.0,A,24.4,353,15.5,533,7.3,701+,1.6,701+,1.4,701+,1.5,701+,5.8,701+,8.5,701+,2.2,701+,-,,,,,,,,,,,,,,,,,,
951-1000,,Universidad Nacional de Ingeniería Peru,Peru,L,FO,HI,5.0,,7.9,601+,42.5,218,21.9,633,1.3,701+,,,,,1.0,701+,4.7,701+,,,-,,,,,,,,,,,,,,,,,,
951-1000,801-1000,Universidad Nacional de Rosario (UNR),Argentina,XL,FC,MD,4.0,A,19.4,456,8.8,601+,27.6,550,1.1,701+,,,7.0,701+,1.1,701+,5.0,701+,1.3,701+,-,,,,,,,,,,,,,,,,,,
951-1000,651-700,Universidad Peruana Cayetano Heredia (UPCH),Peru,M,FO,VH,4.0,B,9.7,601+,10.4,601+,54.9,277,2.3,701+,1.2,701+,1.2,701+,2.3,701+,8.4,701+,9.8,669=,-,,,,,,,,,,,,,,,,,,
951-1000,1001-1200,Universidad Rey Juan Carlos,Spain,XL,CO,VH,3.0,A,7.3,601+,9.4,601+,6.4,701+,4.1,701+,15.3,663,14.8,623,13.7,614,9.3,701+,60.4,249=,-,,,,,,,,,,,,,,,,,,
951-1000,801-1000,Universidad Simón Bolívar (USB),Venezuela,S,FO,VH,4.0,A,17.2,521,21.2,437,11.6,701+,2.9,701+,1.8,701+,1.0,701+,1.0,701+,11.6,701+,1.0,701+,-,,,,,,,,,,,,,,,,,,
951-1000,1001-1200,Universidad Tecnológica de Panamá (UTP),Panama,L,CO,MD,3.0,A,8.8,601+,30.7,319,23.8,599,1.1,701+,2.7,701+,3.9,701+,1.0,701+,14.1,604,1.0,701+,-,,,,,,,,,,,,,,,,,,
951-1000,1201-1400,Université de Tunis El Manar,Tunisia,L,FC,VH,2.0,A,8.0,601+,2.6,601+,20.8,649,4.8,701+,21.9,573,5.1,701+,50.2,311,27.3,299,8.3,701+,-,,,,,,,,,,,,,,,,,,
951-1000,1001-1200,Université Toulouse 1 Capitole,France,L,FO,VH,5.0,A,14.0,601+,3.0,601+,1.5,701+,5.4,701+,29.4,493,52.3,276,13.6,615,6.4,701+,1.0,701+,-,,,,,,,,,,,,,,,,,,
951-1000,801-1000,Universiti Pendidikan Sultan Idris (UPSI),Malaysia,M,FO,VH,3.0,A,11.9,601+,11.0,601+,25.0,584,2.5,701+,21.0,583,28.7,433,1.1,701+,9.6,701+,6.6,701+,-,,,,,,,,,,,,,,,,,,
951-1000,801-1000,University of Baghdad,Iraq,XL,FC,VH,4.0,A,9.5,601+,11.4,601+,30.9,507,1.5,701+,1.8,701+,1.1,701+,14.1,612,31.4,243,14.2,621=,-,,,,,,,,,,,,,,,,,,
951-1000,801-1000,University of Bahrain,Bahrain,L,CO,HI,3.0,A,10.7,601+,7.6,601+,7.3,701+,2.1,701+,87.6,196,11.4,684,1.3,701+,6.8,701+,3.0,701+,-,,,,,,,,,,,,,,,,,,
951-1000,1001-1200,University of Calabria,Italy,L,CO,VH,4.0,A,5.7,601+,2.0,601+,3.9,701+,25.7,473,6.2,701+,5.7,701+,49.6,316,4.7,701+,3.3,701+,-,,,,,,,,,,,,,,,,,,
951-1000,801-1000,UNIVERSITY OF GDANSK,Poland,L,FO,VH,4.0,A,11.5,601+,7.0,601+,32.1,493,3.8,701+,4.6,701+,2.3,701+,28.0,472,10.0,701+,2.6,701+,-,,,,,,,,,,,,,,,,,,
951-1000,1201-1400,University of Ghana,Ghana,XL,FC,HI,4.0,A,10.5,601+,9.4,601+,1.8,701+,5.1,701+,4.9,701+,1.8,701+,28.9,463,64.1,89,9.7,673=,-,,,,,,,,,,,,,,,,,,
951-1000,801-1000,University of Lodz,Poland,L,CO,VH,4.0,A,11.7,601+,4.3,601+,39.7,400,3.2,701+,4.2,701+,12.8,666,26.7,485,11.8,701+,2.4,701+,-,,,,,,,,,,,,,,,,,,
951-1000,801-1000,University of New England Australia,Australia,L,CO,VH,3.0,A,10.9,601+,6.3,601+,2.3,701+,25.4,478,2.9,701+,5.5,701+,8.1,701+,9.1,701+,14.5,617=,-,,,,,,,,,,,,,,,,,,
951-1000,801-1000,University of Peshawar,Pakistan,M,FO,VH,4.0,A,6.0,601+,9.0,601+,36.0,442,17.4,592,,,2.0,701+,3.7,701+,5.9,701+,1.2,701+,-,,,,,,,,,,,,,,,,,,
951-1000,801-1000,University of Seoul ,South Korea,M,CO,VH,3.0,A,12.1,601+,10.0,601+,37.2,424,8.2,701+,3.2,701+,5.8,701+,1.3,701+,9.2,701+,1.4,701+,-,,,,,,,,,,,,,,,,,,
951-1000,1001-1200,University of the Western Cape,South Africa,L,CO,VH,4.0,A,8.4,601+,7.8,601+,4.2,701+,15.1,634,26.4,516,4.0,701+,40.5,372,11.7,701+,4.9,701+,-,,,,,,,,,,,,,,,,,,
951-1000,801-1000,Viet Nam National University Ho Chi Minh City (VNU-HCM),Vietnam,XL,CO,HI,3.0,A,16.9,524,26.4,366,7.0,701+,2.0,701+,2.8,701+,1.2,701+,2.3,701+,21.6,386,3.4,701+,-,,,,,,,,,,,,,,,,,,
951-1000,801-1000,"Vietnam National University, Hanoi ",Vietnam,XL,FO,VH,3.0,A,13.5,601+,21.1,439,9.4,701+,2.3,701+,4.7,701+,1.2,701+,10.7,657,20.8,399,6.1,701+,-,,,,,,,,,,,,,,,,,,
951-1000,801-1000,Yeungnam University ,South Korea,L,FC,HI,4.0,C,5.5,601+,3.2,601+,14.3,701+,23.3,511,39.8,413,6.1,701+,2.5,701+,4.5,701+,1.3,701+,-,,,,,,,,,,,,,,,,,,
951-1000,1001-1200,Yildiz Technical University,Turkey,L,CO,VH,5.0,A,8.1,601+,21.5,433,5.1,701+,9.3,701+,8.7,701+,21.6,523,2.0,701+,10.6,701+,24.4,497=,-,,,,,,,,,,,,,,,,,,
951-1000,801-1000,Yokohama National University,Japan,M,CO,VH,4.0,A,9.6,601+,18.3,480,16.7,701+,8.3,701+,8.8,701+,9.4,701+,2.0,701+,16.2,517,12.7,636=,-,,,,,,,,,,,,,,,,,,
1001-1200,,Università del Salento,Italy,L,CO,VH,4.0,A,7.0,601+,1.6,601+,7.1,701+,22.0,528,1.8,701+,1.5,701+,19.6,546,4.7,701+,,,-,,,,,,,,,,,,,,,,,,
1001-1200,,University of Ioannina,Greece,XL,,,,,6.9,601+,3.7,601+,1.4,701+,24.6,494,1.7,701+,2.7,701+,15.2,596,8.4,701+,,,-,,,,,,,,,,,,,,,,,,
1001-1200,1001-1200,Vancouver Island University,Canada,M,CO,MD,,,5.0,601+,3.3,601+,58.0,251,1.1,701+,,,,,1.1,701+,6.8,701+,,,-,,,,,,,,,,,,,,,,,,
1001-1200,1001-1200,Al Quds University The Arab University in Jerusalem,"Palestinian Territory, Occupied",M,FC,MD,3.0,A,4.2,601+,10.7,601+,11.3,701+,1.6,701+,55.1,335,34.5,384,1.1,701+,12.3,701+,1.0,701+,-,,,,,,,,,,,,,,,,,,
1001-1200,1001-1200,Aligarh Muslim University,India,L,CO,VH,5.0,A,9.7,601+,2.5,601+,20.8,651,10.2,701+,1.2,701+,1.7,701+,5.0,701+,6.1,701+,17.1,579=,-,,,,,,,,,,,,,,,,,,
1001-1200,1001-1200,Amity University,India,L,CO,VH,2.0,B,8.5,601+,7.6,601+,10.6,701+,5.9,701+,3.8,701+,21.8,519,22.4,524,9.1,701+,1.9,701+,-,,,,,,,,,,,,,,,,,,
1001-1200,1001-1200,Amrita Vishwa Vidyapeetham,India,L,FC,VH,2.0,B,4.8,601+,4.1,601+,25.3,579,5.2,701+,37.0,438,1.7,701+,1.4,701+,4.5,701+,1.1,701+,-,,,,,,,,,,,,,,,,,,
1001-1200,1001-1200,An-Najah National University,"Palestinian Territory, Occupied",L,FC,MD,4.0,A,6.4,601+,16.5,518,7.3,701+,2.2,701+,36.2,446,25.0,473,1.3,701+,10.9,701+,3.1,701+,-,,,,,,,,,,,,,,,,,,
1001-1200,,"Arab Academy for Science, Technology and Maritime Transport",Egypt,L,FO,HI,4.0,A,5.3,601+,5.8,601+,32.6,486,1.5,701+,6.9,701+,26.8,450,1.1,701+,11.4,701+,1.1,701+,-,,,,,,,,,,,,,,,,,,
1001-1200,1001-1200,Assiut University ,Egypt,XL,FC,HI,4.0,A,11.2,601+,6.9,601+,12.3,701+,2.3,701+,15.5,660,4.0,701+,10.7,658,6.9,701+,1.9,701+,-,,,,,,,,,,,,,,,,,,
1001-1200,1001-1200,Azerbaijan State University of Economics,Azerbaijan,L,SP,,4.0,A,10.1,601+,9.4,601+,22.0,631,1.2,701+,7.0,701+,2.6,701+,1.0,701+,10.4,701+,1.4,701+,-,,,,,,,,,,,,,,,,,,
1001-1200,1001-1200,Baku State University,Azerbaijan,L,FO,VH,5.0,A,9.6,601+,3.2,601+,33.9,472,1.4,701+,2.1,701+,1.7,701+,1.1,701+,9.6,701+,1.0,701+,-,,,,,,,,,,,,,,,,,,
1001-1200,1001-1200,Banaras Hindu University,India,L,FC,HI,5.0,A,12.1,601+,6.5,601+,15.9,701+,7.8,701+,1.2,701+,1.6,701+,15.3,591,6.3,701+,4.1,701+,-,,,,,,,,,,,,,,,,,,
1001-1200,1001-1200,Baylor University,United States,L,CO,VH,5.0,B,6.1,601+,16.8,514,11.7,701+,8.3,701+,2.4,701+,3.8,701+,3.5,701+,12.8,673,3.8,701+,-,,,,,,,,,,,,,,,,,,
1001-1200,801-1000,Beijing Foreign Studies University,China (Mainland),M,SP,,4.0,A,6.6,601+,2.5,601+,27.3,557,1.5,701+,20.7,585,28.0,440,1.0,701+,7.8,701+,1.0,701+,-,,,,,,,,,,,,,,,,,,
1001-1200,801-1000,Beijing University of Chinese Medicine,China (Mainland),M,FC,VH,2.0,A,4.9,601+,1.4,601+,35.8,444,8.2,701+,,,9.2,701+,1.0,701+,5.3,701+,1.0,701+,-,,,,,,,,,,,,,,,,,,
1001-1200,1001-1200,Bina Nusantara University (BINUS),Indonesia,L,CO,VH,3.0,C,11.0,601+,16.1,527,20.6,655,1.9,701+,25.6,525,4.5,701+,1.0,701+,13.8,617,1.1,701+,-,,,,,,,,,,,,,,,,,,
1001-1200,1001-1200,Binghamton University SUNY,United States,L,CO,VH,4.0,A,6.8,601+,4.8,601+,6.2,701+,16.9,604,8.0,701+,9.9,701+,1.6,701+,10.8,701+,3.9,701+,-,,,,,,,,,,,,,,,,,,
1001-1200,1001-1200,Birmingham City University ,United Kingdom,L,CO,HI,3.0,A,5.8,601+,4.6,601+,7.6,701+,3.1,701+,43.5,385,76.5,179,1.4,701+,11.3,701+,1.3,701+,-,,,,,,,,,,,,,,,,,,
1001-1200,1001-1200,BRAC University,Bangladesh,L,CO,MD,2.0,B,10.6,601+,29.1,336,12.4,701+,1.9,701+,2.5,701+,1.4,701+,1.1,701+,9.6,701+,1.1,701+,-,,,,,,,,,,,,,,,,,,
1001-1200,1001-1200,Brigham Young University,United States,XL,CO,VH,5.0,B,7.0,601+,5.3,601+,4.6,701+,13.3,673,1.3,701+,3.3,701+,8.2,701+,22.0,377,7.0,701+,-,,,,,,,,,,,,,,,,,,
1001-1200,1001-1200,Canterbury Christ Church University,United Kingdom,L,CO,HI,4.0,A,5.7,601+,2.1,601+,5.8,701+,4.1,701+,35.9,447,72.8,194,1.0,701+,8.6,701+,1.0,701+,-,,,,,,,,,,,,,,,,,,
1001-1200,801-1000,Chang Jung Christian University,Taiwan,M,CO,HI,3.0,B,6.3,601+,2.5,601+,44.5,353,1.6,701+,6.4,701+,5.4,701+,1.0,701+,7.9,701+,1.1,701+,-,,,,,,,,,,,,,,,,,,
1001-1200,1201-1400,Chung Yuan Christian University,Taiwan,L,CO,HI,3.0,A,5.8,601+,5.2,601+,4.4,701+,15.1,631,4.4,701+,7.2,701+,1.0,701+,19.2,437,3.2,701+,-,,,,,,,,,,,,,,,,,,
1001-1200,1001-1200,Chungbuk National University,South Korea,L,FC,HI,4.0,A,5.4,601+,2.8,601+,30.6,512,8.6,701+,7.0,701+,4.3,701+,1.9,701+,4.5,701+,1.1,701+,-,,,,,,,,,,,,,,,,,,
1001-1200,1001-1200,Corvinus University of Budapest,Hungary,M,FO,VH,5.0,B,10.9,601+,16.0,529,4.8,701+,3.1,701+,7.8,701+,37.5,367,1.2,701+,5.5,701+,1.1,701+,-,,,,,,,,,,,,,,,,,,
1001-1200,801-1000,Cracow University of Technology (Politechnika Krakowska),Poland,L,FO,VH,4.0,A,11.4,601+,23.7,406,19.6,676,4.4,701+,2.1,701+,2.0,701+,1.6,701+,8.8,701+,1.4,701+,-,,,,,,,,,,,,,,,,,,
1001-1200,751-800,Dankook University ,South Korea,L,FC,HI,4.0,B,4.8,601+,3.5,601+,68.9,188,2.8,701+,4.5,701+,5.8,701+,1.0,701+,6.8,701+,1.0,701+,-,,,,,,,,,,,,,,,,,,
1001-1200,1001-1200,Doshisha University,Japan,L,CO,HI,5.0,B,9.0,601+,13.7,592,5.3,701+,2.1,701+,18.6,606,4.0,701+,1.1,701+,15.9,527,1.0,701+,-,,,,,,,,,,,,,,,,,,
1001-1200,1201-1400,EGE UNIVERSITY,Turkey,XL,FC,HI,3.0,A,8.6,601+,10.3,601+,13.8,701+,3.0,701+,1.3,701+,3.3,701+,10.6,661,8.5,701+,17.2,574=,-,,,,,,,,,,,,,,,,,,
1001-1200,1001-1200,Escuela Politécnica Nacional,Ecuador,M,FO,VH,5.0,A,6.3,601+,17.6,498,16.6,701+,3.3,701+,6.7,701+,1.9,701+,1.1,701+,10.6,701+,1.1,701+,-,,,,,,,,,,,,,,,,,,
1001-1200,1001-1200,Escuela Superior Politécnica del Litoral (ESPOL),Ecuador,M,FO,VH,4.0,A,12.9,601+,9.1,601+,19.2,690,2.7,701+,13.0,701+,1.7,701+,1.4,701+,11.9,701+,23.0,514=,-,,,,,,,,,,,,,,,,,,
1001-1200,,Ferdowsi University of Mashhad,"Iran, Islamic Republic of",L,CO,VH,4.0,A,5.8,601+,10.3,601+,3.5,701+,25.8,472,1.3,701+,7.9,701+,18.1,559,5.4,701+,,,-,,,,,,,,,,,,,,,,,,
1001-1200,1001-1200,Financial University under the Government of the Russian Federation,Russia,L,FO,VH,5.0,A,5.5,601+,7.8,601+,37.1,426,1.6,701+,4.1,701+,13.1,660,1.9,701+,33.4,230,5.2,701+,-,,,,,,,,,,,,,,,,,,
1001-1200,1001-1200,Fordham University ,United States,L,CO,HI,5.0,B,6.4,601+,7.3,601+,15.4,701+,5.9,701+,7.8,701+,14.6,629,1.5,701+,24.7,338,1.3,701+,-,,,,,,,,,,,,,,,,,,
1001-1200,1001-1200,Fundación CEU San Pablo,Spain,L,CO,HI,5.0,,4.5,601+,7.3,601+,16.6,701+,2.2,701+,4.0,701+,50.6,287,1.0,701+,5.1,701+,,,-,,,,,,,,,,,,,,,,,,
1001-1200,1001-1200,Future University in Egypt,Egypt,M,FO,HI,2.0,B,4.5,601+,27.8,349,31.4,503,1.8,701+,6.9,701+,14.7,627,1.0,701+,8.8,701+,1.6,701+,-,,,,,,,,,,,,,,,,,,
1001-1200,1001-1200,Gazi Üniversitesi,Turkey,XL,FC,HI,4.0,A,16.4,534,11.3,601+,5.5,701+,4.0,701+,1.1,701+,2.8,701+,14.4,604,14.5,580,14.5,617=,-,,,,,,,,,,,,,,,,,,
1001-1200,801-1000,German Jordanian University,Jordan,S,FO,VH,2.0,A,7.1,601+,13.4,601+,18.8,701+,4.8,701+,44.1,382,14.4,632,1.1,701+,10.6,701+,1.0,701+,-,,,,,,,,,,,,,,,,,,
1001-1200,1001-1200,Glasgow Caledonian University,United Kingdom,L,FO,VH,3.0,A,5.5,601+,4.9,601+,4.4,701+,6.5,701+,31.4,479,37.5,366,2.4,701+,11.2,701+,14.0,624,-,,,,,,,,,,,,,,,,,,
1001-1200,801-1000,Harbin Engineering University,China (Mainland),XL,FO,VH,4.0,A,4.6,601+,2.0,601+,14.6,701+,23.0,513,2.5,701+,2.0,701+,2.1,701+,6.2,701+,1.3,701+,-,,,,,,,,,,,,,,,,,,
1001-1200,1001-1200,Harper Adams University,United Kingdom,S,CO,HI,2.0,A,4.2,601+,12.6,601+,6.1,701+,8.5,701+,18.5,607,9.1,701+,1.0,701+,9.3,701+,1.0,701+,-,,,,,,,,,,,,,,,,,,
1001-1200,751-800,Howard University,United States,M,FC,HI,5.0,B,6.5,601+,7.7,601+,46.7,336,3.4,701+,1.1,701+,3.8,701+,2.6,701+,16.1,520,1.2,701+,-,,,,,,,,,,,,,,,,,,
1001-1200,801-1000,Hungarian University of Agriculture and Life Sciences,Hungary,M,FO,VH,5.0,B,5.6,601+,4.0,601+,34.1,469,2.9,701+,1.9,701+,29.1,429,8.5,701+,5.5,701+,1.4,701+,-,,,,,,,,,,,,,,,,,,
1001-1200,1001-1200,Imam Mohammad Ibn Saud Islamic University – IMSIU,Saudi Arabia,XL,FO,HI,4.0,A,10.6,601+,4.8,601+,14.8,701+,1.4,701+,46.6,370,2.9,701+,1.8,701+,5.6,701+,1.0,701+,-,,,,,,,,,,,,,,,,,,
1001-1200,801-1000,Instituto Tecnológico de Santo Domingo (INTEC),Dominican Republic,M,FO,MD,4.0,A,2.7,601+,7.9,601+,31.4,502,1.4,701+,18.5,608,3.1,701+,1.0,701+,19.8,422,,,-,,,,,,,,,,,,,,,,,,
1001-1200,801-1000,International Christian University,Japan,S,CO,MD,4.0,C,4.9,601+,13.2,601+,17.9,701+,1.7,701+,76.6,242,6.0,701+,1.0,701+,13.5,636,1.0,701+,-,,,,,,,,,,,,,,,,,,
1001-1200,801-1000,"ITESO, Universidad Jesuita de Guadalajara",Mexico,M,CO,MD,4.0,B,6.3,601+,5.5,601+,58.8,245,1.0,701+,2.5,701+,1.5,701+,1.0,701+,6.6,701+,,,-,,,,,,,,,,,,,,,,,,
1001-1200,1001-1200,Jiangnan University,China (Mainland),L,FC,VH,2.0,A,4.9,601+,6.8,601+,16.8,701+,20.5,552,,,,,5.8,701+,5.3,701+,1.2,701+,-,,,,,,,,,,,,,,,,,,
1001-1200,701-750,Kagoshima University,Japan,M,FC,HI,4.0,A,6.1,601+,2.9,601+,65.8,206,3.9,701+,4.0,701+,3.0,701+,1.8,701+,7.2,701+,1.3,701+,-,,,,,,,,,,,,,,,,,,
1001-1200,1001-1200,Kangwon National University ,South Korea,L,FC,HI,2.0,A,5.8,601+,5.4,601+,20.0,665,8.9,701+,4.0,701+,2.5,701+,1.7,701+,6.0,701+,17.6,573,-,,,,,,,,,,,,,,,,,,
1001-1200,1001-1200,Kazakh Ablai Khan University of International Relations and World Languages,Kazakhstan,M,SP,,4.0,A,6.5,601+,6.7,601+,35.5,448,1.0,701+,6.7,701+,4.4,701+,1.0,701+,12.1,701+,1.8,701+,-,,,,,,,,,,,,,,,,,,
1001-1200,801-1000,Kazakh-British Technical University,Kazakhstan,S,FO,VH,2.0,A,13.1,601+,22.6,420,20.0,666,1.4,701+,5.3,701+,2.1,701+,1.0,701+,12.2,701+,1.0,701+,-,,,,,,,,,,,,,,,,,,
1001-1200,1001-1200,Kazan National Research Technological University,Russia,L,FO,VH,5.0,A,5.0,601+,3.6,601+,23.1,615,1.4,701+,2.5,701+,44.0,329,1.0,701+,7.8,701+,1.0,701+,-,,,,,,,,,,,,,,,,,,
1001-1200,1001-1200,Kent State University,United States,L,CO,VH,5.0,A,5.9,601+,4.1,601+,6.6,701+,15.1,633,27.2,506,4.8,701+,7.5,701+,10.4,701+,4.4,701+,-,,,,,,,,,,,,,,,,,,
1001-1200,1001-1200,Kookmin University ,South Korea,L,CO,HI,4.0,C,5.2,601+,4.0,601+,28.8,535,3.5,701+,5.5,701+,21.0,535,1.0,701+,6.5,701+,1.0,701+,-,,,,,,,,,,,,,,,,,,
1001-1200,1001-1200,Kyoto Institute of Technology,Japan,S,FO,VH,4.0,A,6.4,601+,4.0,601+,16.2,701+,12.9,678,11.0,701+,7.9,701+,1.0,701+,7.8,701+,1.1,701+,-,,,,,,,,,,,,,,,,,,
1001-1200,1001-1200,Kyushu Institute of Technology ,Japan,M,FO,VH,5.0,A,4.7,601+,5.4,601+,11.3,701+,23.0,514,9.0,701+,4.6,701+,1.1,701+,8.0,701+,1.0,701+,-,,,,,,,,,,,,,,,,,,
1001-1200,1001-1200,Leeds Beckett University,United Kingdom,L,CO,HI,3.0,A,4.4,601+,8.0,601+,4.4,701+,8.1,701+,35.2,453,18.0,574,2.2,701+,11.5,701+,1.6,701+,-,,,,,,,,,,,,,,,,,,
1001-1200,751-800,Lobachevsky University,Russia,L,FO,VH,5.0,A,8.8,601+,3.7,601+,45.9,342,2.1,701+,2.2,701+,21.9,516,1.3,701+,8.5,701+,5.9,701+,-,,,,,,,,,,,,,,,,,,
1001-1200,801-1000,Lodz University of Technology,Poland,M,CO,VH,4.0,A,5.4,601+,3.7,601+,42.4,372,8.3,701+,4.2,701+,3.5,701+,7.8,701+,8.4,701+,3.9,701+,-,,,,,,,,,,,,,,,,,,
1001-1200,1201-1400,Mansoura University,Egypt,XL,FC,HI,4.0,A,12.9,601+,8.1,601+,3.2,701+,2.4,701+,5.8,701+,4.1,701+,33.5,428,9.6,701+,19.9,545=,-,,,,,,,,,,,,,,,,,,
1001-1200,1201-1400,Meiji University,Japan,XL,CO,HI,5.0,C,7.4,601+,24.5,390,4.9,701+,1.7,701+,10.1,701+,5.3,701+,1.5,701+,16.0,524,1.1,701+,-,,,,,,,,,,,,,,,,,,
1001-1200,1001-1200,Mississippi State University,United States,L,CO,VH,5.0,A,6.0,601+,5.8,601+,6.7,701+,18.4,576,15.7,657,3.2,701+,9.2,688,10.8,701+,11.7,647=,-,,,,,,,,,,,,,,,,,,
1001-1200,1001-1200,Multimedia University (MMU),Malaysia,M,SP,,3.0,C,8.8,601+,17.6,497,11.6,701+,5.8,701+,16.3,649,23.5,494,1.3,701+,9.1,701+,1.3,701+,-,,,,,,,,,,,,,,,,,,
1001-1200,1001-1200,Mustansiriyah University,Iraq,XL,FC,HI,4.0,A,3.7,601+,5.3,601+,43.7,359,1.3,701+,33.0,466,4.0,701+,1.0,701+,9.3,701+,1.0,701+,-,,,,,,,,,,,,,,,,,,
1001-1200,1001-1200,Mutah University,Jordan,M,FC,MD,3.0,A,7.6,601+,8.9,601+,10.1,701+,1.7,701+,10.1,701+,43.6,330,1.0,701+,8.7,701+,1.7,701+,-,,,,,,,,,,,,,,,,,,
1001-1200,1001-1200,Mykolas Romeris University,Lithuania,S,FO,VH,2.0,A,5.3,601+,9.5,601+,14.3,701+,4.2,701+,12.5,701+,27.8,441,1.0,701+,21.7,382,8.4,695=,-,,,,,,,,,,,,,,,,,,
1001-1200,1001-1200,Nanjing Normal University,China (Mainland),XL,SP,,3.0,A,5.1,601+,1.7,601+,16.6,701+,21.6,532,,,4.6,701+,7.5,701+,6.4,701+,7.1,701+,-,,,,,,,,,,,,,,,,,,
1001-1200,1001-1200,National University of Kyiv-Mohyla Academy (NaUKMA),Ukraine,S,FO,HI,5.0,A,5.2,601+,11.6,601+,39.9,396,1.2,701+,2.2,701+,1.4,701+,1.0,701+,12.7,685,1.3,701+,-,,,,,,,,,,,,,,,,,,
1001-1200,1201-1400,Northern Arizona University,United States,L,CO,VH,5.0,A,6.5,601+,6.0,601+,4.8,701+,12.2,695,2.8,701+,2.4,701+,7.4,701+,9.1,701+,12.4,639,-,,,,,,,,,,,,,,,,,,
1001-1200,801-1000,Northwest University (China),China (Mainland),L,CO,VH,5.0,A,4.7,601+,1.5,601+,50.9,308,14.3,647,3.8,701+,2.8,701+,3.0,701+,5.9,701+,2.7,701+,-,,,,,,,,,,,,,,,,,,
1001-1200,801-1000,Novosibirsk State Technical University,Russia,M,FO,VH,4.0,A,6.8,601+,5.9,601+,29.1,532,1.8,701+,1.4,701+,44.6,325,1.0,701+,9.9,701+,1.3,701+,-,,,,,,,,,,,,,,,,,,
1001-1200,1001-1200,Odessa I.I. Mechnikov National University,Ukraine,M,FO,HI,5.0,A,4.1,601+,2.6,601+,47.7,329,1.3,701+,1.8,701+,3.6,701+,1.0,701+,10.5,701+,1.0,701+,-,,,,,,,,,,,,,,,,,,
1001-1200,1001-1200,Ohio University,United States,L,FC,HI,5.0,A,8.5,601+,9.3,601+,5.5,701+,14.3,651,5.5,701+,3.9,701+,15.1,597,15.5,538,3.9,701+,-,,,,,,,,,,,,,,,,,,
1001-1200,1201-1400,Panjab University,India,L,CO,VH,4.0,A,6.7,601+,5.9,601+,5.6,701+,21.0,545,,,1.8,701+,1.9,701+,29.8,265,2.2,701+,-,,,,,,,,,,,,,,,,,,
1001-1200,1001-1200,Paul Valéry University Montpellier,France,L,FO,VH,5.0,A,12.2,601+,2.7,601+,2.9,701+,4.6,701+,5.4,701+,34.8,381,6.6,701+,6.4,701+,2.4,701+,-,,,,,,,,,,,,,,,,,,
1001-1200,801-1000,Pontifícia Universidade Católica de São Paulo,Brazil,M,FC,MD,4.0,B,11.3,601+,11.2,601+,34.1,470,1.2,701+,4.4,701+,1.2,701+,1.0,701+,13.8,615,1.2,701+,-,,,,,,,,,,,,,,,,,,
1001-1200,801-1000,Poznań University of Technology,Poland,L,SP,,5.0,A,7.4,601+,5.6,601+,32.6,488,5.9,701+,2.2,701+,4.0,701+,5.5,701+,7.5,701+,1.2,701+,-,,,,,,,,,,,,,,,,,,
1001-1200,1001-1200,Rochester Institute of Technology (RIT),United States,L,CO,VH,5.0,B,6.2,601+,9.4,601+,19.8,672,7.6,701+,5.0,701+,17.7,579,7.8,701+,17.3,482,1.9,701+,-,,,,,,,,,,,,,,,,,,
1001-1200,801-1000,Russian Presidential Academy of National Economy and Public Administration,Russia,XL,FO,HI,3.0,A,5.2,601+,6.8,601+,49.0,320,1.1,701+,2.0,701+,3.0,701+,1.1,701+,26.0,315,1.1,701+,-,,,,,,,,,,,,,,,,,,
1001-1200,801-1000,Saint-Petersburg Mining University,Russia,M,FO,VH,5.0,A,3.7,601+,3.1,601+,53.9,285,2.2,701+,19.7,592,20.6,539,1.0,701+,12.0,701+,4.1,701+,-,,,,,,,,,,,,,,,,,,
1001-1200,1001-1200,San Diego State University,United States,XL,CO,VH,5.0,A,5.2,601+,3.0,601+,3.2,701+,17.1,598,6.5,701+,4.4,701+,27.1,479,17.8,467,23.7,506=,-,,,,,,,,,,,,,,,,,,
1001-1200,1001-1200,Sathyabama Institute of Science and Technology (deemed to be university),India,L,CO,VH,3.0,B,5.0,601+,6.3,601+,29.1,530,3.9,701+,5.9,701+,4.1,701+,1.1,701+,8.7,701+,7.5,701+,-,,,,,,,,,,,,,,,,,,
1001-1200,1001-1200,Seoul National University of Science and Technology,South Korea,M,FO,VH,3.0,A,7.4,601+,3.8,601+,10.8,701+,10.0,701+,11.1,701+,11.9,680,1.0,701+,7.6,701+,1.0,701+,-,,,,,,,,,,,,,,,,,,
1001-1200,1001-1200,Shanghai International Studies University,China (Mainland),L,SP,,3.0,A,5.3,601+,2.5,601+,17.6,701+,1.7,701+,28.2,500,29.6,424,1.0,701+,6.8,701+,1.0,701+,-,,,,,,,,,,,,,,,,,,
1001-1200,1001-1200,Sheffield Hallam University,United Kingdom,L,CO,HI,3.0,A,6.5,601+,12.1,601+,10.0,701+,4.9,701+,35.0,455,30.9,412,6.7,701+,11.9,701+,2.5,701+,-,,,,,,,,,,,,,,,,,,
1001-1200,801-1000,Shinshu University ,Japan,M,FC,VH,4.0,A,3.4,601+,3.4,601+,35.1,450,12.0,699,10.7,701+,2.9,701+,1.3,701+,7.8,701+,1.1,701+,-,,,,,,,,,,,,,,,,,,
1001-1200,1001-1200,"Siberian Federal University, SibFU",Russia,M,CO,VH,2.0,A,7.8,601+,3.8,601+,15.5,701+,3.5,701+,45.5,375,31.2,408,2.4,701+,10.4,701+,7.4,701+,-,,,,,,,,,,,,,,,,,,
1001-1200,1001-1200,Silesian University of Technology,Poland,L,FO,VH,4.0,A,6.5,601+,3.6,601+,27.7,549,6.2,701+,2.4,701+,4.4,701+,9.0,697,11.1,701+,1.4,701+,-,,,,,,,,,,,,,,,,,,
1001-1200,801-1000,Slovak University of Technology in Bratislava,Slovakia,L,FO,VH,4.0,A,9.7,601+,7.9,601+,34.7,460,3.6,701+,2.1,701+,2.7,701+,2.6,701+,18.2,459,1.4,701+,-,,,,,,,,,,,,,,,,,,
1001-1200,,Soonchunhyang University,South Korea,M,FC,HI,3.0,B,5.0,601+,2.9,601+,46.6,337,7.3,701+,5.7,701+,4.8,701+,1.0,701+,6.8,701+,1.1,701+,-,,,,,,,,,,,,,,,,,,
1001-1200,801-1000,Southern Methodist University,United States,M,CO,VH,5.0,B,5.2,601+,3.8,601+,28.0,545,8.6,701+,13.0,700,8.8,701+,2.7,701+,30.5,252,1.6,701+,-,,,,,,,,,,,,,,,,,,
1001-1200,1201-1400,Southwest University,China (Mainland),XL,CO,VH,2.0,A,3.9,601+,1.7,601+,12.6,701+,19.2,566,1.3,701+,1.7,701+,5.9,701+,9.0,701+,5.8,701+,-,,,,,,,,,,,,,,,,,,
1001-1200,801-1000,Széchenyi István University,Hungary,M,FC,MD,2.0,C,8.1,601+,24.7,388,22.8,622,1.6,701+,4.2,701+,6.6,701+,1.0,701+,9.2,701+,1.3,701+,-,,,,,,,,,,,,,,,,,,
1001-1200,1001-1200,Taibah University,Saudi Arabia,XL,FC,HI,2.0,A,5.7,601+,2.3,601+,4.1,701+,3.2,701+,97.7,121,2.3,701+,2.4,701+,4.5,701+,2.1,701+,-,,,,,,,,,,,,,,,,,,
1001-1200,1001-1200,Tallinn University ,Estonia,M,FO,VH,2.0,A,8.7,601+,5.7,601+,6.9,701+,6.1,701+,40.0,412,19.3,556,9.3,686,11.0,701+,1.3,701+,-,,,,,,,,,,,,,,,,,,
1001-1200,801-1000,Technical University of Kosice,Slovakia,M,FO,VH,4.0,A,7.5,601+,2.5,601+,22.8,621,5.2,701+,1.5,701+,59.3,251,1.7,701+,12.8,670,1.1,701+,-,,,,,,,,,,,,,,,,,,
1001-1200,801-1000,Technical University of Liberec,Czech Republic,M,SP,,4.0,A,4.3,601+,3.2,601+,45.5,346,4.3,701+,16.4,647,10.1,701+,1.6,701+,7.8,701+,1.0,701+,-,,,,,,,,,,,,,,,,,,
1001-1200,1001-1200,Telkom University,Indonesia,L,SP,,2.0,C,7.4,601+,9.4,601+,27.0,561,1.4,701+,22.3,568,3.6,701+,1.0,701+,10.4,701+,3.4,701+,-,,,,,,,,,,,,,,,,,,
1001-1200,1001-1200,The University of Lahore,Pakistan,L,FO,VH,2.0,B,9.4,601+,17.5,499,15.3,701+,2.6,701+,3.0,701+,2.5,701+,6.9,701+,9.1,701+,10.6,661=,-,,,,,,,,,,,,,,,,,,
1001-1200,1001-1200,The University of Northampton,United Kingdom,M,CO,HI,2.0,A,3.4,601+,2.9,601+,5.7,701+,2.9,701+,37.8,426,96.7,78,1.0,701+,9.6,701+,1.0,701+,-,,,,,,,,,,,,,,,,,,
1001-1200,1201-1400,The University of Texas at Arlington,United States,XL,CO,VH,5.0,A,5.2,601+,4.7,601+,4.7,701+,10.4,701+,2.3,701+,20.5,541,7.9,701+,10.0,701+,34.3,409=,-,,,,,,,,,,,,,,,,,,
1001-1200,1001-1200,Tokai University,Japan,L,FC,HI,2.0,B,11.4,601+,6.4,601+,14.4,701+,3.0,701+,6.0,701+,3.1,701+,1.6,701+,7.8,701+,1.2,701+,-,,,,,,,,,,,,,,,,,,
1001-1200,701-750,Tokushima University,Japan,M,FC,VH,4.0,A,4.8,601+,1.9,601+,66.3,200,6.6,701+,2.7,701+,2.4,701+,1.2,701+,9.0,701+,1.0,701+,-,,,,,,,,,,,,,,,,,,
1001-1200,1001-1200,Tomas Bata University in Zlin,Czech Republic,S,CO,VH,2.0,A,4.4,601+,15.0,547,11.3,701+,5.0,701+,19.5,595,33.9,389,1.2,701+,10.1,701+,1.0,701+,-,,,,,,,,,,,,,,,,,,
1001-1200,801-1000,Ufa State Aviation Technical University ,Russia,M,FO,VH,3.0,A,3.9,601+,2.0,601+,51.0,307,1.5,701+,1.2,701+,2.3,701+,,,8.0,701+,1.2,701+,-,,,,,,,,,,,,,,,,,,
1001-1200,1001-1200,Universidad Andrés Bello,Chile,XL,FC,HI,3.0,B,11.0,601+,11.0,601+,6.2,701+,2.5,701+,7.0,701+,1.5,701+,7.5,701+,8.5,701+,9.6,678=,-,,,,,,,,,,,,,,,,,,
1001-1200,1001-1200,Universidad Austral de Chile,Chile,L,FC,HI,4.0,B,15.6,560,10.7,601+,3.5,701+,6.6,701+,16.0,650,1.9,701+,7.6,701+,4.7,701+,2.2,701+,-,,,,,,,,,,,,,,,,,,
1001-1200,751-800,Universidad Autónoma Chapingo,Mexico,M,FO,HI,5.0,A,4.1,601+,2.5,601+,73.5,169,1.4,701+,2.8,701+,1.3,701+,1.0,701+,6.7,701+,1.6,701+,-,,,,,,,,,,,,,,,,,,
1001-1200,1401+,Universidad Autónoma de Guadalajara (UAG),Mexico,L,FC,LO,4.0,C,6.5,601+,5.2,601+,17.5,701+,1.1,701+,39.4,414,20.0,548,1.0,701+,3.9,701+,,,-,,,,,,,,,,,,,,,,,,
1001-1200,1001-1200,Universidad Autónoma de Nuevo León,Mexico,XL,FC,HI,4.0,A,15.4,566,12.5,601+,2.2,701+,1.8,701+,3.4,701+,1.1,701+,2.2,701+,11.5,701+,15.4,603=,-,,,,,,,,,,,,,,,,,,
1001-1200,801-1000,Universidad Autónoma del Estado de Hidalgo (UAEH),Mexico,XL,FC,MD,5.0,A,3.9,601+,7.2,601+,43.2,362,1.4,701+,2.4,701+,1.8,701+,1.0,701+,7.6,701+,2.6,701+,-,,,,,,,,,,,,,,,,,,
1001-1200,801-1000,Universidad Autónoma del Estado de México (UAEMex),Mexico,XL,FC,MD,5.0,A,21.4,404,6.5,601+,4.9,701+,1.5,701+,3.0,701+,1.1,701+,1.1,701+,3.9,701+,8.4,695=,-,,,,,,,,,,,,,,,,,,
1001-1200,,Universidad de Córdoba - España,Spain,L,CO,VH,4.0,,10.6,601+,3.4,601+,28.0,546,10.4,701+,,,,,33.3,430,4.3,701+,,,-,,,,,,,,,,,,,,,,,,
1001-1200,,Universidad de León,Spain,M,FO,VH,3.0,,5.7,601+,3.1,601+,63.9,220,3.9,701+,3.5,701+,4.4,701+,4.5,701+,8.1,701+,,,-,,,,,,,,,,,,,,,,,,
1001-1200,1001-1200,Universidad de Lima,Peru,L,FO,MD,4.0,B,10.3,601+,27.3,355,4.3,701+,1.2,701+,3.4,701+,2.0,701+,1.0,701+,16.1,522,1.5,701+,-,,,,,,,,,,,,,,,,,,
1001-1200,801-1000,Universidad de Los Andes - (ULA) Mérida,Venezuela,L,FC,MD,5.0,A,16.2,541,12.8,601+,23.0,616,1.2,701+,1.3,701+,1.8,701+,1.2,701+,10.4,701+,2.3,701+,-,,,,,,,,,,,,,,,,,,
1001-1200,1001-1200,Universidad de Monterrey (UDEM),Mexico,M,FO,HI,4.0,B,12.2,601+,23.1,411,9.9,701+,1.4,701+,8.6,701+,1.5,701+,1.0,701+,9.2,701+,1.0,701+,-,,,,,,,,,,,,,,,,,,
1001-1200,801-1000,Universidad de Oriente Santiago de Cuba,Cuba,L,FO,MD,4.0,A,10.6,601+,10.8,601+,25.9,571,1.1,701+,,,,,1.0,701+,13.9,612,,,-,,,,,,,,,,,,,,,,,,
1001-1200,1001-1200,Universidad de Oviedo,Spain,L,CO,VH,5.0,A,12.6,601+,3.5,601+,14.3,701+,7.7,701+,,,,,24.8,500,4.3,701+,7.2,701+,-,,,,,,,,,,,,,,,,,,
1001-1200,1201-1400,Universidad de Puerto Rico,Puerto Rico,XL,FC,HI,5.0,A,9.4,601+,6.2,601+,11.4,701+,2.1,701+,1.4,701+,1.5,701+,2.4,701+,46.4,150,29.1,456=,-,,,,,,,,,,,,,,,,,,
1001-1200,1001-1200,Universidad de Talca,Chile,M,FO,VH,3.0,A,11.0,601+,8.6,601+,6.7,701+,5.7,701+,22.5,567,1.4,701+,3.8,701+,6.8,701+,7.0,701+,-,,,,,,,,,,,,,,,,,,
1001-1200,1001-1200,Universidad del Norte ,Colombia,L,FC,MD,4.0,B,9.8,601+,20.8,447,12.3,701+,2.7,701+,8.3,701+,1.3,701+,1.7,701+,9.2,701+,1.7,701+,-,,,,,,,,,,,,,,,,,,
1001-1200,1001-1200,Universidad del Pacífico,Peru,M,SP,,4.0,B,7.3,601+,30.8,318,3.3,701+,3.1,701+,18.2,612,3.0,701+,1.0,701+,7.7,701+,1.0,701+,-,,,,,,,,,,,,,,,,,,
1001-1200,801-1000,Universidad del Valle,Colombia,XL,FC,MD,4.0,A,18.2,492,15.0,549,8.1,701+,2.0,701+,2.2,701+,1.4,701+,1.2,701+,10.0,701+,2.1,701+,-,,,,,,,,,,,,,,,,,,
1001-1200,1001-1200,Universidad Industrial de Santander - UIS,Colombia,L,FC,MD,4.0,A,10.3,601+,25.2,380,5.2,701+,2.1,701+,4.3,701+,1.3,701+,1.0,701+,6.4,701+,6.2,701+,-,,,,,,,,,,,,,,,,,,
1001-1200,1201-1400,Universidad La Salle (ULSA),Mexico,M,FC,MD,4.0,C,3.9,601+,26.5,364,20.1,663,1.1,701+,4.1,701+,1.7,701+,1.0,701+,9.6,701+,1.2,701+,-,,,,,,,,,,,,,,,,,,
1001-1200,1201-1400,Universidad Metropolitana,Venezuela,S,CO,LO,4.0,B,6.5,601+,14.6,558,5.2,701+,1.1,701+,9.9,701+,1.5,701+,,,41.2,178,,,-,,,,,,,,,,,,,,,,,,
1001-1200,1001-1200,Universidad Nacional de Cuyo,Argentina,XL,FC,MD,4.0,A,12.3,601+,6.2,601+,21.1,643,1.7,701+,1.9,701+,15.3,615,1.8,701+,5.1,701+,1.6,701+,-,,,,,,,,,,,,,,,,,,
1001-1200,1001-1200,Universidad Nacional de la Asunción,Paraguay,XL,FC,MD,5.0,A,5.4,601+,10.2,601+,28.6,537,1.1,701+,1.4,701+,1.8,701+,1.0,701+,21.5,389,3.4,701+,-,,,,,,,,,,,,,,,,,,
1001-1200,801-1000,Universidad Nacional de San Luis,Argentina,L,CO,MD,4.0,A,4.1,601+,1.9,601+,67.5,195,1.2,701+,,,,,1.0,701+,5.1,701+,1.0,701+,-,,,,,,,,,,,,,,,,,,
1001-1200,651-700,Universidad Nacional del Centro de la Provincia de Buenos Aires (UNICEN),Argentina,L,FC,MD,3.0,A,5.4,601+,2.7,601+,78.8,142,1.4,701+,,,,,1.0,701+,5.1,701+,1.0,701+,-,,,,,,,,,,,,,,,,,,
1001-1200,1001-1200,"Universidad Nacional, Costa Rica",Costa Rica,L,CO,MD,4.0,A,10.8,601+,18.3,479,12.8,701+,1.5,701+,10.4,701+,2.5,701+,1.1,701+,9.6,701+,1.1,701+,-,,,,,,,,,,,,,,,,,,
1001-1200,1001-1200,Universidad Peruana de Ciencias Aplicadas,Peru,XL,FO,HI,3.0,B,10.7,601+,25.8,372,3.3,701+,1.1,701+,16.6,641,1.8,701+,1.0,701+,9.9,701+,1.3,701+,-,,,,,,,,,,,,,,,,,,
1001-1200,801-1000,Universidad Tecnológica Nacional (UTN),Argentina,XL,FO,HI,4.0,A,4.1,601+,24.1,401,49.1,318,1.1,701+,,,1.5,701+,1.0,701+,5.0,701+,1.0,701+,-,,,,,,,,,,,,,,,,,,
1001-1200,1001-1200,Universidade da Coruña ,Spain,L,CO,VH,3.0,A,5.8,601+,5.6,601+,25.1,582,7.1,701+,2.8,701+,4.6,701+,12.0,636,7.6,701+,42.6,345=,-,,,,,,,,,,,,,,,,,,
1001-1200,1001-1200,Universidade Federal de Pernambuco (UFPE) ,Brazil,XL,FC,HI,4.0,A,12.4,601+,2.6,601+,17.6,701+,4.2,701+,1.7,701+,1.3,701+,10.0,669,4.6,701+,1.6,701+,-,,,,,,,,,,,,,,,,,,
1001-1200,801-1000,Universidade Federal de São Carlos (UFSCar),Brazil,L,FC,VH,4.0,A,12.4,601+,5.1,601+,16.3,701+,16.1,615,2.8,701+,1.7,701+,6.5,701+,3.8,701+,4.0,701+,-,,,,,,,,,,,,,,,,,,
1001-1200,801-1000,Universidade Federal do Paraná - UFPR,Brazil,XL,FC,VH,5.0,A,13.0,601+,5.8,601+,18.8,699,5.5,701+,3.1,701+,4.0,701+,3.0,701+,5.9,701+,3.8,701+,-,,,,,,,,,,,,,,,,,,
1001-1200,1201-1400,"Universita' degli Studi ""G. d'Annunzio"" Chieti Pescara",Italy,L,FO,VH,4.0,A,3.6,601+,1.5,601+,3.3,701+,25.3,481,4.1,701+,3.0,701+,5.5,701+,4.7,701+,1.0,701+,-,,,,,,,,,,,,,,,,,,
1001-1200,1001-1200,Università degli Studi della Tuscia (University of Tuscia),Italy,M,CO,VH,3.0,A,3.9,601+,1.3,601+,6.1,701+,33.5,409,10.7,701+,6.7,701+,2.4,701+,6.8,701+,14.4,620,-,,,,,,,,,,,,,,,,,,
1001-1200,1001-1200,Università degli Studi di Udine,Italy,M,CO,VH,3.0,A,7.2,601+,2.5,601+,10.2,701+,22.0,528,4.7,701+,4.0,701+,5.8,701+,7.7,701+,20.7,539,-,,,,,,,,,,,,,,,,,,
1001-1200,1001-1200,Universitas Hasanuddin,Indonesia,XL,FC,HI,4.0,A,12.5,601+,9.5,601+,14.5,701+,1.3,701+,4.6,701+,1.2,701+,1.1,701+,10.2,701+,1.8,701+,-,,,,,,,,,,,,,,,,,,
1001-1200,1001-1200,Universitas Sebelas Maret,Indonesia,XL,FC,HI,3.0,A,10.7,601+,11.5,601+,13.6,701+,1.5,701+,10.3,701+,2.0,701+,1.0,701+,7.5,701+,7.0,701+,-,,,,,,,,,,,,,,,,,,
1001-1200,,Universitat de Lleida,Spain,M,CO,VH,3.0,,5.8,601+,1.9,601+,18.7,701+,13.1,676,2.9,701+,12.5,671,4.9,701+,7.9,701+,,,-,,,,,,,,,,,,,,,,,,
1001-1200,1001-1200,Universität Siegen,Germany,L,CO,HI,4.0,A,4.7,601+,1.9,601+,9.7,701+,6.5,701+,52.4,350,29.1,430,5.7,701+,8.9,701+,1.3,701+,-,,,,,,,,,,,,,,,,,,
1001-1200,1201-1400,Université de Caen Normandie,France,L,FC,HI,5.0,A,9.0,601+,2.6,601+,6.0,701+,5.7,701+,9.3,701+,6.9,701+,36.8,402,6.4,701+,1.2,701+,-,,,,,,,,,,,,,,,,,,
1001-1200,1001-1200,Université de Poitiers,France,L,CO,VH,5.0,A,8.7,601+,2.0,601+,4.9,701+,6.2,701+,,,29.1,431,36.3,409,7.8,701+,2.3,701+,-,,,,,,,,,,,,,,,,,,
1001-1200,,Université de Sfax,Tunisia,XL,CO,VH,2.0,A,5.9,601+,2.5,601+,40.6,386,4.1,701+,1.1,701+,3.3,701+,4.2,701+,11.3,701+,,,-,,,,,,,,,,,,,,,,,,
1001-1200,751-800,Université de Sousse,Tunisia,L,FC,HI,2.0,A,3.7,601+,1.1,601+,60.7,233,1.7,701+,1.1,701+,2.1,701+,1.2,701+,7.9,701+,1.0,701+,-,,,,,,,,,,,,,,,,,,
1001-1200,1001-1200,Université de Toulouse II-Le Mirail,France,XL,FO,VH,5.0,A,10.1,601+,2.6,601+,1.2,701+,7.0,701+,28.5,499,21.6,524,12.5,630,6.7,701+,1.1,701+,-,,,,,,,,,,,,,,,,,,
1001-1200,1001-1200,Université Lumière Lyon 2,France,L,SP,,4.0,A,10.9,601+,2.5,601+,5.5,701+,6.3,701+,28.0,501,38.2,361,12.2,633,6.7,701+,3.7,701+,-,,,,,,,,,,,,,,,,,,
1001-1200,1001-1200,Universiti Kuala Lumpur (UniKL),Malaysia,L,FC,HI,2.0,C,6.4,601+,9.9,601+,33.6,475,2.1,701+,8.0,701+,3.8,701+,1.1,701+,9.8,701+,1.1,701+,-,,,,,,,,,,,,,,,,,,
1001-1200,801-1000,Universiti Malaysia Perlis,Malaysia,M,FO,VH,2.0,A,7.3,601+,5.5,601+,24.1,590,7.5,701+,2.0,701+,4.0,701+,1.6,701+,9.0,701+,15.6,601=,-,,,,,,,,,,,,,,,,,,
1001-1200,1001-1200,Universiti Malaysia Sabah (UMS),Malaysia,L,FC,HI,3.0,A,13.6,601+,10.0,601+,7.8,701+,3.3,701+,9.8,701+,4.0,701+,1.7,701+,9.6,701+,2.0,701+,-,,,,,,,,,,,,,,,,,,
1001-1200,1001-1200,Universiti Malaysia Sarawak (UNIMAS),Malaysia,L,FC,HI,3.0,A,12.6,601+,8.7,601+,11.9,701+,3.0,701+,37.3,433,8.7,701+,1.3,701+,8.9,701+,1.2,701+,-,,,,,,,,,,,,,,,,,,
1001-1200,1001-1200,Universiti Malaysia Terengganu (UMT),Malaysia,M,FO,VH,2.0,A,10.0,601+,4.6,601+,10.8,701+,9.3,701+,12.9,701+,6.7,701+,7.4,701+,8.6,701+,23.7,506=,-,,,,,,,,,,,,,,,,,,
1001-1200,1001-1200,Universiti Tun Hussein Onn University of Malaysia (UTHM),Malaysia,L,CO,VH,2.0,A,9.1,601+,7.0,601+,9.6,701+,7.7,701+,8.0,701+,7.0,701+,5.0,701+,9.4,701+,11.3,654,-,,,,,,,,,,,,,,,,,,
1001-1200,1001-1200,University of Arkansas Fayetteville ,United States,L,FO,VH,5.0,A,6.8,601+,4.3,601+,6.6,701+,11.9,701+,5.1,701+,3.2,701+,7.1,701+,15.7,531,6.2,701+,-,,,,,,,,,,,,,,,,,,
1001-1200,1201-1400,University of Colombo,Sri Lanka,L,CO,HI,5.0,A,11.7,601+,14.8,555,2.5,701+,3.1,701+,1.1,701+,1.3,701+,1.1,701+,44.5,161,19.9,545=,-,,,,,,,,,,,,,,,,,,
1001-1200,1001-1200,University of Derby,United Kingdom,L,CO,HI,3.0,A,4.8,601+,3.2,601+,11.3,701+,4.7,701+,30.5,486,48.5,305,4.4,701+,9.3,701+,3.8,701+,-,,,,,,,,,,,,,,,,,,
1001-1200,,University of Deusto,Spain,M,FO,VH,5.0,,5.8,601+,20.9,445,5.0,701+,6.8,701+,,,,,1.3,701+,12.7,677,,,-,,,,,,,,,,,,,,,,,,
1001-1200,801-1000,University of Hradec Kralove,Czech Republic,M,FO,VH,4.0,A,5.0,601+,1.9,601+,27.9,547,4.5,701+,41.4,400,3.0,701+,3.4,701+,10.0,701+,1.0,701+,-,,,,,,,,,,,,,,,,,,
1001-1200,801-1000,University of Idaho,United States,M,CO,VH,,A,3.7,601+,1.4,601+,12.2,701+,34.7,390,5.4,701+,5.0,701+,2.5,701+,8.3,701+,,,-,,,,,,,,,,,,,,,,,,
1001-1200,1201-1400,University of Karachi,Pakistan,XL,CO,HI,4.0,A,10.4,601+,15.3,540,1.6,701+,4.6,701+,3.8,701+,1.1,701+,2.6,701+,6.9,701+,12.3,640=,-,,,,,,,,,,,,,,,,,,
1001-1200,801-1000,University of Louisville,United States,L,FC,HI,5.0,A,3.5,601+,4.5,601+,24.9,587,10.1,701+,34.8,456,3.3,701+,15.8,586,12.5,693,,,-,,,,,,,,,,,,,,,,,,
1001-1200,801-1000,University of Mississippi,United States,L,CO,VH,5.0,A,4.3,601+,3.2,601+,36.6,432,8.9,701+,14.5,675,2.9,701+,12.5,629,8.4,701+,4.1,701+,-,,,,,,,,,,,,,,,,,,
1001-1200,1001-1200,"University of Missouri, Kansas City",United States,M,CO,VH,4.0,A,4.7,601+,5.1,601+,17.8,701+,17.5,589,5.1,701+,13.5,653,2.5,701+,9.7,701+,1.3,701+,-,,,,,,,,,,,,,,,,,,
1001-1200,1001-1200,University of Nairobi,Kenya,XL,FC,MD,4.0,A,9.6,601+,14.6,557,18.1,701+,1.7,701+,,,,,3.6,701+,54.4,116,4.1,701+,-,,,,,,,,,,,,,,,,,,
1001-1200,1001-1200,University of Naples Parthenope,Italy,M,FO,VH,4.0,A,3.5,601+,2.0,601+,3.7,701+,38.9,353,1.8,701+,1.9,701+,1.7,701+,4.8,701+,3.4,701+,-,,,,,,,,,,,,,,,,,,
1001-1200,801-1000,University of New Hampshire,United States,L,CO,VH,5.0,A,5.5,601+,4.3,601+,11.4,701+,18.7,571,10.8,701+,3.0,701+,5.7,701+,10.3,701+,11.6,652=,-,,,,,,,,,,,,,,,,,,
1001-1200,1201-1400,University of North Carolina at Charlotte,United States,L,CO,VH,4.0,A,5.7,601+,4.5,601+,5.0,701+,14.1,656,8.7,701+,5.5,701+,14.4,605,10.6,701+,23.0,514=,-,,,,,,,,,,,,,,,,,,
1001-1200,1001-1200,University of North Texas,United States,XL,FC,HI,5.0,A,7.0,601+,6.8,601+,3.4,701+,19.3,563,4.9,701+,14.7,625,9.6,678,25.5,326,8.9,689=,-,,,,,,,,,,,,,,,,,,
1001-1200,1201-1400,University of Novi Sad,Serbia,XL,FC,HI,4.0,A,8.8,601+,3.6,601+,9.3,701+,3.4,701+,,,,,47.5,330,9.0,701+,2.2,701+,-,,,,,,,,,,,,,,,,,,
1001-1200,1001-1200,University of Pardubice,Czech Republic,M,FO,VH,4.0,A,4.8,601+,2.6,601+,39.8,398,3.3,701+,11.5,701+,11.1,689,1.1,701+,7.8,701+,1.0,701+,-,,,,,,,,,,,,,,,,,,
1001-1200,1001-1200,University of Primorska,Slovenia,M,CO,HI,3.0,A,3.1,601+,2.3,601+,9.4,701+,5.1,701+,26.3,520,28.6,435,5.7,701+,67.8,80,1.4,701+,-,,,,,,,,,,,,,,,,,,
1001-1200,1001-1200,University of Regina,Canada,L,CO,HI,3.0,A,3.5,601+,2.9,601+,4.0,701+,21.2,542,8.8,701+,41.1,338,5.7,701+,8.3,701+,,,-,,,,,,,,,,,,,,,,,,
1001-1200,1001-1200,University of Rhode Island ,United States,L,CO,VH,5.0,A,5.6,601+,2.8,601+,6.9,701+,16.7,605,5.1,701+,2.7,701+,3.3,701+,12.7,684,58.6,255=,-,,,,,,,,,,,,,,,,,,
1001-1200,1001-1200,University of San Francisco,United States,M,CO,HI,5.0,B,6.6,601+,4.0,601+,17.0,701+,4.5,701+,1.8,701+,20.3,543,1.0,701+,22.8,366,1.1,701+,-,,,,,,,,,,,,,,,,,,
1001-1200,701-750,University of South Bohemia,Czech Republic,M,FO,VH,3.0,A,5.5,601+,2.6,601+,68.7,190,4.8,701+,,,,,5.9,701+,7.7,701+,1.2,701+,-,,,,,,,,,,,,,,,,,,
1001-1200,1001-1200,University of Texas at San Antonio,United States,L,FO,VH,4.0,A,6.2,601+,3.0,601+,3.7,701+,25.2,482,13.5,695,2.8,701+,17.6,567,8.8,701+,5.9,701+,-,,,,,,,,,,,,,,,,,,
1001-1200,1201-1400,University of Texas El Paso ,United States,L,FO,VH,5.0,A,4.8,601+,2.1,601+,5.6,701+,15.6,623,10.5,701+,5.9,701+,15.5,588,7.5,701+,3.4,701+,-,,,,,,,,,,,,,,,,,,
1001-1200,,University of the Free State,South Africa,L,FO,VH,5.0,A,5.6,601+,6.6,601+,3.5,701+,7.9,701+,,,4.9,701+,66.4,211,9.6,701+,,,-,,,,,,,,,,,,,,,,,,
1001-1200,1001-1200,University of the Sunshine Coast ,Australia,L,CO,HI,3.0,A,3.0,601+,2.2,601+,2.3,701+,22.8,517,2.9,701+,18.5,565,6.4,701+,6.1,701+,7.1,701+,-,,,,,,,,,,,,,,,,,,
1001-1200,1001-1200,University of Toledo,United States,L,FC,HI,,A,3.8,601+,4.4,601+,8.7,701+,21.4,538,9.6,701+,8.8,701+,5.1,701+,10.3,701+,,,-,,,,,,,,,,,,,,,,,,
1001-1200,801-1000,University of Tulsa,United States,S,CO,VH,5.0,B,2.4,601+,3.0,601+,37.8,417,12.3,692,5.1,701+,12.2,675,1.0,701+,15.4,543,1.1,701+,-,,,,,,,,,,,,,,,,,,
1001-1200,801-1000,University of Tyumen,Russia,M,FO,VH,4.0,A,4.1,601+,2.3,601+,39.0,407,1.6,701+,4.8,701+,15.2,616,1.7,701+,8.7,701+,3.0,701+,-,,,,,,,,,,,,,,,,,,
1001-1200,1001-1200,University of Wisconsin Milwaukee ,United States,L,FO,VH,5.0,A,8.3,601+,2.7,601+,8.8,701+,13.4,671,6.6,701+,3.9,701+,4.1,701+,10.2,701+,11.8,644=,-,,,,,,,,,,,,,,,,,,
1001-1200,1001-1200,University of Wolverhampton,United Kingdom,L,CO,HI,5.0,A,3.4,601+,3.2,601+,10.4,701+,9.4,701+,34.7,457,72.1,200,3.7,701+,8.8,701+,1.4,701+,-,,,,,,,,,,,,,,,,,,
1001-1200,801-1000,University of Wyoming,United States,M,CO,VH,5.0,A,3.0,601+,1.4,601+,25.9,570,23.4,508,7.7,701+,4.0,701+,10.7,660,9.8,701+,6.3,701+,-,,,,,,,,,,,,,,,,,,
1001-1200,801-1000,University of Žilina,Slovakia,M,FO,VH,4.0,A,5.7,601+,1.0,601+,56.1,264,6.2,701+,2.5,701+,2.9,701+,1.2,701+,13.4,641,1.1,701+,-,,,,,,,,,,,,,,,,,,
1001-1200,1001-1200,Utah State University ,United States,L,CO,VH,5.0,A,6.6,601+,3.2,601+,6.3,701+,24.4,495,1.1,701+,1.7,701+,23.8,510,9.5,701+,15.8,598=,-,,,,,,,,,,,,,,,,,,
1001-1200,1201-1400,VSB - Technical University of Ostrava,Czech Republic,M,FO,VH,5.0,A,5.4,601+,10.3,601+,15.5,701+,4.3,701+,8.4,701+,22.0,514,1.8,701+,9.4,701+,8.4,695=,-,,,,,,,,,,,,,,,,,,
1001-1200,1001-1200,Warsaw University of Life Sciences – SGGW (WULS-SGGW),Poland,L,FO,VH,5.0,A,6.9,601+,5.0,601+,20.2,661,6.0,701+,2.4,701+,7.7,701+,32.3,442,6.3,701+,1.9,701+,-,,,,,,,,,,,,,,,,,,
1001-1200,1001-1200,Western Michigan University,United States,L,FC,HI,5.0,A,5.3,601+,3.6,601+,10.8,701+,5.8,701+,32.3,472,10.4,701+,2.2,701+,17.0,498,1.9,701+,-,,,,,,,,,,,,,,,,,,
1001-1200,1001-1200,Xi'an Jiaotong Liverpool University,China (Mainland),L,CO,HI,2.0,B,4.3,601+,2.1,601+,5.7,701+,5.8,701+,97.5,122,3.1,701+,1.6,701+,6.9,701+,1.8,701+,-,,,,,,,,,,,,,,,,,,
1001-1200,801-1000,Yamaguchi University ,Japan,M,FC,HI,4.0,A,4.0,601+,1.7,601+,43.2,363,4.5,701+,7.0,701+,2.7,701+,1.2,701+,8.0,701+,1.1,701+,-,,,,,,,,,,,,,,,,,,
1001-1200,1201-1400,Yarmouk University,Jordan,L,FC,MD,3.0,A,11.9,601+,14.5,564,2.8,701+,2.5,701+,7.8,701+,13.9,643,3.9,701+,28.4,283,1.1,701+,-,,,,,,,,,,,,,,,,,,
1001-1200,801-1000,Yerevan State University,Armenia,M,CO,HI,5.0,A,7.0,601+,3.0,601+,45.4,347,1.4,701+,5.2,701+,1.6,701+,1.0,701+,35.2,215,1.0,701+,-,,,,,,,,,,,,,,,,,,
1201-1400,1201-1400,Lucian Blaga University of Sibiu,Romania,L,FC,MD,3.0,A,3.7,601+,2.5,601+,8.1,701+,1.8,701+,12.5,701+,3.1,701+,49.8,313,9.0,701+,1.8,701+,-,,,,,,,,,,,,,,,,,,
1201-1400,1201-1400, Don State Technical University,Russia,L,CO,HI,4.0,A,4.2,601+,3.1,601+,13.3,701+,1.4,701+,1.6,701+,14.8,624,1.0,701+,7.2,701+,1.3,701+,-,,,,,,,,,,,,,,,,,,
1201-1400,1201-1400,Al-Azhar University,Egypt,XL,CO,VH,4.0,A,11.2,601+,6.8,601+,11.1,701+,1.3,701+,1.5,701+,10.4,701+,5.2,701+,13.6,628,1.2,701+,-,,,,,,,,,,,,,,,,,,
1201-1400,1201-1400,Alexandru Ioan Cuza University,Romania,L,FO,VH,5.0,A,8.0,601+,8.0,601+,5.3,701+,2.9,701+,3.6,701+,10.9,693,1.8,701+,8.0,701+,1.2,701+,-,,,,,,,,,,,,,,,,,,
1201-1400,1201-1400,Anadolu University,Turkey,L,FO,VH,4.0,A,4.0,601+,4.0,601+,13.8,701+,2.9,701+,1.9,701+,3.1,701+,1.4,701+,10.6,701+,1.1,701+,-,,,,,,,,,,,,,,,,,,
1201-1400,1201-1400,Aoyama Gakuin University,Japan,L,CO,MD,4.0,B,6.9,601+,12.3,601+,5.4,701+,2.0,701+,16.3,648,2.7,701+,1.0,701+,11.4,701+,1.0,701+,-,,,,,,,,,,,,,,,,,,
1201-1400,,Atma Jaya Catholic University Jakarta,Indonesia,M,FO,HI,4.0,C,5.8,601+,6.3,601+,8.8,701+,1.3,701+,2.1,701+,1.1,701+,1.0,701+,15.9,526,1.4,701+,-,,,,,,,,,,,,,,,,,,
1201-1400,,Azerbaijan State Oil and Industry University,Azerbaijan,L,SP,,5.0,A,4.9,601+,3.0,601+,27.3,556,1.1,701+,10.1,701+,2.7,701+,1.0,701+,29.5,271,1.3,701+,-,,,,,,,,,,,,,,,,,,
1201-1400,1201-1400,Bahauddin Zakariya University ,Pakistan,XL,CO,HI,3.0,A,5.4,601+,5.5,601+,1.7,701+,12.1,698,,,1.0,701+,2.7,701+,5.7,701+,1.1,701+,-,,,,,,,,,,,,,,,,,,
1201-1400,1001-1200,Belarusian State University of Informatics and Radioelectronics,Belarus,M,SP,,4.0,A,7.4,601+,18.3,478,12.0,701+,1.3,701+,1.2,701+,5.6,701+,1.0,701+,10.9,701+,,,-,,,,,,,,,,,,,,,,,,
1201-1400,1001-1200,Benemérita Universidad Autónoma de Puebla,Mexico,XL,FC,HI,5.0,A,15.3,569,6.5,601+,3.2,701+,2.0,701+,2.9,701+,1.3,701+,1.3,701+,6.5,701+,3.0,701+,-,,,,,,,,,,,,,,,,,,
1201-1400,1201-1400,Birzeit university,"Palestinian Territory, Occupied",M,CO,MD,4.0,B,6.3,601+,9.4,601+,4.9,701+,2.7,701+,14.3,678,4.3,701+,1.2,701+,16.8,505,1.0,701+,-,,,,,,,,,,,,,,,,,,
1201-1400,1201-1400,British University in Egypt,Egypt,M,CO,HI,2.0,C,5.7,601+,4.5,601+,23.1,614,2.2,701+,2.8,701+,2.6,701+,1.0,701+,6.8,701+,1.4,701+,-,,,,,,,,,,,,,,,,,,
1201-1400,1001-1200,Brock University,Canada,L,CO,HI,4.0,A,4.1,601+,6.8,601+,2.4,701+,15.1,632,2.2,701+,18.8,563,2.5,701+,8.7,701+,2.0,701+,-,,,,,,,,,,,,,,,,,,
1201-1400,1201-1400,California Polytechnic State University,United States,L,CO,HI,,A,3.7,601+,9.3,601+,7.0,701+,3.4,701+,,,,,1.5,701+,13.2,647,,,-,,,,,,,,,,,,,,,,,,
1201-1400,1201-1400,Católica de Córdoba,Argentina,M,FC,MD,4.0,B,4.7,601+,2.7,601+,18.1,701+,1.2,701+,4.2,701+,4.8,701+,1.0,701+,9.1,701+,1.0,701+,-,,,,,,,,,,,,,,,,,,
1201-1400,1201-1400,Central Michigan University,United States,L,FC,HI,4.0,A,3.6,601+,4.2,601+,7.8,701+,8.1,701+,3.5,701+,3.1,701+,2.1,701+,10.8,701+,,,-,,,,,,,,,,,,,,,,,,
1201-1400,,Chaoyang University of Technology,Taiwan,L,FO,VH,3.0,C,5.6,601+,6.7,601+,4.2,701+,3.5,701+,6.7,701+,5.7,701+,1.0,701+,7.9,701+,3.3,701+,-,,,,,,,,,,,,,,,,,,
1201-1400,1201-1400,China University of Political Science and Law,China (Mainland),L,FO,MD,3.0,A,3.7,601+,27.6,351,9.1,701+,1.2,701+,4.0,701+,1.5,701+,1.0,701+,9.2,701+,1.0,701+,-,,,,,,,,,,,,,,,,,,
1201-1400,,Chitkara University,India,L,CO,HI,2.0,B,4.8,601+,4.6,601+,20.3,658,1.9,701+,4.3,701+,3.2,701+,1.3,701+,8.1,701+,1.7,701+,-,,,,,,,,,,,,,,,,,,
1201-1400,,Chittagong University of Engineering and Technology,Bangladesh,M,FO,HI,3.0,A,8.0,601+,12.6,601+,7.2,701+,4.5,701+,,,,,1.0,701+,11.3,701+,,,-,,,,,,,,,,,,,,,,,,
1201-1400,1201-1400,Cleveland State University,United States,L,CO,HI,4.0,A,4.3,601+,4.2,601+,8.9,701+,4.8,701+,4.3,701+,17.2,585,1.0,701+,11.1,701+,,,-,,,,,,,,,,,,,,,,,,
1201-1400,1001-1200,CUNY The City College of New York,United States,M,FC,HI,3.0,A,6.2,601+,1.8,601+,11.4,701+,15.0,636,4.3,701+,5.5,701+,1.5,701+,6.9,701+,,,-,,,,,,,,,,,,,,,,,,
1201-1400,,Daffodil International University,Bangladesh,L,FO,HI,2.0,B,8.0,601+,16.5,520,3.9,701+,2.4,701+,4.8,701+,2.0,701+,1.0,701+,10.1,701+,2.0,701+,-,,,,,,,,,,,,,,,,,,
1201-1400,1401+,Damascus University,Syrian Arab Republic,XL,FC,MD,5.0,A,5.1,601+,4.2,601+,1.1,701+,1.2,701+,1.6,701+,3.9,701+,1.0,701+,64.0,90,1.1,701+,-,,,,,,,,,,,,,,,,,,
1201-1400,1201-1400,Dokuz Eylül Üniversitesi,Turkey,XL,FC,HI,3.0,A,5.7,601+,5.9,601+,2.9,701+,2.4,701+,3.2,701+,6.2,701+,2.1,701+,7.5,701+,16.7,584=,-,,,,,,,,,,,,,,,,,,
1201-1400,,East West University,Bangladesh,M,SP,,3.0,C,5.8,601+,14.6,559,3.1,701+,2.5,701+,1.3,701+,1.0,701+,1.0,701+,10.5,701+,1.0,701+,-,,,,,,,,,,,,,,,,,,
1201-1400,1401+,Erciyes Üniversitesi,Turkey,XL,FC,HI,3.0,A,3.9,601+,3.1,601+,1.9,701+,4.9,701+,3.5,701+,6.5,701+,3.0,701+,7.5,701+,10.3,665=,-,,,,,,,,,,,,,,,,,,
1201-1400,1201-1400,Feng Chia University,Taiwan,L,FO,VH,3.0,C,10.0,601+,7.5,601+,4.5,701+,6.0,701+,3.9,701+,5.8,701+,1.0,701+,14.4,584,1.1,701+,-,,,,,,,,,,,,,,,,,,
1201-1400,1201-1400,Florida Atlantic University - Boca Raton,United States,L,FC,HI,4.0,A,4.9,601+,3.8,601+,5.6,701+,10.1,701+,10.2,701+,3.6,701+,7.2,701+,9.5,701+,3.4,701+,-,,,,,,,,,,,,,,,,,,
1201-1400,1201-1400,Fu Jen Catholic University,Taiwan,L,FC,HI,4.0,B,7.3,601+,7.5,601+,4.3,701+,6.8,701+,7.9,701+,7.4,701+,1.0,701+,21.8,381,1.5,701+,-,,,,,,,,,,,,,,,,,,
1201-1400,1201-1400,Fundación Universidad De Bogotá-Jorge Tadeo Lozano,Colombia,M,FO,HI,4.0,C,6.0,601+,4.5,601+,9.2,701+,1.7,701+,2.3,701+,1.1,701+,1.0,701+,7.8,701+,1.0,701+,-,,,,,,,,,,,,,,,,,,
1201-1400,1201-1400,Gebze Yüksek Teknoloji Enstitüsü (GYTE),Turkey,M,CO,VH,3.0,A,3.9,601+,2.7,601+,10.1,701+,13.2,675,3.0,701+,2.7,701+,1.6,701+,9.1,701+,1.1,701+,-,,,,,,,,,,,,,,,,,,
1201-1400,1201-1400,German University in Cairo,Egypt,L,CO,MD,2.0,B,7.9,601+,11.4,601+,7.3,701+,2.1,701+,14.2,680,1.2,701+,1.0,701+,6.0,701+,1.0,701+,-,,,,,,,,,,,,,,,,,,
1201-1400,1201-1400,Hanoi University of Science and Technology,Vietnam,XL,FO,VH,4.0,A,6.1,601+,8.7,601+,2.4,701+,4.3,701+,3.8,701+,1.2,701+,1.6,701+,15.3,549,1.2,701+,-,,,,,,,,,,,,,,,,,,
1201-1400,1201-1400,Helwan University ,Egypt,XL,CO,HI,3.0,A,7.0,601+,10.1,601+,4.4,701+,1.6,701+,1.2,701+,2.3,701+,5.2,701+,9.2,701+,1.2,701+,-,,,,,,,,,,,,,,,,,,
1201-1400,1201-1400,Hohai University,China (Mainland),XL,FO,VH,3.0,A,4.1,601+,1.5,601+,8.3,701+,13.6,665,,,,,11.2,648,5.9,701+,4.1,701+,-,,,,,,,,,,,,,,,,,,
1201-1400,1201-1400,Hongik University ,South Korea,L,FO,VH,4.0,C,5.9,601+,5.9,601+,9.3,701+,3.1,701+,17.6,620,10.0,701+,1.0,701+,6.8,701+,1.0,701+,-,,,,,,,,,,,,,,,,,,
1201-1400,1201-1400,Indiana State University,United States,M,CO,HI,4.0,A,6.3,601+,4.8,601+,7.8,701+,2.8,701+,1.9,701+,2.4,701+,1.0,701+,9.1,701+,1.0,701+,-,,,,,,,,,,,,,,,,,,
1201-1400,1201-1400,International Islamic University Islamabad (IIU),Pakistan,L,FO,VH,3.0,A,6.3,601+,10.8,601+,3.6,701+,7.2,701+,4.5,701+,6.7,701+,4.4,701+,6.9,701+,1.1,701+,-,,,,,,,,,,,,,,,,,,
1201-1400,1001-1200,Istanbul Aydin University  ,Turkey,L,CO,MD,2.0,B,3.7,601+,2.8,601+,12.1,701+,1.4,701+,9.5,701+,50.5,289,1.0,701+,8.4,701+,2.4,701+,-,,,,,,,,,,,,,,,,,,
1201-1400,1201-1400,Istanbul Bilgi Üniversitesi,Turkey,M,FO,HI,3.0,B,4.4,601+,4.5,601+,12.6,701+,2.0,701+,6.4,701+,25.5,470,1.0,701+,10.2,701+,2.6,701+,-,,,,,,,,,,,,,,,,,,
1201-1400,1001-1200,Ivan Franko National University of Lviv,Ukraine,L,CO,HI,5.0,A,4.3,601+,10.1,601+,34.2,467,1.3,701+,1.4,701+,2.0,701+,1.0,701+,12.0,701+,1.1,701+,-,,,,,,,,,,,,,,,,,,
1201-1400,1201-1400,Izmir Institute of Technology (IZTECH),Turkey,M,CO,HI,3.0,A,6.6,601+,3.5,601+,5.9,701+,7.5,701+,3.4,701+,2.3,701+,1.0,701+,6.9,701+,3.5,701+,-,,,,,,,,,,,,,,,,,,
1201-1400,,Jahangirnagar University,Bangladesh,,FO,,4.0,,8.5,601+,13.7,590,,,,,,,,,1.2,701+,,,,,-,,,,,,,,,,,,,,,,,,
1201-1400,1201-1400,Jamia Hamdard,India,M,CO,VH,3.0,A,4.2,601+,1.5,601+,7.6,701+,12.6,686,,,3.0,701+,1.0,701+,7.7,701+,1.0,701+,-,,,,,,,,,,,,,,,,,,
1201-1400,1001-1200,Jeju National University ,South Korea,M,FC,HI,4.0,A,4.8,601+,2.0,601+,25.3,580,6.6,701+,3.8,701+,4.2,701+,1.1,701+,5.2,701+,1.1,701+,-,,,,,,,,,,,,,,,,,,
1201-1400,,Kenyatta University,Kenya,XL,CO,MD,,,7.1,601+,8.0,601+,1.4,701+,1.3,701+,,,,,1.0,701+,15.1,555,,,-,,,,,,,,,,,,,,,,,,
1201-1400,1001-1200,Kharkiv National University of Radio Electronics ,Ukraine,M,FO,VH,4.0,A,3.7,601+,13.1,601+,26.0,569,1.5,701+,1.4,701+,10.9,696,1.0,701+,10.5,701+,2.1,701+,-,,,,,,,,,,,,,,,,,,
1201-1400,,Khulna University of Engineering and Technology,Bangladesh,M,FO,VH,3.0,A,5.9,601+,11.4,601+,11.2,701+,4.8,701+,,,,,1.0,701+,8.3,701+,1.0,701+,-,,,,,,,,,,,,,,,,,,
1201-1400,1201-1400,Kindai University (Kinki University),Japan,XL,FC,HI,4.0,C,5.3,601+,4.6,601+,10.6,701+,4.5,701+,16.4,646,2.1,701+,1.2,701+,7.8,701+,1.1,701+,-,,,,,,,,,,,,,,,,,,
1201-1400,1201-1400,King Mongkut\'s Institute of Technology Ladkrabang,Thailand,L,FO,VH,4.0,A,8.1,601+,7.4,601+,4.8,701+,3.1,701+,15.7,656,1.6,701+,1.1,701+,9.5,701+,1.3,701+,-,,,,,,,,,,,,,,,,,,
1201-1400,,King Mongkut's University of Technology North Bangkok,Thailand,L,FO,VH,3.0,A,8.1,601+,5.8,601+,3.7,701+,3.0,701+,3.4,701+,1.1,701+,1.1,701+,8.3,701+,1.1,701+,-,,,,,,,,,,,,,,,,,,
1201-1400,,Korkyt Ata Kyzylorda University,Kazakhstan,M,FO,MD,4.0,A,5.9,601+,6.3,601+,5.1,701+,1.0,701+,2.6,701+,1.2,701+,1.0,701+,12.4,701+,1.3,701+,-,,,,,,,,,,,,,,,,,,
1201-1400,1201-1400,Kwansei Gakuin University,Japan,L,CO,HI,4.0,B,4.2,601+,6.4,601+,4.5,701+,2.5,701+,24.4,543,3.9,701+,1.0,701+,10.6,701+,1.0,701+,-,,,,,,,,,,,,,,,,,,
1201-1400,,M.Kh. Dulaty Taraz Regional University,Kazakhstan,L,CO,MD,1.0,A,6.6,601+,2.6,601+,10.8,701+,1.0,701+,,,20.5,540,1.0,701+,9.9,701+,1.0,701+,-,,,,,,,,,,,,,,,,,,
1201-1400,1201-1400,Marmara University,Turkey,XL,FO,VH,5.0,A,6.8,601+,8.3,601+,5.0,701+,2.3,701+,3.0,701+,3.6,701+,2.1,701+,15.4,548,6.1,701+,-,,,,,,,,,,,,,,,,,,
1201-1400,1001-1200,Marquette University,United States,M,CO,VH,5.0,B,3.4,601+,3.8,601+,23.7,600,9.3,701+,6.8,701+,2.7,701+,1.5,701+,13.2,651,1.1,701+,-,,,,,,,,,,,,,,,,,,
1201-1400,1001-1200,Mendeleev University of Chemical Technology,Russia,M,FO,VH,5.0,A,4.9,601+,3.9,601+,30.5,515,2.7,701+,1.1,701+,5.7,701+,1.0,701+,7.2,701+,1.0,701+,-,,,,,,,,,,,,,,,,,,
1201-1400,1201-1400,Miami University,United States,L,CO,HI,5.0,A,4.2,601+,4.7,601+,6.5,701+,8.7,701+,6.5,701+,6.6,701+,1.2,701+,23.0,364,4.1,701+,-,,,,,,,,,,,,,,,,,,
1201-1400,1201-1400,Moscow Pedagogical State University,Russia,L,FO,HI,5.0,A,8.3,601+,2.7,601+,7.6,701+,1.4,701+,1.2,701+,25.9,464,1.0,701+,7.1,701+,1.0,701+,-,,,,,,,,,,,,,,,,,,
1201-1400,1001-1200,Nagoya Institute of Technology (NIT),Japan,M,SP,,2.0,A,5.9,601+,2.3,601+,6.8,701+,15.3,627,5.5,701+,4.5,701+,1.2,701+,9.5,701+,1.0,701+,-,,,,,,,,,,,,,,,,,,
1201-1400,,Naresuan University,Thailand,L,FC,MD,3.0,A,6.5,601+,3.3,601+,6.5,701+,2.0,701+,5.9,701+,1.3,701+,1.0,701+,7.9,701+,4.4,701+,-,,,,,,,,,,,,,,,,,,
1201-1400,1201-1400,National Dong Hwa University,Taiwan,M,FO,VH,2.0,A,6.3,601+,2.3,601+,6.5,701+,6.4,701+,3.2,701+,10.2,701+,1.0,701+,7.6,701+,2.3,701+,-,,,,,,,,,,,,,,,,,,
1201-1400,1201-1400,National Research University Moscow Power Engineering Institute (MPEI),Russia,M,FO,VH,5.0,A,5.8,601+,3.5,601+,11.7,701+,2.0,701+,7.9,701+,45.0,323,1.1,701+,7.8,701+,1.4,701+,-,,,,,,,,,,,,,,,,,,
1201-1400,1201-1400,National Taipei University,Taiwan,M,FO,HI,2.0,A,7.5,601+,4.5,601+,8.2,701+,3.2,701+,2.7,701+,5.2,701+,1.0,701+,16.1,518,3.1,701+,-,,,,,,,,,,,,,,,,,,
1201-1400,1001-1200,National Taiwan Ocean University,Taiwan,M,FO,VH,3.0,A,5.7,601+,3.2,601+,11.6,701+,10.1,701+,5.6,701+,7.7,701+,1.1,701+,8.6,701+,5.6,701+,-,,,,,,,,,,,,,,,,,,
1201-1400,1201-1400,National University of Life and Environmental Sciences of Ukraine,Ukraine,L,FO,HI,5.0,A,5.7,601+,4.4,601+,17.2,701+,1.4,701+,1.2,701+,1.2,701+,1.1,701+,9.8,701+,1.1,701+,-,,,,,,,,,,,,,,,,,,
1201-1400,,"National University of Modern Languages (NUML), Islamabad",Pakistan,L,FO,MD,4.0,,6.6,601+,7.2,601+,5.3,701+,1.4,701+,4.8,701+,1.3,701+,1.0,701+,7.8,701+,,,-,,,,,,,,,,,,,,,,,,
1201-1400,,Norwegian University of Life Sciences (UMB),Norway,,SP,,,,5.9,601+,3.7,601+,,,,,,,,,41.5,366,,,,,-,,,,,,,,,,,,,,,,,,
1201-1400,1201-1400,Nova Southeastern University,United States,L,CO,HI,4.0,,2.9,601+,3.3,601+,14.0,701+,3.1,701+,4.4,701+,3.9,701+,1.1,701+,10.2,701+,,,-,,,,,,,,,,,,,,,,,,
1201-1400,1201-1400,Óbuda University,Hungary,M,FO,VH,2.0,A,4.5,601+,3.9,601+,2.1,701+,6.6,701+,13.6,693,7.6,701+,1.3,701+,5.6,701+,1.0,701+,-,,,,,,,,,,,,,,,,,,
1201-1400,1201-1400,OSMANIA UNIVERSITY,India,M,CO,VH,5.0,A,4.7,601+,3.5,601+,3.5,701+,17.5,590,,,5.9,701+,1.0,701+,7.5,701+,1.0,701+,-,,,,,,,,,,,,,,,,,,
1201-1400,801-1000,Perm State National Research University,Russia,M,FO,VH,5.0,A,5.0,601+,1.7,601+,41.1,383,1.5,701+,1.4,701+,5.8,701+,1.0,701+,7.7,701+,2.5,701+,-,,,,,,,,,,,,,,,,,,
1201-1400,801-1000,Pondicherry University,India,XL,CO,HI,3.0,A,4.0,601+,1.9,601+,6.5,701+,12.2,694,1.1,701+,1.1,701+,1.2,701+,4.7,701+,8.4,695=,-,,,,,,,,,,,,,,,,,,
1201-1400,1201-1400,Pontificia Universidad Catolica Madre y Maestra,Dominican Republic,M,FO,MD,4.0,B,3.6,601+,8.0,601+,9.8,701+,1.2,701+,13.7,692,13.9,645,1.0,701+,19.9,418,,,-,,,,,,,,,,,,,,,,,,
1201-1400,1201-1400,Pontifícia Universidade Católica do Rio Grande do Sul (PUCRS),Brazil,M,FC,HI,4.0,B,6.9,601+,3.8,601+,10.5,701+,7.8,701+,2.4,701+,2.2,701+,1.2,701+,6.7,701+,4.1,701+,-,,,,,,,,,,,,,,,,,,
1201-1400,1201-1400,Portland State University,United States,L,CO,VH,4.0,A,4.3,601+,2.1,601+,9.5,701+,10.5,701+,1.6,701+,5.3,701+,4.9,701+,10.3,701+,18.4,560=,-,,,,,,,,,,,,,,,,,,
1201-1400,1201-1400,Pukyong National University ,South Korea,L,CO,VH,3.0,A,6.6,601+,3.4,601+,10.3,701+,7.0,701+,6.6,701+,8.1,701+,1.6,701+,4.2,701+,1.3,701+,-,,,,,,,,,,,,,,,,,,
1201-1400,1201-1400,Rikkyo University,Japan,L,FO,HI,5.0,C,4.1,601+,12.0,601+,10.1,701+,2.6,701+,24.9,537,6.2,701+,1.0,701+,8.6,701+,1.0,701+,-,,,,,,,,,,,,,,,,,,
1201-1400,1201-1400,Russian State Agrarian University - Moscow Timiryazev Agricultural Academy,Russia,L,FO,HI,5.0,A,7.1,601+,3.5,601+,7.7,701+,1.3,701+,2.0,701+,4.8,701+,1.0,701+,9.9,701+,5.3,701+,-,,,,,,,,,,,,,,,,,,
1201-1400,1201-1400,Russian State University for the Humanities ,Russia,M,FO,VH,3.0,A,5.4,601+,2.6,601+,17.5,701+,1.3,701+,1.7,701+,4.1,701+,1.0,701+,8.6,701+,1.0,701+,-,,,,,,,,,,,,,,,,,,
1201-1400,1201-1400,"Rutgers, The State University of New Jersey, Camden",United States,M,FO,HI,,,3.9,601+,3.0,601+,17.6,701+,4.3,701+,22.2,572,3.0,701+,1.0,701+,6.9,701+,,,-,,,,,,,,,,,,,,,,,,
1201-1400,1001-1200,Saitama University,Japan,M,CO,VH,4.0,A,4.5,601+,1.8,601+,14.1,701+,9.2,701+,10.5,701+,6.2,701+,1.2,701+,7.9,701+,2.2,701+,-,,,,,,,,,,,,,,,,,,
1201-1400,1201-1400,Saken Seifullin Kazakh Agrotechnical University,Kazakhstan,M,FO,HI,4.0,B,8.3,601+,6.8,601+,22.2,627,1.1,701+,8.5,701+,4.1,701+,1.0,701+,12.4,701+,1.0,701+,-,,,,,,,,,,,,,,,,,,
1201-1400,1201-1400,San Francisco State University,United States,L,CO,HI,5.0,,4.9,601+,2.4,601+,5.2,701+,4.8,701+,4.5,701+,6.8,701+,1.5,701+,10.9,701+,,,-,,,,,,,,,,,,,,,,,,
1201-1400,1001-1200,Seattle University,United States,M,CO,HI,4.0,B,5.4,601+,4.2,601+,29.3,529,2.4,701+,1.5,701+,13.9,644,1.0,701+,13.6,633,1.0,701+,-,,,,,,,,,,,,,,,,,,
1201-1400,1201-1400,Shanghai Normal University,China (Mainland),XL,CO,HI,3.0,A,4.3,601+,1.4,601+,13.4,701+,3.8,701+,4.4,701+,2.9,701+,1.1,701+,7.4,701+,1.1,701+,-,,,,,,,,,,,,,,,,,,
1201-1400,1201-1400,Shanghai University of Finance and Economics,China (Mainland),L,FO,HI,4.0,A,5.2,601+,4.4,601+,9.3,701+,3.3,701+,16.4,643,2.3,701+,1.0,701+,20.2,415,1.2,701+,-,,,,,,,,,,,,,,,,,,
1201-1400,1201-1400,Shibaura Institute of Technology,Japan,M,FO,VH,4.0,B,3.7,601+,2.3,601+,2.8,701+,4.8,701+,13.8,689,9.8,701+,1.1,701+,7.9,701+,1.1,701+,-,,,,,,,,,,,,,,,,,,
1201-1400,1001-1200,Siksha 'O' Anusandhan (Deemed to be University),India,L,FO,VH,3.0,B,4.6,601+,2.0,601+,32.9,481,4.7,701+,1.7,701+,2.1,701+,1.1,701+,8.1,701+,1.0,701+,-,,,,,,,,,,,,,,,,,,
1201-1400,,Silpakorn University,Thailand,L,CO,HI,4.0,A,6.2,601+,6.7,601+,4.5,701+,2.7,701+,4.6,701+,1.2,701+,1.0,701+,7.4,701+,1.0,701+,-,,,,,,,,,,,,,,,,,,
1201-1400,1001-1200,Sookmyung Women's University ,South Korea,M,CO,HI,4.0,C,5.4,601+,6.4,601+,21.4,637,4.5,701+,4.7,701+,2.0,701+,1.0,701+,7.3,701+,1.0,701+,-,,,,,,,,,,,,,,,,,,
1201-1400,1201-1400,Soongsil University,South Korea,L,CO,HI,3.0,C,5.0,601+,6.5,601+,10.1,701+,4.3,701+,5.9,701+,13.9,641,1.0,701+,4.2,701+,1.0,701+,-,,,,,,,,,,,,,,,,,,
1201-1400,1201-1400,SRM INSTITUTE OF SCIENCE AND TECHNOLOGY,India,XL,CO,VH,3.0,B,7.0,601+,13.1,601+,12.2,701+,3.7,701+,1.7,701+,2.1,701+,8.1,701+,7.5,701+,3.8,701+,-,,,,,,,,,,,,,,,,,,
1201-1400,1201-1400,Stefan cel Mare University of Suceava,Romania,M,CO,HI,3.0,A,3.8,601+,2.3,601+,4.9,701+,3.8,701+,2.4,701+,27.7,443,1.1,701+,8.5,701+,1.0,701+,-,,,,,,,,,,,,,,,,,,
1201-1400,1201-1400,Suez Canal University,Egypt,XL,FC,HI,3.0,A,3.9,601+,2.6,601+,16.2,701+,2.2,701+,2.2,701+,1.8,701+,5.7,701+,4.7,701+,1.2,701+,-,,,,,,,,,,,,,,,,,,
1201-1400,,Suleyman Demirel University,Turkey,XL,FC,MD,3.0,A,6.8,601+,3.8,601+,4.1,701+,2.4,701+,1.8,701+,5.1,701+,1.5,701+,7.5,701+,1.1,701+,-,,,,,,,,,,,,,,,,,,
1201-1400,,"Suleyman Demirel University, Kazakhstan",Kazakhstan,M,FO,MD,3.0,B,9.8,601+,8.5,601+,3.6,701+,1.3,701+,3.9,701+,1.2,701+,1.0,701+,12.7,682,1.1,701+,-,,,,,,,,,,,,,,,,,,
1201-1400,1201-1400,Suranaree University of Technology ,Thailand,L,FC,HI,3.0,A,6.2,601+,3.1,601+,3.4,701+,8.6,701+,6.1,701+,1.5,701+,1.6,701+,8.5,701+,1.7,701+,-,,,,,,,,,,,,,,,,,,
1201-1400,1201-1400,Tamkang University,Taiwan,L,FO,VH,3.0,C,5.7,601+,5.5,601+,3.6,701+,5.6,701+,8.4,701+,7.4,701+,1.1,701+,20.9,395,4.9,701+,-,,,,,,,,,,,,,,,,,,
1201-1400,1201-1400,Tanta University ,Egypt,XL,FO,VH,4.0,A,6.3,601+,4.3,601+,4.1,701+,2.1,701+,1.6,701+,2.0,701+,21.4,533,6.5,701+,13.9,625=,-,,,,,,,,,,,,,,,,,,
1201-1400,1201-1400,Technical University of Cluj-Napoca,Romania,L,SP,,5.0,A,5.0,601+,4.8,601+,7.3,701+,3.7,701+,1.7,701+,2.7,701+,2.8,701+,8.0,701+,1.1,701+,-,,,,,,,,,,,,,,,,,,
1201-1400,1001-1200,Technical University of Lublin,Poland,M,FO,VH,2.0,A,5.7,601+,1.9,601+,23.8,596,2.7,701+,,,11.3,686,1.0,701+,6.2,701+,1.0,701+,-,,,,,,,,,,,,,,,,,,
1201-1400,1201-1400,"The ""Gheorghe Asachi"" Technical University of Iasi",Romania,L,SP,,4.0,A,6.0,601+,6.8,601+,2.4,701+,5.5,701+,,,5.0,701+,2.2,701+,6.5,701+,1.1,701+,-,,,,,,,,,,,,,,,,,,
1201-1400,1201-1400,The Hashemite University,Jordan,L,FC,MD,3.0,A,8.0,601+,13.0,601+,3.8,701+,3.4,701+,9.0,701+,8.0,701+,3.0,701+,6.2,701+,1.1,701+,-,,,,,,,,,,,,,,,,,,
1201-1400,1001-1200,The Herzen State Pedagogical University of Russia,Russia,L,FO,HI,5.0,A,4.0,601+,1.9,601+,24.9,586,1.2,701+,1.5,701+,38.9,353,1.0,701+,8.8,701+,1.5,701+,-,,,,,,,,,,,,,,,,,,
1201-1400,1001-1200,The Josip Juraj Strossmayer University of Osijek,Croatia,L,CO,HI,3.0,A,4.3,601+,,,30.2,519,2.9,701+,,,,,5.3,701+,9.9,701+,1.0,701+,-,,,,,,,,,,,,,,,,,,
1201-1400,1001-1200,"The National Research University ""Belgorod State University""",Russia,L,FC,MD,5.0,A,4.0,601+,1.3,601+,18.4,701+,2.0,701+,2.4,701+,52.9,275,1.2,701+,7.9,701+,3.5,701+,-,,,,,,,,,,,,,,,,,,
1201-1400,1201-1400,Toraighyrov University,Kazakhstan,M,FO,HI,4.0,A,7.0,601+,4.2,601+,14.7,701+,1.3,701+,3.0,701+,2.8,701+,1.0,701+,12.5,698,1.0,701+,-,,,,,,,,,,,,,,,,,,
1201-1400,1201-1400,Transilvania University of Brasov,Romania,L,FC,HI,4.0,A,6.0,601+,3.8,601+,6.0,701+,3.3,701+,2.4,701+,2.0,701+,3.4,701+,7.9,701+,1.6,701+,-,,,,,,,,,,,,,,,,,,
1201-1400,1201-1400,Tunghai University,Taiwan,L,CO,HI,4.0,C,6.2,601+,6.1,601+,5.2,701+,4.5,701+,10.2,701+,9.3,701+,1.1,701+,12.6,688,3.9,701+,-,,,,,,,,,,,,,,,,,,
1201-1400,,United International University,Bangladesh,M,CO,MD,2.0,C,5.6,601+,8.9,601+,2.5,701+,2.4,701+,,,1.2,701+,1.0,701+,9.7,701+,1.0,701+,-,,,,,,,,,,,,,,,,,,
1201-1400,,Universidad Alberto Hurtado,Chile,M,CO,HI,3.0,B,8.9,601+,5.4,601+,3.1,701+,2.9,701+,14.2,679,1.8,701+,1.0,701+,7.8,701+,1.0,701+,-,,,,,,,,,,,,,,,,,,
1201-1400,1001-1200,Universidad Autónoma de Aguascalientes,Mexico,L,FC,MD,4.0,A,3.3,601+,1.9,601+,34.2,468,1.2,701+,,,,,1.0,701+,3.9,701+,1.0,701+,-,,,,,,,,,,,,,,,,,,
1201-1400,1201-1400,Universidad Autónoma de Baja California,Mexico,XL,CO,HI,4.0,A,7.7,601+,2.9,601+,4.4,701+,1.5,701+,2.7,701+,2.9,701+,1.0,701+,7.7,701+,7.7,701+,-,,,,,,,,,,,,,,,,,,
1201-1400,1201-1400,Universidad Bernardo O'Higgins,Chile,M,FO,HI,3.0,B,4.9,601+,2.8,601+,9.7,701+,2.0,701+,12.2,701+,2.0,701+,1.0,701+,8.3,701+,1.2,701+,-,,,,,,,,,,,,,,,,,,
1201-1400,1401+,Universidad Católica de Temuco,Chile,M,CO,HI,4.0,B,4.3,601+,1.7,601+,2.0,701+,4.6,701+,36.3,445,,,1.1,701+,4.1,701+,1.0,701+,-,,,,,,,,,,,,,,,,,,
1201-1400,1201-1400,Universidad Católica del Norte,Chile,M,FC,HI,4.0,B,4.9,601+,3.4,601+,7.0,701+,5.8,701+,13.8,688,2.8,701+,4.4,701+,4.1,701+,1.2,701+,-,,,,,,,,,,,,,,,,,,
1201-1400,1201-1400,Universidad Central del Ecuador,Ecuador,XL,FC,MD,5.0,A,8.5,601+,5.0,601+,10.9,701+,1.2,701+,,,,,1.0,701+,10.1,701+,1.0,701+,-,,,,,,,,,,,,,,,,,,
1201-1400,1201-1400,Universidad de Carabobo,Venezuela,L,FC,LO,5.0,A,3.7,601+,8.0,601+,18.3,701+,1.0,701+,,,,,1.0,701+,14.5,579,1.0,701+,-,,,,,,,,,,,,,,,,,,
1201-1400,1201-1400,Universidad de Cartagena,Colombia,L,FC,MD,5.0,A,4.9,601+,5.4,601+,4.0,701+,4.3,701+,2.2,701+,1.1,701+,1.0,701+,6.8,701+,11.0,656=,-,,,,,,,,,,,,,,,,,,
1201-1400,1001-1200,Universidad de Córdoba - Colombia,Colombia,L,CO,MD,4.0,A,15.0,578,2.5,601+,2.7,701+,1.4,701+,,,,,1.0,701+,4.1,701+,1.0,701+,-,,,,,,,,,,,,,,,,,,
1201-1400,1201-1400,Universidad de Guanajuato,Mexico,XL,CO,HI,4.0,A,7.9,601+,3.0,601+,5.9,701+,3.0,701+,6.0,701+,1.4,701+,1.1,701+,8.7,701+,1.2,701+,-,,,,,,,,,,,,,,,,,,
1201-1400,1201-1400,Universidad de La Frontera (UFRO),Chile,L,CO,HI,3.0,A,9.7,601+,4.4,601+,3.6,701+,8.5,701+,6.6,701+,1.2,701+,9.4,682,9.0,701+,2.1,701+,-,,,,,,,,,,,,,,,,,,
1201-1400,1201-1400,Universidad de Las Américas (UDLA) Ecuador,Ecuador,L,CO,MD,3.0,B,7.1,601+,4.5,601+,12.6,701+,1.6,701+,22.8,565,2.5,701+,1.1,701+,10.6,701+,1.0,701+,-,,,,,,,,,,,,,,,,,,
1201-1400,1201-1400,Universidad de las Fuerzas Armadas ESPE (Ex - Escuela Politécnica del Ejército),Ecuador,L,CO,HI,5.0,A,5.1,601+,5.4,601+,9.4,701+,1.4,701+,3.0,701+,1.1,701+,1.0,701+,7.3,701+,6.7,701+,-,,,,,,,,,,,,,,,,,,
1201-1400,1201-1400,Universidad de Medellín,Colombia,M,SP,,4.0,C,6.9,601+,5.2,601+,6.8,701+,2.1,701+,3.4,701+,1.8,701+,1.0,701+,8.4,701+,1.8,701+,-,,,,,,,,,,,,,,,,,,
1201-1400,1201-1400,Universidad de Panama,Panama,XL,FO,MD,4.0,A,6.5,601+,8.0,601+,3.2,701+,1.1,701+,4.9,701+,2.3,701+,1.0,701+,13.7,625,1.2,701+,-,,,,,,,,,,,,,,,,,,
1201-1400,1201-1400,Universidad de Piura,Peru,M,FO,MD,4.0,B,6.4,601+,10.2,601+,4.5,701+,1.2,701+,8.4,701+,1.0,701+,1.0,701+,17.1,497,1.6,701+,-,,,,,,,,,,,,,,,,,,
1201-1400,1201-1400,Universidad de San Carlos de Guatemala - USAC,Guatemala,XL,FC,LO,5.0,A,9.3,601+,7.6,601+,3.9,701+,1.0,701+,,,,,1.0,701+,20.6,405,1.0,701+,-,,,,,,,,,,,,,,,,,,
1201-1400,1001-1200,Universidad de Valparaíso (UV),Chile,L,FC,MD,3.0,A,10.4,601+,6.8,601+,7.8,701+,3.5,701+,7.2,701+,1.8,701+,4.6,701+,8.5,701+,6.3,701+,-,,,,,,,,,,,,,,,,,,
1201-1400,1201-1400,Universidad del Bío-Bío,Chile,L,CO,HI,4.0,A,8.6,601+,4.2,601+,2.9,701+,3.8,701+,9.7,701+,1.4,701+,1.4,701+,4.1,701+,1.1,701+,-,,,,,,,,,,,,,,,,,,
1201-1400,1201-1400,Universidad del Cauca,Colombia,L,CO,MD,5.0,A,9.5,601+,4.0,601+,5.3,701+,1.8,701+,23.6,559,1.1,701+,1.0,701+,4.5,701+,1.0,701+,-,,,,,,,,,,,,,,,,,,
1201-1400,1201-1400,Universidad del Desarrollo (UDD),Chile,L,CO,HI,3.0,B,6.6,601+,14.6,560,12.9,701+,2.2,701+,7.6,701+,2.0,701+,1.1,701+,8.4,701+,3.5,701+,-,,,,,,,,,,,,,,,,,,
1201-1400,1201-1400,Universidad del Salvador,Argentina,L,FO,MD,4.0,B,4.3,601+,9.0,601+,16.7,701+,1.0,701+,5.3,701+,8.0,701+,1.0,701+,7.1,701+,,,-,,,,,,,,,,,,,,,,,,
1201-1400,1201-1400,Universidad del Zulia,Venezuela,M,FC,MD,5.0,A,10.9,601+,7.6,601+,3.2,701+,2.4,701+,,,,,1.0,701+,10.9,701+,1.0,701+,-,,,,,,,,,,,,,,,,,,
1201-1400,1201-1400,Universidad Mayor de San Andrés (UMSA),Bolivia,XL,FC,LO,5.0,A,7.7,601+,2.4,601+,1.1,701+,1.6,701+,6.8,701+,1.0,701+,1.1,701+,14.8,565,1.0,701+,-,,,,,,,,,,,,,,,,,,
1201-1400,1001-1200,Universidad Nacional Agraria la Molina,Peru,M,FO,HI,5.0,A,6.8,601+,8.7,601+,14.6,701+,1.6,701+,1.4,701+,1.8,701+,1.0,701+,9.8,701+,1.0,701+,-,,,,,,,,,,,,,,,,,,
1201-1400,1201-1400,Universidad Nacional de Mar del Plata,Argentina,L,CO,HI,3.0,A,9.5,601+,2.8,601+,5.7,701+,3.7,701+,,,,,1.3,701+,5.1,701+,1.2,701+,-,,,,,,,,,,,,,,,,,,
1201-1400,1001-1200,Universidad Nacional de Río Cuarto - UNRC,Argentina,L,CO,MD,4.0,A,4.4,601+,1.5,601+,34.9,454,1.5,701+,,,,,1.0,701+,5.1,701+,1.0,701+,-,,,,,,,,,,,,,,,,,,
1201-1400,1201-1400,Universidad Nacional de San Martín (UNSAM),Argentina,L,CO,HI,3.0,A,11.5,601+,3.2,601+,7.5,701+,2.3,701+,1.6,701+,4.7,701+,1.3,701+,5.1,701+,4.6,701+,-,,,,,,,,,,,,,,,,,,
1201-1400,1201-1400,Universidad Nacional del Comahue,Argentina,XL,FC,MD,4.0,A,4.3,601+,2.5,601+,21.5,636,1.4,701+,,,,,1.1,701+,5.1,701+,1.1,701+,-,,,,,,,,,,,,,,,,,,
1201-1400,1201-1400,Universidad Nacional del Litoral,Argentina,XL,CO,HI,5.0,A,11.7,601+,5.8,601+,2.2,701+,2.7,701+,1.5,701+,1.1,701+,1.1,701+,2.7,701+,3.2,701+,-,,,,,,,,,,,,,,,,,,
1201-1400,1201-1400,Universidad Popular Autónoma del Estado de Puebla (UPAEP),Mexico,M,FO,HI,4.0,C,5.0,601+,4.5,601+,16.1,701+,1.2,701+,4.5,701+,3.1,701+,1.0,701+,8.0,701+,1.4,701+,-,,,,,,,,,,,,,,,,,,
1201-1400,1201-1400,Universidad San Ignacio de Loyola,Peru,L,FO,MD,3.0,B,6.2,601+,9.2,601+,1.8,701+,1.3,701+,3.9,701+,1.3,701+,1.0,701+,8.5,701+,2.0,701+,-,,,,,,,,,,,,,,,,,,
1201-1400,1201-1400,"Universidad Tecnológica de la Habana José Antonio Echeverría, Cujae",Cuba,M,SP,,3.0,A,6.2,601+,1.1,601+,20.1,662,1.1,701+,3.3,701+,4.5,701+,1.0,701+,14.2,595,,,-,,,,,,,,,,,,,,,,,,
1201-1400,1201-1400,Universidad Veracruzana,Mexico,XL,FO,HI,4.0,A,8.7,601+,3.2,601+,7.8,701+,1.4,701+,,,,,1.0,701+,3.9,701+,1.1,701+,-,,,,,,,,,,,,,,,,,,
1201-1400,1001-1200,Universidade do Estado do Rio de Janeiro (UERJ),Brazil,XL,FC,HI,4.0,A,9.4,601+,4.0,601+,17.6,701+,2.6,701+,3.8,701+,1.2,701+,5.7,701+,7.6,701+,2.4,701+,-,,,,,,,,,,,,,,,,,,
1201-1400,1201-1400,Universidade Federal da Bahia,Brazil,XL,FC,HI,4.0,A,9.1,601+,2.4,601+,8.9,701+,3.1,701+,5.4,701+,1.5,701+,4.3,701+,8.1,701+,4.4,701+,-,,,,,,,,,,,,,,,,,,
1201-1400,1001-1200,Universidade Federal de Juiz de Fora- (UFJF),Brazil,L,CO,HI,4.0,A,3.6,601+,2.3,601+,31.4,501,3.0,701+,,,,,1.4,701+,3.8,701+,1.0,701+,-,,,,,,,,,,,,,,,,,,
1201-1400,1001-1200,Universidade Federal de Pelotas ,Brazil,L,CO,VH,4.0,A,5.1,601+,1.4,601+,27.0,559,5.0,701+,,,1.4,701+,1.2,701+,3.8,701+,1.1,701+,-,,,,,,,,,,,,,,,,,,
1201-1400,1201-1400,Universidade Federal de Santa Maria,Brazil,L,FC,HI,4.0,A,6.5,601+,1.6,601+,15.8,701+,5.2,701+,2.6,701+,1.2,701+,3.4,701+,9.6,701+,17.8,571=,-,,,,,,,,,,,,,,,,,,
1201-1400,1201-1400,Universidade Federal de Viçosa (UFV),Brazil,L,FC,HI,5.0,A,5.0,601+,2.3,601+,13.3,701+,8.7,701+,2.9,701+,1.8,701+,1.1,701+,4.4,701+,1.8,701+,-,,,,,,,,,,,,,,,,,,
1201-1400,1201-1400,Universidade Federal do Ceará (UFC),Brazil,XL,FC,HI,4.0,A,7.3,601+,3.1,601+,7.7,701+,5.8,701+,1.4,701+,1.3,701+,3.2,701+,4.3,701+,24.8,490=,-,,,,,,,,,,,,,,,,,,
1201-1400,1201-1400,Universidade Federal Fluminense ,Brazil,XL,FC,HI,4.0,A,10.0,601+,2.3,601+,11.7,701+,3.7,701+,5.3,701+,1.1,701+,10.1,668,7.6,701+,4.1,701+,-,,,,,,,,,,,,,,,,,,
1201-1400,1201-1400,Universidade Presbiteriana Mackenzie,Brazil,M,CO,HI,4.0,B,3.5,601+,7.6,601+,10.6,701+,1.9,701+,5.1,701+,1.0,701+,1.0,701+,37.0,200,1.0,701+,-,,,,,,,,,,,,,,,,,,
1201-1400,1201-1400,Università degli studi di Bergamo,Italy,L,FO,VH,3.0,A,5.7,601+,2.3,601+,1.5,701+,6.3,701+,8.4,701+,6.4,701+,1.4,701+,8.5,701+,1.1,701+,-,,,,,,,,,,,,,,,,,,
1201-1400,,Universitas Islam Indonesia,Indonesia,L,CO,HI,4.0,B,10.4,601+,3.8,601+,2.0,701+,1.7,701+,2.3,701+,1.2,701+,1.0,701+,7.6,701+,1.8,701+,-,,,,,,,,,,,,,,,,,,
1201-1400,,Universitas Muhammadiyah Yogyakarta,Indonesia,L,FO,HI,3.0,B,6.3,601+,2.5,601+,2.8,701+,1.4,701+,36.6,441,2.0,701+,1.0,701+,7.4,701+,1.0,701+,-,,,,,,,,,,,,,,,,,,
1201-1400,,Universitas Pendidikan Indonesia,Indonesia,XL,FO,VH,4.0,A,9.6,601+,3.1,601+,11.0,701+,1.4,701+,14.6,673,1.7,701+,1.0,701+,7.9,701+,3.4,701+,-,,,,,,,,,,,,,,,,,,
1201-1400,1201-1400,Universitas Sumatera Utara,Indonesia,XL,FC,HI,4.0,A,7.6,601+,6.2,601+,21.0,646,1.3,701+,9.8,701+,2.4,701+,1.0,701+,9.2,701+,5.3,701+,-,,,,,,,,,,,,,,,,,,
1201-1400,1201-1400,Universitatea de Vest din Timisoara / West University of Timisoara,Romania,L,FO,HI,4.0,A,9.6,601+,6.3,601+,4.8,701+,2.6,701+,1.6,701+,5.2,701+,1.1,701+,8.2,701+,1.1,701+,-,,,,,,,,,,,,,,,,,,
1201-1400,,Université de Franche-Comté,France,,CO,,,A,5.8,601+,2.1,601+,,,,,,,,,46.0,336,,,,,-,,,,,,,,,,,,,,,,,,
1201-1400,,Université de Limoges,France,M,SP,,,,6.1,601+,1.9,601+,18.2,701+,7.2,701+,,,,,16.7,578,6.4,701+,,,-,,,,,,,,,,,,,,,,,,
1201-1400,1201-1400,Université de Tunis,Tunisia,L,FO,VH,4.0,A,6.1,601+,2.5,601+,17.3,701+,1.9,701+,2.2,701+,1.8,701+,1.0,701+,15.5,542,1.0,701+,-,,,,,,,,,,,,,,,,,,
1201-1400,1201-1400,Université Jean Moulin Lyon 3,France,L,SP,,5.0,A,8.9,601+,3.4,601+,1.8,701+,2.2,701+,25.5,528,30.8,414,1.0,701+,7.1,701+,1.1,701+,-,,,,,,,,,,,,,,,,,,
1201-1400,1401+,Université Mohammed V de Rabat,Morocco,XL,CO,VH,3.0,A,3.1,601+,2.2,601+,1.6,701+,4.0,701+,3.7,701+,2.6,701+,17.6,566,22.0,376,2.7,701+,-,,,,,,,,,,,,,,,,,,
1201-1400,1201-1400,Université Paris-Nanterre,France,XL,FO,VH,5.0,A,11.9,601+,2.4,601+,3.0,701+,3.0,701+,9.9,701+,1.5,701+,14.6,601,15.2,553,1.9,701+,-,,,,,,,,,,,,,,,,,,
1201-1400,,Universiti Sains Islam Malaysia,Malaysia,M,CO,HI,3.0,A,6.0,601+,2.9,601+,9.2,701+,1.9,701+,9.0,701+,6.7,701+,1.0,701+,4.2,701+,1.0,701+,-,,,,,,,,,,,,,,,,,,
1201-1400,,Universiti Teknikal Malaysia Melaka,Malaysia,M,FO,VH,2.0,A,6.0,601+,6.2,601+,9.8,701+,5.4,701+,3.5,701+,5.7,701+,1.2,701+,9.2,701+,4.3,701+,-,,,,,,,,,,,,,,,,,,
1201-1400,1201-1400,University of Babylon,Iraq,L,FC,HI,3.0,A,3.6,601+,6.3,601+,13.2,701+,1.9,701+,1.1,701+,1.0,701+,1.6,701+,9.7,701+,2.6,701+,-,,,,,,,,,,,,,,,,,,
1201-1400,1201-1400,University of Basrah,Iraq,XL,FC,MD,4.0,A,4.4,601+,6.0,601+,15.9,701+,1.4,701+,1.3,701+,1.1,701+,1.4,701+,9.3,701+,1.0,701+,-,,,,,,,,,,,,,,,,,,
1201-1400,1001-1200,University of Bialystok,Poland,M,FO,VH,3.0,A,5.8,601+,3.1,601+,28.1,544,2.5,701+,,,5.2,701+,1.5,701+,6.1,701+,1.0,701+,-,,,,,,,,,,,,,,,,,,
1201-1400,1201-1400,University of Central Oklahoma,United States,L,CO,MD,,A,3.8,601+,1.5,601+,7.9,701+,1.4,701+,16.8,636,10.9,694,1.0,701+,9.4,701+,,,-,,,,,,,,,,,,,,,,,,
1201-1400,,University of Iceland,Iceland,,CO,,5.0,,7.8,601+,5.5,601+,,,,,,,,,37.9,396,,,,,-,,,,,,,,,,,,,,,,,,
1201-1400,1201-1400,University of International Business and Economics,China (Mainland),L,FO,HI,4.0,A,3.8,601+,1.8,601+,10.2,701+,2.7,701+,7.4,701+,32.8,394,1.0,701+,14.8,568,1.1,701+,-,,,,,,,,,,,,,,,,,,
1201-1400,1201-1400,University of Khartoum,Sudan,L,FC,MD,4.0,A,6.2,601+,4.5,601+,8.0,701+,2.5,701+,,,1.4,701+,3.9,701+,24.9,333,1.1,701+,-,,,,,,,,,,,,,,,,,,
1201-1400,1001-1200,University of Kufa,Iraq,L,FC,HI,3.0,A,3.3,601+,8.5,601+,30.6,511,1.4,701+,4.7,701+,1.1,701+,1.0,701+,8.8,701+,1.0,701+,-,,,,,,,,,,,,,,,,,,
1201-1400,1201-1400,University of Memphis,United States,L,CO,VH,,A,3.1,601+,5.1,601+,14.9,701+,8.9,701+,2.1,701+,4.4,701+,5.0,701+,10.7,701+,,,-,,,,,,,,,,,,,,,,,,
1201-1400,1001-1200,University of Miskolc ,Hungary,M,CO,HI,5.0,B,6.2,601+,5.2,601+,23.6,606,2.3,701+,3.1,701+,6.6,701+,1.2,701+,12.7,675,1.1,701+,-,,,,,,,,,,,,,,,,,,
1201-1400,1001-1200,University of Missouri Saint Louis,United States,M,SP,,4.0,A,4.0,601+,3.6,601+,16.2,701+,14.2,655,4.8,701+,4.2,701+,1.0,701+,11.5,701+,,,-,,,,,,,,,,,,,,,,,,
1201-1400,1001-1200,University of Montana Missoula ,United States,M,CO,HI,5.0,A,2.5,601+,2.6,601+,11.8,701+,9.2,701+,1.3,701+,1.7,701+,1.0,701+,8.3,701+,3.5,701+,-,,,,,,,,,,,,,,,,,,
1201-1400,1201-1400,University of Niš,Serbia,L,FC,HI,4.0,A,5.2,601+,3.7,601+,13.2,701+,2.4,701+,,,6.2,701+,6.1,701+,9.1,701+,1.1,701+,-,,,,,,,,,,,,,,,,,,
1201-1400,1201-1400,University of North Carolina at Greensboro,United States,L,CO,HI,5.0,A,2.9,601+,2.8,601+,9.2,701+,10.6,701+,9.7,701+,2.6,701+,7.6,701+,7.1,701+,,,-,,,,,,,,,,,,,,,,,,
1201-1400,1001-1200,University of Ostrava,Czech Republic,M,FO,VH,3.0,A,6.0,601+,1.0,601+,19.9,669,4.1,701+,18.6,605,12.3,673,1.8,701+,7.7,701+,1.2,701+,-,,,,,,,,,,,,,,,,,,
1201-1400,1001-1200,University of Pannonia,Hungary,S,FO,VH,4.0,A,4.5,601+,3.5,601+,23.7,603,8.3,701+,,,9.2,701+,5.9,701+,5.8,701+,1.0,701+,-,,,,,,,,,,,,,,,,,,
1201-1400,1001-1200,University of Peradeniya ,Sri Lanka,L,CO,HI,3.0,A,7.8,601+,9.9,601+,14.9,701+,2.0,701+,1.0,701+,1.3,701+,2.2,701+,10.8,701+,2.2,701+,-,,,,,,,,,,,,,,,,,,
1201-1400,1001-1200,University of Rijeka,Croatia,L,CO,HI,4.0,A,5.9,601+,2.7,601+,17.1,701+,4.3,701+,2.6,701+,1.9,701+,5.7,701+,10.1,701+,2.6,701+,-,,,,,,,,,,,,,,,,,,
1201-1400,1201-1400,University of Rzeszów,Poland,L,FC,HI,3.0,A,4.3,601+,1.9,601+,17.8,701+,2.6,701+,,,1.7,701+,2.0,701+,6.1,701+,1.0,701+,-,,,,,,,,,,,,,,,,,,
1201-1400,,University of San Carlos,Philippines,M,FO,HI,4.0,C,6.2,601+,8.6,601+,3.4,701+,1.8,701+,1.9,701+,2.2,701+,1.0,701+,9.4,701+,,,-,,,,,,,,,,,,,,,,,,
1201-1400,1001-1200,University of San Diego,United States,M,CO,HI,4.0,B,6.8,601+,4.4,601+,24.9,588,2.8,701+,3.1,701+,6.0,701+,1.0,701+,17.2,489,1.0,701+,-,,,,,,,,,,,,,,,,,,
1201-1400,1201-1400,University of Sarajevo ,Bosnia and Herzegovina,L,CO,HI,4.0,A,4.2,601+,3.5,601+,3.8,701+,2.0,701+,,,3.0,701+,7.0,701+,38.2,192,1.0,701+,-,,,,,,,,,,,,,,,,,,
1201-1400,1201-1400,University of Silesia in Katowice,Poland,L,CO,VH,4.0,A,5.3,601+,4.3,601+,17.2,701+,3.3,701+,3.3,701+,3.3,701+,11.5,644,8.3,701+,1.4,701+,-,,,,,,,,,,,,,,,,,,
1201-1400,1201-1400,University of South Alabama (USA),United States,L,CO,HI,4.0,A,5.3,601+,4.4,601+,17.3,701+,6.5,701+,,,1.8,701+,1.1,701+,7.6,701+,1.2,701+,-,,,,,,,,,,,,,,,,,,
1201-1400,1201-1400,University of Split,Croatia,L,FC,HI,3.0,A,5.9,601+,2.5,601+,4.2,701+,3.9,701+,1.5,701+,2.1,701+,5.9,701+,11.0,701+,1.4,701+,-,,,,,,,,,,,,,,,,,,
1201-1400,1001-1200,University of the Pacific,United States,M,CO,HI,5.0,B,2.2,601+,3.7,601+,34.3,466,3.4,701+,4.2,701+,7.2,701+,1.0,701+,10.8,701+,1.0,701+,-,,,,,,,,,,,,,,,,,,
1201-1400,1001-1200,University of Warmia and Mazury in Olsztyn,Poland,L,FO,VH,2.0,A,6.0,601+,10.8,601+,24.2,589,3.5,701+,2.0,701+,2.7,701+,4.3,701+,6.3,701+,1.3,701+,-,,,,,,,,,,,,,,,,,,
1201-1400,1201-1400,University of West Bohemia ,Czech Republic,M,FO,VH,3.0,A,5.9,601+,2.0,601+,11.9,701+,4.3,701+,,,,,2.7,701+,11.4,701+,1.0,701+,-,,,,,,,,,,,,,,,,,,
1201-1400,1201-1400,University POLITEHNICA of Bucharest,Romania,L,FO,VH,5.0,A,5.7,601+,8.7,601+,3.5,701+,6.4,701+,1.5,701+,2.8,701+,17.9,561,6.4,701+,1.2,701+,-,,,,,,,,,,,,,,,,,,
1201-1400,1001-1200,Voronezh State University,Russia,L,CO,HI,5.0,A,5.9,601+,2.3,601+,19.9,670,1.3,701+,3.4,701+,25.6,466,1.0,701+,6.6,701+,1.4,701+,-,,,,,,,,,,,,,,,,,,
1201-1400,,Yogyakarta State University,Indonesia,L,FO,HI,2.0,A,9.6,601+,2.8,601+,8.0,701+,1.4,701+,15.4,662,1.8,701+,1.0,701+,7.8,701+,1.0,701+,-,,,,,,,,,,,,,,,,,,
1201-1400,1201-1400,Youngsan University,South Korea,M,FO,MD,3.0,C,5.7,601+,10.6,601+,17.5,701+,1.3,701+,2.8,701+,5.9,701+,1.0,701+,6.6,701+,,,-,,,,,,,,,,,,,,,,,,
1201-1400,1201-1400,Yuan Ze University,Taiwan,M,FO,VH,3.0,C,5.4,601+,5.4,601+,7.4,701+,10.6,701+,7.0,701+,9.6,701+,1.0,701+,7.9,701+,1.0,701+,-,,,,,,,,,,,,,,,,,,
1201-1400,1201-1400,Zagazig University,Egypt,XL,FC,HI,3.0,A,6.6,601+,3.8,601+,2.9,701+,2.4,701+,1.2,701+,2.4,701+,15.3,593,2.8,701+,7.7,701+,-,,,,,,,,,,,,,,,,,,
1201-1400,,Narxoz University,Kazakhstan,M,FO,HI,4.0,B,8.0,601+,5.0,601+,8.4,701+,1.4,701+,5.3,701+,2.1,701+,1.0,701+,12.4,701+,1.0,701+,-,,,,,,,,,,,,,,,,,,
1401+,1201-1400,Akdeniz Üniversitesi,Turkey,XL,FC,HI,3.0,A,5.2,601+,3.8,601+,3.4,701+,2.8,701+,1.2,701+,1.1,701+,1.9,701+,7.5,701+,1.0,701+,-,,,,,,,,,,,,,,,,,,
1401+,1201-1400,Al-Balqa Applied University,Jordan,L,FC,MD,3.0,A,5.0,601+,6.7,601+,4.3,701+,2.4,701+,3.8,701+,1.8,701+,2.0,701+,7.6,701+,1.0,701+,-,,,,,,,,,,,,,,,,,,
1401+,1401+,Ataturk University,Turkey,XL,CO,HI,4.0,A,4.9,601+,2.0,601+,2.8,701+,3.9,701+,2.7,701+,3.6,701+,2.3,701+,9.4,701+,4.3,701+,-,,,,,,,,,,,,,,,,,,
1401+,1201-1400,California State University - Los Angeles,United States,L,CO,HI,4.0,A,5.4,601+,2.5,601+,3.5,701+,3.2,701+,4.0,701+,5.6,701+,1.1,701+,9.5,701+,,,-,,,,,,,,,,,,,,,,,,
1401+,1401+,California State University Long Beach,United States,XL,CO,VH,4.0,A,4.0,601+,2.8,601+,8.1,701+,,,,,,,,,9.6,701+,,,-,,,,,,,,,,,,,,,,,,
1401+,1401+,Cukurova University,Turkey,XL,FC,HI,4.0,A,4.4,601+,2.8,601+,4.5,701+,2.5,701+,2.1,701+,5.0,701+,3.8,701+,6.9,701+,13.9,625=,-,,,,,,,,,,,,,,,,,,
1401+,,Georgian Technical University,Georgia,,FO,,5.0,A,6.3,601+,4.2,601+,,,,,,,,,1.0,701+,,,,,-,,,,,,,,,,,,,,,,,,
1401+,,Guru Gobind Singh Indraprastha University,India,,CO,,3.0,A,3.3,601+,2.6,601+,,,,,,,,,1.0,701+,,,,,-,,,,,,,,,,,,,,,,,,
1401+,1201-1400,Humboldt State University,United States,M,CO,HI,3.0,A,3.8,601+,2.2,601+,8.9,701+,4.6,701+,2.3,701+,1.6,701+,1.0,701+,7.9,701+,,,-,,,,,,,,,,,,,,,,,,
1401+,1201-1400,Illinois State University,United States,L,CO,HI,5.0,,3.7,601+,3.5,601+,5.9,701+,5.2,701+,4.9,701+,2.5,701+,1.1,701+,10.9,701+,,,-,,,,,,,,,,,,,,,,,,
1401+,,Indian Statistical Institute,India,,FO,,4.0,,7.5,601+,3.4,601+,,,,,,,,,1.9,701+,,,,,-,,,,,,,,,,,,,,,,,,
1401+,,"International University of Business, Agriculture and Technology (IUBAT)",Bangladesh,,CO,,3.0,,5.9,601+,3.6,601+,,,,,,,,,1.0,701+,,,,,-,,,,,,,,,,,,,,,,,,
1401+,1201-1400,Irkutsk State University,Russia,L,CO,HI,5.0,A,3.6,601+,1.6,601+,17.6,701+,1.4,701+,1.9,701+,3.8,701+,1.1,701+,8.7,701+,1.5,701+,-,,,,,,,,,,,,,,,,,,
1401+,,Khulna University,Bangladesh,,SP,,3.0,,5.9,601+,5.3,601+,,,,,,,,,1.0,701+,,,,,-,,,,,,,,,,,,,,,,,,
1401+,,Kwame Nkrumah University of Science and Technology,Ghana,,CO,,,,5.9,601+,7.6,601+,,,,,,,,,10.8,656,,,,,-,,,,,,,,,,,,,,,,,,
1401+,1201-1400,MIREA - Russian Technological University,Russia,L,FO,VH,4.0,A,5.2,601+,4.9,601+,7.5,701+,1.4,701+,1.3,701+,3.4,701+,1.0,701+,7.3,701+,1.0,701+,-,,,,,,,,,,,,,,,,,,
1401+,1201-1400,Moscow City University,Russia,L,FO,MD,3.0,A,6.1,601+,1.6,601+,9.3,701+,1.1,701+,2.9,701+,3.6,701+,1.0,701+,7.6,701+,1.2,701+,-,,,,,,,,,,,,,,,,,,
1401+,,Nara Institute of Science and Technology,Japan,,FO,,3.0,,5.6,601+,2.3,601+,,,,,,,,,1.5,701+,,,,,-,,,,,,,,,,,,,,,,,,
1401+,1201-1400,Pontificia Universidade Católica do Campinas - PUC Campinas,Brazil,M,CO,MD,4.0,C,4.9,601+,3.3,601+,6.4,701+,2.0,701+,2.4,701+,1.2,701+,1.0,701+,9.6,701+,1.0,701+,-,,,,,,,,,,,,,,,,,,
1401+,1401+,Pontificia Universidade Católica do Minas Gerais - PUC Minas,Brazil,XL,FO,HI,4.0,C,5.0,601+,3.8,601+,1.6,701+,1.5,701+,,,,,1.0,701+,6.2,701+,1.0,701+,-,,,,,,,,,,,,,,,,,,
1401+,1201-1400,Pontifícia Universidade Católica do Paraná,Brazil,M,FC,HI,4.0,B,4.3,601+,2.7,601+,6.0,701+,4.2,701+,1.9,701+,1.4,701+,1.4,701+,5.6,701+,1.0,701+,-,,,,,,,,,,,,,,,,,,
1401+,,Rajshahi University,Bangladesh,,CO,,4.0,,9.2,601+,9.7,601+,,,,,,,,,1.1,701+,,,,,-,,,,,,,,,,,,,,,,,,
1401+,1401+,Sakarya University,Turkey,XL,FC,MD,3.0,A,3.7,601+,3.0,601+,2.8,701+,3.1,701+,1.7,701+,12.6,669,1.3,701+,7.5,701+,1.0,701+,-,,,,,,,,,,,,,,,,,,
1401+,,Shahjalal University of Science and Technology,Bangladesh,,FO,,3.0,,6.8,601+,8.9,601+,,,,,,,,,1.0,701+,,,,,-,,,,,,,,,,,,,,,,,,
1401+,1201-1400,Soochow University (Taiwan),Taiwan,L,FO,MD,4.0,C,4.7,601+,6.0,601+,4.3,701+,1.8,701+,4.0,701+,4.0,701+,1.0,701+,8.3,701+,2.2,701+,-,,,,,,,,,,,,,,,,,,
1401+,,Stamford University Bangladesh,Bangladesh,,FO,,2.0,,10.0,601+,2.8,601+,,,,,,,,,1.0,701+,,,,,-,,,,,,,,,,,,,,,,,,
1401+,,State University of Malang,Indonesia,L,FO,VH,4.0,A,5.3,601+,2.3,601+,7.9,701+,1.7,701+,9.9,701+,1.3,701+,1.0,701+,7.5,701+,1.0,701+,-,,,,,,,,,,,,,,,,,,
1401+,1401+,Sudan University of Science and Technology,Sudan,XL,CO,MD,3.0,A,4.1,601+,2.7,601+,3.2,701+,1.2,701+,1.9,701+,1.6,701+,1.0,701+,9.4,701+,1.0,701+,-,,,,,,,,,,,,,,,,,,
1401+,,Technical University of Crete,Greece,,SP,,,,5.9,601+,5.4,601+,,,,,,,,,2.6,701+,,,,,-,,,,,,,,,,,,,,,,,,
1401+,,Technische Universität Bergakademie Freiberg,Germany,,SP,,,,5.5,601+,4.6,601+,,,,,,,,,4.9,701+,,,,,-,,,,,,,,,,,,,,,,,,
1401+,,Technische Universität Hamburg-Harburg,Germany,,SP,,,,8.8,601+,5.6,601+,,,,,,,,,2.8,701+,,,,,-,,,,,,,,,,,,,,,,,,
1401+,,Technische Universität Kaiserslautern,Germany,,CO,,,,6.5,601+,3.2,601+,,,,,,,,,10.8,655,,,,,-,,,,,,,,,,,,,,,,,,
1401+,1201-1400,"The University of Notre Dame, Australia",Australia,M,FO,VH,3.0,B,3.2,601+,4.2,601+,3.1,701+,7.6,701+,2.9,701+,1.5,701+,1.0,701+,6.2,701+,1.0,701+,-,,,,,,,,,,,,,,,,,,
1401+,,Udayana University,Indonesia,L,FC,MD,4.0,A,5.6,601+,3.9,601+,6.5,701+,1.3,701+,3.6,701+,9.6,701+,1.0,701+,5.0,701+,1.1,701+,-,,,,,,,,,,,,,,,,,,
1401+,1201-1400,Universidad Autónoma de Chile,Chile,XL,FO,HI,3.0,B,5.5,601+,2.2,601+,4.9,701+,2.9,701+,11.1,701+,1.4,701+,1.9,701+,8.5,701+,1.7,701+,-,,,,,,,,,,,,,,,,,,
1401+,1201-1400,Universidad Autónoma de Querétaro (UAQ),Mexico,L,FC,MD,4.0,A,4.9,601+,2.9,601+,5.2,701+,2.4,701+,5.4,701+,1.6,701+,1.0,701+,6.0,701+,1.0,701+,-,,,,,,,,,,,,,,,,,,
1401+,1201-1400,Universidad Autónoma de San Luis de Potosí,Mexico,XL,FC,MD,5.0,A,6.2,601+,2.4,601+,5.5,701+,2.4,701+,1.6,701+,1.4,701+,1.3,701+,3.9,701+,1.2,701+,-,,,,,,,,,,,,,,,,,,
1401+,1201-1400,Universidad Autonoma de Yucatan,Mexico,L,CO,HI,5.0,A,5.6,601+,1.5,601+,5.0,701+,2.4,701+,2.3,701+,1.1,701+,1.0,701+,3.9,701+,1.0,701+,-,,,,,,,,,,,,,,,,,,
1401+,1201-1400,Universidad Autónoma del Estado de Morelos (UAEM),Mexico,L,FC,MD,4.0,A,4.0,601+,2.2,601+,13.0,701+,1.6,701+,3.2,701+,1.1,701+,1.1,701+,4.0,701+,3.8,701+,-,,,,,,,,,,,,,,,,,,
1401+,1401+,"Universidad Católica Boliviana ""San Pablo""",Bolivia,L,FO,MD,4.0,B,5.3,601+,3.2,601+,3.9,701+,1.1,701+,2.5,701+,3.0,701+,1.0,701+,16.1,521,,,-,,,,,,,,,,,,,,,,,,
1401+,1201-1400,Universidad Católica de Colombia ,Colombia,M,FO,HI,4.0,B,6.4,601+,4.9,601+,5.2,701+,1.5,701+,3.2,701+,1.3,701+,1.0,701+,7.9,701+,1.6,701+,-,,,,,,,,,,,,,,,,,,
1401+,1201-1400,Universidad Católica de La Santísima Concepción - UCSC,Chile,M,FC,HI,3.0,B,3.7,601+,2.4,601+,8.6,701+,2.6,701+,5.5,701+,1.1,701+,1.2,701+,4.1,701+,1.4,701+,-,,,,,,,,,,,,,,,,,,
1401+,1401+,Universidad Católica de Santiago de Guayaquil,Ecuador,L,FO,MD,4.0,B,3.9,601+,4.2,601+,2.9,701+,1.3,701+,6.9,701+,1.3,701+,1.0,701+,14.4,585,1.0,701+,-,,,,,,,,,,,,,,,,,,
1401+,1201-1400,Universidad Central de Chile,Chile,L,FO,MD,3.0,C,4.8,601+,3.2,601+,3.2,701+,1.7,701+,4.2,701+,1.9,701+,1.0,701+,4.1,701+,1.0,701+,-,,,,,,,,,,,,,,,,,,
1401+,1201-1400,Universidad de Caldas,Colombia,L,FC,MD,4.0,A,5.4,601+,4.0,601+,3.0,701+,1.5,701+,,,,,1.0,701+,6.2,701+,1.0,701+,-,,,,,,,,,,,,,,,,,,
1401+,1201-1400,Universidad de Cuenca,Ecuador,L,FC,MD,5.0,A,6.3,601+,2.3,601+,4.4,701+,2.3,701+,3.3,701+,1.5,701+,1.1,701+,6.1,701+,1.1,701+,-,,,,,,,,,,,,,,,,,,
1401+,1201-1400,Universidad de La Salle,Colombia,M,FO,HI,4.0,B,6.3,601+,4.8,601+,5.8,701+,1.3,701+,2.2,701+,1.5,701+,1.0,701+,7.3,701+,1.1,701+,-,,,,,,,,,,,,,,,,,,
1401+,1201-1400,Universidad de La Serena,Chile,M,FO,HI,3.0,A,3.9,601+,2.0,601+,3.0,701+,7.3,701+,4.7,701+,1.3,701+,1.0,701+,7.7,701+,1.2,701+,-,,,,,,,,,,,,,,,,,,
1401+,1201-1400,Universidad de Santander - UDES,Colombia,L,FO,MD,3.0,C,3.8,601+,2.9,601+,6.7,701+,1.3,701+,8.7,701+,1.6,701+,1.0,701+,8.0,701+,1.0,701+,-,,,,,,,,,,,,,,,,,,
1401+,1201-1400,Universidad de Sonora,Mexico,XL,CO,HI,4.0,A,4.0,601+,1.7,601+,4.5,701+,1.8,701+,3.7,701+,1.5,701+,1.0,701+,8.2,701+,1.0,701+,-,,,,,,,,,,,,,,,,,,
1401+,1401+,Universidad de Tarapaca,Chile,M,FO,VH,3.0,A,3.6,601+,2.3,601+,2.1,701+,8.0,701+,,,,,2.6,701+,4.1,701+,1.0,701+,-,,,,,,,,,,,,,,,,,,
1401+,1201-1400,Universidad del Magdalena,Colombia,L,CO,MD,4.0,A,4.2,601+,4.6,601+,2.7,701+,1.3,701+,6.4,701+,1.3,701+,1.0,701+,6.4,701+,1.0,701+,-,,,,,,,,,,,,,,,,,,
1401+,1201-1400,Universidad del Valle de Mexico (UVM),Mexico,XL,FO,MD,4.0,C,3.7,601+,13.3,601+,4.6,701+,1.0,701+,1.2,701+,1.3,701+,1.0,701+,4.2,701+,1.0,701+,-,,,,,,,,,,,,,,,,,,
1401+,1401+,Universidad Mayor de San Simón Cochabamba,Bolivia,XL,CO,LO,5.0,A,5.0,601+,2.6,601+,1.2,701+,1.1,701+,,,1.1,701+,1.0,701+,17.1,491,1.0,701+,-,,,,,,,,,,,,,,,,,,
1401+,1401+,Universidad Michoacana de San Nicolás de Hidalgo,Mexico,XL,FC,MD,5.0,A,3.9,601+,1.8,601+,2.9,701+,2.1,701+,,,,,1.1,701+,3.9,701+,1.0,701+,-,,,,,,,,,,,,,,,,,,
1401+,1401+,Universidad Nacional Autónoma de Honduras (UNAH),Honduras,XL,FC,LO,5.0,A,4.1,601+,5.0,601+,2.9,701+,1.0,701+,1.7,701+,,,1.0,701+,22.4,369,1.0,701+,-,,,,,,,,,,,,,,,,,,
1401+,1201-1400,Universidad Nacional de Quilmes,Argentina,L,FO,HI,3.0,A,7.4,601+,2.2,601+,3.2,701+,1.8,701+,3.1,701+,1.8,701+,1.0,701+,5.1,701+,1.0,701+,-,,,,,,,,,,,,,,,,,,
1401+,1201-1400,Universidad Nacional de Tucumán,Argentina,XL,FC,MD,5.0,A,7.4,601+,2.7,601+,2.6,701+,1.6,701+,,,,,2.3,701+,5.1,701+,1.0,701+,-,,,,,,,,,,,,,,,,,,
1401+,1201-1400,Universidad Nacional del Sur,Argentina,L,FC,HI,4.0,A,5.9,601+,2.5,601+,14.1,701+,1.8,701+,,,,,2.1,701+,5.1,701+,1.1,701+,-,,,,,,,,,,,,,,,,,,
1401+,,UNIVERSIDAD POLITECNICA SALESIANA,Ecuador,L,CO,MD,3.0,B,6.0,601+,3.0,601+,3.7,701+,1.5,701+,7.0,701+,1.7,701+,1.0,701+,6.1,701+,1.0,701+,-,,,,,,,,,,,,,,,,,,
1401+,1201-1400,Universidad Tecnica Particular De Loja (UTPL),Ecuador,XL,FO,HI,4.0,B,5.1,601+,2.8,601+,1.2,701+,1.6,701+,9.3,701+,1.3,701+,1.0,701+,9.5,701+,3.9,701+,-,,,,,,,,,,,,,,,,,,
1401+,1401+,Universidad Tecnológica de Bolívar,Colombia,M,FO,HI,4.0,B,2.6,601+,5.4,601+,2.8,701+,2.5,701+,8.3,701+,6.6,701+,1.0,701+,9.0,701+,1.0,701+,-,,,,,,,,,,,,,,,,,,
1401+,1201-1400,Universidad Tecnológica de Pereira,Colombia,L,CO,MD,4.0,A,4.0,601+,7.1,601+,3.3,701+,1.9,701+,1.4,701+,1.0,701+,1.0,701+,6.7,701+,1.0,701+,-,,,,,,,,,,,,,,,,,,
1401+,1201-1400,Universidade do Estado de Santa Catarina,Brazil,XL,CO,HI,4.0,A,3.9,601+,1.3,601+,20.2,660,1.6,701+,,,,,1.0,701+,5.1,701+,1.0,701+,-,,,,,,,,,,,,,,,,,,
1401+,1201-1400,Universidade Estadual de Londrina,Brazil,L,FC,HI,4.0,A,3.5,601+,2.5,601+,13.4,701+,3.5,701+,2.2,701+,1.3,701+,1.1,701+,3.8,701+,3.4,701+,-,,,,,,,,,,,,,,,,,,
1401+,1201-1400,Universidade Federal da Paraíba,Brazil,XL,CO,VH,4.0,A,4.1,601+,2.7,601+,8.7,701+,3.1,701+,2.7,701+,1.1,701+,3.3,701+,3.8,701+,1.4,701+,-,,,,,,,,,,,,,,,,,,
1401+,1201-1400,Universidade Federal de Goiás,Brazil,XL,CO,VH,4.0,A,3.6,601+,1.6,601+,7.1,701+,4.2,701+,3.7,701+,1.3,701+,1.5,701+,3.8,701+,1.4,701+,-,,,,,,,,,,,,,,,,,,
1401+,1201-1400,Universidade Federal de Uberlândia,Brazil,L,FC,HI,3.0,A,3.6,601+,1.9,601+,12.6,701+,3.5,701+,2.2,701+,1.3,701+,1.8,701+,3.8,701+,10.9,658=,-,,,,,,,,,,,,,,,,,,
1401+,1201-1400,Universidade Federal do Estado do Rio de Janeiro - UNIRIO,Brazil,L,FC,MD,4.0,A,3.2,601+,1.9,601+,10.0,701+,2.1,701+,,,,,1.0,701+,3.8,701+,1.0,701+,-,,,,,,,,,,,,,,,,,,
1401+,1201-1400,Universidade Federal do Parà - UFPA,Brazil,XL,FC,HI,4.0,A,3.4,601+,1.8,601+,6.7,701+,2.5,701+,2.8,701+,1.1,701+,1.9,701+,3.8,701+,6.4,701+,-,,,,,,,,,,,,,,,,,,
1401+,1201-1400,Universidade Federal do Rio Grande Do Norte,Brazil,XL,FC,HI,4.0,A,4.6,601+,1.5,601+,8.6,701+,3.2,701+,,,,,5.6,701+,3.8,701+,1.4,701+,-,,,,,,,,,,,,,,,,,,
1401+,1201-1400,Universitas Andalas,Indonesia,XL,CO,HI,4.0,A,6.9,601+,3.9,601+,4.9,701+,1.4,701+,2.1,701+,1.1,701+,1.0,701+,6.1,701+,1.1,701+,-,,,,,,,,,,,,,,,,,,
1401+,,Universitas Kristen Petra,Indonesia,M,FO,HI,4.0,C,6.1,601+,4.2,601+,7.3,701+,1.6,701+,2.7,701+,1.4,701+,1.0,701+,8.1,701+,,,-,,,,,,,,,,,,,,,,,,
1401+,1201-1400,Universitas Muhammadiyah Surakarta,Indonesia,L,FO,HI,3.0,B,5.3,601+,2.4,601+,7.8,701+,1.1,701+,6.5,701+,1.1,701+,1.0,701+,7.1,701+,1.4,701+,-,,,,,,,,,,,,,,,,,,
1401+,,Université Sorbonne Paris Nord,France,,CO,,,,9.5,601+,5.1,601+,,,,,,,,,14.3,611,,,,,-,,,,,,,,,,,,,,,,,,
1401+,1401+,University of Craiova,Romania,L,CO,HI,4.0,A,4.1,601+,2.0,601+,2.9,701+,2.0,701+,,,,,1.1,701+,7.9,701+,1.0,701+,-,,,,,,,,,,,,,,,,,,
1401+,,University of Ibadan,Nigeria,,CO,,4.0,,9.0,601+,6.6,601+,,,,,,,,,8.2,701+,,,,,-,,,,,,,,,,,,,,,,,,
1401+,1201-1400,University of Kragujevac,Serbia,L,FO,VH,3.0,A,4.0,601+,2.4,601+,10.3,701+,3.6,701+,1.0,701+,1.1,701+,2.7,701+,9.2,701+,1.0,701+,-,,,,,,,,,,,,,,,,,,
1401+,,University of Lagos,Nigeria,,CO,,,,7.4,601+,5.6,601+,,,,,,,,,1.5,701+,,,,,-,,,,,,,,,,,,,,,,,,
1401+,,University of Lampung,Indonesia,L,FC,MD,4.0,,3.4,601+,1.8,601+,4.7,701+,1.3,701+,1.0,701+,1.0,701+,1.0,701+,5.8,701+,,,-,,,,,,,,,,,,,,,,,,
1401+,,University of Mataram,Indonesia,L,FO,MD,4.0,A,4.9,601+,1.6,601+,3.5,701+,1.1,701+,1.2,701+,1.0,701+,1.0,701+,5.0,701+,,,-,,,,,,,,,,,,,,,,,,
1401+,1401+,University of Oradea,Romania,L,FC,MD,4.0,A,5.0,601+,2.0,601+,3.6,701+,1.7,701+,1.6,701+,7.0,701+,1.8,701+,5.9,701+,2.2,701+,-,,,,,,,,,,,,,,,,,,
1401+,,University of Stavanger,Norway,,CO,,2.0,,7.2,601+,5.7,601+,,,,,,,,,26.3,489,,,,,-,,,,,,,,,,,,,,,,,,
1401+,1201-1400,"University Politehnica of Timisoara, UPT",Romania,M,FO,VH,5.0,A,4.0,601+,3.4,601+,8.6,701+,3.6,701+,1.2,701+,2.9,701+,1.3,701+,8.5,701+,1.0,701+,-,,,,,,,,,,,,,,,,,,
1401+,1201-1400,Western Washington University,United States,L,CO,HI,5.0,,2.8,601+,3.4,601+,7.0,701+,4.3,701+,14.5,676,1.4,701+,1.0,701+,7.3,701+,,,-,,,,,,,,,,,,,,,,,,
1401+,,Zürcher Hochschule Winterthur,Switzerland,,CO,,,,5.7,601+,6.7,601+,,,,,,,,,1.7,701+,,,,,-,,,,,,,,,,,,,,,,,,
,,University of Oxford,,,,,,,,,,,,,,,,,,,,,,,,,,1,98.5,10.0,96.6,5.0,100.0,2.0,99.0,5.0,98.7,77.0,97.5,14.0,United Kingdom,21750.0,10.9,42%,49:51:00
,,Stanford University,,,,,,,,,,,,,,,,,,,,,,,,,,2,98,20.0,99.0,1.0,97.8,8.0,99.6,2.0,100.0,25.0,87.0,167.0,United States,14517.0,6.4,23%,47:53:00
,,Massachusetts Institute of Technology,,,,,,,,,,,,,,,,,,,,,,,,,,3,97.9,30.0,98.6,2.0,96.2,11.0,99.7,1.0,100.0,16.0,93.8,66.0,United States,11085.0,8.0,33%,41:59:00
,,Harvard University,,,,,,,,,,,,,,,,,,,,,,,,,,4,97.8,40.0,97.7,3.0,99.9,3.0,99.4,3.0,84.2,216.0,90.8,119.0,United States,20050.0,9.0,25%,51:49:00
,,University of Cambridge,,,,,,,,,,,,,,,,,,,,,,,,,,5,97.5,50.0,95.8,7.0,100.0,1.0,98.0,12.0,87.9,180.0,97.4,15.0,United Kingdom,20565.0,11.5,38%,48:52:00
,,Princeton University,,,,,,,,,,,,,,,,,,,,,,,,,,6,96.9,60.0,96.3,6.0,97.9,7.0,98.8,7.0,95.1,118.0,89.1,135.0,United States,7753.0,7.3,23%,47:53:00
,,California Institute of Technology,,,,,,,,,,,,,,,,,,,,,,,,,,7,96.5,70.0,96.6,4.0,98.0,6.0,95.9,38.0,100.0,2.0,90.6,123.0,United States,2240.0,6.1,33%,37 : 63
,,Imperial College London,,,,,,,,,,,,,,,,,,,,,,,,,,8,95.1,80.0,90.9,12.0,95.5,12.0,98.6,8.0,90.9,157.0,98.3,6.0,United Kingdom,20275.0,11.8,61%,42:58:00
,,"University of California, Berkeley",,,,,,,,,,,,,,,,,,,,,,,,,,9,94.6,90.0,87.2,18.0,98.8,4.0,99.0,4.0,99.4,63.0,86.8,171.0,United States,39991.0,17.9,22%,52:48:00
,,Yale University,,,,,,,,,,,,,,,,,,,,,,,,,,10,94.2,100.0,94.0,10.0,94.9,13.0,97.7,18.0,86.5,192.0,82.4,216.0,United States,11924.0,5.2,21%,51:49:00
,,ETH Zurich,,,,,,,,,,,,,,,,,,,,,,,,,,11,93.1,110.0,87.6,16.0,96.8,10.0,95.6,41.0,82.9,229.0,95.6,36.0,Switzerland,22619.0,15.4,43%,33 : 67
,,Tsinghua University,,,,,,,,,,,,,,,,,,,,,,,,,,12,92.4,120.0,95.3,9.0,98.1,5.0,93.2,73.0,99.9,38.0,51.7,750.0,China,38518.0,11.2,10%,
,,The University of Chicago,,,,,,,,,,,,,,,,,,,,,,,,,,13,92.1,130.0,89.6,13.0,91.2,19.0,97.6,20.0,93.8,129.0,82.3,219.0,United States,15792.0,6.2,36%,47:53:00
,,Peking University,,,,,,,,,,,,,,,,,,,,,,,,,,14,91.8,140.0,95.6,8.0,97.3,9.0,87.2,172.0,98.8,72.0,70.2,404.0,China,33064.0,10.9,14%,
,,Johns Hopkins University,,,,,,,,,,,,,,,,,,,,,,,,,,15,91.1,150.0,84.4,23.0,92.3,17.0,97.2,27.0,100.0,11.0,84.2,198.0,United States,15772.0,4.1,28%,56:44:00
,,University of Pennsylvania,,,,,,,,,,,,,,,,,,,,,,,,,,16,91,160.0,87.7,15.0,89.7,21.0,97.6,23.0,97.7,90.0,78.8,268.0,United States,21312.0,6.2,22%,54:46:00
,,Columbia University,,,,,,,,,,,,,,,,,,,,,,,,,,17,90.9,170.0,88.6,14.0,89.7,20.0,97.4,25.0,75.2,332.0,86.9,168.0,United States,25914.0,5.2,35%,
,,"University of California, Los Angeles",,,,,,,,,,,,,,,,,,,,,,,,,,18,90.1,180.0,85.7,19.0,91.9,18.0,96.4,34.0,92.3,143.0,74.3,341.0,United States,42634.0,9.6,15%,56:44:00
,,National University of Singapore,,,,,,,,,,,,,,,,,,,,,,,,,,19,90,190.0,78.8,25.0,94.0,16.0,95.4,47.0,100.0,19.0,91.1,116.0,Singapore,33334.0,20.0,24%,49:51:00
,,Cornell University,,,,,,,,,,,,,,,,,,,,,,,,,,20,89.5,200.0,85.7,20.0,88.7,22.0,97.6,22.0,69.4,447.0,86.0,175.0,United States,23620.0,10.0,24%,51:49:00
,,University of Toronto,,,,,,,,,,,,,,,,,,,,,,,,,,21,88.6,210.0,77.5,28.0,94.1,15.0,92.8,81.0,96.1,103.0,90.7,122.0,Canada,79282.0,25.8,27%,56:44:00
,,UCL,,,,,,,,,,,,,,,,,,,,,,,,,,22,88.1,220.0,78.4,26.0,86.4,24.0,98.6,9.0,75.2,335.0,97.9,8.0,United Kingdom,41110.0,11.3,61%,59:41:00
,,University of Michigan-Ann Arbor,,,,,,,,,,,,,,,,,,,,,,,,,,23,87.4,230.0,84.7,22.0,87.4,23.0,95.5,45.0,80.7,255.0,69.0,421.0,United States,45783.0,8.1,16%,51:49:00
,,Carnegie Mellon University,,,,,,,,,,,,,,,,,,,,,,,,,,24,86.3,240.0,75.0,32.0,84.6,26.0,98.9,6.0,87.3,182.0,85.5,184.0,United States,13562.0,11.9,44%,44:56:00
,,University of Washington,,,,,,,,,,,,,,,,,,,,,,,,,,25,85.3,250.0,78.0,27.0,83.5,29.0,98.2,11.0,77.6,294.0,73.2,362.0,United States,49486.0,10.1,16%,56:44:00
,,Duke University,,,,,,,,,,,,,,,,,,,,,,,,,,26,83.9,260.0,79.3,24.0,76.1,41.0,96.2,36.0,100.0,6.0,74.8,331.0,United States,15527.0,3.9,18%,52:48:00
,,New York University,,,,,,,,,,,,,,,,,,,,,,,,,,27,83.5,270.0,73.2,36.0,84.0,28.0,94.9,49.0,75.4,330.0,80.7,245.0,United States,48461.0,11.8,42%,58:42:00
,,Northwestern University,,,,,,,,,,,,,,,,,,,,,,,,,,28,83.2,280.0,72.3,37.0,78.8,34.0,97.8,15.0,99.7,50.0,75.9,315.0,United States,18894.0,13.1,18%,52:48:00
,,The University of Tokyo,,,,,,,,,,,,,,,,,,,,,,,,,,29,83.1,290.0,93.9,11.0,94.2,14.0,67.8,607.0,100.0,27.0,49.7,812.0,Japan,26345.0,10.3,15%,
,,University of Edinburgh,,,,,,,,,,,,,,,,,,,,,,,,,,30,82.5,300.0,70.7,41.0,77.5,37.0,96.9,30.0,71.1,404.0,97.0,22.0,United Kingdom,33940.0,11.5,46%,61:39:00
,,Technical University of Munich,,,,,,,,,,,,,,,,,,,,,,,,,,30,82.5,310.0,69.8,44.0,85.1,25.0,90.0,128.0,100.0,26.0,83.1,208.0,Germany,35506.0,44.4,39%,37 : 63
,,"Nanyang Technological University, Singapore",,,,,,,,,,,,,,,,,,,,,,,,,,32,82.3,320.0,66.2,52.0,80.9,32.0,94.5,54.0,99.7,49.0,93.3,78.0,Singapore,25895.0,16.7,27%,49:51:00
,,École Polytechnique Fédérale de Lausanne,,,,,,,,,,,,,,,,,,,,,,,,,,33,81.4,330.0,74.5,33.0,73.2,50.0,90.3,120.0,99.8,40.0,95.8,33.0,Switzerland,12543.0,13.5,64%,30 : 70
,,"University of California, San Diego",,,,,,,,,,,,,,,,,,,,,,,,,,34,81,340.0,66.0,53.0,78.4,35.0,97.6,19.0,100.0,1.0,74.3,342.0,United States,40596.0,12.0,19%,45:55:00
,,University of Hong Kong,,,,,,,,,,,,,,,,,,,,,,,,,,35,80.3,350.0,65.6,55.0,72.3,52.0,96.4,35.0,95.2,116.0,96.8,23.0,Hong Kong,18103.0,18.3,43%,55:45:00
,,Georgia Institute of Technology,,,,,,,,,,,,,,,,,,,,,,,,,,36,80,360.0,63.4,63.0,78.9,33.0,94.1,57.0,94.6,123.0,84.8,190.0,United States,32079.0,28.0,29%,34 : 66
,,University of Melbourne,,,,,,,,,,,,,,,,,,,,,,,,,,37,79.2,370.0,64.8,57.0,76.4,40.0,90.1,126.0,98.3,84.0,92.7,90.0,Australia,51307.0,25.1,47%,58:42:00
,,King’s College London,,,,,,,,,,,,,,,,,,,,,,,,,,38,79,380.0,59.8,74.0,75.1,47.0,97.7,17.0,74.2,347.0,97.5,13.0,United Kingdom,32835.0,13.9,53%,63:37:00
,,LMU Munich,,,,,,,,,,,,,,,,,,,,,,,,,,38,79,390.0,65.3,56.0,76.8,38.0,92.2,89.0,100.0,15.0,76.9,298.0,Germany,34622.0,33.5,18%,62:38:00
,,Paris Sciences et Lettres – PSL Research University Paris,,,,,,,,,,,,,,,,,,,,,,,,,,40,78.5,400.0,75.7,31.0,72.8,51.0,83.2,253.0,99.7,51.0,81.6,231.0,France,16120.0,15.0,22%,51:49:00
,,University of British Columbia,,,,,,,,,,,,,,,,,,,,,,,,,,41,78,410.0,62.5,66.0,76.6,39.0,90.5,118.0,76.7,304.0,95.0,49.0,Canada,58987.0,19.4,34%,55:45:00
,,University of Illinois at Urbana-Champaign,,,,,,,,,,,,,,,,,,,,,,,,,,42,77.9,420.0,69.5,45.0,81.5,31.0,85.2,206.0,85.3,206.0,64.0,502.0,United States,50250.0,19.6,23%,51:49:00
,,Shanghai Jiao Tong University,,,,,,,,,,,,,,,,,,,,,,,,,,43,77.7,430.0,76.6,29.0,82.5,30.0,75.4,432.0,100.0,24.0,60.6,572.0,China,38472.0,12.6,9%,37 : 63
,,Fudan University,,,,,,,,,,,,,,,,,,,,,,,,,,44,77.5,440.0,76.5,30.0,75.3,43.0,83.5,246.0,96.0,104.0,56.1,658.0,China,38101.0,12.6,9%,52:48:00
,,KU Leuven,,,,,,,,,,,,,,,,,,,,,,,,,,45,77,450.0,60.1,72.0,74.9,48.0,91.9,95.0,100.0,13.0,79.6,259.0,Belgium,49435.0,37.3,19%,52:48:00
,,London School of Economics and Political Science,,,,,,,,,,,,,,,,,,,,,,,,,,46,76.8,460.0,59.5,77.0,73.5,49.0,95.4,46.0,55.9,715.0,94.1,63.0,United Kingdom,11945.0,12.6,72%,56:44:00
,,Universität Heidelberg,,,,,,,,,,,,,,,,,,,,,,,,,,47,76.7,470.0,67.7,49.0,64.3,69.0,94.6,51.0,99.3,66.0,76.4,304.0,Germany,19315.0,13.3,20%,55:45:00
,,Delft University of Technology,,,,,,,,,,,,,,,,,,,,,,,,,,48,76.3,480.0,66.7,51.0,78.2,36.0,76.5,404.0,100.0,5.0,92.8,86.0,Netherlands,21262.0,15.9,30%,31 : 69
,,McGill University,,,,,,,,,,,,,,,,,,,,,,,,,,49,76,490.0,62.3,68.0,72.3,53.0,88.8,141.0,76.1,315.0,92.5,93.0,Canada,30821.0,11.9,29%,61:39:00
,,Karolinska Institute,,,,,,,,,,,,,,,,,,,,,,,,,,50,75.9,500.0,58.9,82.0,67.9,56.0,95.3,48.0,96.0,106.0,85.7,181.0,Sweden,8085.0,9.9,27%,70:30:00
,,University of Manchester,,,,,,,,,,,,,,,,,,,,,,,,,,51,75.6,510.0,61.4,69.0,67.1,60.0,93.1,74.0,73.1,367.0,95.6,37.0,United Kingdom,40725.0,15.6,45%,56:44:00
,,University of Texas at Austin,,,,,,,,,,,,,,,,,,,,,,,,,,52,75.5,520.0,66.0,54.0,75.7,42.0,91.0,109.0,81.4,247.0,47.3,881.0,United States,48558.0,16.4,8%,55:45:00
,,Chinese University of Hong Kong,,,,,,,,,,,,,,,,,,,,,,,,,,53,75.4,530.0,59.1,80.0,61.5,80.0,97.6,21.0,95.9,107.0,93.6,69.0,Hong Kong,18290.0,18.8,25%,
,,Monash University,,,,,,,,,,,,,,,,,,,,,,,,,,54,75.2,540.0,55.3,96.0,67.8,58.0,94.7,50.0,99.7,48.0,91.1,115.0,Australia,58460.0,43.1,38%,56:44:00
,,Kyoto University,,,,,,,,,,,,,,,,,,,,,,,,,,55,75,550.0,85.4,21.0,84.3,27.0,60.0,779.0,100.0,14.0,45.7,940.0,Japan,21817.0,9.0,11%,25 : 75
,,Zhejiang University,,,,,,,,,,,,,,,,,,,,,,,,,,55,75,560.0,70.2,42.0,75.3,45.0,78.7,350.0,99.0,69.0,65.5,475.0,China,48169.0,12.0,16%,
,,University of Science and Technology of China,,,,,,,,,,,,,,,,,,,,,,,,,,57,74.8,570.0,74.3,34.0,66.3,62.0,88.2,152.0,95.6,112.0,45.4,951.0,China,20252.0,8.1,5%,
,,Université Paris-Saclay,,,,,,,,,,,,,,,,,,,,,,,,,,58,74.4,580.0,70.9,40.0,66.1,63.0,82.4,277.0,92.4,140.0,78.6,276.0,France,31662.0,13.0,24%,50:50:00
,,"University of California, Davis",,,,,,,,,,,,,,,,,,,,,,,,,,59,74.1,590.0,63.7,61.0,67.8,57.0,87.2,170.0,91.5,147.0,78.7,271.0,United States,37926.0,13.3,18%,60:40:00
,,The University of Sydney,,,,,,,,,,,,,,,,,,,,,,,,,,60,73.8,600.0,52.6,115.0,68.9,54.0,92.0,93.0,97.7,91.0,90.2,126.0,Australia,57414.0,23.1,51%,58:42:00
,,University of Amsterdam,,,,,,,,,,,,,,,,,,,,,,,,,,61,73.6,610.0,55.0,99.0,63.1,74.0,96.7,33.0,77.6,292.0,93.2,80.0,Netherlands,28649.0,13.2,36%,60:40:00
,,Seoul National University,,,,,,,,,,,,,,,,,,,,,,,,,,62,73.4,620.0,74.2,35.0,75.3,44.0,74.6,451.0,100.0,23.0,43.7,998.0,South Korea,28620.0,16.1,13%,
,,University of Wisconsin-Madison,,,,,,,,,,,,,,,,,,,,,,,,,,63,73.3,630.0,68.5,46.0,67.5,59.0,85.5,200.0,79.8,267.0,62.8,526.0,United States,41209.0,9.9,13%,
,,Brown University,,,,,,,,,,,,,,,,,,,,,,,,,,64,73,640.0,69.8,43.0,59.6,87.0,89.7,130.0,69.3,449.0,72.1,374.0,United States,9781.0,10.3,19%,
,,The Hong Kong University of Science and Technology,,,,,,,,,,,,,,,,,,,,,,,,,,64,73,650.0,54.0,105.0,62.1,76.0,92.9,77.0,100.0,10.0,95.5,40.0,Hong Kong,9794.0,19.9,30%,
,,Wageningen University & Research,,,,,,,,,,,,,,,,,,,,,,,,,,64,73,660.0,56.4,90.0,59.8,85.0,93.8,63.0,98.8,74.0,92.4,95.0,Netherlands,15899.0,18.1,28%,54:46:00
,,Australian National University,,,,,,,,,,,,,,,,,,,,,,,,,,67,72.6,670.0,55.9,91.0,68.0,55.0,86.6,180.0,82.0,238.0,94.8,51.0,Australia,17293.0,15.1,48%,52:48:00
,,Washington University in St Louis,,,,,,,,,,,,,,,,,,,,,,,,,,68,72.3,680.0,60.8,71.0,57.2,101.0,97.5,24.0,77.8,291.0,72.7,367.0,United States,13825.0,7.3,22%,52:48:00
,,"University of California, Santa Barbara",,,,,,,,,,,,,,,,,,,,,,,,,,69,72.1,690.0,47.4,168.0,64.7,68.0,96.9,29.0,99.4,64.0,84.0,200.0,United States,25540.0,27.5,18%,54:46:00
,,The University of Queensland,,,,,,,,,,,,,,,,,,,,,,,,,,70,72,700.0,52.9,113.0,64.3,70.0,89.1,136.0,99.8,43.0,94.0,64.0,Australia,42847.0,39.1,42%,55:45:00
,,Institut Polytechnique de Paris,,,,,,,,,,,,,,,,,,,,,,,,,,71,71.3,710.0,71.0,39.0,61.6,79.0,70.8,542.0,98.8,71.0,97.1,21.0,France,6073.0,6.8,42%,25 : 75
,,University of North Carolina at Chapel Hill,,,,,,,,,,,,,,,,,,,,,,,,,,72,71.2,720.0,63.4,64.0,60.3,83.0,93.9,60.0,75.8,321.0,50.9,775.0,United States,30782.0,7.7,8%,60:40:00
,,Nanjing University,,,,,,,,,,,,,,,,,,,,,,,,,,73,70.9,730.0,64.0,59.0,61.7,78.0,85.3,203.0,96.8,97.0,61.8,544.0,China,36711.0,16.7,8%,54:46:00
,,University of Southern California,,,,,,,,,,,,,,,,,,,,,,,,,,74,70.8,740.0,59.2,79.0,58.8,90.0,92.5,85.0,74.4,345.0,74.3,345.0,United States,44083.0,14.2,24%,49:51:00
,,Sorbonne University,,,,,,,,,,,,,,,,,,,,,,,,,,75,70.5,750.0,64.7,58.0,60.8,81.0,83.7,242.0,69.5,444.0,78.8,269.0,France,41527.0,14.5,22%,60:40:00
,,Yonsei University (Seoul campus),,,,,,,,,,,,,,,,,,,,,,,,,,76,70.4,760.0,68.1,47.0,64.3,71.0,79.3,339.0,99.9,39.0,51.8,747.0,South Korea,18961.0,13.9,17%,49:51:00
,,Leiden University,,,,,,,,,,,,,,,,,,,,,,,,,,77,70.2,770.0,46.0,190.0,62.7,75.0,93.0,75.0,98.1,87.0,87.8,153.0,Netherlands,35072.0,19.3,21%,60:40:00
,,Boston University,,,,,,,,,,,,,,,,,,,,,,,,,,78,70.1,780.0,59.6,76.0,54.1,115.0,94.3,56.0,76.4,311.0,74.1,347.0,United States,26677.0,10.8,29%,58:42:00
,,University of Groningen,,,,,,,,,,,,,,,,,,,,,,,,,,79,70,790.0,47.5,166.0,57.2,100.0,94.5,52.0,99.9,30.0,93.4,75.0,Netherlands,31942.0,28.8,29%,53:47:00
,,University of Zurich,,,,,,,,,,,,,,,,,,,,,,,,,,80,69.9,800.0,54.8,103.0,53.4,121.0,91.8,96.0,93.7,131.0,92.4,96.0,Switzerland,25608.0,14.7,24%,58:42:00
,,University of Bristol,,,,,,,,,,,,,,,,,,,,,,,,,,81,69.8,810.0,48.7,148.0,56.5,105.0,97.3,26.0,72.3,378.0,92.5,91.0,United Kingdom,27335.0,14.8,31%,55:45:00
,,City University of Hong Kong,,,,,,,,,,,,,,,,,,,,,,,,,,82,69.3,820.0,52.2,116.0,52.4,124.0,91.1,105.0,100.0,4.0,98.7,2.0,Hong Kong,9076.0,13.2,67%,54:46:00
,,Korea Advanced Institute of Science and Technology (KAIST),,,,,,,,,,,,,,,,,,,,,,,,,,83,69.2,830.0,67.1,50.0,65.8,64.0,77.4,382.0,100.0,12.0,41.6,1064.0,South Korea,10130.0,10.7,8%,0.929861111
,,UNSW Sydney,,,,,,,,,,,,,,,,,,,,,,,,,,84,68.9,840.0,47.2,174.0,57.4,98.0,91.1,107.0,98.6,80.0,94.5,59.0,Australia,47044.0,36.6,40%,47:53:00
,,University of Minnesota,,,,,,,,,,,,,,,,,,,,,,,,,,85,68.7,850.0,61.0,70.0,58.5,92.0,87.2,171.0,99.8,42.0,48.3,857.0,United States,59556.0,11.8,9%,55:45:00
,,Purdue University West Lafayette,,,,,,,,,,,,,,,,,,,,,,,,,,86,68.5,860.0,64.0,60.0,65.3,66.0,71.8,516.0,84.3,215.0,76.7,302.0,United States,42633.0,18.3,17%,44:56:00
,,University of Glasgow,,,,,,,,,,,,,,,,,,,,,,,,,,87,68.2,870.0,48.1,157.0,51.8,128.0,96.8,32.0,69.7,438.0,96.1,30.0,United Kingdom,32270.0,14.4,43%,59:41:00
,,Hong Kong Polytechnic University,,,,,,,,,,,,,,,,,,,,,,,,,,87,68.2,880.0,45.7,193.0,54.1,117.0,94.5,53.0,87.4,181.0,96.3,29.0,Hong Kong,20034.0,30.6,30%,51:49:00
,,Humboldt University of Berlin,,,,,,,,,,,,,,,,,,,,,,,,,,87,68.2,890.0,55.3,95.0,63.7,72.0,82.8,263.0,65.4,540.0,79.0,264.0,Germany,34761.0,54.5,18%,
,,RWTH Aachen University,,,,,,,,,,,,,,,,,,,,,,,,,,90,68,900.0,54.9,101.0,64.8,67.0,78.9,347.0,100.0,22.0,71.2,390.0,Germany,34914.0,43.3,29%,34 : 66
,,University of Bonn,,,,,,,,,,,,,,,,,,,,,,,,,,91,67.8,910.0,51.7,120.0,57.7,96.0,89.7,129.0,82.6,233.0,73.8,352.0,Germany,26290.0,44.5,17%,57:43:00
,,"University of California, Irvine",,,,,,,,,,,,,,,,,,,,,,,,,,92,67.4,920.0,47.1,175.0,53.8,119.0,93.2,72.0,96.1,102.0,80.9,242.0,United States,35675.0,16.2,26%,53:47:00
,,Vanderbilt University,,,,,,,,,,,,,,,,,,,,,,,,,,92,67.4,930.0,54.1,104.0,48.5,153.0,96.0,37.0,96.5,99.0,62.9,521.0,United States,12971.0,3.9,17%,55:45:00
,,Charité - Universitätsmedizin Berlin,,,,,,,,,,,,,,,,,,,,,,,,,,94,67.2,940.0,47.5,165.0,49.1,149.0,97.7,16.0,100.0,3.0,75.2,327.0,Germany,8868.0,17.5,21%,65:35:00
,,Lomonosov Moscow State University,,,,,,,,,,,,,,,,,,,,,,,,,,95,67,950.0,87.5,17.0,75.2,46.0,33.9,1352.0,91.1,155.0,73.8,354.0,Russian Federation,32680.0,9.6,37%,50:50:00
,,University of Tübingen,,,,,,,,,,,,,,,,,,,,,,,,,,95,67,960.0,49.1,142.0,56.5,106.0,89.0,138.0,99.8,45.0,72.0,375.0,Germany,21632.0,27.1,14%,59:41:00
,,KTH Royal Institute of Technology,,,,,,,,,,,,,,,,,,,,,,,,,,97,66.9,970.0,53.5,107.0,57.8,95.0,81.0,300.0,97.7,89.0,82.5,213.0,Sweden,13269.0,15.9,26%,34 : 66
,,University of Southampton,,,,,,,,,,,,,,,,,,,,,,,,,,97,66.9,980.0,48.9,143.0,50.1,140.0,92.7,82.0,73.1,368.0,96.5,26.0,United Kingdom,19920.0,13.0,35%,51:49:00
,,Erasmus University Rotterdam,,,,,,,,,,,,,,,,,,,,,,,,,,99,66.7,990.0,38.5,347.0,54.1,116.0,96.9,31.0,94.7,122.0,90.6,124.0,Netherlands,33874.0,36.0,25%,54:46:00
,,Ohio State University (Main campus),,,,,,,,,,,,,,,,,,,,,,,,,,99,66.7,1000.0,55.8,92.0,52.7,123.0,88.4,147.0,85.0,209.0,67.3,441.0,United States,55538.0,11.4,11%,51:49:00
,,University of Birmingham,,,,,,,,,,,,,,,,,,,,,,,,,,101,66.6,1010.0,46.1,185.0,49.3,147.0,95.5,42.0,72.1,383.0,95.1,45.0,United Kingdom,32625.0,15.2,32%,58:42:00
,,Free University of Berlin,,,,,,,,,,,,,,,,,,,,,,,,,,102,66.5,1020.0,52.1,117.0,59.7,86.0,82.5,272.0,71.6,394.0,82.4,214.0,Germany,25427.0,41.5,20%,63:37:00
,,University of Copenhagen,,,,,,,,,,,,,,,,,,,,,,,,,,103,66.3,1030.0,49.2,139.0,51.1,134.0,91.3,102.0,89.5,171.0,80.1,255.0,Denmark,31728.0,4.3,14%,62:38:00
,,McMaster University,,,,,,,,,,,,,,,,,,,,,,,,,,103,66.3,1040.0,43.8,225.0,51.3,133.0,93.0,76.0,100.0,17.0,87.3,162.0,Canada,28254.0,30.9,22%,56:44:00
,,University of Sheffield,,,,,,,,,,,,,,,,,,,,,,,,,,105,66.2,1050.0,48.0,161.0,49.5,144.0,92.3,88.0,77.5,297.0,92.0,100.0,United Kingdom,27860.0,15.4,40%,53:47:00
,,Emory University,,,,,,,,,,,,,,,,,,,,,,,,,,106,66.1,1060.0,53.1,109.0,45.7,183.0,95.5,43.0,81.6,241.0,69.3,414.0,United States,13127.0,4.0,19%,61:39:00
,,Lund University,,,,,,,,,,,,,,,,,,,,,,,,,,106,66.1,1070.0,46.7,178.0,56.6,104.0,86.6,181.0,99.8,41.0,79.8,258.0,Sweden,30349.0,12.0,18%,56:44:00
,,University of Warwick,,,,,,,,,,,,,,,,,,,,,,,,,,106,66.1,1080.0,48.1,159.0,52.1,126.0,89.0,139.0,70.5,418.0,96.4,28.0,United Kingdom,24905.0,14.4,44%,50:50:00
,,Aarhus University,,,,,,,,,,,,,,,,,,,,,,,,,,109,65.9,1090.0,44.9,206.0,59.0,89.0,86.3,186.0,98.7,75.0,76.3,306.0,Denmark,26996.0,13.5,9%,56:44:00
,,University of Alberta,,,,,,,,,,,,,,,,,,,,,,,,,,109,65.9,1100.0,50.1,132.0,55.5,109.0,80.9,301.0,99.9,29.0,90.7,121.0,Canada,33730.0,22.8,27%,
,,University of Adelaide,,,,,,,,,,,,,,,,,,,,,,,,,,111,65.8,1110.0,42.4,254.0,50.6,138.0,92.8,78.0,95.0,119.0,92.9,84.0,Australia,23792.0,36.4,31%,49:51:00
,,University of Göttingen,,,,,,,,,,,,,,,,,,,,,,,,,,111,65.8,1120.0,50.0,134.0,54.8,112.0,90.1,125.0,70.8,411.0,70.7,396.0,Germany,23349.0,27.4,14%,53:47:00
,,University of Montreal,,,,,,,,,,,,,,,,,,,,,,,,,,111,65.8,1130.0,51.2,124.0,54.1,118.0,81.7,289.0,96.6,98.0,87.7,154.0,Canada,39935.0,20.5,22%,
,,"University of Maryland, College Park",,,,,,,,,,,,,,,,,,,,,,,,,,114,65.7,1140.0,49.4,138.0,58.1,93.0,92.8,79.0,70.2,430.0,48.6,846.0,United States,33988.0,17.0,9%,49:51:00
,,Ghent University,,,,,,,,,,,,,,,,,,,,,,,,,,115,65.6,1150.0,47.2,173.0,59.3,88.0,85.3,201.0,99.7,46.0,65.7,467.0,Belgium,41487.0,37.6,12%,57:43:00
,,University of Bern,,,,,,,,,,,,,,,,,,,,,,,,,,116,65.4,1160.0,45.1,203.0,47.0,167.0,93.3,69.0,99.2,67.0,87.0,166.0,Switzerland,12399.0,18.2,16%,59:41:00
,,Michigan State University,,,,,,,,,,,,,,,,,,,,,,,,,,116,65.4,1170.0,54.8,102.0,52.3,125.0,86.2,189.0,70.0,432.0,71.4,387.0,United States,44514.0,16.1,11%,52:48:00
,,Texas A&M University,,,,,,,,,,,,,,,,,,,,,,,,,,118,65.3,1180.0,55.2,98.0,62.1,77.0,77.3,388.0,76.4,313.0,64.1,501.0,United States,64427.0,20.5,6%,47:53:00
,,Rice University,,,,,,,,,,,,,,,,,,,,,,,,,,119,65.2,1190.0,56.4,89.0,45.6,184.0,86.5,183.0,73.9,351.0,85.8,179.0,United States,7318.0,9.8,26%,42:58:00
,,University of Vienna,,,,,,,,,,,,,,,,,,,,,,,,,,119,65.2,1200.0,48.7,149.0,60.3,84.0,77.4,385.0,75.9,320.0,94.9,50.0,Austria,31318.0,37.4,31%,66:34:00
,,University of Helsinki,,,,,,,,,,,,,,,,,,,,,,,,,,121,65.1,1210.0,48.1,158.0,57.6,97.0,90.6,114.0,69.2,451.0,56.7,647.0,Finland,22887.0,15.9,5%,67:33:00
,,Penn State (Main campus),,,,,,,,,,,,,,,,,,,,,,,,,,122,65,1220.0,53.1,111.0,58.7,91.0,83.7,241.0,70.4,421.0,58.4,616.0,United States,45875.0,14.2,15%,48:52:00
,,University of Basel,,,,,,,,,,,,,,,,,,,,,,,,,,123,64.9,1230.0,50.8,127.0,42.9,210.0,87.7,157.0,99.4,62.0,95.4,42.0,Switzerland,8536.0,10.4,31%,56:44:00
,,University of Massachusetts,,,,,,,,,,,,,,,,,,,,,,,,,,123,64.9,1240.0,54.0,106.0,46.9,169.0,87.3,168.0,85.6,200.0,77.3,290.0,United States,63500.0,13.3,14%,50:50:00
,,Vrije Universiteit Amsterdam,,,,,,,,,,,,,,,,,,,,,,,,,,125,64.7,1250.0,40.4,297.0,51.0,137.0,93.4,68.0,91.5,151.0,84.3,197.0,Netherlands,31704.0,19.2,18%,57:43:00
,,Technical University of Denmark,,,,,,,,,,,,,,,,,,,,,,,,,,126,64.6,1260.0,50.7,129.0,47.4,162.0,83.2,257.0,99.7,52.0,92.2,98.0,Denmark,10410.0,7.7,28%,32 : 68
,,University of Oslo,,,,,,,,,,,,,,,,,,,,,,,,,,127,64.3,1270.0,45.6,197.0,50.6,139.0,92.1,91.0,72.3,379.0,75.6,319.0,Norway,20967.0,12.5,15%,66:34:00
,,University of Freiburg,,,,,,,,,,,,,,,,,,,,,,,,,,128,64.1,1280.0,46.7,177.0,51.3,132.0,86.2,188.0,100.0,9.0,74.2,346.0,Germany,19417.0,34.4,17%,53:47:00
,,University of Leeds,,,,,,,,,,,,,,,,,,,,,,,,,,129,63.9,1290.0,46.1,187.0,49.1,150.0,87.3,167.0,68.8,458.0,94.6,57.0,United Kingdom,33450.0,14.4,32%,59:41:00
,,University of Nottingham,,,,,,,,,,,,,,,,,,,,,,,,,,130,63.8,1300.0,45.6,196.0,45.9,180.0,90.6,115.0,71.2,402.0,92.8,87.0,United Kingdom,33520.0,16.0,27%,54:46:00
,,Tohoku University,,,,,,,,,,,,,,,,,,,,,,,,,,130,63.8,1310.0,67.8,48.0,66.4,61.0,53.8,924.0,99.9,37.0,58.5,613.0,Japan,17409.0,11.8,12%,28 : 72
,,University of Florida,,,,,,,,,,,,,,,,,,,,,,,,,,132,63.7,1320.0,55.5,93.0,56.7,103.0,78.3,357.0,88.9,174.0,50.9,774.0,United States,48114.0,16.7,9%,56:44:00
,,University of Rochester,,,,,,,,,,,,,,,,,,,,,,,,,,133,63.6,1330.0,50.8,128.0,42.9,211.0,88.3,150.0,89.0,173.0,81.7,229.0,United States,9855.0,7.3,34%,50:50:00
,,Trinity College Dublin,,,,,,,,,,,,,,,,,,,,,,,,,,134,63.2,1340.0,44.0,221.0,48.4,154.0,87.6,160.0,76.6,309.0,91.4,110.0,Ireland,18778.0,22.2,34%,61:39:00
,,Queen Mary University of London,,,,,,,,,,,,,,,,,,,,,,,,,,135,63.1,1350.0,37.6,376.0,42.6,216.0,97.9,14.0,73.9,350.0,98.1,7.0,United Kingdom,22205.0,14.6,45%,54:46:00
,,University of Hamburg,,,,,,,,,,,,,,,,,,,,,,,,,,136,63,1360.0,44.7,209.0,53.3,122.0,84.8,216.0,98.6,78.0,65.7,470.0,Germany,29240.0,58.5,13%,58:42:00
,,Technical University of Berlin,,,,,,,,,,,,,,,,,,,,,,,,,,136,63,1370.0,47.8,163.0,55.6,108.0,78.1,364.0,99.9,36.0,71.3,388.0,Germany,20425.0,49.6,29%,35 : 65
,,University of Colorado Boulder,,,,,,,,,,,,,,,,,,,,,,,,,,138,62.9,1380.0,46.5,182.0,51.9,127.0,88.6,145.0,82.8,231.0,56.6,650.0,United States,35844.0,16.5,8%,45:55:00
,,Maastricht University,,,,,,,,,,,,,,,,,,,,,,,,,,138,62.9,1390.0,41.4,271.0,47.1,166.0,86.1,190.0,98.1,88.0,97.4,18.0,Netherlands,21337.0,19.6,57%,60:40:00
,,Karlsruhe Institute of Technology,,,,,,,,,,,,,,,,,,,,,,,,,,140,62.8,1400.0,49.9,137.0,56.8,102.0,72.5,498.0,99.9,32.0,77.6,286.0,Germany,21448.0,20.5,25%,29 : 71
,,Radboud University Nijmegen,,,,,,,,,,,,,,,,,,,,,,,,,,140,62.8,1410.0,39.1,334.0,51.0,136.0,91.3,103.0,81.4,246.0,77.7,284.0,Netherlands,23004.0,18.2,12%,57:43:00
,,Uppsala University,,,,,,,,,,,,,,,,,,,,,,,,,,140,62.8,1420.0,43.9,223.0,55.0,111.0,81.3,296.0,97.7,92.0,74.7,336.0,Sweden,24749.0,13.3,17%,60:40:00
,,University of Lausanne,,,,,,,,,,,,,,,,,,,,,,,,,,143,62.7,1430.0,41.7,268.0,46.3,175.0,87.3,166.0,99.5,59.0,90.4,125.0,Switzerland,14478.0,10.5,23%,
,,The University of Western Australia,,,,,,,,,,,,,,,,,,,,,,,,,,143,62.7,1440.0,37.7,368.0,48.6,152.0,88.7,144.0,97.2,94.0,93.5,74.0,Australia,19382.0,22.4,26%,50:50:00
,,University of Pittsburgh-Pittsburgh campus,,,,,,,,,,,,,,,,,,,,,,,,,,145,62.5,1450.0,49.1,141.0,46.1,178.0,92.4,87.0,76.1,316.0,50.9,776.0,United States,26305.0,5.4,10%,56:44:00
,,Sungkyunkwan University (SKKU),,,,,,,,,,,,,,,,,,,,,,,,,,145,62.5,1460.0,55.5,94.0,54.2,114.0,72.9,485.0,98.8,73.0,61.3,554.0,South Korea,23402.0,19.4,19%,
,,University of York,,,,,,,,,,,,,,,,,,,,,,,,,,147,62.4,1470.0,42.4,257.0,44.8,191.0,90.8,112.0,66.9,507.0,93.1,83.0,United Kingdom,19505.0,16.1,31%,56:44:00
,,University of Technology Sydney,,,,,,,,,,,,,,,,,,,,,,,,,,148,62.3,1480.0,36.2,421.0,43.3,207.0,95.9,39.0,78.9,278.0,94.3,60.0,Australia,28223.0,37.4,25%,50:50:00
,,Pohang University of Science and Technology (POSTECH),,,,,,,,,,,,,,,,,,,,,,,,,,149,62.2,1490.0,58.1,85.0,51.5,130.0,77.2,391.0,100.0,21.0,40.0,1116.0,South Korea,3300.0,10.5,5%,
,,University of Auckland,,,,,,,,,,,,,,,,,,,,,,,,,,150,62,1500.0,39.7,316.0,45.7,182.0,88.3,148.0,95.8,109.0,89.9,129.0,New Zealand,35663.0,24.4,31%,57:43:00
,,Sichuan University,,,,,,,,,,,,,,,,,,,,,,,,,,150,62,1510.0,59.1,81.0,57.3,99.0,69.3,573.0,93.2,135.0,46.1,927.0,China,49117.0,15.9,5%,
,,University of Barcelona,,,,,,,,,,,,,,,,,,,,,,,,,,152,61.9,1520.0,42.4,255.0,47.3,163.0,91.4,100.0,83.9,218.0,65.2,481.0,Spain,44365.0,15.3,11%,64:36:00
,,National Taiwan University (NTU),,,,,,,,,,,,,,,,,,,,,,,,,,152,61.9,1530.0,57.3,88.0,54.8,113.0,70.8,544.0,99.9,33.0,51.2,766.0,Taiwan,24744.0,11.1,13%,41:59:00
,,Université Paris Cité,,,,,,,,,,,,,,,,,,,,,,,,,,152,61.9,1540.0,47.9,162.0,42.7,214.0,90.6,116.0,68.3,472.0,73.2,361.0,France,61690.0,16.9,18%,66:34:00
,,University of Arizona,,,,,,,,,,,,,,,,,,,,,,,,,,155,61.8,1550.0,48.7,147.0,51.3,131.0,85.7,193.0,84.0,217.0,47.0,889.0,United States,45517.0,19.9,7%,56:44:00
,,University of Bologna,,,,,,,,,,,,,,,,,,,,,,,,,,155,61.8,1560.0,53.0,112.0,44.6,193.0,86.5,182.0,79.4,272.0,54.3,686.0,Italy,74105.0,24.7,11%,57:43:00
,,Lancaster University,,,,,,,,,,,,,,,,,,,,,,,,,,155,61.8,1570.0,40.2,304.0,40.7,240.0,93.9,59.0,66.6,514.0,96.8,24.0,United Kingdom,15385.0,13.9,38%,51:49:00
,,Huazhong University of Science and Technology,,,,,,,,,,,,,,,,,,,,,,,,,,158,61.7,1580.0,48.8,145.0,48.1,156.0,90.0,127.0,96.9,96.0,32.9,1389.0,China,57663.0,15.5,4%,
,,University of Waterloo,,,,,,,,,,,,,,,,,,,,,,,,,,158,61.7,1590.0,42.2,261.0,49.3,148.0,83.7,243.0,78.3,286.0,89.3,133.0,Canada,36904.0,24.2,23%,47:53:00
,,University of Cologne,,,,,,,,,,,,,,,,,,,,,,,,,,160,61.5,1600.0,42.9,241.0,47.1,165.0,85.6,197.0,98.8,70.0,73.3,358.0,Germany,31299.0,28.7,17%,
,,University of Antwerp,,,,,,,,,,,,,,,,,,,,,,,,,,161,61.4,1610.0,38.2,357.0,44.4,195.0,92.5,84.0,98.4,81.0,74.7,334.0,Belgium,16168.0,31.8,17%,56:44:00
,,Dartmouth College,,,,,,,,,,,,,,,,,,,,,,,,,,161,61.4,1620.0,57.3,87.0,40.7,239.0,84.7,218.0,68.4,468.0,60.2,580.0,United States,6226.0,7.4,16%,49:51:00
,,TU Dresden,,,,,,,,,,,,,,,,,,,,,,,,,,161,61.4,1630.0,46.6,181.0,51.1,135.0,79.3,338.0,99.7,53.0,67.9,433.0,Germany,29719.0,29.4,17%,45:55:00
,,Case Western Reserve University,,,,,,,,,,,,,,,,,,,,,,,,,,164,61.3,1640.0,51.7,121.0,40.2,246.0,88.7,142.0,71.4,398.0,65.0,484.0,United States,10294.0,8.8,25%,51:49:00
,,Wuhan University,,,,,,,,,,,,,,,,,,,,,,,,,,164,61.3,1650.0,50.9,126.0,45.0,189.0,88.5,146.0,90.6,160.0,41.0,1082.0,China,56066.0,15.0,5%,
,,University of Virginia (Main campus),,,,,,,,,,,,,,,,,,,,,,,,,,166,61.1,1660.0,51.1,125.0,40.1,248.0,88.9,140.0,79.9,265.0,60.8,570.0,United States,25953.0,8.9,11%,54:46:00
,,University of Cape Town,,,,,,,,,,,,,,,,,,,,,,,,,,167,60.9,1670.0,38.7,344.0,47.0,168.0,88.3,149.0,78.2,287.0,82.9,210.0,South Africa,21961.0,13.6,13%,54:46:00
,,Université Catholique de Louvain,,,,,,,,,,,,,,,,,,,,,,,,,,168,60.8,1680.0,39.5,322.0,49.4,146.0,83.1,259.0,92.0,145.0,83.1,206.0,Belgium,25409.0,37.3,20%,54:46:00
,,Eindhoven University of Technology,,,,,,,,,,,,,,,,,,,,,,,,,,168,60.8,1690.0,47.4,169.0,51.5,129.0,71.3,528.0,100.0,7.0,87.3,161.0,Netherlands,10611.0,21.4,27%,
,,Harbin Institute of Technology,,,,,,,,,,,,,,,,,,,,,,,,,,168,60.8,1700.0,58.8,83.0,55.1,110.0,70.9,539.0,91.2,154.0,33.9,1360.0,China,30933.0,10.6,6%,
,,University of Liverpool,,,,,,,,,,,,,,,,,,,,,,,,,,168,60.8,1710.0,38.4,350.0,40.2,247.0,93.4,67.0,64.9,550.0,96.4,27.0,United Kingdom,25955.0,14.2,32%,54:46:00
,,Newcastle University,,,,,,,,,,,,,,,,,,,,,,,,,,168,60.8,1720.0,37.2,387.0,41.1,234.0,93.8,61.0,72.1,385.0,91.3,112.0,United Kingdom,25650.0,14.8,26%,53:47:00
,,Scuola Normale Superiore di Pisa,,,,,,,,,,,,,,,,,,,,,,,,,,168,60.8,1730.0,60.1,73.0,42.6,217.0,82.9,262.0,34.9,1094.0,59.3,597.0,Italy,614.0,7.4,11%,29 : 71
,,Durham University,,,,,,,,,,,,,,,,,,,,,,,,,,174,60.6,1740.0,43.5,231.0,44.5,194.0,83.5,245.0,65.6,534.0,95.8,32.0,United Kingdom,19575.0,14.0,32%,54:46:00
,,Osaka University,,,,,,,,,,,,,,,,,,,,,,,,,,175,60.4,1750.0,62.5,67.0,65.7,65.0,50.5,1008.0,100.0,20.0,51.0,773.0,Japan,22274.0,10.4,10%,32 : 68
,,University of Würzburg,,,,,,,,,,,,,,,,,,,,,,,,,,175,60.4,1760.0,40.3,301.0,43.4,206.0,90.8,111.0,99.6,58.0,63.2,514.0,Germany,23637.0,38.3,12%,59:41:00
,,Beijing Normal University,,,,,,,,,,,,,,,,,,,,,,,,,,177,60.2,1770.0,57.7,86.0,45.8,181.0,77.5,380.0,67.6,488.0,52.3,728.0,China,26439.0,14.4,9%,
,,University of Exeter,,,,,,,,,,,,,,,,,,,,,,,,,,177,60.2,1780.0,33.5,518.0,42.5,221.0,95.7,40.0,52.2,764.0,95.5,39.0,United Kingdom,27190.0,16.6,28%,53:47:00
,,University of Ottawa,,,,,,,,,,,,,,,,,,,,,,,,,,177,60.2,1790.0,39.6,320.0,46.5,174.0,84.4,226.0,80.2,261.0,86.9,169.0,Canada,38366.0,27.2,26%,59:41:00
,,Macquarie University,,,,,,,,,,,,,,,,,,,,,,,,,,180,60.1,1800.0,36.7,405.0,44.2,198.0,87.4,165.0,90.9,159.0,88.6,142.0,Australia,30371.0,51.7,22%,
,,Sapienza University of Rome,,,,,,,,,,,,,,,,,,,,,,,,,,181,60,1810.0,53.5,108.0,48.1,157.0,77.9,371.0,85.4,202.0,46.5,917.0,Italy,60522.0,22.2,9%,61:39:00
,,Arizona State University (Tempe),,,,,,,,,,,,,,,,,,,,,,,,,,182,59.9,1820.0,40.9,281.0,46.2,177.0,87.5,161.0,71.5,395.0,71.7,378.0,United States,48870.0,19.7,14%,46:54:00
,,University of Geneva,,,,,,,,,,,,,,,,,,,,,,,,,,183,59.8,1830.0,41.8,266.0,38.0,287.0,86.7,179.0,80.7,254.0,97.1,20.0,Switzerland,18865.0,8.4,40%,62:38:00
,,University of Twente,,,,,,,,,,,,,,,,,,,,,,,,,,184,59.7,1840.0,43.4,236.0,46.0,179.0,75.1,438.0,99.6,55.0,93.3,79.0,Netherlands,9964.0,13.9,38%,37 : 63
,,Stockholm University,,,,,,,,,,,,,,,,,,,,,,,,,,185,59.6,1850.0,32.1,587.0,49.6,143.0,91.0,108.0,59.2,659.0,81.2,236.0,Sweden,29774.0,20.3,13%,
,,Tongji University,,,,,,,,,,,,,,,,,,,,,,,,,,185,59.6,1860.0,50.0,136.0,53.6,120.0,69.5,569.0,85.4,204.0,67.7,437.0,China,31632.0,11.3,15%,41:59:00
,,Georgetown University,,,,,,,,,,,,,,,,,,,,,,,,,,187,59.5,1870.0,52.6,114.0,37.0,304.0,85.1,209.0,92.2,144.0,53.2,705.0,United States,17508.0,10.1,18%,55:45:00
,,University of Mannheim,,,,,,,,,,,,,,,,,,,,,,,,,,187,59.5,1880.0,36.5,413.0,45.4,186.0,90.2,124.0,93.6,132.0,63.7,507.0,Germany,7475.0,57.1,14%,52:48:00
,,Chalmers University of Technology,,,,,,,,,,,,,,,,,,,,,,,,,,189,59.4,1890.0,42.7,247.0,46.6,172.0,79.4,333.0,97.1,95.0,74.1,348.0,Sweden,10103.0,15.4,17%,32 : 68
,,Cardiff University,,,,,,,,,,,,,,,,,,,,,,,,,,190,59.3,1900.0,35.5,444.0,39.6,252.0,91.9,94.0,70.4,419.0,92.5,92.0,United Kingdom,28815.0,15.0,27%,58:42:00
,,Tokyo Institute of Technology,,,,,,,,,,,,,,,,,,,,,,,,,,191,59.2,1910.0,59.5,78.0,63.3,73.0,49.4,1031.0,100.0,28.0,60.1,581.0,Japan,9928.0,9.6,17%,0.725
,,Tufts University,,,,,,,,,,,,,,,,,,,,,,,,,,191,59.2,1920.0,51.5,122.0,35.0,350.0,87.5,164.0,71.7,392.0,62.8,525.0,United States,11611.0,10.5,16%,57:43:00
,,University of Erlangen-Nuremberg,,,,,,,,,,,,,,,,,,,,,,,,,,193,59,1930.0,42.6,250.0,48.1,155.0,79.7,327.0,100.0,8.0,61.0,562.0,Germany,29467.0,41.9,13%,51:49:00
,,University of Macau,,,,,,,,,,,,,,,,,,,,,,,,,,193,59,1940.0,38.4,351.0,38.1,285.0,90.3,121.0,61.9,614.0,93.7,68.0,Macao,10908.0,18.6,41%,54:46:00
,,University of Münster,,,,,,,,,,,,,,,,,,,,,,,,,,193,59,1950.0,43.8,226.0,47.3,164.0,83.7,240.0,81.5,244.0,53.5,702.0,Germany,27529.0,25.1,5%,
,,University of St Andrews,,,,,,,,,,,,,,,,,,,,,,,,,,193,59,1960.0,46.0,192.0,42.6,218.0,77.7,377.0,63.6,575.0,95.8,34.0,United Kingdom,10325.0,12.4,46%,58:42:00
,,Ulm University,,,,,,,,,,,,,,,,,,,,,,,,,,193,59,1970.0,40.6,292.0,41.2,233.0,87.9,156.0,99.6,56.0,63.0,518.0,Germany,10301.0,26.4,13%,51:49:00
,,Indiana University,,,,,,,,,,,,,,,,,,,,,,,,,,198,58.9,1980.0,47.3,171.0,38.4,273.0,84.9,212.0,85.8,198.0,64.7,491.0,United States,66389.0,12.3,12%,54:46:00
,,University of Notre Dame,,,,,,,,,,,,,,,,,,,,,,,,,,199,58.7,1990.0,51.9,118.0,42.6,215.0,76.1,414.0,72.9,372.0,69.9,409.0,United States,12576.0,10.9,12%,47:53:00
,,Queensland University of Technology,,,,,,,,,,,,,,,,,,,,,,,,,,199,58.7,2000.0,33.9,498.0,42.1,225.0,89.5,133.0,85.9,195.0,82.2,220.0,Australia,35164.0,37.9,14%,54:46:00
,,Ulsan National Institute of Science and Technology (UNIST),,,,,,,,,,,,,,,,,,,,,,,,,,199,58.7,2010.0,47.7,164.0,40.8,238.0,85.0,210.0,94.6,124.0,46.5,918.0,South Korea,3799.0,11.8,9%,28 : 72
,,Aalborg University,,,,,,,,,,,,,,,,,,,,,,,,,,201–250,55.9–58.6,2020.0,33.7,508.0,45.0,187.0,83.0,260.0,80.6,256.0,72.4,371.0,Denmark,17275.0,14.9,12%,
,,Aalto University,,,,,,,,,,,,,,,,,,,,,,,,,,201–250,55.9–58.6,2030.0,42.0,262.0,43.1,208.0,79.7,326.0,87.2,184.0,81.8,224.0,Finland,14427.0,20.4,23%,39 : 61
,,University of Aberdeen,,,,,,,,,,,,,,,,,,,,,,,,,,201–250,55.9–58.6,2040.0,36.4,414.0,35.8,328.0,81.8,286.0,78.9,277.0,97.5,12.0,United Kingdom,12755.0,15.3,40%,58:42:00
,,Abu Dhabi University,,,,,,,,,,,,,,,,,,,,,,,,,,201–250,55.9–58.6,2050.0,48.2,154.0,30.0,471.0,85.8,192.0,25.5,1315.0,97.8,9.0,United Arab Emirates,2506.0,10.9,60%,51:49:00
,,Autonomous University of Barcelona,,,,,,,,,,,,,,,,,,,,,,,,,,201–250,55.9–58.6,2060.0,45.1,201.0,41.4,228.0,84.8,215.0,67.6,487.0,68.8,423.0,Spain,32901.0,13.2,13%,60:40:00
,,University of Calgary,,,,,,,,,,,,,,,,,,,,,,,,,,201–250,55.9–58.6,2070.0,36.5,409.0,41.4,229.0,81.7,288.0,88.8,175.0,85.2,186.0,Canada,34012.0,18.8,24%,54:46:00
,,"University of California, Santa Cruz",,,,,,,,,,,,,,,,,,,,,,,,,,201–250,55.9–58.6,2080.0,34.9,465.0,39.8,251.0,93.3,70.0,73.2,363.0,77.9,280.0,United States,19154.0,24.2,12%,47:53:00
,,Curtin University,,,,,,,,,,,,,,,,,,,,,,,,,,201–250,55.9–58.6,2090.0,30.2,677.0,36.5,315.0,87.5,162.0,78.8,279.0,94.7,53.0,Australia,29283.0,20.8,29%,53:47:00
,,Friedrich Schiller University Jena,,,,,,,,,,,,,,,,,,,,,,,,,,201–250,55.9–58.6,2100.0,43.2,237.0,42.0,226.0,81.8,287.0,79.8,266.0,69.3,415.0,Germany,16048.0,18.9,14%,
,,George Washington University,,,,,,,,,,,,,,,,,,,,,,,,,,201–250,55.9–58.6,2110.0,48.2,155.0,35.7,329.0,86.0,191.0,67.3,492.0,66.1,462.0,United States,22211.0,13.0,14%,62:38:00
,,Goethe University Frankfurt,,,,,,,,,,,,,,,,,,,,,,,,,,201–250,55.9–58.6,2120.0,40.2,303.0,38.2,280.0,82.4,276.0,74.6,341.0,70.8,393.0,Germany,28572.0,14.5,14%,59:41:00
,,University of Gothenburg,,,,,,,,,,,,,,,,,,,,,,,,,,201–250,55.9–58.6,2130.0,34.0,491.0,43.4,205.0,90.2,123.0,75.4,328.0,65.7,469.0,Sweden,21698.0,11.9,13%,
,,University of Hawai’i at Mānoa,,,,,,,,,,,,,,,,,,,,,,,,,,201–250,55.9–58.6,2140.0,42.0,263.0,42.5,222.0,75.8,422.0,68.3,471.0,77.3,289.0,United States,14936.0,11.3,10%,57:43:00
,,University of Illinois Chicago,,,,,,,,,,,,,,,,,,,,,,,,,,201–250,55.9–58.6,2150.0,50.3,131.0,33.9,382.0,80.0,322.0,76.7,305.0,61.0,563.0,United States,28868.0,11.4,18%,54:46:00
,,Indian Institute of Science,,,,,,,,,,,,,,,,,,,,,,,,,,201–250,55.9–58.6,2160.0,62.9,65.0,57.8,94.0,53.9,918.0,96.0,105.0,31.1,1460.0,India,4495.0,9.6,1%,27 : 73
,,University of Iowa,,,,,,,,,,,,,,,,,,,,,,,,,,201–250,55.9–58.6,2170.0,46.1,186.0,37.0,305.0,79.9,324.0,88.6,177.0,55.8,664.0,United States,28583.0,10.9,6%,55:45:00
,,King Fahd University of Petroleum and Minerals,,,,,,,,,,,,,,,,,,,,,,,,,,201–250,55.9–58.6,2180.0,37.6,374.0,38.7,266.0,86.3,187.0,90.9,158.0,84.8,192.0,Saudi Arabia,6801.0,8.5,15%,0.397222222
,,Korea University,,,,,,,,,,,,,,,,,,,,,,,,,,201–250,55.9–58.6,2190.0,48.6,150.0,46.6,173.0,72.0,507.0,99.7,47.0,62.5,533.0,South Korea,22324.0,16.3,31%,
,,University of Leicester,,,,,,,,,,,,,,,,,,,,,,,,,,201–250,55.9–58.6,2200.0,33.4,527.0,34.2,372.0,95.5,44.0,67.9,482.0,95.1,46.0,United Kingdom,14000.0,13.9,31%,54:46:00
,,Université Libre de Bruxelles,,,,,,,,,,,,,,,,,,,,,,,,,,201–250,55.9–58.6,2210.0,35.8,437.0,45.0,188.0,83.5,247.0,76.4,312.0,89.6,131.0,Belgium,30287.0,51.7,30%,58:42:00
,,University of Luxembourg,,,,,,,,,,,,,,,,,,,,,,,,,,201–250,55.9–58.6,2220.0,39.6,319.0,39.4,256.0,78.1,363.0,63.0,588.0,93.2,81.0,Luxembourg,5599.0,21.3,49%,53:47:00
,,Medical University of Graz,,,,,,,,,,,,,,,,,,,,,,,,,,201–250,55.9–58.6,2230.0,32.0,590.0,33.5,389.0,91.6,99.0,94.9,120.0,81.9,223.0,Austria,4027.0,15.5,29%,54:46:00
,,Medical University of Vienna,,,,,,,,,,,,,,,,,,,,,,,,,,201–250,55.9–58.6,2240.0,40.0,308.0,28.7,500.0,93.5,65.0,94.1,126.0,81.7,228.0,Austria,7271.0,8.4,30%,54:46:00
,,University of Miami,,,,,,,,,,,,,,,,,,,,,,,,,,201–250,55.9–58.6,2250.0,48.5,153.0,34.7,357.0,83.2,252.0,80.4,258.0,67.5,439.0,United States,17060.0,10.4,14%,54:46:00
,,Moscow Institute of Physics and Technology (MIPT),,,,,,,,,,,,,,,,,,,,,,,,,,201–250,55.9–58.6,2260.0,63.5,62.0,48.8,151.0,55.1,884.0,68.6,464.0,72.7,366.0,Russian Federation,6111.0,11.6,21%,
,,Nagoya University,,,,,,,,,,,,,,,,,,,,,,,,,,201–250,55.9–58.6,2270.0,55.3,97.0,55.7,107.0,54.3,907.0,99.5,60.0,41.9,1057.0,Japan,15224.0,13.0,12%,30 : 70
,,University of Newcastle,,,,,,,,,,,,,,,,,,,,,,,,,,201–250,55.9–58.6,2280.0,33.8,502.0,38.8,264.0,85.5,199.0,76.5,310.0,83.4,204.0,Australia,24608.0,31.3,16%,57:43:00
,,"Northeastern University, US",,,,,,,,,,,,,,,,,,,,,,,,,,201–250,55.9–58.6,2290.0,40.2,305.0,33.6,388.0,93.3,71.0,68.9,457.0,83.3,205.0,United States,22269.0,14.1,32%,49:51:00
,,University of Padua,,,,,,,,,,,,,,,,,,,,,,,,,,201–250,55.9–58.6,2300.0,46.1,188.0,38.5,270.0,84.1,231.0,77.1,301.0,53.1,708.0,Italy,44401.0,26.5,7%,56:44:00
,,Politecnico di Milano,,,,,,,,,,,,,,,,,,,,,,,,,,201–250,55.9–58.6,2310.0,42.9,243.0,49.7,141.0,71.9,510.0,95.3,115.0,65.3,479.0,Italy,38978.0,25.7,19%,35 : 65
,,Pompeu Fabra University,,,,,,,,,,,,,,,,,,,,,,,,,,201–250,55.9–58.6,2320.0,35.9,432.0,38.3,277.0,90.5,119.0,78.4,284.0,74.7,335.0,Spain,12173.0,22.7,13%,61:39:00
,,University of Potsdam,,,,,,,,,,,,,,,,,,,,,,,,,,201–250,55.9–58.6,2330.0,37.3,383.0,44.7,192.0,80.4,316.0,91.0,156.0,68.5,427.0,Germany,14330.0,38.1,16%,57:43:00
,,Queen’s University Belfast,,,,,,,,,,,,,,,,,,,,,,,,,,201–250,55.9–58.6,2340.0,34.0,494.0,38.0,291.0,88.7,143.0,65.0,547.0,98.4,5.0,United Kingdom,20895.0,17.2,41%,57:43:00
,,University of Reading,,,,,,,,,,,,,,,,,,,,,,,,,,201–250,55.9–58.6,2350.0,37.5,379.0,40.6,242.0,84.1,233.0,70.8,412.0,95.5,41.0,United Kingdom,15945.0,16.6,31%,55:45:00
,,Rutgers University – New Brunswick,,,,,,,,,,,,,,,,,,,,,,,,,,201–250,55.9–58.6,2360.0,46.4,184.0,37.2,302.0,78.4,355.0,80.1,262.0,63.7,508.0,United States,46256.0,11.2,17%,53:47:00
,,Sant’Anna School of Advanced Studies – Pisa,,,,,,,,,,,,,,,,,,,,,,,,,,201–250,55.9–58.6,2370.0,50.4,130.0,39.0,262.0,80.1,318.0,90.3,163.0,60.8,568.0,Italy,718.0,7.4,20%,37 : 63
,,University of São Paulo,,,,,,,,,,,,,,,,,,,,,,,,,,201–250,55.9–58.6,2380.0,59.8,75.0,60.7,82.0,57.3,840.0,68.2,477.0,42.5,1031.0,Brazil,83182.0,13.9,2%,47:53:00
,,Southern University of Science and Technology (SUSTech),,,,,,,,,,,,,,,,,,,,,,,,,,201–250,55.9–58.6,2390.0,32.9,550.0,40.8,237.0,92.8,80.0,60.3,640.0,69.3,416.0,China,6575.0,9.0,1%,
,,Sun Yat-sen University,,,,,,,,,,,,,,,,,,,,,,,,,,201–250,55.9–58.6,2400.0,46.6,180.0,39.5,255.0,83.2,256.0,86.2,194.0,39.1,1146.0,China,61453.0,15.2,5%,48:52:00
,,University of Sussex,,,,,,,,,,,,,,,,,,,,,,,,,,201–250,55.9–58.6,2410.0,29.7,712.0,35.6,333.0,92.7,83.0,66.1,526.0,95.4,43.0,United Kingdom,17640.0,17.3,34%,55:45:00
,,Swinburne University of Technology,,,,,,,,,,,,,,,,,,,,,,,,,,201–250,55.9–58.6,2420.0,31.7,606.0,34.0,379.0,91.3,104.0,75.4,331.0,85.6,183.0,Australia,14324.0,28.5,24%,42:58:00
,,Tel Aviv University,,,,,,,,,,,,,,,,,,,,,,,,,,201–250,55.9–58.6,2430.0,40.7,288.0,49.7,142.0,83.0,261.0,76.2,314.0,52.9,719.0,Israel,24995.0,24.2,5%,57:43:00
,,Tianjin University,,,,,,,,,,,,,,,,,,,,,,,,,,201–250,55.9–58.6,2440.0,46.1,189.0,47.6,160.0,71.4,525.0,93.5,133.0,55.3,669.0,China,26486.0,8.9,13%,
,,Tilburg University,,,,,,,,,,,,,,,,,,,,,,,,,,201–250,55.9–58.6,2450.0,32.8,555.0,44.9,190.0,80.1,320.0,82.6,234.0,84.5,195.0,Netherlands,13225.0,32.2,21%,51:49:00
,,University College Dublin,,,,,,,,,,,,,,,,,,,,,,,,,,201–250,55.9–58.6,2460.0,34.3,484.0,41.3,232.0,84.0,238.0,75.1,337.0,88.1,150.0,Ireland,23405.0,20.7,25%,
,,University of Utah,,,,,,,,,,,,,,,,,,,,,,,,,,201–250,55.9–58.6,2470.0,43.5,232.0,38.5,271.0,87.0,174.0,83.5,221.0,40.9,1085.0,United States,31502.0,13.3,8%,50:50:00
,,Vrije Universiteit Brussel,,,,,,,,,,,,,,,,,,,,,,,,,,201–250,55.9–58.6,2480.0,37.8,366.0,42.6,220.0,80.9,305.0,92.4,141.0,78.5,278.0,Belgium,14931.0,35.1,23%,58:42:00
,,Western University,,,,,,,,,,,,,,,,,,,,,,,,,,201–250,55.9–58.6,2490.0,40.2,306.0,42.9,212.0,75.2,436.0,99.6,57.0,87.5,158.0,Canada,30176.0,33.0,24%,56:44:00
,,University of Wollongong,,,,,,,,,,,,,,,,,,,,,,,,,,201–250,55.9–58.6,2500.0,36.8,398.0,39.3,258.0,84.0,239.0,91.4,153.0,91.7,104.0,Australia,16328.0,26.1,22%,55:45:00
,,University of Bath,,,,,,,,,,,,,,,,,,,,,,,,,,251–300,53.1–55.8,2510.0,34.7,471.0,35.1,345.0,80.5,310.0,65.3,541.0,95.0,48.0,United Kingdom,15280.0,15.8,31%,45:55:00
,,Beijing Institute of Technology,,,,,,,,,,,,,,,,,,,,,,,,,,251–300,53.1–55.8,2520.0,45.1,202.0,44.0,200.0,74.7,443.0,82.1,237.0,36.8,1250.0,China,34050.0,13.4,8%,
,,University of Bergen,,,,,,,,,,,,,,,,,,,,,,,,,,251–300,53.1–55.8,2530.0,36.7,399.0,33.9,381.0,84.2,227.0,69.4,445.0,76.3,308.0,Norway,15751.0,13.0,11%,61:39:00
,,Boston College,,,,,,,,,,,,,,,,,,,,,,,,,,251–300,53.1–55.8,2540.0,43.5,230.0,30.5,454.0,84.6,219.0,60.7,628.0,57.8,626.0,United States,13156.0,14.9,10%,55:45:00
,,Brandeis University,,,,,,,,,,,,,,,,,,,,,,,,,,251–300,53.1–55.8,2550.0,36.7,401.0,28.3,507.0,84.6,220.0,64.2,561.0,81.4,233.0,United States,4791.0,11.6,33%,59:41:00
,,"University of California, Riverside",,,,,,,,,,,,,,,,,,,,,,,,,,251–300,53.1–55.8,2560.0,35.9,429.0,35.4,336.0,85.7,194.0,70.6,415.0,77.0,297.0,United States,25670.0,19.6,14%,53:47:00
,,Deakin University,,,,,,,,,,,,,,,,,,,,,,,,,,251–300,53.1–55.8,2570.0,28.3,785.0,34.6,359.0,91.4,101.0,72.2,381.0,85.7,180.0,Australia,40988.0,32.7,18%,60:40:00
,,University of East Anglia,,,,,,,,,,,,,,,,,,,,,,,,,,251–300,53.1–55.8,2580.0,31.1,636.0,32.0,416.0,90.9,110.0,51.6,781.0,88.7,140.0,United Kingdom,16475.0,14.3,21%,57:43:00
,,École Normale Supérieure de Lyon,,,,,,,,,,,,,,,,,,,,,,,,,,251–300,53.1–55.8,2590.0,58.5,84.0,46.8,170.0,53.9,917.0,78.5,282.0,68.0,431.0,France,2024.0,7.9,11%,43:57:00
,,Florida State University,,,,,,,,,,,,,,,,,,,,,,,,,,251–300,53.1–55.8,2600.0,38.2,358.0,38.6,269.0,79.4,334.0,68.2,475.0,58.8,610.0,United States,39831.0,24.6,6%,58:42:00
,,Griffith University,,,,,,,,,,,,,,,,,,,,,,,,,,251–300,53.1–55.8,2610.0,30.5,665.0,37.8,295.0,82.7,266.0,74.6,342.0,81.8,225.0,Australia,34770.0,31.6,15%,60:40:00
,,Heinrich Heine University Düsseldorf,,,,,,,,,,,,,,,,,,,,,,,,,,251–300,53.1–55.8,2620.0,36.7,404.0,34.5,360.0,82.3,280.0,82.2,236.0,66.8,450.0,Germany,28121.0,30.1,13%,58:42:00
,,University of Hohenheim,,,,,,,,,,,,,,,,,,,,,,,,,,251–300,53.1–55.8,2630.0,35.0,461.0,35.5,334.0,85.7,195.0,80.5,257.0,61.7,549.0,Germany,8369.0,37.7,14%,57:43:00
,,Humanitas University,,,,,,,,,,,,,,,,,,,,,,,,,,251–300,53.1–55.8,2640.0,32.3,577.0,27.9,516.0,98.0,13.0,62.8,596.0,67.1,442.0,Italy,1988.0,17.9,18%,59:41:00
,,Johannes Gutenberg University of Mainz,,,,,,,,,,,,,,,,,,,,,,,,,,251–300,53.1–55.8,2650.0,39.5,324.0,32.6,405.0,82.3,281.0,89.0,172.0,66.0,463.0,Germany,30755.0,24.1,11%,59:41:00
,,Khalifa University,,,,,,,,,,,,,,,,,,,,,,,,,,251–300,53.1–55.8,2660.0,31.7,602.0,35.9,327.0,78.4,354.0,95.6,111.0,97.4,17.0,United Arab Emirates,3289.0,9.3,41%,58:42:00
,,King Abdulaziz University,,,,,,,,,,,,,,,,,,,,,,,,,,251–300,53.1–55.8,2670.0,37.8,365.0,28.6,504.0,90.7,113.0,46.1,878.0,75.4,325.0,Saudi Arabia,60540.0,13.9,3%,50:50:00
,,University of Konstanz,,,,,,,,,,,,,,,,,,,,,,,,,,251–300,53.1–55.8,2680.0,39.8,314.0,44.4,196.0,71.5,522.0,97.4,93.0,76.4,305.0,Germany,7594.0,34.5,11%,58:42:00
,,Kyung Hee University,,,,,,,,,,,,,,,,,,,,,,,,,,251–300,53.1–55.8,2690.0,40.3,300.0,40.0,249.0,71.0,538.0,95.9,108.0,71.5,383.0,South Korea,20427.0,17.6,30%,56:44:00
,,Lappeenranta-Lahti University of Technology LUT,,,,,,,,,,,,,,,,,,,,,,,,,,251–300,53.1–55.8,2700.0,33.4,526.0,36.7,308.0,91.7,97.0,65.1,545.0,64.2,499.0,Finland,5028.0,31.6,14%,34 : 66
,,La Trobe University,,,,,,,,,,,,,,,,,,,,,,,,,,251–300,53.1–55.8,2710.0,28.9,750.0,35.4,339.0,88.1,153.0,73.8,352.0,88.2,149.0,Australia,19172.0,28.2,29%,63:37:00
,,Université Laval,,,,,,,,,,,,,,,,,,,,,,,,,,251–300,53.1–55.8,2720.0,40.7,286.0,38.7,267.0,73.7,469.0,94.2,125.0,76.2,310.0,Canada,30362.0,17.9,16%,58:42:00
,,Linköping University,,,,,,,,,,,,,,,,,,,,,,,,,,251–300,53.1–55.8,2730.0,28.3,788.0,41.3,231.0,86.4,185.0,92.8,137.0,70.7,397.0,Sweden,15233.0,14.9,15%,54:46:00
,,Loughborough University,,,,,,,,,,,,,,,,,,,,,,,,,,251–300,53.1–55.8,2740.0,36.5,412.0,34.4,368.0,77.4,383.0,70.2,429.0,91.5,108.0,United Kingdom,16110.0,13.9,25%,40 : 60
,,Macau University of Science and Technology,,,,,,,,,,,,,,,,,,,,,,,,,,251–300,53.1–55.8,2750.0,33.1,540.0,34.2,373.0,78.9,346.0,65.0,546.0,94.7,55.0,Macao,14091.0,41.8,92%,57:43:00
,,University of Malaya,,,,,,,,,,,,,,,,,,,,,,,,,,251–300,53.1–55.8,2760.0,43.4,234.0,35.4,340.0,72.6,493.0,52.5,760.0,84.7,193.0,Malaysia,19346.0,10.2,22%,55:45:00
,,Medical University of Innsbruck,,,,,,,,,,,,,,,,,,,,,,,,,,251–300,53.1–55.8,2770.0,33.2,536.0,29.3,488.0,89.6,132.0,98.6,79.0,88.3,146.0,Austria,3337.0,12.9,44%,55:45:00
,,Nankai University,,,,,,,,,,,,,,,,,,,,,,,,,,251–300,53.1–55.8,2780.0,48.8,146.0,31.4,433.0,85.3,204.0,66.5,516.0,49.3,820.0,China,31416.0,11.7,7%,
,,North Carolina State University,,,,,,,,,,,,,,,,,,,,,,,,,,251–300,53.1–55.8,2790.0,46.0,191.0,41.4,230.0,73.3,475.0,79.1,276.0,61.8,545.0,United States,31391.0,15.9,11%,49:51:00
,,University of Oulu,,,,,,,,,,,,,,,,,,,,,,,,,,251–300,53.1–55.8,2800.0,33.1,541.0,38.2,281.0,84.1,230.0,66.0,528.0,59.5,594.0,Finland,10719.0,20.8,8%,55:45:00
,,Qatar University,,,,,,,,,,,,,,,,,,,,,,,,,,251–300,53.1–55.8,2810.0,31.3,625.0,35.6,332.0,83.4,250.0,61.8,618.0,96.0,31.0,Qatar,10081.0,8.4,36%,77:23:00
,,Queen’s University,,,,,,,,,,,,,,,,,,,,,,,,,,251–300,53.1–55.8,2820.0,37.5,378.0,38.0,290.0,72.3,504.0,94.0,128.0,76.0,313.0,Canada,27034.0,25.9,16%,58:42:00
,,RCSI University of Medicine and Health Sciences,,,,,,,,,,,,,,,,,,,,,,,,,,251–300,53.1–55.8,2830.0,32.3,578.0,36.6,314.0,81.7,290.0,76.9,303.0,91.6,106.0,Ireland,2703.0,23.9,67%,
,,RMIT University,,,,,,,,,,,,,,,,,,,,,,,,,,251–300,53.1–55.8,2840.0,35.5,449.0,36.2,323.0,83.2,254.0,73.2,366.0,92.8,88.0,Australia,32574.0,24.0,34%,48:52:00
,,Ruhr University Bochum,,,,,,,,,,,,,,,,,,,,,,,,,,251–300,53.1–55.8,2850.0,39.8,315.0,46.7,171.0,72.2,506.0,85.9,196.0,60.0,584.0,Germany,37709.0,46.7,16%,50:50:00
,,Sejong University,,,,,,,,,,,,,,,,,,,,,,,,,,251–300,53.1–55.8,2860.0,31.4,622.0,34.5,362.0,94.0,58.0,73.8,353.0,68.6,425.0,South Korea,11678.0,18.9,15%,51:49:00
,,Semmelweis University,,,,,,,,,,,,,,,,,,,,,,,,,,251–300,53.1–55.8,2870.0,45.2,200.0,27.8,520.0,76.9,398.0,66.4,518.0,79.9,257.0,Hungary,9966.0,12.8,37%,69:31:00
,,Simon Fraser University,,,,,,,,,,,,,,,,,,,,,,,,,,251–300,53.1–55.8,2880.0,28.7,758.0,36.7,309.0,84.2,229.0,83.1,225.0,92.9,85.0,Canada,27269.0,26.8,31%,54:46:00
,,South China University of Technology,,,,,,,,,,,,,,,,,,,,,,,,,,251–300,53.1–55.8,2890.0,36.6,408.0,38.2,282.0,83.2,255.0,92.8,138.0,44.0,990.0,China,40449.0,12.6,6%,38 : 62
,,University of Southern Denmark,,,,,,,,,,,,,,,,,,,,,,,,,,251–300,53.1–55.8,2900.0,29.8,700.0,33.5,391.0,89.1,137.0,91.5,150.0,76.9,299.0,Denmark,18279.0,9.9,13%,52:48:00
,,University of South Florida,,,,,,,,,,,,,,,,,,,,,,,,,,251–300,53.1–55.8,2910.0,31.7,605.0,36.4,318.0,87.6,159.0,99.9,35.0,66.7,453.0,United States,40379.0,19.0,13%,
,,Stony Brook University,,,,,,,,,,,,,,,,,,,,,,,,,,251–300,53.1–55.8,2920.0,43.6,229.0,29.7,482.0,81.4,295.0,66.5,517.0,78.8,270.0,United States,25825.0,10.5,19%,54:46:00
,,University of Stuttgart,,,,,,,,,,,,,,,,,,,,,,,,,,251–300,53.1–55.8,2930.0,44.8,208.0,49.5,145.0,63.1,706.0,99.6,54.0,58.9,608.0,Germany,15152.0,25.3,20%,34 : 66
,,University of Surrey,,,,,,,,,,,,,,,,,,,,,,,,,,251–300,53.1–55.8,2940.0,31.3,626.0,34.5,363.0,88.0,155.0,73.0,369.0,96.8,25.0,United Kingdom,14630.0,16.3,33%,54:46:00
,,Università della Svizzera italiana,,,,,,,,,,,,,,,,,,,,,,,,,,251–300,53.1–55.8,2950.0,34.8,470.0,26.4,559.0,84.0,237.0,88.3,178.0,98.5,3.0,Switzerland,3714.0,14.0,67%,46:54:00
,,Swansea University,,,,,,,,,,,,,,,,,,,,,,,,,,251–300,53.1–55.8,2960.0,27.6,839.0,30.2,468.0,89.7,131.0,62.8,599.0,89.5,132.0,United Kingdom,18505.0,16.8,21%,47:53:00
,,University of Tasmania,,,,,,,,,,,,,,,,,,,,,,,,,,251–300,53.1–55.8,2970.0,31.6,609.0,38.4,276.0,82.0,285.0,70.5,417.0,90.9,118.0,Australia,16894.0,22.5,31%,60:40:00
,,Technical University of Darmstadt,,,,,,,,,,,,,,,,,,,,,,,,,,251–300,53.1–55.8,2980.0,42.4,256.0,48.1,158.0,62.6,718.0,99.8,44.0,65.4,476.0,Germany,15882.0,37.0,19%,33 : 67
,,TU Wien,,,,,,,,,,,,,,,,,,,,,,,,,,251–300,53.1–55.8,2990.0,43.8,228.0,44.1,199.0,57.6,830.0,96.2,101.0,86.7,173.0,Austria,11373.0,19.0,31%,32 : 68
,,Virginia Polytechnic Institute and State University,,,,,,,,,,,,,,,,,,,,,,,,,,251–300,53.1–55.8,3000.0,42.5,253.0,39.4,257.0,78.8,349.0,76.7,306.0,65.4,477.0,United States,37225.0,18.6,13%,44:56:00
,,Vita-Salute San Raffaele University,,,,,,,,,,,,,,,,,,,,,,,,,,251–300,53.1–55.8,3010.0,34.6,475.0,26.9,545.0,98.3,10.0,66.8,510.0,49.8,808.0,Italy,4087.0,13.9,5%,62:38:00
,,Xi’an Jiaotong University,,,,,,,,,,,,,,,,,,,,,,,,,,251–300,53.1–55.8,3020.0,46.9,176.0,48.0,159.0,70.0,558.0,98.3,86.0,37.8,1207.0,China,45764.0,14.7,7%,35 : 65
,,Beihang University,,,,,,,,,,,,,,,,,,,,,,,,,,301–350,51.1–53.0,3030.0,42.9,240.0,43.5,204.0,68.6,591.0,94.7,121.0,34.5,1333.0,China,32854.0,12.3,4%,
,,University of Bremen,,,,,,,,,,,,,,,,,,,,,,,,,,301–350,51.1–53.0,3040.0,39.8,313.0,39.0,261.0,68.8,584.0,67.2,493.0,65.0,483.0,Germany,12263.0,19.5,13%,53:47:00
,,University at Buffalo,,,,,,,,,,,,,,,,,,,,,,,,,,301–350,51.1–53.0,3050.0,39.9,309.0,34.1,375.0,76.1,411.0,74.8,339.0,71.4,386.0,United States,27086.0,17.2,12%,46:54:00
,,Catholic University of the Sacred Heart,,,,,,,,,,,,,,,,,,,,,,,,,,301–350,51.1–53.0,3060.0,35.2,455.0,30.0,472.0,89.4,134.0,74.5,343.0,52.3,730.0,Italy,28830.0,39.1,7%,71:29:00
,,"China Medical University, Taiwan",,,,,,,,,,,,,,,,,,,,,,,,,,301–350,51.1–53.0,3070.0,27.3,859.0,32.8,402.0,92.4,86.0,89.9,166.0,49.7,809.0,Taiwan,7110.0,14.7,7%,57:43:00
,,Copenhagen Business School,,,,,,,,,,,,,,,,,,,,,,,,,,301–350,51.1–53.0,3080.0,21.1,1292.0,32.3,411.0,92.1,90.0,43.8,908.0,91.5,107.0,Denmark,16785.0,27.5,23%,48:52:00
,,Dalhousie University,,,,,,,,,,,,,,,,,,,,,,,,,,301–350,51.1–53.0,3090.0,30.8,647.0,31.6,427.0,78.9,345.0,71.7,391.0,89.1,134.0,Canada,17314.0,14.7,27%,54:46:00
,,Drexel University,,,,,,,,,,,,,,,,,,,,,,,,,,301–350,51.1–53.0,3100.0,44.1,215.0,26.0,570.0,79.6,328.0,75.6,322.0,62.2,538.0,United States,16910.0,11.0,15%,51:49:00
,,University of Dundee,,,,,,,,,,,,,,,,,,,,,,,,,,301–350,51.1–53.0,3110.0,26.7,890.0,32.1,415.0,84.9,211.0,83.0,226.0,91.1,114.0,United Kingdom,14145.0,18.1,25%,65:35:00
,,East China Normal University,,,,,,,,,,,,,,,,,,,,,,,,,,301–350,51.1–53.0,3120.0,42.7,248.0,35.1,346.0,76.3,408.0,66.3,520.0,56.4,654.0,China,28787.0,14.1,8%,64:36:00
,,University of Essex,,,,,,,,,,,,,,,,,,,,,,,,,,301–350,51.1–53.0,3130.0,30.0,684.0,31.8,419.0,81.0,299.0,57.7,689.0,97.4,16.0,United Kingdom,15540.0,16.0,41%,54:46:00
,,Flinders University,,,,,,,,,,,,,,,,,,,,,,,,,,301–350,51.1–53.0,3140.0,29.2,733.0,35.4,337.0,78.4,353.0,71.0,406.0,88.9,138.0,Australia,17422.0,29.4,33%,66:34:00
,,University of Galway,,,,,,,,,,,,,,,,,,,,,,,,,,301–350,51.1–53.0,3150.0,32.9,545.0,33.8,383.0,76.7,401.0,83.0,227.0,77.6,285.0,Ireland,15734.0,26.1,16%,59:41:00
,,Université Grenoble Alpes,,,,,,,,,,,,,,,,,,,,,,,,,,301–350,51.1–53.0,3160.0,42.2,259.0,37.9,293.0,66.9,624.0,69.1,452.0,71.6,380.0,France,51244.0,18.4,17%,53:47:00
,,Hanyang University,,,,,,,,,,,,,,,,,,,,,,,,,,301–350,51.1–53.0,3170.0,45.4,199.0,40.4,245.0,62.0,735.0,99.4,65.0,66.5,456.0,South Korea,19344.0,13.2,21%,
,,Hebrew University of Jerusalem,,,,,,,,,,,,,,,,,,,,,,,,,,301–350,51.1–53.0,3180.0,46.4,183.0,36.3,320.0,68.9,581.0,71.0,407.0,46.8,896.0,Israel,19267.0,8.9,5%,58:42:00
,,Hong Kong Baptist University,,,,,,,,,,,,,,,,,,,,,,,,,,301–350,51.1–53.0,3190.0,34.0,492.0,28.9,498.0,77.2,390.0,69.6,440.0,97.8,10.0,Hong Kong,7460.0,10.2,55%,65:35:00
,,University of Innsbruck,,,,,,,,,,,,,,,,,,,,,,,,,,301–350,51.1–53.0,3200.0,34.4,480.0,33.1,401.0,70.3,553.0,79.6,269.0,94.7,54.0,Austria,15315.0,23.7,48%,55:45:00
,,University of Kiel,,,,,,,,,,,,,,,,,,,,,,,,,,301–350,51.1–53.0,3210.0,33.3,530.0,33.3,397.0,81.6,291.0,63.0,587.0,62.9,519.0,Germany,29463.0,23.9,8%,54:46:00
,,Kyushu University,,,,,,,,,,,,,,,,,,,,,,,,,,301–350,51.1–53.0,3220.0,55.0,100.0,47.5,161.0,51.2,989.0,98.4,82.0,48.8,835.0,Japan,18220.0,7.7,13%,28 : 72
,,University of Liège,,,,,,,,,,,,,,,,,,,,,,,,,,301–350,51.1–53.0,3230.0,33.5,520.0,38.7,268.0,72.7,491.0,95.5,114.0,73.6,356.0,Belgium,23545.0,29.2,20%,58:42:00
,,Montpellier University,,,,,,,,,,,,,,,,,,,,,,,,,,301–350,51.1–53.0,3240.0,38.3,355.0,35.6,331.0,74.7,446.0,68.1,479.0,68.5,426.0,France,40734.0,20.5,15%,55:45:00
,,University of Navarra,,,,,,,,,,,,,,,,,,,,,,,,,,301–350,51.1–53.0,3250.0,35.6,441.0,30.4,460.0,82.3,282.0,79.1,275.0,74.4,339.0,Spain,11969.0,14.3,26%,54:46:00
,,Northwestern Polytechnical University,,,,,,,,,,,,,,,,,,,,,,,,,,301–350,51.1–53.0,3260.0,37.4,382.0,40.6,241.0,74.7,447.0,86.7,189.0,48.4,855.0,China,36797.0,14.5,4%,25 : 75
,,Norwegian University of Science and Technology,,,,,,,,,,,,,,,,,,,,,,,,,,301–350,51.1–53.0,3270.0,36.0,426.0,38.4,274.0,74.7,448.0,67.8,484.0,66.2,461.0,Norway,37865.0,15.0,9%,49:51:00
,,Oregon Health and Science University,,,,,,,,,,,,,,,,,,,,,,,,,,301–350,51.1–53.0,3280.0,39.1,332.0,21.3,755.0,91.7,98.0,86.8,188.0,34.6,1332.0,United States,2984.0,0.9,3%,68:32:00
,,University of Otago,,,,,,,,,,,,,,,,,,,,,,,,,,301–350,51.1–53.0,3290.0,35.6,442.0,35.1,347.0,75.8,424.0,68.8,459.0,81.8,226.0,New Zealand,19350.0,20.6,16%,61:39:00
,,University of Pavia,,,,,,,,,,,,,,,,,,,,,,,,,,301–350,51.1–53.0,3300.0,37.6,375.0,32.3,412.0,82.7,267.0,80.4,259.0,50.4,793.0,Italy,17701.0,31.5,9%,54:46:00
,,University of Rome II – Tor Vergata,,,,,,,,,,,,,,,,,,,,,,,,,,301–350,51.1–53.0,3310.0,39.9,311.0,33.5,390.0,74.3,458.0,77.5,296.0,66.9,448.0,Italy,18480.0,24.0,20%,58:42:00
,,"Royal Holloway, University of London",,,,,,,,,,,,,,,,,,,,,,,,,,301–350,51.1–53.0,3320.0,31.6,608.0,29.3,489.0,79.0,344.0,63.3,581.0,94.6,58.0,United Kingdom,11290.0,16.1,31%,55:45:00
,,"St George’s, University of London",,,,,,,,,,,,,,,,,,,,,,,,,,301–350,51.1–53.0,3330.0,23.5,1113.0,25.8,580.0,93.5,66.0,66.8,509.0,79.5,260.0,United Kingdom,3725.0,13.1,18%,66:34:00
,,Sharif University of Technology,,,,,,,,,,,,,,,,,,,,,,,,,,301–350,51.1–53.0,3340.0,39.1,337.0,37.4,301.0,78.3,359.0,86.2,193.0,37.0,1241.0,Iran,9389.0,21.8,2%,26 : 74
,,University of South Australia,,,,,,,,,,,,,,,,,,,,,,,,,,301–350,51.1–53.0,3350.0,25.0,1007.0,36.8,307.0,82.5,273.0,98.3,85.0,83.5,203.0,Australia,22822.0,30.2,17%,60:40:00
,,Southeast University,,,,,,,,,,,,,,,,,,,,,,,,,,301–350,51.1–53.0,3360.0,39.9,312.0,46.3,176.0,68.4,596.0,90.4,162.0,47.6,875.0,China,39637.0,12.4,4%,36 : 64
,,Stellenbosch University,,,,,,,,,,,,,,,,,,,,,,,,,,301–350,51.1–53.0,3370.0,33.8,504.0,39.5,254.0,76.9,399.0,89.8,169.0,59.9,586.0,South Africa,25140.0,25.7,7%,56:44:00
,,University of Strathclyde,,,,,,,,,,,,,,,,,,,,,,,,,,301–350,51.1–53.0,3380.0,32.4,576.0,35.5,335.0,71.2,532.0,75.5,327.0,91.9,101.0,United Kingdom,20400.0,16.3,25%,51:49:00
,,Swedish University of Agricultural Sciences,,,,,,,,,,,,,,,,,,,,,,,,,,301–350,51.1–53.0,3390.0,34.7,472.0,34.9,352.0,78.8,348.0,85.4,203.0,54.4,685.0,Sweden,4437.0,4.7,8%,71:29:00
,,Tampere University,,,,,,,,,,,,,,,,,,,,,,,,,,301–350,51.1–53.0,3400.0,30.6,663.0,38.4,275.0,80.9,304.0,93.1,136.0,49.8,807.0,Finland,16236.0,20.7,7%,55:45:00
,,University of Tartu,,,,,,,,,,,,,,,,,,,,,,,,,,301–350,51.1–53.0,3410.0,32.8,554.0,31.8,422.0,86.5,184.0,64.1,566.0,60.7,571.0,Estonia,9694.0,9.0,12%,68:32:00
,,Universiti Teknologi Petronas,,,,,,,,,,,,,,,,,,,,,,,,,,301–350,51.1–53.0,3420.0,33.8,506.0,37.8,296.0,77.7,378.0,67.9,483.0,77.8,281.0,Malaysia,4570.0,13.1,12%,37 : 63
,,The University of Tennessee-Knoxville,,,,,,,,,,,,,,,,,,,,,,,,,,301–350,51.1–53.0,3430.0,38.0,362.0,31.6,429.0,84.5,224.0,72.9,373.0,56.1,659.0,United States,28377.0,17.0,3%,
,,University of Turku,,,,,,,,,,,,,,,,,,,,,,,,,,301–350,51.1–53.0,3440.0,31.6,610.0,34.9,353.0,83.3,251.0,67.0,499.0,52.5,726.0,Finland,13528.0,15.7,6%,63:37:00
,,United Arab Emirates University,,,,,,,,,,,,,,,,,,,,,,,,,,301–350,51.1–53.0,3450.0,27.0,878.0,34.5,364.0,83.2,258.0,77.4,299.0,89.1,136.0,United Arab Emirates,8147.0,12.6,18%,74:26:00
,,University College Cork,,,,,,,,,,,,,,,,,,,,,,,,,,301–350,51.1–53.0,3460.0,28.3,792.0,31.6,430.0,82.4,279.0,75.9,319.0,77.2,295.0,Ireland,18567.0,21.1,16%,59:41:00
,,Washington State University,,,,,,,,,,,,,,,,,,,,,,,,,,301–350,51.1–53.0,3470.0,36.9,394.0,34.5,365.0,74.8,442.0,82.9,230.0,60.3,578.0,United States,28896.0,18.8,6%,55:45:00
,,Western Sydney University,,,,,,,,,,,,,,,,,,,,,,,,,,301–350,51.1–53.0,3480.0,29.5,724.0,31.7,424.0,87.7,158.0,51.5,784.0,87.2,163.0,Australia,35590.0,41.8,21%,59:41:00
,,University of the Witwatersrand,,,,,,,,,,,,,,,,,,,,,,,,,,301–350,51.1–53.0,3490.0,33.0,544.0,42.9,213.0,72.4,502.0,81.3,249.0,76.3,309.0,South Africa,27765.0,24.4,7%,57:43:00
,,Xiamen University,,,,,,,,,,,,,,,,,,,,,,,,,,301–350,51.1–53.0,3500.0,38.0,363.0,33.5,393.0,83.7,244.0,72.1,386.0,38.4,1175.0,China,44715.0,15.1,2%,
,,Aix-Marseille University,,,,,,,,,,,,,,,,,,,,,,,,,,351–400,49.1–51.0,3510.0,43.0,238.0,27.2,532.0,71.9,508.0,63.2,582.0,76.3,307.0,France,72946.0,17.3,14%,60:40:00
,,Amirkabir University of Technology,,,,,,,,,,,,,,,,,,,,,,,,,,351–400,49.1–51.0,3520.0,34.8,468.0,33.7,385.0,77.0,394.0,85.1,207.0,38.8,1157.0,Iran,9859.0,20.2,3%,35 : 65
,,Autonomous University of Madrid,,,,,,,,,,,,,,,,,,,,,,,,,,351–400,49.1–51.0,3530.0,38.7,343.0,29.9,473.0,76.3,407.0,65.4,539.0,60.9,565.0,Spain,30227.0,13.4,15%,62:38:00
,,University of Bayreuth,,,,,,,,,,,,,,,,,,,,,,,,,,351–400,49.1–51.0,3540.0,38.0,361.0,40.8,236.0,65.0,671.0,83.4,222.0,67.7,434.0,Germany,8944.0,24.5,14%,46:54:00
,,University of Bordeaux,,,,,,,,,,,,,,,,,,,,,,,,,,351–400,49.1–51.0,3550.0,37.2,384.0,29.9,474.0,72.5,494.0,66.7,511.0,66.6,454.0,France,52643.0,21.7,14%,60:40:00
,,Brunel University London,,,,,,,,,,,,,,,,,,,,,,,,,,351–400,49.1–51.0,3560.0,25.2,986.0,26.5,555.0,80.7,307.0,60.1,642.0,98.4,4.0,United Kingdom,14130.0,17.9,40%,47:53:00
,,University of Campinas,,,,,,,,,,,,,,,,,,,,,,,,,,351–400,49.1–51.0,3570.0,50.0,133.0,45.5,185.0,54.0,913.0,65.5,537.0,40.4,1104.0,Brazil,32252.0,18.9,3%,46:54:00
,,University of Canberra,,,,,,,,,,,,,,,,,,,,,,,,,,351–400,49.1–51.0,3580.0,24.1,1073.0,31.6,426.0,82.4,275.0,40.8,959.0,88.3,145.0,Australia,11299.0,34.4,23%,56:44:00
,,Chongqing University,,,,,,,,,,,,,,,,,,,,,,,,,,351–400,49.1–51.0,3590.0,32.8,552.0,38.2,278.0,75.9,419.0,79.6,268.0,42.0,1050.0,China,42607.0,20.1,2%,
,,"City, University of London",,,,,,,,,,,,,,,,,,,,,,,,,,351–400,49.1–51.0,3600.0,27.4,848.0,30.9,446.0,78.6,351.0,61.8,616.0,95.5,38.0,United Kingdom,16080.0,19.5,45%,58:42:00
,,University of Colorado Denver/Anschutz Medical Campus,,,,,,,,,,,,,,,,,,,,,,,,,,351–400,49.1–51.0,3610.0,33.4,522.0,23.7,666.0,93.7,64.0,73.4,358.0,36.9,1247.0,United States,20208.0,4.5,7%,58:42:00
,,University of Connecticut,,,,,,,,,,,,,,,,,,,,,,,,,,351–400,49.1–51.0,3620.0,41.2,274.0,30.2,465.0,72.8,486.0,68.7,462.0,64.6,492.0,United States,28128.0,13.1,11%,53:47:00
,,Daegu Gyeongbuk Institute of Science and Technology (DGIST),,,,,,,,,,,,,,,,,,,,,,,,,,351–400,49.1–51.0,3630.0,48.8,144.0,38.9,263.0,64.8,677.0,78.1,288.0,34.5,1335.0,South Korea,742.0,6.3,4%,36 : 64
,,Edith Cowan University,,,,,,,,,,,,,,,,,,,,,,,,,,351–400,49.1–51.0,3640.0,23.7,1099.0,26.2,562.0,86.9,175.0,69.2,450.0,87.6,155.0,Australia,17965.0,29.8,24%,62:38:00
,,University of Electronic Science and Technology of China,,,,,,,,,,,,,,,,,,,,,,,,,,351–400,49.1–51.0,3650.0,34.8,469.0,35.2,344.0,80.9,302.0,85.5,201.0,33.9,1359.0,China,37498.0,15.7,3%,30 : 70
,,University of Florence,,,,,,,,,,,,,,,,,,,,,,,,,,351–400,49.1–51.0,3660.0,35.5,445.0,34.4,367.0,78.6,352.0,72.9,370.0,51.9,740.0,Italy,40535.0,24.0,10%,56:44:00
,,Free University of Bozen-Bolzano,,,,,,,,,,,,,,,,,,,,,,,,,,351–400,49.1–51.0,3670.0,31.8,595.0,22.8,693.0,85.5,198.0,45.6,885.0,78.6,275.0,Italy,4244.0,10.7,14%,67:33:00
,,University of Georgia,,,,,,,,,,,,,,,,,,,,,,,,,,351–400,49.1–51.0,3680.0,41.2,276.0,40.5,243.0,68.2,598.0,69.8,435.0,43.9,991.0,United States,37565.0,15.7,6%,58:42:00
,,Hasselt University,,,,,,,,,,,,,,,,,,,,,,,,,,351–400,49.1–51.0,3690.0,33.5,519.0,38.1,283.0,69.1,577.0,83.9,219.0,71.6,381.0,Belgium,5749.0,30.9,14%,50:50:00
,,Heriot-Watt University,,,,,,,,,,,,,,,,,,,,,,,,,,351–400,49.1–51.0,3700.0,34.3,482.0,33.4,395.0,65.2,670.0,75.1,336.0,94.8,52.0,United Kingdom,9735.0,18.2,36%,39 : 61
,,Hokkaido University,,,,,,,,,,,,,,,,,,,,,,,,,,351–400,49.1–51.0,3710.0,51.2,123.0,44.0,201.0,47.4,1071.0,95.1,117.0,47.5,876.0,Japan,17659.0,8.2,10%,29 : 71
,,Hunan University,,,,,,,,,,,,,,,,,,,,,,,,,,351–400,49.1–51.0,3720.0,28.9,748.0,30.4,458.0,92.0,92.0,75.2,333.0,32.5,1400.0,China,41481.0,17.8,2%,47:53:00
,,Illinois Institute of Technology,,,,,,,,,,,,,,,,,,,,,,,,,,351–400,49.1–51.0,3730.0,42.6,251.0,26.9,543.0,67.8,606.0,91.5,149.0,73.2,359.0,United States,6107.0,12.2,36%,37 : 63
,,Iowa State University,,,,,,,,,,,,,,,,,,,,,,,,,,351–400,49.1–51.0,3740.0,39.5,323.0,34.5,361.0,69.3,571.0,84.8,211.0,46.0,929.0,United States,28591.0,17.1,8%,46:54:00
,,James Cook University,,,,,,,,,,,,,,,,,,,,,,,,,,351–400,49.1–51.0,3750.0,28.3,787.0,30.9,447.0,79.6,330.0,58.9,664.0,77.7,283.0,Australia,9759.0,17.3,9%,66:34:00
,,Justus Liebig University Giessen,,,,,,,,,,,,,,,,,,,,,,,,,,351–400,49.1–51.0,3760.0,34.4,481.0,38.0,288.0,72.5,497.0,70.5,416.0,62.7,528.0,Germany,27184.0,42.4,11%,64:36:00
,,University of Kansas,,,,,,,,,,,,,,,,,,,,,,,,,,351–400,49.1–51.0,3770.0,42.7,249.0,25.9,574.0,73.1,478.0,79.9,264.0,58.6,611.0,United States,23410.0,9.5,7%,53:47:00
,,Koç University,,,,,,,,,,,,,,,,,,,,,,,,,,351–400,49.1–51.0,3780.0,31.8,596.0,40.5,244.0,68.9,582.0,91.9,146.0,57.4,635.0,Turkey,6427.0,19.5,9%,49:51:00
,,Leibniz University Hannover,,,,,,,,,,,,,,,,,,,,,,,,,,351–400,49.1–51.0,3790.0,38.3,354.0,41.5,227.0,62.1,730.0,81.6,242.0,58.2,619.0,Germany,19807.0,39.5,15%,44:56:00
,,University of Manitoba,,,,,,,,,,,,,,,,,,,,,,,,,,351–400,49.1–51.0,3800.0,31.8,598.0,34.7,356.0,76.3,409.0,62.3,608.0,59.1,601.0,Canada,30316.0,30.0,21%,54:46:00
,,Middle East Technical University,,,,,,,,,,,,,,,,,,,,,,,,,,351–400,49.1–51.0,3810.0,44.2,213.0,43.1,209.0,53.6,929.0,81.9,239.0,56.0,660.0,Turkey,16182.0,21.2,12%,49:51:00
,,University of Milan,,,,,,,,,,,,,,,,,,,,,,,,,,351–400,49.1–51.0,3820.0,31.3,623.0,31.8,420.0,87.3,169.0,69.5,443.0,47.2,884.0,Italy,50995.0,21.8,7%,60:40:00
,,University of Milan-Bicocca,,,,,,,,,,,,,,,,,,,,,,,,,,351–400,49.1–51.0,3830.0,27.8,817.0,26.0,571.0,91.1,106.0,66.7,512.0,47.0,890.0,Italy,29943.0,29.8,5%,62:38:00
,,Murdoch University,,,,,,,,,,,,,,,,,,,,,,,,,,351–400,49.1–51.0,3840.0,23.2,1138.0,29.6,483.0,81.4,293.0,67.2,495.0,94.2,62.0,Australia,14816.0,34.0,38%,62:38:00
,,University of Naples Federico II,,,,,,,,,,,,,,,,,,,,,,,,,,351–400,49.1–51.0,3850.0,36.7,407.0,28.3,510.0,86.9,176.0,72.0,387.0,35.4,1305.0,Italy,56127.0,19.5,2%,56:44:00
,,Peter the Great St Petersburg Polytechnic University,,,,,,,,,,,,,,,,,,,,,,,,,,351–400,49.1–51.0,3860.0,43.4,235.0,31.3,434.0,67.4,613.0,61.6,622.0,65.2,482.0,Russian Federation,16400.0,10.0,33%,42:58:00
,,Sabancı University,,,,,,,,,,,,,,,,,,,,,,,,,,351–400,49.1–51.0,3870.0,31.7,603.0,37.9,294.0,69.5,568.0,90.2,164.0,66.6,455.0,Turkey,3847.0,20.5,11%,38 : 62
,,University of St Gallen,,,,,,,,,,,,,,,,,,,,,,,,,,351–400,49.1–51.0,3880.0,33.8,503.0,21.0,770.0,81.4,294.0,66.6,515.0,93.6,71.0,Switzerland,8799.0,12.9,33%,36 : 64
,,University of Saskatchewan,,,,,,,,,,,,,,,,,,,,,,,,,,351–400,49.1–51.0,3890.0,39.0,339.0,35.1,348.0,62.9,710.0,95.8,110.0,78.9,265.0,Canada,17924.0,18.1,21%,56:44:00
,,University of Sharjah,,,,,,,,,,,,,,,,,,,,,,,,,,351–400,49.1–51.0,3900.0,20.7,1325.0,25.7,586.0,93.8,62.0,29.0,1202.0,98.8,1.0,United Arab Emirates,12848.0,18.9,51%,67:33:00
,,Shenzhen University,,,,,,,,,,,,,,,,,,,,,,,,,,351–400,49.1–51.0,3910.0,27.8,820.0,34.3,371.0,85.3,205.0,57.9,683.0,42.4,1036.0,China,35736.0,14.0,1%,49:51:00
,,Southern Medical University,,,,,,,,,,,,,,,,,,,,,,,,,,351–400,49.1–51.0,3920.0,44.1,217.0,36.7,310.0,74.8,441.0,56.4,712.0,30.4,1485.0,China,20555.0,10.7,6%,
,,University of Southern Queensland,,,,,,,,,,,,,,,,,,,,,,,,,,351–400,49.1–51.0,3930.0,28.4,783.0,25.9,575.0,88.0,154.0,46.9,866.0,81.8,227.0,Australia,11650.0,24.8,15%,63:37:00
,,Technion Israel Institute of Technology,,,,,,,,,,,,,,,,,,,,,,,,,,351–400,49.1–51.0,3940.0,37.5,380.0,34.0,380.0,66.9,625.0,68.1,481.0,71.8,377.0,Israel,15934.0,22.7,13%,40 : 60
,,Temple University,,,,,,,,,,,,,,,,,,,,,,,,,,351–400,49.1–51.0,3950.0,40.7,289.0,24.3,641.0,85.2,208.0,70.4,422.0,43.6,1000.0,United States,34069.0,12.3,6%,56:44:00
,,University of Texas at Dallas,,,,,,,,,,,,,,,,,,,,,,,,,,351–400,49.1–51.0,3960.0,29.5,723.0,28.3,511.0,84.9,213.0,72.3,380.0,62.7,531.0,United States,24679.0,21.6,15%,44:56:00
,,University of Trento,,,,,,,,,,,,,,,,,,,,,,,,,,351–400,49.1–51.0,3970.0,29.3,732.0,34.8,355.0,80.5,312.0,65.2,543.0,61.1,561.0,Italy,14100.0,18.4,7%,51:49:00
,,University of Tsukuba,,,,,,,,,,,,,,,,,,,,,,,,,,351–400,49.1–51.0,3980.0,51.8,119.0,42.6,219.0,52.3,956.0,72.9,374.0,51.3,764.0,Japan,15506.0,12.1,16%,38 : 62
,,University of Victoria,,,,,,,,,,,,,,,,,,,,,,,,,,351–400,49.1–51.0,3990.0,27.4,858.0,31.2,440.0,80.1,321.0,63.8,572.0,88.9,139.0,Canada,21486.0,23.9,21%,56:44:00
,,York University,,,,,,,,,,,,,,,,,,,,,,,,,,351–400,49.1–51.0,4000.0,28.2,800.0,32.4,410.0,78.3,360.0,69.6,442.0,79.5,261.0,Canada,44038.0,29.1,28%,55:45:00
,,"Asia University, Taiwan",,,,,,,,,,,,,,,,,,,,,,,,,,401–500,45.4–49.0,4010.0,18.3,1523.0,36.6,311.0,80.6,308.0,63.2,583.0,49.2,821.0,Taiwan,11431.0,29.5,4%,63:37:00
,,Aston University,,,,,,,,,,,,,,,,,,,,,,,,,,401–500,45.4–49.0,4020.0,22.2,1205.0,26.5,554.0,82.5,270.0,64.1,563.0,95.2,44.0,United Kingdom,12950.0,19.0,25%,48:52:00
,,Auckland University of Technology,,,,,,,,,,,,,,,,,,,,,,,,,,401–500,45.4–49.0,4030.0,23.8,1088.0,21.2,757.0,84.0,236.0,40.8,958.0,92.4,94.0,New Zealand,18592.0,17.7,46%,60:40:00
,,Australian Catholic University,,,,,,,,,,,,,,,,,,,,,,,,,,401–500,45.4–49.0,4040.0,16.8,1636.0,25.7,582.0,97.0,28.0,21.9,1440.0,80.7,244.0,Australia,23843.0,38.4,14%,76:24:00
,,Bangor University,,,,,,,,,,,,,,,,,,,,,,,,,,401–500,45.4–49.0,4050.0,27.6,829.0,25.3,594.0,72.7,489.0,64.3,559.0,88.2,147.0,United Kingdom,8130.0,14.8,23%,61:39:00
,,Bauman Moscow State Technical University,,,,,,,,,,,,,,,,,,,,,,,,,,401–500,45.4–49.0,4060.0,71.7,38.0,43.9,203.0,22.1,1635.0,51.7,779.0,59.3,596.0,Russian Federation,16061.0,6.6,18%,42:58:00
,,Bond University,,,,,,,,,,,,,,,,,,,,,,,,,,401–500,45.4–49.0,4070.0,28.2,795.0,23.1,681.0,82.5,271.0,23.1,1397.0,82.3,217.0,Australia,3170.0,11.2,34%,54:46:00
,,Bournemouth University,,,,,,,,,,,,,,,,,,,,,,,,,,401–500,45.4–49.0,4080.0,23.2,1132.0,21.1,762.0,86.7,178.0,38.4,1013.0,89.0,137.0,United Kingdom,14260.0,19.1,21%,53:47:00
,,University of Brescia,,,,,,,,,,,,,,,,,,,,,,,,,,401–500,45.4–49.0,4090.0,24.4,1048.0,19.2,854.0,89.3,135.0,62.4,604.0,44.9,962.0,Italy,14615.0,24.2,6%,47:53:00
,,Universiti Brunei Darussalam,,,,,,,,,,,,,,,,,,,,,,,,,,401–500,45.4–49.0,4100.0,28.5,770.0,28.9,497.0,76.0,416.0,22.9,1403.0,75.7,317.0,Brunei Darussalam,3503.0,11.3,14%,66:34:00
,,"University of California, Merced",,,,,,,,,,,,,,,,,,,,,,,,,,401–500,45.4–49.0,4110.0,26.2,927.0,23.9,657.0,86.8,177.0,48.1,837.0,55.0,673.0,United States,9170.0,19.6,9%,51:49:00
,,Campus Bio-Medico University of Rome,,,,,,,,,,,,,,,,,,,,,,,,,,401–500,45.4–49.0,4120.0,32.6,564.0,29.0,494.0,76.9,396.0,48.8,825.0,31.0,1464.0,Italy,2210.0,18.4,1%,62:38:00
,,University of Catania,,,,,,,,,,,,,,,,,,,,,,,,,,401–500,45.4–49.0,4130.0,32.4,572.0,22.7,697.0,81.2,297.0,59.0,662.0,34.9,1321.0,Italy,26717.0,22.2,3%,57:43:00
,,Centrale Nantes,,,,,,,,,,,,,,,,,,,,,,,,,,401–500,45.4–49.0,4140.0,40.7,285.0,33.4,394.0,50.6,1003.0,81.1,250.0,87.8,152.0,France,1678.0,14.8,39%,25 : 75
,,University of Central Florida,,,,,,,,,,,,,,,,,,,,,,,,,,401–500,45.4–49.0,4150.0,28.5,771.0,34.4,366.0,74.7,444.0,78.3,285.0,39.9,1118.0,United States,65269.0,39.1,4%,57:43:00
,,Charles Darwin University,,,,,,,,,,,,,,,,,,,,,,,,,,401–500,45.4–49.0,4160.0,24.8,1016.0,32.5,408.0,73.9,465.0,36.3,1065.0,81.6,230.0,Australia,7313.0,33.6,27%,71:29:00
,,Charles University,,,,,,,,,,,,,,,,,,,,,,,,,,401–500,45.4–49.0,4170.0,38.8,341.0,33.1,399.0,61.9,738.0,60.1,643.0,64.7,490.0,Czech Republic,51728.0,13.4,23%,62:38:00
,,Chung-Ang University,,,,,,,,,,,,,,,,,,,,,,,,,,401–500,45.4–49.0,4180.0,37.4,381.0,38.4,272.0,52.0,960.0,98.3,83.0,62.6,532.0,South Korea,18193.0,22.4,23%,
,,Claude Bernard University Lyon 1,,,,,,,,,,,,,,,,,,,,,,,,,,401–500,45.4–49.0,4190.0,40.3,298.0,27.1,537.0,65.0,672.0,71.3,400.0,63.7,506.0,France,27444.0,12.7,14%,55:45:00
,,University of Coimbra,,,,,,,,,,,,,,,,,,,,,,,,,,401–500,45.4–49.0,4200.0,31.4,619.0,38.2,279.0,59.9,785.0,78.0,290.0,54.3,687.0,Portugal,21767.0,18.4,15%,57:43:00
,,"Colorado State University, Fort Collins",,,,,,,,,,,,,,,,,,,,,,,,,,401–500,45.4–49.0,4210.0,33.4,523.0,31.7,423.0,74.4,454.0,69.4,446.0,46.6,909.0,United States,27786.0,16.2,5%,56:44:00
,,Constructor University Bremen,,,,,,,,,,,,,,,,,,,,,,,,,,401–500,45.4–49.0,4220.0,36.7,403.0,35.9,326.0,48.9,1042.0,84.7,212.0,93.5,72.0,Germany,1534.0,22.1,83%,42:58:00
,,Dalian University of Technology,,,,,,,,,,,,,,,,,,,,,,,,,,401–500,45.4–49.0,4230.0,37.0,388.0,35.0,349.0,68.1,599.0,86.8,187.0,40.2,1110.0,China,37389.0,14.5,3%,
,,University of Delaware,,,,,,,,,,,,,,,,,,,,,,,,,,401–500,45.4–49.0,4240.0,32.7,557.0,31.8,418.0,72.5,495.0,80.9,252.0,62.3,535.0,United States,21545.0,16.1,11%,57:43:00
,,Dublin City University,,,,,,,,,,,,,,,,,,,,,,,,,,401–500,45.4–49.0,4250.0,24.5,1041.0,35.2,343.0,77.1,392.0,62.8,595.0,73.9,351.0,Ireland,14325.0,26.1,12%,58:42:00
,,École des Ponts ParisTech,,,,,,,,,,,,,,,,,,,,,,,,,,401–500,45.4–49.0,4260.0,43.9,222.0,30.3,461.0,55.7,867.0,87.2,185.0,82.7,211.0,France,1992.0,8.7,39%,31 : 69
,,Federal University of Toulouse Midi-Pyrénées,,,,,,,,,,,,,,,,,,,,,,,,,,401–500,45.4–49.0,4270.0,29.4,726.0,30.2,466.0,65.7,656.0,70.2,427.0,72.6,368.0,France,111949.0,22.9,15%,56:44:00
,,Florida International University,,,,,,,,,,,,,,,,,,,,,,,,,,401–500,45.4–49.0,4280.0,31.0,640.0,29.3,487.0,74.2,461.0,61.5,623.0,51.0,771.0,United States,35006.0,22.4,9%,60:40:00
,,University of Fribourg,,,,,,,,,,,,,,,,,,,,,,,,,,401–500,45.4–49.0,4290.0,36.8,395.0,33.2,398.0,63.2,704.0,54.7,731.0,83.1,207.0,Switzerland,6961.0,16.0,15%,64:36:00
,,University of Genoa,,,,,,,,,,,,,,,,,,,,,,,,,,401–500,45.4–49.0,4300.0,36.1,422.0,28.3,509.0,78.0,366.0,73.4,359.0,47.3,879.0,Italy,21470.0,16.5,7%,58:42:00
,,George Mason University,,,,,,,,,,,,,,,,,,,,,,,,,,401–500,45.4–49.0,4310.0,29.7,704.0,27.5,527.0,82.7,265.0,62.0,613.0,59.9,585.0,United States,32959.0,18.3,11%,53:47:00
,,Georgia State University,,,,,,,,,,,,,,,,,,,,,,,,,,401–500,45.4–49.0,4320.0,35.0,460.0,25.4,591.0,72.6,492.0,65.2,542.0,57.1,639.0,United States,30821.0,15.7,7%,61:39:00
,,"Goldsmiths, University of London",,,,,,,,,,,,,,,,,,,,,,,,,,401–500,45.4–49.0,4330.0,29.2,734.0,25.2,600.0,75.4,431.0,28.9,1203.0,81.0,239.0,United Kingdom,8780.0,14.5,38%,66:34:00
,,University of Greifswald,,,,,,,,,,,,,,,,,,,,,,,,,,401–500,45.4–49.0,4340.0,35.5,446.0,29.9,475.0,73.8,468.0,60.2,641.0,57.1,640.0,Germany,10366.0,21.1,8%,59:41:00
,,University of Guelph,,,,,,,,,,,,,,,,,,,,,,,,,,401–500,45.4–49.0,4350.0,32.6,565.0,36.2,322.0,66.2,645.0,78.1,289.0,64.5,494.0,Canada,22936.0,27.3,10%,59:41:00
,,Gwangju Institute of Science and Technology (GIST),,,,,,,,,,,,,,,,,,,,,,,,,,401–500,45.4–49.0,4360.0,48.5,152.0,39.6,253.0,50.3,1016.0,99.9,31.0,43.9,992.0,South Korea,1795.0,9.5,7%,26 : 74
,,HSE University,,,,,,,,,,,,,,,,,,,,,,,,,,401–500,45.4–49.0,4370.0,34.4,479.0,44.0,202.0,57.3,838.0,56.5,708.0,51.4,758.0,Russian Federation,34656.0,18.6,12%,
,,University of Hull,,,,,,,,,,,,,,,,,,,,,,,,,,401–500,45.4–49.0,4380.0,27.4,849.0,24.3,637.0,74.3,457.0,59.8,649.0,85.4,185.0,United Kingdom,12305.0,18.0,21%,56:44:00
,,Imam Mohammad Ibn Saud Islamic University,,,,,,,,,,,,,,,,,,,,,,,,,,401–500,45.4–49.0,4390.0,43.4,233.0,23.4,672.0,65.8,655.0,21.5,1461.0,69.8,410.0,Saudi Arabia,42107.0,10.5,3%,39 : 61
,,IMT Atlantique,,,,,,,,,,,,,,,,,,,,,,,,,,401–500,45.4–49.0,4400.0,47.5,167.0,36.5,316.0,43.6,1150.0,90.5,161.0,84.8,191.0,France,1683.0,9.4,37%,25 : 75
,,Institut Agro,,,,,,,,,,,,,,,,,,,,,,,,,,401–500,45.4–49.0,4410.0,43.8,224.0,32.6,404.0,60.2,770.0,59.6,654.0,60.3,577.0,France,3117.0,10.8,13%,60:40:00
,,Iran University of Science and Technology,,,,,,,,,,,,,,,,,,,,,,,,,,401–500,45.4–49.0,4420.0,33.6,514.0,37.4,300.0,75.2,435.0,73.9,349.0,24.3,1729.0,Iran,14679.0,32.7,1%,35 : 65
,,University of Johannesburg,,,,,,,,,,,,,,,,,,,,,,,,,,401–500,45.4–49.0,4430.0,28.6,767.0,36.3,321.0,66.8,628.0,44.8,898.0,81.0,240.0,South Africa,31721.0,26.5,13%,55:45:00
,,Johannes Kepler University of Linz,,,,,,,,,,,,,,,,,,,,,,,,,,401–500,45.4–49.0,4440.0,36.8,396.0,35.4,338.0,58.2,818.0,98.7,76.0,71.7,379.0,Austria,6803.0,20.8,16%,50:50:00
,,University of Jyväskylä,,,,,,,,,,,,,,,,,,,,,,,,,,401–500,45.4–49.0,4450.0,31.4,620.0,34.1,376.0,78.2,361.0,53.0,752.0,49.7,811.0,Finland,10702.0,13.8,3%,62:38:00
,,Universiti Kebangsaan Malaysia,,,,,,,,,,,,,,,,,,,,,,,,,,401–500,45.4–49.0,4460.0,45.7,194.0,27.8,517.0,58.7,805.0,47.4,856.0,74.9,330.0,Malaysia,16764.0,10.1,18%,57:43:00
,,University of Kent,,,,,,,,,,,,,,,,,,,,,,,,,,401–500,45.4–49.0,4470.0,27.6,833.0,29.0,496.0,77.6,379.0,51.9,775.0,93.5,73.0,United Kingdom,16515.0,18.0,27%,53:47:00
,,University of Kentucky,,,,,,,,,,,,,,,,,,,,,,,,,,401–500,45.4–49.0,4480.0,41.3,272.0,30.8,448.0,71.8,515.0,70.9,410.0,46.8,897.0,United States,27540.0,11.3,3%,58:42:00
,,King Saud University,,,,,,,,,,,,,,,,,,,,,,,,,,401–500,45.4–49.0,4490.0,31.4,621.0,19.9,818.0,84.5,222.0,48.7,829.0,77.2,293.0,Saudi Arabia,50906.0,11.9,6%,43:57:00
,,University of Limerick,,,,,,,,,,,,,,,,,,,,,,,,,,401–500,45.4–49.0,4500.0,27.1,870.0,32.6,406.0,64.1,689.0,75.9,318.0,76.1,311.0,Ireland,14640.0,27.1,15%,50:50:00
,,Lincoln University,,,,,,,,,,,,,,,,,,,,,,,,,,401–500,45.4–49.0,4510.0,33.9,495.0,26.7,549.0,68.4,595.0,49.7,813.0,92.0,99.0,New Zealand,2562.0,14.5,33%,52:48:00
,,University of Lisbon,,,,,,,,,,,,,,,,,,,,,,,,,,401–500,45.4–49.0,4520.0,29.6,714.0,38.0,289.0,69.9,559.0,64.7,555.0,56.9,645.0,Portugal,49847.0,18.0,16%,53:47:00
,,University of Marburg,,,,,,,,,,,,,,,,,,,,,,,,,,401–500,45.4–49.0,4530.0,36.7,406.0,31.4,432.0,68.8,587.0,63.1,585.0,62.3,537.0,Germany,24644.0,32.7,14%,56:44:00
,,Maynooth University,,,,,,,,,,,,,,,,,,,,,,,,,,401–500,45.4–49.0,4540.0,21.1,1295.0,30.7,449.0,77.0,395.0,58.3,671.0,74.8,332.0,Ireland,11885.0,28.5,12%,56:44:00
,,Missouri University of Science and Technology,,,,,,,,,,,,,,,,,,,,,,,,,,401–500,45.4–49.0,4550.0,33.2,537.0,28.7,501.0,69.6,566.0,88.1,179.0,72.4,372.0,United States,7271.0,21.6,9%,24 : 76
,,Mizzou - University of Missouri,,,,,,,,,,,,,,,,,,,,,,,,,,401–500,45.4–49.0,4560.0,40.6,291.0,26.0,572.0,66.0,649.0,69.9,433.0,53.6,700.0,United States,25993.0,12.3,3%,55:45:00
,,University of Modena and Reggio Emilia,,,,,,,,,,,,,,,,,,,,,,,,,,401–500,45.4–49.0,4570.0,32.0,591.0,24.6,624.0,79.6,331.0,80.3,260.0,40.2,1112.0,Italy,21836.0,27.0,5%,54:46:00
,,National Research Nuclear University MEPhI,,,,,,,,,,,,,,,,,,,,,,,,,,401–500,45.4–49.0,4580.0,53.1,110.0,41.0,235.0,42.4,1177.0,57.5,693.0,78.8,267.0,Russian Federation,4993.0,9.2,28%,39 : 61
,,National Taiwan University of Science and Technology (Taiwan Tech),,,,,,,,,,,,,,,,,,,,,,,,,,401–500,45.4–49.0,4590.0,33.2,538.0,36.9,306.0,63.8,695.0,93.2,134.0,56.4,656.0,Taiwan,9221.0,18.5,19%,30 : 70
,,National Tsing Hua University,,,,,,,,,,,,,,,,,,,,,,,,,,401–500,45.4–49.0,4600.0,38.9,340.0,42.3,223.0,58.4,813.0,99.5,61.0,46.2,922.0,Taiwan,13979.0,16.2,12%,42:58:00
,,National Yang Ming Chiao Tung University,,,,,,,,,,,,,,,,,,,,,,,,,,401–500,45.4–49.0,4610.0,44.0,219.0,44.3,197.0,52.9,944.0,99.9,34.0,41.4,1069.0,Taiwan,16944.0,14.6,9%,36 : 64
,,University of Nebraska-Lincoln,,,,,,,,,,,,,,,,,,,,,,,,,,401–500,45.4–49.0,4620.0,33.8,501.0,31.1,441.0,71.5,524.0,67.0,498.0,65.9,465.0,United States,23920.0,16.6,9%,49:51:00
,,University of Neuchâtel,,,,,,,,,,,,,,,,,,,,,,,,,,401–500,45.4–49.0,4630.0,31.8,599.0,26.4,558.0,67.2,619.0,53.5,743.0,85.9,176.0,Switzerland,4379.0,11.8,21%,61:39:00
,,New Jersey Institute of Technology,,,,,,,,,,,,,,,,,,,,,,,,,,401–500,45.4–49.0,4640.0,27.4,854.0,23.5,669.0,69.2,576.0,69.8,437.0,93.6,70.0,United States,9981.0,14.5,24%,27 : 73
,,University of Oregon,,,,,,,,,,,,,,,,,,,,,,,,,,401–500,45.4–49.0,4650.0,31.1,637.0,30.5,455.0,79.4,336.0,70.2,431.0,43.2,1012.0,United States,21185.0,13.0,6%,55:45:00
,,University of Passau,,,,,,,,,,,,,,,,,,,,,,,,,,401–500,45.4–49.0,4660.0,31.5,616.0,36.5,317.0,66.5,637.0,62.2,611.0,58.2,620.0,Germany,8536.0,58.2,13%,60:40:00
,,University of Pisa,,,,,,,,,,,,,,,,,,,,,,,,,,401–500,45.4–49.0,4670.0,31.1,638.0,31.2,438.0,80.5,311.0,68.7,463.0,43.2,1013.0,Italy,31567.0,20.9,5%,52:48:00
,,University of Plymouth,,,,,,,,,,,,,,,,,,,,,,,,,,401–500,45.4–49.0,4680.0,24.4,1051.0,21.9,736.0,79.5,332.0,66.1,525.0,80.6,249.0,United Kingdom,15675.0,17.1,16%,59:41:00
,,Polytechnic University of Turin,,,,,,,,,,,,,,,,,,,,,,,,,,401–500,45.4–49.0,4690.0,29.7,706.0,30.2,467.0,73.5,473.0,85.8,199.0,53.2,706.0,Italy,30497.0,31.9,15%,30 : 70
,,Pontificia Universidad Católica de Chile,,,,,,,,,,,,,,,,,,,,,,,,,,401–500,45.4–49.0,4700.0,29.7,707.0,34.3,369.0,67.6,610.0,84.7,213.0,57.9,624.0,Chile,30448.0,15.0,3%,
,,University of Porto,,,,,,,,,,,,,,,,,,,,,,,,,,401–500,45.4–49.0,4710.0,31.3,624.0,35.4,341.0,71.1,534.0,66.3,521.0,57.9,625.0,Portugal,36386.0,16.9,17%,54:46:00
,,University of Portsmouth,,,,,,,,,,,,,,,,,,,,,,,,,,401–500,45.4–49.0,4720.0,20.0,1377.0,20.0,814.0,84.5,223.0,40.6,966.0,94.7,56.0,United Kingdom,23625.0,16.8,29%,47:53:00
,,Prince Sultan University (PSU),,,,,,,,,,,,,,,,,,,,,,,,,,401–500,45.4–49.0,4730.0,18.4,1520.0,20.5,788.0,87.0,173.0,37.8,1024.0,85.8,178.0,Saudi Arabia,5982.0,17.4,11%,56:44:00
,,Quaid-i-Azam University,,,,,,,,,,,,,,,,,,,,,,,,,,401–500,45.4–49.0,4740.0,29.7,708.0,24.1,648.0,84.2,228.0,22.9,1404.0,53.7,698.0,Pakistan,11386.0,20.3,1%,45:55:00
,,Université du Québec,,,,,,,,,,,,,,,,,,,,,,,,,,401–500,45.4–49.0,4750.0,33.7,509.0,33.8,384.0,57.2,844.0,71.5,397.0,74.3,344.0,Canada,51748.0,18.4,11%,58:42:00
,,Rensselaer Polytechnic Institute,,,,,,,,,,,,,,,,,,,,,,,,,,401–500,45.4–49.0,4760.0,34.1,490.0,30.3,463.0,60.9,760.0,89.9,167.0,78.7,273.0,United States,7496.0,15.3,20%,31 : 69
,,Royal Veterinary College,,,,,,,,,,,,,,,,,,,,,,,,,,401–500,45.4–49.0,4770.0,30.0,688.0,20.7,784.0,75.6,430.0,61.1,625.0,95.1,47.0,United Kingdom,2275.0,10.3,32%,80:20:00
,,Universiti Sains Malaysia,,,,,,,,,,,,,,,,,,,,,,,,,,401–500,45.4–49.0,4780.0,42.9,244.0,27.8,519.0,60.0,783.0,53.7,741.0,71.9,376.0,Malaysia,24850.0,12.1,28%,63:37:00
,,Saint Louis University,,,,,,,,,,,,,,,,,,,,,,,,,,401–500,45.4–49.0,4790.0,41.1,280.0,16.3,1028.0,80.9,303.0,60.6,634.0,42.0,1052.0,United States,11041.0,7.3,6%,61:39:00
,,SOAS University of London,,,,,,,,,,,,,,,,,,,,,,,,,,401–500,45.4–49.0,4800.0,42.5,252.0,36.1,324.0,60.2,776.0,15.6,1902.0,80.4,251.0,United Kingdom,4845.0,14.9,45%,65:35:00
,,University of South Carolina-Columbia,,,,,,,,,,,,,,,,,,,,,,,,,,401–500,45.4–49.0,4810.0,35.9,433.0,24.6,626.0,75.1,437.0,63.4,580.0,59.2,600.0,United States,32770.0,16.9,5%,56:44:00
,,Stevens Institute of Technology,,,,,,,,,,,,,,,,,,,,,,,,,,401–500,45.4–49.0,4820.0,26.9,881.0,25.3,599.0,74.6,452.0,62.4,606.0,80.8,243.0,United States,6393.0,18.6,30%,29 : 71
,,University of Stirling,,,,,,,,,,,,,,,,,,,,,,,,,,401–500,45.4–49.0,4830.0,23.0,1153.0,26.2,563.0,82.4,278.0,41.0,954.0,91.4,109.0,United Kingdom,10650.0,18.7,28%,64:36:00
,,Sumy State University,,,,,,,,,,,,,,,,,,,,,,,,,,401–500,45.4–49.0,4840.0,24.3,1059.0,13.5,1258.0,68.9,583.0,20.0,1533.0,63.2,513.0,Ukraine,8449.0,12.0,24%,45:55:00
,,Syracuse University,,,,,,,,,,,,,,,,,,,,,,,,,,401–500,45.4–49.0,4850.0,33.8,505.0,28.2,513.0,73.3,476.0,72.7,375.0,56.5,653.0,United States,19214.0,14.1,21%,53:47:00
,,Taipei Medical University,,,,,,,,,,,,,,,,,,,,,,,,,,401–500,45.4–49.0,4860.0,47.4,170.0,32.6,407.0,60.9,761.0,85.1,208.0,48.5,854.0,Taiwan,5993.0,8.9,10%,59:41:00
,,University of Tehran,,,,,,,,,,,,,,,,,,,,,,,,,,401–500,45.4–49.0,4870.0,37.7,367.0,28.4,506.0,71.9,512.0,60.5,636.0,33.6,1370.0,Iran,54890.0,26.6,2%,0.274305556
,,Universiti Teknologi Malaysia,,,,,,,,,,,,,,,,,,,,,,,,,,401–500,45.4–49.0,4880.0,44.1,218.0,29.3,490.0,65.0,674.0,55.0,724.0,71.5,385.0,Malaysia,20863.0,12.7,26%,45:55:00
,,Tokyo Medical and Dental University (TMDU),,,,,,,,,,,,,,,,,,,,,,,,,,401–500,45.4–49.0,4890.0,46.7,179.0,31.3,435.0,53.4,936.0,99.0,68.0,39.0,1151.0,Japan,2990.0,4.4,12%,57:43:00
,,TU Dortmund University,,,,,,,,,,,,,,,,,,,,,,,,,,401–500,45.4–49.0,4900.0,35.7,439.0,42.2,224.0,62.3,727.0,72.0,388.0,57.3,637.0,Germany,19477.0,56.0,15%,49:51:00
,,Tulane University,,,,,,,,,,,,,,,,,,,,,,,,,,401–500,45.4–49.0,4910.0,42.9,245.0,24.4,635.0,73.1,480.0,67.8,485.0,50.7,783.0,United States,12217.0,7.7,9%,60:40:00
,,University of Turin,,,,,,,,,,,,,,,,,,,,,,,,,,401–500,45.4–49.0,4920.0,23.0,1154.0,30.1,470.0,84.5,225.0,74.4,346.0,45.5,944.0,Italy,63232.0,29.5,6%,61:39:00
,,Umeå University,,,,,,,,,,,,,,,,,,,,,,,,,,401–500,45.4–49.0,4930.0,26.0,939.0,33.5,392.0,80.2,317.0,60.6,635.0,64.9,487.0,Sweden,18773.0,13.8,12%,61:39:00
,,Universiti Utara Malaysia,,,,,,,,,,,,,,,,,,,,,,,,,,401–500,45.4–49.0,4940.0,38.4,352.0,27.6,526.0,69.7,562.0,28.1,1235.0,78.7,274.0,Malaysia,12229.0,11.5,30%,73:27:00
,,University of Vaasa,,,,,,,,,,,,,,,,,,,,,,,,,,401–500,45.4–49.0,4950.0,22.0,1230.0,27.7,523.0,90.3,122.0,39.5,995.0,65.3,480.0,Finland,3927.0,18.8,4%,53:47:00
,,Verona University,,,,,,,,,,,,,,,,,,,,,,,,,,401–500,45.4–49.0,4960.0,29.6,717.0,26.2,564.0,84.1,235.0,67.0,500.0,46.0,932.0,Italy,20968.0,26.0,4%,64:36:00
,,Victoria University,,,,,,,,,,,,,,,,,,,,,,,,,,401–500,45.4–49.0,4970.0,27.4,857.0,29.9,476.0,73.1,482.0,57.2,702.0,75.5,324.0,Australia,14113.0,40.0,19%,57:43:00
,,Victoria University of Wellington,,,,,,,,,,,,,,,,,,,,,,,,,,401–500,45.4–49.0,4980.0,28.6,769.0,34.1,377.0,69.4,570.0,58.4,669.0,80.3,252.0,New Zealand,18231.0,19.4,17%,58:42:00
,,Virginia Commonwealth University,,,,,,,,,,,,,,,,,,,,,,,,,,401–500,45.4–49.0,4990.0,36.4,416.0,23.2,680.0,82.8,264.0,72.7,376.0,36.5,1260.0,United States,25944.0,10.6,3%,63:37:00
,,University of Waikato,,,,,,,,,,,,,,,,,,,,,,,,,,401–500,45.4–49.0,5000.0,26.1,931.0,31.0,444.0,74.3,459.0,72.4,377.0,89.8,130.0,New Zealand,10538.0,20.7,26%,61:39:00
,,Wake Forest University,,,,,,,,,,,,,,,,,,,,,,,,,,401–500,45.4–49.0,5010.0,39.6,321.0,22.0,732.0,80.6,309.0,78.5,283.0,38.7,1164.0,United States,8293.0,4.1,9%,54:46:00
,,Zayed University,,,,,,,,,,,,,,,,,,,,,,,,,,401–500,45.4–49.0,5020.0,28.3,794.0,25.4,593.0,85.7,196.0,35.0,1091.0,74.5,338.0,United Arab Emirates,9036.0,14.4,2%,87:13:00
,,Aberystwyth University,,,,,,,,,,,,,,,,,,,,,,,,,,501–600,41.9–45.3,5030.0,26.3,918.0,23.0,684.0,68.5,593.0,62.4,603.0,87.3,160.0,United Kingdom,6180.0,15.6,23%,51:49:00
,,Åbo Akademi University,,,,,,,,,,,,,,,,,,,,,,,,,,501–600,41.9–45.3,5040.0,29.5,718.0,31.6,425.0,59.3,794.0,67.1,496.0,68.1,429.0,Finland,5637.0,18.2,13%,60:40:00
,,Ajou University,,,,,,,,,,,,,,,,,,,,,,,,,,501–600,41.9–45.3,5050.0,35.6,440.0,37.7,297.0,52.8,945.0,92.3,142.0,48.0,866.0,South Korea,7714.0,14.9,17%,41:59:00
,,University of Alaska Fairbanks,,,,,,,,,,,,,,,,,,,,,,,,,,501–600,41.9–45.3,5060.0,34.5,476.0,31.0,442.0,63.1,705.0,47.5,852.0,70.1,405.0,United States,2829.0,7.9,6%,55:45:00
,,Alfaisal University,,,,,,,,,,,,,,,,,,,,,,,,,,501–600,41.9–45.3,5070.0,24.1,1072.0,15.2,1102.0,72.7,488.0,42.1,934.0,97.7,11.0,Saudi Arabia,3274.0,10.8,32%,56:44:00
,,American University of Beirut,,,,,,,,,,,,,,,,,,,,,,,,,,501–600,41.9–45.3,5080.0,29.7,703.0,17.9,923.0,73.5,471.0,66.0,527.0,72.9,364.0,Lebanon,8722.0,8.7,20%,49:51:00
,,Anglia Ruskin University (ARU),,,,,,,,,,,,,,,,,,,,,,,,,,501–600,41.9–45.3,5090.0,20.2,1354.0,16.3,1024.0,84.8,214.0,19.0,1586.0,94.2,61.0,United Kingdom,17200.0,24.1,41%,61:39:00
,,Anna University,,,,,,,,,,,,,,,,,,,,,,,,,,501–600,41.9–45.3,5100.0,32.0,589.0,26.3,561.0,72.4,499.0,51.0,791.0,20.4,1852.0,India,12824.0,13.1,1%,41:59:00
,,University of L’Aquila,,,,,,,,,,,,,,,,,,,,,,,,,,501–600,41.9–45.3,5110.0,32.1,582.0,22.8,692.0,73.2,477.0,70.9,409.0,36.4,1261.0,Italy,18822.0,31.7,5%,55:45:00
,,Auburn University,,,,,,,,,,,,,,,,,,,,,,,,,,501–600,41.9–45.3,5120.0,36.0,424.0,25.7,581.0,59.6,789.0,69.3,448.0,57.7,628.0,United States,27670.0,18.2,8%,50:50:00
,,Babol Noshirvani University of Technology,,,,,,,,,,,,,,,,,,,,,,,,,,501–600,41.9–45.3,5130.0,21.5,1261.0,21.5,747.0,94.4,55.0,28.4,1223.0,25.3,1688.0,Iran,5815.0,26.7,0%,34 : 66
,,Bar-Ilan University,,,,,,,,,,,,,,,,,,,,,,,,,,501–600,41.9–45.3,5140.0,30.0,683.0,34.1,374.0,54.1,911.0,85.8,197.0,46.8,894.0,Israel,19599.0,19.0,4%,61:39:00
,,Beirut Arab University,,,,,,,,,,,,,,,,,,,,,,,,,,501–600,41.9–45.3,5150.0,48.5,151.0,24.6,621.0,47.3,1073.0,18.6,1616.0,88.2,148.0,Lebanon,4834.0,10.4,21%,45:55:00
,,Ben-Gurion University of the Negev,,,,,,,,,,,,,,,,,,,,,,,,,,501–600,41.9–45.3,5160.0,34.1,488.0,30.6,450.0,59.0,802.0,71.6,393.0,34.5,1334.0,Israel,17265.0,21.3,2%,52:48:00
,,University of Bradford,,,,,,,,,,,,,,,,,,,,,,,,,,501–600,41.9–45.3,5170.0,23.3,1128.0,22.4,714.0,73.8,466.0,58.1,677.0,90.1,127.0,United Kingdom,8970.0,19.5,31%,57:43:00
,,Brighton and Sussex Medical School,,,,,,,,,,,,,,,,,,,,,,,,,,501–600,41.9–45.3,5180.0,26.6,899.0,22.0,728.0,74.4,453.0,37.8,1023.0,93.1,82.0,United Kingdom,25.0,0.3,26%,60:40:00
,,Ca’ Foscari University of Venice,,,,,,,,,,,,,,,,,,,,,,,,,,501–600,41.9–45.3,5190.0,34.2,485.0,36.3,319.0,52.8,946.0,64.7,554.0,63.0,517.0,Italy,15053.0,29.5,7%,66:34:00
,,University of Calabria,,,,,,,,,,,,,,,,,,,,,,,,,,501–600,41.9–45.3,5200.0,34.9,464.0,19.5,838.0,69.6,564.0,47.4,853.0,43.2,1006.0,Italy,12784.0,16.1,5%,62:38:00
,,University of Canterbury,,,,,,,,,,,,,,,,,,,,,,,,,,501–600,41.9–45.3,5210.0,28.6,763.0,30.9,445.0,62.4,720.0,68.2,473.0,85.1,187.0,New Zealand,16102.0,22.0,18%,52:48:00
,,Carleton University,,,,,,,,,,,,,,,,,,,,,,,,,,501–600,41.9–45.3,5220.0,22.6,1174.0,31.2,436.0,67.0,621.0,75.5,325.0,77.2,292.0,Canada,29656.0,29.4,21%,50:50:00
,,Central Queensland University,,,,,,,,,,,,,,,,,,,,,,,,,,501–600,41.9–45.3,5230.0,19.7,1398.0,26.7,548.0,76.0,417.0,39.5,994.0,65.3,478.0,Australia,12874.0,25.6,11%,65:35:00
,,"China University of Petroleum, Beijing",,,,,,,,,,,,,,,,,,,,,,,,,,501–600,41.9–45.3,5240.0,31.6,607.0,37.5,299.0,56.6,855.0,81.8,240.0,30.1,1493.0,China,18061.0,18.6,7%,
,,Complutense University of Madrid,,,,,,,,,,,,,,,,,,,,,,,,,,501–600,41.9–45.3,5250.0,40.3,299.0,29.4,485.0,58.8,803.0,52.1,768.0,46.7,901.0,Spain,59814.0,11.8,10%,62:38:00
,,Concordia University,,,,,,,,,,,,,,,,,,,,,,,,,,501–600,41.9–45.3,5260.0,25.7,956.0,29.3,486.0,66.2,644.0,66.3,519.0,86.6,174.0,Canada,36749.0,34.6,34%,50:50:00
,,University of Côte d’Azur,,,,,,,,,,,,,,,,,,,,,,,,,,501–600,41.9–45.3,5270.0,28.4,780.0,22.0,729.0,65.6,661.0,62.4,605.0,80.6,247.0,France,33024.0,20.5,20%,56:44:00
,,University of Crete,,,,,,,,,,,,,,,,,,,,,,,,,,501–600,41.9–45.3,5280.0,19.9,1378.0,25.7,583.0,76.5,403.0,64.5,557.0,47.4,877.0,Greece,14119.0,26.5,4%,63:37:00
,,University of Cyprus,,,,,,,,,,,,,,,,,,,,,,,,,,501–600,41.9–45.3,5290.0,22.5,1185.0,25.8,578.0,75.3,434.0,64.3,560.0,77.7,282.0,Cyprus,6907.0,20.0,14%,61:39:00
,,University of Denver,,,,,,,,,,,,,,,,,,,,,,,,,,501–600,41.9–45.3,5300.0,39.9,310.0,24.3,636.0,64.2,687.0,55.8,716.0,31.2,1451.0,United States,10367.0,13.6,5%,60:40:00
,,Donghua University,,,,,,,,,,,,,,,,,,,,,,,,,,501–600,41.9–45.3,5310.0,27.8,814.0,22.1,722.0,72.8,487.0,85.3,205.0,39.9,1119.0,China,23099.0,14.7,6%,44:56:00
,,University of Eastern Finland,,,,,,,,,,,,,,,,,,,,,,,,,,501–600,41.9–45.3,5320.0,28.9,746.0,31.2,437.0,69.7,561.0,67.4,490.0,48.5,851.0,Finland,12237.0,18.5,5%,67:33:00
,,Edinburgh Napier University,,,,,,,,,,,,,,,,,,,,,,,,,,501–600,41.9–45.3,5330.0,18.1,1541.0,18.4,894.0,77.9,369.0,47.7,849.0,93.7,67.0,United Kingdom,12415.0,22.4,34%,52:48:00
,,ENSTA Bretagne,,,,,,,,,,,,,,,,,,,,,,,,,,501–600,41.9–45.3,5340.0,39.4,326.0,28.6,503.0,48.1,1054.0,75.5,326.0,68.9,422.0,France,652.0,8.6,18%,26 : 74
,,University of Ferrara,,,,,,,,,,,,,,,,,,,,,,,,,,501–600,41.9–45.3,5350.0,29.6,713.0,24.9,617.0,74.3,456.0,66.9,502.0,44.7,967.0,Italy,23010.0,34.8,5%,62:38:00
,,University of Granada,,,,,,,,,,,,,,,,,,,,,,,,,,501–600,41.9–45.3,5360.0,28.5,774.0,26.6,552.0,65.7,657.0,52.2,765.0,52.6,723.0,Spain,55523.0,14.7,9%,59:41:00
,,University of Graz,,,,,,,,,,,,,,,,,,,,,,,,,,501–600,41.9–45.3,5370.0,29.2,735.0,21.8,738.0,66.9,623.0,51.2,788.0,81.3,234.0,Austria,12830.0,12.6,17%,66:34:00
,,Graz University of Technology,,,,,,,,,,,,,,,,,,,,,,,,,,501–600,41.9–45.3,5380.0,40.4,296.0,21.4,750.0,51.5,977.0,91.5,148.0,81.5,232.0,Austria,6660.0,8.2,24%,26 : 74
,,University of Greenwich,,,,,,,,,,,,,,,,,,,,,,,,,,501–600,41.9–45.3,5390.0,17.8,1567.0,17.5,940.0,81.2,298.0,40.9,956.0,97.2,19.0,United Kingdom,17095.0,21.8,46%,58:42:00
,,Hamburg University of Technology,,,,,,,,,,,,,,,,,,,,,,,,,,501–600,41.9–45.3,5400.0,37.6,371.0,24.5,628.0,53.0,942.0,79.5,270.0,61.4,550.0,Germany,4246.0,26.4,23%,29 : 71
,,University of Houston,,,,,,,,,,,,,,,,,,,,,,,,,,501–600,41.9–45.3,5410.0,33.8,499.0,29.7,481.0,65.8,654.0,70.2,428.0,50.8,778.0,United States,47963.0,26.3,7%,52:48:00
,,University of Huddersfield,,,,,,,,,,,,,,,,,,,,,,,,,,501–600,41.9–45.3,5420.0,28.3,786.0,25.0,609.0,66.3,642.0,44.4,903.0,88.4,144.0,United Kingdom,14270.0,19.8,26%,58:42:00
,,University of Iceland,,,,,,,,,,,,,,,,,,,,,,,,,,501–600,41.9–45.3,5430.0,23.4,1121.0,34.0,378.0,70.6,547.0,75.6,323.0,55.8,663.0,Iceland,9899.0,17.0,12%,68:32:00
,,Istanbul Technical University,,,,,,,,,,,,,,,,,,,,,,,,,,501–600,41.9–45.3,5440.0,35.8,436.0,36.6,312.0,51.8,970.0,87.3,183.0,45.8,937.0,Turkey,19055.0,25.8,14%,42:58:00
,,Jamia Millia Islamia,,,,,,,,,,,,,,,,,,,,,,,,,,501–600,41.9–45.3,5450.0,41.1,279.0,14.4,1164.0,75.7,425.0,37.5,1028.0,39.7,1126.0,India,10235.0,11.2,4%,52:48:00
,,Jinan University,,,,,,,,,,,,,,,,,,,,,,,,,,501–600,41.9–45.3,5460.0,25.9,943.0,22.8,694.0,73.5,472.0,43.6,911.0,63.1,515.0,China,37555.0,15.0,30%,60:40:00
,,Keele University,,,,,,,,,,,,,,,,,,,,,,,,,,501–600,41.9–45.3,5470.0,21.5,1265.0,24.6,622.0,73.3,474.0,66.1,523.0,81.3,235.0,United Kingdom,9610.0,15.8,15%,60:40:00
,,King Khalid University,,,,,,,,,,,,,,,,,,,,,,,,,,501–600,41.9–45.3,5480.0,29.8,698.0,20.1,804.0,70.3,554.0,48.6,831.0,91.0,117.0,Saudi Arabia,32078.0,8.3,16%,61:39:00
,,University of Klagenfurt,,,,,,,,,,,,,,,,,,,,,,,,,,501–600,41.9–45.3,5490.0,31.2,631.0,19.4,843.0,72.4,501.0,48.1,838.0,87.6,156.0,Austria,3479.0,10.0,31%,67:33:00
,,University of KwaZulu-Natal,,,,,,,,,,,,,,,,,,,,,,,,,,501–600,41.9–45.3,5500.0,31.5,614.0,34.8,354.0,63.7,698.0,39.7,985.0,55.9,662.0,South Africa,33039.0,27.6,2%,60:40:00
,,Kyungpook National University,,,,,,,,,,,,,,,,,,,,,,,,,,501–600,41.9–45.3,5510.0,33.2,535.0,38.1,284.0,51.5,979.0,96.2,100.0,50.2,798.0,South Korea,18432.0,20.1,14%,45:55:00
,,Lebanese American University,,,,,,,,,,,,,,,,,,,,,,,,,,501–600,41.9–45.3,5520.0,26.7,892.0,13.2,1286.0,76.4,406.0,32.8,1129.0,84.2,199.0,Lebanon,7100.0,10.1,17%,52:48:00
,,Leuphana University of Lüneburg,,,,,,,,,,,,,,,,,,,,,,,,,,501–600,41.9–45.3,5530.0,25.5,971.0,22.9,690.0,85.3,202.0,25.8,1305.0,59.8,587.0,Germany,7773.0,22.5,7%,62:38:00
,,University of Lincoln,,,,,,,,,,,,,,,,,,,,,,,,,,501–600,41.9–45.3,5540.0,19.9,1381.0,18.7,882.0,82.2,283.0,24.7,1343.0,80.2,253.0,United Kingdom,15020.0,16.1,13%,55:45:00
,,Liverpool John Moores University,,,,,,,,,,,,,,,,,,,,,,,,,,501–600,41.9–45.3,5550.0,21.6,1257.0,19.3,848.0,77.7,375.0,35.4,1084.0,83.0,209.0,United Kingdom,23200.0,18.1,16%,54:46:00
,,Mahatma Gandhi University,,,,,,,,,,,,,,,,,,,,,,,,,,501–600,41.9–45.3,5560.0,38.8,342.0,38.1,286.0,62.3,725.0,23.2,1391.0,28.1,1573.0,India,2045.0,20.5,2%,60:40:00
,,Manchester Metropolitan University,,,,,,,,,,,,,,,,,,,,,,,,,,501–600,41.9–45.3,5570.0,20.5,1336.0,18.5,888.0,77.4,384.0,57.7,690.0,80.6,248.0,United Kingdom,30985.0,17.4,19%,58:42:00
,,Massey University,,,,,,,,,,,,,,,,,,,,,,,,,,501–600,41.9–45.3,5580.0,28.7,756.0,28.2,512.0,60.5,767.0,77.6,293.0,87.5,157.0,New Zealand,17883.0,17.4,27%,64:36:00
,,Memorial University of Newfoundland,,,,,,,,,,,,,,,,,,,,,,,,,,501–600,41.9–45.3,5590.0,27.5,844.0,24.5,629.0,60.9,758.0,83.2,223.0,85.7,182.0,Canada,16318.0,15.1,23%,55:45:00
,,University of Messina,,,,,,,,,,,,,,,,,,,,,,,,,,501–600,41.9–45.3,5600.0,30.5,668.0,25.3,597.0,79.1,342.0,59.5,655.0,34.1,1352.0,Italy,13509.0,21.1,3%,63:37:00
,,Middlesex University,,,,,,,,,,,,,,,,,,,,,,,,,,501–600,41.9–45.3,5610.0,22.8,1166.0,18.5,890.0,80.0,323.0,46.8,867.0,93.4,76.0,United Kingdom,15545.0,18.3,50%,59:41:00
,,University of Mons,,,,,,,,,,,,,,,,,,,,,,,,,,501–600,41.9–45.3,5620.0,24.8,1018.0,32.5,409.0,63.9,693.0,64.0,568.0,71.5,384.0,Belgium,8132.0,28.1,18%,56:44:00
,,Nantes Université,,,,,,,,,,,,,,,,,,,,,,,,,,501–600,41.9–45.3,5630.0,29.2,736.0,25.2,602.0,67.2,618.0,64.1,564.0,55.0,674.0,France,36654.0,24.5,9%,56:44:00
,,National Cheng Kung University (NCKU),,,,,,,,,,,,,,,,,,,,,,,,,,501–600,41.9–45.3,5640.0,35.4,450.0,39.2,259.0,47.2,1075.0,100.0,18.0,40.8,1089.0,Taiwan,20971.0,15.9,11%,37 : 63
,,National and Kapodistrian University of Athens,,,,,,,,,,,,,,,,,,,,,,,,,,501–600,41.9–45.3,5650.0,22.6,1179.0,23.9,659.0,77.3,387.0,89.8,168.0,56.6,651.0,Greece,67934.0,34.0,11%,59:41:00
,,National Taiwan Normal University,,,,,,,,,,,,,,,,,,,,,,,,,,501–600,41.9–45.3,5660.0,35.0,462.0,32.0,417.0,51.4,983.0,92.7,139.0,50.4,792.0,Taiwan,10878.0,12.3,12%,
,,National Yunlin University of Science and Technology,,,,,,,,,,,,,,,,,,,,,,,,,,501–600,41.9–45.3,5670.0,20.5,1338.0,27.3,531.0,74.6,450.0,69.1,453.0,43.2,1011.0,Taiwan,9151.0,21.5,6%,43:57:00
,,Nazarbayev University,,,,,,,,,,,,,,,,,,,,,,,,,,501–600,41.9–45.3,5680.0,25.4,976.0,29.5,484.0,65.9,651.0,40.4,972.0,74.3,343.0,Kazakhstan,5847.0,13.9,3%,52:48:00
,,University of Nebraska Medical Center,,,,,,,,,,,,,,,,,,,,,,,,,,501–600,41.9–45.3,5690.0,36.9,393.0,16.4,1018.0,77.8,373.0,66.1,524.0,41.3,1071.0,United States,3318.0,2.0,7%,71:29:00
,,University of Nicosia,,,,,,,,,,,,,,,,,,,,,,,,,,501–600,41.9–45.3,5700.0,22.6,1180.0,21.0,768.0,76.1,412.0,26.3,1287.0,91.2,113.0,Cyprus,4754.0,13.0,54%,53:47:00
,,Northumbria University,,,,,,,,,,,,,,,,,,,,,,,,,,501–600,41.9–45.3,5710.0,21.5,1270.0,22.7,701.0,75.8,423.0,40.4,973.0,90.0,128.0,United Kingdom,23815.0,16.1,22%,54:46:00
,,Nottingham Trent University,,,,,,,,,,,,,,,,,,,,,,,,,,501–600,41.9–45.3,5720.0,20.7,1322.0,14.3,1179.0,84.6,221.0,37.3,1035.0,88.5,143.0,United Kingdom,32545.0,15.4,21%,55:45:00
,,NOVA University of Lisbon,,,,,,,,,,,,,,,,,,,,,,,,,,501–600,41.9–45.3,5730.0,29.5,721.0,33.7,387.0,61.5,744.0,71.5,396.0,62.0,542.0,Portugal,22140.0,17.8,20%,51:49:00
,,Polytechnic University of Bari,,,,,,,,,,,,,,,,,,,,,,,,,,501–600,41.9–45.3,5740.0,23.0,1151.0,27.6,525.0,76.9,397.0,59.9,648.0,42.5,1030.0,Italy,10460.0,43.0,1%,29 : 71
,,University of Pretoria,,,,,,,,,,,,,,,,,,,,,,,,,,501–600,41.9–45.3,5750.0,31.2,633.0,34.3,370.0,56.7,853.0,69.9,434.0,61.4,553.0,South Africa,37315.0,22.1,6%,59:41:00
,,Pusan National University,,,,,,,,,,,,,,,,,,,,,,,,,,501–600,41.9–45.3,5760.0,39.2,329.0,39.1,260.0,45.1,1115.0,86.6,190.0,37.8,1206.0,South Korea,17195.0,16.9,10%,55:45:00
,,Universiti Putra Malaysia,,,,,,,,,,,,,,,,,,,,,,,,,,501–600,41.9–45.3,5770.0,36.0,427.0,30.5,457.0,51.2,991.0,64.9,552.0,80.7,246.0,Malaysia,19001.0,11.3,27%,65:35:00
,,Rovira i Virgili University,,,,,,,,,,,,,,,,,,,,,,,,,,501–600,41.9–45.3,5780.0,27.4,855.0,24.3,639.0,68.1,601.0,49.7,815.0,58.9,606.0,Spain,13656.0,13.3,13%,60:40:00
,,Rush University,,,,,,,,,,,,,,,,,,,,,,,,,,501–600,41.9–45.3,5790.0,41.3,273.0,14.2,1191.0,78.0,368.0,56.0,714.0,28.9,1547.0,United States,2848.0,2.1,1%,76:24:00
,,University of Salerno,,,,,,,,,,,,,,,,,,,,,,,,,,501–600,41.9–45.3,5800.0,21.9,1242.0,24.4,634.0,79.2,340.0,52.4,762.0,37.4,1223.0,Italy,26142.0,26.5,2%,55:45:00
,,Sciences Po,,,,,,,,,,,,,,,,,,,,,,,,,,501–600,41.9–45.3,5810.0,32.4,575.0,25.6,588.0,60.1,777.0,17.2,1739.0,84.6,194.0,France,12445.0,42.6,32%,63:37:00
,,Shanghai University,,,,,,,,,,,,,,,,,,,,,,,,,,501–600,41.9–45.3,5820.0,31.8,600.0,38.0,292.0,62.7,712.0,71.3,401.0,42.9,1020.0,China,38015.0,13.0,6%,51:49:00
,,Shiraz University of Technology,,,,,,,,,,,,,,,,,,,,,,,,,,501–600,41.9–45.3,5830.0,37.0,389.0,22.8,695.0,77.7,376.0,32.6,1135.0,33.7,1364.0,Iran,1372.0,12.9,0%,39 : 61
,,Shoolini University of Biotechnology and Management Sciences,,,,,,,,,,,,,,,,,,,,,,,,,,501–600,41.9–45.3,5840.0,27.6,836.0,17.9,926.0,85.2,207.0,17.7,1689.0,70.0,407.0,India,3251.0,15.3,1%,47:53:00
,,University of Siena,,,,,,,,,,,,,,,,,,,,,,,,,,501–600,41.9–45.3,5850.0,25.0,1006.0,25.6,589.0,75.9,421.0,74.9,338.0,48.7,843.0,Italy,13115.0,18.1,10%,63:37:00
,,"Soochow University, China",,,,,,,,,,,,,,,,,,,,,,,,,,501–600,41.9–45.3,5860.0,27.7,826.0,24.3,640.0,79.8,325.0,75.6,324.0,30.6,1476.0,China,47295.0,15.8,3%,52:48:00
,,Southern Cross University,,,,,,,,,,,,,,,,,,,,,,,,,,501–600,41.9–45.3,5870.0,23.5,1114.0,27.7,521.0,65.4,669.0,52.8,757.0,73.7,355.0,Australia,10381.0,48.7,23%,66:34:00
,,University of the Sunshine Coast,,,,,,,,,,,,,,,,,,,,,,,,,,501–600,41.9–45.3,5880.0,20.9,1310.0,27.7,522.0,70.2,556.0,37.3,1038.0,69.1,419.0,Australia,11542.0,29.8,13%,69:31:00
,,University of Tabriz,,,,,,,,,,,,,,,,,,,,,,,,,,501–600,41.9–45.3,5890.0,26.7,896.0,23.4,673.0,80.1,319.0,43.1,920.0,40.8,1091.0,Iran,20177.0,26.7,4%,52:48:00
,,Tabriz University of Medical Sciences,,,,,,,,,,,,,,,,,,,,,,,,,,501–600,41.9–45.3,5900.0,43.0,239.0,15.1,1117.0,73.1,479.0,29.9,1186.0,30.2,1492.0,Iran,8065.0,9.3,2%,54:46:00
,,Taif University,,,,,,,,,,,,,,,,,,,,,,,,,,501–600,41.9–45.3,5910.0,18.3,1532.0,17.8,931.0,84.1,234.0,20.9,1488.0,75.6,321.0,Saudi Arabia,36059.0,19.4,3%,55:45:00
,,The University of Texas at San Antonio,,,,,,,,,,,,,,,,,,,,,,,,,,501–600,41.9–45.3,5920.0,21.0,1303.0,22.5,712.0,79.2,341.0,63.6,576.0,42.8,1024.0,United States,28469.0,26.4,3%,52:48:00
,,Tomsk State University,,,,,,,,,,,,,,,,,,,,,,,,,,501–600,41.9–45.3,5930.0,49.2,140.0,40.0,250.0,31.8,1405.0,53.8,740.0,79.1,263.0,Russian Federation,7930.0,11.6,37%,
,,University of Trieste,,,,,,,,,,,,,,,,,,,,,,,,,,501–600,41.9–45.3,5940.0,31.9,593.0,25.1,608.0,74.2,462.0,52.3,763.0,52.0,739.0,Italy,17196.0,26.0,7%,57:43:00
,,TU Braunschweig,,,,,,,,,,,,,,,,,,,,,,,,,,501–600,41.9–45.3,5950.0,34.5,478.0,24.0,655.0,61.5,745.0,77.0,302.0,60.6,573.0,Germany,18384.0,19.6,18%,41:59:00
,,The University of Tulsa,,,,,,,,,,,,,,,,,,,,,,,,,,501–600,41.9–45.3,5960.0,36.1,423.0,17.2,958.0,71.9,513.0,52.9,755.0,44.6,972.0,United States,4110.0,10.8,9%,49:51:00
,,UiT The Arctic University of Norway,,,,,,,,,,,,,,,,,,,,,,,,,,501–600,41.9–45.3,5970.0,27.7,827.0,22.1,726.0,68.8,588.0,54.0,739.0,65.6,474.0,Norway,15114.0,10.6,8%,57:43:00
,,University of Ulsan,,,,,,,,,,,,,,,,,,,,,,,,,,501–600,41.9–45.3,5980.0,29.4,729.0,26.6,553.0,69.0,580.0,86.6,191.0,25.2,1698.0,South Korea,12223.0,10.8,4%,48:52:00
,,University of Valencia,,,,,,,,,,,,,,,,,,,,,,,,,,501–600,41.9–45.3,5990.0,28.9,751.0,25.6,590.0,75.7,426.0,58.2,676.0,49.2,824.0,Spain,49165.0,13.7,9%,60:40:00
,,Wayne State University,,,,,,,,,,,,,,,,,,,,,,,,,,501–600,41.9–45.3,6000.0,36.4,417.0,20.4,795.0,70.2,557.0,79.3,273.0,41.8,1062.0,United States,22523.0,13.0,5%,61:39:00
,,University of the West of England,,,,,,,,,,,,,,,,,,,,,,,,,,501–600,41.9–45.3,6010.0,19.5,1426.0,15.0,1128.0,82.6,269.0,30.2,1178.0,78.6,277.0,United Kingdom,26890.0,15.9,25%,52:48:00
,,University of Windsor,,,,,,,,,,,,,,,,,,,,,,,,,,501–600,41.9–45.3,6020.0,28.7,761.0,29.8,478.0,56.7,854.0,60.7,630.0,90.8,120.0,Canada,14849.0,34.1,35%,
,,University of Wuppertal,,,,,,,,,,,,,,,,,,,,,,,,,,501–600,41.9–45.3,6030.0,29.8,702.0,29.8,479.0,67.3,616.0,64.6,556.0,55.0,676.0,Germany,14699.0,35.4,10%,54:46:00
,,Yangzhou University,,,,,,,,,,,,,,,,,,,,,,,,,,501–600,41.9–45.3,6040.0,32.8,556.0,24.6,627.0,64.9,675.0,66.7,513.0,54.0,694.0,China,29221.0,12.5,13%,63:37:00
,,Abdul Wali Khan University Mardan,,,,,,,,,,,,,,,,,,,,,,,,,,601–800,37.0–41.8,6050.0,18.4,1512.0,12.6,1343.0,80.4,313.0,21.8,1446.0,49.0,826.0,Pakistan,11681.0,22.8,0%,26 : 74
,,Air University,,,,,,,,,,,,,,,,,,,,,,,,,,601–800,37.0–41.8,6060.0,24.2,1065.0,12.5,1356.0,81.5,292.0,39.5,993.0,48.7,839.0,Pakistan,7806.0,12.8,0%,34 : 66
,,The University of Aizu,,,,,,,,,,,,,,,,,,,,,,,,,,601–800,37.0–41.8,6070.0,26.6,898.0,13.8,1220.0,58.6,807.0,63.7,573.0,82.6,212.0,Japan,1221.0,11.5,12%,0.520138889
,,The University of Alabama,,,,,,,,,,,,,,,,,,,,,,,,,,601–800,37.0–41.8,6080.0,26.0,932.0,21.2,756.0,64.4,683.0,46.6,872.0,39.3,1137.0,United States,34810.0,21.6,4%,57:43:00
,,Alagappa University,,,,,,,,,,,,,,,,,,,,,,,,,,601–800,37.0–41.8,6090.0,34.8,467.0,12.8,1318.0,64.8,676.0,23.2,1388.0,44.4,974.0,India,5020.0,15.8,0%,62:38:00
,,Aligarh Muslim University,,,,,,,,,,,,,,,,,,,,,,,,,,601–800,37.0–41.8,6100.0,41.1,277.0,14.0,1202.0,61.6,740.0,34.3,1104.0,38.2,1180.0,India,20428.0,12.0,1%,40 : 60
,,Amedeo Avogadro University of Eastern Piedmont,,,,,,,,,,,,,,,,,,,,,,,,,,601–800,37.0–41.8,6110.0,12.7,1856.0,23.5,668.0,71.3,527.0,47.1,861.0,48.2,858.0,Italy,14981.0,40.8,7%,61:39:00
,,American University,,,,,,,,,,,,,,,,,,,,,,,,,,601–800,37.0–41.8,6120.0,35.2,454.0,17.1,959.0,57.2,842.0,38.5,1010.0,46.5,914.0,United States,12771.0,12.0,12%,62:38:00
,,American University of Sharjah,,,,,,,,,,,,,,,,,,,,,,,,,,601–800,37.0–41.8,6130.0,24.5,1040.0,26.3,560.0,57.9,824.0,27.9,1236.0,88.6,141.0,United Arab Emirates,4737.0,12.5,74%,54:46:00
,,University of Arkansas,,,,,,,,,,,,,,,,,,,,,,,,,,601–800,37.0–41.8,6140.0,27.4,847.0,30.5,453.0,62.6,714.0,67.3,491.0,36.2,1266.0,United States,25318.0,18.6,4%,55:45:00
,,University of Aveiro,,,,,,,,,,,,,,,,,,,,,,,,,,601–800,37.0–41.8,6150.0,27.1,866.0,30.2,464.0,57.3,835.0,48.1,836.0,48.6,844.0,Portugal,13563.0,16.3,11%,54:46:00
,,Babol University of Medical Sciences,,,,,,,,,,,,,,,,,,,,,,,,,,601–800,37.0–41.8,6160.0,41.7,267.0,12.0,1405.0,70.5,551.0,18.0,1662.0,21.0,1840.0,Iran,4135.0,11.7,0%,57:43:00
,,Banaras Hindu University,,,,,,,,,,,,,,,,,,,,,,,,,,601–800,37.0–41.8,6170.0,47.2,172.0,16.4,1012.0,66.4,640.0,26.8,1266.0,25.0,1702.0,India,12620.0,8.0,3%,43:57:00
,,University of Bari Aldo Moro,,,,,,,,,,,,,,,,,,,,,,,,,,601–800,37.0–41.8,6180.0,19.8,1386.0,21.8,737.0,78.3,356.0,57.8,685.0,37.5,1216.0,Italy,30486.0,20.0,2%,62:38:00
,,University of the Basque Country,,,,,,,,,,,,,,,,,,,,,,,,,,601–800,37.0–41.8,6190.0,27.0,873.0,23.9,656.0,65.8,652.0,65.5,536.0,46.2,921.0,Spain,38301.0,13.8,5%,55:45:00
,,Baylor University,,,,,,,,,,,,,,,,,,,,,,,,,,601–800,37.0–41.8,6200.0,39.2,328.0,19.7,828.0,61.3,746.0,54.8,728.0,38.6,1165.0,United States,20859.0,19.0,6%,61:39:00
,,University of Beira Interior,,,,,,,,,,,,,,,,,,,,,,,,,,601–800,37.0–41.8,6210.0,20.1,1364.0,22.2,719.0,65.4,668.0,36.7,1054.0,52.3,729.0,Portugal,8248.0,17.4,18%,52:48:00
,,Bharathiar University,,,,,,,,,,,,,,,,,,,,,,,,,,601–800,37.0–41.8,6220.0,36.7,400.0,32.6,403.0,48.0,1059.0,34.6,1098.0,31.1,1458.0,India,3887.0,18.2,0%,62:38:00
,,Bilkent University,,,,,,,,,,,,,,,,,,,,,,,,,,601–800,37.0–41.8,6230.0,27.8,813.0,26.0,569.0,48.8,1044.0,91.4,152.0,70.0,406.0,Turkey,9109.0,14.8,8%,46:54:00
,,Birmingham City University,,,,,,,,,,,,,,,,,,,,,,,,,,601–800,37.0–41.8,6240.0,17.3,1605.0,11.8,1422.0,77.8,372.0,23.2,1389.0,81.9,222.0,United Kingdom,24575.0,17.2,26%,63:37:00
,,Boğaziçi University,,,,,,,,,,,,,,,,,,,,,,,,,,601–800,37.0–41.8,6250.0,26.1,929.0,26.6,550.0,57.4,831.0,59.6,653.0,50.6,785.0,Turkey,12877.0,23.5,2%,45:55:00
,,University of Campania Luigi Vanvitelli,,,,,,,,,,,,,,,,,,,,,,,,,,601–800,37.0–41.8,6260.0,25.6,964.0,9.6,1697.0,79.0,343.0,47.7,848.0,31.6,1441.0,Italy,28065.0,28.9,2%,45:55:00
,,Cankaya University,,,,,,,,,,,,,,,,,,,,,,,,,,601–800,37.0–41.8,6270.0,14.0,1800.0,15.4,1085.0,83.4,248.0,17.0,1751.0,51.0,769.0,Turkey,6685.0,24.0,1%,44:56:00
,,University of Cape Coast,,,,,,,,,,,,,,,,,,,,,,,,,,601–800,37.0–41.8,6280.0,16.5,1659.0,23.8,663.0,71.0,536.0,44.6,900.0,46.9,892.0,Ghana,32167.0,38.6,0%,33 : 67
,,Capital Medical University,,,,,,,,,,,,,,,,,,,,,,,,,,601–800,37.0–41.8,6290.0,35.9,430.0,20.9,773.0,65.8,653.0,46.0,879.0,26.4,1646.0,China,15347.0,4.9,5%,64:36:00
,,Capital University of Science and Technology,,,,,,,,,,,,,,,,,,,,,,,,,,601–800,37.0–41.8,6300.0,13.4,1824.0,16.1,1039.0,82.0,284.0,22.2,1432.0,46.6,908.0,Pakistan,6237.0,28.0,0%,36 : 64
,,The Catholic University of America,,,,,,,,,,,,,,,,,,,,,,,,,,601–800,37.0–41.8,6310.0,44.4,211.0,20.0,810.0,45.6,1106.0,68.7,461.0,51.7,748.0,United States,3930.0,11.2,6%,55:45:00
,,The Catholic University of Korea,,,,,,,,,,,,,,,,,,,,,,,,,,601–800,37.0–41.8,6320.0,30.7,651.0,38.7,265.0,42.9,1168.0,89.9,165.0,36.2,1267.0,South Korea,7389.0,17.9,7%,57:43:00
,,Chang Gung University,,,,,,,,,,,,,,,,,,,,,,,,,,601–800,37.0–41.8,6330.0,26.5,907.0,34.6,358.0,47.2,1074.0,95.5,113.0,28.5,1558.0,Taiwan,7017.0,12.3,5%,49:51:00
,,Chulalongkorn University,,,,,,,,,,,,,,,,,,,,,,,,,,601–800,37.0–41.8,6340.0,36.7,402.0,32.2,414.0,50.2,1017.0,76.6,307.0,44.1,985.0,Thailand,34552.0,12.7,3%,56:44:00
,,Clark University,,,,,,,,,,,,,,,,,,,,,,,,,,601–800,37.0–41.8,6350.0,26.6,900.0,20.8,781.0,66.8,627.0,54.0,737.0,70.5,400.0,United States,3217.0,12.2,27%,59:41:00
,,COMSATS University Islamabad,,,,,,,,,,,,,,,,,,,,,,,,,,601–800,37.0–41.8,6360.0,17.9,1554.0,16.6,998.0,88.2,151.0,30.5,1170.0,50.0,801.0,Pakistan,34323.0,16.0,1%,42:58:00
,,University of Córdoba,,,,,,,,,,,,,,,,,,,,,,,,,,601–800,37.0–41.8,6370.0,27.0,874.0,19.9,815.0,62.6,715.0,41.9,940.0,52.3,731.0,Spain,17070.0,12.9,11%,57:43:00
,,Coventry University,,,,,,,,,,,,,,,,,,,,,,,,,,601–800,37.0–41.8,6380.0,20.9,1305.0,14.9,1132.0,69.6,565.0,26.8,1267.0,95.6,35.0,United Kingdom,32635.0,14.9,48%,48:52:00
,,Cyprus University of Technology,,,,,,,,,,,,,,,,,,,,,,,,,,601–800,37.0–41.8,6390.0,29.4,725.0,19.1,859.0,63.3,703.0,21.9,1441.0,71.2,389.0,Cyprus,3157.0,15.3,14%,57:43:00
,,University of Debrecen,,,,,,,,,,,,,,,,,,,,,,,,,,601–800,37.0–41.8,6400.0,41.2,275.0,22.5,706.0,40.7,1209.0,51.1,789.0,59.7,590.0,Hungary,19964.0,12.0,24%,56:44:00
,,De Montfort University,,,,,,,,,,,,,,,,,,,,,,,,,,601–800,37.0–41.8,6410.0,17.8,1563.0,15.1,1111.0,71.0,537.0,45.0,892.0,93.9,65.0,United Kingdom,23125.0,18.5,37%,56:44:00
,,University of Derby,,,,,,,,,,,,,,,,,,,,,,,,,,601–800,37.0–41.8,6420.0,18.5,1504.0,12.8,1322.0,71.8,514.0,26.5,1281.0,75.0,329.0,United Kingdom,16170.0,15.8,18%,60:40:00
,,Duy Tan University,,,,,,,,,,,,,,,,,,,,,,,,,,601–800,37.0–41.8,6430.0,12.1,1872.0,14.2,1186.0,87.5,163.0,17.4,1711.0,52.5,725.0,Vietnam,23951.0,24.3,0%,57:43:00
,,East China University of Science and Technology,,,,,,,,,,,,,,,,,,,,,,,,,,601–800,37.0–41.8,6440.0,29.9,693.0,25.8,579.0,60.2,769.0,87.1,186.0,23.2,1768.0,China,30974.0,18.0,2%,44:56:00
,,Eastern Mediterranean University,,,,,,,,,,,,,,,,,,,,,,,,,,601–800,37.0–41.8,6450.0,26.0,933.0,15.2,1105.0,73.8,467.0,35.9,1078.0,75.5,322.0,Northern Cyprus,13809.0,25.4,75%,44:56:00
,,École Centrale de Lyon,,,,,,,,,,,,,,,,,,,,,,,,,,601–800,37.0–41.8,6460.0,36.0,425.0,25.7,584.0,32.6,1384.0,82.5,235.0,79.2,262.0,France,2286.0,16.4,24%,27 : 73
,,École des Mines de Saint-Étienne,,,,,,,,,,,,,,,,,,,,,,,,,,601–800,37.0–41.8,6470.0,44.3,212.0,31.4,431.0,34.5,1334.0,77.3,300.0,70.6,398.0,France,1089.0,9.8,24%,27 : 73
,,École Nationale des Travaux Publics de l'État (ENTPE),,,,,,,,,,,,,,,,,,,,,,,,,,601–800,37.0–41.8,6480.0,32.1,583.0,37.0,303.0,31.3,1416.0,80.8,253.0,67.7,435.0,France,800.0,14.8,14%,42:58:00
,,Egypt-Japan University of Science and Technology (E-JUST),,,,,,,,,,,,,,,,,,,,,,,,,,601–800,37.0–41.8,6490.0,34.2,486.0,27.6,524.0,62.4,721.0,27.7,1243.0,51.5,753.0,Egypt,1751.0,18.4,3%,32 : 68
,,"University of Engineering and Technology, Taxila",,,,,,,,,,,,,,,,,,,,,,,,,,601–800,37.0–41.8,6500.0,16.4,1667.0,12.8,1323.0,82.6,268.0,17.1,1742.0,48.5,852.0,Pakistan,5561.0,19.4,2%,0.765972222
,,Universidade Estadual Paulista (Unesp),,,,,,,,,,,,,,,,,,,,,,,,,,601–800,37.0–41.8,6510.0,41.5,270.0,33.1,400.0,38.1,1256.0,40.5,970.0,38.6,1166.0,Brazil,34828.0,12.8,4%,54:46:00
,,Ewha Womans University,,,,,,,,,,,,,,,,,,,,,,,,,,601–800,37.0–41.8,6520.0,37.6,370.0,35.3,342.0,44.5,1132.0,82.8,232.0,49.6,814.0,South Korea,13999.0,16.7,15%,100:00:00
,,Federal University of Rio de Janeiro,,,,,,,,,,,,,,,,,,,,,,,,,,601–800,37.0–41.8,6530.0,41.8,265.0,36.0,325.0,36.7,1283.0,81.0,251.0,35.9,1282.0,Brazil,52534.0,13.5,1%,55:45:00
,,Universidade Federal do Rio Grande do Sul,,,,,,,,,,,,,,,,,,,,,,,,,,601–800,37.0–41.8,6540.0,36.4,415.0,22.5,707.0,54.1,912.0,52.9,753.0,34.1,1350.0,Brazil,45760.0,16.5,1%,51:49:00
,,Federation University Australia,,,,,,,,,,,,,,,,,,,,,,,,,,601–800,37.0–41.8,6550.0,20.9,1307.0,17.2,955.0,71.3,529.0,41.7,943.0,85.8,177.0,Australia,9166.0,16.8,38%,70:30:00
,,University of Foggia,,,,,,,,,,,,,,,,,,,,,,,,,,601–800,37.0–41.8,6560.0,24.3,1055.0,24.7,619.0,65.5,664.0,30.6,1167.0,30.3,1488.0,Italy,7845.0,33.2,1%,63:37:00
,,Gabriele d‘Annunzio University,,,,,,,,,,,,,,,,,,,,,,,,,,601–800,37.0–41.8,6570.0,16.3,1675.0,18.3,901.0,71.7,517.0,59.9,647.0,40.6,1097.0,Italy,23336.0,31.7,2%,65:35:00
,,Glasgow Caledonian University,,,,,,,,,,,,,,,,,,,,,,,,,,601–800,37.0–41.8,6580.0,20.7,1319.0,13.9,1209.0,66.7,630.0,46.1,877.0,75.6,318.0,United Kingdom,14840.0,24.1,18%,58:42:00
,,Government College University Faisalabad,,,,,,,,,,,,,,,,,,,,,,,,,,601–800,37.0–41.8,6590.0,20.8,1315.0,15.0,1119.0,83.4,249.0,32.7,1131.0,48.2,859.0,Pakistan,21518.0,26.5,0%,53:47:00
,,Guangdong University of Technology,,,,,,,,,,,,,,,,,,,,,,,,,,601–800,37.0–41.8,6600.0,17.2,1612.0,19.3,847.0,79.6,329.0,63.5,577.0,28.4,1562.0,China,48569.0,19.0,0%,27 : 73
,,Hacettepe University,,,,,,,,,,,,,,,,,,,,,,,,,,601–800,37.0–41.8,6610.0,32.5,570.0,26.8,547.0,50.4,1012.0,73.5,356.0,27.5,1599.0,Turkey,37249.0,19.9,3%,58:42:00
,,University of Haifa,,,,,,,,,,,,,,,,,,,,,,,,,,601–800,37.0–41.8,6620.0,23.9,1084.0,30.1,469.0,68.4,594.0,64.5,558.0,34.5,1338.0,Israel,17353.0,18.4,3%,66:34:00
,,University of Hail,,,,,,,,,,,,,,,,,,,,,,,,,,601–800,37.0–41.8,6630.0,22.1,1223.0,10.5,1587.0,72.3,503.0,23.5,1380.0,76.8,300.0,Saudi Arabia,19400.0,11.2,3%,61:39:00
,,Harokopio University of Athens,,,,,,,,,,,,,,,,,,,,,,,,,,601–800,37.0–41.8,6640.0,25.1,991.0,27.4,528.0,72.9,484.0,37.4,1030.0,41.1,1076.0,Greece,3053.0,44.9,3%,52:48:00
,,University of Hertfordshire,,,,,,,,,,,,,,,,,,,,,,,,,,601–800,37.0–41.8,6650.0,18.6,1491.0,13.4,1263.0,67.2,617.0,33.9,1111.0,91.6,105.0,United Kingdom,20480.0,16.3,40%,52:48:00
,,Hiroshima University,,,,,,,,,,,,,,,,,,,,,,,,,,601–800,37.0–41.8,6660.0,39.6,318.0,26.4,557.0,44.7,1124.0,68.5,466.0,51.5,754.0,Japan,14590.0,7.6,10%,38 : 62
,,Imam Abdulrahman Bin Faisal University,,,,,,,,,,,,,,,,,,,,,,,,,,601–800,37.0–41.8,6670.0,27.7,822.0,13.9,1210.0,70.6,548.0,20.8,1494.0,75.3,326.0,Saudi Arabia,23781.0,11.3,4%,84:16:00
,,Imam Khomeini International University,,,,,,,,,,,,,,,,,,,,,,,,,,601–800,37.0–41.8,6680.0,30.6,659.0,19.6,833.0,72.4,500.0,26.7,1271.0,26.9,1616.0,Iran,8156.0,25.8,5%,54:46:00
,,Indian Institute of Technology Guwahati,,,,,,,,,,,,,,,,,,,,,,,,,,601–800,37.0–41.8,6690.0,35.5,447.0,24.1,644.0,52.0,961.0,49.5,817.0,28.6,1556.0,India,8157.0,18.0,1%,24 : 76
,,Indian Institute of Technology (Indian School of Mines) Dhanbad,,,,,,,,,,,,,,,,,,,,,,,,,,601–800,37.0–41.8,6700.0,37.6,372.0,24.1,645.0,59.7,787.0,30.0,1182.0,18.4,1891.0,India,6174.0,16.7,0%,0.806944444
,,Indian Institute of Technology Patna,,,,,,,,,,,,,,,,,,,,,,,,,,601–800,37.0–41.8,6710.0,33.2,534.0,24.1,646.0,70.6,549.0,19.8,1543.0,22.3,1796.0,India,2375.0,18.8,1%,0.806944444
,,University of Insubria,,,,,,,,,,,,,,,,,,,,,,,,,,601–800,37.0–41.8,6720.0,19.7,1401.0,22.7,699.0,80.4,314.0,43.2,918.0,42.4,1033.0,Italy,10244.0,27.5,5%,56:44:00
,,"International Institute of Information Technology, Hyderabad",,,,,,,,,,,,,,,,,,,,,,,,,,601–800,37.0–41.8,6730.0,26.0,935.0,21.4,752.0,71.7,518.0,49.6,816.0,39.5,1133.0,India,1905.0,18.3,7%,0.929861111
,,Iran University of Medical Sciences,,,,,,,,,,,,,,,,,,,,,,,,,,601–800,37.0–41.8,6740.0,48.2,156.0,16.4,1016.0,54.5,896.0,39.1,1004.0,38.3,1178.0,Iran,9084.0,8.3,10%,55:45:00
,,ISCTE-University Institute of Lisbon,,,,,,,,,,,,,,,,,,,,,,,,,,601–800,37.0–41.8,6750.0,26.4,914.0,35.7,330.0,56.3,861.0,55.2,720.0,53.0,713.0,Portugal,10353.0,26.7,17%,52:48:00
,,Isfahan University of Technology,,,,,,,,,,,,,,,,,,,,,,,,,,601–800,37.0–41.8,6760.0,21.5,1264.0,26.5,556.0,62.0,736.0,75.2,334.0,33.0,1388.0,Iran,10529.0,22.7,1%,40 : 60
,,ITMO University,,,,,,,,,,,,,,,,,,,,,,,,,,601–800,37.0–41.8,6770.0,34.0,493.0,34.9,351.0,40.0,1221.0,69.0,454.0,67.1,443.0,Russian Federation,10902.0,14.6,18%,34 : 66
,,Jagiellonian University,,,,,,,,,,,,,,,,,,,,,,,,,,601–800,37.0–41.8,6780.0,38.4,349.0,29.0,495.0,55.7,868.0,46.7,869.0,43.4,1002.0,Poland,34309.0,8.8,11%,67:33:00
,,Jamia Hamdard University,,,,,,,,,,,,,,,,,,,,,,,,,,601–800,37.0–41.8,6790.0,21.1,1294.0,15.0,1120.0,74.8,439.0,40.4,971.0,41.9,1054.0,India,9831.0,18.5,3%,41:59:00
,,Jawaharlal Nehru University,,,,,,,,,,,,,,,,,,,,,,,,,,601–800,37.0–41.8,6800.0,41.9,264.0,24.3,638.0,51.8,971.0,33.9,1112.0,23.7,1752.0,India,9737.0,16.1,1%,45:55:00
,,Jiangsu University,,,,,,,,,,,,,,,,,,,,,,,,,,601–800,37.0–41.8,6810.0,25.6,966.0,14.1,1194.0,77.5,381.0,51.1,790.0,55.1,670.0,China,35258.0,9.4,6%,43:57:00
,,Jönköping University,,,,,,,,,,,,,,,,,,,,,,,,,,601–800,37.0–41.8,6820.0,20.1,1366.0,19.2,857.0,78.3,358.0,28.2,1231.0,65.7,471.0,Sweden,6910.0,13.0,13%,60:40:00
,,The University of Jordan,,,,,,,,,,,,,,,,,,,,,,,,,,601–800,37.0–41.8,6830.0,27.8,816.0,13.4,1265.0,62.7,711.0,30.8,1162.0,67.1,444.0,Jordan,25631.0,10.3,20%,69:31:00
,,Jouf University,,,,,,,,,,,,,,,,,,,,,,,,,,601–800,37.0–41.8,6840.0,30.5,666.0,18.3,903.0,58.3,815.0,21.3,1467.0,76.7,301.0,Saudi Arabia,19006.0,9.6,3%,64:36:00
,,Juntendo University,,,,,,,,,,,,,,,,,,,,,,,,,,601–800,37.0–41.8,6850.0,37.6,373.0,17.1,961.0,59.3,796.0,81.4,245.0,25.3,1690.0,Japan,6579.0,5.0,3%,54:46:00
,,University of Kaiserslautern,,,,,,,,,,,,,,,,,,,,,,,,,,601–800,37.0–41.8,6860.0,38.7,345.0,28.7,499.0,44.4,1137.0,83.0,228.0,56.7,648.0,Germany,6912.0,22.0,19%,34 : 66
,,Kansas State University,,,,,,,,,,,,,,,,,,,,,,,,,,601–800,37.0–41.8,6870.0,32.9,546.0,20.9,775.0,57.4,832.0,66.9,503.0,57.5,632.0,United States,19332.0,13.8,6%,53:47:00
,,University of Kashan,,,,,,,,,,,,,,,,,,,,,,,,,,601–800,37.0–41.8,6880.0,27.1,869.0,19.9,817.0,74.7,445.0,21.9,1442.0,24.8,1712.0,Iran,8654.0,28.4,2%,55:45:00
,,Kashan University of Medical Sciences and Health Services,,,,,,,,,,,,,,,,,,,,,,,,,,601–800,37.0–41.8,6890.0,32.9,547.0,15.0,1121.0,75.6,428.0,17.4,1712.0,25.3,1691.0,Iran,3265.0,20.5,3%,58:42:00
,,Keio University,,,,,,,,,,,,,,,,,,,,,,,,,,601–800,37.0–41.8,6900.0,36.9,391.0,27.0,541.0,49.2,1034.0,73.3,360.0,38.4,1172.0,Japan,33577.0,10.2,8%,36 : 64
,,KIIT University,,,,,,,,,,,,,,,,,,,,,,,,,,601–800,37.0–41.8,6910.0,38.5,348.0,15.8,1061.0,61.5,742.0,52.0,771.0,39.4,1134.0,India,24802.0,12.3,10%,49:51:00
,,King Saud bin Abdulaziz University for Health Sciences,,,,,,,,,,,,,,,,,,,,,,,,,,601–800,37.0–41.8,6920.0,40.8,283.0,21.7,743.0,43.6,1151.0,36.1,1072.0,64.4,497.0,Saudi Arabia,8594.0,13.0,1%,51:49:00
,,Kobe University,,,,,,,,,,,,,,,,,,,,,,,,,,601–800,37.0–41.8,6930.0,39.5,325.0,27.2,535.0,48.1,1056.0,75.4,329.0,39.0,1149.0,Japan,15333.0,10.2,7%,35 : 65
,,Konkuk University,,,,,,,,,,,,,,,,,,,,,,,,,,601–800,37.0–41.8,6940.0,32.2,581.0,37.6,298.0,49.1,1037.0,73.7,354.0,45.0,958.0,South Korea,12805.0,25.2,15%,48:52:00
,,Kurdistan University of Medical Sciences,,,,,,,,,,,,,,,,,,,,,,,,,,601–800,37.0–41.8,6950.0,40.8,284.0,11.2,1503.0,67.6,608.0,18.8,1602.0,27.9,1581.0,Iran,3229.0,10.7,2%,48:52:00
,,Lehigh University,,,,,,,,,,,,,,,,,,,,,,,,,,601–800,37.0–41.8,6960.0,33.0,543.0,22.5,709.0,57.6,828.0,63.6,574.0,73.8,353.0,United States,6518.0,11.2,17%,46:54:00
,,University of Lille,,,,,,,,,,,,,,,,,,,,,,,,,,601–800,37.0–41.8,6970.0,32.5,571.0,23.2,678.0,58.6,809.0,67.2,494.0,68.0,432.0,France,79372.0,31.5,13%,61:39:00
,,London South Bank University,,,,,,,,,,,,,,,,,,,,,,,,,,601–800,37.0–41.8,6980.0,18.6,1494.0,12.4,1365.0,65.9,650.0,52.4,761.0,92.3,97.0,United Kingdom,14510.0,17.5,37%,56:44:00
,,University of Lorraine,,,,,,,,,,,,,,,,,,,,,,,,,,601–800,37.0–41.8,6990.0,27.3,860.0,18.9,869.0,58.0,822.0,60.6,632.0,72.9,365.0,France,63803.0,20.0,16%,53:47:00
,,Louisiana State University,,,,,,,,,,,,,,,,,,,,,,,,,,601–800,37.0–41.8,7000.0,32.7,561.0,21.4,753.0,61.1,751.0,63.1,584.0,47.8,868.0,United States,31112.0,19.4,4%,55:45:00
,,Lviv Polytechnic National University,,,,,,,,,,,,,,,,,,,,,,,,,,601–800,37.0–41.8,7010.0,22.9,1157.0,11.3,1489.0,34.2,1345.0,18.8,1603.0,27.1,1610.0,Ukraine,22580.0,11.9,1%,41:59:00
,,Mahidol University,,,,,,,,,,,,,,,,,,,,,,,,,,601–800,37.0–41.8,7020.0,39.3,327.0,25.0,610.0,46.3,1087.0,78.6,281.0,48.7,841.0,Thailand,28790.0,8.9,5%,64:36:00
,,Malaviya National Institute of Technology,,,,,,,,,,,,,,,,,,,,,,,,,,601–800,37.0–41.8,7030.0,29.9,694.0,15.6,1076.0,76.5,405.0,19.8,1544.0,20.3,1858.0,India,4715.0,17.3,0%,31 : 69
,,Universiti Malaysia Pahang,,,,,,,,,,,,,,,,,,,,,,,,,,601–800,37.0–41.8,7040.0,27.4,851.0,19.0,862.0,67.5,611.0,28.3,1225.0,57.9,623.0,Malaysia,8331.0,13.5,8%,49:51:00
,,Manipal Academy of Higher Education,,,,,,,,,,,,,,,,,,,,,,,,,,601–800,37.0–41.8,7050.0,45.0,205.0,18.5,889.0,46.3,1088.0,44.9,896.0,48.3,856.0,India,23602.0,9.1,12%,47:53:00
,,Marche Polytechnic University,,,,,,,,,,,,,,,,,,,,,,,,,,601–800,37.0–41.8,7060.0,23.2,1137.0,22.6,702.0,75.6,429.0,64.9,551.0,36.0,1277.0,Italy,14332.0,28.9,5%,47:53:00
,,"University of Maryland, Baltimore County",,,,,,,,,,,,,,,,,,,,,,,,,,601–800,37.0–41.8,7070.0,28.8,753.0,24.6,623.0,61.5,743.0,66.8,508.0,50.1,799.0,United States,11668.0,17.2,11%,46:54:00
,,Masaryk University,,,,,,,,,,,,,,,,,,,,,,,,,,601–800,37.0–41.8,7080.0,25.9,944.0,31.0,443.0,50.1,1018.0,41.7,944.0,66.3,460.0,Czech Republic,32789.0,18.4,23%,62:38:00
,,Mashhad University of Medical Sciences,,,,,,,,,,,,,,,,,,,,,,,,,,601–800,37.0–41.8,7090.0,34.9,466.0,14.7,1147.0,63.9,692.0,28.5,1221.0,29.7,1504.0,Iran,8666.0,9.0,4%,57:43:00
,,Mazandaran University of Medical Sciences,,,,,,,,,,,,,,,,,,,,,,,,,,601–800,37.0–41.8,7100.0,44.1,216.0,12.4,1367.0,65.6,662.0,28.1,1232.0,24.7,1715.0,Iran,6715.0,12.4,1%,56:44:00
,,University of Minho,,,,,,,,,,,,,,,,,,,,,,,,,,601–800,37.0–41.8,7110.0,26.3,921.0,30.3,462.0,59.3,797.0,74.7,340.0,51.9,742.0,Portugal,20001.0,19.5,13%,56:44:00
,,Mississippi State University,,,,,,,,,,,,,,,,,,,,,,,,,,601–800,37.0–41.8,7120.0,27.3,861.0,20.0,813.0,58.8,804.0,66.2,522.0,50.7,781.0,United States,21181.0,14.6,4%,53:47:00
,,Monterrey Institute of Technology,,,,,,,,,,,,,,,,,,,,,,,,,,601–800,37.0–41.8,7130.0,24.0,1080.0,22.7,700.0,61.9,739.0,60.1,644.0,65.8,466.0,Mexico,16693.0,14.9,12%,43:57:00
,,University of Namur,,,,,,,,,,,,,,,,,,,,,,,,,,601–800,37.0–41.8,7140.0,24.4,1049.0,27.2,536.0,53.7,926.0,62.8,597.0,69.7,411.0,Belgium,6616.0,22.2,12%,58:42:00
,,Nanjing University of Aeronautics and Astronautics,,,,,,,,,,,,,,,,,,,,,,,,,,601–800,37.0–41.8,7150.0,28.2,797.0,31.6,428.0,50.1,1019.0,71.4,399.0,24.7,1717.0,China,33883.0,15.4,3%,
,,Nanjing Forestry University,,,,,,,,,,,,,,,,,,,,,,,,,,601–800,37.0–41.8,7160.0,22.6,1178.0,21.2,761.0,79.4,335.0,28.7,1213.0,28.0,1576.0,China,32345.0,16.5,1%,
,,Nanjing Tech University,,,,,,,,,,,,,,,,,,,,,,,,,,601–800,37.0–41.8,7170.0,21.8,1247.0,16.2,1035.0,69.1,578.0,68.1,480.0,37.1,1234.0,China,38866.0,13.5,3%,
,,National Institute of Applied Sciences of Lyon (INSA Lyon),,,,,,,,,,,,,,,,,,,,,,,,,,601–800,37.0–41.8,7180.0,37.2,385.0,27.0,542.0,38.3,1252.0,93.8,130.0,75.1,328.0,France,6130.0,18.7,29%,36 : 64
,,National University of Sciences and Technology,,,,,,,,,,,,,,,,,,,,,,,,,,601–800,37.0–41.8,7190.0,25.1,994.0,19.4,845.0,71.2,531.0,34.9,1093.0,55.1,672.0,Pakistan,12212.0,9.3,5%,34 : 66
,,National University of Science and Technology (MISiS),,,,,,,,,,,,,,,,,,,,,,,,,,601–800,37.0–41.8,7200.0,39.1,330.0,27.1,539.0,43.2,1162.0,64.1,565.0,65.6,473.0,Russian Federation,7198.0,12.0,21%,40 : 60
,,National Sun Yat-Sen University,,,,,,,,,,,,,,,,,,,,,,,,,,601–800,37.0–41.8,7210.0,28.2,798.0,33.7,386.0,43.8,1145.0,79.1,274.0,47.2,885.0,Taiwan,8497.0,12.6,9%,42:58:00
,,National Technical University of Athens,,,,,,,,,,,,,,,,,,,,,,,,,,601–800,37.0–41.8,7220.0,26.3,922.0,23.0,686.0,59.1,801.0,59.7,651.0,38.1,1187.0,Greece,13532.0,20.3,6%,37 : 63
,,National Institute of Technology Rourkela,,,,,,,,,,,,,,,,,,,,,,,,,,601–800,37.0–41.8,7230.0,30.6,660.0,20.2,800.0,64.7,678.0,29.9,1185.0,23.1,1774.0,India,7661.0,20.6,4%,0.970833333
,,National Institute of Technology Silchar,,,,,,,,,,,,,,,,,,,,,,,,,,601–800,37.0–41.8,7240.0,32.4,574.0,19.5,839.0,71.7,519.0,18.4,1636.0,20.5,1849.0,India,4704.0,16.3,2%,0.888888889
,,Near East University,,,,,,,,,,,,,,,,,,,,,,,,,,601–800,37.0–41.8,7250.0,25.9,945.0,18.8,879.0,66.6,633.0,49.9,810.0,86.8,172.0,Northern Cyprus,23137.0,29.2,86%,45:55:00
,,"University of Nevada, Las Vegas",,,,,,,,,,,,,,,,,,,,,,,,,,601–800,37.0–41.8,7260.0,29.3,730.0,25.6,587.0,64.7,679.0,51.5,783.0,38.3,1179.0,United States,26730.0,23.2,4%,57:43:00
,,University of New Brunswick UNB,,,,,,,,,,,,,,,,,,,,,,,,,,601–800,37.0–41.8,7270.0,24.3,1058.0,25.0,613.0,62.4,722.0,64.0,569.0,81.1,237.0,Canada,8308.0,15.0,14%,53:47:00
,,University of North Carolina at Charlotte,,,,,,,,,,,,,,,,,,,,,,,,,,601–800,37.0–41.8,7280.0,23.2,1139.0,22.1,725.0,74.4,455.0,58.7,667.0,37.0,1239.0,United States,26819.0,20.6,6%,49:51:00
,,"Northeastern University, China",,,,,,,,,,,,,,,,,,,,,,,,,,601–800,37.0–41.8,7290.0,31.5,615.0,28.1,514.0,57.8,825.0,73.7,355.0,46.7,904.0,China,39996.0,13.2,3%,
,,Northern Illinois University,,,,,,,,,,,,,,,,,,,,,,,,,,601–800,37.0–41.8,7300.0,26.3,923.0,15.9,1053.0,60.0,781.0,60.4,637.0,62.8,524.0,United States,13248.0,14.3,6%,54:46:00
,,North-West University,,,,,,,,,,,,,,,,,,,,,,,,,,601–800,37.0–41.8,7310.0,22.7,1171.0,18.7,883.0,64.3,685.0,48.0,844.0,56.6,652.0,South Africa,39684.0,25.5,3%,61:39:00
,,Norwegian University of Life Sciences,,,,,,,,,,,,,,,,,,,,,,,,,,601–800,37.0–41.8,7320.0,32.1,585.0,14.7,1148.0,64.0,690.0,36.5,1061.0,70.8,394.0,Norway,7275.0,8.2,12%,61:39:00
,,Novosibirsk State University,,,,,,,,,,,,,,,,,,,,,,,,,,601–800,37.0–41.8,7330.0,42.2,260.0,36.6,313.0,31.6,1409.0,40.7,963.0,51.9,743.0,Russian Federation,7264.0,6.6,20%,
,,Ohio University (Main campus),,,,,,,,,,,,,,,,,,,,,,,,,,601–800,37.0–41.8,7340.0,30.6,662.0,20.1,807.0,61.2,747.0,54.7,732.0,37.2,1230.0,United States,20948.0,19.9,4%,58:42:00
,,Oklahoma State University,,,,,,,,,,,,,,,,,,,,,,,,,,601–800,37.0–41.8,7350.0,34.1,489.0,20.9,776.0,60.8,763.0,65.8,533.0,56.0,661.0,United States,21239.0,14.1,5%,52:48:00
,,Old Dominion University,,,,,,,,,,,,,,,,,,,,,,,,,,601–800,37.0–41.8,7360.0,26.1,930.0,20.4,793.0,61.2,748.0,64.0,570.0,38.1,1188.0,United States,18725.0,18.2,2%,57:43:00
,,Ontario Tech University,,,,,,,,,,,,,,,,,,,,,,,,,,601–800,37.0–41.8,7370.0,18.8,1480.0,25.0,614.0,63.5,701.0,51.9,776.0,63.2,512.0,Canada,9449.0,30.1,8%,43:57:00
,,The Open University,,,,,,,,,,,,,,,,,,,,,,,,,,601–800,37.0–41.8,7380.0,17.7,1582.0,16.1,1044.0,68.7,589.0,52.6,759.0,63.6,509.0,United Kingdom,81570.0,33.5,8%,65:35:00
,,Open University of Catalonia,,,,,,,,,,,,,,,,,,,,,,,,,,601–800,37.0–41.8,7390.0,18.4,1518.0,18.2,909.0,75.9,420.0,29.7,1191.0,51.0,772.0,Spain,33296.0,96.5,6%,56:44:00
,,Örebro University,,,,,,,,,,,,,,,,,,,,,,,,,,601–800,37.0–41.8,7400.0,20.1,1368.0,22.5,710.0,77.9,370.0,43.8,909.0,54.6,682.0,Sweden,10132.0,15.6,5%,62:38:00
,,Otto von Guericke University of Magdeburg,,,,,,,,,,,,,,,,,,,,,,,,,,601–800,37.0–41.8,7410.0,33.4,528.0,18.0,918.0,54.4,901.0,51.4,786.0,74.5,337.0,Germany,13562.0,11.2,26%,42:58:00
,,Oxford Brookes University,,,,,,,,,,,,,,,,,,,,,,,,,,601–800,37.0–41.8,7420.0,25.1,996.0,21.1,765.0,62.5,719.0,29.1,1199.0,87.9,151.0,United Kingdom,13860.0,14.0,25%,58:42:00
,,University of Palermo,,,,,,,,,,,,,,,,,,,,,,,,,,601–800,37.0–41.8,7430.0,18.9,1473.0,22.5,711.0,69.8,560.0,47.2,860.0,34.8,1328.0,Italy,33972.0,22.0,1%,59:41:00
,,Panjab University,,,,,,,,,,,,,,,,,,,,,,,,,,601–800,37.0–41.8,7440.0,32.6,566.0,16.2,1036.0,67.9,605.0,39.2,1001.0,23.5,1758.0,India,19695.0,18.6,1%,51:49:00
,,University of Parma,,,,,,,,,,,,,,,,,,,,,,,,,,601–800,37.0–41.8,7450.0,19.4,1433.0,22.6,703.0,72.2,505.0,65.9,532.0,38.7,1163.0,Italy,29840.0,33.4,6%,58:42:00
,,Parthenope University of Naples,,,,,,,,,,,,,,,,,,,,,,,,,,601–800,37.0–41.8,7460.0,18.5,1508.0,22.6,704.0,78.2,362.0,25.6,1312.0,32.2,1418.0,Italy,11126.0,32.4,1%,42:58:00
,,Universiti Pendidikan Sultan Idris,,,,,,,,,,,,,,,,,,,,,,,,,,601–800,37.0–41.8,7470.0,35.3,452.0,25.2,604.0,38.8,1245.0,62.3,609.0,70.8,395.0,Malaysia,5920.0,9.8,20%,57:43:00
,,Universitat Politècnica de Catalunya,,,,,,,,,,,,,,,,,,,,,,,,,,601–800,37.0–41.8,7480.0,31.2,632.0,21.0,769.0,57.3,839.0,69.7,439.0,61.4,552.0,Spain,23272.0,9.8,13%,28 : 72
,,Polytechnic University of Valencia,,,,,,,,,,,,,,,,,,,,,,,,,,601–800,37.0–41.8,7490.0,30.0,687.0,25.0,615.0,55.4,880.0,83.2,224.0,57.6,630.0,Spain,26967.0,14.5,14%,41:59:00
,,Prince Sattam Bin Abdulaziz University,,,,,,,,,,,,,,,,,,,,,,,,,,601–800,37.0–41.8,7500.0,21.3,1282.0,12.0,1409.0,80.8,306.0,23.5,1383.0,75.8,316.0,Saudi Arabia,26740.0,11.9,2%,61:39:00
,,Princess Nourah bint Abdulrahman University,,,,,,,,,,,,,,,,,,,,,,,,,,601–800,37.0–41.8,7510.0,26.7,893.0,16.3,1027.0,66.1,647.0,28.3,1227.0,91.7,102.0,Saudi Arabia,22552.0,12.1,17%,100:00:00
,,Qazvin University of Medical Sciences,,,,,,,,,,,,,,,,,,,,,,,,,,601–800,37.0–41.8,7520.0,38.7,346.0,11.6,1457.0,71.9,511.0,18.7,1611.0,26.5,1642.0,Iran,480.0,1.6,2%,56:44:00
,,Qingdao University,,,,,,,,,,,,,,,,,,,,,,,,,,601–800,37.0–41.8,7530.0,17.8,1570.0,18.4,898.0,84.1,232.0,40.0,978.0,24.4,1727.0,China,42668.0,15.1,1%,53:47:00
,,Universitat Ramon Llull,,,,,,,,,,,,,,,,,,,,,,,,,,601–800,37.0–41.8,7540.0,20.7,1324.0,18.2,910.0,70.3,555.0,32.1,1140.0,72.6,369.0,Spain,15125.0,22.6,20%,51:49:00
,,Reykjavík University,,,,,,,,,,,,,,,,,,,,,,,,,,601–800,37.0–41.8,7550.0,15.6,1726.0,24.0,652.0,76.1,415.0,28.7,1214.0,64.4,498.0,Iceland,2940.0,24.2,10%,47:53:00
,,University of Rhode Island,,,,,,,,,,,,,,,,,,,,,,,,,,601–800,37.0–41.8,7560.0,26.3,925.0,20.5,789.0,57.4,833.0,50.0,808.0,53.7,699.0,United States,15886.0,14.5,3%,57:43:00
,,University of Rome III,,,,,,,,,,,,,,,,,,,,,,,,,,601–800,37.0–41.8,7570.0,23.1,1147.0,25.3,598.0,58.3,816.0,49.5,818.0,45.4,950.0,Italy,33611.0,46.5,5%,60:40:00
,,Roskilde University,,,,,,,,,,,,,,,,,,,,,,,,,,601–800,37.0–41.8,7580.0,21.9,1241.0,33.4,396.0,55.5,878.0,76.1,317.0,54.6,683.0,Denmark,6050.0,15.8,15%,65:35:00
,,RUDN University,,,,,,,,,,,,,,,,,,,,,,,,,,601–800,37.0–41.8,7590.0,39.1,335.0,23.0,687.0,46.1,1093.0,21.0,1481.0,70.4,401.0,Russian Federation,22866.0,15.6,32%,59:41:00
,,Saint-Petersburg Mining University,,,,,,,,,,,,,,,,,,,,,,,,,,601–800,37.0–41.8,7600.0,29.7,709.0,16.9,979.0,69.3,572.0,50.4,801.0,43.1,1017.0,Russian Federation,8345.0,13.4,12%,41:59:00
,,University of Salento,,,,,,,,,,,,,,,,,,,,,,,,,,601–800,37.0–41.8,7610.0,30.1,681.0,21.8,741.0,64.5,682.0,52.2,767.0,34.5,1339.0,Italy,14304.0,24.7,2%,62:38:00
,,University of Sannio,,,,,,,,,,,,,,,,,,,,,,,,,,601–800,37.0–41.8,7620.0,23.6,1106.0,20.5,790.0,63.6,700.0,71.1,405.0,29.3,1527.0,Italy,2751.0,13.4,1%,49:51:00
,,University of Santiago de Compostela,,,,,,,,,,,,,,,,,,,,,,,,,,601–800,37.0–41.8,7630.0,29.7,710.0,21.1,766.0,58.7,806.0,69.6,441.0,46.6,912.0,Spain,24872.0,14.6,6%,65:35:00
,,University of Sassari,,,,,,,,,,,,,,,,,,,,,,,,,,601–800,37.0–41.8,7640.0,31.1,639.0,24.7,620.0,66.3,643.0,45.7,883.0,41.9,1058.0,Italy,15207.0,38.1,2%,63:37:00
,,Saveetha Institute of Medical and Technical Sciences,,,,,,,,,,,,,,,,,,,,,,,,,,601–800,37.0–41.8,7650.0,31.7,604.0,10.2,1627.0,77.8,374.0,17.3,1727.0,58.9,607.0,India,11919.0,7.1,1%,46:54:00
,,Shahid Beheshti University of Medical Sciences,,,,,,,,,,,,,,,,,,,,,,,,,,601–800,37.0–41.8,7660.0,45.1,204.0,22.9,691.0,49.9,1021.0,63.5,578.0,27.1,1611.0,Iran,12057.0,8.0,4%,55:45:00
,,University of Siegen,,,,,,,,,,,,,,,,,,,,,,,,,,601–800,37.0–41.8,7670.0,27.4,856.0,26.9,544.0,60.7,765.0,46.2,876.0,62.7,530.0,Germany,13856.0,29.9,13%,56:44:00
,,South China Normal University,,,,,,,,,,,,,,,,,,,,,,,,,,601–800,37.0–41.8,7680.0,22.9,1161.0,21.7,744.0,63.9,694.0,51.4,787.0,37.4,1224.0,China,33133.0,18.9,3%,
,,South Ural State University,,,,,,,,,,,,,,,,,,,,,,,,,,601–800,37.0–41.8,7690.0,23.2,1141.0,13.5,1257.0,74.7,449.0,24.7,1345.0,54.5,684.0,Russian Federation,15354.0,11.0,11%,37 : 63
,,SRUC (Scotland’s Rural College),,,,,,,,,,,,,,,,,,,,,,,,,,601–800,37.0–41.8,7700.0,25.3,982.0,12.8,1331.0,79.3,337.0,26.9,1264.0,64.8,488.0,United Kingdom,1465.0,5.5,8%,64:36:00
,,University of Stavanger,,,,,,,,,,,,,,,,,,,,,,,,,,601–800,37.0–41.8,7710.0,24.7,1032.0,15.6,1080.0,66.6,634.0,30.2,1177.0,74.4,340.0,Norway,11428.0,10.5,13%,58:42:00
,,Sultan Qaboos University,,,,,,,,,,,,,,,,,,,,,,,,,,601–800,37.0–41.8,7720.0,28.1,805.0,22.2,721.0,62.3,726.0,35.7,1082.0,74.0,350.0,Oman,7512.0,9.2,4%,50:50:00
,,Sunway University,,,,,,,,,,,,,,,,,,,,,,,,,,601–800,37.0–41.8,7730.0,24.7,1033.0,14.6,1157.0,71.7,520.0,17.2,1740.0,78.3,279.0,Malaysia,4350.0,8.1,14%,52:48:00
,,SUNY Binghamton University,,,,,,,,,,,,,,,,,,,,,,,,,,601–800,37.0–41.8,7740.0,30.7,655.0,22.0,731.0,61.1,753.0,62.8,598.0,42.7,1028.0,United States,18976.0,22.1,8%,52:48:00
,,Tallinn University of Technology,,,,,,,,,,,,,,,,,,,,,,,,,,601–800,37.0–41.8,7750.0,25.7,962.0,20.6,785.0,65.7,659.0,48.1,841.0,69.1,420.0,Estonia,8521.0,11.4,14%,40 : 60
,,Tehran University of Medical Sciences,,,,,,,,,,,,,,,,,,,,,,,,,,601–800,37.0–41.8,7760.0,50.0,135.0,18.5,892.0,54.3,908.0,45.1,891.0,37.5,1220.0,Iran,11742.0,6.2,12%,56:44:00
,,Universiti Tenaga Nasional (UNITEN),,,,,,,,,,,,,,,,,,,,,,,,,,601–800,37.0–41.8,7770.0,25.1,999.0,16.8,986.0,58.0,823.0,70.8,413.0,60.8,569.0,Malaysia,4300.0,9.0,19%,32 : 68
,,University of Texas at Arlington,,,,,,,,,,,,,,,,,,,,,,,,,,601–800,37.0–41.8,7780.0,25.2,989.0,20.5,791.0,65.5,666.0,62.9,594.0,55.0,675.0,United States,40412.0,31.9,11%,63:37:00
,,Texas Tech University,,,,,,,,,,,,,,,,,,,,,,,,,,601–800,37.0–41.8,7790.0,30.7,656.0,20.9,778.0,56.9,849.0,58.0,681.0,58.9,609.0,United States,37331.0,21.1,6%,50:50:00
,,Thapar Institute of Engineering and Technology,,,,,,,,,,,,,,,,,,,,,,,,,,601–800,37.0–41.8,7800.0,24.3,1060.0,11.9,1420.0,84.8,217.0,23.0,1402.0,28.7,1555.0,India,10647.0,15.1,1%,34 : 66
,,University of Toledo,,,,,,,,,,,,,,,,,,,,,,,,,,601–800,37.0–41.8,7810.0,35.7,438.0,16.7,996.0,54.5,898.0,68.8,460.0,56.7,649.0,United States,16199.0,17.0,9%,53:47:00
,,Ton Duc Thang University,,,,,,,,,,,,,,,,,,,,,,,,,,601–800,37.0–41.8,7820.0,12.9,1852.0,16.0,1051.0,90.6,117.0,20.9,1489.0,63.1,516.0,Vietnam,28400.0,21.9,1%,57:43:00
,,Toronto Metropolitan University,,,,,,,,,,,,,,,,,,,,,,,,,,601–800,37.0–41.8,7830.0,19.5,1425.0,32.3,413.0,57.3,841.0,70.3,426.0,62.1,541.0,Canada,39142.0,42.8,9%,55:45:00
,,University of Tuscia,,,,,,,,,,,,,,,,,,,,,,,,,,601–800,37.0–41.8,7840.0,21.4,1278.0,22.6,705.0,77.3,389.0,54.9,727.0,43.2,1016.0,Italy,6223.0,20.0,4%,52:48:00
,,University of Udine,,,,,,,,,,,,,,,,,,,,,,,,,,601–800,37.0–41.8,7850.0,28.5,777.0,20.2,802.0,73.1,481.0,61.1,626.0,41.8,1060.0,Italy,13023.0,19.3,5%,55:45:00
,,Ulster University,,,,,,,,,,,,,,,,,,,,,,,,,,601–800,37.0–41.8,7860.0,21.3,1283.0,22.4,717.0,62.0,737.0,50.1,806.0,82.4,215.0,United Kingdom,19825.0,20.1,10%,56:44:00
,,Umm Al-Qura University,,,,,,,,,,,,,,,,,,,,,,,,,,601–800,37.0–41.8,7870.0,33.3,531.0,14.4,1172.0,62.2,728.0,53.2,748.0,73.1,363.0,Saudi Arabia,35180.0,9.6,7%,53:47:00
,,Paris Lodron Universität Salzburg,,,,,,,,,,,,,,,,,,,,,,,,,,601–800,37.0–41.8,7880.0,31.6,611.0,23.4,674.0,55.0,889.0,45.8,881.0,93.4,77.0,Austria,6307.0,10.0,35%,67:33:00
,,Urmia University of Medical Sciences,,,,,,,,,,,,,,,,,,,,,,,,,,601–800,37.0–41.8,7890.0,35.3,453.0,11.7,1447.0,69.3,574.0,17.8,1683.0,25.2,1699.0,Iran,4556.0,12.4,5%,52:48:00
,,VIT University,,,,,,,,,,,,,,,,,,,,,,,,,,601–800,37.0–41.8,7900.0,27.9,811.0,15.6,1081.0,68.3,597.0,28.9,1206.0,46.2,924.0,India,37686.0,18.8,5%,30 : 70
,,University of Warsaw,,,,,,,,,,,,,,,,,,,,,,,,,,601–800,37.0–41.8,7910.0,33.1,542.0,29.9,477.0,55.6,875.0,37.1,1045.0,45.6,943.0,Poland,34342.0,10.9,9%,62:38:00
,,University of the Western Cape,,,,,,,,,,,,,,,,,,,,,,,,,,601–800,37.0–41.8,7920.0,22.0,1233.0,23.8,665.0,59.3,799.0,22.6,1415.0,65.7,472.0,South Africa,24605.0,36.7,6%,61:39:00
,,University of the West of Scotland,,,,,,,,,,,,,,,,,,,,,,,,,,601–800,37.0–41.8,7930.0,24.4,1053.0,16.0,1052.0,66.5,638.0,24.2,1360.0,86.9,170.0,United Kingdom,14005.0,24.6,25%,62:38:00
,,William & Mary,,,,,,,,,,,,,,,,,,,,,,,,,,601–800,37.0–41.8,7940.0,38.4,353.0,21.7,745.0,62.2,729.0,37.1,1046.0,39.1,1147.0,United States,8253.0,11.3,7%,57:43:00
,,University of Wolverhampton,,,,,,,,,,,,,,,,,,,,,,,,,,601–800,37.0–41.8,7950.0,19.1,1464.0,14.7,1151.0,64.7,680.0,40.7,964.0,81.1,238.0,United Kingdom,15115.0,16.7,28%,62:38:00
,,Worcester Polytechnic Institute,,,,,,,,,,,,,,,,,,,,,,,,,,601–800,37.0–41.8,7960.0,30.0,690.0,22.1,727.0,61.2,749.0,61.8,619.0,57.2,638.0,United States,5834.0,13.0,14%,38 : 62
,,Wroclaw Medical University,,,,,,,,,,,,,,,,,,,,,,,,,,601–800,37.0–41.8,7970.0,40.7,290.0,13.3,1282.0,66.9,626.0,36.5,1063.0,37.7,1211.0,Poland,8014.0,10.9,14%,72:28:00
,,University of Wyoming,,,,,,,,,,,,,,,,,,,,,,,,,,601–800,37.0–41.8,7980.0,35.9,434.0,20.3,799.0,62.1,732.0,58.6,668.0,37.7,1212.0,United States,10174.0,14.1,4%,52:48:00
,,Xi’an Jiaotong-Liverpool University,,,,,,,,,,,,,,,,,,,,,,,,,,601–800,37.0–41.8,7990.0,18.6,1498.0,15.1,1118.0,70.8,546.0,20.9,1491.0,77.3,291.0,China,19535.0,19.9,4%,51:49:00
,,Xidian University,,,,,,,,,,,,,,,,,,,,,,,,,,601–800,37.0–41.8,8000.0,24.3,1063.0,25.0,616.0,61.0,756.0,77.5,298.0,25.9,1668.0,China,37660.0,15.3,1%,26 : 74
,,Yeungnam University,,,,,,,,,,,,,,,,,,,,,,,,,,601–800,37.0–41.8,8010.0,24.1,1076.0,18.0,921.0,66.8,629.0,47.0,864.0,54.9,678.0,South Korea,19063.0,14.7,5%,50:50:00
,,Zhejiang Normal University,,,,,,,,,,,,,,,,,,,,,,,,,,601–800,37.0–41.8,8020.0,20.3,1353.0,19.0,865.0,75.4,433.0,54.1,736.0,35.6,1292.0,China,28884.0,12.2,5%,
,,Zhengzhou University,,,,,,,,,,,,,,,,,,,,,,,,,,601–800,37.0–41.8,8030.0,18.7,1488.0,19.8,827.0,82.5,274.0,35.8,1081.0,25.2,1700.0,China,74052.0,15.6,4%,48:52:00
,,University of the Aegean,,,,,,,,,,,,,,,,,,,,,,,,,,801–1000,32.7–36.9,8040.0,18.3,1522.0,21.9,733.0,54.4,900.0,80.0,263.0,33.9,1357.0,Greece,20139.0,63.5,1%,55:45:00
,,Ahvaz Jundishapur University of Medical Sciences (AJUMS),,,,,,,,,,,,,,,,,,,,,,,,,,801–1000,32.7–36.9,8050.0,38.1,360.0,10.7,1555.0,58.1,820.0,20.1,1522.0,21.8,1813.0,Iran,8987.0,11.7,3%,67:33:00
,,Al-Azhar University,,,,,,,,,,,,,,,,,,,,,,,,,,801–1000,32.7–36.9,8060.0,19.2,1448.0,10.9,1533.0,69.2,575.0,20.4,1515.0,57.4,633.0,Egypt,269733.0,22.0,9%,42:58:00
,,University of Alcalá,,,,,,,,,,,,,,,,,,,,,,,,,,801–1000,32.7–36.9,8070.0,27.8,812.0,15.1,1109.0,55.0,885.0,41.9,939.0,64.4,495.0,Spain,16260.0,10.4,24%,59:41:00
,,Alexandria University,,,,,,,,,,,,,,,,,,,,,,,,,,801–1000,32.7–36.9,8080.0,17.9,1553.0,17.7,933.0,58.2,817.0,27.2,1253.0,51.4,755.0,Egypt,205777.0,28.7,4%,52:48:00
,,University of Algarve,,,,,,,,,,,,,,,,,,,,,,,,,,801–1000,32.7–36.9,8090.0,18.5,1499.0,19.5,836.0,52.3,955.0,25.3,1325.0,66.4,457.0,Portugal,8878.0,15.0,19%,56:44:00
,,American University in Cairo,,,,,,,,,,,,,,,,,,,,,,,,,,801–1000,32.7–36.9,8100.0,26.7,888.0,24.0,650.0,51.1,993.0,23.0,1400.0,70.3,402.0,Egypt,6034.0,14.2,4%,58:42:00
,,Amity University,,,,,,,,,,,,,,,,,,,,,,,,,,801–1000,32.7–36.9,8110.0,23.6,1102.0,14.0,1203.0,62.3,724.0,20.0,1527.0,31.1,1457.0,India,30989.0,17.1,7%,52:48:00
,,Amrita Vishwa Vidyapeetham,,,,,,,,,,,,,,,,,,,,,,,,,,801–1000,32.7–36.9,8120.0,28.4,779.0,20.5,786.0,60.8,762.0,41.1,952.0,36.9,1244.0,India,22085.0,11.8,5%,
,,"University of the Andes, Colombia",,,,,,,,,,,,,,,,,,,,,,,,,,801–1000,32.7–36.9,8130.0,24.4,1047.0,19.6,830.0,48.4,1045.0,28.5,1217.0,60.8,566.0,Colombia,15951.0,13.5,2%,45:55:00
,,Arak University of Medical Sciences,,,,,,,,,,,,,,,,,,,,,,,,,,801–1000,32.7–36.9,8140.0,31.7,601.0,10.2,1622.0,66.4,639.0,18.9,1594.0,21.2,1834.0,Iran,3545.0,7.4,2%,55:45:00
,,Aristotle University of Thessaloniki,,,,,,,,,,,,,,,,,,,,,,,,,,801–1000,32.7–36.9,8150.0,22.3,1200.0,16.8,980.0,66.3,641.0,52.7,758.0,38.1,1185.0,Greece,49654.0,18.2,5%,58:42:00
,,Arts et Métiers,,,,,,,,,,,,,,,,,,,,,,,,,,801–1000,32.7–36.9,8160.0,31.1,635.0,19.5,837.0,35.2,1318.0,67.7,486.0,67.0,445.0,France,5970.0,16.3,12%,0.806944444
,,Aswan University,,,,,,,,,,,,,,,,,,,,,,,,,,801–1000,32.7–36.9,8170.0,16.7,1649.0,12.1,1396.0,75.6,427.0,18.4,1631.0,50.4,791.0,Egypt,35992.0,45.4,1%,51:49:00
,,Athens University of Economics and Business,,,,,,,,,,,,,,,,,,,,,,,,,,801–1000,32.7–36.9,8180.0,18.1,1538.0,23.6,667.0,53.3,937.0,57.8,684.0,44.5,973.0,Greece,10477.0,53.7,5%,45:55:00
,,Bahçeşehir University,,,,,,,,,,,,,,,,,,,,,,,,,,801–1000,32.7–36.9,8190.0,19.5,1417.0,24.4,631.0,59.4,792.0,39.6,987.0,61.2,556.0,Turkey,18795.0,47.9,22%,50:50:00
,,Bahria University,,,,,,,,,,,,,,,,,,,,,,,,,,801–1000,32.7–36.9,8200.0,14.2,1791.0,9.7,1682.0,77.3,386.0,16.2,1833.0,48.7,840.0,Pakistan,20224.0,20.3,1%,45:55:00
,,University of the Balearic Islands,,,,,,,,,,,,,,,,,,,,,,,,,,801–1000,32.7–36.9,8210.0,26.8,882.0,15.1,1110.0,56.4,858.0,32.0,1142.0,58.1,621.0,Spain,12276.0,9.4,8%,60:40:00
,,University of Belgrade,,,,,,,,,,,,,,,,,,,,,,,,,,801–1000,32.7–36.9,8220.0,21.3,1279.0,27.0,540.0,49.4,1030.0,34.0,1109.0,42.3,1038.0,Serbia,91494.0,18.2,5%,62:38:00
,,University of Bergamo,,,,,,,,,,,,,,,,,,,,,,,,,,801–1000,32.7–36.9,8230.0,19.4,1428.0,21.2,758.0,59.6,790.0,33.3,1125.0,37.5,1217.0,Italy,21846.0,54.8,7%,63:37:00
,,"Birla Institute of Technology and Science, Pilani",,,,,,,,,,,,,,,,,,,,,,,,,,801–1000,32.7–36.9,8240.0,23.7,1098.0,17.0,971.0,67.4,612.0,31.7,1146.0,25.1,1701.0,India,16339.0,16.2,2%,0.888888889
,,BRAC University,,,,,,,,,,,,,,,,,,,,,,,,,,801–1000,32.7–36.9,8250.0,14.8,1765.0,12.3,1374.0,71.1,533.0,15.7,1894.0,42.2,1044.0,Bangladesh,13027.0,16.9,1%,43:57:00
,,Université de Bretagne Occidentale,,,,,,,,,,,,,,,,,,,,,,,,,,801–1000,32.7–36.9,8260.0,20.3,1346.0,19.6,831.0,52.0,959.0,47.8,847.0,60.5,574.0,France,23163.0,33.1,11%,59:41:00
,,University of Brighton,,,,,,,,,,,,,,,,,,,,,,,,,,801–1000,32.7–36.9,8270.0,19.8,1387.0,16.5,1004.0,53.9,916.0,60.9,627.0,84.4,196.0,United Kingdom,14525.0,18.0,22%,60:40:00
,,Bucharest University of Economic Studies,,,,,,,,,,,,,,,,,,,,,,,,,,801–1000,32.7–36.9,8280.0,19.7,1397.0,11.6,1451.0,75.9,418.0,20.8,1493.0,27.8,1585.0,Romania,23419.0,16.3,4%,62:38:00
,,Cairo University,,,,,,,,,,,,,,,,,,,,,,,,,,801–1000,32.7–36.9,8290.0,25.0,1003.0,18.5,887.0,59.9,784.0,39.2,999.0,45.4,945.0,Egypt,202915.0,30.9,5%,60:40:00
,,University of Camerino (Unicam),,,,,,,,,,,,,,,,,,,,,,,,,,801–1000,32.7–36.9,8300.0,18.0,1547.0,17.6,935.0,58.6,808.0,60.0,646.0,53.0,710.0,Italy,8586.0,30.1,9%,52:48:00
,,Carlos III University of Madrid,,,,,,,,,,,,,,,,,,,,,,,,,,801–1000,32.7–36.9,8310.0,29.5,720.0,20.8,779.0,42.9,1167.0,66.9,501.0,60.0,582.0,Spain,18722.0,11.2,12%,47:53:00
,,University of Castilla-La Mancha,,,,,,,,,,,,,,,,,,,,,,,,,,801–1000,32.7–36.9,8320.0,24.2,1066.0,17.2,954.0,53.7,925.0,46.3,875.0,42.0,1049.0,Spain,23045.0,12.8,7%,57:43:00
,,Catholic University of Portugal,,,,,,,,,,,,,,,,,,,,,,,,,,801–1000,32.7–36.9,8330.0,19.6,1410.0,18.7,880.0,64.4,684.0,25.6,1310.0,55.7,665.0,Portugal,11543.0,22.2,17%,62:38:00
,,Changsha University of Science and Technology,,,,,,,,,,,,,,,,,,,,,,,,,,801–1000,32.7–36.9,8340.0,16.8,1639.0,13.5,1248.0,76.5,402.0,41.6,945.0,27.9,1578.0,China,35014.0,16.0,1%,36 : 64
,,Chapman University,,,,,,,,,,,,,,,,,,,,,,,,,,801–1000,32.7–36.9,8350.0,36.9,390.0,14.7,1144.0,48.1,1053.0,59.2,658.0,46.8,895.0,United States,9231.0,12.0,7%,61:39:00
,,Charles Sturt University,,,,,,,,,,,,,,,,,,,,,,,,,,801–1000,32.7–36.9,8360.0,18.5,1501.0,17.9,924.0,55.1,883.0,58.0,679.0,66.3,459.0,Australia,21133.0,24.6,13%,63:37:00
,,Institute of Chemical Technology,,,,,,,,,,,,,,,,,,,,,,,,,,801–1000,32.7–36.9,8370.0,37.5,377.0,20.7,782.0,51.0,994.0,57.9,682.0,17.4,1902.0,India,2550.0,17.2,0%,30 : 70
,,Chengdu University,,,,,,,,,,,,,,,,,,,,,,,,,,801–1000,32.7–36.9,8380.0,18.5,1502.0,14.5,1159.0,74.1,463.0,28.5,1219.0,28.2,1568.0,China,24154.0,16.3,2%,55:45:00
,,Chiang Mai University,,,,,,,,,,,,,,,,,,,,,,,,,,801–1000,32.7–36.9,8390.0,28.5,772.0,19.1,858.0,46.3,1086.0,58.1,678.0,39.5,1131.0,Thailand,33649.0,13.6,4%,61:39:00
,,Chiba University,,,,,,,,,,,,,,,,,,,,,,,,,,801–1000,32.7–36.9,8400.0,33.2,532.0,20.9,774.0,42.0,1181.0,68.9,456.0,33.9,1358.0,Japan,13832.0,8.9,6%,38 : 62
,,University of Chile,,,,,,,,,,,,,,,,,,,,,,,,,,801–1000,32.7–36.9,8410.0,25.9,942.0,19.8,823.0,50.5,1007.0,57.4,694.0,52.9,717.0,Chile,39510.0,16.4,5%,51:49:00
,,China University of Petroleum (East China),,,,,,,,,,,,,,,,,,,,,,,,,,801–1000,32.7–36.9,8420.0,22.2,1209.0,23.0,685.0,54.3,902.0,68.2,474.0,23.8,1747.0,China,29292.0,17.0,2%,33 : 67
,,Chonnam National University,,,,,,,,,,,,,,,,,,,,,,,,,,801–1000,32.7–36.9,8430.0,28.5,773.0,28.3,508.0,43.6,1148.0,57.5,692.0,32.8,1392.0,South Korea,22051.0,17.7,7%,49:51:00
,,Chungnam National University,,,,,,,,,,,,,,,,,,,,,,,,,,801–1000,32.7–36.9,8440.0,29.9,691.0,29.7,480.0,34.9,1329.0,71.7,390.0,26.0,1661.0,South Korea,20334.0,19.8,4%,47:53:00
,,Clarkson University,,,,,,,,,,,,,,,,,,,,,,,,,,801–1000,32.7–36.9,8450.0,29.9,692.0,18.0,915.0,41.2,1196.0,67.4,489.0,63.3,511.0,United States,3871.0,15.5,8%,34 : 66
,,University of Clermont Auvergne,,,,,,,,,,,,,,,,,,,,,,,,,,801–1000,32.7–36.9,8460.0,21.8,1244.0,18.1,912.0,54.2,909.0,61.6,620.0,68.3,428.0,France,37049.0,21.2,15%,57:43:00
,,University of la Costa,,,,,,,,,,,,,,,,,,,,,,,,,,801–1000,32.7–36.9,8470.0,13.2,1834.0,10.7,1557.0,74.2,460.0,16.3,1824.0,54.9,677.0,Colombia,12000.0,18.1,1%,42:58:00
,,Covenant University,,,,,,,,,,,,,,,,,,,,,,,,,,801–1000,32.7–36.9,8480.0,24.7,1024.0,24.4,633.0,56.6,856.0,24.2,1358.0,54.3,688.0,Nigeria,8940.0,17.5,0%,37 : 63
,,CY Cergy Paris University,,,,,,,,,,,,,,,,,,,,,,,,,,801–1000,32.7–36.9,8490.0,23.8,1091.0,25.3,595.0,44.4,1136.0,56.6,707.0,92.7,89.0,France,16082.0,19.5,26%,52:48:00
,,Czech University of Life Sciences Prague (CZU),,,,,,,,,,,,,,,,,,,,,,,,,,801–1000,32.7–36.9,8500.0,20.1,1365.0,15.4,1086.0,50.8,998.0,50.2,803.0,76.4,303.0,Czech Republic,19126.0,18.3,26%,50:50:00
,,Damietta University,,,,,,,,,,,,,,,,,,,,,,,,,,801–1000,32.7–36.9,8510.0,16.4,1666.0,9.4,1726.0,73.0,483.0,17.4,1709.0,46.1,925.0,Egypt,32299.0,33.9,1%,63:37:00
,,University of Delhi,,,,,,,,,,,,,,,,,,,,,,,,,,801–1000,32.7–36.9,8520.0,40.4,295.0,24.2,642.0,39.0,1240.0,40.5,969.0,23.3,1766.0,India,29532.0,23.8,1%,48:52:00
,,Delhi Technological University,,,,,,,,,,,,,,,,,,,,,,,,,,801–1000,32.7–36.9,8530.0,16.9,1630.0,20.1,803.0,76.7,400.0,28.5,1220.0,19.7,1876.0,India,12730.0,23.4,3%,0.970833333
,,University of Deusto,,,,,,,,,,,,,,,,,,,,,,,,,,801–1000,32.7–36.9,8540.0,22.5,1186.0,23.2,676.0,54.3,904.0,36.6,1059.0,42.3,1040.0,Spain,9570.0,18.8,6%,57:43:00
,,University of Dhaka,,,,,,,,,,,,,,,,,,,,,,,,,,801–1000,32.7–36.9,8550.0,17.5,1594.0,10.0,1639.0,68.8,585.0,18.1,1657.0,48.5,850.0,Bangladesh,216258.0,15.3,3%,50:50:00
,,Eötvös Loránd University,,,,,,,,,,,,,,,,,,,,,,,,,,801–1000,32.7–36.9,8560.0,28.6,764.0,19.2,855.0,57.3,836.0,33.4,1124.0,51.3,760.0,Hungary,30414.0,17.8,11%,61:39:00
,,Federal University of Minas Gerais,,,,,,,,,,,,,,,,,,,,,,,,,,801–1000,32.7–36.9,8570.0,40.2,302.0,23.3,675.0,43.3,1157.0,50.8,794.0,33.4,1375.0,Brazil,42080.0,13.5,1%,53:47:00
,,Universidade Federal de Santa Catarina,,,,,,,,,,,,,,,,,,,,,,,,,,801–1000,32.7–36.9,8580.0,32.5,569.0,21.6,746.0,41.6,1191.0,64.2,562.0,35.3,1307.0,Brazil,42576.0,17.7,2%,49:51:00
,,Universidade Federal de São Paulo (UNIFESP),,,,,,,,,,,,,,,,,,,,,,,,,,801–1000,32.7–36.9,8590.0,33.2,533.0,22.5,708.0,48.2,1049.0,47.2,859.0,35.2,1309.0,Brazil,19803.0,11.3,1%,59:41:00
,,Ferdowsi University of Mashhad,,,,,,,,,,,,,,,,,,,,,,,,,,801–1000,32.7–36.9,8600.0,28.6,765.0,26.8,546.0,48.2,1050.0,45.4,888.0,38.6,1167.0,Iran,25009.0,30.5,11%,54:46:00
,,Florida Atlantic University,,,,,,,,,,,,,,,,,,,,,,,,,,801–1000,32.7–36.9,8610.0,22.5,1187.0,21.9,734.0,57.3,837.0,57.6,691.0,51.8,745.0,United States,25031.0,19.8,6%,63:37:00
,,Florida Institute of Technology,,,,,,,,,,,,,,,,,,,,,,,,,,801–1000,32.7–36.9,8620.0,29.0,743.0,16.4,1015.0,45.2,1113.0,54.8,729.0,80.4,250.0,United States,5434.0,15.9,20%,42:58:00
,,University of the Free State,,,,,,,,,,,,,,,,,,,,,,,,,,801–1000,32.7–36.9,8630.0,22.4,1192.0,18.7,881.0,56.4,859.0,26.9,1261.0,51.7,749.0,South Africa,33247.0,35.6,2%,63:37:00
,,Fuzhou University,,,,,,,,,,,,,,,,,,,,,,,,,,801–1000,32.7–36.9,8640.0,18.9,1471.0,16.5,1007.0,71.5,521.0,53.2,747.0,36.7,1254.0,China,42106.0,17.4,1%,39 : 61
,,University of Girona,,,,,,,,,,,,,,,,,,,,,,,,,,801–1000,32.7–36.9,8650.0,20.8,1314.0,22.4,715.0,56.3,860.0,55.0,722.0,56.8,646.0,Spain,14158.0,21.0,14%,58:42:00
,,University of Gloucestershire,,,,,,,,,,,,,,,,,,,,,,,,,,801–1000,32.7–36.9,8660.0,17.4,1598.0,14.0,1204.0,57.6,827.0,34.5,1100.0,65.7,468.0,United Kingdom,6880.0,17.0,12%,59:41:00
,,Gorgan University of Agricultural Sciences and Natural Resources,,,,,,,,,,,,,,,,,,,,,,,,,,801–1000,32.7–36.9,8670.0,15.8,1707.0,11.3,1485.0,78.0,367.0,34.2,1107.0,35.7,1289.0,Iran,3980.0,21.5,1%,50:50:00
,,Guangzhou University,,,,,,,,,,,,,,,,,,,,,,,,,,801–1000,32.7–36.9,8680.0,19.4,1430.0,12.7,1335.0,77.1,393.0,22.4,1421.0,35.9,1283.0,China,37527.0,17.5,0%,60:40:00
,,Guangzhou Medical University,,,,,,,,,,,,,,,,,,,,,,,,,,801–1000,32.7–36.9,8690.0,24.2,1069.0,10.2,1623.0,72.5,496.0,26.6,1278.0,28.5,1559.0,China,14728.0,1.7,2%,58:42:00
,,Guilan University of Medical Sciences,,,,,,,,,,,,,,,,,,,,,,,,,,801–1000,32.7–36.9,8700.0,38.2,359.0,10.4,1600.0,63.7,696.0,16.6,1795.0,21.9,1811.0,Iran,5472.0,11.5,1%,53:47:00
,,Harbin Engineering University,,,,,,,,,,,,,,,,,,,,,,,,,,801–1000,32.7–36.9,8710.0,28.1,802.0,30.6,451.0,43.6,1149.0,64.9,548.0,24.4,1726.0,China,33528.0,19.8,2%,0.970833333
,,Hazara University Mansehra,,,,,,,,,,,,,,,,,,,,,,,,,,801–1000,32.7–36.9,8720.0,27.1,868.0,10.7,1559.0,70.9,540.0,16.7,1784.0,49.0,828.0,Pakistan,11056.0,21.3,0%,54:46:00
,,Howard University,,,,,,,,,,,,,,,,,,,,,,,,,,801–1000,32.7–36.9,8730.0,48.0,160.0,18.8,874.0,41.6,1192.0,39.8,982.0,39.3,1140.0,United States,10199.0,9.7,5%,71:29:00
,,University of Ibadan,,,,,,,,,,,,,,,,,,,,,,,,,,801–1000,32.7–36.9,8740.0,27.6,832.0,14.4,1163.0,59.3,795.0,24.4,1354.0,41.0,1080.0,Nigeria,41269.0,19.7,0%,50:50:00
,,Ilam University of Medical Sciences,,,,,,,,,,,,,,,,,,,,,,,,,,801–1000,32.7–36.9,8750.0,30.8,648.0,12.0,1407.0,65.7,658.0,17.2,1735.0,23.4,1765.0,Iran,2854.0,13.2,5%,52:48:00
,,"Indian Institute of Science Education and Research, Pune",,,,,,,,,,,,,,,,,,,,,,,,,,801–1000,32.7–36.9,8760.0,42.9,242.0,25.1,605.0,35.7,1308.0,25.4,1321.0,38.9,1153.0,India,1654.0,11.1,0%,31 : 69
,,Indian Institute of Technology Gandhinagar,,,,,,,,,,,,,,,,,,,,,,,,,,801–1000,32.7–36.9,8770.0,41.1,278.0,27.2,533.0,39.0,1241.0,26.5,1282.0,29.6,1512.0,India,1848.0,14.9,0%,28 : 72
,,University of Indonesia,,,,,,,,,,,,,,,,,,,,,,,,,,801–1000,32.7–36.9,8780.0,45.5,198.0,23.1,682.0,29.2,1461.0,51.9,774.0,60.3,576.0,Indonesia,41222.0,7.9,14%,70:30:00
,,Indraprastha Institute of Information Technology Delhi,,,,,,,,,,,,,,,,,,,,,,,,,,801–1000,32.7–36.9,8790.0,22.8,1164.0,16.0,1045.0,66.2,646.0,57.8,687.0,44.6,970.0,India,2714.0,23.4,5%,0.929861111
,,Inha University,,,,,,,,,,,,,,,,,,,,,,,,,,801–1000,32.7–36.9,8800.0,31.2,630.0,27.2,534.0,41.7,1189.0,83.9,220.0,38.8,1158.0,South Korea,16035.0,19.2,8%,42:58:00
,,Universitat Internacional de Catalunya,,,,,,,,,,,,,,,,,,,,,,,,,,801–1000,32.7–36.9,8810.0,22.8,1165.0,17.6,937.0,57.0,846.0,21.2,1474.0,65.9,464.0,Spain,5121.0,12.9,27%,64:36:00
,,"International Islamic University, Islamabad",,,,,,,,,,,,,,,,,,,,,,,,,,801–1000,32.7–36.9,8820.0,17.3,1608.0,11.2,1500.0,72.7,490.0,17.6,1692.0,60.0,583.0,Pakistan,23650.0,21.8,7%,54:46:00
,,Isfahan University of Medical Sciences,,,,,,,,,,,,,,,,,,,,,,,,,,801–1000,32.7–36.9,8830.0,45.6,195.0,13.6,1236.0,47.0,1077.0,25.6,1311.0,25.4,1686.0,Iran,10944.0,10.2,3%,60:40:00
,,Islamia College Peshawar,,,,,,,,,,,,,,,,,,,,,,,,,,801–1000,32.7–36.9,8840.0,21.4,1276.0,11.1,1510.0,62.9,708.0,17.1,1743.0,55.6,666.0,Pakistan,6738.0,24.4,3%,27 : 73
,,University of Jaén,,,,,,,,,,,,,,,,,,,,,,,,,,801–1000,32.7–36.9,8850.0,20.7,1321.0,18.8,876.0,64.2,688.0,41.0,953.0,45.4,946.0,Spain,13321.0,16.1,7%,57:43:00
,,Jahangirnagar University,,,,,,,,,,,,,,,,,,,,,,,,,,801–1000,32.7–36.9,8860.0,24.1,1074.0,8.9,1810.0,71.9,509.0,19.5,1561.0,49.7,810.0,Bangladesh,12649.0,17.3,0%,49:51:00
,,Jaume I University,,,,,,,,,,,,,,,,,,,,,,,,,,801–1000,32.7–36.9,8870.0,23.0,1150.0,20.5,787.0,56.5,857.0,47.7,850.0,45.7,939.0,Spain,12194.0,15.2,10%,59:41:00
,,Jawaharlal Nehru Technological University Anantapur (JNTUA),,,,,,,,,,,,,,,,,,,,,,,,,,801–1000,32.7–36.9,8880.0,28.9,749.0,14.1,1193.0,60.7,764.0,17.5,1698.0,19.6,1878.0,India,6175.0,18.1,0%,41:59:00
,,Jaypee University of Information Technology,,,,,,,,,,,,,,,,,,,,,,,,,,801–1000,32.7–36.9,8890.0,23.2,1133.0,16.5,1008.0,70.6,550.0,22.5,1419.0,23.8,1748.0,India,1851.0,18.5,2%,27 : 73
,,Jazan University,,,,,,,,,,,,,,,,,,,,,,,,,,801–1000,32.7–36.9,8900.0,21.0,1300.0,9.9,1652.0,67.3,614.0,19.4,1565.0,77.4,287.0,Saudi Arabia,23176.0,12.4,4%,60:40:00
,,Jeonbuk National University,,,,,,,,,,,,,,,,,,,,,,,,,,801–1000,32.7–36.9,8910.0,30.2,678.0,27.3,530.0,45.0,1119.0,68.1,478.0,34.1,1351.0,South Korea,20118.0,19.6,7%,46:54:00
,,Jiangnan University,,,,,,,,,,,,,,,,,,,,,,,,,,801–1000,32.7–36.9,8920.0,24.7,1027.0,22.4,716.0,60.2,771.0,76.6,308.0,24.0,1742.0,China,31018.0,12.9,1%,
,,Jordan University of Science and Technology,,,,,,,,,,,,,,,,,,,,,,,,,,801–1000,32.7–36.9,8930.0,19.8,1389.0,13.6,1239.0,67.3,615.0,40.8,960.0,61.1,559.0,Jordan,21161.0,13.3,17%,56:44:00
,,JSS Academy of Higher Education and Research,,,,,,,,,,,,,,,,,,,,,,,,,,801–1000,32.7–36.9,8940.0,39.7,317.0,10.6,1572.0,51.9,966.0,22.0,1439.0,51.8,746.0,India,8315.0,9.5,8%,58:42:00
,,Kafrelsheikh University,,,,,,,,,,,,,,,,,,,,,,,,,,801–1000,32.7–36.9,8950.0,14.7,1770.0,9.1,1780.0,76.2,410.0,20.0,1530.0,51.9,741.0,Egypt,72606.0,28.7,2%,48:52:00
,,Kalasalingam Academy of Research and Education,,,,,,,,,,,,,,,,,,,,,,,,,,801–1000,32.7–36.9,8960.0,29.1,739.0,8.9,1812.0,74.8,440.0,19.9,1538.0,30.3,1489.0,India,8049.0,7.5,4%,55:45:00
,,Kaohsiung Medical University,,,,,,,,,,,,,,,,,,,,,,,,,,801–1000,32.7–36.9,8970.0,26.4,915.0,26.1,566.0,44.0,1142.0,81.3,248.0,28.7,1550.0,Taiwan,6528.0,12.2,5%,59:41:00
,,Kazan Federal University,,,,,,,,,,,,,,,,,,,,,,,,,,801–1000,32.7–36.9,8980.0,44.7,210.0,21.7,742.0,32.3,1394.0,42.6,928.0,69.2,417.0,Russian Federation,22464.0,10.8,33%,67:33:00
,,King Faisal University,,,,,,,,,,,,,,,,,,,,,,,,,,801–1000,32.7–36.9,8990.0,19.9,1380.0,12.2,1388.0,68.0,602.0,31.4,1152.0,75.5,323.0,Saudi Arabia,29628.0,14.5,2%,60:40:00
,,King Mongkut’s University of Technology Thonburi,,,,,,,,,,,,,,,,,,,,,,,,,,801–1000,32.7–36.9,9000.0,21.5,1266.0,22.1,723.0,59.5,791.0,71.0,408.0,43.3,1004.0,Thailand,15075.0,20.4,4%,45:55:00
,,Kingston University,,,,,,,,,,,,,,,,,,,,,,,,,,801–1000,32.7–36.9,9010.0,20.0,1374.0,15.3,1095.0,53.2,940.0,52.2,766.0,91.3,111.0,United Kingdom,14660.0,18.9,40%,59:41:00
,,K.N. Toosi University of Technology,,,,,,,,,,,,,,,,,,,,,,,,,,801–1000,32.7–36.9,9020.0,22.6,1177.0,21.0,767.0,60.2,773.0,34.8,1096.0,35.7,1290.0,Iran,8727.0,23.1,1%,34 : 66
,,Kore University of Enna,,,,,,,,,,,,,,,,,,,,,,,,,,801–1000,32.7–36.9,9030.0,18.0,1548.0,12.3,1380.0,71.3,530.0,40.9,957.0,37.3,1227.0,Italy,5052.0,16.0,1%,68:32:00
,,Kumamoto University,,,,,,,,,,,,,,,,,,,,,,,,,,801–1000,32.7–36.9,9040.0,33.6,515.0,19.6,834.0,40.9,1203.0,77.5,295.0,36.5,1257.0,Japan,9384.0,9.8,6%,39 : 61
,,University of Kurdistan,,,,,,,,,,,,,,,,,,,,,,,,,,801–1000,32.7–36.9,9050.0,16.8,1644.0,14.7,1146.0,70.8,543.0,19.0,1590.0,35.9,1284.0,Iran,12714.0,32.2,4%,54:46:00
,,Kyoto Prefectural University of Medicine,,,,,,,,,,,,,,,,,,,,,,,,,,801–1000,32.7–36.9,9060.0,33.6,516.0,16.0,1046.0,47.8,1062.0,68.2,476.0,20.1,1864.0,Japan,1376.0,3.2,1%,47:53:00
,,University of Lahore,,,,,,,,,,,,,,,,,,,,,,,,,,801–1000,32.7–36.9,9070.0,17.6,1586.0,10.2,1625.0,68.8,586.0,20.3,1519.0,52.6,724.0,Pakistan,26010.0,13.5,2%,38 : 62
,,Lahore University of Management Sciences,,,,,,,,,,,,,,,,,,,,,,,,,,801–1000,32.7–36.9,9080.0,23.3,1131.0,16.7,992.0,60.2,774.0,43.1,919.0,53.0,714.0,Pakistan,4735.0,14.2,2%,43:57:00
,,Lakehead University,,,,,,,,,,,,,,,,,,,,,,,,,,801–1000,32.7–36.9,9090.0,17.6,1587.0,24.0,651.0,51.4,982.0,48.7,830.0,59.2,599.0,Canada,8434.0,25.0,19%,56:44:00
,,Lebanese University,,,,,,,,,,,,,,,,,,,,,,,,,,801–1000,32.7–36.9,9100.0,42.8,246.0,22.3,718.0,23.6,1592.0,17.7,1686.0,78.8,266.0,Lebanon,46704.0,14.6,16%,70:30:00
,,Leeds Beckett University,,,,,,,,,,,,,,,,,,,,,,,,,,801–1000,32.7–36.9,9110.0,17.7,1581.0,16.2,1033.0,65.0,673.0,49.9,809.0,67.3,440.0,United Kingdom,20360.0,21.9,15%,54:46:00
,,Lithuanian University of Health Sciences,,,,,,,,,,,,,,,,,,,,,,,,,,801–1000,32.7–36.9,9120.0,27.1,871.0,12.6,1348.0,55.5,877.0,25.5,1319.0,52.9,718.0,Lithuania,6376.0,9.2,23%,74:26:00
,,University of Ljubljana,,,,,,,,,,,,,,,,,,,,,,,,,,801–1000,32.7–36.9,9130.0,24.5,1044.0,20.1,805.0,54.6,894.0,69.8,436.0,42.4,1034.0,Slovenia,40607.0,13.8,9%,60:40:00
,,University of Lleida,,,,,,,,,,,,,,,,,,,,,,,,,,801–1000,32.7–36.9,9140.0,23.5,1111.0,20.1,806.0,58.2,819.0,57.3,698.0,45.4,947.0,Spain,9474.0,16.1,10%,59:41:00
,,Lovely Professional University,,,,,,,,,,,,,,,,,,,,,,,,,,801–1000,32.7–36.9,9150.0,21.5,1267.0,12.8,1326.0,73.7,470.0,17.5,1699.0,43.4,1003.0,India,34961.0,14.7,7%,25 : 75
,,Makerere University,,,,,,,,,,,,,,,,,,,,,,,,,,801–1000,32.7–36.9,9160.0,23.4,1122.0,25.3,596.0,39.6,1226.0,52.1,769.0,68.1,430.0,Uganda,29510.0,19.2,3%,46:54:00
,,University of Malakand,,,,,,,,,,,,,,,,,,,,,,,,,,801–1000,32.7–36.9,9170.0,16.8,1645.0,14.0,1206.0,74.1,464.0,26.7,1273.0,49.2,823.0,Pakistan,8339.0,32.1,1%,26 : 74
,,University of Malta,,,,,,,,,,,,,,,,,,,,,,,,,,801–1000,32.7–36.9,9180.0,23.4,1123.0,16.2,1034.0,60.6,766.0,20.5,1512.0,53.8,696.0,Malta,10056.0,12.3,14%,59:41:00
,,University of Management and Technology,,,,,,,,,,,,,,,,,,,,,,,,,,801–1000,32.7–36.9,9190.0,13.8,1812.0,10.4,1601.0,80.4,315.0,19.1,1581.0,51.3,762.0,Pakistan,23418.0,22.4,2%,50:50:00
,,Mansoura University,,,,,,,,,,,,,,,,,,,,,,,,,,801–1000,32.7–36.9,9200.0,19.5,1422.0,12.4,1366.0,68.1,600.0,31.8,1145.0,74.1,349.0,Egypt,174302.0,40.2,4%,50:50:00
,,Marquette University,,,,,,,,,,,,,,,,,,,,,,,,,,801–1000,32.7–36.9,9210.0,36.9,392.0,18.2,908.0,54.0,914.0,49.3,822.0,33.1,1384.0,United States,10317.0,12.2,3%,58:42:00
,,Medical University of Lodz,,,,,,,,,,,,,,,,,,,,,,,,,,801–1000,32.7–36.9,9220.0,27.4,852.0,11.0,1525.0,67.6,609.0,39.7,986.0,32.3,1412.0,Poland,10237.0,8.4,9%,70:30:00
,,University of Medicine and Pharmacy Carol Davila,,,,,,,,,,,,,,,,,,,,,,,,,,801–1000,32.7–36.9,9230.0,26.3,920.0,11.0,1526.0,62.6,716.0,24.6,1348.0,38.8,1159.0,Romania,12069.0,8.6,16%,68:32:00
,,University of Memphis,,,,,,,,,,,,,,,,,,,,,,,,,,801–1000,32.7–36.9,9240.0,27.5,845.0,19.0,863.0,55.0,887.0,63.0,589.0,35.0,1317.0,United States,16549.0,14.9,5%,62:38:00
,,University of Mohaghegh Ardabili,,,,,,,,,,,,,,,,,,,,,,,,,,801–1000,32.7–36.9,9250.0,19.3,1442.0,17.3,950.0,71.5,523.0,19.7,1548.0,32.9,1391.0,Iran,11773.0,29.7,0%,55:45:00
,,Montana State University,,,,,,,,,,,,,,,,,,,,,,,,,,801–1000,32.7–36.9,9260.0,24.0,1079.0,20.4,792.0,56.3,862.0,63.0,590.0,38.0,1197.0,United States,13795.0,16.3,2%,49:51:00
,,University of Murcia,,,,,,,,,,,,,,,,,,,,,,,,,,801–1000,32.7–36.9,9270.0,25.2,988.0,19.9,819.0,52.6,950.0,61.4,624.0,38.9,1155.0,Spain,28862.0,17.7,5%,62:38:00
,,Nanjing University of Information Science and Technology,,,,,,,,,,,,,,,,,,,,,,,,,,801–1000,32.7–36.9,9280.0,18.0,1550.0,18.3,905.0,68.6,592.0,42.0,937.0,42.4,1035.0,China,35807.0,16.8,4%,
,,Nanjing Medical University,,,,,,,,,,,,,,,,,,,,,,,,,,801–1000,32.7–36.9,9290.0,36.3,419.0,16.5,1009.0,58.1,821.0,41.2,950.0,25.8,1670.0,China,22378.0,9.3,4%,
,,Nanjing Normal University,,,,,,,,,,,,,,,,,,,,,,,,,,801–1000,32.7–36.9,9300.0,25.1,992.0,15.1,1114.0,66.5,636.0,50.7,798.0,29.8,1502.0,China,32700.0,13.5,2%,69:31:00
,,National Autonomous University of Mexico,,,,,,,,,,,,,,,,,,,,,,,,,,801–1000,32.7–36.9,9310.0,29.9,696.0,30.4,459.0,34.4,1341.0,62.5,602.0,58.4,615.0,Mexico,175561.0,17.1,4%,52:48:00
,,National Taipei University of Technology,,,,,,,,,,,,,,,,,,,,,,,,,,801–1000,32.7–36.9,9320.0,27.3,862.0,25.0,611.0,35.8,1307.0,94.1,127.0,41.6,1065.0,Taiwan,9868.0,15.6,10%,28 : 72
,,"National Institute of Technology, Tiruchirappalli",,,,,,,,,,,,,,,,,,,,,,,,,,801–1000,32.7–36.9,9330.0,33.8,500.0,17.1,963.0,60.2,775.0,27.1,1258.0,21.2,1837.0,India,7462.0,20.4,2%,24 : 76
,,The New School,,,,,,,,,,,,,,,,,,,,,,,,,,801–1000,32.7–36.9,9340.0,29.8,699.0,15.5,1083.0,45.8,1102.0,27.2,1257.0,61.1,560.0,United States,8644.0,9.3,34%,73:27:00
,,New Mexico State University (Main campus),,,,,,,,,,,,,,,,,,,,,,,,,,801–1000,32.7–36.9,9350.0,25.8,952.0,22.1,724.0,49.8,1022.0,62.9,592.0,45.6,941.0,United States,12305.0,16.0,6%,58:42:00
,,North China Electric Power University,,,,,,,,,,,,,,,,,,,,,,,,,,801–1000,32.7–36.9,9360.0,22.0,1228.0,23.1,683.0,51.4,984.0,60.1,645.0,22.4,1790.0,China,36736.0,18.6,3%,38 : 62
,,Northeast Normal University,,,,,,,,,,,,,,,,,,,,,,,,,,801–1000,32.7–36.9,9370.0,28.2,799.0,15.6,1077.0,60.9,759.0,45.5,886.0,31.1,1461.0,China,30591.0,18.6,3%,70:30:00
,,University of Northern British Columbia (UNBC),,,,,,,,,,,,,,,,,,,,,,,,,,801–1000,32.7–36.9,9380.0,21.1,1296.0,21.8,739.0,51.7,974.0,21.4,1465.0,52.0,738.0,Canada,2937.0,16.5,12%,61:39:00
,,North South University,,,,,,,,,,,,,,,,,,,,,,,,,,801–1000,32.7–36.9,9390.0,12.9,1850.0,10.0,1643.0,76.1,413.0,15.8,1887.0,43.3,1005.0,Bangladesh,18681.0,21.3,0%,42:58:00
,,Nova Southeastern University,,,,,,,,,,,,,,,,,,,,,,,,,,801–1000,32.7–36.9,9400.0,39.1,331.0,12.2,1389.0,50.1,1020.0,38.9,1008.0,34.4,1342.0,United States,17973.0,16.5,4%,71:29:00
,,Okayama University,,,,,,,,,,,,,,,,,,,,,,,,,,801–1000,32.7–36.9,9410.0,34.6,474.0,21.5,748.0,36.4,1295.0,84.9,210.0,37.2,1231.0,Japan,13027.0,10.0,7%,40 : 60
,,University of Oviedo,,,,,,,,,,,,,,,,,,,,,,,,,,801–1000,32.7–36.9,9420.0,29.0,745.0,18.5,891.0,49.2,1035.0,40.6,965.0,37.8,1205.0,Spain,18657.0,9.2,4%,54:46:00
,,Ozyegin University,,,,,,,,,,,,,,,,,,,,,,,,,,801–1000,32.7–36.9,9430.0,16.3,1680.0,23.9,660.0,53.5,932.0,58.0,680.0,57.7,629.0,Turkey,6181.0,26.7,8%,44:56:00
,,Pablo de Olavide University,,,,,,,,,,,,,,,,,,,,,,,,,,801–1000,32.7–36.9,9440.0,23.8,1095.0,17.5,943.0,58.5,812.0,66.9,506.0,47.8,869.0,Spain,11069.0,12.2,11%,59:41:00
,,Palacký University Olomouc,,,,,,,,,,,,,,,,,,,,,,,,,,801–1000,32.7–36.9,9450.0,23.4,1124.0,23.9,661.0,49.8,1023.0,36.8,1052.0,61.8,546.0,Czech Republic,19474.0,15.2,14%,68:32:00
,,Panthéon-Sorbonne University – Paris 1,,,,,,,,,,,,,,,,,,,,,,,,,,801–1000,32.7–36.9,9460.0,33.9,497.0,31.8,421.0,36.6,1287.0,27.3,1252.0,67.7,436.0,France,36995.0,29.8,20%,62:38:00
,,University of Patras,,,,,,,,,,,,,,,,,,,,,,,,,,801–1000,32.7–36.9,9470.0,19.0,1468.0,17.8,930.0,56.2,863.0,68.4,470.0,35.1,1313.0,Greece,31172.0,29.4,5%,51:49:00
,,UPES,,,,,,,,,,,,,,,,,,,,,,,,,,801–1000,32.7–36.9,9480.0,28.3,789.0,16.7,993.0,63.7,699.0,17.1,1747.0,50.7,782.0,India,11792.0,11.0,0%,31 : 69
,,Université de Poitiers,,,,,,,,,,,,,,,,,,,,,,,,,,801–1000,32.7–36.9,9490.0,28.6,768.0,25.7,585.0,36.0,1300.0,45.0,893.0,58.9,605.0,France,29280.0,31.5,11%,57:43:00
,,Pontifical Catholic University of Rio de Janeiro (PUC-Rio),,,,,,,,,,,,,,,,,,,,,,,,,,801–1000,32.7–36.9,9500.0,33.4,529.0,30.5,456.0,37.1,1276.0,62.9,593.0,43.2,1014.0,Brazil,13154.0,18.7,2%,50:50:00
,,Portland State University,,,,,,,,,,,,,,,,,,,,,,,,,,801–1000,32.7–36.9,9510.0,22.1,1224.0,23.2,679.0,55.7,871.0,54.7,733.0,35.0,1319.0,United States,18763.0,20.5,5%,58:42:00
,,University of the Punjab,,,,,,,,,,,,,,,,,,,,,,,,,,801–1000,32.7–36.9,9520.0,27.7,825.0,14.7,1149.0,62.4,723.0,24.9,1341.0,46.7,905.0,Pakistan,28692.0,22.0,1%,52:48:00
,,Qassim University,,,,,,,,,,,,,,,,,,,,,,,,,,801–1000,32.7–36.9,9530.0,36.0,428.0,20.4,794.0,42.8,1171.0,21.6,1459.0,80.2,254.0,Saudi Arabia,37222.0,10.2,7%,62:38:00
,,Qom University of Medical Sciences,,,,,,,,,,,,,,,,,,,,,,,,,,801–1000,32.7–36.9,9540.0,35.2,457.0,7.3,1900.0,60.0,782.0,17.9,1676.0,22.4,1791.0,Iran,2556.0,9.3,4%,55:45:00
,,University of Regina,,,,,,,,,,,,,,,,,,,,,,,,,,801–1000,32.7–36.9,9550.0,17.8,1571.0,19.5,840.0,62.9,709.0,36.1,1074.0,71.0,391.0,Canada,14167.0,24.6,26%,49:51:00
,,Reichman University,,,,,,,,,,,,,,,,,,,,,,,,,,801–1000,32.7–36.9,9560.0,13.1,1840.0,16.6,1002.0,64.3,686.0,31.4,1153.0,63.6,510.0,Israel,8585.0,35.0,28%,52:48:00
,,University of Rennes 1,,,,,,,,,,,,,,,,,,,,,,,,,,801–1000,32.7–36.9,9570.0,32.1,586.0,17.9,925.0,44.7,1127.0,64.0,571.0,63.8,505.0,France,27592.0,17.5,12%,52:48:00
,,Robert Gordon University,,,,,,,,,,,,,,,,,,,,,,,,,,801–1000,32.7–36.9,9580.0,17.5,1595.0,13.2,1287.0,53.4,935.0,36.0,1075.0,87.1,164.0,United Kingdom,10095.0,21.0,26%,60:40:00
,,Rochester Institute of Technology,,,,,,,,,,,,,,,,,,,,,,,,,,801–1000,32.7–36.9,9590.0,22.9,1159.0,20.2,801.0,58.4,814.0,60.7,629.0,46.3,920.0,United States,14249.0,16.0,13%,37 : 63
,,University of Roehampton,,,,,,,,,,,,,,,,,,,,,,,,,,801–1000,32.7–36.9,9600.0,23.0,1152.0,21.5,749.0,52.0,963.0,35.8,1080.0,85.0,188.0,United Kingdom,8245.0,19.6,36%,67:33:00
,,University of Salamanca,,,,,,,,,,,,,,,,,,,,,,,,,,801–1000,32.7–36.9,9610.0,32.0,592.0,21.8,740.0,50.4,1013.0,39.9,981.0,53.6,701.0,Spain,24707.0,14.7,13%,61:39:00
,,University of Salford,,,,,,,,,,,,,,,,,,,,,,,,,,801–1000,32.7–36.9,9620.0,18.8,1482.0,15.0,1124.0,61.1,752.0,46.9,865.0,82.2,221.0,United Kingdom,20010.0,20.3,23%,55:45:00
,,San Diego State University,,,,,,,,,,,,,,,,,,,,,,,,,,801–1000,32.7–36.9,9630.0,21.5,1272.0,11.9,1417.0,71.1,535.0,58.3,672.0,37.0,1240.0,United States,32069.0,28.1,5%,58:42:00
,,Savitribai Phule Pune University,,,,,,,,,,,,,,,,,,,,,,,,,,801–1000,32.7–36.9,9640.0,44.0,220.0,11.8,1430.0,54.5,897.0,22.8,1410.0,25.2,1697.0,India,5871.0,9.6,4%,44:56:00
,,Sechenov University,,,,,,,,,,,,,,,,,,,,,,,,,,801–1000,32.7–36.9,9650.0,32.6,568.0,17.1,966.0,47.7,1067.0,39.4,996.0,62.1,540.0,Russian Federation,15885.0,8.1,26%,69:31:00
,,University of Seoul,,,,,,,,,,,,,,,,,,,,,,,,,,801–1000,32.7–36.9,9660.0,28.8,754.0,26.1,567.0,41.0,1201.0,52.1,770.0,34.9,1322.0,South Korea,9929.0,14.4,4%,42:58:00
,,University of Seville,,,,,,,,,,,,,,,,,,,,,,,,,,801–1000,32.7–36.9,9670.0,23.8,1096.0,24.5,630.0,53.6,930.0,50.8,795.0,44.6,971.0,Spain,52335.0,16.7,8%,55:45:00
,,Shahrekord University of Medical Sciences,,,,,,,,,,,,,,,,,,,,,,,,,,801–1000,32.7–36.9,9680.0,33.7,511.0,10.5,1592.0,62.1,731.0,17.3,1729.0,20.6,1848.0,Iran,2755.0,9.2,0%,53:47:00
,,Shantou University,,,,,,,,,,,,,,,,,,,,,,,,,,801–1000,32.7–36.9,9690.0,21.2,1289.0,16.4,1020.0,63.0,707.0,33.8,1114.0,42.9,1021.0,China,16620.0,13.3,1%,49:51:00
,,Sheffield Hallam University,,,,,,,,,,,,,,,,,,,,,,,,,,801–1000,32.7–36.9,9700.0,19.4,1437.0,14.4,1170.0,66.7,632.0,33.1,1126.0,64.0,503.0,United Kingdom,26580.0,17.7,12%,55:45:00
,,Shiraz University,,,,,,,,,,,,,,,,,,,,,,,,,,801–1000,32.7–36.9,9710.0,29.3,731.0,24.6,625.0,55.0,888.0,57.4,696.0,29.1,1536.0,Iran,14857.0,20.8,2%,53:47:00
,,Shiraz University of Medical Sciences,,,,,,,,,,,,,,,,,,,,,,,,,,801–1000,32.7–36.9,9720.0,41.7,269.0,12.7,1337.0,55.7,872.0,24.5,1353.0,24.1,1738.0,Iran,9938.0,10.1,2%,56:44:00
,,Shri Mata Vaishno Devi University,,,,,,,,,,,,,,,,,,,,,,,,,,801–1000,32.7–36.9,9730.0,24.7,1030.0,17.2,957.0,68.0,603.0,26.1,1296.0,22.8,1780.0,India,2502.0,20.3,0%,34 : 66
,,Siksha ‘O’ Anusandhan,,,,,,,,,,,,,,,,,,,,,,,,,,801–1000,32.7–36.9,9740.0,37.9,364.0,16.7,995.0,47.7,1068.0,40.8,962.0,19.9,1870.0,India,13808.0,11.9,2%,52:48:00
,,Sogang University,,,,,,,,,,,,,,,,,,,,,,,,,,801–1000,32.7–36.9,9750.0,27.2,865.0,30.6,452.0,39.8,1225.0,73.3,362.0,45.0,960.0,South Korea,9688.0,23.9,19%,47:53:00
,,Institute of Space Technology,,,,,,,,,,,,,,,,,,,,,,,,,,801–1000,32.7–36.9,9760.0,18.6,1497.0,13.3,1280.0,70.5,552.0,16.5,1810.0,47.1,888.0,Pakistan,1869.0,13.4,0%,25 : 75
,,University of Tabuk,,,,,,,,,,,,,,,,,,,,,,,,,,801–1000,32.7–36.9,9770.0,16.9,1633.0,10.4,1603.0,69.0,579.0,26.1,1297.0,75.6,320.0,Saudi Arabia,31635.0,19.5,2%,60:40:00
,,Technical University of Madrid,,,,,,,,,,,,,,,,,,,,,,,,,,801–1000,32.7–36.9,9780.0,26.6,905.0,15.8,1064.0,49.8,1024.0,57.4,697.0,53.8,697.0,Spain,39221.0,15.8,14%,33 : 67
,,"University of Technology, Iraq",,,,,,,,,,,,,,,,,,,,,,,,,,801–1000,32.7–36.9,9790.0,25.8,954.0,9.2,1769.0,65.7,660.0,20.0,1535.0,25.0,1710.0,Iraq,10321.0,6.9,0%,46:54:00
,,University of Texas at El Paso,,,,,,,,,,,,,,,,,,,,,,,,,,801–1000,32.7–36.9,9800.0,24.5,1045.0,28.7,502.0,44.8,1122.0,51.9,777.0,46.8,899.0,United States,18012.0,22.9,6%,55:45:00
,,Tokyo University of Agriculture and Technology,,,,,,,,,,,,,,,,,,,,,,,,,,801–1000,32.7–36.9,9810.0,35.0,463.0,29.1,493.0,29.6,1455.0,84.5,214.0,38.1,1191.0,Japan,5834.0,15.6,7%,34 : 66
,,Tokyo Medical University,,,,,,,,,,,,,,,,,,,,,,,,,,801–1000,32.7–36.9,9820.0,35.1,459.0,17.0,974.0,54.0,915.0,70.4,423.0,21.4,1829.0,Japan,1367.0,3.4,1%,51:49:00
,,Tomsk Polytechnic University,,,,,,,,,,,,,,,,,,,,,,,,,,801–1000,32.7–36.9,9830.0,40.5,294.0,23.5,670.0,31.7,1406.0,54.9,726.0,69.4,413.0,Russian Federation,9741.0,10.6,29%,31 : 69
,,University of Tours,,,,,,,,,,,,,,,,,,,,,,,,,,801–1000,32.7–36.9,9840.0,32.7,562.0,15.9,1056.0,42.2,1179.0,52.9,754.0,61.2,558.0,France,29490.0,21.8,11%,60:40:00
,,University of Trás-os-Montes and Alto Douro,,,,,,,,,,,,,,,,,,,,,,,,,,801–1000,32.7–36.9,9850.0,22.5,1190.0,31.2,439.0,44.6,1131.0,23.5,1384.0,40.5,1103.0,Portugal,6375.0,9.2,6%,53:47:00
,,University of Tunis El Manar,,,,,,,,,,,,,,,,,,,,,,,,,,801–1000,32.7–36.9,9860.0,42.3,258.0,19.9,821.0,31.1,1422.0,49.5,819.0,50.5,790.0,Tunisia,21302.0,9.6,6%,72:28:00
,,Urmia University,,,,,,,,,,,,,,,,,,,,,,,,,,801–1000,32.7–36.9,9870.0,29.6,716.0,19.5,841.0,56.9,850.0,25.8,1307.0,38.0,1199.0,Iran,13300.0,26.4,12%,49:51:00
,,"University of Veterinary and Animal Sciences, Lahore",,,,,,,,,,,,,,,,,,,,,,,,,,801–1000,32.7–36.9,9880.0,22.2,1218.0,17.0,975.0,53.7,928.0,46.7,871.0,55.5,667.0,Pakistan,6980.0,19.2,1%,53:47:00
,,University of Vic – Central University of Catalonia,,,,,,,,,,,,,,,,,,,,,,,,,,801–1000,32.7–36.9,9890.0,19.1,1463.0,13.1,1296.0,70.8,545.0,20.2,1521.0,59.1,602.0,Spain,6925.0,13.1,19%,61:39:00
,,University of Vigo,,,,,,,,,,,,,,,,,,,,,,,,,,801–1000,32.7–36.9,9900.0,25.1,1001.0,17.9,927.0,57.8,826.0,49.5,820.0,47.4,878.0,Spain,17367.0,15.1,5%,52:48:00
,,Vilnius University,,,,,,,,,,,,,,,,,,,,,,,,,,801–1000,32.7–36.9,9910.0,26.6,906.0,17.5,944.0,51.4,985.0,44.4,906.0,46.7,907.0,Lithuania,20901.0,9.1,9%,65:35:00
,,Waseda University,,,,,,,,,,,,,,,,,,,,,,,,,,801–1000,32.7–36.9,9920.0,33.7,512.0,26.2,565.0,43.1,1165.0,56.7,706.0,54.8,680.0,Japan,46013.0,14.3,13%,39 : 61
,,Wenzhou University,,,,,,,,,,,,,,,,,,,,,,,,,,801–1000,32.7–36.9,9930.0,16.2,1689.0,15.0,1127.0,78.1,365.0,27.8,1240.0,34.8,1329.0,China,22633.0,18.6,2%,59:41:00
,,Wenzhou Medical University,,,,,,,,,,,,,,,,,,,,,,,,,,801–1000,32.7–36.9,9940.0,18.4,1521.0,13.6,1245.0,68.7,590.0,38.3,1015.0,42.8,1025.0,China,27976.0,14.6,3%,61:39:00
,,University of Westminster,,,,,,,,,,,,,,,,,,,,,,,,,,801–1000,32.7–36.9,9950.0,19.4,1439.0,18.1,914.0,55.3,882.0,40.0,980.0,87.1,165.0,United Kingdom,17315.0,19.8,48%,60:40:00
,,Yıldız Technical University,,,,,,,,,,,,,,,,,,,,,,,,,,801–1000,32.7–36.9,9960.0,32.1,588.0,28.0,515.0,41.2,1198.0,64.1,567.0,40.9,1086.0,Turkey,19651.0,24.8,13%,43:57:00
,,Yokohama City University,,,,,,,,,,,,,,,,,,,,,,,,,,801–1000,32.7–36.9,9970.0,28.4,784.0,11.3,1497.0,59.4,793.0,62.4,607.0,29.0,1542.0,Japan,5144.0,6.0,3%,55:45:00
,,Zagazig University,,,,,,,,,,,,,,,,,,,,,,,,,,801–1000,32.7–36.9,9980.0,14.2,1795.0,9.2,1771.0,71.4,526.0,49.8,812.0,49.0,830.0,Egypt,166653.0,25.2,2%,52:48:00
,,University of Zaragoza,,,,,,,,,,,,,,,,,,,,,,,,,,801–1000,32.7–36.9,9990.0,28.3,793.0,18.5,893.0,46.4,1085.0,55.7,717.0,42.8,1027.0,Spain,28491.0,10.2,7%,54:46:00
,,ZHAW Zurich University of Applied Sciences,,,,,,,,,,,,,,,,,,,,,,,,,,801–1000,32.7–36.9,10000.0,22.2,1220.0,15.8,1065.0,46.0,1098.0,59.2,660.0,72.4,373.0,Switzerland,11120.0,12.3,11%,52:48:00
,,Zhejiang Gongshang University,,,,,,,,,,,,,,,,,,,,,,,,,,801–1000,32.7–36.9,10010.0,21.8,1249.0,12.6,1355.0,61.1,754.0,30.8,1165.0,44.1,988.0,China,17459.0,11.5,7%,58:42:00
,,University of A Coruña,,,,,,,,,,,,,,,,,,,,,,,,,,1001–1200,28.3–32.6,10020.0,24.2,1064.0,17.5,939.0,45.6,1105.0,36.1,1068.0,36.5,1256.0,Spain,15359.0,12.4,5%,51:49:00
,,"Adam Mickiewicz University, Poznań",,,,,,,,,,,,,,,,,,,,,,,,,,1001–1200,28.3–32.6,10030.0,19.7,1396.0,28.4,505.0,43.5,1153.0,29.6,1193.0,37.8,1203.0,Poland,33268.0,25.0,6%,68:32:00
,,AGH University of Krakow,,,,,,,,,,,,,,,,,,,,,,,,,,1001–1200,28.3–32.6,10040.0,25.8,949.0,20.9,772.0,38.6,1247.0,68.5,465.0,29.9,1495.0,Poland,19189.0,12.2,3%,35 : 65
,,Aichi Medical University,,,,,,,,,,,,,,,,,,,,,,,,,,1001–1200,28.3–32.6,10050.0,30.5,664.0,13.5,1246.0,43.1,1164.0,39.5,992.0,21.5,1820.0,Japan,1315.0,2.9,1%,58:42:00
,,Ain Shams University,,,,,,,,,,,,,,,,,,,,,,,,,,1001–1200,28.3–32.6,10060.0,27.9,808.0,15.3,1090.0,45.8,1101.0,48.0,843.0,51.8,744.0,Egypt,152995.0,13.3,6%,52:48:00
,,Akdeniz University,,,,,,,,,,,,,,,,,,,,,,,,,,1001–1200,28.3–32.6,10070.0,22.7,1170.0,27.3,529.0,42.6,1172.0,54.7,730.0,25.2,1694.0,Turkey,46464.0,47.3,4%,45:55:00
,,Al-Balqa Applied University,,,,,,,,,,,,,,,,,,,,,,,,,,1001–1200,28.3–32.6,10080.0,12.0,1874.0,13.6,1235.0,59.2,800.0,22.5,1416.0,39.3,1138.0,Jordan,27973.0,27.3,2%,59:41:00
,,University of Alicante,,,,,,,,,,,,,,,,,,,,,,,,,,1001–1200,28.3–32.6,10090.0,25.0,1002.0,19.8,822.0,43.8,1143.0,51.6,780.0,44.6,969.0,Spain,22767.0,14.5,10%,59:41:00
,,University of Almería,,,,,,,,,,,,,,,,,,,,,,,,,,1001–1200,28.3–32.6,10100.0,21.7,1250.0,18.9,866.0,48.9,1041.0,33.7,1116.0,42.2,1043.0,Spain,12902.0,17.0,10%,55:45:00
,,An-Najah National University,,,,,,,,,,,,,,,,,,,,,,,,,,1001–1200,28.3–32.6,10110.0,13.3,1829.0,9.8,1665.0,65.4,667.0,21.0,1478.0,61.2,555.0,Palestine,24835.0,21.7,11%,66:34:00
,,University of Applied Sciences and Arts of Western Switzerland,,,,,,,,,,,,,,,,,,,,,,,,,,1001–1200,28.3–32.6,10120.0,24.0,1077.0,13.1,1289.0,38.3,1251.0,33.8,1113.0,87.4,159.0,Switzerland,17933.0,6.5,29%,54:46:00
,,Ateneo de Manila University,,,,,,,,,,,,,,,,,,,,,,,,,,1001–1200,28.3–32.6,10130.0,30.8,646.0,10.8,1544.0,52.4,952.0,27.6,1248.0,33.5,1372.0,Philippines,14168.0,11.1,1%,52:48:00
,,Universidad Autónoma de Chile,,,,,,,,,,,,,,,,,,,,,,,,,,1001–1200,28.3–32.6,10140.0,12.5,1859.0,12.2,1385.0,54.5,895.0,16.1,1846.0,55.4,668.0,Chile,30336.0,25.5,1%,65:35:00
,,Azarbaijan Shahid Madani University,,,,,,,,,,,,,,,,,,,,,,,,,,1001–1200,28.3–32.6,10150.0,14.9,1757.0,15.3,1092.0,67.9,604.0,19.0,1587.0,27.9,1577.0,Iran,7477.0,27.1,2%,61:39:00
,,Babeş-Bolyai University,,,,,,,,,,,,,,,,,,,,,,,,,,1001–1200,28.3–32.6,10160.0,23.3,1127.0,16.8,981.0,46.0,1094.0,35.2,1088.0,39.0,1148.0,Romania,43018.0,21.1,4%,64:36:00
,,Bahauddin Zakariya University,,,,,,,,,,,,,,,,,,,,,,,,,,1001–1200,28.3–32.6,10170.0,19.6,1408.0,12.6,1346.0,58.5,811.0,19.2,1571.0,48.1,864.0,Pakistan,26994.0,27.2,0%,40 : 60
,,Bangladesh Agricultural University (BAU),,,,,,,,,,,,,,,,,,,,,,,,,,1001–1200,28.3–32.6,10180.0,29.5,719.0,9.9,1644.0,45.2,1112.0,22.6,1414.0,49.5,816.0,Bangladesh,6810.0,11.4,1%,45:55:00
,,Bangladesh University of Engineering and Technology,,,,,,,,,,,,,,,,,,,,,,,,,,1001–1200,28.3–32.6,10190.0,21.7,1251.0,15.8,1059.0,50.7,1001.0,35.2,1089.0,29.8,1497.0,Bangladesh,6237.0,13.2,0%,0.970833333
,,Bartin University,,,,,,,,,,,,,,,,,,,,,,,,,,1001–1200,28.3–32.6,10200.0,11.1,1893.0,13.0,1298.0,69.6,563.0,16.3,1822.0,37.4,1221.0,Turkey,11828.0,31.8,11%,39 : 61
,,University of Bedfordshire,,,,,,,,,,,,,,,,,,,,,,,,,,1001–1200,28.3–32.6,10210.0,17.5,1592.0,14.3,1174.0,52.4,953.0,25.6,1309.0,83.9,201.0,United Kingdom,13545.0,29.1,64%,59:41:00
,,Benha University,,,,,,,,,,,,,,,,,,,,,,,,,,1001–1200,28.3–32.6,10220.0,15.7,1716.0,9.2,1755.0,66.5,635.0,18.9,1595.0,49.1,825.0,Egypt,110873.0,30.9,2%,42:58:00
,,Beni-Suef University,,,,,,,,,,,,,,,,,,,,,,,,,,1001–1200,28.3–32.6,10230.0,16.8,1637.0,9.8,1666.0,61.1,750.0,19.5,1557.0,51.4,757.0,Egypt,85158.0,31.6,0%,49:51:00
,,Bowling Green State University,,,,,,,,,,,,,,,,,,,,,,,,,,1001–1200,28.3–32.6,10240.0,22.4,1191.0,13.9,1208.0,52.7,948.0,40.5,968.0,28.9,1543.0,United States,15159.0,17.6,3%,57:43:00
,,Brno University of Technology,,,,,,,,,,,,,,,,,,,,,,,,,,1001–1200,28.3–32.6,10250.0,22.2,1207.0,19.3,846.0,39.0,1238.0,70.3,424.0,58.3,618.0,Czech Republic,18137.0,15.5,25%,28 : 72
,,University of Bucharest,,,,,,,,,,,,,,,,,,,,,,,,,,1001–1200,28.3–32.6,10260.0,24.8,1015.0,21.1,763.0,43.2,1159.0,25.3,1326.0,29.1,1534.0,Romania,32362.0,33.3,2%,70:30:00
,,University of Cadiz,,,,,,,,,,,,,,,,,,,,,,,,,,1001–1200,28.3–32.6,10270.0,20.4,1341.0,16.7,989.0,43.7,1146.0,30.0,1181.0,42.3,1039.0,Spain,19416.0,17.7,8%,55:45:00
,,University of Calcutta,,,,,,,,,,,,,,,,,,,,,,,,,,1001–1200,28.3–32.6,10280.0,40.0,307.0,15.2,1103.0,33.7,1357.0,30.3,1174.0,19.3,1881.0,India,17879.0,14.2,0%,54:46:00
,,Canterbury Christ Church University,,,,,,,,,,,,,,,,,,,,,,,,,,1001–1200,28.3–32.6,10290.0,20.7,1318.0,13.8,1221.0,44.6,1130.0,18.0,1663.0,59.6,592.0,United Kingdom,11155.0,20.1,15%,68:32:00
,,University of Central Lancashire,,,,,,,,,,,,,,,,,,,,,,,,,,1001–1200,28.3–32.6,10300.0,18.3,1524.0,13.8,1222.0,51.9,964.0,34.3,1105.0,82.3,218.0,United Kingdom,21525.0,16.3,28%,58:42:00
,,Central Michigan University,,,,,,,,,,,,,,,,,,,,,,,,,,1001–1200,28.3–32.6,10310.0,28.8,752.0,15.3,1093.0,46.8,1079.0,44.9,894.0,33.4,1374.0,United States,13780.0,18.3,3%,60:40:00
,,"University of Chemistry and Technology, Prague",,,,,,,,,,,,,,,,,,,,,,,,,,1001–1200,28.3–32.6,10320.0,32.8,551.0,14.7,1145.0,29.0,1469.0,45.7,882.0,51.0,770.0,Czech Republic,4061.0,8.3,23%,57:43:00
,,China Pharmaceutical University,,,,,,,,,,,,,,,,,,,,,,,,,,1001–1200,28.3–32.6,10330.0,23.4,1119.0,18.3,900.0,52.8,947.0,73.4,357.0,22.2,1800.0,China,18448.0,16.4,3%,65:35:00
,,Chung Yuan Christian University,,,,,,,,,,,,,,,,,,,,,,,,,,1001–1200,28.3–32.6,10340.0,18.1,1539.0,24.4,632.0,39.0,1239.0,62.6,601.0,41.2,1073.0,Taiwan,15939.0,33.5,7%,46:54:00
,,University of Colombo,,,,,,,,,,,,,,,,,,,,,,,,,,1001–1200,28.3–32.6,10350.0,25.4,974.0,10.6,1569.0,60.2,768.0,18.7,1607.0,39.3,1139.0,Sri Lanka,34058.0,32.0,0%,60:40:00
,,Comenius University in Bratislava,,,,,,,,,,,,,,,,,,,,,,,,,,1001–1200,28.3–32.6,10360.0,31.2,629.0,16.6,997.0,41.8,1184.0,25.0,1335.0,52.6,722.0,Slovakia,21812.0,10.5,15%,65:35:00
,,Czech Technical University in Prague,,,,,,,,,,,,,,,,,,,,,,,,,,1001–1200,28.3–32.6,10370.0,30.9,642.0,18.8,873.0,32.2,1396.0,51.9,773.0,60.2,579.0,Czech Republic,15663.0,8.7,21%,30 : 70
,,Democritus University of Thrace,,,,,,,,,,,,,,,,,,,,,,,,,,1001–1200,28.3–32.6,10380.0,16.1,1692.0,16.5,1006.0,54.3,903.0,32.1,1139.0,30.4,1482.0,Greece,22266.0,36.4,3%,48:52:00
,,University of Desarrollo,,,,,,,,,,,,,,,,,,,,,,,,,,1001–1200,28.3–32.6,10390.0,17.8,1564.0,10.8,1546.0,53.0,941.0,21.2,1471.0,52.2,734.0,Chile,16638.0,14.4,4%,57:43:00
,,Diego Portales University,,,,,,,,,,,,,,,,,,,,,,,,,,1001–1200,28.3–32.6,10400.0,15.3,1737.0,11.8,1423.0,53.8,921.0,18.0,1664.0,53.0,711.0,Chile,18126.0,17.6,2%,50:50:00
,,Université Djillali Liabès de Sidi Bel-Abbès,,,,,,,,,,,,,,,,,,,,,,,,,,1001–1200,28.3–32.6,10410.0,30.6,657.0,9.3,1743.0,46.0,1095.0,16.9,1760.0,37.4,1222.0,Algeria,27917.0,19.7,1%,56:44:00
,,Don State Technical University,,,,,,,,,,,,,,,,,,,,,,,,,,1001–1200,28.3–32.6,10420.0,20.6,1327.0,9.0,1793.0,54.9,890.0,17.9,1673.0,31.7,1436.0,Russian Federation,26030.0,12.4,12%,
,,Dr B.R. Ambedkar National Institute of Technology Jalandhar,,,,,,,,,,,,,,,,,,,,,,,,,,1001–1200,28.3–32.6,10430.0,25.4,975.0,13.2,1284.0,54.6,893.0,22.2,1433.0,17.8,1899.0,India,5462.0,24.1,1%,36 : 64
,,Durban University of Technology,,,,,,,,,,,,,,,,,,,,,,,,,,1001–1200,28.3–32.6,10440.0,17.3,1607.0,11.8,1424.0,62.0,733.0,18.4,1633.0,46.5,915.0,South Africa,27163.0,35.3,1%,55:45:00
,,University of East London,,,,,,,,,,,,,,,,,,,,,,,,,,1001–1200,28.3–32.6,10450.0,21.8,1245.0,15.1,1112.0,41.0,1200.0,28.2,1230.0,84.9,189.0,United Kingdom,14480.0,26.1,52%,56:44:00
,,Edge Hill University,,,,,,,,,,,,,,,,,,,,,,,,,,1001–1200,28.3–32.6,10460.0,18.1,1540.0,13.8,1223.0,55.6,873.0,22.0,1438.0,54.7,681.0,United Kingdom,11910.0,16.4,6%,70:30:00
,,"University of Engineering and Technology, Peshawar",,,,,,,,,,,,,,,,,,,,,,,,,,1001–1200,28.3–32.6,10470.0,13.7,1814.0,11.5,1460.0,60.9,757.0,25.0,1336.0,49.8,804.0,Pakistan,9307.0,21.7,2%,0.315277778
,,University of Engineering & Technology (UET) Lahore,,,,,,,,,,,,,,,,,,,,,,,,,,1001–1200,28.3–32.6,10480.0,18.8,1476.0,9.9,1650.0,53.5,931.0,24.1,1363.0,50.6,786.0,Pakistan,12720.0,13.4,2%,29 : 71
,,European University of Madrid,,,,,,,,,,,,,,,,,,,,,,,,,,1001–1200,28.3–32.6,10490.0,21.5,1263.0,10.9,1536.0,54.3,905.0,17.7,1684.0,61.7,548.0,Spain,11416.0,12.0,30%,50:50:00
,,University of Extremadura,,,,,,,,,,,,,,,,,,,,,,,,,,1001–1200,28.3–32.6,10500.0,24.7,1025.0,12.4,1361.0,51.9,965.0,22.4,1420.0,35.7,1288.0,Spain,20146.0,10.7,3%,55:45:00
,,Fayoum University,,,,,,,,,,,,,,,,,,,,,,,,,,1001–1200,28.3–32.6,10510.0,15.9,1701.0,11.9,1415.0,65.5,663.0,24.9,1339.0,46.4,919.0,Egypt,46689.0,18.0,0%,62:38:00
,,Federal University of São Carlos,,,,,,,,,,,,,,,,,,,,,,,,,,1001–1200,28.3–32.6,10520.0,33.4,524.0,19.8,824.0,33.5,1367.0,44.8,897.0,29.5,1516.0,Brazil,21119.0,16.1,1%,51:49:00
,,Federal University of Technology Akure,,,,,,,,,,,,,,,,,,,,,,,,,,1001–1200,28.3–32.6,10530.0,24.8,1017.0,11.1,1509.0,50.6,1004.0,18.2,1648.0,40.4,1105.0,Nigeria,19711.0,24.5,0%,26 : 74
,,Financial University under the Government of the Russian Federation,,,,,,,,,,,,,,,,,,,,,,,,,,1001–1200,28.3–32.6,10540.0,26.7,891.0,18.0,916.0,50.3,1015.0,30.9,1159.0,34.5,1337.0,Russian Federation,16580.0,13.0,9%,51:49:00
,,Firat University,,,,,,,,,,,,,,,,,,,,,,,,,,1001–1200,28.3–32.6,10550.0,19.2,1452.0,10.3,1609.0,64.5,681.0,19.7,1547.0,31.5,1444.0,Turkey,35348.0,25.4,6%,49:51:00
,,Florida Agricultural and Mechanical University,,,,,,,,,,,,,,,,,,,,,,,,,,1001–1200,28.3–32.6,10560.0,33.4,525.0,16.7,991.0,39.8,1224.0,37.3,1032.0,50.3,795.0,United States,8850.0,15.7,1%,67:33:00
,,University of Franche-Comté,,,,,,,,,,,,,,,,,,,,,,,,,,1001–1200,28.3–32.6,10570.0,21.3,1280.0,15.7,1069.0,40.6,1210.0,44.9,895.0,70.6,399.0,France,24908.0,33.5,11%,58:42:00
,,Fu Jen Catholic University,,,,,,,,,,,,,,,,,,,,,,,,,,1001–1200,28.3–32.6,10580.0,24.0,1078.0,29.2,491.0,26.3,1531.0,65.5,538.0,31.1,1459.0,Taiwan,16382.0,27.2,6%,59:41:00
,,Fujian Agriculture and Forestry University,,,,,,,,,,,,,,,,,,,,,,,,,,1001–1200,28.3–32.6,10590.0,18.3,1527.0,15.5,1082.0,62.0,734.0,34.8,1095.0,32.7,1396.0,China,30262.0,17.1,1%,53:47:00
,,Fujita Health University,,,,,,,,,,,,,,,,,,,,,,,,,,1001–1200,28.3–32.6,10600.0,27.6,831.0,13.0,1301.0,55.4,879.0,53.3,745.0,22.3,1794.0,Japan,3071.0,3.6,1%,58:42:00
,,Gauhati University,,,,,,,,,,,,,,,,,,,,,,,,,,1001–1200,28.3–32.6,10610.0,36.2,420.0,26.6,551.0,23.3,1601.0,34.3,1106.0,22.2,1801.0,India,6817.0,17.3,0%,53:47:00
,,Gdańsk University of Technology,,,,,,,,,,,,,,,,,,,,,,,,,,1001–1200,28.3–32.6,10620.0,19.7,1399.0,17.0,973.0,48.3,1048.0,50.7,797.0,35.0,1316.0,Poland,13903.0,17.9,5%,38 : 62
,,University of Ghana,,,,,,,,,,,,,,,,,,,,,,,,,,1001–1200,28.3–32.6,10630.0,14.9,1759.0,21.3,754.0,42.1,1180.0,37.3,1033.0,52.3,732.0,Ghana,59744.0,35.9,1%,49:51:00
,,Gifu University,,,,,,,,,,,,,,,,,,,,,,,,,,1001–1200,28.3–32.6,10640.0,30.6,658.0,23.2,677.0,29.5,1456.0,65.9,531.0,29.5,1517.0,Japan,7134.0,14.6,4%,38 : 62
,,GLA University,,,,,,,,,,,,,,,,,,,,,,,,,,1001–1200,28.3–32.6,10650.0,16.8,1641.0,10.6,1570.0,63.9,691.0,16.0,1857.0,20.9,1844.0,India,10719.0,16.8,0%,29 : 71
,,University of Gujrat,,,,,,,,,,,,,,,,,,,,,,,,,,1001–1200,28.3–32.6,10660.0,13.4,1827.0,11.3,1486.0,69.5,567.0,16.0,1858.0,45.8,936.0,Pakistan,14741.0,24.7,0%,58:42:00
,,Guru Ghasidas Vishwavidyalaya,,,,,,,,,,,,,,,,,,,,,,,,,,1001–1200,28.3–32.6,10670.0,16.6,1657.0,9.8,1669.0,63.7,697.0,21.6,1456.0,22.3,1795.0,India,8928.0,21.7,0%,40 : 60
,,Hakim Sabzevari University,,,,,,,,,,,,,,,,,,,,,,,,,,1001–1200,28.3–32.6,10680.0,15.3,1738.0,11.5,1462.0,61.6,741.0,16.5,1805.0,38.0,1195.0,Iran,9464.0,22.8,3%,51:49:00
,,Hamamatsu University School of Medicine,,,,,,,,,,,,,,,,,,,,,,,,,,1001–1200,28.3–32.6,10690.0,33.6,513.0,18.3,902.0,36.9,1279.0,58.3,670.0,24.0,1740.0,Japan,1216.0,4.1,3%,48:52:00
,,Huaqiao University,,,,,,,,,,,,,,,,,,,,,,,,,,1001–1200,28.3–32.6,10700.0,15.5,1731.0,14.3,1176.0,48.1,1055.0,28.4,1224.0,70.9,392.0,China,33228.0,17.8,19%,51:49:00
,,Icesi University,,,,,,,,,,,,,,,,,,,,,,,,,,1001–1200,28.3–32.6,10710.0,23.5,1109.0,10.5,1588.0,55.8,865.0,16.1,1848.0,41.1,1077.0,Colombia,6013.0,7.2,2%,53:47:00
,,Ilmenau University of Technology,,,,,,,,,,,,,,,,,,,,,,,,,,1001–1200,28.3–32.6,10720.0,31.0,641.0,21.4,751.0,32.8,1378.0,64.9,549.0,57.1,641.0,Germany,5224.0,18.4,31%,28 : 72
,,IMT Nord Europe,,,,,,,,,,,,,,,,,,,,,,,,,,1001–1200,28.3–32.6,10730.0,32.2,580.0,25.2,601.0,19.7,1683.0,64.8,553.0,73.4,357.0,France,1592.0,15.0,19%,25 : 75
,,Indian Institute of Science Education and Research Kolkata,,,,,,,,,,,,,,,,,,,,,,,,,,1001–1200,28.3–32.6,10740.0,40.8,282.0,19.4,842.0,33.4,1368.0,28.8,1208.0,24.0,1741.0,India,1589.0,12.6,0%,28 : 72
,,Indian Institute of Technology Ropar,,,,,,,,,,,,,,,,,,,,,,,,,,1001–1200,28.3–32.6,10750.0,36.5,410.0,18.4,895.0,44.7,1125.0,27.2,1256.0,23.7,1751.0,India,2486.0,14.9,1%,0.970833333
,,Indian Institute of Technology Mandi,,,,,,,,,,,,,,,,,,,,,,,,,,1001–1200,28.3–32.6,10760.0,36.5,411.0,13.4,1264.0,49.2,1033.0,18.3,1642.0,26.8,1622.0,India,2058.0,12.9,1%,27 : 73
,,University of Ioannina,,,,,,,,,,,,,,,,,,,,,,,,,,1001–1200,28.3–32.6,10770.0,14.0,1801.0,12.4,1364.0,55.9,864.0,47.4,854.0,43.2,1008.0,Greece,32155.0,32.6,5%,54:46:00
,,University of Isfahan,,,,,,,,,,,,,,,,,,,,,,,,,,1001–1200,28.3–32.6,10780.0,30.4,670.0,16.8,984.0,40.9,1202.0,26.2,1289.0,35.5,1295.0,Iran,17182.0,24.0,8%,58:42:00
,,The Islamia University of Bahawalpur,,,,,,,,,,,,,,,,,,,,,,,,,,1001–1200,28.3–32.6,10790.0,16.4,1668.0,11.4,1477.0,66.7,631.0,18.2,1651.0,48.2,860.0,Pakistan,64226.0,47.8,0%,42:58:00
,,Istanbul University,,,,,,,,,,,,,,,,,,,,,,,,,,1001–1200,28.3–32.6,10800.0,23.5,1110.0,22.0,730.0,34.4,1339.0,50.9,793.0,38.2,1181.0,Turkey,61369.0,25.4,9%,56:44:00
,,Istanbul University-Cerrahpaşa,,,,,,,,,,,,,,,,,,,,,,,,,,1001–1200,28.3–32.6,10810.0,26.0,936.0,24.1,647.0,41.7,1190.0,59.8,650.0,26.9,1617.0,Turkey,22236.0,27.8,6%,52:48:00
,,Iuliu Haţieganu University of Medicine and Pharmacy Cluj-Napoca,,,,,,,,,,,,,,,,,,,,,,,,,,1001–1200,28.3–32.6,10820.0,25.8,951.0,10.9,1538.0,54.3,906.0,25.2,1331.0,50.2,797.0,Romania,8258.0,8.9,36%,66:34:00
,,Jadavpur University,,,,,,,,,,,,,,,,,,,,,,,,,,1001–1200,28.3–32.6,10830.0,35.3,451.0,15.8,1060.0,46.0,1096.0,35.4,1083.0,19.2,1883.0,India,14338.0,21.3,0%,31 : 69
,,University of Jeddah,,,,,,,,,,,,,,,,,,,,,,,,,,1001–1200,28.3–32.6,10840.0,17.4,1599.0,9.2,1759.0,51.5,978.0,16.0,1859.0,73.2,360.0,Saudi Arabia,28561.0,14.6,2%,67:33:00
,,Jimma University,,,,,,,,,,,,,,,,,,,,,,,,,,1001–1200,28.3–32.6,10850.0,16.4,1670.0,8.9,1811.0,60.2,772.0,16.2,1836.0,39.2,1142.0,Ethiopia,30186.0,14.9,1%,38 : 62
,,Kanazawa University,,,,,,,,,,,,,,,,,,,,,,,,,,1001–1200,28.3–32.6,10860.0,35.5,448.0,18.8,877.0,35.4,1315.0,70.4,420.0,33.6,1366.0,Japan,10271.0,9.9,6%,37 : 63
,,Kansai Medical University,,,,,,,,,,,,,,,,,,,,,,,,,,1001–1200,28.3–32.6,10870.0,30.0,686.0,10.6,1573.0,51.6,975.0,47.9,846.0,21.0,1841.0,Japan,1217.0,1.6,3%,55:45:00
,,Karlstad University,,,,,,,,,,,,,,,,,,,,,,,,,,1001–1200,28.3–32.6,10880.0,19.9,1379.0,14.4,1165.0,53.8,922.0,29.4,1196.0,57.4,634.0,Sweden,10279.0,12.8,2%,63:37:00
,,Karnatak University Dharwad,,,,,,,,,,,,,,,,,,,,,,,,,,1001–1200,28.3–32.6,10890.0,35.1,458.0,9.7,1688.0,52.5,951.0,21.6,1457.0,27.8,1586.0,India,4968.0,12.1,0%,53:47:00
,,Kerman University of Medical Sciences,,,,,,,,,,,,,,,,,,,,,,,,,,1001–1200,28.3–32.6,10900.0,32.7,559.0,11.8,1426.0,51.2,988.0,20.5,1511.0,25.6,1678.0,Iran,5350.0,3.9,3%,
,,Kharkiv National University of Radio Electronics,,,,,,,,,,,,,,,,,,,,,,,,,,1001–1200,28.3–32.6,10910.0,22.2,1211.0,9.4,1734.0,28.0,1489.0,16.5,1807.0,32.9,1390.0,Ukraine,7744.0,10.8,11%,26 : 74
,,Kindai University,,,,,,,,,,,,,,,,,,,,,,,,,,1001–1200,28.3–32.6,10920.0,18.4,1516.0,11.8,1427.0,51.9,967.0,50.2,804.0,30.9,1468.0,Japan,34545.0,17.7,2%,32 : 68
,,Kohat University of Science and Technology,,,,,,,,,,,,,,,,,,,,,,,,,,1001–1200,28.3–32.6,10930.0,21.9,1238.0,14.2,1189.0,49.0,1039.0,20.8,1495.0,59.5,593.0,Pakistan,7055.0,43.0,0%,26 : 74
,,University of Kragujevac,,,,,,,,,,,,,,,,,,,,,,,,,,1001–1200,28.3–32.6,10940.0,23.8,1092.0,10.7,1560.0,60.0,778.0,21.2,1475.0,31.8,1432.0,Serbia,16543.0,13.7,1%,63:37:00
,,Kurume University,,,,,,,,,,,,,,,,,,,,,,,,,,1001–1200,28.3–32.6,10950.0,27.5,842.0,13.6,1240.0,48.4,1047.0,44.7,899.0,26.3,1653.0,Japan,5007.0,9.0,1%,
,,Kuwait University,,,,,,,,,,,,,,,,,,,,,,,,,,1001–1200,28.3–32.6,10960.0,19.5,1420.0,9.9,1653.0,55.5,876.0,28.9,1204.0,66.4,458.0,Kuwait,34147.0,14.7,13%,73:27:00
,,Kwame Nkrumah University of Science and Technology,,,,,,,,,,,,,,,,,,,,,,,,,,1001–1200,28.3–32.6,10970.0,16.2,1685.0,20.7,783.0,50.8,999.0,52.0,772.0,47.2,883.0,Ghana,71529.0,60.8,1%,38 : 62
,,University of Lagos,,,,,,,,,,,,,,,,,,,,,,,,,,1001–1200,28.3–32.6,10980.0,14.6,1774.0,14.4,1166.0,65.5,665.0,20.9,1485.0,41.5,1066.0,Nigeria,41048.0,27.5,0%,51:49:00
,,University of La Laguna,,,,,,,,,,,,,,,,,,,,,,,,,,1001–1200,28.3–32.6,10990.0,21.9,1239.0,15.8,1062.0,54.7,892.0,28.7,1211.0,50.7,780.0,Spain,19228.0,13.3,5%,58:42:00
,,University of Las Palmas de Gran Canaria,,,,,,,,,,,,,,,,,,,,,,,,,,1001–1200,28.3–32.6,11000.0,19.8,1390.0,16.1,1041.0,45.6,1107.0,25.2,1332.0,42.1,1047.0,Spain,15681.0,17.0,6%,57:43:00
,,University of Latvia,,,,,,,,,,,,,,,,,,,,,,,,,,1001–1200,28.3–32.6,11010.0,18.6,1493.0,27.1,538.0,40.3,1217.0,42.5,930.0,47.6,874.0,Latvia,12125.0,30.2,7%,69:31:00
,,University of Leoben,,,,,,,,,,,,,,,,,,,,,,,,,,1001–1200,28.3–32.6,11020.0,35.2,456.0,13.7,1231.0,31.6,1408.0,58.8,666.0,77.4,288.0,Austria,2496.0,4.2,17%,26 : 74
,,University of León,,,,,,,,,,,,,,,,,,,,,,,,,,1001–1200,28.3–32.6,11030.0,23.2,1134.0,13.6,1241.0,46.7,1082.0,70.3,425.0,36.5,1258.0,Spain,10410.0,12.1,4%,53:47:00
,,Lorestan University,,,,,,,,,,,,,,,,,,,,,,,,,,1001–1200,28.3–32.6,11040.0,27.2,864.0,11.1,1513.0,51.2,990.0,18.3,1644.0,25.7,1675.0,Iran,8762.0,22.7,2%,57:43:00
,,Mae Fah Luang University,,,,,,,,,,,,,,,,,,,,,,,,,,1001–1200,28.3–32.6,11050.0,16.2,1688.0,14.6,1153.0,47.5,1070.0,39.6,988.0,54.0,693.0,Thailand,14768.0,20.7,5%,72:28:00
,,Maharishi Markandeshwar University (MMU),,,,,,,,,,,,,,,,,,,,,,,,,,1001–1200,28.3–32.6,11060.0,26.9,879.0,8.9,1813.0,53.8,923.0,17.6,1693.0,34.3,1344.0,India,9968.0,12.6,8%,43:57:00
,,University of Malaga,,,,,,,,,,,,,,,,,,,,,,,,,,1001–1200,28.3–32.6,11070.0,21.5,1268.0,16.0,1047.0,43.2,1161.0,51.5,782.0,42.2,1045.0,Spain,35595.0,13.3,6%,54:46:00
,,Universiti Malaysia Sarawak (UNIMAS),,,,,,,,,,,,,,,,,,,,,,,,,,1001–1200,28.3–32.6,11080.0,29.9,695.0,19.3,849.0,22.9,1614.0,66.9,505.0,61.0,564.0,Malaysia,12158.0,14.9,13%,71:29:00
,,University of Maragheh,,,,,,,,,,,,,,,,,,,,,,,,,,1001–1200,28.3–32.6,11090.0,12.1,1873.0,16.6,1001.0,55.7,869.0,17.5,1700.0,34.0,1356.0,Iran,3452.0,23.6,0%,55:45:00
,,University of Mazandaran,,,,,,,,,,,,,,,,,,,,,,,,,,1001–1200,28.3–32.6,11100.0,27.5,843.0,18.9,870.0,39.1,1237.0,24.7,1344.0,32.1,1421.0,Iran,13164.0,32.3,7%,62:38:00
,,Medical University of Bialystok,,,,,,,,,,,,,,,,,,,,,,,,,,1001–1200,28.3–32.6,11110.0,39.0,338.0,11.8,1428.0,40.0,1222.0,39.1,1005.0,29.9,1496.0,Poland,5705.0,13.1,8%,77:23:00
,,Medical University of Gdańsk,,,,,,,,,,,,,,,,,,,,,,,,,,1001–1200,28.3–32.6,11120.0,28.7,757.0,10.6,1575.0,47.9,1061.0,39.6,989.0,43.8,995.0,Poland,6340.0,5.4,17%,73:27:00
,,Medical University of Warsaw,,,,,,,,,,,,,,,,,,,,,,,,,,1001–1200,28.3–32.6,11130.0,26.5,910.0,13.5,1254.0,43.6,1152.0,43.3,917.0,31.0,1465.0,Poland,10068.0,6.4,8%,71:29:00
,,"Mehran University of Engineering and Technology, Jamshoro, Pakistan",,,,,,,,,,,,,,,,,,,,,,,,,,1001–1200,28.3–32.6,11140.0,17.1,1618.0,8.1,1873.0,55.6,874.0,16.9,1763.0,50.0,802.0,Pakistan,9704.0,19.9,0%,0.929861111
,,Miguel Hernández University of Elche,,,,,,,,,,,,,,,,,,,,,,,,,,1001–1200,28.3–32.6,11150.0,20.4,1343.0,17.8,928.0,43.8,1144.0,70.7,414.0,41.2,1074.0,Spain,12189.0,16.5,8%,50:50:00
,,Ming Chi University of Technology,,,,,,,,,,,,,,,,,,,,,,,,,,1001–1200,28.3–32.6,11160.0,16.4,1671.0,25.1,606.0,43.4,1155.0,47.1,862.0,29.5,1520.0,Taiwan,4415.0,18.6,2%,25 : 75
,,Minia University,,,,,,,,,,,,,,,,,,,,,,,,,,1001–1200,28.3–32.6,11170.0,17.2,1613.0,9.5,1713.0,66.0,648.0,19.2,1575.0,49.6,815.0,Egypt,75399.0,17.7,1%,54:46:00
,,Mirpur University of Science and Technology,,,,,,,,,,,,,,,,,,,,,,,,,,1001–1200,28.3–32.6,11180.0,11.5,1888.0,9.4,1735.0,60.0,780.0,15.8,1885.0,48.6,847.0,Pakistan,8459.0,23.6,0%,44:56:00
,,Muhimbili University of Health and Allied Sciences,,,,,,,,,,,,,,,,,,,,,,,,,,1001–1200,28.3–32.6,11190.0,18.0,1549.0,13.1,1291.0,55.3,881.0,23.5,1382.0,50.5,789.0,Tanzania,4833.0,14.0,2%,33 : 67
,,Nagoya City University,,,,,,,,,,,,,,,,,,,,,,,,,,1001–1200,28.3–32.6,11200.0,30.4,671.0,17.5,942.0,32.6,1387.0,73.2,364.0,23.6,1756.0,Japan,4540.0,7.4,3%,53:47:00
,,Najran University,,,,,,,,,,,,,,,,,,,,,,,,,,1001–1200,28.3–32.6,11210.0,13.0,1844.0,9.8,1673.0,63.4,702.0,16.1,1853.0,76.1,312.0,Saudi Arabia,21759.0,18.2,2%,62:38:00
,,National Central University,,,,,,,,,,,,,,,,,,,,,,,,,,1001–1200,28.3–32.6,11220.0,30.8,650.0,24.9,618.0,29.7,1453.0,88.8,176.0,44.4,977.0,Taiwan,11001.0,9.5,7%,35 : 65
,,National Chengchi University,,,,,,,,,,,,,,,,,,,,,,,,,,1001–1200,28.3–32.6,11230.0,27.6,834.0,27.8,518.0,24.8,1566.0,60.6,633.0,48.8,837.0,Taiwan,12329.0,14.9,12%,56:44:00
,,National Chung Hsing University,,,,,,,,,,,,,,,,,,,,,,,,,,1001–1200,28.3–32.6,11240.0,23.8,1093.0,25.2,603.0,33.8,1356.0,78.8,280.0,32.5,1404.0,Taiwan,14394.0,15.5,6%,42:58:00
,,National Institute of Technology Warangal,,,,,,,,,,,,,,,,,,,,,,,,,,1001–1200,28.3–32.6,11250.0,25.1,993.0,13.6,1243.0,50.8,1000.0,18.4,1635.0,24.1,1737.0,India,6643.0,19.8,5%,0.929861111
,,Necmettin Erbakan University,,,,,,,,,,,,,,,,,,,,,,,,,,1001–1200,28.3–32.6,11260.0,37.2,386.0,14.1,1199.0,39.0,1243.0,21.4,1464.0,38.7,1162.0,Turkey,18828.0,12.8,13%,52:48:00
,,Nicolaus Copernicus University in Toruń,,,,,,,,,,,,,,,,,,,,,,,,,,1001–1200,28.3–32.6,11270.0,23.8,1094.0,21.1,764.0,38.0,1257.0,30.8,1163.0,33.6,1368.0,Poland,18122.0,12.0,5%,67:33:00
,,Niigata University,,,,,,,,,,,,,,,,,,,,,,,,,,1001–1200,28.3–32.6,11280.0,30.6,661.0,15.0,1123.0,41.8,1185.0,49.7,814.0,29.0,1539.0,Japan,11942.0,7.2,3%,37 : 63
,,Nile University,,,,,,,,,,,,,,,,,,,,,,,,,,1001–1200,28.3–32.6,11290.0,17.3,1609.0,13.3,1278.0,59.7,788.0,42.4,932.0,31.6,1443.0,Egypt,3424.0,14.4,2%,32 : 68
,,Nippon Medical School,,,,,,,,,,,,,,,,,,,,,,,,,,1001–1200,28.3–32.6,11300.0,28.5,775.0,10.7,1563.0,57.1,845.0,50.3,802.0,20.5,1851.0,Japan,939.0,0.9,0%,37 : 63
,,Northwest University,,,,,,,,,,,,,,,,,,,,,,,,,,1001–1200,28.3–32.6,11310.0,24.4,1050.0,15.3,1096.0,51.5,980.0,35.3,1086.0,25.0,1708.0,China,26059.0,13.3,1%,52:48:00
,,Oakland University,,,,,,,,,,,,,,,,,,,,,,,,,,1001–1200,28.3–32.6,11320.0,25.5,972.0,15.9,1054.0,44.5,1134.0,47.7,851.0,39.4,1135.0,United States,15046.0,17.6,4%,58:42:00
,,Óbuda University,,,,,,,,,,,,,,,,,,,,,,,,,,1001–1200,28.3–32.6,11330.0,14.4,1782.0,16.4,1019.0,55.7,870.0,20.7,1501.0,42.6,1029.0,Hungary,10997.0,34.4,7%,0.970833333
,,"University of Occupational and Environmental Health, Japan",,,,,,,,,,,,,,,,,,,,,,,,,,1001–1200,28.3–32.6,11340.0,30.2,679.0,11.7,1445.0,54.8,891.0,46.8,868.0,22.5,1788.0,Japan,1164.0,2.5,1%,52:48:00
,,University of Pécs,,,,,,,,,,,,,,,,,,,,,,,,,,1001–1200,28.3–32.6,11350.0,39.1,333.0,16.5,1011.0,29.9,1445.0,32.0,1144.0,54.3,689.0,Hungary,16267.0,13.7,24%,59:41:00
,,University of Peradeniya,,,,,,,,,,,,,,,,,,,,,,,,,,1001–1200,28.3–32.6,11360.0,18.4,1519.0,9.2,1766.0,58.6,810.0,23.3,1387.0,39.8,1123.0,Sri Lanka,22336.0,13.9,1%,65:35:00
,,Universidad Peruana Cayetano Heredia,,,,,,,,,,,,,,,,,,,,,,,,,,1001–1200,28.3–32.6,11370.0,16.9,1631.0,12.9,1312.0,53.3,938.0,29.8,1188.0,49.8,806.0,Peru,10503.0,15.6,1%,66:34:00
,,University of Peshawar,,,,,,,,,,,,,,,,,,,,,,,,,,1001–1200,28.3–32.6,11380.0,19.4,1434.0,12.2,1391.0,61.0,755.0,17.4,1714.0,47.3,880.0,Pakistan,20494.0,42.7,0%,0.806944444
,,Plekhanov Russian University of Economics,,,,,,,,,,,,,,,,,,,,,,,,,,1001–1200,28.3–32.6,11390.0,25.9,946.0,12.9,1313.0,44.7,1126.0,20.6,1507.0,59.0,603.0,Russian Federation,12595.0,9.1,15%,57:43:00
,,PMAS Arid Agriculture University Rawalpindi,,,,,,,,,,,,,,,,,,,,,,,,,,1001–1200,28.3–32.6,11400.0,18.8,1481.0,11.3,1490.0,53.9,919.0,19.1,1583.0,47.8,870.0,Pakistan,12702.0,44.7,0%,37 : 63
,,Pondicherry University,,,,,,,,,,,,,,,,,,,,,,,,,,1001–1200,28.3–32.6,11410.0,33.5,521.0,18.4,897.0,38.3,1253.0,42.5,931.0,19.4,1880.0,India,8187.0,21.5,1%,46:54:00
,,Pontifical Catholic University of Rio Grande do Sul (PUCRS),,,,,,,,,,,,,,,,,,,,,,,,,,1001–1200,28.3–32.6,11420.0,32.9,549.0,16.9,978.0,42.3,1178.0,39.2,1002.0,35.1,1314.0,Brazil,12686.0,21.1,1%,51:49:00
,,Poznan University of Medical Sciences,,,,,,,,,,,,,,,,,,,,,,,,,,1001–1200,28.3–32.6,11430.0,27.1,872.0,13.4,1271.0,41.2,1197.0,44.4,905.0,34.1,1353.0,Poland,7296.0,6.0,11%,73:27:00
,,Public University of Navarre,,,,,,,,,,,,,,,,,,,,,,,,,,1001–1200,28.3–32.6,11440.0,22.4,1195.0,14.3,1180.0,49.5,1027.0,38.3,1014.0,46.5,916.0,Spain,8215.0,11.8,6%,52:48:00
,,University of Rajshahi,,,,,,,,,,,,,,,,,,,,,,,,,,1001–1200,28.3–32.6,11450.0,15.9,1706.0,9.3,1750.0,59.3,798.0,17.6,1694.0,39.6,1130.0,Bangladesh,22042.0,20.4,0%,34 : 66
,,Razi University,,,,,,,,,,,,,,,,,,,,,,,,,,1001–1200,28.3–32.6,11460.0,27.8,819.0,14.0,1207.0,43.2,1163.0,38.5,1012.0,26.5,1643.0,Iran,10634.0,22.9,4%,60:40:00
,,Riga Technical University,,,,,,,,,,,,,,,,,,,,,,,,,,1001–1200,28.3–32.6,11470.0,26.4,916.0,23.9,662.0,32.0,1400.0,46.4,874.0,57.0,642.0,Latvia,10830.0,31.7,22%,34 : 66
,,Riphah International University,,,,,,,,,,,,,,,,,,,,,,,,,,1001–1200,28.3–32.6,11480.0,14.2,1793.0,9.6,1702.0,67.1,620.0,16.0,1867.0,48.7,842.0,Pakistan,25073.0,18.4,0%,51:49:00
,,Rowan University,,,,,,,,,,,,,,,,,,,,,,,,,,1001–1200,28.3–32.6,11490.0,26.6,903.0,12.4,1371.0,45.9,1100.0,30.8,1164.0,39.0,1150.0,United States,17693.0,14.5,3%,49:51:00
,,Sahand University of Technology,,,,,,,,,,,,,,,,,,,,,,,,,,1001–1200,28.3–32.6,11500.0,20.6,1333.0,14.6,1156.0,57.4,834.0,37.9,1022.0,22.6,1787.0,Iran,5354.0,27.2,1%,43:57:00
,,Universidad San Francisco de Quito,,,,,,,,,,,,,,,,,,,,,,,,,,1001–1200,28.3–32.6,11510.0,22.3,1204.0,11.1,1515.0,48.9,1043.0,17.4,1715.0,67.0,446.0,Ecuador,7874.0,10.2,2%,50:50:00
,,University of Sargodha,,,,,,,,,,,,,,,,,,,,,,,,,,1001–1200,28.3–32.6,11520.0,27.6,835.0,11.9,1418.0,50.5,1009.0,17.7,1688.0,48.1,865.0,Pakistan,19172.0,24.3,0%,55:45:00
,,Semnan University,,,,,,,,,,,,,,,,,,,,,,,,,,1001–1200,28.3–32.6,11530.0,30.7,654.0,12.8,1328.0,50.7,1002.0,18.4,1638.0,22.4,1792.0,Iran,14404.0,15.1,1%,55:45:00
,,University of Sfax,,,,,,,,,,,,,,,,,,,,,,,,,,1001–1200,28.3–32.6,11540.0,33.7,510.0,13.9,1215.0,40.5,1214.0,34.5,1101.0,44.7,968.0,Tunisia,30597.0,12.6,3%,65:35:00
,,​Shahid Chamran University of Ahvaz,,,,,,,,,,,,,,,,,,,,,,,,,,1001–1200,28.3–32.6,11550.0,29.6,715.0,19.3,852.0,34.5,1335.0,51.8,778.0,27.2,1608.0,Iran,15142.0,25.2,5%,
,,Shahrekord University,,,,,,,,,,,,,,,,,,,,,,,,,,1001–1200,28.3–32.6,11560.0,19.4,1436.0,13.5,1255.0,55.8,866.0,17.9,1677.0,22.1,1805.0,Iran,7198.0,20.3,0%,56:44:00
,,Shahrood University of Technology,,,,,,,,,,,,,,,,,,,,,,,,,,1001–1200,28.3–32.6,11570.0,28.3,790.0,17.2,956.0,52.4,954.0,18.7,1612.0,32.4,1408.0,Iran,8326.0,20.7,1%,46:54:00
,,Shanghai Maritime University,,,,,,,,,,,,,,,,,,,,,,,,,,1001–1200,28.3–32.6,11580.0,16.8,1647.0,12.8,1329.0,51.8,972.0,37.4,1031.0,36.0,1278.0,China,23263.0,16.7,2%,45:55:00
,,Shinshu University,,,,,,,,,,,,,,,,,,,,,,,,,,1001–1200,28.3–32.6,11590.0,26.8,885.0,18.0,919.0,34.6,1333.0,63.1,586.0,32.6,1399.0,Japan,10602.0,10.4,3%,32 : 68
,,Siberian Federal University,,,,,,,,,,,,,,,,,,,,,,,,,,1001–1200,28.3–32.6,11600.0,30.4,672.0,24.2,643.0,26.9,1520.0,55.3,719.0,59.5,595.0,Russian Federation,9401.0,18.3,13%,51:49:00
,,Sidi Mohamed Ben Abdellah University,,,,,,,,,,,,,,,,,,,,,,,,,,1001–1200,28.3–32.6,11610.0,26.6,904.0,11.3,1493.0,50.6,1006.0,16.9,1768.0,25.3,1692.0,Morocco,95994.0,55.6,1%,51:49:00
,,University of Social Welfare and Rehabilitation Sciences,,,,,,,,,,,,,,,,,,,,,,,,,,1001–1200,28.3–32.6,11620.0,33.6,517.0,19.9,820.0,33.6,1363.0,27.9,1239.0,34.9,1323.0,Iran,1725.0,10.8,2%,70:30:00
,,University of South Africa,,,,,,,,,,,,,,,,,,,,,,,,,,1001–1200,28.3–32.6,11630.0,24.7,1031.0,19.3,853.0,50.5,1010.0,26.0,1301.0,41.4,1070.0,South Africa,198816.0,114.2,3%,74:26:00
,,University of South Bohemia in České Budějovice,,,,,,,,,,,,,,,,,,,,,,,,,,1001–1200,28.3–32.6,11640.0,21.4,1277.0,18.2,911.0,51.0,995.0,19.5,1562.0,53.0,715.0,Czech Republic,9131.0,14.6,7%,70:30:00
,,University of South Dakota,,,,,,,,,,,,,,,,,,,,,,,,,,1001–1200,28.3–32.6,11650.0,34.5,477.0,15.9,1055.0,33.6,1364.0,36.0,1076.0,29.6,1513.0,United States,6909.0,16.0,3%,63:37:00
,,University of the South Pacific,,,,,,,,,,,,,,,,,,,,,,,,,,1001–1200,28.3–32.6,11660.0,14.1,1799.0,17.6,938.0,53.5,934.0,43.0,923.0,62.9,520.0,Fiji,12622.0,36.9,1%,59:41:00
,,University of South Wales,,,,,,,,,,,,,,,,,,,,,,,,,,1001–1200,28.3–32.6,11670.0,18.3,1531.0,11.8,1431.0,42.0,1182.0,56.5,711.0,77.2,294.0,United Kingdom,15780.0,16.0,21%,53:47:00
,,Staffordshire University,,,,,,,,,,,,,,,,,,,,,,,,,,1001–1200,28.3–32.6,11680.0,17.9,1559.0,11.5,1472.0,48.0,1060.0,21.5,1462.0,64.8,489.0,United Kingdom,11085.0,17.6,12%,48:52:00
,,Suez University,,,,,,,,,,,,,,,,,,,,,,,,,,1001–1200,28.3–32.6,11690.0,13.0,1846.0,8.3,1865.0,70.9,541.0,24.4,1356.0,48.9,833.0,Egypt,17744.0,20.3,2%,54:46:00
,,Suez Canal University,,,,,,,,,,,,,,,,,,,,,,,,,,1001–1200,28.3–32.6,11700.0,19.7,1404.0,8.8,1823.0,57.6,829.0,28.3,1228.0,50.6,787.0,Egypt,45981.0,13.1,1%,52:48:00
,,SWPS University of Social Sciences and Humanities,,,,,,,,,,,,,,,,,,,,,,,,,,1001–1200,28.3–32.6,11710.0,12.8,1855.0,16.4,1022.0,53.0,943.0,16.2,1843.0,52.7,721.0,Poland,15863.0,39.0,7%,77:23:00
,,Symbiosis International University,,,,,,,,,,,,,,,,,,,,,,,,,,1001–1200,28.3–32.6,11720.0,22.1,1226.0,12.1,1403.0,62.7,713.0,18.0,1670.0,40.8,1090.0,India,16408.0,13.0,6%,48:52:00
,,University of Szeged,,,,,,,,,,,,,,,,,,,,,,,,,,1001–1200,28.3–32.6,11730.0,29.9,697.0,15.8,1063.0,40.5,1215.0,48.1,840.0,57.8,627.0,Hungary,20050.0,12.3,20%,56:44:00
,,Taibah University,,,,,,,,,,,,,,,,,,,,,,,,,,1001–1200,28.3–32.6,11740.0,14.4,1783.0,10.2,1628.0,54.2,910.0,18.5,1628.0,76.0,314.0,Saudi Arabia,61471.0,24.4,2%,61:39:00
,,Tallinn University,,,,,,,,,,,,,,,,,,,,,,,,,,1001–1200,28.3–32.6,11750.0,24.8,1022.0,23.0,688.0,42.6,1175.0,22.1,1436.0,59.3,598.0,Estonia,4509.0,9.9,14%,71:29:00
,,Tanta University,,,,,,,,,,,,,,,,,,,,,,,,,,1001–1200,28.3–32.6,11760.0,20.4,1344.0,9.1,1787.0,62.6,717.0,20.0,1534.0,47.8,871.0,Egypt,123577.0,17.3,1%,57:43:00
,,Technical University of Cartagena,,,,,,,,,,,,,,,,,,,,,,,,,,1001–1200,28.3–32.6,11770.0,25.1,998.0,12.7,1339.0,42.9,1169.0,36.3,1067.0,40.7,1093.0,Spain,4549.0,10.1,8%,28 : 72
,,Technological University Dublin,,,,,,,,,,,,,,,,,,,,,,,,,,1001–1200,28.3–32.6,11780.0,19.1,1461.0,13.1,1294.0,45.6,1108.0,66.0,529.0,64.9,486.0,Ireland,20801.0,18.7,18%,44:56:00
,,University of Technology of Troyes,,,,,,,,,,,,,,,,,,,,,,,,,,1001–1200,28.3–32.6,11790.0,31.5,618.0,11.9,1419.0,29.1,1467.0,42.0,938.0,74.8,333.0,France,3174.0,20.1,22%,25 : 75
,,Teesside University,,,,,,,,,,,,,,,,,,,,,,,,,,1001–1200,28.3–32.6,11800.0,19.6,1415.0,13.1,1295.0,52.7,949.0,19.7,1551.0,81.0,241.0,United Kingdom,14085.0,19.4,25%,57:43:00
,,Texas State University,,,,,,,,,,,,,,,,,,,,,,,,,,1001–1200,28.3–32.6,11810.0,17.8,1573.0,16.0,1050.0,47.8,1063.0,31.6,1147.0,43.9,994.0,United States,30895.0,20.0,1%,60:40:00
,,TOBB University of Economics and Technology,,,,,,,,,,,,,,,,,,,,,,,,,,1001–1200,28.3–32.6,11820.0,17.9,1561.0,14.3,1182.0,48.2,1051.0,48.8,828.0,40.5,1102.0,Turkey,4771.0,14.3,1%,47:53:00
,,Tokyo Metropolitan University,,,,,,,,,,,,,,,,,,,,,,,,,,1001–1200,28.3–32.6,11830.0,29.8,701.0,16.2,1037.0,39.2,1234.0,48.0,845.0,36.5,1259.0,Japan,8903.0,10.9,7%,39 : 61
,,Toyohashi University of Technology (TUT),,,,,,,,,,,,,,,,,,,,,,,,,,1001–1200,28.3–32.6,11840.0,28.7,759.0,24.0,654.0,24.7,1568.0,89.8,170.0,43.5,1001.0,Japan,2034.0,10.8,15%,0.602083333
,,Toyota Technological Institute,,,,,,,,,,,,,,,,,,,,,,,,,,1001–1200,28.3–32.6,11850.0,28.7,760.0,16.2,1038.0,38.4,1250.0,57.2,701.0,33.2,1383.0,Japan,503.0,9.7,1%,0.397222222
,,Universiti Tunku Abdul Rahman (UTAR),,,,,,,,,,,,,,,,,,,,,,,,,,1001–1200,28.3–32.6,11860.0,16.8,1648.0,17.1,968.0,48.1,1057.0,53.6,742.0,45.3,954.0,Malaysia,19080.0,17.2,9%,51:49:00
,,Universiti Malaysia Terengganu (UMT),,,,,,,,,,,,,,,,,,,,,,,,,,1001–1200,28.3–32.6,11870.0,19.1,1462.0,18.7,885.0,47.6,1069.0,30.1,1180.0,49.7,813.0,Malaysia,10143.0,16.8,5%,69:31:00
,,Ural Federal University,,,,,,,,,,,,,,,,,,,,,,,,,,1001–1200,28.3–32.6,11880.0,24.9,1012.0,25.9,576.0,34.7,1331.0,50.6,800.0,59.8,588.0,Russian Federation,26883.0,14.0,16%,50:50:00
,,University of Urbino Carlo Bo,,,,,,,,,,,,,,,,,,,,,,,,,,1001–1200,28.3–32.6,11890.0,15.8,1714.0,17.8,932.0,52.2,958.0,33.1,1127.0,52.5,727.0,Italy,15779.0,39.0,6%,63:37:00
,,Urmia University of Technology,,,,,,,,,,,,,,,,,,,,,,,,,,1001–1200,28.3–32.6,11900.0,11.4,1890.0,16.8,987.0,59.9,786.0,16.6,1802.0,27.7,1594.0,Iran,3193.0,30.7,0%,30 : 70
,,USAMV Cluj-Napoca,,,,,,,,,,,,,,,,,,,,,,,,,,1001–1200,28.3–32.6,11910.0,19.9,1383.0,9.1,1789.0,54.5,899.0,23.8,1375.0,40.0,1117.0,Romania,5501.0,17.7,7%,53:47:00
,,Wakayama Medical University,,,,,,,,,,,,,,,,,,,,,,,,,,1001–1200,28.3–32.6,11920.0,33.8,507.0,12.7,1341.0,49.5,1029.0,59.1,661.0,19.6,1879.0,Japan,1810.0,4.3,0%,45:55:00
,,Western Michigan University,,,,,,,,,,,,,,,,,,,,,,,,,,1001–1200,28.3–32.6,11930.0,24.0,1083.0,17.1,970.0,39.2,1235.0,39.3,998.0,43.1,1019.0,United States,16486.0,21.3,8%,53:47:00
,,The University of the West Indies,,,,,,,,,,,,,,,,,,,,,,,,,,1001–1200,28.3–32.6,11940.0,19.7,1405.0,11.8,1433.0,51.9,969.0,31.5,1150.0,47.3,882.0,Jamaica,39257.0,16.3,1%,68:32:00
,,University of West London,,,,,,,,,,,,,,,,,,,,,,,,,,1001–1200,28.3–32.6,11950.0,19.7,1406.0,9.7,1693.0,47.8,1064.0,16.2,1845.0,91.7,103.0,United Kingdom,9835.0,12.9,45%,59:41:00
,,University of Winchester,,,,,,,,,,,,,,,,,,,,,,,,,,1001–1200,28.3–32.6,11960.0,18.9,1474.0,16.3,1030.0,50.5,1011.0,16.0,1869.0,59.8,589.0,United Kingdom,7495.0,17.4,10%,65:35:00
,,University of Wrocław,,,,,,,,,,,,,,,,,,,,,,,,,,1001–1200,28.3–32.6,11970.0,24.3,1062.0,25.9,577.0,35.9,1304.0,25.6,1314.0,44.1,987.0,Poland,17787.0,15.1,7%,67:33:00
,,Yazd University,,,,,,,,,,,,,,,,,,,,,,,,,,1001–1200,28.3–32.6,11980.0,25.3,985.0,17.3,951.0,44.7,1128.0,39.4,997.0,36.1,1274.0,Iran,14204.0,29.7,3%,57:43:00
,,University of Zagreb,,,,,,,,,,,,,,,,,,,,,,,,,,1001–1200,28.3–32.6,11990.0,26.0,941.0,15.9,1058.0,44.7,1129.0,59.7,652.0,31.2,1456.0,Croatia,58474.0,14.8,3%,60:40:00
,,Zewail City of Science and Technology,,,,,,,,,,,,,,,,,,,,,,,,,,1001–1200,28.3–32.6,12000.0,25.8,955.0,17.3,952.0,53.9,920.0,20.5,1514.0,37.7,1213.0,Egypt,1052.0,9.8,0%,48:52:00
,,Zhejiang University of Finance and Economics,,,,,,,,,,,,,,,,,,,,,,,,,,1001–1200,28.3–32.6,12010.0,14.0,1805.0,13.3,1283.0,67.0,622.0,37.5,1029.0,30.5,1479.0,China,18214.0,22.5,3%,63:37:00
,,University of Žilina,,,,,,,,,,,,,,,,,,,,,,,,,,1001–1200,28.3–32.6,12020.0,27.7,828.0,18.0,922.0,48.2,1052.0,30.6,1169.0,31.8,1435.0,Slovakia,7154.0,14.0,3%,32 : 68
,,Acharya Nagarjuna University,,,,,,,,,,,,,,,,,,,,,,,,,,1201–1500,22.8–28.2,12030.0,44.8,207.0,9.6,1694.0,21.2,1655.0,26.0,1299.0,29.2,1529.0,India,5771.0,7.3,7%,32 : 68
,,Adolfo Ibáñez University,,,,,,,,,,,,,,,,,,,,,,,,,,1201–1500,22.8–28.2,12040.0,14.8,1764.0,17.4,945.0,39.2,1232.0,17.1,1741.0,64.1,500.0,Chile,10606.0,25.0,5%,38 : 62
,,"The University of Agriculture, Peshawar",,,,,,,,,,,,,,,,,,,,,,,,,,1201–1500,22.8–28.2,12050.0,15.6,1719.0,10.2,1621.0,36.5,1288.0,22.3,1425.0,48.1,863.0,Pakistan,11262.0,35.3,1%,0.438194444
,,Universitas Airlangga,,,,,,,,,,,,,,,,,,,,,,,,,,1201–1500,22.8–28.2,12060.0,28.6,762.0,12.5,1357.0,31.9,1401.0,19.1,1578.0,57.3,636.0,Indonesia,28816.0,7.2,3%,67:33:00
,,Al-Farabi Kazakh National University,,,,,,,,,,,,,,,,,,,,,,,,,,1201–1500,22.8–28.2,12070.0,24.8,1013.0,11.1,1508.0,27.1,1515.0,25.3,1324.0,72.5,370.0,Kazakhstan,24303.0,5.9,10%,59:41:00
,,Allameh Tabataba ’i University,,,,,,,,,,,,,,,,,,,,,,,,,,1201–1500,22.8–28.2,12080.0,29.1,738.0,14.2,1184.0,28.5,1482.0,19.0,1585.0,32.4,1405.0,Iran,15113.0,29.7,3%,57:43:00
,,Al-Nahrain University,,,,,,,,,,,,,,,,,,,,,,,,,,1201–1500,22.8–28.2,12090.0,27.9,809.0,8.7,1824.0,34.1,1346.0,16.6,1790.0,25.4,1684.0,Iraq,6714.0,5.9,0%,55:45:00
,,University of Al-Qadisiyah,,,,,,,,,,,,,,,,,,,,,,,,,,1201–1500,22.8–28.2,12100.0,18.5,1500.0,7.8,1887.0,55.0,886.0,16.7,1779.0,26.3,1651.0,Iraq,24322.0,16.4,0%,55:45:00
,,Anadolu University,,,,,,,,,,,,,,,,,,,,,,,,,,1201–1500,22.8–28.2,12110.0,22.3,1199.0,11.8,1421.0,41.2,1195.0,22.0,1437.0,32.7,1395.0,Turkey,21491.0,17.0,8%,53:47:00
,,"University of the Andes, Chile",,,,,,,,,,,,,,,,,,,,,,,,,,1201–1500,22.8–28.2,12120.0,20.6,1326.0,15.7,1066.0,30.1,1441.0,17.2,1731.0,50.0,800.0,Chile,9711.0,17.9,2%,66:34:00
,,University of Antofagasta,,,,,,,,,,,,,,,,,,,,,,,,,,1201–1500,22.8–28.2,12130.0,16.9,1629.0,9.4,1721.0,51.7,973.0,17.2,1732.0,53.2,704.0,Chile,8563.0,15.9,2%,55:45:00
,,University of Antioquia,,,,,,,,,,,,,,,,,,,,,,,,,,1201–1500,22.8–28.2,12140.0,17.7,1578.0,20.3,796.0,33.5,1366.0,37.0,1047.0,40.9,1083.0,Colombia,38087.0,21.1,0%,51:49:00
,,"Arab Academy for Science, Technology and Maritime Transport",,,,,,,,,,,,,,,,,,,,,,,,,,1201–1500,22.8–28.2,12150.0,28.1,801.0,12.3,1373.0,32.9,1377.0,22.6,1413.0,53.3,703.0,Egypt,37942.0,13.9,10%,32 : 68
,,Ariel University,,,,,,,,,,,,,,,,,,,,,,,,,,1201–1500,22.8–28.2,12160.0,15.6,1720.0,18.9,867.0,37.0,1277.0,25.9,1303.0,30.9,1467.0,Israel,14234.0,21.4,0%,48:52:00
,,Assiut University,,,,,,,,,,,,,,,,,,,,,,,,,,1201–1500,22.8–28.2,12170.0,16.1,1690.0,10.8,1543.0,48.0,1058.0,22.2,1431.0,52.9,716.0,Egypt,99610.0,22.1,1%,38 : 62
,,Atatürk University,,,,,,,,,,,,,,,,,,,,,,,,,,1201–1500,22.8–28.2,12180.0,19.1,1456.0,16.7,988.0,45.0,1118.0,24.5,1351.0,25.5,1680.0,Turkey,58922.0,31.0,4%,50:50:00
,,Atılım University,,,,,,,,,,,,,,,,,,,,,,,,,,1201–1500,22.8–28.2,12190.0,18.4,1513.0,9.7,1681.0,38.4,1249.0,36.7,1053.0,45.3,952.0,Turkey,9302.0,13.5,7%,44:56:00
,,Austral University of Chile,,,,,,,,,,,,,,,,,,,,,,,,,,1201–1500,22.8–28.2,12200.0,17.3,1604.0,14.7,1142.0,30.2,1436.0,30.9,1158.0,51.4,756.0,Chile,18594.0,16.4,1%,54:46:00
,,Autonomous University of Sinaloa,,,,,,,,,,,,,,,,,,,,,,,,,,1201–1500,22.8–28.2,12210.0,13.5,1818.0,12.1,1397.0,46.7,1081.0,15.9,1871.0,30.2,1490.0,Mexico,74001.0,21.8,1%,56:44:00
,,University of Babylon,,,,,,,,,,,,,,,,,,,,,,,,,,1201–1500,22.8–28.2,12220.0,21.4,1274.0,8.2,1866.0,47.3,1072.0,30.3,1173.0,21.4,1826.0,Iraq,30973.0,14.9,0%,59:41:00
,,Banasthali University,,,,,,,,,,,,,,,,,,,,,,,,,,1201–1500,22.8–28.2,12230.0,34.6,473.0,11.7,1434.0,31.4,1411.0,23.8,1374.0,25.6,1677.0,India,9873.0,16.8,4%,99:01:00
,,Bandung Institute of Technology (ITB),,,,,,,,,,,,,,,,,,,,,,,,,,1201–1500,22.8–28.2,12240.0,23.7,1097.0,17.1,960.0,29.2,1459.0,29.4,1195.0,38.5,1168.0,Indonesia,27774.0,15.3,3%,43:57:00
,,Bayero University,,,,,,,,,,,,,,,,,,,,,,,,,,1201–1500,22.8–28.2,12250.0,17.4,1596.0,9.7,1683.0,43.2,1158.0,16.8,1769.0,49.0,827.0,Nigeria,43027.0,25.4,0%,35 : 65
,,Belarusian State University,,,,,,,,,,,,,,,,,,,,,,,,,,1201–1500,22.8–28.2,12260.0,25.5,969.0,11.5,1458.0,17.0,1731.0,55.4,718.0,66.8,449.0,Belarus,23030.0,7.6,19%,62:38:00
,,Bezmiâlem Vakif University,,,,,,,,,,,,,,,,,,,,,,,,,,1201–1500,22.8–28.2,12270.0,30.4,669.0,11.9,1413.0,26.9,1518.0,21.6,1455.0,27.2,1606.0,Turkey,3622.0,11.8,5%,72:28:00
,,BINUS University,,,,,,,,,,,,,,,,,,,,,,,,,,1201–1500,22.8–28.2,12280.0,20.0,1372.0,17.2,953.0,37.5,1267.0,25.1,1334.0,34.1,1348.0,Indonesia,15185.0,14.2,4%,43:57:00
,,University of Botswana,,,,,,,,,,,,,,,,,,,,,,,,,,1201–1500,22.8–28.2,12290.0,16.8,1638.0,14.2,1185.0,46.5,1083.0,19.9,1536.0,58.4,614.0,Botswana,15370.0,21.8,4%,59:41:00
,,Botswana International University of Science and Technology (BIUST),,,,,,,,,,,,,,,,,,,,,,,,,,1201–1500,22.8–28.2,12300.0,25.5,970.0,11.0,1519.0,35.1,1321.0,16.6,1791.0,77.0,296.0,Botswana,1992.0,8.8,8%,33 : 67
,,Instituto Politécnico de Bragança,,,,,,,,,,,,,,,,,,,,,,,,,,1201–1500,22.8–28.2,12310.0,13.1,1838.0,13.5,1247.0,42.6,1173.0,21.2,1470.0,64.5,493.0,Portugal,9626.0,20.6,34%,53:47:00
,,University of Brasília,,,,,,,,,,,,,,,,,,,,,,,,,,1201–1500,22.8–28.2,12320.0,32.6,563.0,14.9,1130.0,28.7,1479.0,27.7,1242.0,36.9,1245.0,Brazil,46097.0,13.6,1%,52:48:00
,,The British University in Egypt,,,,,,,,,,,,,,,,,,,,,,,,,,1201–1500,22.8–28.2,12330.0,17.5,1593.0,9.5,1708.0,47.7,1065.0,16.3,1823.0,36.9,1246.0,Egypt,10648.0,14.8,3%,47:53:00
,,B. S. Abdur Rahman Crescent Institute of Science and Technology,,,,,,,,,,,,,,,,,,,,,,,,,,1201–1500,22.8–28.2,12340.0,18.6,1489.0,9.9,1646.0,43.6,1147.0,17.4,1708.0,24.6,1719.0,India,7805.0,18.3,0%,31 : 69
,,Bu-Ali Sina University,,,,,,,,,,,,,,,,,,,,,,,,,,1201–1500,22.8–28.2,12350.0,22.3,1201.0,16.5,1005.0,42.8,1170.0,21.1,1476.0,25.3,1689.0,Iran,11153.0,24.1,1%,59:41:00
,,Budapest University of Technology and Economics,,,,,,,,,,,,,,,,,,,,,,,,,,1201–1500,22.8–28.2,12360.0,22.2,1208.0,18.3,899.0,35.8,1305.0,59.3,656.0,37.6,1214.0,Hungary,18621.0,16.9,13%,31 : 69
,,University of Burgos,,,,,,,,,,,,,,,,,,,,,,,,,,1201–1500,22.8–28.2,12370.0,22.1,1221.0,14.7,1143.0,41.7,1188.0,39.7,984.0,38.0,1194.0,Spain,7764.0,13.5,5%,55:45:00
,,Cardiff Metropolitan University,,,,,,,,,,,,,,,,,,,,,,,,,,1201–1500,22.8–28.2,12380.0,20.3,1347.0,12.8,1320.0,34.8,1330.0,41.3,949.0,78.7,272.0,United Kingdom,9665.0,18.1,20%,54:46:00
,,Universidad de Cartagena,,,,,,,,,,,,,,,,,,,,,,,,,,1201–1500,22.8–28.2,12390.0,13.8,1811.0,9.1,1775.0,56.8,851.0,17.2,1733.0,41.2,1072.0,Colombia,21749.0,21.3,1%,59:41:00
,,University of Carthage,,,,,,,,,,,,,,,,,,,,,,,,,,1201–1500,22.8–28.2,12400.0,23.8,1089.0,9.9,1647.0,31.2,1417.0,20.7,1498.0,44.4,975.0,Tunisia,29691.0,10.1,1%,63:37:00
,,Universidad Católica San Antonio de Murcia (UCAM),,,,,,,,,,,,,,,,,,,,,,,,,,1201–1500,22.8–28.2,12410.0,16.7,1650.0,14.3,1175.0,33.9,1351.0,25.3,1327.0,54.2,690.0,Spain,13125.0,19.5,15%,53:47:00
,,Chang Gung University of Science and Technology,,,,,,,,,,,,,,,,,,,,,,,,,,1201–1500,22.8–28.2,12420.0,15.1,1748.0,17.0,972.0,37.2,1271.0,34.9,1092.0,20.3,1857.0,Taiwan,6397.0,25.6,1%,89:11:00
,,University of Chester,,,,,,,,,,,,,,,,,,,,,,,,,,1201–1500,22.8–28.2,12430.0,18.5,1503.0,13.0,1299.0,30.3,1433.0,19.8,1541.0,64.9,485.0,United Kingdom,10860.0,18.9,17%,68:32:00
,,Chosun University,,,,,,,,,,,,,,,,,,,,,,,,,,1201–1500,22.8–28.2,12440.0,20.9,1304.0,20.8,780.0,25.0,1561.0,71.9,389.0,36.0,1276.0,South Korea,20247.0,24.5,3%,48:52:00
,,Christ University Bengaluru India,,,,,,,,,,,,,,,,,,,,,,,,,,1201–1500,22.8–28.2,12450.0,14.6,1772.0,9.9,1648.0,44.4,1135.0,15.9,1874.0,25.4,1685.0,India,27720.0,20.7,2%,46:54:00
,,Chungbuk National University,,,,,,,,,,,,,,,,,,,,,,,,,,1201–1500,22.8–28.2,12460.0,26.5,908.0,21.2,759.0,29.9,1444.0,50.6,799.0,29.6,1511.0,South Korea,17075.0,14.0,5%,44:56:00
,,Chung Shan Medical University,,,,,,,,,,,,,,,,,,,,,,,,,,1201–1500,22.8–28.2,12470.0,18.9,1470.0,20.0,811.0,27.0,1516.0,48.9,824.0,21.4,1827.0,Taiwan,7052.0,17.2,4%,64:36:00
,,Cochin University of Science and Technology,,,,,,,,,,,,,,,,,,,,,,,,,,1201–1500,22.8–28.2,12480.0,37.6,369.0,20.0,812.0,25.4,1552.0,45.6,884.0,20.2,1862.0,India,4136.0,16.2,1%,60:40:00
,,University of Concepción,,,,,,,,,,,,,,,,,,,,,,,,,,1201–1500,22.8–28.2,12490.0,17.3,1606.0,16.4,1013.0,38.2,1255.0,44.6,901.0,52.0,736.0,Chile,30174.0,18.2,2%,53:47:00
,,University of Costa Rica,,,,,,,,,,,,,,,,,,,,,,,,,,1201–1500,22.8–28.2,12500.0,19.3,1440.0,9.1,1777.0,43.0,1166.0,19.5,1558.0,46.7,902.0,Costa Rica,34884.0,14.8,2%,53:47:00
,,Cukurova University,,,,,,,,,,,,,,,,,,,,,,,,,,1201–1500,22.8–28.2,12510.0,23.8,1090.0,23.4,671.0,26.2,1536.0,26.7,1270.0,28.9,1545.0,Turkey,35424.0,15.4,4%,45:55:00
,,Del Rosario University,,,,,,,,,,,,,,,,,,,,,,,,,,1201–1500,22.8–28.2,12520.0,22.9,1156.0,13.5,1249.0,27.2,1513.0,26.4,1283.0,51.3,759.0,Colombia,9977.0,10.5,2%,57:43:00
,,University of Diyala,,,,,,,,,,,,,,,,,,,,,,,,,,1201–1500,22.8–28.2,12530.0,26.6,901.0,8.2,1867.0,44.3,1140.0,20.5,1508.0,28.3,1567.0,Iraq,29461.0,17.9,0%,54:46:00
,,Dokuz Eylül University,,,,,,,,,,,,,,,,,,,,,,,,,,1201–1500,22.8–28.2,12540.0,19.4,1429.0,18.2,907.0,25.5,1549.0,67.1,497.0,25.5,1681.0,Turkey,56667.0,23.7,3%,46:54:00
,,Dow University of Health Sciences,,,,,,,,,,,,,,,,,,,,,,,,,,1201–1500,22.8–28.2,12550.0,24.2,1067.0,10.0,1640.0,46.5,1084.0,18.7,1608.0,43.2,1007.0,Pakistan,11555.0,7.7,3%,63:37:00
,,Duzce University,,,,,,,,,,,,,,,,,,,,,,,,,,1201–1500,22.8–28.2,12560.0,15.5,1729.0,19.9,816.0,44.7,1123.0,50.7,796.0,30.2,1491.0,Turkey,21641.0,33.4,9%,44:56:00
,,Universidade Eduardo Mondlane,,,,,,,,,,,,,,,,,,,,,,,,,,1201–1500,22.8–28.2,12570.0,10.1,1900.0,9.4,1727.0,56.7,852.0,16.6,1792.0,51.1,767.0,Mozambique,48306.0,28.7,0%,41:59:00
,,"University of Education, Lahore",,,,,,,,,,,,,,,,,,,,,,,,,,1201–1500,22.8–28.2,12580.0,11.4,1889.0,9.1,1778.0,56.9,847.0,15.9,1875.0,50.5,788.0,Pakistan,26664.0,30.6,0%,53:47:00
,,Ege University,,,,,,,,,,,,,,,,,,,,,,,,,,1201–1500,22.8–28.2,12590.0,32.7,558.0,16.7,990.0,30.4,1431.0,63.4,579.0,25.7,1673.0,Turkey,31178.0,20.3,4%,54:46:00
,,Ehime University,,,,,,,,,,,,,,,,,,,,,,,,,,1201–1500,22.8–28.2,12600.0,24.3,1054.0,14.9,1133.0,27.9,1491.0,54.0,738.0,32.1,1419.0,Japan,9101.0,11.3,2%,39 : 61
,,The University of Electro-Communications,,,,,,,,,,,,,,,,,,,,,,,,,,1201–1500,22.8–28.2,12610.0,22.3,1202.0,22.7,698.0,28.4,1486.0,65.9,530.0,37.5,1218.0,Japan,4659.0,15.5,5%,0.561111111
,,Erciyes University,,,,,,,,,,,,,,,,,,,,,,,,,,1201–1500,22.8–28.2,12620.0,20.9,1306.0,16.1,1040.0,36.1,1298.0,57.0,703.0,29.3,1526.0,Turkey,51907.0,37.2,6%,46:54:00
,,Escuela Superior Politécnica del Litoral,,,,,,,,,,,,,,,,,,,,,,,,,,1201–1500,22.8–28.2,12630.0,20.4,1342.0,9.5,1710.0,32.3,1392.0,18.3,1641.0,56.4,655.0,Ecuador,10271.0,10.4,1%,39 : 61
,,Universidade do Estado do Rio de Janeiro (UERJ),,,,,,,,,,,,,,,,,,,,,,,,,,1201–1500,22.8–28.2,12640.0,31.8,594.0,13.5,1250.0,24.6,1570.0,26.3,1285.0,30.4,1483.0,Brazil,22879.0,9.4,0%,56:44:00
,,Far Eastern Federal University,,,,,,,,,,,,,,,,,,,,,,,,,,1201–1500,22.8–28.2,12650.0,31.5,612.0,19.6,832.0,21.0,1657.0,26.6,1275.0,62.7,527.0,Russian Federation,15631.0,12.9,21%,59:41:00
,,Universidade Federal do ABC (UFABC),,,,,,,,,,,,,,,,,,,,,,,,,,1201–1500,22.8–28.2,12660.0,16.8,1640.0,17.6,936.0,41.1,1199.0,26.6,1276.0,45.9,933.0,Brazil,18805.0,25.3,1%,37 : 63
,,Universidade Federal da Bahia,,,,,,,,,,,,,,,,,,,,,,,,,,1201–1500,22.8–28.2,12670.0,27.5,841.0,12.3,1375.0,30.5,1426.0,19.7,1546.0,28.4,1561.0,Brazil,51291.0,19.9,0%,41:59:00
,,Universidade Federal do Ceará (UFC),,,,,,,,,,,,,,,,,,,,,,,,,,1201–1500,22.8–28.2,12680.0,24.2,1068.0,16.6,1000.0,24.6,1571.0,44.5,902.0,27.2,1607.0,Brazil,40899.0,19.8,1%,44:56:00
,,Federal University of Espírito Santo,,,,,,,,,,,,,,,,,,,,,,,,,,1201–1500,22.8–28.2,12690.0,24.7,1026.0,15.7,1068.0,25.1,1558.0,47.3,858.0,28.8,1548.0,Brazil,24728.0,13.3,1%,55:45:00
,,Federal University of Goiás,,,,,,,,,,,,,,,,,,,,,,,,,,1201–1500,22.8–28.2,12700.0,30.0,685.0,13.8,1225.0,26.2,1537.0,30.8,1161.0,27.7,1589.0,Brazil,25332.0,13.3,1%,50:50:00
,,Federal University of Lavras,,,,,,,,,,,,,,,,,,,,,,,,,,1201–1500,22.8–28.2,12710.0,27.0,875.0,16.8,982.0,26.6,1523.0,29.3,1197.0,26.5,1637.0,Brazil,14733.0,18.3,1%,52:48:00
,,Universidade Federal do Paraná (UFPR),,,,,,,,,,,,,,,,,,,,,,,,,,1201–1500,22.8–28.2,12720.0,28.4,781.0,16.4,1014.0,29.1,1464.0,49.2,823.0,27.6,1597.0,Brazil,39031.0,15.6,1%,56:44:00
,,Federal University of Pernambuco,,,,,,,,,,,,,,,,,,,,,,,,,,1201–1500,22.8–28.2,12730.0,30.7,652.0,13.3,1277.0,25.1,1559.0,40.2,976.0,25.7,1674.0,Brazil,34549.0,12.8,0%,51:49:00
,,Federal University of Rio Grande do Norte (UFRN),,,,,,,,,,,,,,,,,,,,,,,,,,1201–1500,22.8–28.2,12740.0,25.3,980.0,11.3,1483.0,30.6,1424.0,24.8,1342.0,31.3,1450.0,Brazil,42906.0,16.7,0%,40 : 60
,,Federal University of Santa Maria,,,,,,,,,,,,,,,,,,,,,,,,,,1201–1500,22.8–28.2,12750.0,31.5,613.0,13.0,1300.0,36.8,1281.0,24.1,1364.0,25.0,1703.0,Brazil,28741.0,14.6,1%,54:46:00
,,Federal University of Uberlândia,,,,,,,,,,,,,,,,,,,,,,,,,,1201–1500,22.8–28.2,12760.0,23.3,1129.0,12.7,1334.0,36.1,1299.0,29.8,1187.0,24.4,1724.0,Brazil,25700.0,14.1,1%,52:48:00
,,Federal University of Viçosa,,,,,,,,,,,,,,,,,,,,,,,,,,1201–1500,22.8–28.2,12770.0,32.2,579.0,14.5,1160.0,23.0,1609.0,26.6,1277.0,24.5,1721.0,Brazil,17866.0,9.7,2%,55:45:00
,,Federico Santa María Technical University,,,,,,,,,,,,,,,,,,,,,,,,,,1201–1500,22.8–28.2,12780.0,12.3,1868.0,10.8,1547.0,36.2,1296.0,32.3,1136.0,56.9,643.0,Chile,22812.0,29.7,3%,24 : 76
,,Feng Chia University,,,,,,,,,,,,,,,,,,,,,,,,,,1201–1500,22.8–28.2,12790.0,18.4,1514.0,18.9,868.0,25.5,1550.0,40.9,955.0,37.7,1209.0,Taiwan,19770.0,23.3,7%,40 : 60
,,Ferhat Abbas Sétif University 1,,,,,,,,,,,,,,,,,,,,,,,,,,1201–1500,22.8–28.2,12800.0,17.2,1611.0,8.5,1850.0,50.6,1005.0,17.7,1685.0,39.6,1129.0,Algeria,34779.0,22.8,1%,60:40:00
,,University of La Frontera,,,,,,,,,,,,,,,,,,,,,,,,,,1201–1500,22.8–28.2,12810.0,17.6,1583.0,12.3,1376.0,32.7,1381.0,22.8,1407.0,51.3,761.0,Chile,12157.0,23.2,1%,51:49:00
,,Universitas Gadjah Mada,,,,,,,,,,,,,,,,,,,,,,,,,,1201–1500,22.8–28.2,12820.0,30.9,643.0,19.8,825.0,21.7,1642.0,52.8,756.0,45.8,935.0,Indonesia,39209.0,8.2,6%,56:44:00
,,Gazi University,,,,,,,,,,,,,,,,,,,,,,,,,,1201–1500,22.8–28.2,12830.0,25.6,965.0,19.0,861.0,32.7,1382.0,60.3,638.0,21.7,1818.0,Turkey,41736.0,17.0,3%,51:49:00
,,University of Gdańsk,,,,,,,,,,,,,,,,,,,,,,,,,,1201–1500,22.8–28.2,12840.0,23.6,1103.0,14.8,1137.0,30.8,1423.0,21.7,1453.0,35.1,1311.0,Poland,18961.0,12.0,2%,65:35:00
,,Gebze Technical University,,,,,,,,,,,,,,,,,,,,,,,,,,1201–1500,22.8–28.2,12850.0,22.6,1176.0,13.8,1226.0,37.6,1264.0,35.0,1090.0,29.2,1530.0,Turkey,7234.0,24.5,2%,43:57:00
,,"George Emil Palade University of Medicine, Pharmacy, Science, and Technology of Targu Mures",,,,,,,,,,,,,,,,,,,,,,,,,,1201–1500,22.8–28.2,12860.0,17.8,1565.0,11.3,1484.0,36.4,1294.0,16.8,1771.0,36.1,1269.0,Romania,9258.0,17.0,13%,64:36:00
,,Georgia Southern University,,,,,,,,,,,,,,,,,,,,,,,,,,1201–1500,22.8–28.2,12870.0,18.4,1515.0,11.6,1452.0,43.2,1160.0,41.6,946.0,34.8,1327.0,United States,22852.0,18.0,3%,59:41:00
,,German Jordanian University,,,,,,,,,,,,,,,,,,,,,,,,,,1201–1500,22.8–28.2,12880.0,17.8,1566.0,11.4,1476.0,40.6,1211.0,19.5,1559.0,69.1,418.0,Jordan,4255.0,12.8,11%,38 : 62
,,Government College University Lahore,,,,,,,,,,,,,,,,,,,,,,,,,,1201–1500,22.8–28.2,12890.0,21.0,1299.0,11.5,1461.0,37.2,1272.0,20.3,1517.0,51.2,765.0,Pakistan,11709.0,17.6,0%,44:56:00
,,University of Guilan,,,,,,,,,,,,,,,,,,,,,,,,,,1201–1500,22.8–28.2,12900.0,21.2,1286.0,17.5,941.0,46.2,1089.0,27.9,1237.0,23.4,1762.0,Iran,19023.0,34.3,1%,58:42:00
,,Gunma University,,,,,,,,,,,,,,,,,,,,,,,,,,1201–1500,22.8–28.2,12910.0,28.6,766.0,14.2,1187.0,20.7,1664.0,57.4,695.0,26.7,1630.0,Japan,6248.0,7.6,4%,37 : 63
,,Guru Jambheshwar University of Science and Technology,,,,,,,,,,,,,,,,,,,,,,,,,,1201–1500,22.8–28.2,12920.0,27.8,815.0,8.9,1808.0,40.8,1205.0,27.2,1255.0,18.2,1896.0,India,6445.0,19.6,0%,46:54:00
,,Gyeongsang National University,,,,,,,,,,,,,,,,,,,,,,,,,,1201–1500,22.8–28.2,12930.0,26.2,928.0,18.0,917.0,32.6,1385.0,65.1,544.0,26.7,1631.0,South Korea,16536.0,12.5,2%,45:55:00
,,Hallym University,,,,,,,,,,,,,,,,,,,,,,,,,,1201–1500,22.8–28.2,12940.0,25.2,987.0,19.8,826.0,31.8,1403.0,60.6,631.0,23.4,1763.0,South Korea,8369.0,9.3,4%,
,,Halmstad University,,,,,,,,,,,,,,,,,,,,,,,,,,1201–1500,22.8–28.2,12950.0,15.0,1749.0,16.8,983.0,40.2,1218.0,27.9,1238.0,66.7,451.0,Sweden,6048.0,20.0,6%,60:40:00
,,The Hashemite University,,,,,,,,,,,,,,,,,,,,,,,,,,1201–1500,22.8–28.2,12960.0,13.2,1835.0,14.2,1188.0,40.6,1212.0,25.4,1320.0,53.1,707.0,Jordan,17665.0,23.0,7%,63:37:00
,,Université Hassan II de Casablanca,,,,,,,,,,,,,,,,,,,,,,,,,,1201–1500,22.8–28.2,12970.0,19.5,1418.0,9.2,1757.0,39.9,1223.0,24.6,1347.0,28.2,1569.0,Morocco,125790.0,35.7,2%,54:46:00
,,Université Polytechnique Hauts-de-France,,,,,,,,,,,,,,,,,,,,,,,,,,1201–1500,22.8–28.2,12980.0,15.8,1708.0,8.7,1827.0,36.6,1286.0,57.8,686.0,70.3,403.0,France,13422.0,27.9,12%,47:53:00
,,Helwan University,,,,,,,,,,,,,,,,,,,,,,,,,,1201–1500,22.8–28.2,12990.0,16.2,1683.0,8.9,1809.0,38.8,1244.0,19.9,1537.0,47.6,873.0,Egypt,124886.0,22.4,2%,54:46:00
,,University of Hormozgan,,,,,,,,,,,,,,,,,,,,,,,,,,1201–1500,22.8–28.2,13000.0,24.6,1035.0,14.1,1192.0,37.6,1265.0,22.8,1408.0,26.4,1647.0,Iran,5338.0,24.4,0%,58:42:00
,,University of Hradec Králové,,,,,,,,,,,,,,,,,,,,,,,,,,1201–1500,22.8–28.2,13010.0,19.7,1400.0,15.2,1106.0,40.8,1206.0,23.5,1381.0,60.4,575.0,Czech Republic,6334.0,12.8,3%,64:36:00
,,Hungarian University of Agriculture and Life Sciences,,,,,,,,,,,,,,,,,,,,,,,,,,1201–1500,22.8–28.2,13020.0,25.8,950.0,11.6,1453.0,32.5,1390.0,23.0,1401.0,62.3,536.0,Hungary,10252.0,11.6,16%,53:47:00
,,Hyogo Medical University,,,,,,,,,,,,,,,,,,,,,,,,,,1201–1500,22.8–28.2,13030.0,29.0,744.0,13.5,1251.0,36.5,1289.0,53.1,749.0,19.2,1882.0,Japan,2603.0,4.6,1%,59:41:00
,,Ibn Tofaïl University,,,,,,,,,,,,,,,,,,,,,,,,,,1201–1500,22.8–28.2,13040.0,24.6,1036.0,13.0,1302.0,44.8,1121.0,18.7,1610.0,28.5,1560.0,Morocco,66964.0,88.7,3%,52:48:00
,,Ilam University,,,,,,,,,,,,,,,,,,,,,,,,,,1201–1500,22.8–28.2,13050.0,17.1,1616.0,12.8,1325.0,50.9,996.0,18.2,1650.0,25.2,1696.0,Iran,44187.0,199.9,2%,52:48:00
,,Ilia State University,,,,,,,,,,,,,,,,,,,,,,,,,,1201–1500,22.8–28.2,13060.0,18.1,1542.0,10.0,1641.0,47.7,1066.0,16.1,1849.0,52.0,737.0,Georgia,15400.0,13.4,4%,62:38:00
,,University of Ilorin,,,,,,,,,,,,,,,,,,,,,,,,,,1201–1500,22.8–28.2,13070.0,20.6,1328.0,10.9,1537.0,46.1,1092.0,18.1,1659.0,40.1,1113.0,Nigeria,52921.0,39.2,0%,51:49:00
,,Immanuel Kant Baltic Federal University,,,,,,,,,,,,,,,,,,,,,,,,,,1201–1500,22.8–28.2,13080.0,35.9,431.0,18.8,875.0,16.9,1732.0,34.4,1103.0,62.4,534.0,Russian Federation,6857.0,17.1,19%,59:41:00
,,Incheon National University,,,,,,,,,,,,,,,,,,,,,,,,,,1201–1500,22.8–28.2,13090.0,22.8,1163.0,17.3,948.0,36.9,1280.0,33.6,1119.0,36.4,1263.0,South Korea,12885.0,15.7,3%,45:55:00
,,Indian Institute of Science Education and Research Bhopal,,,,,,,,,,,,,,,,,,,,,,,,,,1201–1500,22.8–28.2,13100.0,35.8,435.0,14.6,1152.0,24.1,1582.0,19.5,1560.0,24.5,1722.0,India,1913.0,14.3,0%,33 : 67
,,IPB University,,,,,,,,,,,,,,,,,,,,,,,,,,1201–1500,22.8–28.2,13110.0,30.9,644.0,9.8,1671.0,24.2,1579.0,39.2,1000.0,45.0,957.0,Indonesia,23070.0,6.8,3%,60:40:00
,,I-Shou University,,,,,,,,,,,,,,,,,,,,,,,,,,1201–1500,22.8–28.2,13120.0,15.0,1750.0,21.2,760.0,27.8,1496.0,68.5,467.0,44.2,982.0,Taiwan,11567.0,27.9,15%,50:50:00
,,Istanbul Bilgi University,,,,,,,,,,,,,,,,,,,,,,,,,,1201–1500,22.8–28.2,13130.0,18.7,1484.0,11.7,1437.0,42.6,1174.0,16.3,1827.0,62.8,522.0,Turkey,10484.0,16.0,14%,49:51:00
,,Istanbul Medeniyet University,,,,,,,,,,,,,,,,,,,,,,,,,,1201–1500,22.8–28.2,13140.0,14.5,1777.0,11.7,1438.0,56.9,848.0,18.8,1601.0,25.9,1663.0,Turkey,15254.0,18.7,2%,55:45:00
,,Ivan Franko National University of Lviv,,,,,,,,,,,,,,,,,,,,,,,,,,1201–1500,22.8–28.2,13150.0,24.5,1042.0,10.5,1589.0,10.0,1855.0,17.9,1674.0,31.7,1437.0,Ukraine,19799.0,10.7,2%,63:37:00
,,Izmir Institute of Technology,,,,,,,,,,,,,,,,,,,,,,,,,,1201–1500,22.8–28.2,13160.0,20.2,1357.0,15.1,1113.0,27.8,1497.0,56.7,704.0,35.5,1297.0,Turkey,6309.0,18.6,3%,47:53:00
,,Jeju National University,,,,,,,,,,,,,,,,,,,,,,,,,,1201–1500,22.8–28.2,13170.0,27.4,850.0,19.2,856.0,35.0,1326.0,38.2,1017.0,31.2,1453.0,South Korea,11376.0,17.2,6%,53:47:00
,,Jiangsu Normal University,,,,,,,,,,,,,,,,,,,,,,,,,,1201–1500,22.8–28.2,13180.0,16.3,1677.0,12.9,1310.0,47.1,1076.0,23.9,1370.0,27.4,1602.0,China,25759.0,15.0,2%,
,,The Jikei University School of Medicine,,,,,,,,,,,,,,,,,,,,,,,,,,1201–1500,22.8–28.2,13190.0,30.1,680.0,10.8,1549.0,40.5,1213.0,42.6,927.0,19.7,1877.0,Japan,1095.0,0.9,0%,50:50:00
,,The John Paul II Catholic University of Lublin,,,,,,,,,,,,,,,,,,,,,,,,,,1201–1500,22.8–28.2,13200.0,27.7,823.0,14.3,1177.0,35.1,1322.0,18.6,1620.0,34.0,1355.0,Poland,9173.0,9.6,9%,65:35:00
,,Kagawa University,,,,,,,,,,,,,,,,,,,,,,,,,,1201–1500,22.8–28.2,13210.0,25.7,957.0,12.9,1311.0,27.4,1508.0,54.1,735.0,31.9,1429.0,Japan,6309.0,9.6,2%,42:58:00
,,Kagoshima University,,,,,,,,,,,,,,,,,,,,,,,,,,1201–1500,22.8–28.2,13220.0,25.7,958.0,13.5,1252.0,24.0,1584.0,55.2,721.0,27.7,1590.0,Japan,10257.0,10.1,3%,38 : 62
,,Kangwon National University,,,,,,,,,,,,,,,,,,,,,,,,,,1201–1500,22.8–28.2,13230.0,22.0,1227.0,21.9,735.0,32.4,1391.0,47.4,855.0,24.1,1735.0,South Korea,21920.0,21.6,3%,41:59:00
,,Karabük University,,,,,,,,,,,,,,,,,,,,,,,,,,1201–1500,22.8–28.2,13240.0,12.6,1858.0,9.4,1733.0,57.2,843.0,16.1,1850.0,48.2,861.0,Turkey,47709.0,42.4,24%,39 : 61
,,Karunya Institute of Technology and Sciences,,,,,,,,,,,,,,,,,,,,,,,,,,1201–1500,22.8–28.2,13250.0,18.7,1485.0,13.4,1266.0,48.4,1046.0,18.6,1621.0,23.2,1770.0,India,7659.0,16.5,0%,36 : 64
,,Kaunas University of Technology,,,,,,,,,,,,,,,,,,,,,,,,,,1201–1500,22.8–28.2,13260.0,22.2,1210.0,15.3,1094.0,39.0,1242.0,36.9,1050.0,39.2,1143.0,Lithuania,7986.0,13.3,8%,36 : 64
,,Kharazmi University,,,,,,,,,,,,,,,,,,,,,,,,,,1201–1500,22.8–28.2,13270.0,32.7,560.0,13.8,1227.0,37.2,1273.0,25.0,1337.0,29.5,1518.0,Iran,12604.0,16.8,3%,55:45:00
,,Kharkiv Aviation Institute,,,,,,,,,,,,,,,,,,,,,,,,,,1201–1500,22.8–28.2,13280.0,20.6,1329.0,9.2,1761.0,44.5,1133.0,16.4,1816.0,32.6,1398.0,Ukraine,5654.0,12.0,12%,31 : 69
,,Khon Kaen University,,,,,,,,,,,,,,,,,,,,,,,,,,1201–1500,22.8–28.2,13290.0,23.3,1130.0,15.7,1071.0,35.5,1311.0,36.1,1071.0,35.4,1303.0,Thailand,32895.0,17.2,2%,62:38:00
,,Khulna University,,,,,,,,,,,,,,,,,,,,,,,,,,1201–1500,22.8–28.2,13300.0,17.0,1624.0,9.5,1711.0,46.9,1078.0,17.1,1745.0,43.7,996.0,Bangladesh,6997.0,13.9,0%,43:57:00
,,King Mongkut's University of Technology North Bangkok,,,,,,,,,,,,,,,,,,,,,,,,,,1201–1500,22.8–28.2,13310.0,16.2,1684.0,12.7,1336.0,50.9,997.0,25.9,1304.0,28.7,1551.0,Thailand,28122.0,23.3,0%,42:58:00
,,Kitasato University,,,,,,,,,,,,,,,,,,,,,,,,,,1201–1500,22.8–28.2,13320.0,27.0,876.0,11.5,1465.0,28.8,1475.0,56.5,710.0,20.0,1868.0,Japan,8628.0,5.2,0%,55:45:00
,,KL University,,,,,,,,,,,,,,,,,,,,,,,,,,1201–1500,22.8–28.2,13330.0,22.4,1194.0,11.1,1511.0,52.0,962.0,16.6,1797.0,21.5,1821.0,India,17602.0,14.6,2%,36 : 64
,,Kyoto Institute of Technology,,,,,,,,,,,,,,,,,,,,,,,,,,1201–1500,22.8–28.2,13340.0,27.2,863.0,17.1,962.0,15.2,1762.0,73.3,361.0,33.7,1363.0,Japan,3943.0,13.8,6%,29 : 71
,,Kyushu Institute of Technology (Kyutech),,,,,,,,,,,,,,,,,,,,,,,,,,1201–1500,22.8–28.2,13350.0,26.3,919.0,15.6,1074.0,31.4,1412.0,60.3,639.0,40.8,1088.0,Japan,5628.0,16.0,5%,0.643055556
,,University of Lethbridge,,,,,,,,,,,,,,,,,,,,,,,,,,1201–1500,22.8–28.2,13360.0,20.3,1348.0,14.1,1195.0,31.2,1418.0,34.6,1099.0,61.4,551.0,Canada,7181.0,13.4,12%,
,,Lodz University of Technology,,,,,,,,,,,,,,,,,,,,,,,,,,1201–1500,22.8–28.2,13370.0,21.2,1287.0,15.7,1072.0,34.4,1340.0,66.9,504.0,29.8,1501.0,Poland,11706.0,13.1,5%,39 : 61
,,Universidad Loyola,,,,,,,,,,,,,,,,,,,,,,,,,,1201–1500,22.8–28.2,13380.0,23.2,1135.0,13.0,1303.0,39.2,1233.0,17.3,1724.0,48.8,836.0,Spain,3481.0,12.1,4%,57:43:00
,,"Lumière University, Lyon 2",,,,,,,,,,,,,,,,,,,,,,,,,,1201–1500,22.8–28.2,13390.0,24.6,1037.0,18.6,886.0,24.9,1565.0,32.8,1130.0,67.5,438.0,France,26014.0,50.4,18%,68:32:00
,,Universidade Lusófona,,,,,,,,,,,,,,,,,,,,,,,,,,1201–1500,22.8–28.2,13400.0,23.2,1136.0,8.6,1845.0,35.7,1309.0,17.8,1680.0,59.7,591.0,Portugal,11153.0,6.4,18%,54:46:00
,,Universiti Malaysia Perlis,,,,,,,,,,,,,,,,,,,,,,,,,,1201–1500,22.8–28.2,13410.0,21.6,1258.0,12.5,1359.0,46.0,1097.0,26.0,1300.0,33.3,1379.0,Malaysia,10836.0,13.6,3%,47:53:00
,,Manipal University Jaipur,,,,,,,,,,,,,,,,,,,,,,,,,,1201–1500,22.8–28.2,13420.0,19.5,1421.0,14.2,1190.0,51.9,968.0,23.9,1371.0,24.0,1743.0,India,8361.0,14.9,3%,43:57:00
,,University of Manouba,,,,,,,,,,,,,,,,,,,,,,,,,,1201–1500,22.8–28.2,13430.0,21.8,1246.0,9.2,1762.0,44.2,1141.0,19.4,1566.0,45.8,938.0,Tunisia,17175.0,14.5,2%,64:36:00
,,University of Maribor,,,,,,,,,,,,,,,,,,,,,,,,,,1201–1500,22.8–28.2,13440.0,20.1,1367.0,16.9,977.0,40.8,1207.0,36.5,1060.0,38.9,1154.0,Slovenia,12919.0,14.4,11%,54:46:00
,,University of Marrakech Cadi Ayyad,,,,,,,,,,,,,,,,,,,,,,,,,,1201–1500,22.8–28.2,13450.0,20.5,1337.0,11.5,1466.0,36.5,1291.0,21.6,1458.0,40.2,1111.0,Morocco,115156.0,45.9,1%,51:49:00
,,University of Mauritius,,,,,,,,,,,,,,,,,,,,,,,,,,1201–1500,22.8–28.2,13460.0,17.6,1588.0,13.4,1268.0,45.3,1111.0,40.3,975.0,35.4,1304.0,Mauritius,8167.0,22.8,1%,54:46:00
,,Medical University of Lublin,,,,,,,,,,,,,,,,,,,,,,,,,,1201–1500,22.8–28.2,13470.0,30.5,667.0,12.3,1381.0,30.5,1427.0,36.1,1073.0,36.8,1252.0,Poland,6884.0,5.7,16%,72:28:00
,,Medical University of Silesia in Katowice,,,,,,,,,,,,,,,,,,,,,,,,,,1201–1500,22.8–28.2,13480.0,28.1,804.0,12.4,1368.0,31.1,1420.0,29.0,1200.0,24.7,1716.0,Poland,10237.0,7.3,5%,74:26:00
,,Medical University of Sofia,,,,,,,,,,,,,,,,,,,,,,,,,,1201–1500,22.8–28.2,13490.0,30.8,649.0,13.5,1253.0,27.9,1492.0,48.8,826.0,53.9,695.0,Bulgaria,10849.0,5.7,44%,48:52:00
,,University of Medicine and Pharmacy of Craiova,,,,,,,,,,,,,,,,,,,,,,,,,,1201–1500,22.8–28.2,13500.0,24.3,1056.0,9.9,1654.0,37.2,1274.0,19.2,1574.0,40.5,1101.0,Romania,4298.0,9.8,14%,63:37:00
,,Mendel University in Brno,,,,,,,,,,,,,,,,,,,,,,,,,,1201–1500,22.8–28.2,13510.0,20.9,1308.0,19.4,844.0,36.8,1282.0,21.0,1479.0,55.1,671.0,Czech Republic,9019.0,16.3,17%,57:43:00
,,Metropolitan Autonomous University,,,,,,,,,,,,,,,,,,,,,,,,,,1201–1500,22.8–28.2,13520.0,19.9,1382.0,23.9,658.0,22.8,1618.0,28.6,1216.0,29.2,1531.0,Mexico,60865.0,42.1,1%,50:50:00
,,Mie University,,,,,,,,,,,,,,,,,,,,,,,,,,1201–1500,22.8–28.2,13530.0,26.9,880.0,13.9,1212.0,23.9,1585.0,61.8,617.0,24.8,1713.0,Japan,6983.0,8.3,3%,38 : 62
,,Mohammed V University of Rabat,,,,,,,,,,,,,,,,,,,,,,,,,,1201–1500,22.8–28.2,13540.0,29.1,740.0,15.0,1122.0,32.2,1397.0,37.3,1034.0,32.1,1422.0,Morocco,87462.0,41.7,3%,53:47:00
,,University of Monastir,,,,,,,,,,,,,,,,,,,,,,,,,,1201–1500,22.8–28.2,13550.0,25.7,959.0,10.1,1634.0,36.2,1297.0,28.1,1233.0,46.0,930.0,Tunisia,18846.0,8.5,2%,69:31:00
,,Morgan State University,,,,,,,,,,,,,,,,,,,,,,,,,,1201–1500,22.8–28.2,13560.0,22.8,1167.0,12.6,1350.0,29.2,1462.0,28.7,1212.0,56.3,657.0,United States,6973.0,14.6,7%,61:39:00
,,Moscow Aviation Institute,,,,,,,,,,,,,,,,,,,,,,,,,,1201–1500,22.8–28.2,13570.0,32.9,548.0,14.4,1167.0,26.4,1527.0,48.6,832.0,31.9,1430.0,Russian Federation,15468.0,12.8,12%,29 : 71
,,Moscow Power Engineering Institute,,,,,,,,,,,,,,,,,,,,,,,,,,1201–1500,22.8–28.2,13580.0,23.6,1105.0,18.3,904.0,20.4,1670.0,51.4,785.0,39.9,1120.0,Russian Federation,14248.0,20.7,14%,33 : 67
,,Multimedia University,,,,,,,,,,,,,,,,,,,,,,,,,,1201–1500,22.8–28.2,13590.0,19.5,1423.0,13.0,1305.0,29.0,1471.0,62.2,610.0,41.2,1075.0,Malaysia,8893.0,16.3,9%,45:55:00
,,Mutah University,,,,,,,,,,,,,,,,,,,,,,,,,,1201–1500,22.8–28.2,13600.0,29.7,705.0,11.5,1467.0,27.6,1503.0,20.9,1486.0,61.2,557.0,Jordan,11348.0,15.5,18%,44:56:00
,,Nagaoka University of Technology,,,,,,,,,,,,,,,,,,,,,,,,,,1201–1500,22.8–28.2,13610.0,34.3,483.0,16.4,1017.0,19.9,1679.0,62.1,612.0,43.2,1010.0,Japan,2127.0,10.2,12%,0.561111111
,,Nagasaki University,,,,,,,,,,,,,,,,,,,,,,,,,,1201–1500,22.8–28.2,13620.0,29.4,727.0,14.8,1138.0,28.5,1483.0,48.4,833.0,40.3,1106.0,Japan,8782.0,6.7,5%,39 : 61
,,Nagoya Institute of Technology,,,,,,,,,,,,,,,,,,,,,,,,,,1201–1500,22.8–28.2,13630.0,21.5,1269.0,20.3,797.0,23.0,1612.0,73.2,365.0,31.4,1448.0,Japan,5760.0,16.1,5%,0.765972222
,,University of Nairobi,,,,,,,,,,,,,,,,,,,,,,,,,,1201–1500,22.8–28.2,13640.0,12.0,1877.0,10.6,1577.0,45.9,1099.0,18.8,1604.0,49.8,805.0,Kenya,52678.0,34.5,2%,24 : 76
,,University of Namibia,,,,,,,,,,,,,,,,,,,,,,,,,,1201–1500,22.8–28.2,13650.0,13.1,1839.0,8.6,1846.0,51.3,986.0,15.8,1886.0,62.8,523.0,Namibia,28916.0,21.6,3%,63:37:00
,,National Changhua University of Education,,,,,,,,,,,,,,,,,,,,,,,,,,1201–1500,22.8–28.2,13660.0,22.2,1213.0,17.8,929.0,20.6,1667.0,74.5,344.0,28.8,1549.0,Taiwan,8459.0,15.0,8%,51:49:00
,,National Chin-Yi University of Technology,,,,,,,,,,,,,,,,,,,,,,,,,,1201–1500,22.8–28.2,13670.0,13.9,1808.0,25.1,607.0,27.4,1509.0,42.1,935.0,28.7,1553.0,Taiwan,7618.0,22.7,6%,30 : 70
,,National Chung Cheng University,,,,,,,,,,,,,,,,,,,,,,,,,,1201–1500,22.8–28.2,13680.0,23.5,1112.0,22.2,720.0,25.0,1562.0,72.9,371.0,26.5,1639.0,Taiwan,8748.0,15.6,4%,44:56:00
,,National University of Colombia,,,,,,,,,,,,,,,,,,,,,,,,,,1201–1500,22.8–28.2,13690.0,19.7,1402.0,13.6,1242.0,37.1,1275.0,36.9,1051.0,41.1,1078.0,Colombia,56586.0,22.0,1%,40 : 60
,,National University of Distance Education (UNED),,,,,,,,,,,,,,,,,,,,,,,,,,1201–1500,22.8–28.2,13700.0,24.9,1010.0,18.9,871.0,37.8,1261.0,35.8,1079.0,31.0,1466.0,Spain,80478.0,67.5,4%,55:45:00
,,National Dong Hwa University,,,,,,,,,,,,,,,,,,,,,,,,,,1201–1500,22.8–28.2,13710.0,19.1,1459.0,23.8,664.0,26.3,1534.0,33.5,1122.0,48.6,848.0,Taiwan,9970.0,18.6,9%,52:48:00
,,National Institute of Technology Srinagar,,,,,,,,,,,,,,,,,,,,,,,,,,1201–1500,22.8–28.2,13720.0,23.1,1144.0,10.7,1561.0,45.7,1104.0,16.7,1786.0,19.8,1873.0,India,3820.0,15.9,0%,0.069444444
,,National Kaohsiung University of Science and Technology,,,,,,,,,,,,,,,,,,,,,,,,,,1201–1500,22.8–28.2,13730.0,15.2,1745.0,20.3,798.0,35.0,1327.0,61.6,621.0,26.8,1625.0,Taiwan,28128.0,33.1,3%,39 : 61
,,National Research University of Electronic Technology (MIET),,,,,,,,,,,,,,,,,,,,,,,,,,1201–1500,22.8–28.2,13740.0,43.8,227.0,14.9,1134.0,10.7,1845.0,50.2,805.0,25.5,1683.0,Russian Federation,5032.0,9.5,7%,25 : 75
,,National Taiwan Ocean University,,,,,,,,,,,,,,,,,,,,,,,,,,1201–1500,22.8–28.2,13750.0,19.7,1403.0,25.0,612.0,30.2,1438.0,63.0,591.0,34.7,1331.0,Taiwan,8244.0,16.2,8%,32 : 68
,,National Technical University Kharkiv Polytechnic Institute,,,,,,,,,,,,,,,,,,,,,,,,,,1201–1500,22.8–28.2,13760.0,24.8,1019.0,9.0,1797.0,14.9,1768.0,17.5,1701.0,33.6,1367.0,Ukraine,11055.0,7.9,14%,31 : 69
,,National Technical University of Ukraine – Igor Sikorsky Kyiv Polytechnic Institute,,,,,,,,,,,,,,,,,,,,,,,,,,1201–1500,22.8–28.2,13770.0,26.5,911.0,9.9,1657.0,16.0,1745.0,22.2,1434.0,22.4,1789.0,Ukraine,21170.0,8.0,3%,30 : 70
,,University of Nigeria Nsukka,,,,,,,,,,,,,,,,,,,,,,,,,,1201–1500,22.8–28.2,13780.0,29.1,741.0,10.6,1578.0,30.3,1435.0,17.3,1725.0,37.0,1238.0,Nigeria,43108.0,11.7,1%,46:54:00
,,Ochanomizu University,,,,,,,,,,,,,,,,,,,,,,,,,,1201–1500,22.8–28.2,13790.0,33.2,539.0,16.5,1010.0,19.7,1684.0,36.5,1062.0,38.2,1183.0,Japan,2678.0,14.5,6%,100:00:00
,,Oles Honchar Dnipro National University,,,,,,,,,,,,,,,,,,,,,,,,,,1201–1500,22.8–28.2,13800.0,25.1,995.0,9.0,1800.0,7.4,1888.0,18.9,1599.0,21.5,1822.0,Ukraine,7478.0,10.1,2%,56:44:00
,,Opole University of Technology,,,,,,,,,,,,,,,,,,,,,,,,,,1201–1500,22.8–28.2,13810.0,18.5,1507.0,13.8,1228.0,37.3,1269.0,18.5,1624.0,36.1,1273.0,Poland,5096.0,13.7,6%,32 : 68
,,University of Oradea,,,,,,,,,,,,,,,,,,,,,,,,,,1201–1500,22.8–28.2,13820.0,16.7,1653.0,14.6,1155.0,35.0,1328.0,16.9,1765.0,41.0,1081.0,Romania,15820.0,17.5,6%,56:44:00
,,Osaka Metropolitan University,,,,,,,,,,,,,,,,,,,,,,,,,,1201–1500,22.8–28.2,13830.0,29.1,742.0,18.7,884.0,29.8,1449.0,79.5,271.0,26.6,1633.0,Japan,15734.0,11.5,4%,37 : 63
,,Osmania University,,,,,,,,,,,,,,,,,,,,,,,,,,1201–1500,22.8–28.2,13840.0,33.9,496.0,16.3,1025.0,31.1,1421.0,27.7,1244.0,21.4,1828.0,India,10520.0,25.7,3%,36 : 64
,,Paris Nanterre University,,,,,,,,,,,,,,,,,,,,,,,,,,1201–1500,22.8–28.2,13850.0,20.9,1309.0,16.8,985.0,27.9,1493.0,42.9,925.0,66.7,452.0,France,35218.0,23.4,16%,64:36:00
,,University of Pau and Pays de l’Adour,,,,,,,,,,,,,,,,,,,,,,,,,,1201–1500,22.8–28.2,13860.0,23.4,1125.0,12.4,1370.0,21.6,1645.0,28.5,1222.0,79.9,256.0,France,14105.0,13.9,15%,53:47:00
,,Pavol Jozef Šafárik University in Košice,,,,,,,,,,,,,,,,,,,,,,,,,,1201–1500,22.8–28.2,13870.0,40.7,287.0,10.2,1626.0,17.1,1729.0,24.9,1340.0,62.1,539.0,Slovakia,7060.0,10.3,24%,67:33:00
,,Persian Gulf University,,,,,,,,,,,,,,,,,,,,,,,,,,1201–1500,22.8–28.2,13880.0,17.8,1569.0,14.1,1200.0,45.5,1109.0,28.8,1210.0,38.2,1184.0,Iran,5499.0,23.1,5%,55:45:00
,,University of the Philippines,,,,,,,,,,,,,,,,,,,,,,,,,,1201–1500,22.8–28.2,13890.0,25.4,977.0,15.3,1098.0,38.7,1246.0,22.8,1409.0,38.4,1174.0,Philippines,53676.0,11.1,0%,59:41:00
,,Pirogov Russian National Research Medical University,,,,,,,,,,,,,,,,,,,,,,,,,,1201–1500,22.8–28.2,13900.0,44.2,214.0,13.3,1279.0,14.5,1777.0,28.1,1234.0,22.6,1785.0,Russian Federation,9613.0,6.9,4%,
,,Polytechnic Institute of Porto,,,,,,,,,,,,,,,,,,,,,,,,,,1201–1500,22.8–28.2,13910.0,15.0,1752.0,11.9,1416.0,49.6,1026.0,22.1,1435.0,31.8,1433.0,Portugal,19211.0,16.9,5%,47:53:00
,,Pontifical Catholic University of Peru,,,,,,,,,,,,,,,,,,,,,,,,,,1201–1500,22.8–28.2,13920.0,24.8,1020.0,9.8,1676.0,29.7,1454.0,16.9,1766.0,45.6,942.0,Peru,27960.0,7.3,1%,47:53:00
,,Pontifical Catholic University of Valparaíso,,,,,,,,,,,,,,,,,,,,,,,,,,1201–1500,22.8–28.2,13930.0,15.8,1711.0,17.1,964.0,32.8,1379.0,38.1,1018.0,51.1,768.0,Chile,18104.0,26.2,1%,43:57:00
,,Pontifical Javeriana University,,,,,,,,,,,,,,,,,,,,,,,,,,1201–1500,22.8–28.2,13940.0,20.7,1323.0,11.5,1469.0,37.4,1268.0,21.0,1480.0,45.3,953.0,Colombia,28879.0,12.9,2%,56:44:00
,,Pontifícia Universidade Católica do Paraná,,,,,,,,,,,,,,,,,,,,,,,,,,1201–1500,22.8–28.2,13950.0,26.3,924.0,12.8,1327.0,34.3,1342.0,43.0,922.0,30.7,1473.0,Brazil,11476.0,13.0,1%,56:44:00
,,Port Said University,,,,,,,,,,,,,,,,,,,,,,,,,,1201–1500,22.8–28.2,13960.0,13.7,1816.0,8.5,1853.0,53.7,927.0,16.8,1775.0,46.6,911.0,Egypt,29241.0,28.3,0%,62:38:00
,,Poznań University of Life Sciences,,,,,,,,,,,,,,,,,,,,,,,,,,1201–1500,22.8–28.2,13970.0,25.1,997.0,11.3,1491.0,45.2,1114.0,27.4,1251.0,25.9,1666.0,Poland,6184.0,8.5,6%,60:40:00
,,Poznan University of Technology,,,,,,,,,,,,,,,,,,,,,,,,,,1201–1500,22.8–28.2,13980.0,22.6,1181.0,13.0,1307.0,35.9,1303.0,41.8,942.0,26.9,1619.0,Poland,14304.0,11.4,6%,32 : 68
,,Prince of Songkla University,,,,,,,,,,,,,,,,,,,,,,,,,,1201–1500,22.8–28.2,13990.0,23.4,1126.0,14.8,1139.0,32.6,1388.0,43.5,914.0,37.7,1210.0,Thailand,33318.0,12.9,2%,69:31:00
,,University of Puerto Rico,,,,,,,,,,,,,,,,,,,,,,,,,,1201–1500,22.8–28.2,14000.0,25.0,1005.0,11.4,1480.0,40.8,1208.0,37.6,1026.0,44.4,978.0,Puerto Rico,43535.0,15.2,1%,58:42:00
,,Pukyong National University,,,,,,,,,,,,,,,,,,,,,,,,,,1201–1500,22.8–28.2,14010.0,26.7,894.0,13.9,1213.0,28.5,1484.0,39.0,1007.0,36.4,1264.0,South Korea,16563.0,11.4,10%,52:48:00
,,University of Qom,,,,,,,,,,,,,,,,,,,,,,,,,,1201–1500,22.8–28.2,14020.0,22.2,1215.0,12.1,1402.0,35.1,1323.0,17.3,1726.0,48.6,849.0,Iran,11828.0,43.0,33%,44:56:00
,,University Rey Juan Carlos,,,,,,,,,,,,,,,,,,,,,,,,,,1201–1500,22.8–28.2,14030.0,15.8,1712.0,13.4,1272.0,51.2,992.0,31.3,1155.0,39.9,1121.0,Spain,42153.0,19.4,6%,59:41:00
,,Rikkyo University,,,,,,,,,,,,,,,,,,,,,,,,,,1201–1500,22.8–28.2,14040.0,18.6,1496.0,9.3,1751.0,34.0,1350.0,19.7,1550.0,58.4,617.0,Japan,19783.0,14.4,4%,
,,Ritsumeikan University,,,,,,,,,,,,,,,,,,,,,,,,,,1201–1500,22.8–28.2,14050.0,19.8,1393.0,13.9,1214.0,27.4,1510.0,30.3,1175.0,46.8,898.0,Japan,35119.0,17.4,10%,37 : 63
,,Université Saint-Joseph de Beyrouth,,,,,,,,,,,,,,,,,,,,,,,,,,1201–1500,22.8–28.2,14060.0,32.6,567.0,10.9,1540.0,24.2,1580.0,27.0,1259.0,69.7,412.0,Lebanon,7941.0,10.9,7%,61:39:00
,,Saitama Medical University,,,,,,,,,,,,,,,,,,,,,,,,,,1201–1500,22.8–28.2,14070.0,26.5,912.0,10.3,1617.0,39.3,1229.0,41.5,948.0,18.3,1895.0,Japan,1915.0,1.4,0%,51:49:00
,,Sakarya University,,,,,,,,,,,,,,,,,,,,,,,,,,1201–1500,22.8–28.2,14080.0,16.5,1662.0,10.6,1581.0,45.4,1110.0,24.0,1368.0,28.4,1566.0,Turkey,42601.0,26.6,7%,51:49:00
,,Samara National Research University (Samara University),,,,,,,,,,,,,,,,,,,,,,,,,,1201–1500,22.8–28.2,14090.0,27.5,846.0,14.8,1140.0,21.8,1641.0,26.6,1279.0,37.1,1236.0,Russian Federation,9198.0,10.7,14%,48:52:00
,,Sapporo Medical University,,,,,,,,,,,,,,,,,,,,,,,,,,1201–1500,22.8–28.2,14100.0,29.7,711.0,12.9,1314.0,33.1,1372.0,58.3,673.0,17.6,1901.0,Japan,1294.0,3.3,0%,44:56:00
,,SASTRA University,,,,,,,,,,,,,,,,,,,,,,,,,,1201–1500,22.8–28.2,14110.0,22.4,1196.0,11.3,1492.0,45.0,1120.0,30.3,1176.0,29.4,1523.0,India,10360.0,13.1,3%,43:57:00
,,Sathyabama Institute of Science and Technology,,,,,,,,,,,,,,,,,,,,,,,,,,1201–1500,22.8–28.2,14120.0,31.2,634.0,9.9,1659.0,35.1,1324.0,16.9,1767.0,29.7,1506.0,India,13406.0,10.6,5%,50:50:00
,,Universitas Sebelas Maret,,,,,,,,,,,,,,,,,,,,,,,,,,1201–1500,22.8–28.2,14130.0,19.3,1444.0,19.3,851.0,33.9,1354.0,48.3,834.0,33.3,1381.0,Indonesia,27580.0,16.9,2%,64:36:00
,,Selçuk University,,,,,,,,,,,,,,,,,,,,,,,,,,1201–1500,22.8–28.2,14140.0,22.4,1197.0,14.4,1169.0,36.7,1285.0,58.2,675.0,34.1,1354.0,Turkey,32183.0,14.0,8%,58:42:00
,,Semnan University of Medical Sciences and Health Services,,,,,,,,,,,,,,,,,,,,,,,,,,1201–1500,22.8–28.2,14150.0,25.4,979.0,10.5,1591.0,46.2,1090.0,16.2,1840.0,29.1,1535.0,Iran,3537.0,7.9,7%,61:39:00
,,Seoul National University of Science and Technology (SeoulTech),,,,,,,,,,,,,,,,,,,,,,,,,,1201–1500,22.8–28.2,14160.0,28.0,806.0,20.1,808.0,32.7,1383.0,39.8,983.0,30.6,1475.0,South Korea,8987.0,13.8,9%,36 : 64
,,University of La Serena,,,,,,,,,,,,,,,,,,,,,,,,,,1201–1500,22.8–28.2,14170.0,12.3,1869.0,9.9,1660.0,49.2,1036.0,16.4,1820.0,50.4,794.0,Chile,8170.0,26.4,1%,51:49:00
,,Shahid Bahonar University of Kerman,,,,,,,,,,,,,,,,,,,,,,,,,,1201–1500,22.8–28.2,14180.0,19.4,1435.0,13.7,1232.0,41.8,1186.0,26.9,1263.0,26.3,1654.0,Iran,13458.0,22.1,1%,60:40:00
,,Shahid Sadoughi University of Medical Sciences,,,,,,,,,,,,,,,,,,,,,,,,,,1201–1500,22.8–28.2,14190.0,39.1,336.0,10.6,1583.0,20.8,1661.0,17.5,1704.0,20.6,1847.0,Iran,6260.0,13.0,2%,58:42:00
,,Shahjalal University of Science and Technology,,,,,,,,,,,,,,,,,,,,,,,,,,1201–1500,22.8–28.2,14200.0,13.2,1836.0,8.4,1859.0,43.4,1156.0,16.6,1800.0,44.8,964.0,Bangladesh,9585.0,17.8,0%,31 : 69
,,University of Shanghai for Science and Technology,,,,,,,,,,,,,,,,,,,,,,,,,,1201–1500,22.8–28.2,14210.0,23.1,1148.0,11.5,1470.0,40.4,1216.0,36.7,1055.0,26.6,1634.0,China,26472.0,10.5,2%,43:57:00
,,Shibaura Institute of Technology,,,,,,,,,,,,,,,,,,,,,,,,,,1201–1500,22.8–28.2,14220.0,20.8,1316.0,20.1,809.0,22.3,1628.0,36.3,1066.0,42.3,1042.0,Japan,9001.0,29.7,5%,0.806944444
,,Shiga University of Medical Science,,,,,,,,,,,,,,,,,,,,,,,,,,1201–1500,22.8–28.2,14230.0,31.5,617.0,12.8,1330.0,32.3,1395.0,62.7,600.0,24.5,1723.0,Japan,1163.0,3.2,4%,50:50:00
,,Showa University,,,,,,,,,,,,,,,,,,,,,,,,,,1201–1500,22.8–28.2,14240.0,32.8,553.0,10.3,1618.0,35.5,1312.0,40.2,977.0,19.8,1875.0,Japan,3668.0,1.6,0%,62:38:00
,,Silesian University of Technology,,,,,,,,,,,,,,,,,,,,,,,,,,1201–1500,22.8–28.2,14250.0,21.8,1248.0,15.6,1079.0,39.4,1227.0,31.5,1149.0,26.6,1635.0,Poland,17424.0,12.0,4%,32 : 68
,,Université de Skikda,,,,,,,,,,,,,,,,,,,,,,,,,,1201–1500,22.8–28.2,14260.0,12.5,1861.0,7.6,1894.0,51.3,987.0,15.8,1889.0,40.6,1099.0,Algeria,32675.0,29.4,0%,71:29:00
,,Slovak University of Agriculture in Nitra,,,,,,,,,,,,,,,,,,,,,,,,,,1201–1500,22.8–28.2,14270.0,23.6,1107.0,12.2,1392.0,27.4,1511.0,18.9,1600.0,48.5,853.0,Slovakia,4550.0,11.9,5%,54:46:00
,,Sohag University,,,,,,,,,,,,,,,,,,,,,,,,,,1201–1500,22.8–28.2,14280.0,12.5,1862.0,9.0,1802.0,53.5,933.0,18.3,1646.0,48.8,838.0,Egypt,64200.0,27.6,0%,56:44:00
,,Soonchunhyang University,,,,,,,,,,,,,,,,,,,,,,,,,,1201–1500,22.8–28.2,14290.0,19.8,1394.0,25.4,592.0,33.0,1376.0,48.2,835.0,35.0,1320.0,South Korea,10329.0,21.4,6%,51:49:00
,,Soongsil University,,,,,,,,,,,,,,,,,,,,,,,,,,1201–1500,22.8–28.2,14300.0,26.7,895.0,15.0,1125.0,25.1,1560.0,47.4,857.0,35.6,1291.0,South Korea,15808.0,18.6,12%,48:52:00
,,Université Sorbonne Nouvelle,,,,,,,,,,,,,,,,,,,,,,,,,,1201–1500,22.8–28.2,14310.0,25.7,961.0,15.3,1099.0,20.8,1662.0,15.6,1903.0,70.0,408.0,France,16357.0,23.7,26%,77:23:00
,,University of Sousse,,,,,,,,,,,,,,,,,,,,,,,,,,1201–1500,22.8–28.2,14320.0,30.3,676.0,10.3,1619.0,31.4,1414.0,19.3,1570.0,40.1,1114.0,Tunisia,25887.0,13.7,2%,68:32:00
,,University of South China,,,,,,,,,,,,,,,,,,,,,,,,,,1201–1500,22.8–28.2,14330.0,26.8,886.0,13.9,1216.0,27.7,1500.0,30.6,1168.0,22.3,1798.0,China,28160.0,7.4,2%,38 : 62
,,Southern Federal University,,,,,,,,,,,,,,,,,,,,,,,,,,1201–1500,22.8–28.2,14340.0,27.9,810.0,14.3,1181.0,21.4,1649.0,32.1,1141.0,40.3,1108.0,Russian Federation,19181.0,11.3,11%,54:46:00
,,South Valley University,,,,,,,,,,,,,,,,,,,,,,,,,,1201–1500,22.8–28.2,14350.0,16.0,1699.0,9.2,1768.0,53.3,939.0,17.7,1690.0,48.9,832.0,Egypt,61914.0,33.0,1%,53:47:00
,,Southwest Petroleum University,,,,,,,,,,,,,,,,,,,,,,,,,,1201–1500,22.8–28.2,14360.0,17.9,1557.0,15.1,1116.0,38.3,1254.0,53.1,750.0,21.8,1815.0,China,33002.0,15.9,2%,34 : 66
,,University of Split,,,,,,,,,,,,,,,,,,,,,,,,,,1201–1500,22.8–28.2,14370.0,17.9,1558.0,13.9,1217.0,49.1,1038.0,23.1,1398.0,36.0,1279.0,Croatia,19354.0,15.7,2%,58:42:00
,,Sri Venkateswara University,,,,,,,,,,,,,,,,,,,,,,,,,,1201–1500,22.8–28.2,14380.0,36.8,397.0,11.3,1494.0,23.6,1593.0,20.9,1487.0,31.5,1445.0,India,7276.0,15.0,0%,48:52:00
,,SRM Institute of Science and Technology,,,,,,,,,,,,,,,,,,,,,,,,,,1201–1500,22.8–28.2,14390.0,21.6,1260.0,11.5,1471.0,51.6,976.0,21.9,1445.0,26.8,1626.0,India,49683.0,15.5,2%,30 : 70
,,Ştefan cel Mare University of Suceava,,,,,,,,,,,,,,,,,,,,,,,,,,1201–1500,22.8–28.2,14400.0,15.6,1727.0,13.0,1309.0,49.3,1032.0,16.8,1777.0,36.9,1248.0,Romania,8939.0,22.9,14%,59:41:00
,,St Marianna University School of Medicine,,,,,,,,,,,,,,,,,,,,,,,,,,1201–1500,22.8–28.2,14410.0,27.6,838.0,9.9,1661.0,44.4,1138.0,37.3,1037.0,20.1,1866.0,Japan,821.0,0.8,1%,44:56:00
,,St Petersburg Electrotechnical University (LETI),,,,,,,,,,,,,,,,,,,,,,,,,,1201–1500,22.8–28.2,14420.0,22.6,1184.0,16.4,1021.0,22.8,1619.0,37.6,1027.0,41.7,1063.0,Russian Federation,8712.0,13.6,20%,31 : 69
,,Universiti Sultan Zainal Abidin,,,,,,,,,,,,,,,,,,,,,,,,,,1201–1500,22.8–28.2,14430.0,24.1,1075.0,11.3,1496.0,38.6,1248.0,16.5,1811.0,47.0,891.0,Malaysia,12271.0,17.7,7%,67:33:00
,,University of Sunderland,,,,,,,,,,,,,,,,,,,,,,,,,,1201–1500,22.8–28.2,14440.0,18.2,1537.0,9.9,1662.0,40.2,1219.0,42.1,936.0,71.6,382.0,United Kingdom,13320.0,16.0,42%,61:39:00
,,Suranaree University of Technology,,,,,,,,,,,,,,,,,,,,,,,,,,1201–1500,22.8–28.2,14450.0,21.9,1243.0,20.9,777.0,27.7,1501.0,54.9,725.0,37.9,1202.0,Thailand,14265.0,26.2,1%,54:46:00
,,Universitas Syiah Kuala,,,,,,,,,,,,,,,,,,,,,,,,,,1201–1500,22.8–28.2,14460.0,14.0,1804.0,9.4,1740.0,51.5,981.0,19.5,1563.0,25.8,1671.0,Indonesia,30701.0,20.4,0%,62:38:00
,,University of Talca,,,,,,,,,,,,,,,,,,,,,,,,,,1201–1500,22.8–28.2,14470.0,17.4,1602.0,13.7,1233.0,31.5,1410.0,36.7,1056.0,52.3,733.0,Chile,12510.0,15.5,0%,48:52:00
,,Tamkang University,,,,,,,,,,,,,,,,,,,,,,,,,,1201–1500,22.8–28.2,14480.0,15.3,1740.0,12.7,1338.0,34.1,1347.0,43.6,912.0,42.9,1022.0,Taiwan,23600.0,22.5,7%,47:53:00
,,University of Tarapacá,,,,,,,,,,,,,,,,,,,,,,,,,,1201–1500,22.8–28.2,14490.0,12.4,1866.0,19.0,864.0,45.1,1116.0,19.4,1569.0,59.0,604.0,Chile,10496.0,31.8,4%,54:46:00
,,Taras Shevchenko National University of Kyiv,,,,,,,,,,,,,,,,,,,,,,,,,,1201–1500,22.8–28.2,14500.0,30.0,689.0,13.1,1293.0,20.2,1672.0,31.4,1154.0,31.8,1434.0,Ukraine,25937.0,10.6,5%,56:44:00
,,Technical University of Cluj-Napoca,,,,,,,,,,,,,,,,,,,,,,,,,,1201–1500,22.8–28.2,14510.0,17.0,1627.0,13.2,1288.0,39.3,1230.0,29.5,1194.0,25.0,1709.0,Romania,19065.0,20.5,2%,37 : 63
,,Technical University of Crete,,,,,,,,,,,,,,,,,,,,,,,,,,1201–1500,22.8–28.2,14520.0,13.1,1841.0,11.1,1517.0,50.4,1014.0,40.6,967.0,40.7,1094.0,Greece,6935.0,33.2,4%,37 : 63
,,Technical University of Košice,,,,,,,,,,,,,,,,,,,,,,,,,,1201–1500,22.8–28.2,14530.0,26.5,913.0,17.1,967.0,30.2,1439.0,30.0,1184.0,44.8,965.0,Slovakia,9573.0,13.1,23%,27 : 73
,,University of Technology of Compiègne,,,,,,,,,,,,,,,,,,,,,,,,,,1201–1500,22.8–28.2,14540.0,26.7,897.0,10.9,1541.0,24.3,1578.0,48.8,827.0,83.8,202.0,France,4170.0,15.6,19%,39 : 61
,,Universiti Teknikal Malaysia Melaka,,,,,,,,,,,,,,,,,,,,,,,,,,1201–1500,22.8–28.2,14550.0,20.1,1369.0,11.4,1482.0,32.6,1389.0,19.6,1555.0,44.2,984.0,Malaysia,11730.0,16.1,6%,38 : 62
,,Institut Teknologi Sepuluh Nopember,,,,,,,,,,,,,,,,,,,,,,,,,,1201–1500,22.8–28.2,14560.0,25.3,983.0,10.8,1554.0,25.4,1553.0,35.4,1085.0,42.5,1032.0,Indonesia,20658.0,7.1,6%,40 : 60
,,University of Texas Rio Grande Valley,,,,,,,,,,,,,,,,,,,,,,,,,,1201–1500,22.8–28.2,14570.0,17.9,1560.0,8.5,1854.0,45.1,1117.0,17.4,1718.0,46.1,928.0,United States,28703.0,21.7,2%,61:39:00
,,Tezpur University,,,,,,,,,,,,,,,,,,,,,,,,,,1201–1500,22.8–28.2,14580.0,31.3,627.0,15.3,1100.0,27.9,1494.0,33.8,1115.0,18.4,1893.0,India,4447.0,15.3,1%,43:57:00
,,Thammasat University,,,,,,,,,,,,,,,,,,,,,,,,,,1201–1500,22.8–28.2,14590.0,26.3,926.0,19.1,860.0,25.7,1548.0,30.1,1179.0,38.1,1190.0,Thailand,30488.0,11.4,1%,64:36:00
,,Thiagarajar College of Engineering,,,,,,,,,,,,,,,,,,,,,,,,,,1201–1500,22.8–28.2,14600.0,18.7,1487.0,8.9,1816.0,41.9,1183.0,20.2,1520.0,18.0,1897.0,India,4378.0,18.3,0%,36 : 64
,,Toho University,,,,,,,,,,,,,,,,,,,,,,,,,,1201–1500,22.8–28.2,14610.0,24.7,1034.0,15.0,1126.0,33.7,1358.0,57.3,699.0,21.5,1824.0,Japan,5424.0,13.7,0%,53:47:00
,,Tokai University,,,,,,,,,,,,,,,,,,,,,,,,,,1201–1500,22.8–28.2,14620.0,18.3,1533.0,12.0,1411.0,36.5,1292.0,46.0,880.0,30.4,1486.0,Japan,28334.0,16.0,4%,27 : 73
,,Tokushima University,,,,,,,,,,,,,,,,,,,,,,,,,,1201–1500,22.8–28.2,14630.0,29.2,737.0,24.0,653.0,24.4,1575.0,81.6,243.0,26.4,1649.0,Japan,7482.0,9.7,2%,35 : 65
,,Tokyo University of Marine Science and Technology,,,,,,,,,,,,,,,,,,,,,,,,,,1201–1500,22.8–28.2,14640.0,31.3,628.0,15.2,1108.0,19.7,1686.0,43.1,921.0,44.4,979.0,Japan,2602.0,10.4,8%,33 : 67
,,Tokyo University of Science,,,,,,,,,,,,,,,,,,,,,,,,,,1201–1500,22.8–28.2,14650.0,24.0,1081.0,26.1,568.0,26.4,1529.0,74.0,348.0,29.1,1537.0,Japan,17662.0,24.0,4%,25 : 75
,,Tomas Bata University in Zlín,,,,,,,,,,,,,,,,,,,,,,,,,,1201–1500,22.8–28.2,14660.0,18.1,1546.0,21.0,771.0,31.8,1404.0,26.1,1298.0,51.3,763.0,Czech Republic,9642.0,20.1,11%,56:44:00
,,University of Toyama,,,,,,,,,,,,,,,,,,,,,,,,,,1201–1500,22.8–28.2,14670.0,27.0,877.0,14.6,1158.0,29.2,1463.0,61.9,615.0,33.1,1386.0,Japan,8891.0,10.6,3%,39 : 61
,,Transilvania University of Brașov,,,,,,,,,,,,,,,,,,,,,,,,,,1201–1500,22.8–28.2,14680.0,15.4,1735.0,11.5,1473.0,49.8,1025.0,18.7,1613.0,36.9,1249.0,Romania,20075.0,20.4,1%,52:48:00
,,Tribhuvan University,,,,,,,,,,,,,,,,,,,,,,,,,,1201–1500,22.8–28.2,14690.0,11.3,1892.0,8.2,1869.0,49.5,1028.0,15.9,1880.0,46.7,906.0,Nepal,482541.0,30.9,0%,52:48:00
,,Tunghai University,,,,,,,,,,,,,,,,,,,,,,,,,,1201–1500,22.8–28.2,14700.0,16.5,1664.0,14.4,1171.0,37.8,1262.0,49.4,821.0,46.6,913.0,Taiwan,15201.0,20.4,10%,55:45:00
,,University of Tunis,,,,,,,,,,,,,,,,,,,,,,,,,,1201–1500,22.8–28.2,14710.0,30.9,645.0,10.3,1620.0,23.5,1596.0,16.6,1801.0,39.2,1144.0,Tunisia,17124.0,11.4,2%,70:30:00
,,Tzu Chi University,,,,,,,,,,,,,,,,,,,,,,,,,,1201–1500,22.8–28.2,14720.0,25.3,984.0,26.0,573.0,18.3,1709.0,65.6,535.0,27.1,1612.0,Taiwan,3050.0,8.9,8%,60:40:00
,,UNIR – International University of La Rioja,,,,,,,,,,,,,,,,,,,,,,,,,,1201–1500,22.8–28.2,14730.0,11.9,1879.0,13.9,1218.0,38.0,1258.0,15.6,1904.0,58.6,612.0,Spain,35499.0,36.0,37%,62:38:00
,,Unisinos University,,,,,,,,,,,,,,,,,,,,,,,,,,1201–1500,22.8–28.2,14740.0,30.1,682.0,15.4,1089.0,22.3,1631.0,25.2,1333.0,29.3,1528.0,Brazil,12990.0,24.3,0%,47:53:00
,,Universiti Tun Hussein Onn Malaysia (UTHM),,,,,,,,,,,,,,,,,,,,,,,,,,1201–1500,22.8–28.2,14750.0,22.0,1229.0,13.5,1259.0,37.0,1278.0,18.5,1629.0,42.1,1048.0,Malaysia,16137.0,16.6,6%,46:54:00
,,University of Valladolid,,,,,,,,,,,,,,,,,,,,,,,,,,1201–1500,22.8–28.2,14760.0,25.1,1000.0,14.4,1173.0,37.9,1260.0,43.8,910.0,38.1,1192.0,Spain,21261.0,10.7,6%,56:44:00
,,Veltech University,,,,,,,,,,,,,,,,,,,,,,,,,,1201–1500,22.8–28.2,14770.0,17.9,1562.0,9.1,1790.0,44.4,1139.0,16.0,1868.0,27.7,1595.0,India,9943.0,14.4,2%,0.725
,,University of Venda,,,,,,,,,,,,,,,,,,,,,,,,,,1201–1500,22.8–28.2,14780.0,20.3,1352.0,29.2,492.0,19.9,1680.0,16.8,1778.0,49.0,829.0,South Africa,11848.0,29.4,1%,58:42:00
,,"Vietnam National University, Hanoi",,,,,,,,,,,,,,,,,,,,,,,,,,1201–1500,22.8–28.2,14790.0,20.9,1311.0,11.2,1505.0,46.8,1080.0,19.1,1584.0,48.9,834.0,Vietnam,52005.0,15.9,1%,63:37:00
,,Vilnius Gediminas Technical University (Vilnius Tech),,,,,,,,,,,,,,,,,,,,,,,,,,1201–1500,22.8–28.2,14800.0,22.0,1231.0,16.3,1029.0,36.0,1302.0,57.8,688.0,47.2,886.0,Lithuania,8369.0,12.3,11%,34 : 66
,,"Visvesvaraya National Institute of Technology, Nagpur",,,,,,,,,,,,,,,,,,,,,,,,,,1201–1500,22.8–28.2,14810.0,24.5,1046.0,13.4,1275.0,41.8,1187.0,40.4,974.0,20.1,1867.0,India,4512.0,15.3,2%,27 : 73
,,V.N. Karazin Kharkiv National University,,,,,,,,,,,,,,,,,,,,,,,,,,1201–1500,22.8–28.2,14820.0,26.4,917.0,10.9,1542.0,8.8,1871.0,46.6,873.0,47.2,887.0,Ukraine,17491.0,8.3,28%,53:47:00
,,Volgograd State University,,,,,,,,,,,,,,,,,,,,,,,,,,1201–1500,22.8–28.2,14830.0,24.0,1082.0,12.9,1316.0,34.5,1336.0,15.8,1892.0,27.9,1582.0,Russian Federation,6577.0,10.5,5%,43:57:00
,,VSB - Technical University of Ostrava,,,,,,,,,,,,,,,,,,,,,,,,,,1201–1500,22.8–28.2,14840.0,26.8,887.0,19.7,829.0,27.8,1499.0,31.0,1157.0,46.9,893.0,Czech Republic,11390.0,14.7,13%,33 : 67
,,Vytautas Magnus University,,,,,,,,,,,,,,,,,,,,,,,,,,1201–1500,22.8–28.2,14850.0,22.4,1198.0,12.3,1383.0,27.4,1512.0,20.9,1490.0,61.9,543.0,Lithuania,8210.0,11.2,15%,61:39:00
,,Walailak University,,,,,,,,,,,,,,,,,,,,,,,,,,1201–1500,22.8–28.2,14860.0,20.9,1312.0,13.3,1281.0,35.5,1313.0,16.3,1832.0,40.7,1095.0,Thailand,8553.0,13.6,1%,73:27:00
,,Warsaw University of Life Sciences – SGGW,,,,,,,,,,,,,,,,,,,,,,,,,,1201–1500,22.8–28.2,14870.0,19.9,1384.0,11.8,1432.0,41.6,1193.0,23.4,1385.0,34.2,1347.0,Poland,15737.0,13.4,8%,58:42:00
,,Warsaw University of Technology,,,,,,,,,,,,,,,,,,,,,,,,,,1201–1500,22.8–28.2,14880.0,22.0,1232.0,19.6,835.0,33.3,1370.0,53.5,744.0,31.7,1440.0,Poland,23167.0,17.1,7%,32 : 68
,,University of West Bohemia,,,,,,,,,,,,,,,,,,,,,,,,,,1201–1500,22.8–28.2,14890.0,20.5,1340.0,18.0,920.0,35.2,1320.0,27.7,1247.0,32.4,1410.0,Czech Republic,11252.0,14.8,5%,54:46:00
,,University of Western Macedonia,,,,,,,,,,,,,,,,,,,,,,,,,,1201–1500,22.8–28.2,14900.0,11.6,1887.0,17.1,969.0,39.3,1231.0,26.2,1292.0,27.9,1584.0,Greece,10959.0,46.2,2%,51:49:00
,,West University of Timişoara,,,,,,,,,,,,,,,,,,,,,,,,,,1201–1500,22.8–28.2,14910.0,24.3,1061.0,13.7,1234.0,40.2,1220.0,17.4,1720.0,34.9,1326.0,Romania,15142.0,23.9,6%,64:36:00
,,Wrocław University of Environmental and Life Sciences,,,,,,,,,,,,,,,,,,,,,,,,,,1201–1500,22.8–28.2,14920.0,19.1,1465.0,13.9,1219.0,34.3,1343.0,49.8,811.0,29.6,1515.0,Poland,7099.0,16.7,4%,67:33:00
,,Wrocław University of Science and Technology,,,,,,,,,,,,,,,,,,,,,,,,,,1201–1500,22.8–28.2,14930.0,19.7,1407.0,17.4,946.0,33.1,1373.0,54.6,734.0,29.7,1510.0,Poland,22772.0,19.8,4%,35 : 65
,,Wuhan Textile University,,,,,,,,,,,,,,,,,,,,,,,,,,1201–1500,22.8–28.2,14940.0,15.0,1755.0,11.0,1532.0,46.2,1091.0,36.7,1057.0,23.5,1759.0,China,23369.0,15.8,1%,50:50:00
,,Xiangtan University,,,,,,,,,,,,,,,,,,,,,,,,,,1201–1500,22.8–28.2,14950.0,17.0,1628.0,15.9,1057.0,49.0,1040.0,33.7,1118.0,21.8,1817.0,China,33943.0,20.6,0%,50:50:00
,,Xuzhou Medical University,,,,,,,,,,,,,,,,,,,,,,,,,,1201–1500,22.8–28.2,14960.0,15.8,1715.0,16.3,1031.0,43.5,1154.0,26.0,1302.0,21.4,1831.0,China,14112.0,18.6,3%,
,,Yamagata University,,,,,,,,,,,,,,,,,,,,,,,,,,1201–1500,22.8–28.2,14970.0,28.0,807.0,15.3,1101.0,24.8,1567.0,72.2,382.0,32.3,1416.0,Japan,8657.0,8.8,2%,34 : 66
,,Yamaguchi University,,,,,,,,,,,,,,,,,,,,,,,,,,1201–1500,22.8–28.2,14980.0,28.5,778.0,13.4,1276.0,21.4,1650.0,57.3,700.0,33.4,1378.0,Japan,10437.0,10.9,5%,37 : 63
,,University of Yamanashi,,,,,,,,,,,,,,,,,,,,,,,,,,1201–1500,22.8–28.2,14990.0,27.8,821.0,13.1,1297.0,25.9,1544.0,45.4,890.0,29.0,1541.0,Japan,4616.0,6.2,5%,30 : 70
,,Yarmouk University,,,,,,,,,,,,,,,,,,,,,,,,,,1201–1500,22.8–28.2,15000.0,19.9,1385.0,12.9,1317.0,41.5,1194.0,20.8,1496.0,53.1,709.0,Jordan,31177.0,28.3,11%,57:43:00
,,Yasouj University,,,,,,,,,,,,,,,,,,,,,,,,,,1201–1500,22.8–28.2,15010.0,14.7,1771.0,14.5,1162.0,52.3,957.0,20.1,1526.0,22.4,1793.0,Iran,6236.0,25.8,0%,54:46:00
,,Yokohama National University,,,,,,,,,,,,,,,,,,,,,,,,,,1201–1500,22.8–28.2,15020.0,26.0,940.0,22.5,713.0,19.1,1702.0,71.2,403.0,36.1,1275.0,Japan,9649.0,13.4,8%,28 : 72
,,Yuan Ze University,,,,,,,,,,,,,,,,,,,,,,,,,,1201–1500,22.8–28.2,15030.0,18.5,1511.0,24.1,649.0,32.1,1398.0,69.0,455.0,42.8,1026.0,Taiwan,6852.0,23.0,8%,44:56:00
,,Yuriy Fedkovych Chernivtsi National University,,,,,,,,,,,,,,,,,,,,,,,,,,1201–1500,22.8–28.2,15040.0,22.8,1168.0,9.9,1664.0,8.2,1878.0,17.6,1696.0,26.3,1655.0,Ukraine,10592.0,10.4,1%,56:44:00
,,University of Zambia,,,,,,,,,,,,,,,,,,,,,,,,,,1201–1500,22.8–28.2,15050.0,13.2,1837.0,9.8,1679.0,45.8,1103.0,19.9,1539.0,54.9,679.0,Zambia,20976.0,24.6,2%,39 : 61
,,University of Zanjan,,,,,,,,,,,,,,,,,,,,,,,,,,1201–1500,22.8–28.2,15060.0,17.1,1620.0,12.3,1384.0,42.6,1176.0,21.5,1463.0,27.3,1605.0,Iran,9611.0,23.5,0%,53:47:00
,,Zanjan University of Medical Sciences,,,,,,,,,,,,,,,,,,,,,,,,,,1201–1500,22.8–28.2,15070.0,36.4,418.0,12.6,1354.0,35.5,1314.0,24.2,1361.0,21.5,1825.0,Iran,5278.0,10.9,1%,56:44:00
,,Zhejiang Chinese Medical University,,,,,,,,,,,,,,,,,,,,,,,,,,1201–1500,22.8–28.2,15080.0,16.5,1665.0,16.4,1023.0,34.5,1338.0,37.2,1041.0,23.0,1777.0,China,18260.0,31.0,5%,66:34:00
,,University of Zimbabwe,,,,,,,,,,,,,,,,,,,,,,,,,,1201–1500,22.8–28.2,15090.0,12.9,1853.0,12.7,1342.0,37.3,1270.0,20.9,1492.0,50.8,779.0,Zimbabwe,25108.0,22.5,0%,42:58:00
,,Université 8 Mai 1945 Guelma,,,,,,,,,,,,,,,,,,,,,,,,,,1501+,9.7–22.7,15100.0,14.7,1769.0,8.6,1837.0,25.4,1551.0,15.9,1870.0,37.0,1237.0,Algeria,18030.0,20.9,1%,70:30:00
,,University Abdelhamid Ibn Badis Mostaganem,,,,,,,,,,,,,,,,,,,,,,,,,,1501+,9.7–22.7,15110.0,17.7,1576.0,7.8,1886.0,8.1,1879.0,15.7,1893.0,33.5,1371.0,Algeria,24983.0,19.5,1%,68:32:00
,,Abdelmalek Essaâdi University,,,,,,,,,,,,,,,,,,,,,,,,,,1501+,9.7–22.7,15120.0,21.6,1255.0,9.7,1680.0,30.1,1440.0,17.2,1730.0,29.4,1521.0,Morocco,122962.0,91.8,1%,52:48:00
,,University of Abou Bekr Belkaïd Tlemcen,,,,,,,,,,,,,,,,,,,,,,,,,,1501+,9.7–22.7,15130.0,22.7,1169.0,9.0,1791.0,11.6,1829.0,19.6,1552.0,35.3,1306.0,Algeria,42485.0,21.3,1%,59:41:00
,,Acıbadem University,,,,,,,,,,,,,,,,,,,,,,,,,,1501+,9.7–22.7,15140.0,25.8,948.0,12.0,1404.0,22.7,1620.0,24.2,1357.0,30.3,1487.0,Turkey,2547.0,5.7,3%,73:27:00
,,Adelphi University,,,,,,,,,,,,,,,,,,,,,,,,,,1501+,9.7–22.7,15150.0,24.1,1071.0,7.7,1890.0,26.1,1538.0,16.4,1812.0,33.0,1387.0,United States,6582.0,11.1,7%,70:30:00
,,Afe Babalola University,,,,,,,,,,,,,,,,,,,,,,,,,,1501+,9.7–22.7,15160.0,23.4,1116.0,11.6,1449.0,17.2,1723.0,24.6,1346.0,43.6,999.0,Nigeria,9660.0,10.7,1%,57:43:00
,,Akita University,,,,,,,,,,,,,,,,,,,,,,,,,,1501+,9.7–22.7,15170.0,25.6,963.0,13.4,1261.0,20.8,1659.0,39.1,1003.0,26.7,1628.0,Japan,5002.0,10.7,4%,35 : 65
,,Aksaray University,,,,,,,,,,,,,,,,,,,,,,,,,,1501+,9.7–22.7,15180.0,11.6,1883.0,8.8,1818.0,23.5,1594.0,26.8,1265.0,28.0,1574.0,Turkey,19511.0,22.2,8%,49:51:00
,,Alexandru Ioan Cuza University,,,,,,,,,,,,,,,,,,,,,,,,,,1501+,9.7–22.7,15190.0,16.5,1658.0,12.1,1395.0,31.6,1407.0,18.3,1640.0,40.2,1109.0,Romania,25443.0,22.3,8%,56:44:00
,,Altai State University,,,,,,,,,,,,,,,,,,,,,,,,,,1501+,9.7–22.7,15200.0,20.5,1334.0,16.5,1003.0,15.2,1761.0,25.2,1330.0,64.4,496.0,Russian Federation,9271.0,19.0,27%,56:44:00
,,Alzahra University,,,,,,,,,,,,,,,,,,,,,,,,,,1501+,9.7–22.7,15210.0,25.4,973.0,15.3,1091.0,24.6,1569.0,19.6,1553.0,31.0,1463.0,Iran,10531.0,28.4,3%,100:00:00
,,University of Anbar,,,,,,,,,,,,,,,,,,,,,,,,,,1501+,9.7–22.7,15220.0,17.7,1577.0,9.1,1772.0,39.1,1236.0,16.9,1756.0,29.3,1524.0,Iraq,26956.0,15.5,0%,55:45:00
,,Universitas Andalas,,,,,,,,,,,,,,,,,,,,,,,,,,1501+,9.7–22.7,15230.0,24.7,1023.0,12.7,1332.0,16.5,1737.0,36.1,1069.0,33.2,1382.0,Indonesia,32695.0,22.0,1%,58:42:00
,,"University of the Andes, Venezuela",,,,,,,,,,,,,,,,,,,,,,,,,,1501+,9.7–22.7,15240.0,21.9,1235.0,8.6,1838.0,8.8,1870.0,27.7,1241.0,50.2,796.0,Venezuela,20302.0,10.1,2%,61:39:00
,,Andhra University,,,,,,,,,,,,,,,,,,,,,,,,,,1501+,9.7–22.7,15250.0,38.2,356.0,10.4,1596.0,18.7,1706.0,26.1,1293.0,24.1,1733.0,India,10382.0,14.8,5%,46:54:00
,,Universidad Andrés Bello (UNAB),,,,,,,,,,,,,,,,,,,,,,,,,,1501+,9.7–22.7,15260.0,15.1,1747.0,10.4,1597.0,33.5,1365.0,20.7,1497.0,50.6,784.0,Chile,46249.0,18.4,2%,53:47:00
,,Ankara University,,,,,,,,,,,,,,,,,,,,,,,,,,1501+,9.7–22.7,15270.0,18.2,1534.0,11.6,1450.0,30.5,1425.0,36.6,1058.0,34.4,1340.0,Turkey,70464.0,27.6,6%,53:47:00
,,Ankara Yildirim Beyazit University,,,,,,,,,,,,,,,,,,,,,,,,,,1501+,9.7–22.7,15280.0,19.2,1449.0,12.6,1344.0,23.1,1606.0,17.3,1721.0,35.4,1301.0,Turkey,21060.0,23.3,12%,54:46:00
,,Annamalai University,,,,,,,,,,,,,,,,,,,,,,,,,,1501+,9.7–22.7,15290.0,35.5,443.0,9.6,1695.0,20.0,1674.0,22.2,1429.0,20.1,1863.0,India,18360.0,13.6,0%,48:52:00
,,Antonio Nariño University,,,,,,,,,,,,,,,,,,,,,,,,,,1501+,9.7–22.7,15300.0,16.6,1656.0,7.9,1882.0,33.1,1371.0,16.0,1856.0,51.5,751.0,Colombia,13691.0,14.1,2%,55:45:00
,,Aoyama Gakuin University,,,,,,,,,,,,,,,,,,,,,,,,,,1501+,9.7–22.7,15310.0,20.0,1370.0,8.9,1807.0,10.4,1849.0,22.2,1430.0,36.2,1265.0,Japan,19692.0,12.2,3%,49:51:00
,,Arak University,,,,,,,,,,,,,,,,,,,,,,,,,,1501+,9.7–22.7,15320.0,19.5,1416.0,11.2,1498.0,32.7,1380.0,20.1,1523.0,26.3,1652.0,Iran,7506.0,18.7,5%,58:42:00
,,Universidad Autónoma de Ciudad Juárez,,,,,,,,,,,,,,,,,,,,,,,,,,1501+,9.7–22.7,15330.0,15.6,1721.0,8.0,1876.0,10.2,1852.0,17.5,1697.0,37.3,1225.0,Mexico,36463.0,15.0,2%,56:44:00
,,Universidad Autónoma de Coahuila,,,,,,,,,,,,,,,,,,,,,,,,,,1501+,9.7–22.7,15340.0,21.4,1273.0,8.0,1877.0,12.8,1800.0,18.1,1655.0,34.4,1341.0,Mexico,27413.0,29.6,0%,58:42:00
,,Universidad Autónoma del Estado de Hidalgo,,,,,,,,,,,,,,,,,,,,,,,,,,1501+,9.7–22.7,15350.0,19.2,1450.0,9.6,1696.0,11.1,1837.0,18.1,1656.0,26.4,1645.0,Mexico,38732.0,19.5,0%,58:42:00
,,Universidad Autónoma del Estado de Mexico (UAEMex),,,,,,,,,,,,,,,,,,,,,,,,,,1501+,9.7–22.7,15360.0,22.2,1206.0,9.3,1741.0,7.7,1882.0,17.4,1706.0,26.9,1615.0,Mexico,66758.0,10.6,1%,59:41:00
,,Universidad Autónoma del Estado de Morelos,,,,,,,,,,,,,,,,,,,,,,,,,,1501+,9.7–22.7,15370.0,17.1,1614.0,9.1,1773.0,9.1,1863.0,28.8,1207.0,27.4,1600.0,Mexico,30889.0,17.4,0%,56:44:00
,,Universidad Autónoma de Nuevo León (UANL),,,,,,,,,,,,,,,,,,,,,,,,,,1501+,9.7–22.7,15380.0,13.3,1830.0,9.1,1774.0,17.1,1727.0,19.8,1540.0,33.4,1373.0,Mexico,132850.0,48.0,0%,47:53:00
,,Universidad Autónoma de Querétaro,,,,,,,,,,,,,,,,,,,,,,,,,,1501+,9.7–22.7,15390.0,19.1,1457.0,10.5,1584.0,19.1,1699.0,23.7,1376.0,30.0,1494.0,Mexico,25567.0,45.2,1%,57:43:00
,,Universidad Autónoma de Yucatán,,,,,,,,,,,,,,,,,,,,,,,,,,1501+,9.7–22.7,15400.0,14.9,1756.0,10.0,1637.0,14.6,1772.0,24.1,1362.0,33.6,1365.0,Mexico,19128.0,19.6,0%,50:50:00
,,Autonomous University of Baja California,,,,,,,,,,,,,,,,,,,,,,,,,,1501+,9.7–22.7,15410.0,13.0,1842.0,9.0,1792.0,12.6,1806.0,17.0,1750.0,35.7,1286.0,Mexico,67944.0,21.7,3%,54:46:00
,,Badji Mokhtar University – Annaba,,,,,,,,,,,,,,,,,,,,,,,,,,1501+,9.7–22.7,15420.0,34.1,487.0,16.2,1032.0,12.5,1808.0,16.9,1757.0,35.0,1315.0,Algeria,38030.0,11.9,2%,63:37:00
,,University of Baghdad,,,,,,,,,,,,,,,,,,,,,,,,,,1501+,9.7–22.7,15430.0,25.1,990.0,12.6,1345.0,19.8,1681.0,28.5,1218.0,20.2,1860.0,Iraq,77128.0,13.3,0%,57:43:00
,,Baku State University,,,,,,,,,,,,,,,,,,,,,,,,,,1501+,9.7–22.7,15440.0,20.1,1363.0,8.6,1839.0,13.8,1786.0,19.7,1545.0,35.5,1293.0,Azerbaijan,23684.0,13.2,2%,66:34:00
,,Başkent University,,,,,,,,,,,,,,,,,,,,,,,,,,1501+,9.7–22.7,15450.0,20.0,1371.0,12.2,1386.0,15.7,1751.0,29.1,1198.0,22.0,1806.0,Turkey,13970.0,13.3,3%,49:51:00
,,University of Basrah,,,,,,,,,,,,,,,,,,,,,,,,,,1501+,9.7–22.7,15460.0,23.4,1117.0,7.8,1888.0,14.6,1773.0,16.2,1834.0,26.1,1659.0,Iraq,42848.0,11.7,0%,55:45:00
,,University of Batna 2,,,,,,,,,,,,,,,,,,,,,,,,,,1501+,9.7–22.7,15470.0,17.5,1591.0,7.9,1883.0,12.2,1815.0,15.9,1872.0,30.4,1480.0,Algeria,27867.0,23.7,1%,51:49:00
,,University of Béjaïa,,,,,,,,,,,,,,,,,,,,,,,,,,1501+,9.7–22.7,15480.0,13.8,1810.0,8.3,1862.0,14.4,1778.0,20.9,1482.0,44.9,961.0,Algeria,40752.0,23.7,1%,61:39:00
,,Belgorod State National Research University,,,,,,,,,,,,,,,,,,,,,,,,,,1501+,9.7–22.7,15490.0,23.4,1118.0,13.7,1230.0,10.6,1847.0,34.1,1108.0,42.3,1037.0,Russian Federation,14066.0,15.6,20%,60:40:00
,,Benemérita Universidad Autónoma de Puebla,,,,,,,,,,,,,,,,,,,,,,,,,,1501+,9.7–22.7,15500.0,15.6,1722.0,9.5,1705.0,17.1,1728.0,19.4,1564.0,37.7,1208.0,Mexico,79695.0,45.2,1%,52:48:00
,,University of Benin,,,,,,,,,,,,,,,,,,,,,,,,,,1501+,9.7–22.7,15510.0,15.5,1728.0,5.7,1902.0,35.0,1325.0,16.4,1813.0,34.7,1330.0,Nigeria,47837.0,25.8,0%,49:51:00
,,Bernardo O’Higgins University,,,,,,,,,,,,,,,,,,,,,,,,,,1501+,9.7–22.7,15520.0,13.9,1806.0,10.3,1605.0,10.7,1842.0,20.9,1483.0,54.0,692.0,Chile,9010.0,18.6,6%,68:32:00
,,Bharath Institute of Higher Education and Research,,,,,,,,,,,,,,,,,,,,,,,,,,1501+,9.7–22.7,15530.0,21.1,1290.0,7.3,1899.0,30.2,1437.0,21.2,1469.0,35.9,1281.0,India,22563.0,14.0,2%,56:44:00
,,Bharati Vidyapeeth University,,,,,,,,,,,,,,,,,,,,,,,,,,1501+,9.7–22.7,15540.0,24.8,1014.0,9.4,1722.0,13.5,1792.0,30.4,1172.0,18.8,1886.0,India,9925.0,7.3,0%,50:50:00
,,Bialystok University of Technology,,,,,,,,,,,,,,,,,,,,,,,,,,1501+,9.7–22.7,15550.0,23.0,1149.0,14.9,1129.0,23.1,1607.0,20.6,1505.0,24.3,1728.0,Poland,6471.0,10.8,3%,36 : 64
,,Bilecik Şeyh Edebali University,,,,,,,,,,,,,,,,,,,,,,,,,,1501+,9.7–22.7,15560.0,14.5,1776.0,9.5,1706.0,22.8,1617.0,17.8,1679.0,32.0,1427.0,Turkey,10386.0,16.3,13%,40 : 60
,,University of Bío-Bío,,,,,,,,,,,,,,,,,,,,,,,,,,1501+,9.7–22.7,15570.0,12.9,1848.0,12.8,1319.0,13.9,1784.0,19.1,1579.0,46.7,900.0,Chile,12662.0,25.5,1%,43:57:00
,,University of Birjand,,,,,,,,,,,,,,,,,,,,,,,,,,1501+,9.7–22.7,15580.0,11.1,1894.0,9.5,1707.0,26.7,1522.0,16.8,1770.0,26.2,1656.0,Iran,12245.0,36.9,4%,53:47:00
,,University of Biskra,,,,,,,,,,,,,,,,,,,,,,,,,,1501+,9.7–22.7,15590.0,16.3,1674.0,8.6,1840.0,19.3,1692.0,15.9,1873.0,38.1,1186.0,Algeria,30508.0,21.5,0%,64:36:00
,,Blida 1 University,,,,,,,,,,,,,,,,,,,,,,,,,,1501+,9.7–22.7,15600.0,19.6,1409.0,8.6,1841.0,14.9,1766.0,16.7,1780.0,36.8,1251.0,Algeria,29433.0,20.4,1%,64:36:00
,,Bolu Abant Izzet Baysal University,,,,,,,,,,,,,,,,,,,,,,,,,,1501+,9.7–22.7,15610.0,15.6,1723.0,9.3,1742.0,29.2,1460.0,17.4,1707.0,32.4,1406.0,Turkey,23820.0,22.1,9%,55:45:00
,,Bozok University,,,,,,,,,,,,,,,,,,,,,,,,,,1501+,9.7–22.7,15620.0,16.1,1691.0,9.4,1723.0,30.3,1432.0,16.9,1758.0,28.9,1544.0,Turkey,13417.0,14.4,5%,51:49:00
,,University of Brawijaya,,,,,,,,,,,,,,,,,,,,,,,,,,1501+,9.7–22.7,15630.0,20.5,1335.0,9.9,1645.0,17.2,1724.0,20.4,1516.0,25.7,1672.0,Indonesia,55332.0,14.4,1%,56:44:00
,,Burapha University,,,,,,,,,,,,,,,,,,,,,,,,,,1501+,9.7–22.7,15640.0,16.0,1696.0,9.8,1667.0,10.3,1850.0,20.9,1484.0,27.6,1596.0,Thailand,24431.0,17.4,2%,66:34:00
,,Bursa Technical University,,,,,,,,,,,,,,,,,,,,,,,,,,1501+,9.7–22.7,15650.0,13.7,1813.0,9.4,1724.0,30.4,1428.0,18.5,1623.0,29.7,1503.0,Turkey,8696.0,18.5,8%,48:52:00
,,Bursa Uludağ University,,,,,,,,,,,,,,,,,,,,,,,,,,1501+,9.7–22.7,15660.0,18.8,1475.0,10.4,1598.0,20.0,1675.0,31.0,1156.0,32.3,1411.0,Turkey,41901.0,24.2,10%,50:50:00
,,University of Caldas,,,,,,,,,,,,,,,,,,,,,,,,,,1501+,9.7–22.7,15670.0,10.1,1899.0,11.0,1520.0,9.0,1867.0,53.2,746.0,32.2,1417.0,Colombia,27456.0,58.2,0%,49:51:00
,,Çankırı Karatekin University,,,,,,,,,,,,,,,,,,,,,,,,,,1501+,9.7–22.7,15680.0,12.5,1860.0,9.5,1709.0,22.7,1621.0,15.6,1898.0,41.0,1079.0,Turkey,10567.0,19.9,20%,53:47:00
,,Catholic University of Brasília,,,,,,,,,,,,,,,,,,,,,,,,,,1501+,9.7–22.7,15690.0,15.4,1734.0,10.5,1585.0,11.7,1828.0,19.0,1588.0,35.7,1287.0,Brazil,10064.0,22.6,0%,53:47:00
,,Catholic University of the North,,,,,,,,,,,,,,,,,,,,,,,,,,1501+,9.7–22.7,15700.0,14.2,1792.0,15.2,1104.0,29.0,1468.0,18.2,1647.0,58.0,622.0,Chile,11528.0,20.3,3%,46:54:00
,,Universidad Católica del Maule,,,,,,,,,,,,,,,,,,,,,,,,,,1501+,9.7–22.7,15710.0,13.4,1825.0,13.4,1262.0,19.3,1693.0,15.8,1881.0,57.5,631.0,Chile,10891.0,21.1,3%,58:42:00
,,Universidad Católica de la Santísima Concepción,,,,,,,,,,,,,,,,,,,,,,,,,,1501+,9.7–22.7,15720.0,13.2,1833.0,14.9,1131.0,22.9,1613.0,16.9,1759.0,48.9,831.0,Chile,9879.0,22.9,0%,56:44:00
,,University of Caxias do Sul,,,,,,,,,,,,,,,,,,,,,,,,,,1501+,9.7–22.7,15730.0,15.9,1700.0,9.4,1725.0,11.8,1825.0,22.3,1426.0,21.6,1819.0,Brazil,15054.0,30.4,0%,53:47:00
,,Ceará State University,,,,,,,,,,,,,,,,,,,,,,,,,,1501+,9.7–22.7,15740.0,21.1,1291.0,11.4,1474.0,8.9,1869.0,17.9,1671.0,20.2,1861.0,Brazil,16305.0,14.7,0%,54:46:00
,,Manisa Celal Bayar University,,,,,,,,,,,,,,,,,,,,,,,,,,1501+,9.7–22.7,15750.0,14.9,1758.0,5.2,1903.0,21.6,1643.0,16.7,1781.0,22.0,1807.0,Turkey,28224.0,17.9,3%,48:52:00
,,Centro Federal de Educação Tecnológica Celso Suckow da Fonseca (CEFET-RJ),,,,,,,,,,,,,,,,,,,,,,,,,,1501+,9.7–22.7,15760.0,12.4,1864.0,9.7,1684.0,18.2,1710.0,16.7,1782.0,30.6,1474.0,Brazil,18816.0,21.0,0%,38 : 62
,,CES University,,,,,,,,,,,,,,,,,,,,,,,,,,1501+,9.7–22.7,15770.0,19.2,1451.0,9.1,1776.0,5.8,1894.0,16.4,1814.0,37.1,1233.0,Colombia,6612.0,13.6,3%,69:31:00
,,Chaoyang University of Technology,,,,,,,,,,,,,,,,,,,,,,,,,,1501+,9.7–22.7,15780.0,14.1,1796.0,18.2,906.0,28.2,1487.0,47.0,863.0,38.9,1152.0,Taiwan,14432.0,37.5,5%,55:45:00
,,College of Charleston,,,,,,,,,,,,,,,,,,,,,,,,,,1501+,9.7–22.7,15790.0,17.4,1597.0,7.9,1884.0,30.4,1429.0,23.2,1390.0,29.8,1498.0,United States,9986.0,16.3,1%,68:32:00
,,Chelyabinsk State University,,,,,,,,,,,,,,,,,,,,,,,,,,1501+,9.7–22.7,15800.0,12.3,1867.0,10.7,1556.0,10.7,1843.0,17.0,1752.0,25.9,1662.0,Russian Federation,11226.0,24.3,2%,62:38:00
,,Chiba Institute of Technology,,,,,,,,,,,,,,,,,,,,,,,,,,1501+,9.7–22.7,15810.0,14.8,1766.0,8.8,1819.0,13.0,1799.0,26.1,1294.0,20.9,1843.0,Japan,9979.0,24.4,2%,0.684027778
,,Chinese Culture University,,,,,,,,,,,,,,,,,,,,,,,,,,1501+,9.7–22.7,15820.0,13.9,1807.0,10.0,1638.0,16.8,1734.0,26.1,1295.0,29.8,1499.0,Taiwan,23152.0,23.5,6%,50:50:00
,,Université Chouaïb Doukkali,,,,,,,,,,,,,,,,,,,,,,,,,,1501+,9.7–22.7,15830.0,13.4,1826.0,10.8,1545.0,28.8,1474.0,18.9,1596.0,26.7,1629.0,Morocco,23437.0,34.5,2%,58:42:00
,,Chubu University,,,,,,,,,,,,,,,,,,,,,,,,,,1501+,9.7–22.7,15840.0,17.1,1615.0,11.9,1414.0,15.9,1746.0,33.4,1123.0,34.1,1349.0,Japan,8929.0,17.1,2%,27 : 73
,,Chuo University,,,,,,,,,,,,,,,,,,,,,,,,,,1501+,9.7–22.7,15850.0,18.7,1483.0,12.7,1333.0,15.5,1754.0,27.2,1254.0,30.4,1481.0,Japan,26161.0,35.6,4%,38 : 62
,,University of Colima,,,,,,,,,,,,,,,,,,,,,,,,,,1501+,9.7–22.7,15860.0,21.6,1256.0,8.0,1878.0,12.4,1812.0,20.0,1528.0,31.6,1442.0,Mexico,14288.0,9.3,0%,55:45:00
,,Comillas Pontifical University,,,,,,,,,,,,,,,,,,,,,,,,,,1501+,9.7–22.7,15870.0,18.3,1525.0,15.7,1067.0,26.3,1530.0,31.4,1151.0,44.2,981.0,Spain,9765.0,21.0,7%,55:45:00
,,Communication University of China,,,,,,,,,,,,,,,,,,,,,,,,,,1501+,9.7–22.7,15880.0,27.5,840.0,17.3,947.0,15.5,1755.0,37.6,1025.0,23.4,1760.0,China,17316.0,15.3,3%,70:30:00
,,Cracow University of Technology,,,,,,,,,,,,,,,,,,,,,,,,,,1501+,9.7–22.7,15890.0,21.2,1284.0,10.7,1558.0,30.4,1430.0,28.2,1229.0,27.3,1603.0,Poland,13510.0,12.2,5%,36 : 64
,,University of Craiova,,,,,,,,,,,,,,,,,,,,,,,,,,1501+,9.7–22.7,15900.0,18.3,1526.0,11.5,1459.0,25.2,1556.0,18.4,1632.0,24.0,1739.0,Romania,16907.0,20.9,4%,50:50:00
,,Damghan University,,,,,,,,,,,,,,,,,,,,,,,,,,1501+,9.7–22.7,15910.0,17.7,1579.0,11.4,1475.0,27.0,1517.0,17.9,1672.0,27.9,1579.0,Iran,4709.0,15.9,0%,69:31:00
,,University of Dar es Salaam,,,,,,,,,,,,,,,,,,,,,,,,,,1501+,9.7–22.7,15920.0,14.4,1779.0,10.3,1606.0,28.2,1488.0,21.7,1451.0,49.5,817.0,Tanzania,36666.0,21.1,0%,47:53:00
,,De La Salle University,,,,,,,,,,,,,,,,,,,,,,,,,,1501+,9.7–22.7,15930.0,19.6,1411.0,12.8,1321.0,31.3,1415.0,17.4,1710.0,29.3,1525.0,Philippines,14905.0,14.5,3%,50:50:00
,,University for Development Studies,,,,,,,,,,,,,,,,,,,,,,,,,,1501+,9.7–22.7,15940.0,11.1,1895.0,9.9,1649.0,31.1,1419.0,18.9,1597.0,51.5,752.0,Ghana,16714.0,27.4,0%,43:57:00
,,Dicle University,,,,,,,,,,,,,,,,,,,,,,,,,,1501+,9.7–22.7,15950.0,30.3,673.0,16.9,976.0,12.7,1803.0,53.0,751.0,21.9,1810.0,Turkey,32454.0,17.5,4%,45:55:00
,,Diponegoro University,,,,,,,,,,,,,,,,,,,,,,,,,,1501+,9.7–22.7,15960.0,27.1,867.0,15.4,1087.0,19.1,1700.0,42.9,924.0,35.1,1310.0,Indonesia,35688.0,18.0,2%,56:44:00
,,Dokkyo Medical University,,,,,,,,,,,,,,,,,,,,,,,,,,1501+,9.7–22.7,15970.0,26.7,889.0,10.3,1607.0,22.0,1637.0,37.9,1020.0,19.1,1884.0,Japan,1314.0,1.2,1%,53:47:00
,,Doshisha University,,,,,,,,,,,,,,,,,,,,,,,,,,1501+,9.7–22.7,15980.0,17.9,1555.0,10.9,1534.0,11.1,1838.0,30.7,1166.0,35.5,1294.0,Japan,27624.0,18.6,4%,42:58:00
,,Dumlupinar University,,,,,,,,,,,,,,,,,,,,,,,,,,1501+,9.7–22.7,15990.0,10.9,1897.0,7.8,1889.0,23.3,1600.0,19.8,1542.0,38.5,1169.0,Turkey,44749.0,44.4,19%,40 : 60
,,Dunarea de Jos University of Galati,,,,,,,,,,,,,,,,,,,,,,,,,,1501+,9.7–22.7,16000.0,19.8,1388.0,9.2,1756.0,17.5,1720.0,16.4,1815.0,46.1,926.0,Romania,12481.0,16.0,22%,58:42:00
,,EAFIT University,,,,,,,,,,,,,,,,,,,,,,,,,,1501+,9.7–22.7,16010.0,17.0,1621.0,11.0,1521.0,16.5,1738.0,16.5,1804.0,44.7,966.0,Colombia,11298.0,18.8,1%,44:56:00
,,El Bosque University,,,,,,,,,,,,,,,,,,,,,,,,,,1501+,9.7–22.7,16020.0,23.7,1100.0,9.3,1744.0,20.0,1676.0,16.9,1761.0,46.6,910.0,Colombia,12702.0,6.8,2%,62:38:00
,,Erzincan Binali Yıldırım University,,,,,,,,,,,,,,,,,,,,,,,,,,1501+,9.7–22.7,16030.0,12.0,1875.0,8.7,1825.0,37.6,1263.0,16.6,1793.0,23.7,1750.0,Turkey,24096.0,21.9,4%,49:51:00
,,Escuela Politécnica Nacional,,,,,,,,,,,,,,,,,,,,,,,,,,1501+,9.7–22.7,16040.0,18.2,1535.0,9.4,1728.0,29.0,1470.0,18.6,1617.0,52.1,735.0,Ecuador,7458.0,13.2,1%,28 : 72
,,Eskişehir Osmangazi University,,,,,,,,,,,,,,,,,,,,,,,,,,1501+,9.7–22.7,16050.0,21.5,1262.0,16.6,999.0,20.5,1669.0,19.2,1572.0,27.0,1613.0,Turkey,30301.0,17.5,7%,45:55:00
,,Universidade do Estado de Santa Catarina,,,,,,,,,,,,,,,,,,,,,,,,,,1501+,9.7–22.7,16060.0,26.5,909.0,11.0,1522.0,15.7,1752.0,17.0,1753.0,21.2,1835.0,Brazil,12417.0,11.5,1%,54:46:00
,,Universidade Estadual do Norte Fluminense Darcy Ribeiro,,,,,,,,,,,,,,,,,,,,,,,,,,1501+,9.7–22.7,16070.0,21.1,1293.0,10.9,1535.0,21.6,1644.0,22.3,1427.0,34.5,1336.0,Brazil,7105.0,22.8,0%,61:39:00
,,Universidade Estadual de Maringá,,,,,,,,,,,,,,,,,,,,,,,,,,1501+,9.7–22.7,16080.0,28.9,747.0,13.8,1224.0,20.2,1671.0,21.2,1472.0,22.0,1808.0,Brazil,18706.0,12.2,0%,53:47:00
,,Universidade Estadual do Oeste do Paraná (Unioeste),,,,,,,,,,,,,,,,,,,,,,,,,,1501+,9.7–22.7,16090.0,27.6,830.0,9.8,1668.0,7.4,1887.0,17.2,1734.0,20.4,1853.0,Brazil,12529.0,9.9,0%,60:40:00
,,"Federal University of Agriculture, Abeokuta",,,,,,,,,,,,,,,,,,,,,,,,,,1501+,9.7–22.7,16100.0,15.6,1724.0,8.0,1879.0,24.5,1573.0,17.0,1754.0,31.4,1446.0,Nigeria,17433.0,26.5,0%,52:48:00
,,Universidade Federal de Ciências da Saúde de Porto Alegre (UFCSPA),,,,,,,,,,,,,,,,,,,,,,,,,,1501+,9.7–22.7,16110.0,21.2,1285.0,12.8,1324.0,25.1,1557.0,21.2,1473.0,26.1,1660.0,Brazil,4183.0,11.6,1%,70:30:00
,,Federal University of Itajubá,,,,,,,,,,,,,,,,,,,,,,,,,,1501+,9.7–22.7,16120.0,17.7,1580.0,9.6,1698.0,21.3,1651.0,20.5,1509.0,28.0,1575.0,Brazil,8608.0,17.3,1%,30 : 70
,,Universidade Federal de Juiz de Fora,,,,,,,,,,,,,,,,,,,,,,,,,,1501+,9.7–22.7,16130.0,18.5,1505.0,12.1,1398.0,27.5,1505.0,18.6,1618.0,29.8,1500.0,Brazil,26483.0,16.6,0%,50:50:00
,,Universidade Federal do Maranhão (UFMA),,,,,,,,,,,,,,,,,,,,,,,,,,1501+,9.7–22.7,16140.0,15.2,1741.0,10.3,1608.0,14.5,1775.0,18.7,1609.0,23.2,1769.0,Brazil,37016.0,19.2,0%,51:49:00
,,Federal University of Mato Grosso do Sul,,,,,,,,,,,,,,,,,,,,,,,,,,1501+,9.7–22.7,16150.0,21.4,1275.0,11.7,1435.0,22.3,1627.0,33.0,1128.0,28.9,1546.0,Brazil,26725.0,15.0,1%,55:45:00
,,Universidade Federal de Ouro Preto (UFOP),,,,,,,,,,,,,,,,,,,,,,,,,,1501+,9.7–22.7,16160.0,22.1,1222.0,12.0,1406.0,20.7,1663.0,25.5,1316.0,24.7,1714.0,Brazil,14799.0,16.3,1%,49:51:00
,,Federal University of Pará,,,,,,,,,,,,,,,,,,,,,,,,,,1501+,9.7–22.7,16170.0,22.6,1175.0,11.7,1436.0,21.3,1652.0,21.7,1452.0,26.8,1620.0,Brazil,46837.0,17.7,0%,52:48:00
,,Federal Rural University of Pernambuco,,,,,,,,,,,,,,,,,,,,,,,,,,1501+,9.7–22.7,16180.0,25.0,1004.0,11.0,1523.0,19.1,1701.0,20.0,1529.0,23.4,1761.0,Brazil,14347.0,12.3,0%,49:51:00
,,Universidade Federal Rural do Semi-Arido,,,,,,,,,,,,,,,,,,,,,,,,,,1501+,9.7–22.7,16190.0,19.1,1458.0,9.0,1794.0,5.7,1896.0,16.6,1794.0,18.3,1894.0,Brazil,8687.0,12.4,0%,49:51:00
,,Universidade Federal de Sergipe,,,,,,,,,,,,,,,,,,,,,,,,,,1501+,9.7–22.7,16200.0,17.0,1622.0,10.4,1599.0,36.4,1293.0,18.1,1658.0,28.1,1571.0,Brazil,26133.0,16.0,0%,52:48:00
,,Fluminense Federal University,,,,,,,,,,,,,,,,,,,,,,,,,,1501+,9.7–22.7,16210.0,21.0,1298.0,13.1,1290.0,27.8,1495.0,22.5,1417.0,30.8,1469.0,Brazil,70629.0,20.8,1%,47:53:00
,,University of Fortaleza (UNIFOR),,,,,,,,,,,,,,,,,,,,,,,,,,1501+,9.7–22.7,16220.0,14.3,1785.0,9.4,1729.0,33.6,1360.0,16.9,1762.0,37.8,1204.0,Brazil,21048.0,20.3,0%,51:49:00
,,Université Frères Mentouri Constantine 1,,,,,,,,,,,,,,,,,,,,,,,,,,1501+,9.7–22.7,16230.0,20.2,1355.0,8.1,1870.0,13.5,1793.0,18.2,1649.0,38.3,1176.0,Algeria,32394.0,16.2,1%,65:35:00
,,Universidad de las Fuerzas Armadas – ESPE,,,,,,,,,,,,,,,,,,,,,,,,,,1501+,9.7–22.7,16240.0,15.9,1702.0,8.6,1842.0,11.6,1830.0,16.3,1825.0,40.6,1096.0,Ecuador,19314.0,14.5,1%,39 : 61
,,University of Fukui,,,,,,,,,,,,,,,,,,,,,,,,,,1501+,9.7–22.7,16250.0,26.0,934.0,12.4,1362.0,16.4,1739.0,37.9,1021.0,26.5,1638.0,Japan,4803.0,7.6,2%,27 : 73
,,Fukuoka University,,,,,,,,,,,,,,,,,,,,,,,,,,1501+,9.7–22.7,16260.0,23.5,1108.0,9.7,1685.0,17.9,1716.0,37.1,1042.0,24.4,1725.0,Japan,19536.0,8.7,1%,40 : 60
,,Université de Gabès,,,,,,,,,,,,,,,,,,,,,,,,,,1501+,9.7–22.7,16270.0,20.8,1313.0,9.4,1730.0,28.9,1472.0,16.7,1783.0,42.8,1023.0,Tunisia,12714.0,12.4,1%,74:26:00
,,Gaziantep University,,,,,,,,,,,,,,,,,,,,,,,,,,1501+,9.7–22.7,16280.0,15.6,1725.0,10.8,1548.0,33.0,1374.0,20.1,1524.0,39.5,1132.0,Turkey,31977.0,38.1,12%,47:53:00
,,Georgian Technical University,,,,,,,,,,,,,,,,,,,,,,,,,,1501+,9.7–22.7,16290.0,32.4,573.0,9.3,1745.0,22.2,1632.0,16.1,1847.0,40.8,1087.0,Georgia,19873.0,15.0,2%,0.110416667
,,German University in Cairo,,,,,,,,,,,,,,,,,,,,,,,,,,1501+,9.7–22.7,16300.0,18.6,1490.0,8.7,1826.0,34.0,1348.0,16.8,1772.0,48.6,845.0,Egypt,12332.0,12.8,2%,43:57:00
,,Gheorghe Asachi Technical University of Iaşi,,,,,,,,,,,,,,,,,,,,,,,,,,1501+,9.7–22.7,16310.0,15.9,1703.0,9.6,1699.0,23.2,1602.0,26.2,1288.0,32.1,1420.0,Romania,13357.0,20.8,9%,29 : 71
,,GITAM University,,,,,,,,,,,,,,,,,,,,,,,,,,1501+,9.7–22.7,16320.0,19.6,1412.0,9.3,1746.0,20.8,1660.0,19.0,1589.0,25.2,1695.0,India,23730.0,13.9,1%,37 : 63
,,Goa University,,,,,,,,,,,,,,,,,,,,,,,,,,1501+,9.7–22.7,16330.0,32.1,584.0,12.4,1363.0,23.0,1610.0,18.6,1619.0,24.1,1734.0,India,2820.0,11.8,3%,65:35:00
,,Grigore T. Popa University of Medicine and Pharmacy,,,,,,,,,,,,,,,,,,,,,,,,,,1501+,9.7–22.7,16340.0,22.5,1188.0,10.1,1631.0,18.9,1703.0,22.5,1418.0,42.1,1046.0,Romania,9765.0,10.8,26%,68:32:00
,,University of Guadalajara,,,,,,,,,,,,,,,,,,,,,,,,,,1501+,9.7–22.7,16350.0,16.3,1676.0,8.8,1820.0,13.7,1787.0,18.0,1665.0,31.2,1452.0,Mexico,140348.0,19.3,0%,55:45:00
,,University of Guanajuato,,,,,,,,,,,,,,,,,,,,,,,,,,1501+,9.7–22.7,16360.0,16.2,1682.0,9.3,1747.0,13.4,1795.0,20.5,1510.0,36.4,1262.0,Mexico,30317.0,21.4,2%,55:45:00
,,Gubkin Russian State University of Oil and Gas,,,,,,,,,,,,,,,,,,,,,,,,,,1501+,9.7–22.7,16370.0,23.4,1120.0,10.5,1586.0,12.5,1809.0,38.2,1016.0,26.8,1621.0,Russian Federation,9371.0,12.2,7%,33 : 67
,,Hanoi University of Science and Technology,,,,,,,,,,,,,,,,,,,,,,,,,,1501+,9.7–22.7,16380.0,15.7,1717.0,15.7,1070.0,27.4,1507.0,43.4,915.0,39.7,1125.0,Vietnam,37891.0,34.1,0%,0.888888889
,,Hasanuddin University,,,,,,,,,,,,,,,,,,,,,,,,,,1501+,9.7–22.7,16390.0,18.8,1477.0,11.2,1499.0,25.8,1545.0,27.5,1249.0,19.8,1872.0,Indonesia,38942.0,16.6,0%,51:49:00
,,Université Hassan 1er,,,,,,,,,,,,,,,,,,,,,,,,,,1501+,9.7–22.7,16400.0,24.9,1009.0,10.3,1610.0,19.2,1696.0,16.6,1796.0,23.6,1754.0,Morocco,50518.0,88.2,2%,48:52:00
,,Hassiba Benbouali University of Chlef,,,,,,,,,,,,,,,,,,,,,,,,,,1501+,9.7–22.7,16410.0,15.5,1730.0,12.3,1377.0,20.7,1665.0,32.7,1132.0,41.9,1053.0,Algeria,30200.0,22.0,1%,72:28:00
,,University of Havana,,,,,,,,,,,,,,,,,,,,,,,,,,1501+,9.7–22.7,16420.0,28.1,803.0,11.8,1425.0,10.8,1841.0,33.9,1110.0,53.0,712.0,Cuba,15584.0,9.0,5%,64:36:00
,,Hellenic Open University,,,,,,,,,,,,,,,,,,,,,,,,,,1501+,9.7–22.7,16430.0,22.4,1193.0,8.5,1851.0,34.2,1344.0,15.8,1882.0,26.2,1657.0,Greece,19612.0,6.8,1%,60:40:00
,,Herzen State Pedagogical University of Russia,,,,,,,,,,,,,,,,,,,,,,,,,,1501+,9.7–22.7,16440.0,20.2,1356.0,11.5,1463.0,9.8,1858.0,17.6,1691.0,39.2,1141.0,Russian Federation,15645.0,15.4,18%,75:25:00
,,Hindustan Institute of Technology and Science,,,,,,,,,,,,,,,,,,,,,,,,,,1501+,9.7–22.7,16450.0,21.9,1236.0,9.3,1748.0,33.6,1361.0,16.3,1826.0,23.4,1764.0,India,7325.0,11.3,1%,47:53:00
,,Hitit University,,,,,,,,,,,,,,,,,,,,,,,,,,1501+,9.7–22.7,16460.0,15.2,1742.0,9.8,1670.0,15.1,1765.0,16.5,1806.0,22.8,1779.0,Turkey,10501.0,22.6,4%,48:52:00
,,Hosei University,,,,,,,,,,,,,,,,,,,,,,,,,,1501+,9.7–22.7,16470.0,15.2,1743.0,11.0,1524.0,34.0,1349.0,23.9,1369.0,38.3,1177.0,Japan,29180.0,37.7,5%,38 : 62
,,Hue University,,,,,,,,,,,,,,,,,,,,,,,,,,1501+,9.7–22.7,16480.0,13.3,1831.0,8.7,1828.0,16.4,1740.0,16.2,1835.0,49.2,822.0,Vietnam,48943.0,23.0,1%,56:44:00
,,University of Hyogo,,,,,,,,,,,,,,,,,,,,,,,,,,1501+,9.7–22.7,16490.0,22.5,1189.0,13.2,1285.0,11.8,1826.0,56.5,709.0,24.6,1720.0,Japan,6540.0,12.4,3%,41:59:00
,,Ibaraki University,,,,,,,,,,,,,,,,,,,,,,,,,,1501+,9.7–22.7,16500.0,18.9,1472.0,12.5,1358.0,12.2,1816.0,36.9,1049.0,27.4,1601.0,Japan,7741.0,14.8,3%,34 : 66
,,Universidad Industrial de Santander (UIS),,,,,,,,,,,,,,,,,,,,,,,,,,1501+,9.7–22.7,16510.0,14.4,1780.0,12.2,1387.0,11.6,1831.0,31.5,1148.0,38.0,1196.0,Colombia,21413.0,23.4,1%,45:55:00
,,Industrial University of Tyumen,,,,,,,,,,,,,,,,,,,,,,,,,,1501+,9.7–22.7,16520.0,19.5,1419.0,8.4,1856.0,14.0,1782.0,18.3,1643.0,23.1,1772.0,Russian Federation,11396.0,11.4,6%,35 : 65
,,Inönü University,,,,,,,,,,,,,,,,,,,,,,,,,,1501+,9.7–22.7,16530.0,17.8,1568.0,9.4,1731.0,21.5,1647.0,18.0,1666.0,21.1,1838.0,Turkey,36388.0,22.2,3%,51:49:00
,,Instituto Politécnico Nacional (IPN),,,,,,,,,,,,,,,,,,,,,,,,,,1501+,9.7–22.7,16540.0,20.7,1320.0,9.9,1651.0,14.5,1776.0,26.7,1272.0,25.5,1682.0,Mexico,141583.0,13.0,0%,42:58:00
,,International Hellenic University,,,,,,,,,,,,,,,,,,,,,,,,,,1501+,9.7–22.7,16550.0,9.6,1902.0,9.4,1732.0,36.5,1290.0,20.1,1525.0,30.7,1470.0,Greece,59370.0,38.0,2%,44:56:00
,,Irkutsk National Research Technical University,,,,,,,,,,,,,,,,,,,,,,,,,,1501+,9.7–22.7,16560.0,21.7,1252.0,9.6,1700.0,23.4,1597.0,24.2,1359.0,33.8,1361.0,Russian Federation,9732.0,10.6,13%,38 : 62
,,Irkutsk State University,,,,,,,,,,,,,,,,,,,,,,,,,,1501+,9.7–22.7,16570.0,18.6,1492.0,11.5,1464.0,9.1,1864.0,18.9,1598.0,28.1,1572.0,Russian Federation,13496.0,14.2,4%,68:32:00
,,Islamic University of Indonesia,,,,,,,,,,,,,,,,,,,,,,,,,,1501+,9.7–22.7,16580.0,15.8,1709.0,9.7,1686.0,12.5,1810.0,17.3,1722.0,35.5,1296.0,Indonesia,22998.0,26.5,4%,48:52:00
,,Istanbul Aydın University,,,,,,,,,,,,,,,,,,,,,,,,,,1501+,9.7–22.7,16590.0,17.0,1623.0,9.2,1758.0,32.3,1393.0,15.8,1883.0,56.9,644.0,Turkey,28851.0,26.3,13%,51:49:00
,,Istanbul Medipol University,,,,,,,,,,,,,,,,,,,,,,,,,,1501+,9.7–22.7,16600.0,14.6,1773.0,10.6,1571.0,33.3,1369.0,20.6,1506.0,44.0,989.0,Turkey,26110.0,20.0,16%,65:35:00
,,Ivane Javakhishvili Tbilisi State University,,,,,,,,,,,,,,,,,,,,,,,,,,1501+,9.7–22.7,16610.0,15.9,1704.0,11.3,1487.0,22.2,1633.0,18.0,1667.0,46.7,903.0,Georgia,23278.0,30.6,3%,61:39:00
,,Ivanovo State University of Chemistry and Technology,,,,,,,,,,,,,,,,,,,,,,,,,,1501+,9.7–22.7,16620.0,16.4,1669.0,9.7,1687.0,7.0,1892.0,21.3,1466.0,25.0,1704.0,Russian Federation,3652.0,16.8,6%,44:56:00
,,Iwate University,,,,,,,,,,,,,,,,,,,,,,,,,,1501+,9.7–22.7,16630.0,22.3,1203.0,11.2,1501.0,12.6,1807.0,38.5,1011.0,28.2,1570.0,Japan,5316.0,13.6,3%,37 : 63
,,Izmir University of Economics,,,,,,,,,,,,,,,,,,,,,,,,,,1501+,9.7–22.7,16640.0,16.7,1651.0,11.2,1502.0,36.7,1284.0,26.2,1290.0,32.5,1401.0,Turkey,6750.0,14.7,2%,54:46:00
,,Jan Evangelista Purkyně University,,,,,,,,,,,,,,,,,,,,,,,,,,1501+,9.7–22.7,16650.0,16.1,1693.0,13.6,1237.0,15.3,1759.0,18.0,1668.0,38.2,1182.0,Czech Republic,7887.0,17.7,3%,66:34:00
,,Jan Kochanowski University in Kielce,,,,,,,,,,,,,,,,,,,,,,,,,,1501+,9.7–22.7,16660.0,21.3,1281.0,12.3,1378.0,11.9,1824.0,18.4,1634.0,27.9,1580.0,Poland,10010.0,11.2,3%,72:28:00
,,Jean Moulin University – Lyon 3,,,,,,,,,,,,,,,,,,,,,,,,,,1501+,9.7–22.7,16670.0,14.3,1786.0,13.6,1238.0,13.6,1789.0,27.5,1250.0,60.8,567.0,France,27655.0,39.0,18%,66:34:00
,,Jember University,,,,,,,,,,,,,,,,,,,,,,,,,,1501+,9.7–22.7,16680.0,11.1,1896.0,9.1,1779.0,23.0,1611.0,18.1,1660.0,21.3,1832.0,Indonesia,36654.0,30.2,0%,66:34:00
,,Jianghan University,,,,,,,,,,,,,,,,,,,,,,,,,,1501+,9.7–22.7,16690.0,16.7,1652.0,9.2,1760.0,27.6,1502.0,33.6,1120.0,22.0,1809.0,China,20774.0,15.1,1%,56:44:00
,,University of Jijel,,,,,,,,,,,,,,,,,,,,,,,,,,1501+,9.7–22.7,16700.0,12.8,1854.0,8.8,1821.0,12.7,1804.0,16.0,1860.0,37.5,1219.0,Algeria,23690.0,22.4,0%,72:28:00
,,Kanagawa University,,,,,,,,,,,,,,,,,,,,,,,,,,1501+,9.7–22.7,16710.0,17.6,1584.0,8.3,1863.0,11.4,1833.0,24.4,1355.0,38.7,1161.0,Japan,17730.0,14.5,4%,30 : 70
,,Kanazawa Medical University,,,,,,,,,,,,,,,,,,,,,,,,,,1501+,9.7–22.7,16720.0,26.6,902.0,10.2,1624.0,17.3,1721.0,29.7,1190.0,21.2,1836.0,Japan,1063.0,2.1,1%,55:45:00
,,Kansai University,,,,,,,,,,,,,,,,,,,,,,,,,,1501+,9.7–22.7,16730.0,20.2,1358.0,8.3,1864.0,7.3,1889.0,25.5,1317.0,33.4,1376.0,Japan,30026.0,12.3,4%,41:59:00
,,University of Karachi,,,,,,,,,,,,,,,,,,,,,,,,,,1501+,9.7–22.7,16740.0,14.1,1797.0,10.6,1574.0,19.5,1689.0,24.5,1352.0,44.4,976.0,Pakistan,47337.0,39.3,0%,60:40:00
,,Karadeniz Technical University,,,,,,,,,,,,,,,,,,,,,,,,,,1501+,9.7–22.7,16750.0,19.3,1441.0,10.1,1632.0,27.8,1498.0,22.4,1422.0,22.7,1781.0,Turkey,30690.0,14.0,5%,44:56:00
,,Université Kasdi Merbah Ouargla,,,,,,,,,,,,,,,,,,,,,,,,,,1501+,9.7–22.7,16760.0,20.0,1373.0,8.6,1843.0,16.0,1743.0,17.3,1723.0,29.4,1522.0,Algeria,33148.0,26.4,0%,57:43:00
,,Kasetsart University,,,,,,,,,,,,,,,,,,,,,,,,,,1501+,9.7–22.7,16770.0,18.1,1543.0,12.6,1347.0,23.5,1595.0,25.7,1308.0,33.8,1362.0,Thailand,70633.0,18.7,1%,62:38:00
,,Kastamonu University,,,,,,,,,,,,,,,,,,,,,,,,,,1501+,9.7–22.7,16780.0,11.6,1884.0,11.6,1454.0,35.8,1306.0,15.9,1876.0,35.5,1298.0,Turkey,18233.0,36.8,12%,43:57:00
,,Kazan National Research Technical University,,,,,,,,,,,,,,,,,,,,,,,,,,1501+,9.7–22.7,16790.0,18.8,1478.0,10.8,1550.0,24.9,1564.0,42.6,929.0,31.7,1438.0,Russian Federation,7516.0,16.7,12%,26 : 74
,,Kazan National Research Technological University,,,,,,,,,,,,,,,,,,,,,,,,,,1501+,9.7–22.7,16800.0,21.9,1237.0,8.8,1822.0,12.4,1813.0,36.1,1070.0,35.4,1302.0,Russian Federation,13088.0,11.6,16%,40 : 60
,,Kazan State Medical University,,,,,,,,,,,,,,,,,,,,,,,,,,1501+,9.7–22.7,16810.0,40.5,293.0,10.3,1611.0,7.3,1890.0,17.1,1744.0,45.2,955.0,Russian Federation,5891.0,10.7,31%,63:37:00
,,University of Kelaniya,,,,,,,,,,,,,,,,,,,,,,,,,,1501+,9.7–22.7,16820.0,16.8,1642.0,8.1,1871.0,12.0,1821.0,17.2,1736.0,36.2,1268.0,Sri Lanka,17699.0,15.6,3%,66:34:00
,,Kemerovo State University,,,,,,,,,,,,,,,,,,,,,,,,,,1501+,9.7–22.7,16830.0,14.9,1760.0,10.1,1633.0,8.6,1873.0,18.2,1652.0,24.3,1730.0,Russian Federation,14842.0,18.5,7%,63:37:00
,,University of Kerbala,,,,,,,,,,,,,,,,,,,,,,,,,,1501+,9.7–22.7,16840.0,18.3,1528.0,7.7,1891.0,10.7,1844.0,15.8,1884.0,22.6,1784.0,Iraq,21735.0,15.8,0%,54:46:00
,,King Mongkut’s Institute of Technology Ladkrabang,,,,,,,,,,,,,,,,,,,,,,,,,,1501+,9.7–22.7,16850.0,16.5,1660.0,22.9,689.0,19.2,1697.0,55.0,723.0,30.7,1471.0,Thailand,25482.0,23.0,1%,52:48:00
,,Kirikkale University,,,,,,,,,,,,,,,,,,,,,,,,,,1501+,9.7–22.7,16860.0,14.3,1787.0,18.8,878.0,17.2,1725.0,20.3,1518.0,18.8,1887.0,Turkey,27869.0,47.7,1%,49:51:00
,,Kırşehir Ahi Evran University,,,,,,,,,,,,,,,,,,,,,,,,,,1501+,9.7–22.7,16870.0,11.8,1880.0,9.8,1672.0,18.4,1708.0,16.5,1808.0,37.3,1226.0,Turkey,12506.0,24.6,17%,50:50:00
,,Kocaeli University,,,,,,,,,,,,,,,,,,,,,,,,,,1501+,9.7–22.7,16880.0,14.3,1788.0,9.7,1689.0,22.1,1636.0,23.7,1377.0,25.8,1669.0,Turkey,66547.0,47.2,2%,41:59:00
,,Kochi University,,,,,,,,,,,,,,,,,,,,,,,,,,1501+,9.7–22.7,16890.0,24.7,1028.0,12.3,1379.0,21.8,1639.0,41.5,947.0,26.8,1623.0,Japan,5459.0,8.3,1%,44:56:00
,,Kochi University of Technology,,,,,,,,,,,,,,,,,,,,,,,,,,1501+,9.7–22.7,16900.0,17.6,1585.0,15.6,1073.0,15.9,1747.0,68.4,469.0,39.1,1145.0,Japan,2579.0,20.3,2%,25 : 75
,,Kogakuin University,,,,,,,,,,,,,,,,,,,,,,,,,,1501+,9.7–22.7,16910.0,16.8,1643.0,11.3,1488.0,26.3,1532.0,32.7,1133.0,25.0,1705.0,Japan,6553.0,18.3,2%,0.806944444
,,Kookmin University,,,,,,,,,,,,,,,,,,,,,,,,,,1501+,9.7–22.7,16920.0,24.5,1043.0,14.3,1178.0,20.1,1673.0,37.0,1048.0,36.1,1270.0,South Korea,17514.0,11.6,11%,50:50:00
,,Universiti Kuala Lumpur,,,,,,,,,,,,,,,,,,,,,,,,,,1501+,9.7–22.7,16930.0,23.6,1104.0,9.0,1795.0,24.3,1576.0,25.5,1318.0,43.7,997.0,Malaysia,15516.0,11.9,5%,43:57:00
,,University of Kufa,,,,,,,,,,,,,,,,,,,,,,,,,,1501+,9.7–22.7,16940.0,20.0,1375.0,8.7,1829.0,18.0,1715.0,16.7,1785.0,29.5,1519.0,Iraq,28175.0,12.3,0%,65:35:00
,,Kwansei Gakuin University,,,,,,,,,,,,,,,,,,,,,,,,,,1501+,9.7–22.7,16950.0,15.7,1718.0,9.5,1712.0,15.4,1757.0,20.7,1499.0,40.9,1084.0,Japan,25232.0,24.7,4%,49:51:00
,,Kyoto Sangyo University,,,,,,,,,,,,,,,,,,,,,,,,,,1501+,9.7–22.7,16960.0,14.3,1789.0,9.1,1781.0,14.9,1767.0,22.4,1423.0,44.8,963.0,Japan,12551.0,21.9,2%,34 : 66
,,Ladoke Akintola University of Technology,,,,,,,,,,,,,,,,,,,,,,,,,,1501+,9.7–22.7,16970.0,16.2,1686.0,11.1,1512.0,28.0,1490.0,32.0,1143.0,32.5,1402.0,Nigeria,28289.0,53.1,0%,49:51:00
,,University of Laghouat,,,,,,,,,,,,,,,,,,,,,,,,,,1501+,9.7–22.7,16980.0,14.0,1802.0,8.6,1844.0,17.2,1726.0,15.9,1877.0,39.7,1127.0,Algeria,30088.0,29.8,0%,46:54:00
,,Lagos State University,,,,,,,,,,,,,,,,,,,,,,,,,,1501+,9.7–22.7,16990.0,12.9,1849.0,9.3,1749.0,25.3,1554.0,16.0,1861.0,41.9,1055.0,Nigeria,28722.0,35.6,0%,45:55:00
,,Lahore College for Women University (LCWU),,,,,,,,,,,,,,,,,,,,,,,,,,1501+,9.7–22.7,17000.0,16.5,1661.0,9.6,1701.0,37.6,1266.0,16.1,1851.0,40.6,1098.0,Pakistan,11857.0,21.3,0%,100:00:00
,,University of Lampung,,,,,,,,,,,,,,,,,,,,,,,,,,1501+,9.7–22.7,17010.0,17.1,1617.0,8.1,1872.0,26.3,1533.0,16.8,1773.0,18.4,1892.0,Indonesia,34807.0,13.1,0%,60:40:00
,,Latvia University of Life Sciences and Technologies,,,,,,,,,,,,,,,,,,,,,,,,,,1501+,9.7–22.7,17020.0,16.3,1678.0,17.3,949.0,15.8,1748.0,30.5,1171.0,24.1,1736.0,Latvia,3991.0,21.3,4%,50:50:00
,,University of Life Sciences in Lublin,,,,,,,,,,,,,,,,,,,,,,,,,,1501+,9.7–22.7,17030.0,20.2,1359.0,11.7,1439.0,30.3,1434.0,19.1,1580.0,20.7,1845.0,Poland,7355.0,11.6,2%,65:35:00
,,L.N. Gumilyov Eurasian National University,,,,,,,,,,,,,,,,,,,,,,,,,,1501+,9.7–22.7,17040.0,21.9,1240.0,11.6,1455.0,21.1,1656.0,15.7,1895.0,54.2,691.0,Kazakhstan,19632.0,13.5,4%,60:40:00
,,Lobachevsky State University of Nizhni Novgorod,,,,,,,,,,,,,,,,,,,,,,,,,,1501+,9.7–22.7,17050.0,31.8,597.0,13.4,1267.0,14.7,1771.0,32.7,1134.0,38.5,1170.0,Russian Federation,19457.0,10.6,12%,51:49:00
,,University of Łódź,,,,,,,,,,,,,,,,,,,,,,,,,,1501+,9.7–22.7,17060.0,20.6,1330.0,15.6,1075.0,28.8,1476.0,19.2,1573.0,35.5,1299.0,Poland,21633.0,14.0,9%,62:38:00
,,Londrina State University,,,,,,,,,,,,,,,,,,,,,,,,,,1501+,9.7–22.7,17070.0,30.3,674.0,16.1,1042.0,19.6,1687.0,34.8,1097.0,23.9,1744.0,Brazil,21220.0,10.9,1%,59:41:00
,,University of Los Lagos,,,,,,,,,,,,,,,,,,,,,,,,,,1501+,9.7–22.7,17080.0,15.9,1705.0,14.1,1196.0,25.8,1546.0,16.0,1862.0,49.5,818.0,Chile,5995.0,17.4,0%,60:40:00
,,Lucian Blaga University of Sibiu,,,,,,,,,,,,,,,,,,,,,,,,,,1501+,9.7–22.7,17090.0,18.5,1506.0,14.0,1205.0,29.7,1452.0,16.8,1774.0,28.4,1563.0,Romania,13369.0,16.5,3%,59:41:00
,,University of Lucknow,,,,,,,,,,,,,,,,,,,,,,,,,,1501+,9.7–22.7,17100.0,28.4,782.0,10.3,1612.0,26.5,1525.0,18.0,1669.0,23.1,1773.0,India,18173.0,29.4,2%,45:55:00
,,University of Macerata (UNIMC),,,,,,,,,,,,,,,,,,,,,,,,,,1501+,9.7–22.7,17110.0,16.2,1687.0,18.1,913.0,24.6,1572.0,15.6,1899.0,37.3,1228.0,Italy,12042.0,27.0,4%,75:25:00
,,Mackenzie Presbyterian University,,,,,,,,,,,,,,,,,,,,,,,,,,1501+,9.7–22.7,17120.0,17.4,1600.0,10.8,1551.0,12.4,1814.0,20.7,1500.0,28.7,1552.0,Brazil,27487.0,28.1,0%,51:49:00
,,Mahasarakham University,,,,,,,,,,,,,,,,,,,,,,,,,,1501+,9.7–22.7,17130.0,18.8,1479.0,8.5,1852.0,10.5,1848.0,17.0,1755.0,25.0,1706.0,Thailand,37679.0,30.2,2%,66:34:00
,,Universiti Malaysia Kelantan,,,,,,,,,,,,,,,,,,,,,,,,,,1501+,9.7–22.7,17140.0,16.1,1694.0,13.0,1304.0,32.6,1386.0,16.2,1837.0,41.9,1056.0,Malaysia,9238.0,19.9,3%,71:29:00
,,Maria Curie-Skłodowska University (UMCS),,,,,,,,,,,,,,,,,,,,,,,,,,1501+,9.7–22.7,17150.0,21.6,1259.0,19.3,850.0,22.4,1625.0,22.7,1412.0,33.4,1377.0,Poland,16937.0,11.7,9%,68:32:00
,,Marmara University,,,,,,,,,,,,,,,,,,,,,,,,,,1501+,9.7–22.7,17160.0,17.0,1625.0,11.7,1440.0,31.9,1402.0,26.9,1262.0,30.7,1472.0,Turkey,62991.0,30.6,5%,51:49:00
,,University of Mascara,,,,,,,,,,,,,,,,,,,,,,,,,,1501+,9.7–22.7,17170.0,13.7,1815.0,7.5,1896.0,31.4,1413.0,16.1,1852.0,43.2,1009.0,Algeria,21663.0,23.8,0%,62:38:00
,,Matej Bel University,,,,,,,,,,,,,,,,,,,,,,,,,,1501+,9.7–22.7,17180.0,19.4,1431.0,13.9,1211.0,15.5,1756.0,16.4,1817.0,40.7,1092.0,Slovakia,6834.0,14.2,10%,67:33:00
,,Universidad Mayor,,,,,,,,,,,,,,,,,,,,,,,,,,1501+,9.7–22.7,17190.0,18.6,1495.0,9.1,1782.0,28.7,1480.0,16.0,1863.0,49.5,819.0,Chile,22644.0,12.1,1%,48:52:00
,,Meiji University,,,,,,,,,,,,,,,,,,,,,,,,,,1501+,9.7–22.7,17200.0,16.3,1679.0,12.1,1399.0,13.5,1794.0,40.8,961.0,31.4,1447.0,Japan,32810.0,34.0,5%,35 : 65
,,Meijo University,,,,,,,,,,,,,,,,,,,,,,,,,,1501+,9.7–22.7,17210.0,14.5,1778.0,12.1,1400.0,11.6,1832.0,42.8,926.0,27.3,1604.0,Japan,15000.0,30.7,1%,34 : 66
,,Mendeleev University of Chemical Technology,,,,,,,,,,,,,,,,,,,,,,,,,,1501+,9.7–22.7,17220.0,19.6,1413.0,14.1,1197.0,14.3,1779.0,43.4,916.0,23.6,1755.0,Russian Federation,7338.0,14.9,6%,56:44:00
,,M’Hamed Bougara University of Boumerdès,,,,,,,,,,,,,,,,,,,,,,,,,,1501+,9.7–22.7,17230.0,15.2,1744.0,8.1,1874.0,21.3,1653.0,16.3,1828.0,32.7,1397.0,Algeria,32215.0,22.6,1%,59:41:00
,,Middle Technical University,,,,,,,,,,,,,,,,,,,,,,,,,,1501+,9.7–22.7,17240.0,9.4,1904.0,7.5,1897.0,23.7,1590.0,16.9,1764.0,26.8,1624.0,Iraq,45510.0,33.6,0%,42:58:00
,,Ming Chuan University,,,,,,,,,,,,,,,,,,,,,,,,,,1501+,9.7–22.7,17250.0,13.4,1828.0,12.0,1408.0,22.6,1622.0,51.0,792.0,38.4,1173.0,Taiwan,18146.0,21.6,11%,61:39:00
,,MIREA - Russian Technological University,,,,,,,,,,,,,,,,,,,,,,,,,,1501+,9.7–22.7,17260.0,15.0,1751.0,11.7,1441.0,8.6,1874.0,48.1,839.0,22.2,1802.0,Russian Federation,26765.0,21.5,5%,26 : 74
,,University of Miskolc,,,,,,,,,,,,,,,,,,,,,,,,,,1501+,9.7–22.7,17270.0,25.6,967.0,13.4,1269.0,16.1,1742.0,21.7,1454.0,31.7,1439.0,Hungary,7808.0,14.9,5%,48:52:00
,,University of Miyazaki,,,,,,,,,,,,,,,,,,,,,,,,,,1501+,9.7–22.7,17280.0,27.4,853.0,11.8,1429.0,24.3,1577.0,44.0,907.0,27.8,1587.0,Japan,5447.0,7.4,3%,36 : 64
,,University Mohamed Boudiaf of M’Sila,,,,,,,,,,,,,,,,,,,,,,,,,,1501+,9.7–22.7,17290.0,18.1,1544.0,9.2,1763.0,10.3,1851.0,17.9,1675.0,34.3,1345.0,Algeria,35110.0,17.7,1%,55:45:00
,,Université Mohammed Premier,,,,,,,,,,,,,,,,,,,,,,,,,,1501+,9.7–22.7,17300.0,19.2,1453.0,9.9,1655.0,33.6,1362.0,16.4,1818.0,35.1,1312.0,Morocco,84135.0,82.1,1%,48:52:00
,,University of Montenegro,,,,,,,,,,,,,,,,,,,,,,,,,,1501+,9.7–22.7,17310.0,13.0,1843.0,12.6,1349.0,23.8,1587.0,25.4,1322.0,41.8,1059.0,Montenegro,15618.0,20.3,2%,68:32:00
,,Moscow Polytechnic University,,,,,,,,,,,,,,,,,,,,,,,,,,1501+,9.7–22.7,17320.0,17.0,1626.0,10.3,1613.0,11.0,1839.0,19.0,1591.0,32.3,1413.0,Russian Federation,10148.0,16.0,13%,39 : 61
,,Moscow State University of Civil Engineering,,,,,,,,,,,,,,,,,,,,,,,,,,1501+,9.7–22.7,17330.0,20.3,1349.0,11.6,1456.0,25.3,1555.0,39.6,990.0,25.0,1707.0,Russian Federation,12468.0,13.3,7%,
,,University of Mosul,,,,,,,,,,,,,,,,,,,,,,,,,,1501+,9.7–22.7,17340.0,14.8,1767.0,9.9,1656.0,16.3,1741.0,28.8,1209.0,20.1,1865.0,Iraq,59250.0,20.2,0%,47:53:00
,,Moulay Ismail University,,,,,,,,,,,,,,,,,,,,,,,,,,1501+,9.7–22.7,17350.0,9.6,1903.0,9.1,1783.0,40.9,1204.0,16.5,1809.0,25.9,1664.0,Morocco,80390.0,71.0,0%,54:46:00
,,Université Mouloud Mammeri de Tizi-Ouzou,,,,,,,,,,,,,,,,,,,,,,,,,,1501+,9.7–22.7,17360.0,16.8,1646.0,7.6,1893.0,6.6,1893.0,17.2,1737.0,45.4,948.0,Algeria,43829.0,20.8,0%,61:39:00
,,Muroran Institute of Technology,,,,,,,,,,,,,,,,,,,,,,,,,,1501+,9.7–22.7,17370.0,21.7,1253.0,10.6,1576.0,22.9,1615.0,33.5,1121.0,40.0,1115.0,Japan,3364.0,20.5,6%,0.643055556
,,Mustansiriyah University,,,,,,,,,,,,,,,,,,,,,,,,,,1501+,9.7–22.7,17380.0,25.3,981.0,8.4,1857.0,16.0,1744.0,19.1,1582.0,32.5,1403.0,Iraq,30964.0,6.5,1%,52:48:00
,,University of Mysore,,,,,,,,,,,,,,,,,,,,,,,,,,1501+,9.7–22.7,17390.0,28.2,796.0,9.0,1796.0,23.2,1603.0,22.3,1428.0,42.3,1041.0,India,10130.0,25.8,8%,33 : 67
,,Universidad Nacional del Litoral,,,,,,,,,,,,,,,,,,,,,,,,,,1501+,9.7–22.7,17400.0,12.0,1876.0,9.4,1736.0,16.9,1733.0,24.1,1365.0,29.2,1532.0,Argentina,50145.0,35.2,0%,63:37:00
,,Nara Women’s University,,,,,,,,,,,,,,,,,,,,,,,,,,1501+,9.7–22.7,17410.0,24.3,1057.0,8.7,1830.0,17.3,1722.0,22.4,1424.0,41.4,1068.0,Japan,2592.0,8.7,5%,100:00:00
,,Naresuan University,,,,,,,,,,,,,,,,,,,,,,,,,,1501+,9.7–22.7,17420.0,15.8,1710.0,10.5,1590.0,14.8,1769.0,28.3,1226.0,33.1,1385.0,Thailand,27234.0,18.3,1%,68:32:00
,,National Aviation University,,,,,,,,,,,,,,,,,,,,,,,,,,1501+,9.7–22.7,17430.0,22.2,1212.0,8.7,1831.0,35.2,1319.0,16.4,1819.0,23.8,1749.0,Ukraine,13080.0,9.8,5%,39 : 61
,,National Chiayi University,,,,,,,,,,,,,,,,,,,,,,,,,,1501+,9.7–22.7,17440.0,14.4,1781.0,14.1,1198.0,21.0,1658.0,56.7,705.0,21.8,1814.0,Taiwan,11251.0,22.5,3%,49:51:00
,,National Chi Nan University,,,,,,,,,,,,,,,,,,,,,,,,,,1501+,9.7–22.7,17450.0,20.0,1376.0,18.4,896.0,13.3,1796.0,72.1,384.0,32.1,1423.0,Taiwan,5853.0,14.7,9%,53:47:00
,,National University of Córdoba,,,,,,,,,,,,,,,,,,,,,,,,,,1501+,9.7–22.7,17460.0,18.0,1551.0,10.3,1614.0,20.0,1677.0,19.4,1567.0,37.1,1235.0,Argentina,174780.0,16.9,1%,65:35:00
,,National University of Costa Rica,,,,,,,,,,,,,,,,,,,,,,,,,,1501+,9.7–22.7,17470.0,21.0,1301.0,10.0,1642.0,11.8,1827.0,21.9,1443.0,45.0,959.0,Costa Rica,20913.0,11.0,3%,56:44:00
,,National Formosa University,,,,,,,,,,,,,,,,,,,,,,,,,,1501+,9.7–22.7,17480.0,14.1,1798.0,11.7,1442.0,8.4,1876.0,38.7,1009.0,18.5,1890.0,Taiwan,11134.0,19.5,1%,0.970833333
,,National Ilan University,,,,,,,,,,,,,,,,,,,,,,,,,,1501+,9.7–22.7,17490.0,13.9,1809.0,14.6,1154.0,23.1,1608.0,37.1,1043.0,32.3,1414.0,Taiwan,5637.0,23.8,2%,36 : 64
,,National University of Kaohsiung,,,,,,,,,,,,,,,,,,,,,,,,,,1501+,9.7–22.7,17500.0,13.3,1832.0,16.0,1048.0,12.1,1818.0,28.9,1205.0,30.4,1484.0,Taiwan,5916.0,25.0,4%,41:59:00
,,National University of Life and Environmental Sciences of Ukraine,,,,,,,,,,,,,,,,,,,,,,,,,,1501+,9.7–22.7,17510.0,20.3,1350.0,8.9,1814.0,30.1,1442.0,25.3,1328.0,25.7,1676.0,Ukraine,17628.0,15.2,1%,45:55:00
,,National University of Medical Sciences (NUMS),,,,,,,,,,,,,,,,,,,,,,,,,,1501+,9.7–22.7,17520.0,23.1,1145.0,9.5,1714.0,9.2,1862.0,16.2,1838.0,28.4,1564.0,Pakistan,8693.0,4.6,3%,57:43:00
,,National Research Saratov State University,,,,,,,,,,,,,,,,,,,,,,,,,,1501+,9.7–22.7,17530.0,26.8,883.0,16.1,1043.0,17.6,1718.0,39.1,1006.0,38.0,1198.0,Russian Federation,9664.0,9.3,11%,58:42:00
,,National University of San Martín,,,,,,,,,,,,,,,,,,,,,,,,,,1501+,9.7–22.7,17540.0,19.2,1454.0,10.7,1562.0,26.9,1519.0,24.6,1349.0,45.4,949.0,Argentina,16591.0,16.3,5%,60:40:00
,,National Taichung University of Science and Technology,,,,,,,,,,,,,,,,,,,,,,,,,,1501+,9.7–22.7,17550.0,18.2,1536.0,11.5,1468.0,27.5,1506.0,24.1,1366.0,20.6,1846.0,Taiwan,16191.0,12.3,1%,69:31:00
,,National Taipei University,,,,,,,,,,,,,,,,,,,,,,,,,,1501+,9.7–22.7,17560.0,20.6,1331.0,15.1,1115.0,22.4,1626.0,23.3,1386.0,30.5,1478.0,Taiwan,8386.0,15.7,6%,55:45:00
,,National United University,,,,,,,,,,,,,,,,,,,,,,,,,,1501+,9.7–22.7,17570.0,13.5,1819.0,11.7,1443.0,15.7,1753.0,41.8,941.0,20.5,1850.0,Taiwan,7415.0,20.6,1%,32 : 68
,,NED University of Engineering and Technology,,,,,,,,,,,,,,,,,,,,,,,,,,1501+,9.7–22.7,17580.0,12.7,1857.0,13.1,1292.0,19.8,1682.0,26.3,1286.0,49.9,803.0,Pakistan,12878.0,24.0,0%,37 : 63
,,Universitas Negeri Surabaya,,,,,,,,,,,,,,,,,,,,,,,,,,1501+,9.7–22.7,17590.0,13.5,1820.0,9.0,1798.0,27.2,1514.0,15.6,1900.0,35.0,1318.0,Indonesia,35066.0,28.0,1%,63:37:00
,,Nizhny Novgorod State Technical University,,,,,,,,,,,,,,,,,,,,,,,,,,1501+,9.7–22.7,17600.0,17.6,1589.0,9.7,1690.0,10.7,1846.0,39.6,991.0,23.6,1757.0,Russian Federation,7931.0,14.7,4%,25 : 75
,,Nnamdi Azikiwe University,,,,,,,,,,,,,,,,,,,,,,,,,,1501+,9.7–22.7,17610.0,18.3,1529.0,8.7,1832.0,23.8,1588.0,16.0,1864.0,32.3,1415.0,Nigeria,33856.0,15.9,0%,46:54:00
,,North-Caucasus Federal University,,,,,,,,,,,,,,,,,,,,,,,,,,1501+,9.7–22.7,17620.0,27.8,818.0,9.0,1799.0,9.1,1865.0,17.4,1713.0,33.3,1380.0,Russian Federation,18917.0,8.0,11%,51:49:00
,,"University of the North, Colombia",,,,,,,,,,,,,,,,,,,,,,,,,,1501+,9.7–22.7,17630.0,18.3,1530.0,13.0,1306.0,26.0,1542.0,24.0,1367.0,52.8,720.0,Colombia,13471.0,17.3,0%,52:48:00
,,North-Eastern Federal University,,,,,,,,,,,,,,,,,,,,,,,,,,1501+,9.7–22.7,17640.0,24.7,1029.0,10.1,1635.0,11.2,1835.0,17.5,1702.0,26.5,1640.0,Russian Federation,12179.0,12.2,4%,55:45:00
,,Northern (Arctic) Federal University named after M.V. Lomonosov,,,,,,,,,,,,,,,,,,,,,,,,,,1501+,9.7–22.7,17650.0,20.3,1351.0,11.1,1514.0,7.7,1883.0,19.7,1549.0,31.9,1431.0,Russian Federation,8341.0,14.9,9%,48:52:00
,,North-Western State Medical University named after I.I. Mechnikov,,,,,,,,,,,,,,,,,,,,,,,,,,1501+,9.7–22.7,17660.0,26.0,937.0,9.8,1674.0,7.7,1884.0,17.1,1746.0,29.7,1505.0,Russian Federation,6539.0,5.4,11%,68:32:00
,,Nosov Magnitogorsk State Technical University,,,,,,,,,,,,,,,,,,,,,,,,,,1501+,9.7–22.7,17670.0,18.0,1552.0,9.8,1675.0,10.0,1856.0,17.7,1687.0,21.0,1842.0,Russian Federation,7523.0,13.4,4%,49:51:00
,,Universidade Nove de Julho (Uninove),,,,,,,,,,,,,,,,,,,,,,,,,,1501+,9.7–22.7,17680.0,17.9,1556.0,8.1,1875.0,9.6,1859.0,17.5,1703.0,26.9,1618.0,Brazil,82463.0,23.6,1%,58:42:00
,,University of Novi Sad,,,,,,,,,,,,,,,,,,,,,,,,,,1501+,9.7–22.7,17690.0,19.0,1466.0,11.7,1444.0,29.1,1465.0,36.4,1064.0,33.6,1369.0,Serbia,47978.0,15.1,1%,57:43:00
,,Novosibirsk State Technical University,,,,,,,,,,,,,,,,,,,,,,,,,,1501+,9.7–22.7,17700.0,20.2,1360.0,12.4,1369.0,12.8,1801.0,23.2,1392.0,36.1,1271.0,Russian Federation,12615.0,14.6,17%,40 : 60
,,Nueva Granada Military University,,,,,,,,,,,,,,,,,,,,,,,,,,1501+,9.7–22.7,17710.0,21.5,1271.0,8.0,1880.0,5.3,1897.0,15.7,1896.0,27.7,1591.0,Colombia,18426.0,9.7,0%,46:54:00
,,Obafemi Awolowo University,,,,,,,,,,,,,,,,,,,,,,,,,,1501+,9.7–22.7,17720.0,15.3,1739.0,12.3,1382.0,32.0,1399.0,19.0,1592.0,37.9,1200.0,Nigeria,29679.0,22.5,0%,45:55:00
,,Ogarev Mordovia State University,,,,,,,,,,,,,,,,,,,,,,,,,,1501+,9.7–22.7,17730.0,20.2,1361.0,9.2,1764.0,5.8,1895.0,17.2,1738.0,37.2,1229.0,Russian Federation,11795.0,11.6,17%,49:51:00
,,Oita University,,,,,,,,,,,,,,,,,,,,,,,,,,1501+,9.7–22.7,17740.0,25.8,953.0,11.0,1527.0,20.0,1678.0,35.3,1087.0,22.9,1778.0,Japan,5381.0,8.5,2%,38 : 62
,,Niğde Ömer Halisdemir University,,,,,,,,,,,,,,,,,,,,,,,,,,1501+,9.7–22.7,17750.0,13.5,1821.0,9.4,1737.0,24.5,1574.0,19.2,1576.0,27.7,1592.0,Turkey,14088.0,20.1,5%,80:20:00
,,Omsk State Technical University,,,,,,,,,,,,,,,,,,,,,,,,,,1501+,9.7–22.7,17760.0,18.4,1517.0,8.4,1858.0,7.3,1891.0,20.0,1531.0,31.1,1462.0,Russian Federation,12150.0,14.0,13%,33 : 67
,,Ondokuz Mayis University,,,,,,,,,,,,,,,,,,,,,,,,,,1501+,9.7–22.7,17770.0,19.0,1467.0,11.4,1478.0,22.2,1634.0,26.8,1268.0,36.1,1272.0,Turkey,38149.0,18.3,14%,44:56:00
,,Oran 1 University,,,,,,,,,,,,,,,,,,,,,,,,,,1501+,9.7–22.7,17780.0,30.7,653.0,9.0,1801.0,13.2,1798.0,17.8,1681.0,39.7,1128.0,Algeria,25443.0,21.9,1%,70:30:00
,,Ordu University,,,,,,,,,,,,,,,,,,,,,,,,,,1501+,9.7–22.7,17790.0,14.0,1803.0,10.3,1615.0,19.6,1688.0,16.7,1787.0,17.9,1898.0,Turkey,11050.0,18.7,0%,52:48:00
,,Osaka Institute of Technology,,,,,,,,,,,,,,,,,,,,,,,,,,1501+,9.7–22.7,17800.0,14.8,1768.0,15.3,1097.0,20.6,1668.0,37.3,1036.0,26.2,1658.0,Japan,7407.0,35.4,1%,0.643055556
,,Osaka Medical and Pharmaceutical University,,,,,,,,,,,,,,,,,,,,,,,,,,1501+,9.7–22.7,17810.0,27.7,824.0,12.6,1351.0,23.7,1591.0,44.4,904.0,18.7,1888.0,Japan,3132.0,5.5,1%,59:41:00
,,University of Ostrava,,,,,,,,,,,,,,,,,,,,,,,,,,1501+,9.7–22.7,17820.0,19.5,1424.0,16.3,1026.0,23.2,1604.0,18.2,1653.0,46.2,923.0,Czech Republic,8526.0,16.0,9%,71:29:00
,,Ovidius University of Constanța,,,,,,,,,,,,,,,,,,,,,,,,,,1501+,9.7–22.7,17830.0,19.4,1432.0,9.2,1765.0,9.6,1860.0,15.9,1878.0,27.0,1614.0,Romania,17355.0,12.5,7%,61:39:00
,,Universitas Padjadjaran,,,,,,,,,,,,,,,,,,,,,,,,,,1501+,9.7–22.7,17840.0,28.5,776.0,12.2,1390.0,19.2,1698.0,23.6,1378.0,34.3,1346.0,Indonesia,35498.0,11.3,1%,59:41:00
,,Pamukkale University,,,,,,,,,,,,,,,,,,,,,,,,,,1501+,9.7–22.7,17850.0,15.2,1746.0,9.5,1715.0,16.7,1736.0,18.5,1625.0,20.4,1854.0,Turkey,33761.0,22.0,3%,44:56:00
,,Universidad Panamericana (UP),,,,,,,,,,,,,,,,,,,,,,,,,,1501+,9.7–22.7,17860.0,23.9,1085.0,9.1,1784.0,12.0,1822.0,16.0,1865.0,43.9,993.0,Mexico,15469.0,7.8,2%,48:52:00
,,University of Pannonia,,,,,,,,,,,,,,,,,,,,,,,,,,1501+,9.7–22.7,17870.0,22.2,1214.0,15.6,1078.0,21.5,1648.0,45.5,887.0,37.9,1201.0,Hungary,5241.0,19.5,7%,48:52:00
,,University of Pardubice,,,,,,,,,,,,,,,,,,,,,,,,,,1501+,9.7–22.7,17880.0,21.1,1297.0,17.7,934.0,17.7,1717.0,30.0,1183.0,39.8,1122.0,Czech Republic,7375.0,13.5,10%,56:44:00
,,Pavlov First Saint Petersburg State Medical University,,,,,,,,,,,,,,,,,,,,,,,,,,1501+,9.7–22.7,17890.0,29.4,728.0,10.7,1564.0,12.5,1811.0,25.3,1329.0,34.4,1343.0,Russian Federation,5462.0,7.0,14%,75:25:00
,,Payame Noor University,,,,,,,,,,,,,,,,,,,,,,,,,,1501+,9.7–22.7,17900.0,12.9,1851.0,9.1,1785.0,26.1,1539.0,19.6,1554.0,21.3,1833.0,Iran,428888.0,120.3,1%,60:40:00
,,Pedagogical and Technological University of Colombia,,,,,,,,,,,,,,,,,,,,,,,,,,1501+,9.7–22.7,17910.0,19.3,1443.0,7.7,1892.0,5.2,1898.0,16.0,1866.0,35.5,1300.0,Colombia,33268.0,16.0,0%,54:46:00
,,University of the Peloponnese,,,,,,,,,,,,,,,,,,,,,,,,,,1501+,9.7–22.7,17920.0,16.1,1695.0,12.6,1352.0,28.9,1473.0,29.0,1201.0,27.8,1588.0,Greece,12801.0,39.4,1%,52:48:00
,,Universitas Pendidikan Indonesia,,,,,,,,,,,,,,,,,,,,,,,,,,1501+,9.7–22.7,17930.0,19.8,1391.0,12.1,1401.0,33.0,1375.0,16.3,1829.0,23.9,1745.0,Indonesia,32713.0,18.5,1%,61:39:00
,,Penza State University,,,,,,,,,,,,,,,,,,,,,,,,,,1501+,9.7–22.7,17940.0,14.3,1790.0,8.7,1833.0,7.8,1881.0,16.3,1830.0,32.8,1393.0,Russian Federation,17934.0,17.2,12%,56:44:00
,,Perm National Research Polytechnic University,,,,,,,,,,,,,,,,,,,,,,,,,,1501+,9.7–22.7,17950.0,23.7,1101.0,13.4,1270.0,9.9,1857.0,50.0,807.0,28.4,1565.0,Russian Federation,8719.0,10.2,9%,37 : 63
,,Perm State University,,,,,,,,,,,,,,,,,,,,,,,,,,1501+,9.7–22.7,17960.0,21.2,1288.0,12.5,1360.0,8.2,1877.0,24.6,1350.0,23.7,1753.0,Russian Federation,9845.0,12.0,5%,59:41:00
,,University of Pernambuco,,,,,,,,,,,,,,,,,,,,,,,,,,1501+,9.7–22.7,17970.0,16.0,1697.0,10.3,1616.0,15.2,1763.0,18.3,1645.0,26.4,1648.0,Brazil,21435.0,16.9,0%,
,,Universidad Peruana de Ciencias Aplicadas (UPC),,,,,,,,,,,,,,,,,,,,,,,,,,1501+,9.7–22.7,17980.0,13.5,1822.0,8.7,1834.0,10.1,1854.0,15.6,1901.0,26.5,1641.0,Peru,56595.0,21.1,1%,50:50:00
,,University of Phayao,,,,,,,,,,,,,,,,,,,,,,,,,,1501+,9.7–22.7,17990.0,14.9,1761.0,9.4,1738.0,39.3,1228.0,16.3,1831.0,25.9,1665.0,Thailand,17256.0,17.1,0%,66:34:00
,,Universidad Politécnica Salesiana,,,,,,,,,,,,,,,,,,,,,,,,,,1501+,9.7–22.7,18000.0,11.6,1885.0,9.5,1716.0,13.6,1790.0,15.8,1888.0,42.0,1051.0,Ecuador,22513.0,24.2,1%,40 : 60
,,Polytechnic University of Bucharest,,,,,,,,,,,,,,,,,,,,,,,,,,1501+,9.7–22.7,18010.0,19.8,1392.0,11.4,1479.0,28.8,1477.0,29.7,1192.0,24.2,1731.0,Romania,29166.0,23.2,4%,36 : 64
,,Polytechnic University of Timişoara,,,,,,,,,,,,,,,,,,,,,,,,,,1501+,9.7–22.7,18020.0,16.7,1654.0,10.1,1636.0,33.9,1353.0,30.9,1160.0,22.6,1786.0,Romania,11846.0,18.7,3%,38 : 62
,,Pontifical Catholic University of Minas Gerais,,,,,,,,,,,,,,,,,,,,,,,,,,1501+,9.7–22.7,18030.0,24.4,1052.0,10.7,1565.0,14.6,1774.0,20.5,1513.0,24.7,1718.0,Brazil,37267.0,36.0,1%,57:43:00
,,Universidad Pontificia Bolivariana (UPB),,,,,,,,,,,,,,,,,,,,,,,,,,1501+,9.7–22.7,18040.0,24.2,1070.0,10.6,1579.0,10.2,1853.0,26.8,1269.0,37.2,1232.0,Colombia,10565.0,10.6,2%,57:43:00
,,Pontificia Universidad Católica del Ecuador,,,,,,,,,,,,,,,,,,,,,,,,,,1501+,9.7–22.7,18050.0,12.2,1871.0,8.7,1835.0,15.3,1760.0,15.9,1879.0,63.9,504.0,Ecuador,21237.0,25.4,1%,56:44:00
,,University of Port Harcourt,,,,,,,,,,,,,,,,,,,,,,,,,,1501+,9.7–22.7,18060.0,23.1,1146.0,14.4,1168.0,15.4,1758.0,21.8,1447.0,32.0,1428.0,Nigeria,31493.0,17.1,0%,35 : 65
,,Prague University of Economics and Business,,,,,,,,,,,,,,,,,,,,,,,,,,1501+,9.7–22.7,18070.0,15.5,1732.0,14.9,1135.0,27.6,1504.0,16.8,1776.0,47.9,867.0,Czech Republic,14306.0,29.1,27%,53:47:00
,,University of Primorska,,,,,,,,,,,,,,,,,,,,,,,,,,1501+,9.7–22.7,18080.0,16.4,1672.0,14.9,1136.0,26.5,1526.0,21.9,1444.0,61.8,547.0,Slovenia,5805.0,15.3,18%,77:23:00
,,University of Prishtina,,,,,,,,,,,,,,,,,,,,,,,,,,1501+,9.7–22.7,18090.0,11.8,1881.0,10.7,1566.0,13.7,1788.0,18.4,1637.0,38.9,1156.0,Kosovo,28532.0,31.4,1%,65:35:00
,,Privolzhsky Research Medical University,,,,,,,,,,,,,,,,,,,,,,,,,,1501+,9.7–22.7,18100.0,23.9,1086.0,9.9,1658.0,5.2,1899.0,20.0,1532.0,40.3,1107.0,Russian Federation,5896.0,10.3,23%,68:32:00
,,PSG College of Technology,,,,,,,,,,,,,,,,,,,,,,,,,,1501+,9.7–22.7,18110.0,22.9,1158.0,8.9,1815.0,29.4,1457.0,20.7,1502.0,17.6,1900.0,India,8140.0,14.2,0%,37 : 63
,,Recep Tayyip Erdoğan University,,,,,,,,,,,,,,,,,,,,,,,,,,1501+,9.7–22.7,18120.0,16.3,1681.0,9.5,1717.0,23.9,1586.0,16.6,1798.0,22.3,1797.0,Turkey,12407.0,16.9,4%,54:46:00
,,REVA University,,,,,,,,,,,,,,,,,,,,,,,,,,1501+,9.7–22.7,18130.0,16.0,1698.0,7.9,1885.0,37.9,1259.0,20.7,1503.0,19.8,1874.0,India,13907.0,18.7,1%,34 : 66
,,Riga Stradiņš University,,,,,,,,,,,,,,,,,,,,,,,,,,1501+,9.7–22.7,18140.0,17.3,1610.0,13.8,1229.0,26.3,1535.0,23.2,1393.0,62.7,529.0,Latvia,8761.0,21.8,29%,75:25:00
,,University of Rijeka,,,,,,,,,,,,,,,,,,,,,,,,,,1501+,9.7–22.7,18150.0,18.7,1486.0,16.7,994.0,29.9,1446.0,25.8,1306.0,29.2,1533.0,Croatia,13163.0,15.6,3%,58:42:00
,,Russian Presidential Academy of National Economy and Public Administration,,,,,,,,,,,,,,,,,,,,,,,,,,1501+,9.7–22.7,18160.0,26.8,884.0,17.1,965.0,18.1,1712.0,19.4,1568.0,23.2,1771.0,Russian Federation,18646.0,10.4,4%,63:37:00
,,Russian State University for the Humanities,,,,,,,,,,,,,,,,,,,,,,,,,,1501+,9.7–22.7,18170.0,13.5,1823.0,13.4,1273.0,16.8,1735.0,15.7,1897.0,22.1,1803.0,Russian Federation,16679.0,22.1,4%,69:31:00
,,R V College of Engineering,,,,,,,,,,,,,,,,,,,,,,,,,,1501+,9.7–22.7,18180.0,24.6,1038.0,9.4,1739.0,29.3,1458.0,17.8,1682.0,16.1,1904.0,India,5741.0,14.9,0%,26 : 74
,,Ryukoku University,,,,,,,,,,,,,,,,,,,,,,,,,,1501+,9.7–22.7,18190.0,15.5,1733.0,10.6,1580.0,12.0,1823.0,23.2,1394.0,31.2,1454.0,Japan,15818.0,27.7,2%,36 : 64
,,University of the Ryukyus,,,,,,,,,,,,,,,,,,,,,,,,,,1501+,9.7–22.7,18200.0,25.4,978.0,14.1,1201.0,22.6,1623.0,37.2,1039.0,37.6,1215.0,Japan,7534.0,9.9,2%,39 : 61
,,Rzeszów University of Technology,,,,,,,,,,,,,,,,,,,,,,,,,,1501+,9.7–22.7,18210.0,20.6,1332.0,9.1,1786.0,29.1,1466.0,22.9,1405.0,23.1,1775.0,Poland,10742.0,11.6,1%,38 : 62
,,University of La Sabana,,,,,,,,,,,,,,,,,,,,,,,,,,1501+,9.7–22.7,18220.0,17.4,1601.0,10.9,1539.0,19.7,1685.0,16.6,1799.0,44.3,980.0,Colombia,11838.0,17.1,2%,56:44:00
,,Saga University,,,,,,,,,,,,,,,,,,,,,,,,,,1501+,9.7–22.7,18230.0,26.0,938.0,14.5,1161.0,21.8,1640.0,59.0,663.0,25.4,1687.0,Japan,6518.0,9.8,2%,42:58:00
,,Saitama University,,,,,,,,,,,,,,,,,,,,,,,,,,1501+,9.7–22.7,18240.0,22.9,1160.0,15.5,1084.0,19.4,1691.0,41.2,951.0,41.5,1067.0,Japan,8321.0,15.3,6%,32 : 68
,,Samara State Technical University,,,,,,,,,,,,,,,,,,,,,,,,,,1501+,9.7–22.7,18250.0,16.9,1632.0,10.6,1582.0,10.9,1840.0,32.3,1137.0,22.1,1804.0,Russian Federation,12762.0,16.0,5%,38 : 62
,,San Sebastián University,,,,,,,,,,,,,,,,,,,,,,,,,,1501+,9.7–22.7,18260.0,14.2,1794.0,9.2,1767.0,12.1,1819.0,16.1,1854.0,43.2,1015.0,Chile,38101.0,19.8,0%,63:37:00
,,"University of Santiago, Chile (USACH)",,,,,,,,,,,,,,,,,,,,,,,,,,1501+,9.7–22.7,18270.0,15.8,1713.0,15.4,1088.0,29.8,1450.0,27.7,1245.0,45.9,934.0,Chile,24717.0,20.8,2%,45:55:00
,,University of Santo Tomas,,,,,,,,,,,,,,,,,,,,,,,,,,1501+,9.7–22.7,18280.0,19.6,1414.0,9.5,1718.0,25.8,1547.0,20.7,1504.0,67.0,447.0,Philippines,31813.0,13.3,7%,51:49:00
,,University of Sarajevo,,,,,,,,,,,,,,,,,,,,,,,,,,1501+,9.7–22.7,18290.0,16.4,1673.0,10.8,1552.0,18.6,1707.0,23.6,1379.0,27.7,1593.0,Bosnia and Herzegovina,25468.0,15.6,0%,64:36:00
,,Saratov State Medical University,,,,,,,,,,,,,,,,,,,,,,,,,,1501+,9.7–22.7,18300.0,25.6,968.0,10.7,1567.0,3.7,1903.0,16.2,1839.0,31.2,1455.0,Russian Federation,7242.0,6.6,12%,
,,Satbayev University,,,,,,,,,,,,,,,,,,,,,,,,,,1501+,9.7–22.7,18310.0,22.7,1172.0,10.8,1553.0,8.5,1875.0,23.2,1395.0,68.7,424.0,Kazakhstan,8114.0,12.4,5%,44:56:00
,,University of Sciences and Technology Houari Boumediene,,,,,,,,,,,,,,,,,,,,,,,,,,1501+,9.7–22.7,18320.0,17.8,1572.0,7.4,1898.0,12.8,1802.0,18.2,1654.0,35.3,1308.0,Algeria,39136.0,19.5,0%,47:53:00
,,University of Science and Technology of Oran Mohamed-Boudiaf,,,,,,,,,,,,,,,,,,,,,,,,,,1501+,9.7–22.7,18330.0,24.6,1039.0,7.0,1901.0,9.0,1868.0,17.3,1728.0,32.4,1407.0,Algeria,18552.0,9.6,1%,50:50:00
,,SGH Warsaw School of Economics,,,,,,,,,,,,,,,,,,,,,,,,,,1501+,9.7–22.7,18340.0,24.8,1021.0,15.2,1107.0,24.1,1583.0,16.1,1855.0,36.7,1255.0,Poland,8618.0,16.5,13%,49:51:00
,,Shahed University,,,,,,,,,,,,,,,,,,,,,,,,,,1501+,9.7–22.7,18350.0,30.3,675.0,14.8,1141.0,22.5,1624.0,26.6,1280.0,18.7,1889.0,Iran,5207.0,15.8,0%,53:47:00
,,Shimane University,,,,,,,,,,,,,,,,,,,,,,,,,,1501+,9.7–22.7,18360.0,25.7,960.0,13.0,1308.0,19.3,1694.0,37.1,1044.0,28.7,1554.0,Japan,6005.0,8.2,3%,40 : 60
,,Shizuoka University,,,,,,,,,,,,,,,,,,,,,,,,,,1501+,9.7–22.7,18370.0,22.6,1182.0,16.0,1049.0,19.5,1690.0,58.3,674.0,37.0,1242.0,Japan,9928.0,14.5,4%,29 : 71
,,University of Shizuoka,,,,,,,,,,,,,,,,,,,,,,,,,,1501+,9.7–22.7,18380.0,25.9,947.0,12.9,1315.0,15.2,1764.0,58.9,665.0,26.5,1644.0,Japan,3134.0,11.5,3%,61:39:00
,,Reshetnev Siberian State University of Science and Technology,,,,,,,,,,,,,,,,,,,,,,,,,,1501+,9.7–22.7,18390.0,12.3,1870.0,8.2,1868.0,15.8,1749.0,18.5,1626.0,20.4,1855.0,Russian Federation,16411.0,22.9,3%,40 : 60
,,Siberian State Medical University,,,,,,,,,,,,,,,,,,,,,,,,,,1501+,9.7–22.7,18400.0,22.1,1225.0,9.6,1703.0,3.4,1904.0,17.1,1748.0,39.8,1124.0,Russian Federation,6798.0,10.6,21%,71:29:00
,,Sichuan University of Science and Engineering,,,,,,,,,,,,,,,,,,,,,,,,,,1501+,9.7–22.7,18410.0,12.0,1878.0,10.4,1602.0,23.8,1589.0,26.4,1284.0,20.3,1859.0,China,44741.0,22.9,1%,39 : 61
,,University of Silesia in Katowice,,,,,,,,,,,,,,,,,,,,,,,,,,1501+,9.7–22.7,18420.0,23.2,1140.0,13.5,1256.0,23.4,1598.0,21.8,1448.0,29.7,1507.0,Poland,19222.0,11.6,4%,67:33:00
,,Silpakorn University,,,,,,,,,,,,,,,,,,,,,,,,,,1501+,9.7–22.7,18430.0,19.3,1445.0,13.6,1244.0,20.7,1666.0,38.0,1019.0,29.0,1540.0,Thailand,22163.0,18.8,2%,69:31:00
,,University of Sistan and Baluchestan,,,,,,,,,,,,,,,,,,,,,,,,,,1501+,9.7–22.7,18440.0,18.5,1509.0,11.4,1481.0,26.4,1528.0,22.9,1406.0,22.7,1782.0,Iran,8890.0,19.6,1%,58:42:00
,,Sivas Cumhuriyet University,,,,,,,,,,,,,,,,,,,,,,,,,,1501+,9.7–22.7,18450.0,14.9,1762.0,9.5,1719.0,26.1,1540.0,18.5,1627.0,29.7,1508.0,Turkey,33919.0,32.4,8%,50:50:00
,,Slovak University of Technology in Bratislava,,,,,,,,,,,,,,,,,,,,,,,,,,1501+,9.7–22.7,18460.0,27.6,837.0,12.0,1410.0,22.3,1629.0,28.7,1215.0,32.8,1394.0,Slovakia,10678.0,8.5,7%,31 : 69
,,Sofia University,,,,,,,,,,,,,,,,,,,,,,,,,,1501+,9.7–22.7,18470.0,28.3,791.0,12.2,1393.0,23.4,1599.0,21.6,1460.0,39.4,1136.0,Bulgaria,22467.0,7.5,7%,67:33:00
,,University of Sonora,,,,,,,,,,,,,,,,,,,,,,,,,,1501+,9.7–22.7,18480.0,13.6,1817.0,8.4,1860.0,13.6,1791.0,32.3,1138.0,34.9,1324.0,Mexico,34176.0,26.0,1%,57:43:00
,,Sophia University,,,,,,,,,,,,,,,,,,,,,,,,,,1501+,9.7–22.7,18490.0,22.6,1183.0,11.0,1528.0,13.3,1797.0,25.4,1323.0,50.9,777.0,Japan,13265.0,12.7,10%,60:40:00
,,Southwest State University,,,,,,,,,,,,,,,,,,,,,,,,,,1501+,9.7–22.7,18500.0,20.8,1317.0,11.2,1504.0,11.4,1834.0,33.7,1117.0,32.1,1424.0,Russian Federation,6592.0,13.4,11%,39 : 61
,,University of Sri Jayewardenepura,,,,,,,,,,,,,,,,,,,,,,,,,,1501+,9.7–22.7,18510.0,13.0,1845.0,9.0,1803.0,35.7,1310.0,18.4,1639.0,35.8,1285.0,Sri Lanka,17629.0,22.9,0%,63:37:00
,,Srinakharinwirot University,,,,,,,,,,,,,,,,,,,,,,,,,,1501+,9.7–22.7,18520.0,19.4,1438.0,9.7,1691.0,15.8,1750.0,18.8,1605.0,22.3,1799.0,Thailand,28132.0,18.9,1%,67:33:00
,,Universitas Sriwijaya,,,,,,,,,,,,,,,,,,,,,,,,,,1501+,9.7–22.7,18530.0,12.4,1865.0,9.0,1804.0,18.1,1713.0,16.2,1841.0,19.9,1871.0,Indonesia,36361.0,24.7,0%,60:40:00
,,Saints Cyril and Methodius University in Skopje,,,,,,,,,,,,,,,,,,,,,,,,,,1501+,9.7–22.7,18540.0,19.2,1455.0,9.3,1752.0,25.9,1543.0,23.2,1396.0,46.0,931.0,North Macedonia,26800.0,13.5,5%,63:37:00
,,State University of Bahia,,,,,,,,,,,,,,,,,,,,,,,,,,1501+,9.7–22.7,18550.0,19.3,1446.0,8.6,1847.0,4.1,1902.0,16.2,1842.0,20.0,1869.0,Brazil,25067.0,11.9,0%,66:34:00
,,State University of Malang,,,,,,,,,,,,,,,,,,,,,,,,,,1501+,9.7–22.7,18560.0,18.5,1510.0,11.1,1516.0,30.0,1443.0,15.8,1890.0,31.4,1449.0,Indonesia,33358.0,30.5,4%,55:45:00
,,State University of Ponta Grossa,,,,,,,,,,,,,,,,,,,,,,,,,,1501+,9.7–22.7,18570.0,24.9,1011.0,11.3,1495.0,18.1,1714.0,18.1,1661.0,25.9,1667.0,Brazil,8568.0,8.9,0%,55:45:00
,,State University of Santa Cruz,,,,,,,,,,,,,,,,,,,,,,,,,,1501+,9.7–22.7,18580.0,22.9,1162.0,9.3,1753.0,14.1,1781.0,17.4,1716.0,34.9,1325.0,Brazil,7854.0,9.8,2%,46:54:00
,,Süleyman Demirel University,,,,,,,,,,,,,,,,,,,,,,,,,,1501+,9.7–22.7,18590.0,23.5,1115.0,9.8,1677.0,29.9,1447.0,18.6,1622.0,25.6,1679.0,Turkey,39648.0,32.3,5%,52:48:00
,,Université Sultan Moulay Slimane,,,,,,,,,,,,,,,,,,,,,,,,,,1501+,9.7–22.7,18600.0,11.8,1882.0,9.8,1678.0,29.9,1448.0,21.1,1477.0,21.5,1823.0,Morocco,38741.0,56.2,0%,52:48:00
,,Universitas Sumatera Utara,,,,,,,,,,,,,,,,,,,,,,,,,,1501+,9.7–22.7,18610.0,16.5,1663.0,10.5,1593.0,26.6,1524.0,17.1,1749.0,27.6,1598.0,Indonesia,35761.0,19.2,2%,54:46:00
,,Széchenyi István University,,,,,,,,,,,,,,,,,,,,,,,,,,1501+,9.7–22.7,18620.0,19.1,1460.0,11.7,1446.0,23.2,1605.0,17.4,1717.0,29.6,1514.0,Hungary,9573.0,14.8,5%,45:55:00
,,Tamil Nadu Agricultural University,,,,,,,,,,,,,,,,,,,,,,,,,,1501+,9.7–22.7,18630.0,29.5,722.0,11.0,1529.0,14.0,1783.0,26.7,1274.0,17.0,1903.0,India,7000.0,9.3,0%,61:39:00
,,Technical University of Liberec,,,,,,,,,,,,,,,,,,,,,,,,,,1501+,9.7–22.7,18640.0,21.0,1302.0,18.9,872.0,18.2,1711.0,34.5,1102.0,44.2,983.0,Czech Republic,5303.0,13.3,10%,54:46:00
,,Technical University of Loja,,,,,,,,,,,,,,,,,,,,,,,,,,1501+,9.7–22.7,18650.0,10.6,1898.0,8.4,1861.0,11.2,1836.0,15.8,1891.0,48.2,862.0,Ecuador,57924.0,29.3,1%,56:44:00
,,Technical University of Sofia,,,,,,,,,,,,,,,,,,,,,,,,,,1501+,9.7–22.7,18660.0,23.2,1142.0,11.1,1518.0,24.2,1581.0,25.0,1338.0,26.8,1627.0,Bulgaria,10318.0,9.7,9%,0.929861111
,,Technological University of Pereira,,,,,,,,,,,,,,,,,,,,,,,,,,1501+,9.7–22.7,18670.0,15.0,1753.0,4.6,1904.0,14.8,1770.0,19.2,1577.0,32.4,1409.0,Colombia,17877.0,17.8,0%,44:56:00
,,Universidade Tecnológica Federal do Paraná (UTFPR),,,,,,,,,,,,,,,,,,,,,,,,,,1501+,9.7–22.7,18680.0,16.7,1655.0,10.2,1629.0,22.3,1630.0,42.3,933.0,25.3,1693.0,Brazil,39007.0,15.3,1%,30 : 70
,,Teikyo University,,,,,,,,,,,,,,,,,,,,,,,,,,1501+,9.7–22.7,18690.0,17.4,1603.0,12.7,1340.0,33.9,1355.0,37.2,1040.0,26.7,1632.0,Japan,23162.0,16.0,5%,36 : 64
,,Universiti Teknologi MARA,,,,,,,,,,,,,,,,,,,,,,,,,,1501+,9.7–22.7,18700.0,20.2,1362.0,14.7,1150.0,28.6,1481.0,23.9,1372.0,24.2,1732.0,Malaysia,60755.0,16.3,1%,67:33:00
,,Telkom University,,,,,,,,,,,,,,,,,,,,,,,,,,1501+,9.7–22.7,18710.0,15.0,1754.0,11.0,1530.0,28.5,1485.0,21.3,1468.0,38.1,1189.0,Indonesia,18956.0,16.8,3%,42:58:00
,,Temuco Catholic University,,,,,,,,,,,,,,,,,,,,,,,,,,1501+,9.7–22.7,18720.0,19.8,1395.0,10.5,1594.0,12.7,1805.0,23.9,1373.0,43.1,1018.0,Chile,10775.0,11.1,0%,61:39:00
,,Tokat Gaziosmanpaşa University,,,,,,,,,,,,,,,,,,,,,,,,,,1501+,9.7–22.7,18730.0,17.1,1619.0,8.6,1848.0,33.7,1359.0,17.5,1705.0,32.1,1425.0,Turkey,22547.0,15.2,9%,45:55:00
,,Tokyo University of Agriculture,,,,,,,,,,,,,,,,,,,,,,,,,,1501+,9.7–22.7,18740.0,18.1,1545.0,9.1,1788.0,18.9,1704.0,29.8,1189.0,23.1,1776.0,Japan,13004.0,32.2,2%,43:57:00
,,Tokyo City University,,,,,,,,,,,,,,,,,,,,,,,,,,1501+,9.7–22.7,18750.0,17.6,1590.0,12.0,1412.0,13.9,1785.0,43.6,913.0,28.6,1557.0,Japan,7479.0,26.8,2%,1.011805556
,,Tokyo Denki University,,,,,,,,,,,,,,,,,,,,,,,,,,1501+,9.7–22.7,18760.0,14.9,1763.0,9.0,1805.0,12.1,1820.0,56.4,713.0,21.9,1812.0,Japan,9837.0,28.7,3%,0.602083333
,,Tomsk State University of Control Systems and Radioelectronics,,,,,,,,,,,,,,,,,,,,,,,,,,1501+,9.7–22.7,18770.0,22.2,1216.0,11.0,1531.0,18.9,1705.0,40.0,979.0,38.5,1171.0,Russian Federation,6452.0,12.1,14%,29 : 71
,,Tottori University,,,,,,,,,,,,,,,,,,,,,,,,,,1501+,9.7–22.7,18780.0,28.8,755.0,13.4,1274.0,21.3,1654.0,46.7,870.0,26.6,1636.0,Japan,5998.0,8.0,2%,38 : 62
,,Toyama Prefectural University,,,,,,,,,,,,,,,,,,,,,,,,,,1501+,9.7–22.7,18790.0,25.0,1008.0,9.5,1720.0,9.5,1861.0,27.0,1260.0,21.8,1816.0,Japan,1864.0,9.5,2%,31 : 69
,,Toyo University,,,,,,,,,,,,,,,,,,,,,,,,,,1501+,9.7–22.7,18800.0,14.4,1784.0,9.2,1770.0,8.7,1872.0,19.6,1556.0,36.0,1280.0,Japan,30662.0,23.5,5%,42:58:00
,,Tula State University,,,,,,,,,,,,,,,,,,,,,,,,,,1501+,9.7–22.7,18810.0,11.6,1886.0,9.0,1806.0,5.1,1900.0,17.6,1695.0,19.0,1885.0,Russian Federation,18428.0,35.0,3%,60:40:00
,,Ufa University of Science and Technology,,,,,,,,,,,,,,,,,,,,,,,,,,1501+,9.7–22.7,18820.0,19.3,1447.0,10.2,1630.0,8.1,1880.0,25.6,1313.0,22.7,1783.0,Russian Federation,24187.0,12.6,5%,37 : 63
,,Ufa State Petroleum Technological University,,,,,,,,,,,,,,,,,,,,,,,,,,1501+,9.7–22.7,18830.0,23.0,1155.0,8.0,1881.0,17.1,1730.0,16.7,1788.0,29.7,1509.0,Russian Federation,12971.0,8.2,11%,38 : 62
,,Universiti Malaysia Sabah (UMS),,,,,,,,,,,,,,,,,,,,,,,,,,1501+,9.7–22.7,18840.0,17.8,1574.0,14.3,1183.0,25.0,1563.0,21.8,1449.0,41.8,1061.0,Malaysia,17316.0,16.6,4%,66:34:00
,,Uşak University,,,,,,,,,,,,,,,,,,,,,,,,,,1501+,9.7–22.7,18850.0,11.4,1891.0,10.4,1604.0,14.3,1780.0,19.0,1593.0,32.1,1426.0,Turkey,19043.0,27.4,11%,49:51:00
,,Utsunomiya University,,,,,,,,,,,,,,,,,,,,,,,,,,1501+,9.7–22.7,18860.0,20.4,1345.0,12.6,1353.0,9.1,1866.0,27.7,1246.0,29.1,1538.0,Japan,4805.0,13.7,4%,37 : 63
,,Uzhhorod National University,,,,,,,,,,,,,,,,,,,,,,,,,,1501+,9.7–22.7,18870.0,22.2,1217.0,8.9,1817.0,4.7,1901.0,16.2,1844.0,45.2,956.0,Ukraine,14460.0,11.3,13%,53:47:00
,,Universidad del Valle,,,,,,,,,,,,,,,,,,,,,,,,,,1501+,9.7–22.7,18880.0,23.2,1143.0,8.7,1836.0,12.2,1817.0,17.9,1678.0,40.6,1100.0,Colombia,33442.0,8.9,1%,50:50:00
,,University of Valparaíso,,,,,,,,,,,,,,,,,,,,,,,,,,1501+,9.7–22.7,18890.0,15.4,1736.0,12.2,1394.0,22.0,1638.0,18.7,1614.0,47.8,872.0,Chile,16627.0,19.0,2%,58:42:00
,,Van Yüzüncü Yil University,,,,,,,,,,,,,,,,,,,,,,,,,,1501+,9.7–22.7,18900.0,21.7,1254.0,22.8,696.0,19.3,1695.0,45.4,889.0,21.4,1830.0,Turkey,20317.0,17.5,3%,47:53:00
,,Instituto Politécnico de Viana do Castelo,,,,,,,,,,,,,,,,,,,,,,,,,,1501+,9.7–22.7,18910.0,13.0,1847.0,9.6,1704.0,35.4,1316.0,18.7,1615.0,44.1,986.0,Portugal,5364.0,19.8,10%,49:51:00
,,Vietnam National University (Ho Chi Minh City),,,,,,,,,,,,,,,,,,,,,,,,,,1501+,9.7–22.7,18920.0,14.6,1775.0,11.2,1506.0,26.1,1541.0,26.2,1291.0,36.8,1253.0,Vietnam,83599.0,24.5,1%,46:54:00
,,"Vignan’s Foundation for Science, Technology and Research",,,,,,,,,,,,,,,,,,,,,,,,,,1501+,9.7–22.7,18930.0,22.2,1219.0,7.6,1895.0,36.0,1301.0,16.7,1789.0,21.1,1839.0,India,7111.0,11.3,1%,47:53:00
,,V.I. Vernadsky Crimean Federal University (Vernadsky CFU),,,,,,,,,,,,,,,,,,,,,,,,,,1501+,9.7–22.7,18940.0,19.0,1469.0,9.9,1663.0,7.6,1886.0,16.6,1803.0,27.2,1609.0,Ukraine,21485.0,12.5,9%,55:45:00
,,Volgograd State Technical University,,,,,,,,,,,,,,,,,,,,,,,,,,1501+,9.7–22.7,18950.0,17.8,1575.0,9.3,1754.0,22.9,1616.0,18.5,1630.0,27.9,1583.0,Russian Federation,12884.0,13.9,10%,30 : 70
,,Voronezh State University,,,,,,,,,,,,,,,,,,,,,,,,,,1501+,9.7–22.7,18960.0,22.7,1173.0,10.7,1568.0,7.7,1885.0,17.4,1719.0,37.0,1243.0,Russian Federation,16386.0,11.1,15%,52:48:00
,,Voronezh State Technical University,,,,,,,,,,,,,,,,,,,,,,,,,,1501+,9.7–22.7,18970.0,20.5,1339.0,8.5,1855.0,29.8,1451.0,18.8,1606.0,23.9,1746.0,Russian Federation,10060.0,13.5,6%,36 : 64
,,University of Warmia and Mazury in Olsztyn,,,,,,,,,,,,,,,,,,,,,,,,,,1501+,9.7–22.7,18980.0,16.9,1634.0,13.5,1260.0,35.3,1317.0,21.8,1450.0,23.3,1767.0,Poland,16899.0,17.5,3%,60:40:00
,,University of West Attica,,,,,,,,,,,,,,,,,,,,,,,,,,1501+,9.7–22.7,18990.0,10.0,1901.0,9.7,1692.0,34.7,1332.0,22.8,1411.0,24.9,1711.0,Greece,37470.0,37.9,0%,50:50:00
,,Yanshan University,,,,,,,,,,,,,,,,,,,,,,,,,,1501+,9.7–22.7,19000.0,19.5,1427.0,11.7,1448.0,34.5,1337.0,36.0,1077.0,20.4,1856.0,China,39191.0,13.4,1%,39 : 61
,,Yeditepe University,,,,,,,,,,,,,,,,,,,,,,,,,,1501+,9.7–22.7,19010.0,22.0,1234.0,12.4,1372.0,17.6,1719.0,59.3,657.0,38.8,1160.0,Turkey,17378.0,27.5,6%,55:45:00
,,Yerevan State University,,,,,,,,,,,,,,,,,,,,,,,,,,1501+,9.7–22.7,19020.0,23.9,1087.0,8.6,1849.0,26.8,1521.0,16.4,1821.0,38.1,1193.0,Armenia,13838.0,8.0,2%,53:47:00
,,Yogyakarta State University,,,,,,,,,,,,,,,,,,,,,,,,,,1501+,9.7–22.7,19030.0,16.9,1635.0,10.5,1595.0,28.8,1478.0,23.1,1399.0,30.6,1477.0,Indonesia,24073.0,16.3,1%,61:39:00
,,Zonguldak Bülent Ecevit University,,,,,,,,,,,,,,,,,,,,,,,,,,1501+,9.7–22.7,19040.0,12.5,1863.0,11.2,1507.0,21.6,1646.0,48.1,842.0,26.4,1650.0,Turkey,29329.0,22.4,8%,57:43:00
