Rank,University,Country,Academic Reputation Score,Employer Reputation Score,Faculty Student Score,Citations per Faculty Score,International Faculty Score,International Students Score,International Research Network Score,Employment Outcomes Score,Sustainability Score,Overall Score,Source,Teaching Score,Research Score,Citations Score,Industry Income Score,International Outlook Score,Student Staff Ratio,International Students %
1,Massachusetts Institute of Technology (MIT) ,United States,100,100,100,100,100,88.2,94.3,100,95.2,100,QS,,,,,,,
2,University of Cambridge,United Kingdom,100,100,100,92.3,100,95.8,99.9,100,97.3,99.2,QS,,,,,,,
3,University of Oxford,United Kingdom,100,100,100,90.6,98.2,98.2,100,100,97.8,98.9,QS,,,,,,,
4,Harvard University,United States,100,100,98.3,100,84.6,66.8,100,100,96.7,98.3,QS,,,,,,,
5,Stanford University,United States,100,100,100,99.9,99.9,51.2,95.8,100,94.4,98.1,QS,,,,,,,
6,Imperial College London,United Kingdom,98.3,99.4,98.5,94,100,100,96.7,83,94.4,97.8,QS,,,,,,,
7,ETH Zurich - Swiss Federal Institute of Technology,Switzerland,98.8,83.6,72.1,98.9,100,98.5,96,79.1,88.4,93.3,QS,,,,,,,
8,National University of Singapore (NUS),Singapore,99.4,88.6,76.5,93.2,100,81.9,76.3,100,88.1,92.7,QS,,,,,,,
9,UCL,United Kingdom,99.5,97.9,98.4,74.3,99.1,100,100,51.6,92.5,92.4,QS,,,,,,,
10,"University of California, Berkeley (UCB)",United States,100,100,20.5,99.9,92.2,63.9,92.4,98.7,100,90.4,QS,,,,,,,
11,University of Chicago,United States,99.1,95.4,92.5,78.5,81.2,84.4,61.4,98.3,81.7,90.3,QS,,,,,,,
12,University of Pennsylvania,United States,96.4,89.1,99.9,68.4,96,70.3,83.3,100,99.9,89.4,QS,,,,,,,
13,Cornell University,United States,98.1,90.5,52.9,99.1,68.7,64,79.9,98,94.7,89.3,QS,,,,,,,
14,The University of Melbourne,Australia,98.4,92.3,15.4,92.1,92.9,99.7,97.2,93.3,90.4,87.9,QS,,,,,,,
15,California Institute of Technology (Caltech),United States,96.1,93.7,100,100,100,81,22.8,34.2,41.4,87.8,QS,,,,,,,
16,Yale University,United States,99.9,99.9,100,45.8,89.8,78.8,85.8,99.9,99.2,87.7,QS,,,,,,,
17,Peking University,China (Mainland),99.4,95.4,90.4,97.5,50.8,23.5,43.2,82.6,68.8,87,QS,,,,,,,
17,Princeton University,United States,99.8,97.5,64.5,100,16.7,57.5,52.5,94.6,79.3,87,QS,,,,,,,
19,The University of New South Wales (UNSW Sydney),Australia,89.7,88.1,18.2,95.9,100,99.1,99,95.5,99.6,86.7,QS,,,,,,,
19,The University of Sydney,Australia,96,87.7,11.8,93.5,99.5,100,91.9,88.1,99.7,86.7,QS,,,,,,,
21,University of Toronto,Canada,99.7,96,54.2,57.2,95.7,96.4,95.5,96.4,99.9,86.3,QS,,,,,,,
22,The University of Edinburgh,United Kingdom,98.1,96.9,72.4,58.7,98.8,99.9,99.6,48.1,99.7,86.1,QS,,,,,,,
23,Columbia University,United States,99.6,98.3,100,40.7,56.1,96.8,97.6,99.9,94.2,85.9,QS,,,,,,,
24,Université PSL,France,73.7,97,99.3,95.7,69.2,72.7,100,60.8,80.4,85.8,QS,,,,,,,
25,Tsinghua University,China (Mainland),99.1,96.9,93.9,98.9,9.4,15.7,47.8,82.2,55.8,84.9,QS,,,,,,,
26,"Nanyang Technological University, Singapore (NTU)",Singapore,91,67.1,77.6,94.4,100,80.2,66.1,68.4,78.2,84.5,QS,,,,,,,
26,The University of Hong Kong,Hong Kong SAR,97.6,51.4,82.9,82.3,100,99,42.7,99.5,97.3,84.5,QS,,,,,,,
28,Johns Hopkins University,United States,87.3,59.7,100,89.4,64.4,91.4,98.1,74.5,84.6,84.5,QS,,,,,,,
28,The University of Tokyo,Japan,100,99.8,90.4,70,10.3,29.2,70,99.8,99.7,84.3,QS,,,,,,,
29,"University of California, Los Angeles (UCLA)",United States,100,99.8,36.6,84.8,43.4,24.8,89.8,97,91.2,83.8,QS,,,,,,,
30,McGill University,Canada,93.7,87.6,64,62.1,88.9,93.3,86.2,92.5,94.2,83.7,QS,,,,,,,
32,The University of Manchester,United Kingdom,95.4,98,53.8,49.1,93.5,99.4,99.7,71.9,92.3,82.2,QS,,,,,,,
33,University of Michigan-Ann Arbor,United States,98.3,89.9,82.2,56.2,67,27.6,95.4,94.3,83.7,81.7,QS,,,,,,,
34,The Australian National University,Australia,93.2,70.2,34.9,92.8,100,93.3,78.5,43.9,87.4,81.5,QS,,,,,,,
34,University of British Columbia,Canada,98.2,93.5,44.4,57,96.4,74.1,96.3,60.1,99.9,81.5,QS,,,,,,,
36,EPFL,Switzerland,84.6,59.9,92.4,98,100,100,65.6,19.4,42.3,80.4,QS,,,,,,,
37,Technical University of Munich,Germany,83.9,98.2,88.8,59.6,76.5,97.3,86.7,25,84.8,80,QS,,,,,,,
38,Institut Polytechnique de Paris,France,44.8,99.6,97.3,93.8,98.5,98.3,76.9,90.3,72.5,79.5,QS,,,,,,,
38,New York University (NYU),United States,95.9,98.5,95.5,26.7,26.4,95,85.4,99.7,98.3,79.5,QS,,,,,,,
40,King's College London,United Kingdom,89.5,82.3,64.6,61.1,98.8,100,99.2,34.4,81.1,79.3,QS,,,,,,,
41,Seoul National University,South Korea,99,98.2,85.1,64.9,11.5,14.5,36.9,100,73.8,78.5,QS,,,,,,,
42,Monash University,Australia,88.4,75.2,9.6,88.4,100,100,86.8,61,71.8,78.2,QS,,,,,,,
43,The University of Queensland,Australia,87.1,73.7,21.6,87,100,100,95,44.4,73.1,78.1,QS,,,,,,,
44,Zhejiang University,China (Mainland),73.8,95.7,66.5,97.6,97.7,26.5,74.7,37.7,51.5,77.8,QS,,,,,,,
45,The London School of Economics and Political Science (LSE),United Kingdom,67.7,96.1,39.6,80.2,100,100,32.4,98.6,97.8,76.9,QS,,,,,,,
46,Kyoto University,Japan,98.7,99.1,94.7,49.3,14.9,20.8,57.3,53.2,88.4,76.3,QS,,,,,,,
47,Delft University of Technology,Netherlands,73,79,36.9,84.9,100,89.3,91.4,42.1,98.4,76.2,QS,,,,,,,
47,Northwestern University,United States,83.8,60.2,98.9,70.3,48.2,44.2,79.2,97.7,78,76.2,QS,,,,,,,
47,The Chinese University of Hong Kong (CUHK),Hong Kong SAR,88.4,46.3,60,92.3,100,77.1,32.7,78.6,61.3,76.2,QS,,,,,,,
50,Fudan University,China (Mainland),84.7,89.8,84.5,72.4,88.3,33,22.7,49.6,43.8,74.4,QS,,,,,,,
51,Shanghai Jiao Tong University,China (Mainland),83.7,83.3,54.7,99.4,39.2,35.5,38.3,55.5,44.1,74.3,QS,,,,,,,
52,Carnegie Mellon University,United States,71.2,75.3,49.1,99.9,46.6,98.2,57.4,60,47.2,73.7,QS,,,,,,,
53,University of Amsterdam,Netherlands,83.6,44.2,21.2,98.1,92.4,79.9,97.4,49.9,64.8,73.4,QS,,,,,,,
54,Ludwig-Maximilians-Universität München,Germany,92.7,83.5,46.7,51.4,73.3,37.7,94.4,48.5,77.3,72.5,QS,,,,,,,
55,University of Bristol,United Kingdom,74.9,84.7,47.3,64.7,85.5,86.8,84.4,39.6,81.3,72.4,QS,,,,,,,
56,KAIST - Korea Advanced Institute of Science & Technology,South Korea,89.9,88.8,66.2,97.7,22.3,11.6,10.6,41.8,14.2,72.2,QS,,,,,,,
57,Duke University,United States,85.7,69.3,100,40.2,16.8,52.2,90,89.3,95,72,QS,,,,,,,
58,University of Texas at Austin,United States,93.5,83.2,8.9,86.7,9.3,11,79.4,70,77.7,71.8,QS,,,,,,,
59,Sorbonne University,France,88.6,53.2,43.3,85.4,35.2,49.8,100,39.5,75.8,71.7,QS,,,,,,,
60,The Hong Kong University of Science and Technology,Hong Kong SAR,83.3,42.6,53.6,99.1,100,91.4,5.3,50.3,31,71.1,QS,,,,,,,
61,KU Leuven,Belgium,84.6,42.4,7,92.7,93.1,45.7,99.9,56.1,75.6,70.1,QS,,,,,,,
62,"University of California, San Diego (UCSD)",United States,89.1,50.4,49.6,74.3,68.1,51.3,94.9,17.7,72.5,70,QS,,,,,,,
63,University of Washington,United States,84,50.4,19.1,93.5,19,33.2,94,70,88.1,69.2,QS,,,,,,,
64,University of Illinois at Urbana-Champaign,United States,85,70.8,7.5,86.5,11.1,49.2,76.4,66,83.5,69.1,QS,,,,,,,
65,The Hong Kong Polytechnic University,Hong Kong SAR,68.1,30.2,68,88.8,100,87.4,42,49.2,92.8,68.7,QS,,,,,,,
65,Universiti Malaya (UM),Malaysia,81.2,96,71.6,32.7,52.8,58.9,79.3,28.1,93.4,68.7,QS,,,,,,,
67,The University of Warwick,United Kingdom,71.3,88,37.3,49,98.2,99.3,89.7,47.2,62.5,68.6,QS,,,,,,,
68,The University of Auckland,New Zealand,81.6,40.8,19.3,61.7,100,91.6,64.4,94.3,99.6,68,QS,,,,,,,
69,National Taiwan University (NTU),Taiwan,92.8,91.3,30.9,47,17.7,20,33.2,99.7,95.6,67.9,QS,,,,,,,
70,City University of Hong Kong,Hong Kong SAR,59.6,27.3,86.6,99.9,100,100,17.4,29.5,82.1,67.7,QS,,,,,,,
71,Université Paris-Saclay,France,58.9,99.1,99.8,45.8,39.1,60.8,98.7,34.3,73.6,67.6,QS,,,,,,,
72,The University of Western Australia,Australia,56.2,44.6,16.5,98.9,100,99.8,90,66,70.1,66.9,QS,,,,,,,
73,Brown University,United States,58.3,42.4,77.8,85.9,84.5,52,58.3,74.8,70.4,66.4,QS,,,,,,,
73,KTH Royal Institute of Technology ,Sweden,45.7,51.1,66.2,90.2,93.2,68.1,80.7,56.9,96.1,66.4,QS,,,,,,,
75,University of Leeds,United Kingdom,70.3,76.7,37.3,42.3,85.2,90,98.7,37.8,90.9,65.5,QS,,,,,,,
76,University of Glasgow,United Kingdom,76.3,70.7,41.7,31.8,96,99.5,90,26.7,99.5,65.2,QS,,,,,,,
76,Yonsei University,South Korea,80,96.3,87.4,36.2,19.6,49.7,25,70.9,38.1,65.2,QS,,,,,,,
78,Durham University,United Kingdom,59.5,89.3,27.8,53.3,97.5,86.9,86.2,29.2,97.6,65.1,QS,,,,,,,
79,Korea University,South Korea,82.2,94,81,36.6,13.6,36.3,19.6,70.6,58.6,64.7,QS,,,,,,,
80,Osaka University,Japan,81.3,89.1,55.3,62.7,28.6,13.2,26.7,23.4,58.6,63.9,QS,,,,,,,
81,"Trinity College Dublin, The University of Dublin",Ireland,69.3,39.8,23.7,64.1,99.8,92.5,82.2,70.6,75.6,63.5,QS,,,,,,,
81,University of Southampton,United Kingdom,51.5,51.2,52.8,71.4,96.1,97.4,97,32.5,82.7,63.5,QS,,,,,,,
83,Pennsylvania State University,United States,77.5,63,28.4,62.9,23.4,26.8,96.6,47.5,95.1,63.1,QS,,,,,,,
84,University of Birmingham,United Kingdom,67.5,75.7,41.3,38.2,92.3,83.9,96,29.5,80.4,63,QS,,,,,,,
85,Lund University,Sweden,69.3,47.5,50.2,37.7,98.8,77.4,95.2,66,99.1,62.8,QS,,,,,,,
85,Universidade de São Paulo,Brazil,92.4,82.9,19.2,29.9,6,2.3,90.9,89.7,96.1,62.8,QS,,,,,,,
87,Lomonosov Moscow State University,Russia,81.2,78.3,99.8,4.6,20.3,92.3,85.2,82.2,13.4,62.2,QS,,,,,,,
87,Ruprecht-Karls-Universität Heidelberg,Germany,78.3,52,99.7,38.2,52.5,50.4,89.7,19.8,42.6,62.2,QS,,,,,,,
89,The University of Adelaide,Australia,54.2,36.5,16.2,87.1,100,99.6,78.8,38.4,96.3,62,QS,,,,,,,
90,University of Technology Sydney,Australia,43.4,57.8,9,95.3,96.6,93.6,79.7,30.1,93.1,61.8,QS,,,,,,,
91,Tokyo Institute of Technology (Tokyo Tech),Japan,74.4,94.8,84.4,53,31.8,31.7,8.9,19.7,18,61.6,QS,,,,,,,
91,University of Zurich,Switzerland,59.1,27.6,89.9,52,100,53,87.2,75.2,80.2,61.6,QS,,,,,,,
93,Boston University,United States,61.7,68.3,32.7,60.1,21.6,87.5,72.6,68.6,85.9,61.4,QS,,,,,,,
93,Universidad Nacional Autónoma de México (UNAM),Mexico,96.6,98.2,39.8,2.7,8.3,2.5,84.5,68.4,88.5,61.4,QS,,,,,,,
95,Universidad de Buenos Aires (UBA),Argentina,93.3,98,73.5,1.7,62.6,66.7,28.1,26.2,18.8,61,QS,,,,,,,
95,University of St Andrews,United Kingdom,47.3,67.2,64.9,57.7,98.7,100,51.1,22.4,92.1,61,QS,,,,,,,
97,Georgia Institute of Technology,United States,67.4,85.1,15.3,67.1,38.8,65.4,33.2,41.7,70.4,60.9,QS,,,,,,,
98,Freie Universitaet Berlin,Germany,80.8,51,4.4,71.4,62.8,43.6,84.9,21.9,60.1,60.8,QS,,,,,,,
99,Purdue University,United States,63.9,81.2,10.3,68.4,41.5,45.8,75.4,53.4,67.4,60.7,QS,,,,,,,
100,Pohang University of Science And Technology (POSTECH),South Korea,51.6,75.9,99.9,98.3,33.8,2.6,1.3,13.4,16.9,60.4,QS,,,,,,,
100,University of Nottingham,United Kingdom,60.7,72.1,32.2,46.5,90,75.2,98.4,24.4,80,60.4,QS,,,,,,,
102,University of Wisconsin-Madison,United States,80.2,47.8,61.3,37.4,30.9,22.8,83.6,73.1,83.7,60,QS,,,,,,,
103,Pontificia Universidad Católica de Chile (UC),Chile,92.9,99.5,20.6,11.6,16.4,3.5,56.8,76.3,91.3,59.9,QS,,,,,,,
104,The University of Sheffield,United Kingdom,58.7,52.3,54.7,46.9,84,97.5,96.1,24.9,76.3,59.7,QS,,,,,,,
105,Uppsala University,Sweden,62.7,30.5,47.7,45.6,98.3,82.4,95.5,58.2,99.4,59.4,QS,,,,,,,
106,RWTH Aachen University,Germany,49.7,93,5.5,78.7,49,83,63.5,23.9,53.4,59.3,QS,,,,,,,
107,University of Copenhagen,Denmark,74.1,25.8,100,21.2,91.4,22.5,98.2,60.1,87.4,58.8,QS,,,,,,,
107,Utrecht University,Netherlands,66.6,31.6,32.6,80.8,57.1,21.2,95,26.5,83.5,58.8,QS,,,,,,,
109,Aalto University,Finland,44.6,41.8,40.2,79.4,95.5,37.7,56.2,88.9,95,58.7,QS,,,,,,,
110,Newcastle University,United Kingdom,48,74.5,35.6,50.2,90,70.9,96.1,24.1,98.8,58.6,QS,,,,,,,
111,University of Alberta,Canada,56.8,36.5,42.8,59.1,97.9,73.2,92.1,46,76.1,58.3,QS,,,,,,,
112,University of Waterloo,Canada,40.7,66.7,6.8,82.9,76.8,77.9,55.4,55.9,97.1,58.1,QS,,,,,,,
113,Tohoku University,Japan,72.4,84.2,98.5,29.6,14.2,13.8,27.6,17.2,74.8,58,QS,,,,,,,
114,Western University,Canada,32.1,47.4,3.7,98.3,99.7,54.6,56.4,93.3,99.6,57.4,QS,,,,,,,
115,University of Helsinki,Finland,65.1,32.3,63.4,49.8,71.5,5.4,96,65.7,82.7,57.2,QS,,,,,,,
116,University of Southern California,United States,52.5,47.6,21.7,68,31.8,73.5,62.8,93.1,98.9,57.1,QS,,,,,,,
117,University of Oslo,Norway,55.8,11.2,81.7,64.2,86.1,25.4,95.9,41.8,91.8,56.9,QS,,,,,,,
118,Stockholm University,Sweden,54.1,15.2,28.2,71.9,81.5,84.1,95.3,76.2,75.1,56.8,QS,,,,,,,
119,"KIT, Karlsruhe Institute of Technology",Germany,45.6,76.8,36,71.9,70.4,46.7,76,38.7,23.9,56.4,QS,,,,,,,
120,Humboldt-Universität zu Berlin,Germany,90.2,65.9,7.6,31.3,68.1,31.5,86,14.4,37.5,56.3,QS,,,,,,,
121,Technical University of Denmark,Denmark,32.5,16.3,99.8,83.4,100,82,71.6,28.9,54.9,56.2,QS,,,,,,,
122,Lancaster University,United Kingdom,39.7,40.2,25.2,79.3,93.6,90.6,75.3,20.7,98,55.7,QS,,,,,,,
123,Politecnico di Milano,Italy,69.3,71.2,5.2,48.3,63.8,56.6,75.1,36.9,29.4,55.2,QS,,,,,,,
124,Eindhoven University of Technology,Netherlands,29.3,76.2,40.4,89.7,100,70.8,40.1,19.7,18,55,QS,,,,,,,
124,University of Basel,Switzerland,27.8,17.8,57.4,96.5,100,85,74.4,41.1,70.4,55,QS,,,,,,,
126,Leiden University,Netherlands,69.1,26.8,20.2,62.7,85.5,50.2,93.7,26.9,46,54.8,QS,,,,,,,
126,University of Bern,Switzerland,30.5,24.4,54.6,99.2,100,36.9,89.1,26.1,73.6,54.8,QS,,,,,,,
128,University of Geneva,Switzerland,45.1,14.1,42,75.4,100,96.3,87.3,31,63.1,54.2,QS,,,,,,,
129,Chalmers University of Technology,Sweden,26.6,51.5,51.1,80.9,100,67.4,52.2,28.7,82.9,54,QS,,,,,,,
130,Macquarie University,Australia,31.6,41,10.3,81.3,98.6,93.6,81.4,43.2,91.8,53.7,QS,,,,,,,
130,University of Vienna,Austria,70.8,42.5,22,14.5,99.3,88.1,93.5,56.8,74.1,53.7,QS,,,,,,,
132,"University of California, Davis",United States,63.9,44.7,30.4,40.7,70.3,49.3,77.8,19,98.9,53.2,QS,,,,,,,
132,"University of North Carolina, Chapel Hill",United States,63,33.9,72.9,42.5,24.7,10.1,82.2,47.9,96.8,53.2,QS,,,,,,,
134,Sapienza University of Rome,Italy,79.2,41,4.6,44.9,3,10.8,96.9,59.8,92,52.9,QS,,,,,,,
134,Texas A&M University,United States,62,59.6,4.5,68.4,23.1,13.3,88.4,30.1,61.3,52.9,QS,,,,,,,
136,Michigan State University,United States,59.9,49.4,11.3,58,58.6,12.8,95.6,45.5,71.2,52.7,QS,,,,,,,
137,Universiti Sains Malaysia (USM),Malaysia,61.4,74.7,55.2,16.2,24.9,88.9,59.6,18.2,85.5,52.6,QS,,,,,,,
137,University of Science and Technology of China,China (Mainland),52.5,17.5,91.2,98.5,16.8,5.2,32.2,24.8,21.6,52.6,QS,,,,,,,
139,University of Groningen,Netherlands,52.9,29.9,51.4,42.9,93.5,85.6,92.1,22.3,67.7,52.5,QS,,,,,,,
140,RMIT University,Australia,38.6,49.6,5.4,68.6,100,92.8,57.3,28.8,96.2,52.4,QS,,,,,,,
141,Nanjing University,China (Mainland),59.6,25.4,31.3,96.9,55.1,7.3,26.4,23.7,39,52.1,QS,,,,,,,
141,Université de Montréal ,Canada,56.6,34.5,77,24.9,88.4,52.2,65.2,36,95.5,52.1,QS,,,,,,,
143,Aarhus University,Denmark,55.8,24.7,32.5,54.1,90.3,13.1,94.8,45.1,98.4,52,QS,,,,,,,
143,King Abdulaziz University (KAU),Saudi Arabia,54.5,61.6,52.5,37.5,97.5,23.1,84.4,17.3,43.5,52,QS,,,,,,,
145,Queen Mary University of London,United Kingdom,48.8,32.8,38.7,50.7,99.7,99.4,72.8,16.8,69.9,51.9,QS,,,,,,,
145,Rice University,United States,38.7,22.9,65.9,82.5,91,94.8,9.8,30,42.6,51.9,QS,,,,,,,
145,Sungkyunkwan University(SKKU),South Korea,64.2,71.6,81.8,37.9,17.8,34,9.8,26.8,27.6,51.9,QS,,,,,,,
148,University of Bath,United Kingdom,35.6,74.3,16.1,61.9,96.3,81.6,59.3,26.5,48.4,51.8,QS,,,,,,,
149,Indian Institute of Technology Bombay (IITB),India,55.5,81.9,18.9,73.1,4.7,1.4,8.5,47.4,54.9,51.7,QS,,,,,,,
149,Universitat Autònoma de Barcelona,Spain,63.2,39,10.6,70.6,18,17.4,84.2,13.7,94.6,51.7,QS,,,,,,,
151,The Ohio State University,United States,59.4,55.8,53.8,30.8,49.7,16.5,85,35.2,78.4,51.3,QS,,,,,,,
151,Wageningen University & Research,Netherlands,43.3,19,97.9,46,55,78.5,97.8,19,71.5,51.3,QS,,,,,,,
153,The University of Exeter,United Kingdom,43,51.1,27.4,43.3,91.6,76.2,89.8,19.7,94.8,50.9,QS,,,,,,,
154,Alma Mater Studiorum - University of Bologna,Italy,79.6,40,3.4,49.5,8,10.9,91,34.8,56.5,50.5,QS,,,,,,,
154,Cardiff University,United Kingdom,46.5,48.3,33.7,39.6,84,70.6,81.6,18.9,97.9,50.5,QS,,,,,,,
154,Technische Universität Berlin (TU Berlin),Germany,56.2,69.3,53,24.9,51.3,68.8,55,25.4,52.1,50.5,QS,,,,,,,
154,Washington University in St. Louis,United States,38.6,10.4,99.8,50.7,84.3,68,60.5,33.7,91.4,50.5,QS,,,,,,,
158,Universiti Putra Malaysia (UPM),Malaysia,58.8,67.5,67.6,22.7,44.3,97.3,45.4,9.7,23.2,50.4,QS,,,,,,,
159,Ghent University,Belgium,53.4,25.2,78.9,25.1,79.6,21.2,99.8,52,91.3,50.2,QS,,,,,,,
159,Universidad de Chile,Chile,81.5,96.6,9.7,12.5,9,5,48.6,50.4,36.3,50.2,QS,,,,,,,
159,Universiti Kebangsaan Malaysia (UKM),Malaysia,59.7,70.1,87.5,11.7,52.7,61.1,56.7,11.2,24.4,50.2,QS,,,,,,,
162,University of Wollongong,Australia,29.7,25.1,16.3,93.8,95.6,56,72.7,17.1,92.3,50.1,QS,,,,,,,
163,"University of California, Santa Barbara (UCSB)",United States,54.8,19,9.5,96.9,70.4,21.6,43.5,10.4,55.8,50,QS,,,,,,,
164,Hanyang University,South Korea,49,81.3,83.5,23.3,16.9,54.3,15.6,24.8,77.7,49.7,QS,,,,,,,
164,Kyushu University,Japan,57.4,70,85.7,23.9,14.7,25.6,32.8,15.4,77.7,49.7,QS,,,,,,,
164,Universitat de Barcelona,Spain,73.2,23,13.1,41.8,21.8,28.5,97.8,39.8,98.1,49.7,QS,,,,,,,
167,University of York,United Kingdom,43.5,35.3,45,40.3,88.3,78.2,79.2,19.8,97.8,49.4,QS,,,,,,,
168,University of Florida,United States,48,58.7,71.3,26.6,18.8,10.8,97.7,39,95.7,49.1,QS,,,,,,,
169,"University of Maryland, College Park",United States,49.2,26.1,35.1,68.4,31.6,14,85.5,41.6,81.7,48.9,QS,,,,,,,
169,University of Reading,United Kingdom,33.2,39.3,16.1,67.4,88.4,81,77.8,32.3,72.5,48.9,QS,,,,,,,
171,Complutense University of Madrid,Spain,68.2,69.3,25.8,7,9,25.6,83.4,57.9,96.3,48.8,QS,,,,,,,
171,University College Dublin,Ireland,49.8,41.3,20.7,38.9,98.8,60.8,50.5,69,70.1,48.8,QS,,,,,,,
173,Qatar University,Qatar,27.1,43.9,64.8,38.8,100,96.8,59.8,95.8,35.5,48.7,QS,,,,,,,
173,"The University of Newcastle, Australia (UON)",Australia,29.3,26.9,36.5,91.4,100,17.3,49.2,12.5,93.2,48.7,QS,,,,,,,
173,University of Cape Town,South Africa,44.4,51,12.6,45.7,59.9,21.2,95.4,88.9,75.1,48.7,QS,,,,,,,
176,Erasmus University Rotterdam ,Netherlands,37.3,50.9,22.5,53.4,83,60.1,71.6,63.7,49.4,48.5,QS,,,,,,,
176,Nagoya University,Japan,61.5,65.1,87.5,33,15.4,19.1,17.6,16.6,24.1,48.5,QS,,,,,,,
176,University of Liverpool,United Kingdom,44.4,35,39.7,37.9,87.8,79,97.2,25.6,72,48.5,QS,,,,,,,
179,Arizona State University,United States,46.7,36.7,6.8,61.5,64.5,30.1,87.9,26.6,97.3,48.1,QS,,,,,,,
180,King Fahd University of Petroleum & Minerals,Saudi Arabia,32.9,36.5,82.8,65.8,100,31.8,25.7,38.9,20.9,48,QS,,,,,,,
180,Université catholique de Louvain (UCLouvain),Belgium,49.1,30.8,4.4,60.2,89.4,39.3,83.2,51.7,54.6,48,QS,,,,,,,
182,University of Calgary,Canada,37.7,61.2,19.9,41.5,82.8,62,62.3,38.6,91.5,47.9,QS,,,,,,,
183,Curtin University,Australia,32.4,31.8,14.3,86.2,100,26.4,84.9,25.7,50.6,47.8,QS,,,,,,,
184,École Normale Supérieure de Lyon,France,30.5,14.4,95.7,98.4,70.8,14.6,34.3,10,5.9,47.6,QS,,,,,,,
184,Technische Universität Wien,Austria,32.9,44.4,13.1,85.7,79.3,89,45.1,13.2,19,47.6,QS,,,,,,,
184,Tecnológico de Monterrey,Mexico,51.3,96.8,63.5,2.3,32.7,11.7,13.5,88.3,65.7,47.6,QS,,,,,,,
187,University of Gothenburg,Sweden,36.2,16.9,56.3,39.4,90.6,80.8,86.4,46.3,97.6,47.3,QS,,,,,,,
188,Universiti Teknologi Malaysia ,Malaysia,46.6,63.8,42.5,33.9,16,85.2,58.6,13.6,66.8,46.9,QS,,,,,,,
189,McMaster University,Canada,40.5,38.2,75.1,29,99.3,59.5,40.2,37.2,70.1,46.8,QS,,,,,,,
189,Queensland University of Technology (QUT),Australia,40.9,37.6,7.4,64.9,96,26.4,68.8,16.8,90.6,46.8,QS,,,,,,,
189,Universite libre de Bruxelles,Belgium,34.4,38.9,3.3,63.3,97.1,85,69.1,35.7,60.4,46.8,QS,,,,,,,
192,Albert-Ludwigs-Universitaet Freiburg,Germany,46.1,19.8,29.1,63.3,68.8,36.3,82.7,25.3,68.2,46.7,QS,,,,,,,
192,Ecole des Ponts ParisTech,France,8.3,57.9,98.2,80.7,34.6,96.8,5.6,30,19.2,46.7,QS,,,,,,,
194,Wuhan University,China (Mainland),40.9,44,12.8,87.4,40.7,5,48.4,35,44.4,46.6,QS,,,,,,,
195,University of Minnesota Twin Cities,United States,59,30.2,30.6,46.4,5.5,9.1,86.1,41.9,88.5,46.4,QS,,,,,,,
196,Hokkaido University,Japan,57.3,66,75.8,27.8,17.5,14.4,38.1,12.9,30.7,46.2,QS,,,,,,,
197,Indian Institute of Technology Delhi (IITD),India,51.2,75.9,22,64.3,2.4,1.4,6.6,32.8,37.5,46.1,QS,,,,,,,
198,Universidad de los Andes,Colombia,65.4,95.7,17.6,5.9,26.4,2,11.1,96.2,40.2,46,QS,,,,,,,
199,Emory University,United States,25.6,16.4,97.7,69.7,37.3,31.1,57,23.6,85.7,45.9,QS,,,,,,,
199,Universidad Autónoma de Madrid,Spain,60.4,57.7,34.5,25.1,7.8,12,80.4,19.6,88.8,45.9,QS,,,,,,,
199,Waseda University,Japan,60.2,97.3,23.7,4.3,27.6,28.6,17.5,65.6,56.5,45.9,QS,,,,,,,
202,Queen's University Belfast,United Kingdom,33.6,30.3,27.5,43.5,100,98.9,84.1,14.3,91,45.8,QS,,,,,,,
203,King Saud University,Saudi Arabia,36.9,21.3,64.2,32.2,99.7,21.3,88.6,71.7,75.8,45.2,QS,,,,,,,
203,University of Ottawa,Canada,26.5,29.7,3.8,79.1,85.9,75.9,85.8,24.3,54.6,45.2,QS,,,,,,,
205,Universität Hamburg,Germany,51,28.7,16.9,60,41.6,22.3,87.2,26.8,52.8,45.1,QS,,,,,,,
206,University of Otago,New Zealand,46.3,27.1,11,51,100,29.2,38.1,44.7,98.1,45,QS,,,,,,,
207,Vrije Universiteit Amsterdam,Netherlands,39.6,15.7,23.6,68.1,68.5,40.2,70.1,20.2,89.1,44.9,QS,,,,,,,
208,University of Aberdeen,United Kingdom,29.6,32.5,29.6,42.1,95.8,96.7,73.3,20.5,98.1,44.6,QS,,,,,,,
209,Queen's University at Kingston,Canada,40.5,56.7,5.3,45.1,70.1,30.6,22.5,71.5,85.4,44.5,QS,,,,,,,
210,University of Twente,Netherlands,20.6,38.3,39.4,65.3,99.3,91.1,67.6,12.6,33.2,44.4,QS,,,,,,,
211,Chulalongkorn University,Thailand,66.6,50.1,31.5,7,15,2.9,49.4,87.2,85.9,44.3,QS,,,,,,,
212,Loughborough University,United Kingdom,30.5,66.8,23.6,34.6,87.3,63.5,77.1,18.8,63.4,44.2,QS,,,,,,,
213,Eberhard Karls Universität Tübingen,Germany,45.8,29.9,92.9,19.7,67.6,26.7,89.9,21.1,42.3,44.1,QS,,,,,,,
214,Keio University,Japan,51.4,93.5,58,6,9.6,9.2,9.2,79.8,39.3,44,QS,,,,,,,
215,Tel Aviv University,Israel,33.2,23.6,3.8,99.9,40.4,4.6,39.5,72.9,38.4,43.9,QS,,,,,,,
216,Tongji University,China (Mainland),34.4,13.1,28.8,91.8,56.7,32.6,21.3,18,65.4,43.5,QS,,,,,,,
217,National Yang Ming Chiao Tung University,Taiwan,33.3,67.9,53.9,52.1,19,18.5,4.4,44.6,54.3,43.3,QS,,,,,,,
218,University of Sussex,United Kingdom,22.9,8.9,14.6,70.9,96.1,93,62.9,30.6,97.2,43.1,QS,,,,,,,
219,Università di Padova,Italy,57.3,22,7.8,51.8,12.9,9.4,91.3,13.8,95,43,QS,,,,,,,
220,Universidade Estadual de Campinas (Unicamp),Brazil,70.3,50.1,13,24.9,11.7,2.9,53.7,9.6,74.8,42.7,QS,,,,,,,
220,University of Lausanne,Switzerland,29.4,15.1,36.6,65.1,99.9,56.6,48,27.9,61.6,42.7,QS,,,,,,,
222,Radboud University ,Netherlands,28.9,13.9,27.6,74.9,78.3,20.2,78.8,15.7,82.7,42.5,QS,,,,,,,
222,University of Pittsburgh,United States,37.9,15.2,96.1,38.7,7,14.9,81.1,33.1,90.5,42.5,QS,,,,,,,
224,University of Rochester,United States,22.1,18.4,97.9,51.6,71.4,91.7,31.3,26.6,33.2,42.4,QS,,,,,,,
225,Indian Institute of Science,India,41.5,20,46.4,100,4.8,1.7,4.4,13.8,10.7,42.1,QS,,,,,,,
226,American University of Beirut (AUB),Lebanon,27.6,41.6,57.3,24.2,67.8,46.8,35.6,88.5,93.2,41.9,QS,,,,,,,
226,Universidad Nacional de Colombia,Colombia,69.5,96.8,6.1,3.5,6.4,1.5,13.3,29.9,49.7,41.9,QS,,,,,,,
228,National Cheng Kung University (NCKU),Taiwan,49.4,75.6,32.9,21.2,23.7,15.7,10.9,30.2,78.2,41.8,QS,,,,,,,
229,Friedrich-Alexander-Universität Erlangen-Nürnberg,Germany,25.2,20.9,2.8,95.8,26.8,39.9,75.1,15.5,69.9,41.7,QS,,,,,,,
230,Al-Farabi Kazakh National University,Kazakhstan,51.4,74.9,98.9,1.4,28.8,34,12,11.5,5.1,41.6,QS,,,,,,,
230,Khalifa University of Science and Technology,United Arab Emirates,19.7,20.4,87.2,48.3,100,75.3,29.6,9,66.5,41.6,QS,,,,,,,
232,University of Göttingen,Germany,47.4,29,70.1,17.7,49.5,22.5,91.8,21.9,55.5,41.4,QS,,,,,,,
233,Deakin University,Australia,29.6,25.8,4.8,67.4,96.7,59.9,51.4,26.2,54.3,41.3,QS,,,,,,,
233,National Tsing Hua University,Taiwan,53.1,67.7,28.3,38.3,16.8,20.1,6.7,15.9,30.5,41.3,QS,,,,,,,
235,Heriot-Watt University,United Kingdom,16.4,21.1,18.6,79.4,100,97.6,40.2,21.3,43.5,41.2,QS,,,,,,,
236,Université de Paris-Cité,France,31.6,5.9,9.2,93.7,19.3,41.5,99.6,11.6,46,41.1,QS,,,,,,,
237,Dartmouth College,United States,21.1,24.2,57.9,78.6,5.3,33.9,6.6,72.1,66.8,40.9,QS,,,,,,,
237,Universitas Indonesia,Indonesia,50.5,73,50.4,2,75.8,4.8,2,58.7,42.3,40.9,QS,,,,,,,
239,Massey University,New Zealand,30.4,16,43.2,22.7,98.2,97.9,65.2,44.9,94.7,40.6,QS,,,,,,,
239,Rheinische Friedrich-Wilhelms-Universität Bonn,Germany,52.4,19.8,58,22.1,41.5,37.5,90.7,25.9,35.2,40.6,QS,,,,,,,
241,Victoria University of Wellington,New Zealand,44.8,25.5,9.1,32.3,99.5,34.6,38.1,47,93.6,40.5,QS,,,,,,,
242,La Trobe University,Australia,22.6,20.2,6.9,77.5,94.4,98.4,45.8,14.3,28.9,40.3,QS,,,,,,,
243,Griffith University,Australia,26.5,16.2,7.5,65.8,100,31.7,72.7,15.5,93.3,40.1,QS,,,,,,,
244,University of Surrey,United Kingdom,20.4,23.4,23.2,56.2,96.8,88.3,71.1,16.8,57.7,39.9,QS,,,,,,,
245,University of Massachusetts Amherst,United States,39.5,11.9,10.7,57.6,71,23.8,52,27.7,93.5,39.8,QS,,,,,,,
246,Technical University of Darmstadt,Germany,21,37.5,6.2,79,62.6,74.6,32.5,33.5,19.9,39.7,QS,,,,,,,
246,Technische Universität Dresden,Germany,37.5,37.7,91.2,14.8,46.2,35.2,87.4,11.2,30.7,39.7,QS,,,,,,,
248,Charles University,Czech Republic,45.5,43.5,34.8,9.4,24.8,51.2,90.9,27.6,83.9,39.6,QS,,,,,,,
248,University of Antwerp,Belgium,23.7,11.8,45.3,49.2,90.9,32.3,90,29.6,80.4,39.6,QS,,,,,,,
250,University of Waikato,New Zealand,18.4,13.2,11.3,75,99.3,73.3,17.5,44.5,79.8,39.5,QS,,,,,,,
251,The Hebrew University of Jerusalem,Israel,34.3,29.1,81.2,22.5,54.7,16,37.1,77.7,50.9,39.3,QS,,,,,,,
252,Politecnico di Torino,Italy,38.5,44.9,2.4,57.9,4.1,46.7,49.9,21.3,57.4,39.2,QS,,,,,,,
253,University of Porto,Portugal,39.8,22.9,11.1,58.1,7.3,18.7,93.8,17.6,77.3,39,QS,,,,,,,
254,University of Macau,Macau SAR,10.6,14.2,12.2,96.9,100,99.3,11.4,41.6,4.3,38.9,QS,,,,,,,
255,Case Western Reserve University,United States,18.4,17.1,83,63.9,38.2,68.3,21,27,34.6,38.8,QS,,,,,,,
256,Harbin Institute of Technology,China (Mainland),28.6,14.9,41.6,98.8,8.6,8.4,23.2,20.3,15.4,38.7,QS,,,,,,,
256,Maastricht University ,Netherlands,23.4,22.3,12.8,62.7,99.5,100,46.5,27,13.7,38.7,QS,,,,,,,
256,University of Canterbury | Te Whare Wānanga o Waitaha,New Zealand,33.8,33.1,10.9,32.8,99.8,35.3,21.9,62.6,97.1,38.7,QS,,,,,,,
259,Vrije Universiteit Brussel (VUB),Belgium,23.1,16.8,75.9,22,93.6,59.2,88.4,31.1,67.4,38.6,QS,,,,,,,
260,University of Virginia,United States,35.6,32,56.9,34.1,7.9,10.8,57.7,68.5,63.1,38.5,QS,,,,,,,
261,Vanderbilt University,United States,25.2,19.8,100,37.2,36.4,34.6,47.1,35.7,51.2,38.4,QS,,,,,,,
262,University of Warsaw ,Poland,48.7,53.4,41.9,6.3,9.8,8.6,62.1,36.7,80,38.1,QS,,,,,,,
263,Gadjah Mada University,Indonesia,51.7,66.5,54.4,1.7,38.5,1.6,2.1,42.6,47.2,38,QS,,,,,,,
264,University of Colorado Boulder,United States,36.9,13.5,33.2,49.4,27.1,5.5,68.6,30.8,96.4,37.9,QS,,,,,,,
264,University of Witwatersrand,South Africa,25.7,43,10.9,27.7,79.9,7.5,92.4,96.7,62.5,37.9,QS,,,,,,,
266,Ulsan National Institute of Science and Technology (UNIST),South Korea,15,11.9,84.1,98.6,41.5,10.9,1.2,8.4,1.8,37.7,QS,,,,,,,
266,University of Lisbon ,Portugal,42.2,21,12.7,35.1,9.3,30.7,97.4,65.8,66.5,37.7,QS,,,,,,,
268,Linköping University,Sweden,19,26.6,34.8,48.8,77.8,30.3,57.9,34.7,87.4,37.5,QS,,,,,,,
268,"University of California, Irvine",United States,37.6,16.6,14.6,50.3,56.9,49.6,65.3,11.4,58.6,37.5,QS,,,,,,,
268,University of Cologne,Germany,36.9,38.5,19.3,31.2,40.5,30.9,80.9,37,57.4,37.5,QS,,,,,,,
271,Indian Institute of Technology Kharagpur (IIT-KGP),India,32.2,43.5,11.8,85.8,3.1,1.3,10.7,21.5,18,37.4,QS,,,,,,,
272,Beijing Normal University ,China (Mainland),38.4,6.8,25.6,86.4,7.1,23.3,22.8,12.2,30.5,37.3,QS,,,,,,,
272,University of Leicester,United Kingdom,21.2,14.2,36.1,45.3,80.8,94.1,75.7,17.8,50.9,37.3,QS,,,,,,,
274,North Carolina State University,United States,27.8,25,8.9,67.3,63,15.3,49.6,20.8,64.5,37.2,QS,,,,,,,
275,Huazhong University of Science and Technology,China (Mainland),22.7,29.2,10,99.3,5.5,3.2,45.4,16.8,27.1,37.1,QS,,,,,,,
276,University of Milan,Italy,51.2,12.7,5.6,47.8,7.5,6.8,59,24.2,92.1,37,QS,,,,,,,
276,University of Strathclyde,United Kingdom,26.3,34.6,17.7,33.7,93.3,67,61.6,24,59.2,37,QS,,,,,,,
278,Indian Institute of Technology Kanpur (IITK),India,34.7,49.3,14.2,75.5,2.1,1.1,3.3,20.6,21.8,36.9,QS,,,,,,,
278,University of Miami,United States,20.1,44.7,76.8,19.2,84.2,22.8,55,37,50.6,36.9,QS,,,,,,,
280,University of Navarra,Spain,29,61.2,56.5,15.1,25.2,74.8,28.9,28.4,45.6,36.8,QS,,,,,,,
281,Bandung Institute of Technology (ITB),Indonesia,41,65.6,65.6,2.5,84.4,2.3,1.2,35.7,21.2,36.6,QS,,,,,,,
281,University of Bergen,Norway,32.7,5.4,67.1,31.2,92.3,14.3,69.3,23.6,57.7,36.6,QS,,,,,,,
283,Stellenbosch University,South Africa,25,39.4,3.1,59.9,20,7.8,92,50.1,44.1,36.5,QS,,,,,,,
284,Taylor's University,Malaysia,24,82.8,63.3,8.5,54.1,98.8,3.8,10.5,2.3,36.2,QS,,,,,,,
285,Indian Institute of Technology Madras (IITM),India,40.1,55.9,26.6,54.7,2.6,1.4,2.7,26,6.5,36.1,QS,,,,,,,
285,Swinburne University of Technology,Australia,13.4,12,11,89.5,97.9,65.5,23.9,10.8,25.8,36.1,QS,,,,,,,
285,The University of Arizona,United States,38.5,18.4,72.5,19.5,11,9.3,88,31,71.5,36.1,QS,,,,,,,
285,Tianjin University,China (Mainland),18.7,8.6,34.7,98.2,24.3,27.4,18.6,24,25.6,36.1,QS,,,,,,,
289,University of Galway,Ireland,26.3,28.2,61.2,13.5,92.3,39.3,45.7,30.7,90.6,36,QS,,,,,,,
290,United Arab Emirates University,United Arab Emirates,28.3,37.8,52.6,13.8,100,38.7,56.5,60.9,16.3,35.9,QS,,,,,,,
291,Xi’an Jiaotong University,China (Mainland),21.4,42.2,17.4,80.9,4.4,4.1,36.8,20.8,34.6,35.8,QS,,,,,,,
292,Norwegian University of Science And Technology,Norway,34,19.4,23.6,27.5,76.1,10.3,88.9,51,65.7,35.7,QS,,,,,,,
292,University College Cork,Ireland,28.4,36.3,29.4,21.6,94.8,47.1,25.1,23.5,96.1,35.7,QS,,,,,,,
294,Université Grenoble Alpes,France,44.5,10.1,7.8,48.8,18.4,34.9,92.6,14.2,40.8,35.6,QS,,,,,,,
295,Hong Kong Baptist University,Hong Kong SAR,19.4,12.6,56,51.9,97.8,100,2.6,15.1,17.2,35.4,QS,,,,,,,
295,University of East Anglia (UEA),United Kingdom,19.2,8.5,16.8,66,68,38.2,64.8,12.7,84.3,35.4,QS,,,,,,,
297,Georgetown University,United States,30.3,34.4,59,18.6,17,39.8,14.4,87.8,66.8,35.3,QS,,,,,,,
298,Dalhousie University,Canada,19.2,18,16,41.8,99,74.7,37.2,21.6,94.4,34.9,QS,,,,,,,
299,Rutgers University–New Brunswick,United States,36.9,24.7,48.7,18.1,18.9,32.8,59.7,20.7,95.9,34.8,QS,,,,,,,
300,UCSI University,Malaysia,22.5,58.4,72.6,3.2,83.7,98,1.3,15.8,24.6,34.7,QS,,,,,,,
301,Southern University of Science and Technology,China (Mainland),9.1,2.1,94.6,95,37.2,1.5,6.8,7.4,6.9,34.6,QS,,,,,,,
302,Goethe-University Frankfurt am Main,Germany,44.4,29.1,21.4,21.3,41.3,25.6,82.1,11.5,46.6,34.5,QS,,,,,,,
302,Virginia Polytechnic Institute and State University,United States,26.2,40.4,18.7,34.8,71.7,17.9,70,20.7,52.8,34.5,QS,,,,,,,
304,Jagiellonian University,Poland,37.3,47.2,65.1,6.2,4.9,13.4,59.4,27.9,57.7,34.3,QS,,,,,,,
304,University of Notre Dame,United States,26.5,32.2,59.7,39.1,23.3,17.7,32,45.2,34.6,34.3,QS,,,,,,,
306,University of Johannesburg,South Africa,16.2,21.4,36.8,20.7,96.3,50.6,96.9,43.6,73.6,34,QS,,,,,,,
307,Daegu Gyeongbuk Institute of Science and Technology (DGIST),South Korea,10.4,7.5,89,100,5.3,3.7,1,4.7,,34,QS,,,,,,,
307,Swansea University,United Kingdom,21,45,23.6,27.4,73.1,54.1,59,10.6,61,33.9,QS,,,,,,,
307,Universiti Teknologi PETRONAS (UTP),Malaysia,18.2,31.6,34.6,65.7,85.2,18.5,24.2,9.9,2.9,33.9,QS,,,,,,,
307,University of Tasmania,Australia,17.2,7.8,17.7,58.1,75.1,95.8,48.8,14.8,47.2,33.9,QS,,,,,,,
310,Hamad Bin Khalifa University,Qatar,11.5,3.9,100,88.6,,,28.1,10.3,,33.8,QS,,,,,,,
310,Universitat Pompeu Fabra (Barcelona),Spain,30.9,22.8,13.1,55.6,77.9,26.6,38.4,15.3,13.2,33.8,QS,,,,,,,
312,Universität Stuttgart,Germany,23.7,27.2,6.1,64.8,37.4,49.8,36.5,19.4,33.8,33.7,QS,,,,,,,
313,Indiana University Bloomington,United States,35.1,24.4,30.5,21.6,40.5,12.7,68.5,52.2,62.5,33.5,QS,,,,,,,
313,University of Oulu,Finland,15.8,17.3,26.4,56.9,52.5,9.4,75.4,16.6,88.4,33.5,QS,,,,,,,
315,Quaid-i-Azam University,Pakistan,15.8,40.3,2.8,97,3.4,1.4,23,5.8,23,33.4,QS,,,,,,,
315,Saint Petersburg State University,Russia,40.8,24,61.6,5.1,5.2,41.7,69.5,52.8,36.1,33.4,QS,,,,,,,
315,University of Turku,Finland,28.3,21.1,52.3,32.4,27.2,4.3,62.9,27.8,77.7,33.4,QS,,,,,,,
318,Simon Fraser University,Canada,25.5,13.5,5.7,42.5,96.8,86.3,34.5,17.6,54.3,33.3,QS,,,,,,,
319,Bauman Moscow State Technical University,Russia,31.3,44.4,100,1.4,53.6,58.9,1,12.2,10.5,33.2,QS,,,,,,,
319,Sciences Po ,France,17.7,27.6,88,3.2,54.9,97.1,1.4,76.3,54.6,33.2,QS,,,,,,,
319,Universidad Carlos III de Madrid (UC3M),Spain,32.9,49.1,53.3,4.8,56.5,41.2,18.5,12.9,62.5,33.2,QS,,,,,,,
322,University of Victoria (UVic),Canada,17.3,7.6,3.5,65,95.2,48.6,19,12.2,89.8,33,QS,,,,,,,
323,Sun Yat-sen University,China (Mainland),36.4,22.3,48.8,44.1,2.4,4.2,33.3,16.7,38.4,32.8,QS,,,,,,,
323,University of Illinois at Chicago (UIC),United States,40.9,23.5,31.6,26.2,8.5,17,50.1,31.5,62.8,32.8,QS,,,,,,,
323,University of Pretoria,South Africa,23.6,52.3,3.5,20.7,25,6.4,97.6,58.4,78.4,32.8,QS,,,,,,,
326,University of South Australia,Australia,22.5,14,22.4,32.8,99.8,45.1,58.6,15.4,81.7,32.7,QS,,,,,,,
326,University of Southern Denmark (SDU),Denmark,20,18,27.1,40.7,83.2,22.7,49.7,17.7,88.7,32.7,QS,,,,,,,
328,"City, University of London",United Kingdom,21.4,18.1,6.7,42.2,95,99.3,22.1,28.3,41.7,32.6,QS,,,,,,,
328,Gwangju Institute of Science and Technology (GIST),South Korea,17.4,8.9,38.4,100,21.6,10,1.3,8.1,2.1,32.6,QS,,,,,,,
328,Université Paris 1 Panthéon-Sorbonne ,France,65.2,24.9,4.2,3.4,38.2,46.4,30,32.2,16.3,32.6,QS,,,,,,,
328,USI - Università della Svizzera italiana,Switzerland,5.8,3.9,82.9,56.4,100,100,4.2,7.9,1.2,32.6,QS,,,,,,,
332,Kyung Hee University,South Korea,28,41.6,84.8,14,14.2,54,16.7,12.1,33.5,32.5,QS,,,,,,,
332,"University of California, Santa Cruz",United States,18.4,4.9,7.2,79.6,63.6,8.9,19.3,10.7,89.1,32.5,QS,,,,,,,
334,Sharif University of Technology,"Iran, Islamic Republic of",10.1,43.8,6.1,99.1,7.3,1.3,9.7,25.7,1.9,32.4,QS,,,,,,,
335,University of Naples - Federico II,Italy,35.2,17,4.3,61.8,2.4,1.1,81.6,7.1,34.6,32.3,QS,,,,,,,
336,Aalborg University,Denmark,20,22.2,31.5,42.4,76.4,18.2,79.2,14.7,35.8,32.2,QS,,,,,,,
336,Middle East Technical University,Turkey,29,63.7,9,22.2,11.3,17.4,32.2,24.6,84.8,32.2,QS,,,,,,,
336,Pontificia Universidad Católica del Perú,Peru,46.3,77.1,25.9,1.8,3.9,1.4,2.5,35.2,31.3,32.2,QS,,,,,,,
336,University of Kent,United Kingdom,17,6.7,13.3,43.9,96.6,72.8,43,20.2,85.2,32.2,QS,,,,,,,
340,Beijing Institute of Technology,China (Mainland),22.7,18.1,41.1,76.4,3.1,4.2,17.1,14.1,23.7,32.1,QS,,,,,,,
340,George Washington University,United States,26.9,24.5,28.3,29.3,31.6,27.6,61,49.5,62.8,32.1,QS,,,,,,,
342,RUDN University,Russia,22.4,45,92.2,2,8.2,92.7,60.1,12.2,4.4,32,QS,,,,,,,
343,Brunel University London,United Kingdom,11.3,13.3,7.9,44.2,99.7,99.6,56.9,18.5,62.8,31.9,QS,,,,,,,
344,University of Aveiro,Portugal,13.4,6.6,13.8,84.3,4.3,13.5,72.3,6.7,69.3,31.6,QS,,,,,,,
345,Airlangga University,Indonesia,34,72.5,52.4,1.4,44.6,6.3,1.4,14.4,30.5,31.5,QS,,,,,,,
345,University of Saskatchewan,Canada,12,6.8,17.3,54.3,70,51.8,47.2,20.9,94.9,31.5,QS,,,,,,,
347,National Technical University of Athens,Greece,20.5,42.7,4.7,72.3,1.3,4.3,32,31.8,7.8,31.4,QS,,,,,,,
347,Pontificia Universidad Javeriana,Colombia,43.2,72.7,22.9,1.7,4,2.7,4.2,57.3,29.1,31.4,QS,,,,,,,
349,Universidad Politécnica de Madrid (UPM),Spain,31.2,49.3,14.9,11.4,3.2,30.7,59.9,37.3,83.5,31.3,QS,,,,,,,
349,University of Pisa,Italy,40.4,12.7,7.5,41.1,5.9,4.1,67.6,13.4,73.6,31.3,QS,,,,,,,
351,Lappeenranta-Lahti University of Technology LUT,Finland,6.9,13.3,11.1,97.7,45.2,18.2,14.7,11.4,39,31.2,QS,,,,,,,
351,University of Coimbra,Portugal,28.9,13.1,11.3,41.6,10.7,37.7,78.8,15.6,79.5,31.2,QS,,,,,,,
353,York University,Canada,23,21,4.6,29.2,50.6,81.2,28,53.2,80.8,31.1,QS,,,,,,,
354,Universitat Politècnica de Catalunya · BarcelonaTech (UPC),Spain,31.9,22,41.2,22.3,8,21.2,72.8,15.1,73.3,31,QS,,,,,,,
355,L.N. Gumilyov Eurasian National University (ENU),Kazakhstan,29.5,51.7,96.8,1.4,59.3,5.7,1.1,10.9,9.6,30.9,QS,,,,,,,
355,Sichuan University,China (Mainland),20.1,7.6,11.4,94.7,6.6,5.4,26.2,14.8,18.8,30.9,QS,,,,,,,
355,University of Tsukuba,Japan,35.8,24,59,19,13.8,21.2,31.7,11.5,57.7,30.9,QS,,,,,,,
358,University of Florence,Italy,33.6,5.7,4.1,49.6,8.1,10.7,73,17.4,81.1,30.8,QS,,,,,,,
358,University of Tartu,Estonia,24.4,9,91.5,11.5,46.5,22.2,73.7,42.1,27.6,30.8,QS,,,,,,,
360,Shandong University,China (Mainland),15.6,31.8,17.6,78.7,8.8,3.4,16.3,17.4,28.4,30.7,QS,,,,,,,
360,University of Tehran,"Iran, Islamic Republic of",18.7,38.8,3.4,67.5,2.1,1.8,68.6,17.5,18.4,30.7,QS,,,,,,,
362,Lincoln University ,New Zealand,7.9,5.3,39.9,51.5,100,91,1.2,31.7,37.8,30.6,QS,,,,,,,
362,Universität Innsbruck,Austria,20.2,7,69.2,11.2,100,100,32.9,35.7,16.5,30.6,QS,,,,,,,
364,American University of Sharjah,United Arab Emirates,20,39.1,20.7,20,100,100,6.4,36.9,3,30.3,QS,,,,,,,
364,Indian Institute of Technology Guwahati (IITG),India,17,25.2,7.7,98.1,3,1.3,5.8,5.5,4.4,30.3,QS,,,,,,,
364,University of Turin,Italy,39.8,5.7,2.9,36.8,4.6,5.4,69.4,32.5,84.3,30.3,QS,,,,,,,
367,National University of Sciences And Technology (NUST) Islamabad,Pakistan,18.9,72.7,77.4,11.7,2.6,3.9,23.5,9,30.7,30.2,QS,,,,,,,
368,University of Cyprus (UCY),Cyprus,8.9,3.1,4.9,77.8,92.9,25.4,55.9,18.6,24.4,30.1,QS,,,,,,,
369,Indian Institute of Technology Roorkee (IITR),India,17.8,22.5,7.8,91.2,1.3,2.2,3.6,10.5,27.6,30,QS,,,,,,,
369,Yeshiva University,United States,2.8,3.3,75,99.7,,8.9,3.6,10.4,1.3,30,QS,,,,,,,
371,Cairo University,Egypt,43.7,33.2,8,2.8,2.7,6.2,48.7,72.5,78.6,29.9,QS,,,,,,,
371,Tilburg University,Netherlands,15.2,33.4,10.4,44.2,96.6,58.4,9.4,14.1,31,29.9,QS,,,,,,,
371,Universidade Federal do Rio de Janeiro,Brazil,60.1,17,15.4,8.3,7.9,1.6,51.7,36.8,23,29.9,QS,,,,,,,
374,"Birkbeck, University of London",United Kingdom,10.8,3.5,14.1,65.1,97.5,98,9.1,12.3,12,29.7,QS,,,,,,,
375, Western Sydney University,Australia,18.4,15,4.5,29.5,100,39.2,68.3,10.3,90.4,29.5,QS,,,,,,,
375,Amirkabir University of Technology,"Iran, Islamic Republic of",4.1,33.4,5.1,99.8,15.9,2.8,9.5,10.3,16.5,29.5,QS,,,,,,,
375,Northeastern University,United States,19.4,9.5,19.1,24.2,60.2,94.3,33.2,35.4,87.3,29.5,QS,,,,,,,
375,Ruhr-Universität Bochum,Germany,21.2,11,2.3,59.7,61.1,29.6,62.3,14.7,18,29.5,QS,,,,,,,
379,Tufts University,United States,18.1,5.3,56.2,42.9,25.2,36.2,18.9,47.7,50.9,29.4,QS,,,,,,,
380,Flinders University,Australia,13.3,6.7,6.5,42.6,97,89.5,38.9,10.5,64.8,29.2,QS,,,,,,,
381,University of Luxembourg,Luxembourg,9.1,4.9,77.2,28.6,100,100,18.4,25.6,,29.1,QS,,,,,,,
382,Mahidol University,Thailand,42.4,30.3,77.7,4.7,6,5.1,10.3,11,27.6,29,QS,,,,,,,
382,Université de Montpellier,France,19.4,3.4,8.9,57.6,23.9,32.3,99.8,10.7,38.7,29,QS,,,,,,,
384,Nankai University,China (Mainland),21.1,8.6,29.5,73.9,11.2,3.5,8.1,18.9,22.5,28.6,QS,,,,,,,
384,Westfälische Wilhelms-Universität Münster ,Germany,31.5,24.6,55.3,12.5,30.3,4.9,59.1,26.1,27.6,28.6,QS,,,,,,,
386,University of Hawaiʻi at Mānoa,United States,16.1,8.5,36.8,48.6,53,12.9,53.7,10.7,47.5,28.4,QS,,,,,,,
387,Aix-Marseille University,France,36.1,4.5,8.3,26.5,18.5,19.9,99.4,11.3,64.5,28.3,QS,,,,,,,
387,Belarusian State University,Belarus,26.6,42.5,95.3,1.3,4.1,49.9,3.4,24.5,1.4,28.3,QS,,,,,,,
387,Concordia University,Canada,15,15.2,3,23.7,80.3,89.3,40.4,30.2,88.8,28.3,QS,,,,,,,
387,National Taiwan University of Science and Technology (Taiwan Tech),Taiwan,27.1,37.8,43.6,27,17.5,31.1,1.9,18.5,26.6,28.3,QS,,,,,,,
387,Universiti Brunei Darussalam (UBD),Brunei,21,5.5,96.3,8.2,100,65.1,2.3,27.4,4,28.3,QS,,,,,,,
392,Institut National des Sciences Appliquées de Lyon (INSA),France,7.8,29.4,37.1,50.8,29.4,69.3,18.8,12.8,20.5,28.2,QS,,,,,,,
392,South China University of Technology,China (Mainland),12.5,4.2,19,95.4,10.4,4.5,9.7,21.9,10.2,28.2,QS,,,,,,,
392,Technion - Israel Institute of Technology,Israel,25.4,27.8,43.9,25.4,64.8,4.6,12.8,30.7,26.1,28.2,QS,,,,,,,
392,Xiamen University,China (Mainland),25.9,11.6,20,65.3,5.4,3.4,25.4,21.5,17.1,28.2,QS,,,,,,,
396,Justus-Liebig-University Giessen,Germany,13.6,6.1,1.7,85.7,12.1,18.9,63.8,9.5,11.1,28.1,QS,,,,,,,
396,Kazan (Volga region) Federal University,Russia,22.7,7.6,93.7,2.8,10.5,96.1,61.7,11.2,24.4,28.1,QS,,,,,,,
396,"Stony Brook University, State University of New York",United States,18.9,7.6,30.4,31.8,45.2,51,34.4,18.5,88.8,28.1,QS,,,,,,,
399,HSE University,Russia,27.3,31.9,90.7,1.9,6.3,16.1,71.1,13.4,5.1,28,QS,,,,,,,
400,Iowa State University,United States,20,13.5,8.4,58.7,4.6,11.1,50.9,27.2,51.8,27.9,QS,,,,,,,
400,Masaryk University,Czech Republic,23.2,32.2,10.4,15.2,31,68.7,56.2,14.6,69.9,27.9,QS,,,,,,,
400,Universidade Nova de Lisboa,Portugal,28,20.2,19.6,24.2,24,47,63.5,18.8,40.2,27.9,QS,,,,,,,
403,University of Granada,Spain,44,9.8,5.6,23.3,3.4,16.1,96.8,5.1,36.1,27.8,QS,,,,,,,
404,Istanbul Technical University,Turkey,24.2,60.4,12.1,13.3,7.3,18.3,37.2,23,63.1,27.6,QS,,,,,,,
404,"University of California, Riverside",United States,17.5,7,6.7,59.9,63,9.1,45.1,10,46.6,27.6,QS,,,,,,,
404,University of the Philippines,Philippines,34.4,58.9,38,1.9,1.6,1.1,9.3,35.3,38.7,27.6,QS,,,,,,,
407,Auckland University of Technology (AUT),New Zealand,19.3,11.7,10.3,18.5,100,99.3,12,19.3,71.5,27.4,QS,,,,,,,
407,University of Delhi,India,36.1,28.2,3.9,22.5,1.4,1.7,24.7,91.4,31,27.4,QS,,,,,,,
409,Colorado State University,United States,18.8,18.2,56.8,20.3,12.3,4.2,54.9,15,97.7,27.3,QS,,,,,,,
410,Universidad de Santiago de Chile (USACH),Chile,43.3,72.9,8.7,4,6.6,2.2,7.3,4,12.9,27.2,QS,,,,,,,
410,University of Kansas,United States,15.1,13.3,83.6,9,72.6,7.8,35.7,23.5,71.8,27.2,QS,,,,,,,
410,University of Southern Queensland ,Australia,8.5,6.8,4.5,59.6,76.1,26.3,60.6,12,51.2,27.2,QS,,,,,,,
413,Oxford Brookes University,United Kingdom,28.9,29.7,13.8,8.4,68.8,70.3,27.1,18.4,34.3,27.1,QS,,,,,,,
413,Royal Holloway University of London,United Kingdom,16,5.7,13.7,36.3,94.4,88.7,23.7,11.1,38.1,27.1,QS,,,,,,,
415,James Cook University,Australia,15.4,8.7,14.1,51.1,42,13.5,42.5,9,83.3,27,QS,,,,,,,
415,Moscow Institute of Physics and Technology (MIPT / Moscow Phystech),Russia,19.8,19.9,96,16,31.4,53.1,5.4,15.7,1.2,27,QS,,,,,,,
415,The American University in Cairo,Egypt,30.3,23.8,42.8,4.6,97.9,3.9,1.4,63.3,16.3,27,QS,,,,,,,
418,Tomsk State University,Russia,23.1,10.9,99.4,5.1,23.7,91.5,23.4,7.3,3,26.9,QS,,,,,,,
419,UNESP,Brazil,39.3,34.6,15,16.2,6.2,2.8,34.5,5.7,53.7,26.8,QS,,,,,,,
419,Washington State University,United States,24.4,17.9,16.2,35.4,50,5.5,46.5,11.1,49.7,26.8,QS,,,,,,,
421,Graz University of Technology,Austria,14.5,11,99.5,13.6,75,58.8,10.4,13.6,4.2,26.7,QS,,,,,,,
421,Novosibirsk State University,Russia,27.5,14.4,93.5,12.6,6.7,56.3,5.3,12.9,6.8,26.7,QS,,,,,,,
421,Université de Liège,Belgium,18.1,16.3,12.9,27.2,50.7,48.5,79.3,16.2,47.8,26.7,QS,,,,,,,
421,Université de Strasbourg,France,39.6,7.9,5.3,23.1,35.6,38.6,70.2,10.9,14.9,26.7,QS,,,,,,,
421,University of Canberra ,Australia,13.7,7.3,2.3,51.7,87,58.9,8.9,9.8,55.2,26.7,QS,,,,,,,
426,University of Limerick,Ireland,17.5,29.1,14,21.9,88.4,28.6,34.6,13.9,58.9,26.6,QS,,,,,,,
427,Anna University,India,8.5,8.5,5.3,99.8,,1.5,33.8,9.8,,26.5,QS,,,,,,,
428,IE University,Spain,7,40.9,56.2,2.6,94.6,100,1,39.4,6,26.4,QS,,,,,,,
429,Singapore University of Technology and Design,Singapore,7,5.8,99.2,64.6,,,3.1,7.5,,26.3,QS,,,,,,,
429,University of Trento,Italy,24.6,8.9,19.3,44,26.9,6.2,61,9.3,34.9,26.3,QS,,,,,,,
431,Koç University,Turkey,22.4,47.3,24,28.6,27.3,11.2,6.4,11,29.9,26.2,QS,,,,,,,
431,Murdoch University,Australia,7.3,5.3,5.4,53.1,86.3,76.6,40.1,14.2,23.7,26.2,QS,,,,,,,
431,National Taipei University of Technology,Taiwan,15,57.7,27,34.3,21.1,18.2,1.3,17.3,12.6,26.2,QS,,,,,,,
431,National Taiwan Normal University,Taiwan,34.5,20.8,65.4,5.9,14.5,26.7,1.5,14.7,43.2,26.2,QS,,,,,,,
431,University of Stirling,United Kingdom,11.5,10.2,10.5,34.7,71.9,83.5,14.4,14.8,79.8,26.2,QS,,,,,,,
436,Dublin City University,Ireland,19.7,27,25.6,12.4,76,19.3,19.3,24.8,81.7,26,QS,,,,,,,
436,Sejong University ,South Korea,13.8,17.3,14.7,65.5,24.6,26.7,29.2,5.7,8.7,26,QS,,,,,,,
436,Tampere University,Finland,22.5,19.5,23.9,31.8,32,6.4,56.4,20.6,37.2,26,QS,,,,,,,
436,University of Science and Technology Beijing,China (Mainland),12.6,3,10.7,97.3,3.3,3,9.2,6.2,3.3,26,QS,,,,,,,
436,University of St.Gallen (HSG),Switzerland,9,27.6,6.2,22.8,100,83.1,1,94.8,1.6,26,QS,,,,,,,
440,Julius-Maximilians-Universität Würzburg,Germany,17.4,6,4.9,68,35.5,16.4,41.9,9.5,11.7,25.9,QS,,,,,,,
441, University of Dundee,United Kingdom,18.3,13.6,37.5,14.2,96,79.9,27.4,10.5,21.8,25.9,QS,,,,,,,
441,Université Laval,Canada,19.9,11,25.6,25.1,67.4,36.3,55.4,24.4,31,25.9,QS,,,,,,,
441,University of Utah,United States,15.9,6,53,36.5,25.3,10.1,54.4,14.9,49,25.9,QS,,,,,,,
444,National and Kapodistrian University of Athens,Greece,26.3,31.6,2,29.1,9.9,16.2,72.8,28.9,16.1,25.8,QS,,,,,,,
444,University of Connecticut,United States,15.1,6.9,14.5,41.6,47,19,61.4,21.7,61.9,25.8,QS,,,,,,,
446,Aston University,United Kingdom,12.9,22.8,10,34.1,93,38.3,50.5,18.1,12.3,25.7,QS,,,,,,,
446,Johannes Kepler University Linz,Austria,12.5,13.5,82.9,16.1,86.3,27.2,26.5,11.1,18.4,25.7,QS,,,,,,,
446,"The University of Tennessee, Knoxville",United States,10.3,15.4,10.8,72.5,4.2,2.5,45.2,11.9,30.7,25.7,QS,,,,,,,
446,Toyota Technological Institute in Japan,Japan,5.2,1.6,37.5,96.4,7.7,1.6,1,8.4,,25.7,QS,,,,,,,
446,University of Jyväskylä,Finland,17.2,12.5,86.2,15.3,40.9,2.8,54.7,11.4,30.2,25.7,QS,,,,,,,
451,Iran University of Science and Technology,"Iran, Islamic Republic of",6.6,23.2,2.5,94.8,,1.5,11.1,5.5,1.5,25.6,QS,,,,,,,
452,Central South University,China (Mainland),8.8,3.4,5.6,98.4,6.6,3.6,13.5,9.9,8.9,25.5,QS,,,,,,,
452,Université Claude Bernard Lyon 1,France,18.9,4.1,8.2,55.3,7.9,13.2,90.8,8.8,26.6,25.5,QS,,,,,,,
454,Czech Technical University in Prague,Czech Republic,21.5,37.6,75.8,4.1,25.6,39.2,15.3,13.8,1.6,25.2,QS,,,,,,,
454,Indian Institute of Technology Indore (IIT Indore),India,5.6,4.3,33.3,94.4,2.3,1.1,1.2,8.4,2,25.2,QS,,,,,,,
454,Southeast University,China (Mainland),12.8,7.4,23.9,73.1,15.1,3.5,21.1,8.8,16.9,25.2,QS,,,,,,,
454,Sultan Qaboos University,Oman,16.7,13.7,56.7,18.4,100,3.4,48.3,17.4,8,25.2,QS,,,,,,,
454,Universität Mannheim,Germany,16.1,48.6,2.1,45.1,29.1,20.9,2,23.8,2.5,25.2,QS,,,,,,,
459,"Essex, University of",United Kingdom,16.4,5.1,13,25.6,99.8,99,40.1,13.4,9.6,25.1,QS,,,,,,,
460,Universität Potsdam,Germany,16,3.1,16.4,38.6,51,21.8,86.3,7.2,42.6,25,QS,,,,,,,
461,Florida State University,United States,25.1,25.7,6.8,30.7,15.6,3.9,40.1,20.5,54.3,24.9,QS,,,,,,,
461,National Research Nuclear University MEPhI (Moscow Engineering Physics Institute),Russia,10.2,10.1,99,10.9,54.1,90.7,2,18,1.2,24.9,QS,,,,,,,
461,Universität Jena,Germany,18.5,6,99.9,10,,22.4,84,8.1,16.1,24.9,QS,,,,,,,
464,Johannes Gutenberg Universität Mainz,Germany,22.6,12.7,54.5,14.8,38.5,16.2,70.2,10.4,19,24.8,QS,,,,,,,
465,Colorado School of Mines,United States,7.2,9.6,19.7,70.8,29.6,9,2.3,17.4,42,24.7,QS,,,,,,,
465,Umea University,Sweden,19.7,13.9,68.3,14.9,23.8,9.6,44.8,12.7,47.8,24.7,QS,,,,,,,
465,University of Bordeaux,France,30.2,5.3,14.4,21.4,25.6,19.5,91.2,11.9,35.8,24.7,QS,,,,,,,
465,University of Sharjah,United Arab Emirates,16.7,18.8,5.5,13.5,100,99.7,35.9,14.1,24.6,24.7,QS,,,,,,,
469,Ben-Gurion University of The Negev,Israel,14.6,14.2,11.7,52.7,65.3,15.7,20.1,10.5,18.2,24.6,QS,,,,,,,
469,Illinois Institute of Technology,United States,14.2,15.6,13,48.5,30.1,94.1,1.5,13.6,2.5,24.6,QS,,,,,,,
469,Università degli Studi di Pavia,Italy,21.2,5.8,7.5,51,6.1,13.2,53.1,13.2,44.4,24.6,QS,,,,,,,
472,Hiroshima University,Japan,23.6,14,81,9.6,17.3,12.9,30,9.8,37.5,24.5,QS,,,,,,,
473,Beihang University (former BUAA),China (Mainland),13.1,5.5,36.1,68.7,7.5,4.9,7,13.1,15.2,24.4,QS,,,,,,,
473,Ural Federal University - UrFU,Russia,21.3,13.3,93.2,2.1,5.7,25.8,63.3,7.4,24.8,24.4,QS,,,,,,,
473,Vilnius University ,Lithuania,19.8,27.8,83,3,13,14.9,43.5,25.5,11.7,24.4,QS,,,,,,,
476,Kobe University,Japan,28.5,38.8,53.2,11.6,7.4,7.7,8.7,11.9,10.9,24.3,QS,,,,,,,
476,Universitat Politècnica de València,Spain,26.2,12,47,19.6,4.3,23.9,56.8,8.1,28.1,24.3,QS,,,,,,,
478,Universität Konstanz,Germany,20.4,6.9,33.7,21.2,79.8,14.2,24.1,15.6,55.8,24.2,QS,,,,,,,
479,Universität Leipzig,Germany,25.4,10.2,71,9.6,,15.8,59.3,10,34.6,24.1,QS,,,,,,,
480,Missouri University of Science and Technology,United States,4.6,4.8,6.5,85.1,61.1,12.3,2.1,9.6,1.6,24,QS,,,,,,,
481,Bangor University,United Kingdom,8.8,5.3,14.9,39.7,42.2,55.4,24.6,13,87.4,23.9,QS,,,,,,,
481,Hitotsubashi University,Japan,14.4,80.6,28.6,2.2,21.6,22.4,1,38.4,1.1,23.9,QS,,,,,,,
481,Leibniz University Hannover,Germany,21.3,33.2,16.8,14.8,40.5,30.6,44.3,13.1,29.9,23.9,QS,,,,,,,
481,Satbayev University,Kazakhstan,23.3,36,84.3,1.2,40.5,4.2,1,10.5,1.3,23.9,QS,,,,,,,
481,University of Milano-Bicocca ,Italy,20.6,9.6,2.9,57.1,3.3,4.6,45.2,13.2,29.4,24,QS,,,,,,,
485,Universitat de Valencia,Spain,33.9,7.3,10.9,22.4,2.3,16.6,83.4,6.6,31.6,23.8,QS,,,,,,,
486,University of Electronic Science and Technology of China,China (Mainland),4.3,3,8.6,96.4,3.4,2.6,21.7,7.6,3.5,23.7,QS,,,,,,,
486,University of Guelph,Canada,13.5,20.9,5.8,47.5,43.5,15.1,22.3,13.1,36.3,23.7,QS,,,,,,,
489,IPB University (a.k.a. Bogor Agricultural University),Indonesia,21.6,39,66.1,1.7,54.6,3.8,1.2,24.1,3.4,23.6,QS,,,,,,,
489,"University of Rome ""Tor Vergata""",Italy,31.5,12.6,7.6,38.1,7.1,16.2,32.8,7.8,15.2,23.6,QS,,,,,,,
491,Dalian University of Technology,China (Mainland),9.1,3.2,16.8,79.8,12.2,3.2,16.3,13.7,8.7,23.5,QS,,,,,,,
491,University at Buffalo SUNY,United States,18,8.3,7.8,37.2,42.8,33.3,23.3,24.6,50.6,23.5,QS,,,,,,,
491,University of Iowa,United States,19.9,11.2,48.2,20.9,22.3,4.6,51.3,22.1,38.4,23.5,QS,,,,,,,
494,Chung-Ang University (CAU),South Korea,19.8,36.2,69.5,8.9,13.8,36.3,1.7,12.8,2.5,23.4,QS,,,,,,,
494,Hunan University ,China (Mainland),8.6,8.4,13.8,82,4.9,1.9,3.8,18.7,7,23.4,QS,,,,,,,
494,Rensselaer Polytechnic Institute,United States,8.3,7,19.5,70.7,4,44.3,1.6,24.1,2.7,23.4,QS,,,,,,,
494,Universidad de Sevilla,Spain,38.8,10.4,16.7,8.5,3.6,16,82,8,29.1,23.4,QS,,,,,,,
498,Ewha Womans University,South Korea,26.7,23,77.4,7.7,7.8,19.8,1.6,15.3,6.9,23.2,QS,,,,,,,
498,Ulster University,United Kingdom,8.4,13,11.9,12.1,100,90.5,38.5,11.6,63.7,23.2,QS,,,,,,,
498,University of Delaware,United States,10.3,7.9,6.9,59.1,36.3,13.7,28.2,19.8,31.8,23.2,QS,,,,,,,
498,University of Jordan,Jordan,29.1,38.8,17.4,3.3,20.6,34.1,13.8,29.8,28.9,23.2,QS,,,,,,,
502,Bilkent University,Turkey,22.2,44.9,17.2,12.9,72,5.7,4.1,14.3,14.2,23.1,QS,,,,,,,
502,Jilin University,China (Mainland),14.3,47.1,39.3,23.6,12.4,2.2,17.9,18.3,13.7,23.1,QS,,,,,,,
502,University of Portsmouth,United Kingdom,8.4,9.6,8.7,18.7,75.1,87.3,44.8,12.6,73.1,23.1,QS,,,,,,,
505,Macau University of Science and Technology,Macau SAR,4.2,4.2,4.5,47.8,100,100,2.4,20.9,1.1,23,QS,,,,,,,
505,National Sun Yat-sen University,Taiwan,26.5,24.4,29.5,25.2,23.8,10.3,2.5,12.1,20.9,23,QS,,,,,,,
505,Oregon State University,United States,15.7,4.6,18.9,41.1,17,9.6,58.2,14.1,53.1,23,QS,,,,,,,
505,Università Cattolica del Sacro Cuore,Italy,23.5,31.4,35,13.4,10.4,12.7,9,26,44.4,23,QS,,,,,,,
509,Sogang University,South Korea,21.5,49.1,55.7,5.5,7.2,24.3,1,16.5,1.4,22.9,QS,,,,,,,
509,University of Bayreuth,Germany,10.3,19.3,46.4,27,50.1,21.9,40.2,12.1,15.4,22.9,QS,,,,,,,
511,East China Normal University,China (Mainland),15.2,3.7,19.1,53.1,23.3,19.6,31,11.7,19.7,22.8,QS,,,,,,,
511,SOAS University of London ,United Kingdom,18.1,9.5,18.3,15.2,100,99,1,19.6,3.8,22.8,QS,,,,,,,
511,Université Paul Sabatier Toulouse III,France,18.4,3.4,40.4,24.8,5.5,23.5,98.2,7.4,21.8,22.8,QS,,,,,,,
514,Boğaziçi University,Turkey,23,58.4,4,14.3,11.1,2.6,4.9,52.7,6.2,22.7,QS,,,,,,,
514,Duy Tan University,Vietnam,10.7,26.3,3.8,33.6,37,1.2,63.7,10.9,57.4,22.7,QS,,,,,,,
514,Pontificia Universidad Católica Argentina,Argentina,20.4,32.3,99.9,1.1,1.9,8.8,1,19.8,1,22.7,QS,,,,,,,
514,Shanghai University,China (Mainland),22.2,9,53.3,25.4,43.8,5.9,11.5,11.1,15.8,22.7,QS,,,,,,,
514,The University of Georgia,United States,20.9,18.2,9.7,29.7,9.7,4.5,59.1,17.7,46.6,22.7,QS,,,,,,,
514,Universität Bremen,Germany,19.7,8.4,16.3,24.4,41.7,26.7,77.7,7.2,28.1,22.7,QS,,,,,,,
520,Kyungpook National University,South Korea,11.1,18,64.5,17.2,9.8,20.1,7.7,43.1,54.6,22.6,QS,,,,,,,
520,Universidad Austral,Argentina,19.4,52.5,75.4,1.8,2.4,8.5,1,9.4,1.2,22.6,QS,,,,,,,
520,University of Texas Dallas,United States,13.3,11.6,3.8,54.5,5.4,35.5,23.8,8.4,41.1,22.6,QS,,,,,,,
523,Universidad de Zaragoza,Spain,22.9,4.5,57.6,7.1,4.1,9.7,55.3,8,80.6,22.5,QS,,,,,,,
523,University of Hull,United Kingdom,8.5,3.5,13,25.4,57.4,67.4,36.4,16.8,85.2,22.5,QS,,,,,,,
525,Universiti Teknologi Brunei,Brunei,13.7,3.9,90.3,8.6,100,5.5,1,34.2,1,22.4,QS,,,,,,,
526,MGIMO University,Russia,11.8,21.3,100,1.4,12.7,46.2,1,47.6,1,22.3,QS,,,,,,,
526,Sabanci University,Turkey,18.1,37.5,34.5,19.2,37,15,1.8,11.2,15.4,22.3,QS,,,,,,,
526,University of Madras,India,8.7,3.6,,95.4,,,2.4,,1.1,22.3,QS,,,,,,,
529,Edith Cowan University ,Australia,8.7,8.1,6.2,41,77.5,72.6,18.7,12,11.7,22.2,QS,,,,,,,
530,Aristotle University of Thessaloniki,Greece,28.7,25.9,3.8,13.5,1.4,4,75.4,15.7,36.6,22.1,QS,,,,,,,
530,Christian-Albrechts-University zu Kiel,Germany,18.6,10.1,47.7,16.1,,9.4,79.9,10.5,42.3,22.1,QS,,,,,,,
530,Universidad de Palermo (UP),Argentina,9.3,17.8,90.5,1.1,40.4,96.6,1,9.6,1,22.1,QS,,,,,,,
530,University of Genoa,Italy,17.4,3.8,11.3,40.6,4.8,8.8,54.3,12.7,61.9,22.1,QS,,,,,,,
534,China Agricultural University ,China (Mainland),9.6,2.1,19.9,78.7,3.4,1.6,3.3,6.5,8.4,22,QS,,,,,,,
534,Peter the Great St. Petersburg Polytechnic University,Russia,16.7,9,77.6,3,15,87.6,21.9,4.3,18.2,22,QS,,,,,,,
534,University of Crete,Greece,15.1,14.3,3,67.9,1.7,3.8,13.4,8.9,3.5,22,QS,,,,,,,
534,University of Salamanca,Spain,26.8,15,23.2,6.9,6.7,22.4,45.3,15.3,72.5,22,QS,,,,,,,
538,Universidad de Alcalá,Spain,10,4.7,68.8,5.2,20,66.3,37.9,9.4,74.3,21.9,QS,,,,,,,
538,Universiti Utara Malaysia (UUM),Malaysia,20.6,28,40.4,7.1,18.8,79.8,3.4,9.7,10.6,21.9,QS,,,,,,,
540,Lahore University of Management Sciences (LUMS),Pakistan,15.7,72,35.1,6,7.3,1.9,1.1,22.2,1.4,21.8,QS,,,,,,,
540,Universidad Nacional de La Plata (UNLP),Argentina,38.7,31,23.8,2.1,3.6,29.9,9.1,8.6,5.1,21.8,QS,,,,,,,
542,ITMO University,Russia,12,11.6,96.2,6.9,21.4,38.9,27.3,7.3,15,21.7,QS,,,,,,,
542,University Ulm,Germany,7.6,3.9,78.3,33.7,41.1,21.1,14.5,7.2,3.2,21.7,QS,,,,,,,
544,Universidad de Costa Rica,Costa Rica,33.5,37.6,34.7,1.8,,,6,33.7,4.7,21.6,QS,,,,,,,
545,Bar-Ilan University,Israel,8,5.3,7.8,62.2,47.9,2.9,10.2,15.2,28.4,21.5,QS,,,,,,,
545,City University of New York,United States,22.7,34.1,9.4,5.8,6.6,4.9,89,19.3,31.3,21.5,QS,,,,,,,
545,Singapore Management University,Singapore,11.8,15.3,10.5,20.9,100,63.3,1.2,25,21.4,21.5,QS,,,,,,,
548,Lehigh University,United States,5.8,4.2,26.2,38.4,62.4,29.6,9.1,28.3,47.5,21.4,QS,,,,,,,
548,Northumbria University at Newcastle,United Kingdom,10.5,15.9,10.7,16,67.2,72.3,49.8,16,29.1,21.4,QS,,,,,,,
548,University of Eastern Finland,Finland,14.8,9.7,39.4,24.6,30.9,4.8,62.4,8.1,28.4,21.4,QS,,,,,,,
551,Ajman University,United Arab Emirates,13.6,34.7,8.2,2.2,100,100,2,13.3,3,21.3,QS,,,,,,,
551,Canadian University Dubai,United Arab Emirates,14.7,14.4,31.3,2.3,100,100,1,22.3,1,21.3,QS,,,,,,,
551,Hasselt University ,Belgium,5.8,3.4,78.8,18.3,76,23.9,27.2,10.2,15.9,21.3,QS,,,,,,,
551,University of Nebraska - Lincoln,United States,10.8,5.9,18.8,33.7,30.4,8.2,42.6,12.2,79.1,21.3,QS,,,,,,,
555,Universiti Teknologi MARA - UiTM,Malaysia,28.9,47.6,15.8,2.8,1.9,2.1,24.3,8.7,31,21.2,QS,,,,,,,
556,Florida International University,United States,14.9,35.4,12,12.8,21.1,12.1,68.1,14.2,39,21.1,QS,,,,,,,
556,INTI International University,Malaysia,5,14.8,84.3,1.7,75.2,88.4,1,9.1,1,21.1,QS,,,,,,,
556,Politecnico di Bari,Italy,6.5,4.6,15.6,79.3,5,7.9,4.1,5.5,1.1,21.1,QS,,,,,,,
556,Renmin (People's) University of China,China (Mainland),23.7,40.4,17.2,8,7,5.3,1.5,62.4,18.2,21.1,QS,,,,,,,
556,"University of Chemistry and Technology, Prague",Czech Republic,6.1,7.9,99,12.9,27.8,71.9,3.2,10.1,1.3,21.1,QS,,,,,,,
561,Chongqing University,China (Mainland),8.4,3.8,13.2,70.4,14.7,2.2,11.4,13.6,10.3,21,QS,,,,,,,
561,University of Plymouth,United Kingdom,9,12.1,12.2,29.1,51.3,38.9,45.4,11.2,45,21,QS,,,,,,,
563,Ateneo de Manila University,Philippines,19.7,57.9,29,1.7,3.3,2.7,1.1,54.6,1.7,20.9,QS,,,,,,,
563,Université de Fribourg,Switzerland,10.7,3.8,5.3,38.8,100,45.4,8.9,20.4,5.2,20.9,QS,,,,,,,
563,University of South Florida,United States,13.2,10.2,7.9,36.6,30.7,13.8,57.8,10.6,34.9,20.9,QS,,,,,,,
567,Bond University,Australia,4.7,5.2,44.1,22.8,87.7,93.6,1.1,11.7,1.1,20.8,QS,,,,,,,
567,National Chengchi University,Taiwan,19.5,39,19.7,2.7,27.1,23.5,1,81,1.9,20.8,QS,,,,,,,
567,Universidad Adolfo Ibáñez,Chile,19.1,73.5,4.2,4.4,37.7,4.2,1.2,13.7,1.1,20.8,QS,,,,,,,
567,University of Huddersfield,United Kingdom,12.5,15,6.7,20.9,65.1,79.4,41.2,9,7.3,20.8,QS,,,,,,,
571,Chiang Mai University,Thailand,33.8,19.3,16.4,3.9,5.1,4.1,20.9,17.1,59.2,20.7,QS,,,,,,,
571,Coventry University,United Kingdom,9.2,12.5,15.7,6.8,74.8,100,50.7,13.7,26.6,20.7,QS,,,,,,,
571,Indian Institute of Technology (BHU) Varanasi,India,4.4,3.6,3.9,88.7,1.4,1.1,1.5,8.2,4,20.7,QS,,,,,,,
571,Warsaw University of Technology,Poland,22.8,49.8,38.7,4.3,1.8,10.3,9.7,11.5,2.1,20.7,QS,,,,,,,
575,HUFS - Hankuk (Korea) University of Foreign Studies ,South Korea,13.4,23.9,85.3,1.6,32.3,45.1,1,5.7,1.3,20.6,QS,,,,,,,
575,University of South Carolina,United States,14.7,11.8,8.9,33.6,37.8,3.5,40.8,17.1,39.6,20.6,QS,,,,,,,
577,Lebanese University,Lebanon,23.7,49.8,11.6,2.1,43.3,31.9,2.3,9.9,2.1,20.5,QS,,,,,,,
577,Taipei Medical University (TMU),Taiwan,10.3,15.4,91.1,17.9,15.1,15.6,1.3,9.9,9,20.5,QS,,,,,,,
577,University of Tromsø The Arctic University of Norway,Norway,12.1,3.7,70.5,8.9,70.4,7.7,42.5,9.6,21.8,20.5,QS,,,,,,,
580,Abu Dhabi University,United Arab Emirates,11.5,17.9,12.6,12.4,100,99.9,1.2,11.3,1.1,20.4,QS,,,,,,,
580,University of Klagenfurt,Austria,5.5,4.3,60.2,11.4,95.2,86.6,3,12,1.6,20.4,QS,,,,,,,
582,Applied Science University - Bahrain,Bahrain,18.2,21.9,36.8,1.7,100,44.9,1,8.3,,20.3,QS,,,,,,,
582,Universidad Católica Andres Bello,Venezuela,26.6,67.7,3.7,1,2.5,2.9,,29.8,,20.3,QS,,,,,,,
582,Universidad Pontificia Comillas,Spain,8.1,65.9,39.9,2.3,19.3,5.8,1,45.5,2,20.3,QS,,,,,,,
586,National Research Tomsk Polytechnic University,Russia,9.7,7.5,93.9,4,8.1,76.6,21.3,8.1,8.3,20.2,QS,,,,,,,
586,Sunway University,Malaysia,10.5,44.1,52.2,7.2,35.5,24.3,4.4,9.2,5.4,20.2,QS,,,,,,,
586,"University of Missouri, Columbia",United States,14.2,9.6,40.2,17.4,56.4,3.3,23.9,24.2,35.5,20.2,QS,,,,,,,
590,Central Queensland University (CQUniversity Australia),Australia,8.7,9.5,24,16,98,98.1,1.2,8.3,5.6,20.1,QS,,,,,,,
590,Manchester Metropolitan University (MMU),United Kingdom,12,13.4,8.5,9.8,44.4,40.5,66.6,14.6,69.3,20.1,QS,,,,,,,
590,Prince Mohammad Bin Fahd university,Saudi Arabia,15.4,19.1,20.8,20.3,100,20.5,1.1,9.4,1,20.1,QS,,,,,,,
593,"Goldsmiths, University of London",United Kingdom,14.9,6,14.7,13.6,97.8,92.8,1.2,17.2,1.8,20,QS,,,,,,,
593,University of Central Florida,United States,14.4,37.1,2.8,25.7,17.1,4.5,32.1,11.1,32.7,20,QS,,,,,,,
595,Imam Abdulrahman Bin Faisal University (IAU) (formerly UNIVERSITY OF DAMMAM),Saudi Arabia,7.6,7.1,85.9,2.3,98.5,16.5,11.6,8.1,19,19.9,QS,,,,,,,
595,Nottingham Trent University,United Kingdom,10.6,20.5,10.2,5.2,56.9,61,52.1,13.8,50.6,19.9,QS,,,,,,,
595,Pontifícia Universidade Católica do Rio de Janeiro,Brazil,33.4,24.5,9.3,7.7,12.4,1.6,2.4,28.6,32.7,19.9,QS,,,,,,,
595,Shenzhen University,China (Mainland),8.4,2.3,55.2,42.6,13.2,1.4,14.3,17.6,15.8,19.9,QS,,,,,,,
595,Università Vita-Salute San Raffaele,Italy,3.1,1.7,98.8,39,8.3,3.1,3.6,7.6,1,19.9,QS,,,,,,,
600,Nanjing University of Science and Technology,China (Mainland),5.1,2.2,10.9,82.2,,,3.4,6.2,1.8,19.8,QS,,,,,,,
600,Thammasat University,Thailand,23.8,26.4,25.1,2.1,11.6,1.7,2,72.5,29.4,19.8,QS,,,,,,,
600,Tulane University,United States,9.6,5,81.5,10.4,16.9,14.5,45.5,22.7,21.4,19.8,QS,,,,,,,
600,Universität des Saarlandes,Germany,11.1,4.5,89.9,8.3,4.9,39.2,39,20.1,2,19.8,QS,,,,,,,
601-610,Abo Akademi University,Finland,8.3,6.2,23.6,40.7,45.2,15.5,29.5,11.5,11.8,-,QS,,,,,,,
601-610,American University in Dubai,United Arab Emirates,9.8,16.8,20.4,1.9,100,100,1,37.3,1,-,QS,,,,,,,
601-610,Charles Darwin University ,Australia,5.8,4.7,4,41.3,37.4,76.7,3.6,8.5,45.3,-,QS,,,,,,,
601-610,Drexel University,United States,8.4,6.1,21.1,35.1,32.8,22.3,28.4,26,34.6,-,QS,,,,,,,
601-610,Jawaharlal Nehru University,India,29.1,10.6,12.2,24.1,,1.6,4.8,13.2,47.5,-,QS,,,,,,,
601-610,"Kingston University, London",United Kingdom,17.5,12.6,6.1,8.7,71.9,99.4,9.2,14.1,9.8,-,QS,,,,,,,
601-610,Umm Al-Qura University ,Saudi Arabia,18.3,9.4,56.9,2,100,17.6,4.5,8.2,3.1,-,QS,,,,,,,
601-610,Universidad de Concepción,Chile,27,35.6,13.1,7.4,13.1,2.2,16.3,9.5,31.6,-,QS,,,,,,,
601-610,University of Szeged,Hungary,18,12,44.6,4.9,11.9,50.5,34.6,9.1,34.9,-,QS,,,,,,,
611-620,Al Ain University,United Arab Emirates,17.4,11,11.9,4.2,100,100,1.4,11.4,1,-,QS,,,,,,,
611-620,Auezov South Kazakhstan University (SKU),Kazakhstan,15.2,21.5,92,1,13.3,21.3,1,11.2,1,-,QS,,,,,,,
611-620,Brno University of Technology,Czech Republic,13.1,34.7,22.7,6.7,9,70.9,38.6,14.2,2.7,-,QS,,,,,,,
611-620,Martin-Luther-Universität Halle-Wittenberg,Germany,14.4,4.3,82.8,6.9,,9.8,73.4,7.6,5.8,-,QS,,,,,,,
611-620,National Central University,Taiwan,21.5,27.1,23,17.8,12.9,9.1,2.1,6.5,30.2,-,QS,,,,,,,
611-620,Pusan National University,South Korea,23,18.5,38,17.1,10.4,12.4,7.9,13.3,8.1,-,QS,,,,,,,
611-620,Tokyo Medical and Dental University (TMDU),Japan,11.5,5.8,100,18.2,3.5,15.3,1.2,8,1.1,-,QS,,,,,,,
611-620,University of Minho,Portugal,15.6,8.7,32.8,18.7,19.4,18,52.7,10.2,27.6,-,QS,,,,,,,
621-630,Asia Pacific University of Technology and Innovation (APU),Malaysia,6.4,8.6,57.8,1.5,89.8,100,1,9.4,1,-,QS,,,,,,,
621-630,Chang Gung University,Taiwan,5.7,4.6,70,43,4.3,4.7,1.4,7.9,4.1,-,QS,,,,,,,
621-630,Institut Teknologi Sepuluh Nopember (ITS Surabaya),Indonesia,15.3,41,36.9,1.7,43.1,5.2,1,14.5,26.3,-,QS,,,,,,,
621-630,Management and Science University,Malaysia,12.4,12.2,33.5,1.6,90.5,94.1,1,10.1,1,-,QS,,,,,,,
621-630,Northwestern Polytechnical University,China (Mainland),5.9,2.5,46,53.6,13.9,4.8,6.1,10.1,3.2,-,QS,,,,,,,
621-630,Stevens Institute of Technology,United States,2.7,2.9,4.7,52.4,37.5,91.4,1.2,12.2,1.1,-,QS,,,,,,,
621-630,Universitat Ramon Llull,Spain,10.4,43.7,6.3,8.5,94.7,32.2,2.4,15.6,1.4,-,QS,,,,,,,
621-630,University of Kwazulu-Natal,South Africa,12.9,11.8,6.5,22.8,25.1,1.9,78.1,28,37.8,-,QS,,,,,,,
621-630,University of Ljubljana,Slovenia,20,9.5,35.6,6.3,4.5,10.7,59.3,48.9,17.2,-,QS,,,,,,,
621-630,University of the Basque Country,Spain,19.4,6.4,34.7,17.4,2.5,3.8,73.6,7,21.2,-,QS,,,,,,,
621-630,Zhengzhou University,China (Mainland),5.4,19.7,4.7,65.6,,2.5,4.4,6.7,3.2,-,QS,,,,,,,
631-640,Ajou University ,South Korea,15.5,15.4,65.1,17.4,6.2,13.7,1.1,8.3,5,-,QS,,,,,,,
631-640,Boston College,United States,20.5,12.9,19.3,21.5,12,18.3,9.1,38.4,15.9,-,QS,,,,,,,
631-640,Jinan University (China),China (Mainland),5.6,2.1,9.4,42.9,36.7,85.2,9.6,7.3,5,-,QS,,,,,,,
631-640,Palacký University Olomouc,Czech Republic,15,17.9,29.6,8.6,33.3,19.5,54,9.5,23.7,-,QS,,,,,,,
631-640,Ritsumeikan University,Japan,15.2,68.4,8.1,3.8,24.7,10.2,2,8.7,2.2,-,QS,,,,,,,
631-640,Saint Joseph University of Beirut (USJ) ,Lebanon,9.2,27.6,46.8,2.5,90.8,19.7,1,13,9.7,-,QS,,,,,,,
631-640,Universidad Central de Venezuela,Venezuela,23.1,58.4,21,1.1,,,1.2,14.3,1.1,-,QS,,,,,,,
631-640,Université de Lille,France,25.3,4.2,4.4,14.6,16.8,17.6,86.3,7,17.2,-,QS,,,,,,,
631-640,University of New Mexico,United States,11.6,13.9,38.3,16.4,15.7,4,57.5,9.3,33.8,-,QS,,,,,,,
641-650,Far Eastern Federal University,Russia,10.6,3.5,94.9,1.8,14.1,66.1,5.1,8.2,1.2,-,QS,,,,,,,
641-650,Free University of Bozen-Bolzano,Italy,5,1.5,11,47.6,74.8,26.3,11.1,8,1.9,-,QS,,,,,,,
641-650,Kazakh National Agrarian University KazNAU,Kazakhstan,17.4,13.1,79.8,1.1,20.2,24.3,1,11.8,1.1,-,QS,,,,,,,
641-650,"Lingnan University, Hong Kong",Hong Kong SAR,9.3,5.5,14.6,16.3,100,95,1.1,8,1.1,-,QS,,,,,,,
641-650,Memorial University of Newfoundland,Canada,7,4.6,11,28.5,25.3,71.9,36.5,11.8,31,-,QS,,,,,,,
641-650,New Jersey Institute of Technology (NJIT),United States,3.9,6.1,14,27.5,84.5,69.9,1.9,9.9,20.5,-,QS,,,,,,,
641-650,Pakistan Institute of Engineering and Applied Sciences (PIEAS),Pakistan,5.5,9.5,76.6,34.4,,1,1.1,10.9,1,-,QS,,,,,,,
641-650,The New School,United States,15.9,14.9,44.3,2.8,6,91.7,1.2,24.7,1.1,-,QS,,,,,,,
641-650,Universidad de La Habana,Cuba,19.5,17.3,72.9,1.6,1.9,4,1.2,35.3,1.2,-,QS,,,,,,,
641-650,University of Bradford,United Kingdom,8.7,7.3,8.2,18.1,63.8,93.2,20.1,21.6,3.4,-,QS,,,,,,,
641-650,University of Houston,United States,13.9,10.9,4.5,34,8.5,9.3,34,29.2,27.8,-,QS,,,,,,,
641-650,University of Modena and Reggio Emilia,Italy,8.7,3.2,2.3,50.3,3.9,3.8,21.4,13.9,57.4,-,QS,,,,,,,
641-650,University of Oklahoma,United States,9.6,10.6,16.3,34.3,34.5,5.1,17.9,17.2,33.5,-,QS,,,,,,,
641-650,University of Windsor,Canada,3.6,4.8,2.3,33.1,87.6,75.1,6.1,20.4,6.4,-,QS,,,,,,,
651-660,COMSATS University Islamabad,Pakistan,10.4,29.2,14.4,13.9,1.6,1.6,62.6,8.1,50.9,-,QS,,,,,,,
651-660,Instituto Tecnológico Autónomo de México (ITAM),Mexico,15.5,35.1,11.7,1.8,65.6,1.5,1,64.9,1.2,-,QS,,,,,,,
651-660,Southern Cross University ,Australia,4.7,3.4,3.2,38.6,71.2,66.2,9.3,6.9,11,-,QS,,,,,,,
651-660,Tallinn University of Technology (TalTech),Estonia,12.9,11.4,27.6,9.6,49.5,25,48.5,32,3.5,-,QS,,,,,,,
651-660,Universidad de Montevideo (UM),Uruguay,18.6,13.5,80.2,1.1,23.7,3.3,1,18.8,,-,QS,,,,,,,
651-660,University of Haifa,Israel,13.1,7.4,19.6,30.1,14.2,3.9,13.5,14.1,51.8,-,QS,,,,,,,
651-660,University of Hohenheim,Germany,9.8,5.3,10,39.4,26.4,24.2,36.3,8.8,15,-,QS,,,,,,,
661-670,Aberystwyth University,United Kingdom,9.5,6.4,19.5,23.5,46.1,49.5,27.1,10.5,9.6,-,QS,,,,,,,
661-670,Brandeis University,United States,9.8,4.3,49.9,16.3,26.2,70.6,1.4,17.4,1.5,-,QS,,,,,,,
661-670,Ca' Foscari University of Venice ,Italy,18.8,14.8,4.9,14.2,35.1,8.2,15.5,10.8,62.8,-,QS,,,,,,,
661-670,Holy Spirit University of Kaslik ,Lebanon,6,12,60.6,2,99,38.3,1,9.5,2.6,-,QS,,,,,,,
661-670,Karl-Franzens-Universitaet Graz,Austria,21.3,9.5,12.3,10.9,46.9,28.4,15.2,18.3,19.2,-,QS,,,,,,,
661-670,Lebanese American University,Lebanon,10.5,28.2,35.5,3.2,78.9,26.4,1,10.4,7.8,-,QS,,,,,,,
661-670,Middlesex University,United Kingdom,5.6,4.8,8.3,14.3,85.1,99.6,20.6,15.8,8.6,-,QS,,,,,,,
661-670,National Chung Hsing University,Taiwan,20.2,24.1,27.6,11.8,7.9,5.6,2.2,20.4,20.1,-,QS,,,,,,,
661-670,Princess Nourah bint Abdulrahman University,Saudi Arabia,16.6,16.5,19.4,1.9,92.5,47.7,6.3,8.2,2.5,-,QS,,,,,,,
661-670,Tokyo University of Science,Japan,11,54.8,10.6,11.7,13.3,3.8,1.2,29.8,7,-,QS,,,,,,,
661-670,Universidad Panamericana (UP),Mexico,8.7,22,81.5,1.2,10.5,2.5,1.2,49.4,1,-,QS,,,,,,,
661-670,Università degli Studi di Perugia,Italy,9.3,2.3,3.6,42.4,6.9,5.9,27.3,6,66,-,QS,,,,,,,
661-670,Universitas Padjadjaran,Indonesia,16.8,34,36.6,1.4,24,1.7,1.2,22,24.8,-,QS,,,,,,,
661-670,Universitat Rovira i Virgili,Spain,6.7,2,16.6,37.4,7.6,22.5,38.6,7.5,47.2,-,QS,,,,,,,
671-680,American University of the Middle East,Kuwait,17.7,18,17.8,3.3,100,25,1.3,12.7,1.1,-,QS,,,,,,,
671-680,Carleton University,Canada,10.9,13.9,3.1,21.8,21.6,46,16.8,28.5,35.8,-,QS,,,,,,,
671-680,Dongguk University ,South Korea,10.4,11.5,88.5,8.5,8.5,23.4,2.8,4.9,1.6,-,QS,,,,,,,
671-680,University of Debrecen,Hungary,17.3,10.3,30.4,3.7,10.6,68,39.6,16.9,3.5,-,QS,,,,,,,
671-680,University of Greenwich,United Kingdom,4.5,4.2,4.6,10.6,91.9,100,41.1,12.8,12.7,-,QS,,,,,,,
671-680,University of Manitoba,Canada,14.5,12,36.3,10,,27.8,29.3,24.1,32.9,-,QS,,,,,,,
681-690,Abai Kazakh National Pedagogical University,Kazakhstan,23.2,17,47.8,1.2,38,2.8,1,12.1,1,-,QS,,,,,,,
681-690,Colegio de México,Mexico,15.6,3.1,100,1.6,9.1,18,1,7.7,1,-,QS,,,,,,,
681-690,De La Salle University,Philippines,21,45.1,10.5,4.2,2,2.7,1.3,35.6,5.6,-,QS,,,,,,,
681-690,East China University of Science and Technology,China (Mainland),7.5,2.6,13,61.4,2.7,1.8,2.8,11.7,3.6,-,QS,,,,,,,
681-690,Paris Lodron University of Salzburg,Austria,9.4,2.3,13,8,95.1,97.5,13.3,12,6.3,-,QS,,,,,,,
681-690,Pontificia Universidad Católica de Valparaíso,Chile,27.3,39.6,4.9,6.6,10.4,1.6,5.3,8.7,1.8,-,QS,,,,,,,
681-690,Shiraz University,"Iran, Islamic Republic of",5.7,10.4,5.1,54.9,1.2,1.8,6.4,13.4,27.6,-,QS,,,,,,,
681-690,Soochow University,China (Mainland),6.2,2.3,16.8,58.5,6.7,2.7,10.4,11.1,3.8,-,QS,,,,,,,
681-690,Taras Shevchenko National University of Kyiv,Ukraine,19.2,38.6,33.4,2.3,1.5,5.1,2.9,28,1.9,-,QS,,,,,,,
681-690,The National University of Science and Technology MISIS,Russia,6.5,8,75.5,14.7,7.9,49.9,3.6,9.8,1.1,-,QS,,,,,,,
681-690,University of Kentucky,United States,10.9,11.5,18.9,26.1,20.9,3.7,40.6,13.6,24.1,-,QS,,,,,,,
691-700,Indian Institute of Technology Hyderabad,India,5.1,2.7,16.6,64.3,1.2,1.1,1,8.2,2.6,-,QS,,,,,,,
691-700,Inha University,South Korea,10.9,15.3,72.9,11.7,8.8,14.4,1.4,12.4,3,-,QS,,,,,,,
691-700,Universidad Iberoamericana IBERO,Mexico,19.1,31.1,31.6,1.3,5.5,2.4,1,51.4,7.4,-,QS,,,,,,,
691-700,Universidade Federal de Minas Gerais      ,Brazil,32.7,5.7,12.4,7.6,7.1,1.8,24.7,25.6,13.7,-,QS,,,,,,,
691-700,Universidade Federal do Rio Grande Do Sul ,Brazil,28.6,3.8,10.9,10.1,2.2,1.6,36,9.5,46.3,-,QS,,,,,,,
691-700,University of Cincinnati,United States,12.3,7.6,21,25.8,6,10.8,32.1,20,31.3,-,QS,,,,,,,
691-700,University of Dhaka,Bangladesh,21.3,44.9,11.7,2.6,1.7,1,2.1,30.3,11.6,-,QS,,,,,,,
691-700,University of Mons ,Belgium,6.7,13,3.1,40.3,35.9,43.6,5.2,11.3,1.8,-,QS,,,,,,,
691-700,University of Trieste,Italy,11.9,3.6,4,45.5,6.4,7.6,37.6,12.9,4,-,QS,,,,,,,
691-700,V. N. Karazin Kharkiv National University,Ukraine,12.6,17.9,66,1.4,3.1,58.8,1.6,9.9,1.1,-,QS,,,,,,,
701-710,Altai State University,Russia,10,3.7,84.4,1.4,6.7,69.9,1,7.6,6.1,-,QS,,,,,,,
701-710,Chiba University,Japan,16.8,8.4,62.3,10.9,7.5,5.2,2.5,8.6,18.8,-,QS,,,,,,,
701-710,Czech University of Life Sciences in Prague,Czech Republic,11,8.8,9.2,9.5,26.6,64.5,54.7,9.4,35.8,-,QS,,,,,,,
701-710,Eötvös Loránd University,Hungary,23.9,16.8,13.2,7.8,5,11.3,31.1,30.8,10.2,-,QS,,,,,,,
701-710,Universidad de Antioquia,Colombia,31,33.9,4.2,4.3,3.9,1.3,3.9,9.6,5.2,-,QS,,,,,,,
701-710,Universidade de Santiago de Compostela,Spain,23.5,10.3,13,16.1,2.8,6,38,8.1,23.2,-,QS,,,,,,,
701-710,Wake Forest University,United States,5.4,6.1,100,11,5.4,13.5,5.5,16.5,2.3,-,QS,,,,,,,
701-710,Zayed University,United Arab Emirates,14.5,17.3,22,6.3,100,2,8.3,17,2.8,-,QS,,,,,,,
711-720,Beirut Arab University ,Lebanon,13.4,18.8,16.5,2.7,80.1,51.3,1.1,18.2,1.1,-,QS,,,,,,,
711-720,China University of Petroleum,China (Mainland),3.8,1.5,9.8,64.8,1.5,3.2,1.2,17.1,2.5,-,QS,,,,,,,
711-720,International Islamic University Malaysia (IIUM),Malaysia,22.8,17.2,14.2,2.9,24,60.2,12.2,7.2,3,-,QS,,,,,,,
711-720,Istanbul University,Turkey,26.4,19.1,3,4.2,6.4,15.7,36.1,34.7,3.4,-,QS,,,,,,,
711-720,Savitribai Phule Pune University,India,7.8,11.3,55.1,30.4,1.2,3.3,3,7.2,4.9,-,QS,,,,,,,
711-720,Universidad del Rosario,Colombia,14.4,43.4,21,2.7,9.5,2.4,1.1,27.5,22.5,-,QS,,,,,,,
711-720,Université de Rennes 1 (University of Rennes),France,15.8,4,12.2,25,12.6,12.1,57.3,7.4,13.4,-,QS,,,,,,,
711-720,"University of Maryland, Baltimore County",United States,10.6,13.1,13.4,18.1,59.4,15.9,6.2,10.8,38.7,-,QS,,,,,,,
711-720,University of New Brunswick,Canada,4.6,6.9,23,24.9,63.8,24.8,5.9,14.4,32.7,-,QS,,,,,,,
711-720,University of Westminster,United Kingdom,12.9,6.7,5.9,6,78.4,100,1.9,16.3,1.9,-,QS,,,,,,,
711-720,Victoria University ,Australia,7.6,6.5,2.4,34.6,34.1,57.6,15,12.3,4.1,-,QS,,,,,,,
721-730,Ain Shams University ,Egypt,22.4,25.4,10.2,1.9,25,5.6,22.2,30.2,7,-,QS,,,,,,,
721-730,Beijing University of Chemical Technology,China (Mainland),4.8,1.8,15.6,62.7,,,2,5.9,1.4,-,QS,,,,,,,
721-730,Jeonbuk National University,South Korea,16.7,10.7,65.8,9.7,8.2,7.4,2.9,5.1,3.1,-,QS,,,,,,,
721-730,Temple University,United States,12.5,7.9,26.4,18.8,3.4,5.7,48.1,18.3,23,-,QS,,,,,,,
721-730,Ton Duc Thang University,Vietnam,4.2,10.2,5.1,34.6,18.4,1.6,84.9,11.8,6.8,-,QS,,,,,,,
721-730,Universita' Politecnica delle Marche,Italy,6,2.8,11,49.1,3.9,4.8,40.9,6.9,6.5,-,QS,,,,,,,
721-730,Université Côte d\'Azur,France,15.8,3,5.2,21.8,32.8,39.7,42.6,7.8,5.6,-,QS,,,,,,,
721-730,Université de Lorraine,France,13.7,3.6,6.4,11.4,28.9,28.4,93.1,10.2,17.2,-,QS,,,,,,,
721-730,University of Belgrade,Serbia,17.8,5.2,4.3,5.3,2.9,4.3,95.4,56.7,16.1,-,QS,,,,,,,
721-730,"University of Colorado, Denver ",United States,8.4,6.3,100,4.9,3.6,9,2.3,8.4,15.2,-,QS,,,,,,,
721-730,University of Oregon,United States,17.7,8.6,11.2,24,12.5,4.5,8.9,18.3,30.7,-,QS,,,,,,,
731-740,"Adam Mickiewicz University, Poznań",Poland,15.8,8.7,29.7,5,7,7,59.5,12.6,38.4,-,QS,,,,,,,
731-740,Alfaisal University,Saudi Arabia,3.9,3.2,23.9,10.7,100,89.4,1.1,9.2,1.2,-,QS,,,,,,,
731-740,Bournemouth University,United Kingdom,5.7,8.3,6.1,17.4,81.2,50.1,23.3,10,18.4,-,QS,,,,,,,
731-740,Indian Institute of Technology Bhubaneswar,India,3.8,3.4,12,63.3,1.6,1,1,8.2,1,-,QS,,,,,,,
731-740,Jordan University of Science & Technology,Jordan,18.5,24.5,16.4,4.7,13.9,31.6,9.9,9.8,22,-,QS,,,,,,,
731-740,"National Technical University of Ukraine ""Igor Sikorsky Kyiv Polytechnic Institute""",Ukraine,16.1,33.7,47,1.5,1.1,2.5,1.4,18.9,1.4,-,QS,,,,,,,
731-740,Universidad EAFIT,Colombia,13.1,61.5,4.5,2.3,4.6,1.6,1,35.1,1.1,-,QS,,,,,,,
731-740,Universidade Federal de São Paulo,Brazil,11.4,4.3,97,6.3,5,1.5,7.2,4.7,4.5,-,QS,,,,,,,
731-740,University of Siena,Italy,12.5,2.6,8.6,33.2,2.1,15.1,16,8.3,49.4,-,QS,,,,,,,
741-750,Budapest University of Technology and Economics,Hungary,14.3,19.4,15.2,8.9,2.5,18.8,25.4,25,40.8,-,QS,,,,,,,
741-750,Instituto Politécnico Nacional (IPN),Mexico,20.4,40.2,8.7,2.1,2.6,1.1,6.9,9.8,33.5,-,QS,,,,,,,
741-750,Jadavpur University,India,16.3,5.1,8.3,37.9,,1,3.1,14.4,21.2,-,QS,,,,,,,
741-750,"Sofia University ""St. Kliment Ohridski""",Bulgaria,14.4,16.3,54.1,2.1,3.1,8.4,12.9,27.3,16.7,-,QS,,,,,,,
741-750,Swarthmore College,United States,3.4,1.8,85.9,17,5.4,28.8,1,18.5,,-,QS,,,,,,,
741-750,Universität Regensburg,Germany,11.2,6.7,75.9,7.2,,9.5,27.1,14.1,1.9,-,QS,,,,,,,
741-750,"University of Agriculture, Faisalabad ",Pakistan,5.8,11.9,1.6,49.5,3.2,1.1,19.1,5.7,21.6,-,QS,,,,,,,
741-750,University of Bari,Italy,12.8,2.9,4.2,27.8,5,2.2,64.5,6.8,37.5,-,QS,,,,,,,
741-750,University of the Punjab,Pakistan,14.2,52.3,5.3,9.8,2.9,1.3,5.2,14.6,4.9,-,QS,,,,,,,
741-750,University of the West of England,United Kingdom,9.2,9.4,8.4,10.8,48.4,75.8,24.8,8.9,21.6,-,QS,,,,,,,
751-760,Ahlia University,Bahrain,12.8,8,31.7,3,100,31,1,8.3,1,-,QS,,,,,,,
751-760,ISCTE - Instituto Universitario de Lisboa,Portugal,7,6.2,1.4,59.2,,,8.1,10,,-,QS,,,,,,,
751-760,Kasetsart University,Thailand,24.3,21.8,6.2,2.5,4.8,1.3,5.2,19.3,51.5,-,QS,,,,,,,
751-760,Liverpool John Moores University,United Kingdom,9.9,6.8,8.4,14.5,48.1,24.4,56.2,10.4,24.4,-,QS,,,,,,,
751-760,Riga Technical University,Latvia,11.4,28.2,19.7,2.9,16.4,59.9,1.4,18.5,15.2,-,QS,,,,,,,
751-760,Technische Universität Braunschweig,Germany,11,14.5,58.8,6.3,,26.8,20.2,12,4.8,-,QS,,,,,,,
751-760,Universidad Externado de Colombia ,Colombia,14,43.7,31.2,1.1,11.3,1.6,1,18.8,1,-,QS,,,,,,,
751-760,Université du Québec,Canada,17.3,11.8,1.6,16.3,37.1,11.6,19.7,14.8,27.3,-,QS,,,,,,,
751-760,University of Mumbai,India,8.1,25,2.4,25,2,3.5,1.1,70.5,10.5,-,QS,,,,,,,
751-760,University of Ulsan ,South Korea,6.9,2.5,57.8,34.3,2.5,3.4,1.8,6.9,1.3,-,QS,,,,,,,
751-760,University of Zagreb,Croatia,16.2,4.7,23.8,4.2,1.5,2.7,74.2,44.8,19.2,-,QS,,,,,,,
751-760,Wayne State University,United States,7.8,3.2,64.7,12.3,12.5,4.8,41.9,15.4,6.4,-,QS,,,,,,,
761-770,Hacettepe University ,Turkey,20.4,22.7,10.1,6,3.2,3.4,27,13.8,31.6,-,QS,,,,,,,
761-770,King Khalid University,Saudi Arabia,12.8,5.1,43,2.2,100,10.2,7.8,7.8,1.1,-,QS,,,,,,,
761-770,Philipps-Universität Marburg ,Germany,14,7.5,5.5,31.1,16.8,22.6,16.2,9.1,6.1,-,QS,,,,,,,
761-770,Universidad de Belgrano,Argentina,9.9,10.7,88.1,1,5.7,26.3,1,8.7,,-,QS,,,,,,,
761-770,Universität Rostock,Germany,7.7,3.2,79.4,5.8,,14.7,47.6,9.2,2.8,-,QS,,,,,,,
761-770,Universiti Tenaga Nasional (UNITEN),Malaysia,7.3,13.8,49.1,14.6,5.7,50.2,3,10.4,1.8,-,QS,,,,,,,
761-770,Virginia Commonwealth University,United States,6.7,16.5,43.1,13.7,15.9,3.2,39.2,12.4,12,-,QS,,,,,,,
771-780,Chandigarh University,India,11.5,43.4,21.1,1.3,34.1,15.1,1.1,8.1,2.8,-,QS,,,,,,,
771-780,Comenius University Bratislava,Slovakia,14.1,5.2,55.8,3.4,4.1,30.5,13,32.8,4.1,-,QS,,,,,,,
771-780,Rutgers University–Newark,United States,11.1,5.2,15.5,19.3,26.3,46.8,2.2,28.6,15.4,-,QS,,,,,,,
771-780,Sechenov University,Russia,5.8,4.4,59.7,3.4,9.6,66,46.5,4.7,1.1,-,QS,,,,,,,
771-780,Shoolini University of Biotechnology and Management Sciences,India,8.3,12.6,7.3,42.4,24.2,1.7,2.1,8,1,-,QS,,,,,,,
771-780,Universidad Anáhuac México,Mexico,13.4,24.1,45.6,1.1,6.7,3.7,1,49.5,1.2,-,QS,,,,,,,
771-780,Universidad ORT Uruguay,Uruguay,11.8,11.8,82.6,1.2,17.9,1.9,1,13,1,-,QS,,,,,,,
771-780,Universität Duisburg-Essen,Germany,11.5,5.2,11.4,11.8,36.4,42.2,54.9,11.5,9.2,-,QS,,,,,,,
771-780,Université de Nantes,France,10.3,2.7,7.1,23.6,17.1,13.9,77.3,6.7,15.6,-,QS,,,,,,,
771-780,University at Albany SUNY,United States,8.6,4.5,5.3,41.8,4.2,6,23.2,9.4,23.9,-,QS,,,,,,,
771-780,University of Brighton,United Kingdom,8.4,7,8.9,15.8,56.2,54.2,27.6,11.2,9.1,-,QS,,,,,,,
781-790,University of Northern British Columbia,Canada,3.8,8.5,100,1.1,,,40.3,7.3,,-,QS,,,,,,,
781-790,China University of Mining and Technology,China (Mainland),3.7,1.6,9.5,60.5,,,2.9,9,3,-,QS,,,,,,,
781-790,Keele University ,United Kingdom,6.7,4.3,15.2,27.1,53.1,33.2,11.6,10.5,3.1,-,QS,,,,,,,
781-790,Khoja Akhmet Yassawi International Kazakh-Turkish University,Kazakhstan,14.6,20.9,53,1.2,8.5,15.5,1,11.6,4.4,-,QS,,,,,,,
781-790,Nanjing Agricultural University,China (Mainland),5.5,1.9,7.2,58.8,,1.5,6.5,5.3,2.5,-,QS,,,,,,,
781-790,National Institute of Technology Tiruchirappalli,India,3.7,2.7,11.8,58.9,,2.1,1.5,7.7,1.1,-,QS,,,,,,,
781-790,Syracuse University,United States,13.6,9.6,11.8,13.7,4.8,44.1,11.1,30.2,23,-,QS,,,,,,,
781-790,The Catholic University of Korea ,South Korea,3.6,2.7,99,12,3.3,13,1,7.2,1.1,-,QS,,,,,,,
781-790,Universiti Malaysia Pahang,Malaysia,10.1,7.1,15.2,28.3,23.6,9.7,5.9,9.9,28.4,-,QS,,,,,,,
781-790,University of Alaska Fairbanks,United States,3.1,3.2,99.6,13.4,6.7,3.1,4.6,8.4,,-,QS,,,,,,,
791-800,American University,United States,16.2,22.8,30,4.1,3,15.6,1.2,33.3,3,-,QS,,,,,,,
791-800,Clarkson University,United States,1.6,2.4,16.9,39,64.7,8.6,2.6,10.7,1.2,-,QS,,,,,,,
791-800,Diponegoro University,Indonesia,17.2,33.9,15.7,1.4,22.8,2.8,1,15,13.1,-,QS,,,,,,,
791-800,Instituto Tecnológico de Buenos Aires (ITBA),Argentina,9,38.8,35.2,1.4,26.7,13.5,1,6.6,,-,QS,,,,,,,
791-800,Lanzhou University,China (Mainland),8.3,2.3,26.3,38.1,2.5,1.6,15.3,6.2,9.8,-,QS,,,,,,,
791-800,Plekhanov Russian University of Economics,Russia,12.6,14.3,49.6,2.8,6,21.2,5.8,30.1,7.5,-,QS,,,,,,,
791-800,Universidad de La Sabana,Colombia,19.4,39.1,15.4,2,6.7,3.3,1,11.3,3.7,-,QS,,,,,,,
791-800,University of Brescia,Italy,3.9,2.1,6.8,50.4,2.6,6.9,9,8.8,24.8,-,QS,,,,,,,
791-800,University of Engineering & Technology (UET) Lahore,Pakistan,8.9,44.8,16.4,5.7,1.1,3.6,2.1,16.8,27.3,-,QS,,,,,,,
791-800,University of Patras,Greece,12.1,17.7,2.7,24,1.5,5.1,12.4,8.4,41.1,-,QS,,,,,,,
801-850,Al-Ahliyya Amman University,Jordan,6.8,5.9,9.3,2.3,72.9,100,1,10.4,1.6,-,QS,,,,,,,
801-850,Almaty Technological University,Kazakhstan,5.1,3.3,92.1,1,26,5.2,1,11.8,1,-,QS,,,,,,,
801-850,Auburn University,United States,7.2,8.5,7.4,19,23.9,7.8,14.3,17.4,53.4,-,QS,,,,,,,
801-850,Australian Catholic University,Australia,8.3,10.5,4.7,13.5,70.2,43.2,3.2,8.1,4.7,-,QS,,,,,,,
801-850,Babes-Bolyai University,Romania,16.4,13.7,4.7,4.2,7.7,4,42.6,23.1,48.4,-,QS,,,,,,,
801-850,Bangladesh University of Engineering and Technology,Bangladesh,15.6,34.8,16.9,12,,1,1.2,7,3.4,-,QS,,,,,,,
801-850,Beijing University of Technology,China (Mainland),8.3,3.5,42.9,26.6,4.8,2.9,1.7,8.9,2.9,-,QS,,,,,,,
801-850,Belarusian National Technical University (BNTU),Belarus,13.1,29.8,45.6,1,2.2,12.6,1,7.1,,-,QS,,,,,,,
801-850,Charles Sturt University ,Australia,5,6,7,8.6,31.7,74,10.5,10.3,53.4,-,QS,,,,,,,
801-850,China University of Geosciences,China (Mainland),5.3,1.4,55.9,25.3,1.6,2.9,26.1,5.3,7,-,QS,,,,,,,
801-850,Clark University,United States,3,5.3,23.4,18.3,14.2,72.6,1.2,14.9,33.2,-,QS,,,,,,,
801-850,De Montfort University,United Kingdom,5.5,4.8,5.8,7.6,75.3,97.5,8.8,10.5,4.9,-,QS,,,,,,,
801-850,Edinburgh Napier University,United Kingdom,4.9,4.2,4.1,10.4,73.8,87.9,5.9,10.8,2.9,-,QS,,,,,,,
801-850,Immanuel Kant Baltic Federal University,Russia,8.1,2.3,75.5,1.8,17.9,32,2.7,6.3,1.9,-,QS,,,,,,,
801-850,Ivane Javakhishvili Tbilisi State University,Georgia,9.7,2.6,76,1.2,1.9,3.5,1.2,43.4,1.1,-,QS,,,,,,,
801-850,Jouf University,Saudi Arabia,8.8,5.3,45.1,1.9,100,2.8,2.2,8,1,-,QS,,,,,,,
801-850,Kaunas University of Technology,Lithuania,11.3,21.8,31.5,6.8,3.3,24.1,16.9,8.4,1.9,-,QS,,,,,,,
801-850,Konkuk University ,South Korea,9.4,9.3,59,13.8,7.7,9.8,2.8,9.9,2.3,-,QS,,,,,,,
801-850,Louisiana State University,United States,9.7,8.3,7.1,16.2,10.1,4.1,15.5,17.2,70.7,-,QS,,,,,,,
801-850,Maynooth University,Ireland,10,9.2,8.7,12.6,89.4,15.6,4.7,9,4.7,-,QS,,,,,,,
801-850,Nagasaki University,Japan,6.9,2.2,84.2,6.2,6.5,4.2,11.8,8.3,2,-,QS,,,,,,,
801-850,Nanjing University of Aeronautics and Astronautics,China (Mainland),4.7,2.6,13.1,47.3,5.7,3.2,4.5,5.3,1.5,-,QS,,,,,,,
801-850,North-West University,South Africa,7.1,9.1,5.2,13,5.8,2.4,88.2,12.7,49.7,-,QS,,,,,,,
801-850,Poznan University of Life Sciences,Poland,5.8,1.8,98,5.2,3.2,5.4,1.7,8.2,1.1,-,QS,,,,,,,
801-850,Ritsumeikan Asia Pacific University,Japan,5.1,9.4,2.4,2.6,99.6,99.6,1,7.8,1,-,QS,,,,,,,
801-850,Texas Tech University,United States,11,11.8,5,15.3,8.5,7.1,20.3,13.7,56.1,-,QS,,,,,,,
801-850,Tokyo University of Agriculture and Technology ,Japan,13.6,6.7,13.3,32.9,5.8,9.5,6,7.8,1.8,-,QS,,,,,,,
801-850,Universidad de la República (Udelar),Uruguay,25.1,14.4,17.5,1.6,8.4,2.5,8.3,22.5,4.1,-,QS,,,,,,,
801-850,Universidad de San Andrés - UdeSA,Argentina,6.8,32.6,48.1,2.1,8,4.4,1,18,1,-,QS,,,,,,,
801-850,Universidad Pontificia Bolivariana ,Colombia,9.3,15.4,69.9,1.6,4.9,2.1,1.2,18.2,3.3,-,QS,,,,,,,
801-850,Universidad San Francisco de Quito (USFQ),Ecuador,14.4,10.7,36.1,2.3,56.9,2,1.5,11,7.8,-,QS,,,,,,,
801-850,Universidad Técnica Federico Santa María (USM),Chile,10,50.6,3.7,5.9,15.8,1.9,9.5,10.1,7.9,-,QS,,,,,,,
801-850,Universidade de Brasília,Brazil,26.1,14.5,8.4,4.2,11.9,1.6,15.3,11.5,9.4,-,QS,,,,,,,
801-850,Universidade Federal de Santa Catarina ,Brazil,19.6,4.4,19,8,4.4,2,18,8.2,57.4,-,QS,,,,,,,
801-850,Universitas Brawijaya ,Indonesia,17.2,34.5,10.5,1.4,6.2,1.5,1.1,14,14.5,-,QS,,,,,,,
801-850,Université de Sherbrooke,Canada,6.9,6.8,19.9,20.1,56.2,8.4,3.2,14.3,7.5,-,QS,,,,,,,
801-850,Universiti Tunku Abdul Rahman (UTAR),Malaysia,12.9,36.4,11.1,5.1,8.4,3.3,2.1,9.7,30.7,-,QS,,,,,,,
801-850,University Duesseldorf,Germany,12.9,7.6,41.1,7.5,,15.7,30.9,9.5,1.7,-,QS,,,,,,,
801-850,University of Alicante,Spain,13.4,6.2,22.9,8,4.6,14,41.8,5.5,29.9,-,QS,,,,,,,
801-850,University of Balamand,Lebanon,4.9,13,83.8,2,12.6,21.8,1,8.2,1,-,QS,,,,,,,
801-850,University of Calcutta,India,15.7,4.3,5.6,20.3,25.9,1.1,3.2,38.8,1.9,-,QS,,,,,,,
801-850,University of Dubai,United Arab Emirates,4.2,4.5,13,10,100,64.5,1,17.3,1,-,QS,,,,,,,
801-850,University of Hyderabad,India,11.9,2.8,16.3,37.9,2,2,1.4,7.8,1.3,-,QS,,,,,,,
801-850,University of Latvia,Latvia,12.5,17.8,5.1,6.1,12.5,5.3,21.5,59.8,13.7,-,QS,,,,,,,
801-850,University of Massachusetts Boston,United States,11.9,4.9,11.5,27.5,5.9,9.6,2.3,7.6,40.2,-,QS,,,,,,,
801-850,University of Pecs,Hungary,13.2,8.8,38.1,2.7,9.1,62.4,4.8,9.6,3,-,QS,,,,,,,
801-850,University of Salerno,Italy,7.9,2.1,4.8,31.9,3.4,1.8,64.8,5.4,7.6,-,QS,,,,,,,
801-850,University of Santo Tomas,Philippines,11.5,33.5,15.7,1.3,41.4,8.2,1,12.5,1.1,-,QS,,,,,,,
801-850,Verona University,Italy,8.7,2.9,4.8,40,4.7,3.6,32,6.9,14.7,-,QS,,,,,,,
801-850,Vilnius Gediminas Technical University,Lithuania,9,16.7,40.9,7.3,15.8,38.8,4.7,11.5,1.9,-,QS,,,,,,,
801-850,Vytautas Magnus University,Lithuania,11,20.6,38.5,2.1,15.1,40.2,2.4,11.4,1.6,-,QS,,,,,,,
801-850,Yokohama City University,Japan,3.3,2.6,97.7,10.3,4.1,2.4,1.1,8.5,1,-,QS,,,,,,,
801-850,Karaganda State Technical University,Kazakhstan,8.4,6.8,80.6,1.1,8.2,18.4,1,12.1,2.1,-,QS,,,,,,,
851-900,Addis Ababa University,Ethiopia,5.6,10.8,61.1,1.7,,,14.3,54.7,,-,QS,,,,,,,
851-900,Beijing University of Posts and Telecommunications,China (Mainland),3.9,2.2,10,49.2,5,1.8,1.1,10.4,1.2,-,QS,,,,,,,
851-900,Catania University,Italy,11.7,3.1,4.8,27.4,2.8,2.6,30.4,6.1,25.1,-,QS,,,,,,,
851-900,Chonnam National University,South Korea,11.7,5,44,14.3,11.4,6.5,1.7,6,4,-,QS,,,,,,,
851-900,Chungnam National University,South Korea,11.7,8,45.3,10.6,8.2,10.7,1.6,8,2.1,-,QS,,,,,,,
851-900,Clemson University,United States,8.3,10.8,12.9,16.7,8.3,4.5,36.4,11.1,32.1,-,QS,,,,,,,
851-900,CY Cergy Paris University,France,3.4,2.7,41.9,6.5,54.3,45.1,8.1,7.4,9.6,-,QS,,,,,,,
851-900,Gdańsk University of Technology,Poland,9.2,14.4,36.3,11.8,3.3,7.1,11.8,8.6,14.9,-,QS,,,,,,,
851-900,Georgia State University,United States,11.7,13.6,4.9,20.3,10.5,7.4,17,16.1,11.8,-,QS,,,,,,,
851-900,Gulf University for Science and Technology,Kuwait,10.7,7.3,9.3,4.3,100,23.3,1,14,1.9,-,QS,,,,,,,
851-900,Huazhong Agricultural University,China (Mainland),4.1,1.8,6.3,48.7,4,1.6,2.8,5.9,4,-,QS,,,,,,,
851-900,Kanazawa University,Japan,9.3,4.4,60.8,12.1,9.2,5.8,2.4,7.9,1.4,-,QS,,,,,,,
851-900,Kansas State University ,United States,8.9,8,12,20,24,5.2,19,13,26.1,-,QS,,,,,,,
851-900,Karaganda Buketov University,Kazakhstan,13.7,19.9,32.4,1.2,22.2,7.3,1,11.9,1,-,QS,,,,,,,
851-900,King Faisal University,Saudi Arabia,15,8.6,11.4,2.4,99.2,2,3.1,7.5,1.1,-,QS,,,,,,,
851-900,Kuwait University,Kuwait,13.6,8.3,6.4,2.2,30.4,21,10.9,51.3,18.8,-,QS,,,,,,,
851-900,Kyrgyz-Turkish Manas University,Kyrgyzstan,13,7.3,12.2,1.6,85.3,24.7,1,14.5,,-,QS,,,,,,,
851-900,London South Bank University,United Kingdom,3.5,2.9,8.3,5.6,78.2,95.9,2.3,11.1,1.1,-,QS,,,,,,,
851-900,Michigan Technological University,United States,4.4,4.2,26,32.1,19.6,9.4,8.3,8.6,3.2,-,QS,,,,,,,
851-900,National Research Saratov State University,Russia,5.2,2.5,95.8,1.7,3.2,18.2,1.2,4.7,1,-,QS,,,,,,,
851-900,Niigata University,Japan,4.9,3.3,88.1,4.6,4.2,3.3,1.2,9.2,3,-,QS,,,,,,,
851-900,North South University,Bangladesh,12.1,48.4,5.6,2.3,12.2,2.4,1.1,13.3,1.1,-,QS,,,,,,,
851-900,Oklahoma State University ,United States,8.4,9.7,10.7,15.1,37.3,4.3,23.4,16.6,20.9,-,QS,,,,,,,
851-900,Pavol Jozef Šafárik University in Košice,Slovakia,5.1,3.6,55.5,3.6,2,63.8,3.3,13,1.3,-,QS,,,,,,,
851-900,"Queen Margaret University , Edinburgh",United Kingdom,3.8,4,5.3,17,61.2,76,1,8.7,1,-,QS,,,,,,,
851-900,Ryerson University,Canada,7,14.4,1.7,30.7,,3.6,14.6,12.7,8,-,QS,,,,,,,
851-900,Southern Federal University,Russia,7.6,3.6,77.8,1.8,3.5,23.1,5.1,6.6,11.7,-,QS,,,,,,,
851-900,Technological University Dublin,Ireland,12.1,12.4,12.6,3.1,32.7,39.6,5,13.1,16.9,-,QS,,,,,,,
851-900,TU Dortmund University,Germany,13.6,13.8,22.2,7.4,20.2,19.1,17,9.1,4.4,-,QS,,,,,,,
851-900,Universidad Católica del Uruguay (UCU),Uruguay,12.2,12.4,57,1.2,8.7,2.6,1,13.1,1.2,-,QS,,,,,,,
851-900,"Universidad Central ""Marta Abreu"" de Las Villas",Cuba,5.7,1.1,99.9,1.2,1.1,1.3,1.1,14.6,1,-,QS,,,,,,,
851-900,Universidad de Guadalajara (UDG),Mexico,20.3,9.2,19.6,1.3,2.4,1.1,7.5,8.5,37.8,-,QS,,,,,,,
851-900,Universidad Torcuato Di Tella,Argentina,11.9,25.4,17.9,3.2,34.5,8.2,1,17.1,1,-,QS,,,,,,,
851-900,Universita' degli Studi di Ferrara,Italy,6.5,2.4,2.4,38.6,2.5,3.5,26.8,8.4,17.8,-,QS,,,,,,,
851-900,University of Bucharest,Romania,15.5,13.8,6.5,4.2,2.8,1.9,28.7,34.7,27.8,-,QS,,,,,,,
851-900,University of East London,United Kingdom,3.6,3.5,3.5,6.7,74.2,100,2.1,12,1.1,-,QS,,,,,,,
851-900,University of Hertfordshire,United Kingdom,4.7,4.8,6.4,5.6,63.4,99.5,11.2,12,2.7,-,QS,,,,,,,
851-900,University of Lincoln,United Kingdom,6.1,5.1,9.1,11.3,64.6,30.1,9.6,8.9,37.5,-,QS,,,,,,,
851-900,University of Malta,Malta,5.3,5.2,38.2,6.5,15.1,11.2,35.4,47.4,2.3,-,QS,,,,,,,
851-900,University of Maribor,Slovenia,7,6.7,30.8,6.7,1.9,14.3,16.1,52.1,31.3,-,QS,,,,,,,
851-900,University of Messina (UniME),Italy,8.3,2.5,12.7,29.4,1.4,4.4,30.7,1,23.2,-,QS,,,,,,,
851-900,University of Palermo,Italy,10.9,2.4,5.1,27.5,2.4,1.9,53.3,5.1,9.7,-,QS,,,,,,,
851-900,University of Parma,Italy,9.4,2.7,2.6,34.6,2,6.3,35.1,10.2,3.7,-,QS,,,,,,,
851-900,University of Salford,United Kingdom,7.4,4,6.7,7.8,38.1,70.1,20.8,11.8,9.8,-,QS,,,,,,,
851-900,University of South Africa,South Africa,9.6,4.9,1,8.8,,8,81.8,66.6,,-,QS,,,,,,,
851-900,University Paris 2 Panthéon-Assas,France,7.1,3.5,71.3,1.2,12.5,24.5,1,27.4,1,-,QS,,,,,,,
851-900,Vellore Institute of Technology (VIT),India,11.2,12.2,6.5,21.3,19,2.2,13.3,10.2,9.7,-,QS,,,,,,,
851-900,Wesleyan University,United States,4.4,1.8,63.5,8.6,18,16.8,1,27.7,,-,QS,,,,,,,
851-900,Worcester Polytechnic Institute,United States,3.9,5.7,17.1,27.5,42.7,24.2,1.7,11.8,1.3,-,QS,,,,,,,
851-900,Wuhan University of Technology,China (Mainland),6.9,2.1,12.1,41.1,,2.6,9.7,7,2.4,-,QS,,,,,,,
901-950,AGH University of Science and Technology,Poland,9.2,15.2,37.3,7,2.7,4.5,13.2,8.8,2.5,-,QS,,,,,,,
901-950,Alexandria University ,Egypt,21.5,13.1,5,1.9,1.7,5,28.7,13.5,2.7,-,QS,,,,,,,
901-950,Ankara Üniversitesi,Turkey,18.5,11.7,8.1,2.7,2.5,5.4,32.4,15.4,16.1,-,QS,,,,,,,
901-950,Asia University Taiwan,Taiwan,5.9,1.8,3.3,38.7,9.5,3.5,12,7.9,2.3,-,QS,,,,,,,
901-950,Athens University of Economics and Business,Greece,7.4,33.3,1.6,17.7,1.7,3.3,1,15.7,4.1,-,QS,,,,,,,
901-950,Beijing Jiaotong University,China (Mainland),10.1,4.2,16,28.8,5,10.6,2.6,8.2,1.7,-,QS,,,,,,,
901-950,College of William and Mary,United States,8.3,10.6,25.7,15.6,6.9,6.8,2.5,21.4,8.1,-,QS,,,,,,,
901-950,D. Serikbayev East Kazakhstan state technical university,Kazakhstan,11.6,6.3,59.9,1.2,17.3,2.7,1,12.6,1.6,-,QS,,,,,,,
901-950,Donghua University,China (Mainland),4,1.5,26.9,37.9,2.3,3.4,1.9,6.2,1.3,-,QS,,,,,,,
901-950,Hallym University ,South Korea,2.6,1.9,94,6.9,4.2,2.7,1,4.2,1,-,QS,,,,,,,
901-950,Kumamoto University,Japan,7.6,3.1,56,12.3,5.9,3.4,3.1,8.1,1.9,-,QS,,,,,,,
901-950,London Metropolitan University,United Kingdom,5.5,2.9,4.5,3.2,60.8,100,1,14,1,-,QS,,,,,,,
901-950,Loyola University Chicago,United States,8.7,29.6,21.3,8,7.4,3,1.6,13.1,2.5,-,QS,,,,,,,
901-950,Mendel University in Brno,Czech Republic,6.4,8.6,48.8,3.9,10.4,37.1,13.1,8.7,1.3,-,QS,,,,,,,
901-950,National Chung Cheng University,Taiwan,13,26.2,18.2,5.2,4.5,3.9,1.1,4.2,8.3,-,QS,,,,,,,
901-950,"National Technical University ""Kharkiv Polytechnic Institute""",Ukraine,6.6,12.1,63.3,1.3,1.8,24,1,10.2,,-,QS,,,,,,,
901-950,Nicolaus Copernicus University ,Poland,7.5,3,48.7,4.8,3.4,4.8,51.1,8.2,2,-,QS,,,,,,,
901-950,Northern Borders University,Saudi Arabia,10.4,3.7,21.9,2,98.2,5.2,1,8.2,1,-,QS,,,,,,,
901-950,Notre Dame University-Louaize NDU,Lebanon,4.5,13.8,24.9,2.6,84.2,21.9,1,8,1,-,QS,,,,,,,
901-950,Ocean University of China,China (Mainland),5.5,1.9,9.9,40.5,3.3,2,9.4,5.9,4.9,-,QS,,,,,,,
901-950,Okayama University,Japan,8.9,3.9,62.1,8.4,5.6,6.3,3.6,8.2,1.6,-,QS,,,,,,,
901-950,Pontificia Universidad Católica del Ecuador (PUCE),Ecuador,16.8,28.7,10.5,1.3,16.9,1.6,1.1,15.5,1.2,-,QS,,,,,,,
901-950,Prince of Songkla University,Thailand,20.1,7.1,16.4,3.2,4.9,1.9,4,7.7,42.6,-,QS,,,,,,,
901-950,Princess Sumaya University for Technology,Jordan,8,19.5,10.7,4.5,42.1,39.9,1,11.7,1,-,QS,,,,,,,
901-950,Qassim University,Saudi Arabia,7.2,2.9,30.6,1.6,98.4,8.6,8.2,8.8,1.5,-,QS,,,,,,,
901-950,Rhodes University ,South Africa,6.7,9.5,13.6,16.5,,35.8,11.6,19.6,6.5,-,QS,,,,,,,
901-950,Riga Stradins University,Latvia,6.7,14.1,14.4,1.8,16.9,86.4,1,11.7,4.1,-,QS,,,,,,,
901-950,Robert Gordon University,United Kingdom,3.5,11.7,5.4,4.9,63.9,76.7,1.5,9.8,1.2,-,QS,,,,,,,
901-950,S.D. Asfendiyarov Kazakh National Medical University,Kazakhstan,5.5,3.8,59.3,1.1,9.6,55.6,1,12.5,1,-,QS,,,,,,,
901-950,Samara National Research University (Samara University),Russia,4.6,2.2,81.8,2.3,2.8,14.3,1.1,10.6,3.3,-,QS,,,,,,,
901-950,Sophia University ,Japan,12.1,19.9,21.3,2.1,35.2,12,1,12.5,5.9,-,QS,,,,,,,
901-950,St. Louis University,United States,4.2,2.7,66.3,11.1,16.5,6.5,2.1,11.1,,-,QS,,,,,,,
901-950,Sungshin Women's University,South Korea,5.1,7.4,88.4,1.2,2.8,4.2,1,5.1,1,-,QS,,,,,,,
901-950,Universidad Autónoma Metropolitana (UAM),Mexico,23.1,14.5,4.1,2.6,8.6,1.3,4.8,7.6,24.8,-,QS,,,,,,,
901-950,Universidad ICESI,Colombia,5.5,9.7,74.3,1.7,4.7,2.5,1,12.5,1.2,-,QS,,,,,,,
901-950,Universidad Nacional Mayor de San Marcos,Peru,21.1,27.8,7,1.3,,,1.9,4.7,1.2,-,QS,,,,,,,
901-950,Universidade Católica Portuguesa - UCP,Portugal,13.3,11.1,13.9,6.5,9.1,26.3,1.6,29.3,9.7,-,QS,,,,,,,
901-950,Universidade de Vigo,Spain,8.3,5.4,8.6,17,2.3,4.1,35.3,7,42.6,-,QS,,,,,,,
901-950,Università degli studi Roma Tre,Italy,17.5,6.9,2.1,14.9,9,4.6,18.2,5.8,8.4,-,QS,,,,,,,
901-950,"University of Alabama, Birmingham",United States,6.7,4.3,49.4,18,,,8.9,7.3,,-,QS,,,,,,,
901-950,University of Central Lancashire,United Kingdom,5.9,5.8,11.5,4.4,37,81.6,16.7,8.9,1.5,-,QS,,,,,,,
901-950,University of Denver,United States,5.3,7.5,45.7,11.1,2.4,5.6,3.3,23.1,18.8,-,QS,,,,,,,
901-950,University of Murcia,Spain,12.6,2.8,32.5,5.7,3.7,8.3,42,5.5,9.4,-,QS,,,,,,,
901-950,University of Petroleum and Energy Studies (UPES),India,18.2,3.7,39.2,2.8,18.1,1.1,1.5,8.1,,-,QS,,,,,,,
901-950,University of Vermont,United States,3.3,3.2,53.2,12.8,3.3,2.5,14.5,14.6,20.3,-,QS,,,,,,,
901-950,University of Wroclaw,Poland,14.8,14.4,28.4,4.2,5,7.6,7.7,12.1,7.3,-,QS,,,,,,,
901-950,West Virginia University,United States,6.4,6.2,11.7,21.5,6.5,5.2,25.4,14.1,20.3,-,QS,,,,,,,
901-950,Wroclaw University of Science and Technology (WRUST),Poland,11.9,17.2,32.7,5.3,3.3,5.3,8.4,8.4,1.8,-,QS,,,,,,,
951-1000,Bielefeld University,Germany,14.6,3.8,8.4,8.2,21.2,7.7,32.8,8.1,6.5,-,QS,,,,,,,
951-1000,"Birla Institute of Technology and Science, Pilani",India,9.1,14.4,7.3,17.3,1.8,2.6,2.2,24,7.9,-,QS,,,,,,,
951-1000,George Mason University,United States,9,6,12.6,11.4,12.4,10.6,17.2,14.5,28.6,-,QS,,,,,,,
951-1000,Gifu University,Japan,6.3,2.5,67.4,7.3,5.3,3.7,1.1,7.9,1.1,-,QS,,,,,,,
951-1000,Gunma University,Japan,3.8,2.2,82,4.7,4.5,3.7,1,7.9,1,-,QS,,,,,,,
951-1000,Indiana University–Purdue University Indianapolis,United States,7.7,6.1,15.4,17,29.4,5.8,2.6,7.7,8.5,-,QS,,,,,,,
951-1000,Islamic University of Madinah,Saudi Arabia,4.4,1.9,8.1,1.4,55.4,100,1,5.2,,-,QS,,,,,,,
951-1000,Jamia Millia Islamia,India,8,2.6,34.7,20.7,3.5,4.4,2,7.2,3.8,-,QS,,,,,,,
951-1000,Khon Kaen University,Thailand,16.4,12.1,8.1,4.1,6.9,2.7,3.3,9.7,29.9,-,QS,,,,,,,
951-1000,King Mongkut's University of Technology Thonburi ,Thailand,13.1,7.2,14,7.6,12.5,3.5,1.6,8.4,49.4,-,QS,,,,,,,
951-1000,Lviv Polytechnic National University,Ukraine,8.1,14.8,37.2,1.8,1.9,1.6,1.1,14,22.7,-,QS,,,,,,,
951-1000,Makerere University,Uganda,10.2,4.7,3.4,4.6,10.3,8.2,17.8,79.5,9.2,-,QS,,,,,,,
951-1000,"Manipal Academy of Higher Education, Manipal, Karnataka, India",India,9.6,7,46.4,4,1.7,7.1,13,11.3,1.7,-,QS,,,,,,,
951-1000,NJSC KIMEP University,Kazakhstan,5.9,11.9,17.7,3.5,75.2,19.8,1,14.8,1.2,-,QS,,,,,,,
951-1000,Northwest Agriculture and Forestry University,China (Mainland),4.7,1.4,30,28.9,,1.4,5.5,5.6,2.3,-,QS,,,,,,,
951-1000,O.P. Jindal Global University,India,6.6,13.1,51.1,1.5,25.1,1.2,1,8.7,1.5,-,QS,,,,,,,
951-1000,Saint Petersburg Electrotechnical University ETU-LETI,Russia,5.7,3.5,49.4,1.8,4.6,49.2,1.1,9.4,1.2,-,QS,,,,,,,
951-1000,Shahid Beheshti University (SBU),"Iran, Islamic Republic of",6.7,12.3,4,29.1,1.6,1.7,8.5,6.9,1.9,-,QS,,,,,,,
951-1000,South Ural State University (National Research University),Russia,9.3,4.2,39.4,3,9.7,16.4,36.6,5.1,1.3,-,QS,,,,,,,
951-1000,Sumy State University,Ukraine,5.6,5.7,42.4,2.3,2.9,63.1,1.2,9.7,3.4,-,QS,,,,,,,
951-1000,Tecnológico de Costa Rica -TEC,Costa Rica,8.4,33.8,23.2,1.4,6.8,2,1,12.4,1.9,-,QS,,,,,,,
951-1000,Thapar Institute of Engineering & Technology,India,3.8,4,7.9,36.9,3.7,1.6,1.6,8.7,1.2,-,QS,,,,,,,
951-1000,The University of Alabama,United States,9.7,19,5.9,12.8,8.9,2.7,8.8,13.3,16.3,-,QS,,,,,,,
951-1000,Tokyo Metropolitan University,Japan,12.6,5.4,28.7,14.3,6.9,6.3,2.3,8.8,1.1,-,QS,,,,,,,
951-1000,Universidad de Castilla-La Mancha,Spain,8.9,2,15.5,9.6,2,4.5,35.3,7.5,55.2,-,QS,,,,,,,
951-1000,Universidad de las Américas Puebla (UDLAP),Mexico,8.3,13.1,39.9,1.9,26.1,5.3,1,9.5,1,-,QS,,,,,,,
951-1000,Universidad de los Andes - Chile,Chile,15,24.5,9,3,12.4,2.3,1.2,9.1,1.1,-,QS,,,,,,,
951-1000,Universidad de Valladolid,Spain,10.3,3.6,30,4.5,5.3,3.9,54.4,9.5,,-,QS,,,,,,,
951-1000,Universidad Diego Portales (UDP),Chile,15,22.2,8.6,4.7,14.3,3.1,2.8,8.4,1.2,-,QS,,,,,,,
951-1000,Universidad Nacional de Córdoba - UNC,Argentina,24.4,15.5,7.3,1.6,1.4,1.5,5.8,8.5,2.2,-,QS,,,,,,,
951-1000,Universidad Nacional de Ingeniería Peru,Peru,7.9,42.5,21.9,1.3,,,1,4.7,,-,QS,,,,,,,
951-1000,Universidad Nacional de Rosario (UNR),Argentina,19.4,8.8,27.6,1.1,,7,1.1,5,1.3,-,QS,,,,,,,
951-1000,Universidad Peruana Cayetano Heredia (UPCH),Peru,9.7,10.4,54.9,2.3,1.2,1.2,2.3,8.4,9.8,-,QS,,,,,,,
951-1000,Universidad Rey Juan Carlos,Spain,7.3,9.4,6.4,4.1,15.3,14.8,13.7,9.3,60.4,-,QS,,,,,,,
951-1000,Universidad Simón Bolívar (USB),Venezuela,17.2,21.2,11.6,2.9,1.8,1,1,11.6,1,-,QS,,,,,,,
951-1000,Universidad Tecnológica de Panamá (UTP),Panama,8.8,30.7,23.8,1.1,2.7,3.9,1,14.1,1,-,QS,,,,,,,
951-1000,Université de Tunis El Manar,Tunisia,8,2.6,20.8,4.8,21.9,5.1,50.2,27.3,8.3,-,QS,,,,,,,
951-1000,Université Toulouse 1 Capitole,France,14,3,1.5,5.4,29.4,52.3,13.6,6.4,1,-,QS,,,,,,,
951-1000,Universiti Pendidikan Sultan Idris (UPSI),Malaysia,11.9,11,25,2.5,21,28.7,1.1,9.6,6.6,-,QS,,,,,,,
951-1000,University of Baghdad,Iraq,9.5,11.4,30.9,1.5,1.8,1.1,14.1,31.4,14.2,-,QS,,,,,,,
951-1000,University of Bahrain,Bahrain,10.7,7.6,7.3,2.1,87.6,11.4,1.3,6.8,3,-,QS,,,,,,,
951-1000,University of Calabria,Italy,5.7,2,3.9,25.7,6.2,5.7,49.6,4.7,3.3,-,QS,,,,,,,
951-1000,UNIVERSITY OF GDANSK,Poland,11.5,7,32.1,3.8,4.6,2.3,28,10,2.6,-,QS,,,,,,,
951-1000,University of Ghana,Ghana,10.5,9.4,1.8,5.1,4.9,1.8,28.9,64.1,9.7,-,QS,,,,,,,
951-1000,University of Lodz,Poland,11.7,4.3,39.7,3.2,4.2,12.8,26.7,11.8,2.4,-,QS,,,,,,,
951-1000,University of New England Australia,Australia,10.9,6.3,2.3,25.4,2.9,5.5,8.1,9.1,14.5,-,QS,,,,,,,
951-1000,University of Peshawar,Pakistan,6,9,36,17.4,,2,3.7,5.9,1.2,-,QS,,,,,,,
951-1000,University of Seoul ,South Korea,12.1,10,37.2,8.2,3.2,5.8,1.3,9.2,1.4,-,QS,,,,,,,
951-1000,University of the Western Cape,South Africa,8.4,7.8,4.2,15.1,26.4,4,40.5,11.7,4.9,-,QS,,,,,,,
951-1000,Viet Nam National University Ho Chi Minh City (VNU-HCM),Vietnam,16.9,26.4,7,2,2.8,1.2,2.3,21.6,3.4,-,QS,,,,,,,
951-1000,"Vietnam National University, Hanoi ",Vietnam,13.5,21.1,9.4,2.3,4.7,1.2,10.7,20.8,6.1,-,QS,,,,,,,
951-1000,Yeungnam University ,South Korea,5.5,3.2,14.3,23.3,39.8,6.1,2.5,4.5,1.3,-,QS,,,,,,,
951-1000,Yildiz Technical University,Turkey,8.1,21.5,5.1,9.3,8.7,21.6,2,10.6,24.4,-,QS,,,,,,,
951-1000,Yokohama National University,Japan,9.6,18.3,16.7,8.3,8.8,9.4,2,16.2,12.7,-,QS,,,,,,,
1001-1200,Università del Salento,Italy,7,1.6,7.1,22,1.8,1.5,19.6,4.7,,-,QS,,,,,,,
1001-1200,University of Ioannina,Greece,6.9,3.7,1.4,24.6,1.7,2.7,15.2,8.4,,-,QS,,,,,,,
1001-1200,Vancouver Island University,Canada,5,3.3,58,1.1,,,1.1,6.8,,-,QS,,,,,,,
1001-1200,Al Quds University The Arab University in Jerusalem,"Palestinian Territory, Occupied",4.2,10.7,11.3,1.6,55.1,34.5,1.1,12.3,1,-,QS,,,,,,,
1001-1200,Aligarh Muslim University,India,9.7,2.5,20.8,10.2,1.2,1.7,5,6.1,17.1,-,QS,,,,,,,
1001-1200,Amity University,India,8.5,7.6,10.6,5.9,3.8,21.8,22.4,9.1,1.9,-,QS,,,,,,,
1001-1200,Amrita Vishwa Vidyapeetham,India,4.8,4.1,25.3,5.2,37,1.7,1.4,4.5,1.1,-,QS,,,,,,,
1001-1200,An-Najah National University,"Palestinian Territory, Occupied",6.4,16.5,7.3,2.2,36.2,25,1.3,10.9,3.1,-,QS,,,,,,,
1001-1200,"Arab Academy for Science, Technology and Maritime Transport",Egypt,5.3,5.8,32.6,1.5,6.9,26.8,1.1,11.4,1.1,-,QS,,,,,,,
1001-1200,Assiut University ,Egypt,11.2,6.9,12.3,2.3,15.5,4,10.7,6.9,1.9,-,QS,,,,,,,
1001-1200,Azerbaijan State University of Economics,Azerbaijan,10.1,9.4,22,1.2,7,2.6,1,10.4,1.4,-,QS,,,,,,,
1001-1200,Baku State University,Azerbaijan,9.6,3.2,33.9,1.4,2.1,1.7,1.1,9.6,1,-,QS,,,,,,,
1001-1200,Banaras Hindu University,India,12.1,6.5,15.9,7.8,1.2,1.6,15.3,6.3,4.1,-,QS,,,,,,,
1001-1200,Baylor University,United States,6.1,16.8,11.7,8.3,2.4,3.8,3.5,12.8,3.8,-,QS,,,,,,,
1001-1200,Beijing Foreign Studies University,China (Mainland),6.6,2.5,27.3,1.5,20.7,28,1,7.8,1,-,QS,,,,,,,
1001-1200,Beijing University of Chinese Medicine,China (Mainland),4.9,1.4,35.8,8.2,,9.2,1,5.3,1,-,QS,,,,,,,
1001-1200,Bina Nusantara University (BINUS),Indonesia,11,16.1,20.6,1.9,25.6,4.5,1,13.8,1.1,-,QS,,,,,,,
1001-1200,Binghamton University SUNY,United States,6.8,4.8,6.2,16.9,8,9.9,1.6,10.8,3.9,-,QS,,,,,,,
1001-1200,Birmingham City University ,United Kingdom,5.8,4.6,7.6,3.1,43.5,76.5,1.4,11.3,1.3,-,QS,,,,,,,
1001-1200,BRAC University,Bangladesh,10.6,29.1,12.4,1.9,2.5,1.4,1.1,9.6,1.1,-,QS,,,,,,,
1001-1200,Brigham Young University,United States,7,5.3,4.6,13.3,1.3,3.3,8.2,22,7,-,QS,,,,,,,
1001-1200,Canterbury Christ Church University,United Kingdom,5.7,2.1,5.8,4.1,35.9,72.8,1,8.6,1,-,QS,,,,,,,
1001-1200,Chang Jung Christian University,Taiwan,6.3,2.5,44.5,1.6,6.4,5.4,1,7.9,1.1,-,QS,,,,,,,
1001-1200,Chung Yuan Christian University,Taiwan,5.8,5.2,4.4,15.1,4.4,7.2,1,19.2,3.2,-,QS,,,,,,,
1001-1200,Chungbuk National University,South Korea,5.4,2.8,30.6,8.6,7,4.3,1.9,4.5,1.1,-,QS,,,,,,,
1001-1200,Corvinus University of Budapest,Hungary,10.9,16,4.8,3.1,7.8,37.5,1.2,5.5,1.1,-,QS,,,,,,,
1001-1200,Cracow University of Technology (Politechnika Krakowska),Poland,11.4,23.7,19.6,4.4,2.1,2,1.6,8.8,1.4,-,QS,,,,,,,
1001-1200,Dankook University ,South Korea,4.8,3.5,68.9,2.8,4.5,5.8,1,6.8,1,-,QS,,,,,,,
1001-1200,Doshisha University,Japan,9,13.7,5.3,2.1,18.6,4,1.1,15.9,1,-,QS,,,,,,,
1001-1200,EGE UNIVERSITY,Turkey,8.6,10.3,13.8,3,1.3,3.3,10.6,8.5,17.2,-,QS,,,,,,,
1001-1200,Escuela Politécnica Nacional,Ecuador,6.3,17.6,16.6,3.3,6.7,1.9,1.1,10.6,1.1,-,QS,,,,,,,
1001-1200,Escuela Superior Politécnica del Litoral (ESPOL),Ecuador,12.9,9.1,19.2,2.7,13,1.7,1.4,11.9,23,-,QS,,,,,,,
1001-1200,Ferdowsi University of Mashhad,"Iran, Islamic Republic of",5.8,10.3,3.5,25.8,1.3,7.9,18.1,5.4,,-,QS,,,,,,,
1001-1200,Financial University under the Government of the Russian Federation,Russia,5.5,7.8,37.1,1.6,4.1,13.1,1.9,33.4,5.2,-,QS,,,,,,,
1001-1200,Fordham University ,United States,6.4,7.3,15.4,5.9,7.8,14.6,1.5,24.7,1.3,-,QS,,,,,,,
1001-1200,Fundación CEU San Pablo,Spain,4.5,7.3,16.6,2.2,4,50.6,1,5.1,,-,QS,,,,,,,
1001-1200,Future University in Egypt,Egypt,4.5,27.8,31.4,1.8,6.9,14.7,1,8.8,1.6,-,QS,,,,,,,
1001-1200,Gazi Üniversitesi,Turkey,16.4,11.3,5.5,4,1.1,2.8,14.4,14.5,14.5,-,QS,,,,,,,
1001-1200,German Jordanian University,Jordan,7.1,13.4,18.8,4.8,44.1,14.4,1.1,10.6,1,-,QS,,,,,,,
1001-1200,Glasgow Caledonian University,United Kingdom,5.5,4.9,4.4,6.5,31.4,37.5,2.4,11.2,14,-,QS,,,,,,,
1001-1200,Harbin Engineering University,China (Mainland),4.6,2,14.6,23,2.5,2,2.1,6.2,1.3,-,QS,,,,,,,
1001-1200,Harper Adams University,United Kingdom,4.2,12.6,6.1,8.5,18.5,9.1,1,9.3,1,-,QS,,,,,,,
1001-1200,Howard University,United States,6.5,7.7,46.7,3.4,1.1,3.8,2.6,16.1,1.2,-,QS,,,,,,,
1001-1200,Hungarian University of Agriculture and Life Sciences,Hungary,5.6,4,34.1,2.9,1.9,29.1,8.5,5.5,1.4,-,QS,,,,,,,
1001-1200,Imam Mohammad Ibn Saud Islamic University – IMSIU,Saudi Arabia,10.6,4.8,14.8,1.4,46.6,2.9,1.8,5.6,1,-,QS,,,,,,,
1001-1200,Instituto Tecnológico de Santo Domingo (INTEC),Dominican Republic,2.7,7.9,31.4,1.4,18.5,3.1,1,19.8,,-,QS,,,,,,,
1001-1200,International Christian University,Japan,4.9,13.2,17.9,1.7,76.6,6,1,13.5,1,-,QS,,,,,,,
1001-1200,"ITESO, Universidad Jesuita de Guadalajara",Mexico,6.3,5.5,58.8,1,2.5,1.5,1,6.6,,-,QS,,,,,,,
1001-1200,Jiangnan University,China (Mainland),4.9,6.8,16.8,20.5,,,5.8,5.3,1.2,-,QS,,,,,,,
1001-1200,Kagoshima University,Japan,6.1,2.9,65.8,3.9,4,3,1.8,7.2,1.3,-,QS,,,,,,,
1001-1200,Kangwon National University ,South Korea,5.8,5.4,20,8.9,4,2.5,1.7,6,17.6,-,QS,,,,,,,
1001-1200,Kazakh Ablai Khan University of International Relations and World Languages,Kazakhstan,6.5,6.7,35.5,1,6.7,4.4,1,12.1,1.8,-,QS,,,,,,,
1001-1200,Kazakh-British Technical University,Kazakhstan,13.1,22.6,20,1.4,5.3,2.1,1,12.2,1,-,QS,,,,,,,
1001-1200,Kazan National Research Technological University,Russia,5,3.6,23.1,1.4,2.5,44,1,7.8,1,-,QS,,,,,,,
1001-1200,Kent State University,United States,5.9,4.1,6.6,15.1,27.2,4.8,7.5,10.4,4.4,-,QS,,,,,,,
1001-1200,Kookmin University ,South Korea,5.2,4,28.8,3.5,5.5,21,1,6.5,1,-,QS,,,,,,,
1001-1200,Kyoto Institute of Technology,Japan,6.4,4,16.2,12.9,11,7.9,1,7.8,1.1,-,QS,,,,,,,
1001-1200,Kyushu Institute of Technology ,Japan,4.7,5.4,11.3,23,9,4.6,1.1,8,1,-,QS,,,,,,,
1001-1200,Leeds Beckett University,United Kingdom,4.4,8,4.4,8.1,35.2,18,2.2,11.5,1.6,-,QS,,,,,,,
1001-1200,Lobachevsky University,Russia,8.8,3.7,45.9,2.1,2.2,21.9,1.3,8.5,5.9,-,QS,,,,,,,
1001-1200,Lodz University of Technology,Poland,5.4,3.7,42.4,8.3,4.2,3.5,7.8,8.4,3.9,-,QS,,,,,,,
1001-1200,Mansoura University,Egypt,12.9,8.1,3.2,2.4,5.8,4.1,33.5,9.6,19.9,-,QS,,,,,,,
1001-1200,Meiji University,Japan,7.4,24.5,4.9,1.7,10.1,5.3,1.5,16,1.1,-,QS,,,,,,,
1001-1200,Mississippi State University,United States,6,5.8,6.7,18.4,15.7,3.2,9.2,10.8,11.7,-,QS,,,,,,,
1001-1200,Multimedia University (MMU),Malaysia,8.8,17.6,11.6,5.8,16.3,23.5,1.3,9.1,1.3,-,QS,,,,,,,
1001-1200,Mustansiriyah University,Iraq,3.7,5.3,43.7,1.3,33,4,1,9.3,1,-,QS,,,,,,,
1001-1200,Mutah University,Jordan,7.6,8.9,10.1,1.7,10.1,43.6,1,8.7,1.7,-,QS,,,,,,,
1001-1200,Mykolas Romeris University,Lithuania,5.3,9.5,14.3,4.2,12.5,27.8,1,21.7,8.4,-,QS,,,,,,,
1001-1200,Nanjing Normal University,China (Mainland),5.1,1.7,16.6,21.6,,4.6,7.5,6.4,7.1,-,QS,,,,,,,
1001-1200,National University of Kyiv-Mohyla Academy (NaUKMA),Ukraine,5.2,11.6,39.9,1.2,2.2,1.4,1,12.7,1.3,-,QS,,,,,,,
1001-1200,Northern Arizona University,United States,6.5,6,4.8,12.2,2.8,2.4,7.4,9.1,12.4,-,QS,,,,,,,
1001-1200,Northwest University (China),China (Mainland),4.7,1.5,50.9,14.3,3.8,2.8,3,5.9,2.7,-,QS,,,,,,,
1001-1200,Novosibirsk State Technical University,Russia,6.8,5.9,29.1,1.8,1.4,44.6,1,9.9,1.3,-,QS,,,,,,,
1001-1200,Odessa I.I. Mechnikov National University,Ukraine,4.1,2.6,47.7,1.3,1.8,3.6,1,10.5,1,-,QS,,,,,,,
1001-1200,Ohio University,United States,8.5,9.3,5.5,14.3,5.5,3.9,15.1,15.5,3.9,-,QS,,,,,,,
1001-1200,Panjab University,India,6.7,5.9,5.6,21,,1.8,1.9,29.8,2.2,-,QS,,,,,,,
1001-1200,Paul Valéry University Montpellier,France,12.2,2.7,2.9,4.6,5.4,34.8,6.6,6.4,2.4,-,QS,,,,,,,
1001-1200,Pontifícia Universidade Católica de São Paulo,Brazil,11.3,11.2,34.1,1.2,4.4,1.2,1,13.8,1.2,-,QS,,,,,,,
1001-1200,Poznań University of Technology,Poland,7.4,5.6,32.6,5.9,2.2,4,5.5,7.5,1.2,-,QS,,,,,,,
1001-1200,Rochester Institute of Technology (RIT),United States,6.2,9.4,19.8,7.6,5,17.7,7.8,17.3,1.9,-,QS,,,,,,,
1001-1200,Russian Presidential Academy of National Economy and Public Administration,Russia,5.2,6.8,49,1.1,2,3,1.1,26,1.1,-,QS,,,,,,,
1001-1200,Saint-Petersburg Mining University,Russia,3.7,3.1,53.9,2.2,19.7,20.6,1,12,4.1,-,QS,,,,,,,
1001-1200,San Diego State University,United States,5.2,3,3.2,17.1,6.5,4.4,27.1,17.8,23.7,-,QS,,,,,,,
1001-1200,Sathyabama Institute of Science and Technology (deemed to be university),India,5,6.3,29.1,3.9,5.9,4.1,1.1,8.7,7.5,-,QS,,,,,,,
1001-1200,Seoul National University of Science and Technology,South Korea,7.4,3.8,10.8,10,11.1,11.9,1,7.6,1,-,QS,,,,,,,
1001-1200,Shanghai International Studies University,China (Mainland),5.3,2.5,17.6,1.7,28.2,29.6,1,6.8,1,-,QS,,,,,,,
1001-1200,Sheffield Hallam University,United Kingdom,6.5,12.1,10,4.9,35,30.9,6.7,11.9,2.5,-,QS,,,,,,,
1001-1200,Shinshu University ,Japan,3.4,3.4,35.1,12,10.7,2.9,1.3,7.8,1.1,-,QS,,,,,,,
1001-1200,"Siberian Federal University, SibFU",Russia,7.8,3.8,15.5,3.5,45.5,31.2,2.4,10.4,7.4,-,QS,,,,,,,
1001-1200,Silesian University of Technology,Poland,6.5,3.6,27.7,6.2,2.4,4.4,9,11.1,1.4,-,QS,,,,,,,
1001-1200,Slovak University of Technology in Bratislava,Slovakia,9.7,7.9,34.7,3.6,2.1,2.7,2.6,18.2,1.4,-,QS,,,,,,,
1001-1200,Soonchunhyang University,South Korea,5,2.9,46.6,7.3,5.7,4.8,1,6.8,1.1,-,QS,,,,,,,
1001-1200,Southern Methodist University,United States,5.2,3.8,28,8.6,13,8.8,2.7,30.5,1.6,-,QS,,,,,,,
1001-1200,Southwest University,China (Mainland),3.9,1.7,12.6,19.2,1.3,1.7,5.9,9,5.8,-,QS,,,,,,,
1001-1200,Széchenyi István University,Hungary,8.1,24.7,22.8,1.6,4.2,6.6,1,9.2,1.3,-,QS,,,,,,,
1001-1200,Taibah University,Saudi Arabia,5.7,2.3,4.1,3.2,97.7,2.3,2.4,4.5,2.1,-,QS,,,,,,,
1001-1200,Tallinn University ,Estonia,8.7,5.7,6.9,6.1,40,19.3,9.3,11,1.3,-,QS,,,,,,,
1001-1200,Technical University of Kosice,Slovakia,7.5,2.5,22.8,5.2,1.5,59.3,1.7,12.8,1.1,-,QS,,,,,,,
1001-1200,Technical University of Liberec,Czech Republic,4.3,3.2,45.5,4.3,16.4,10.1,1.6,7.8,1,-,QS,,,,,,,
1001-1200,Telkom University,Indonesia,7.4,9.4,27,1.4,22.3,3.6,1,10.4,3.4,-,QS,,,,,,,
1001-1200,The University of Lahore,Pakistan,9.4,17.5,15.3,2.6,3,2.5,6.9,9.1,10.6,-,QS,,,,,,,
1001-1200,The University of Northampton,United Kingdom,3.4,2.9,5.7,2.9,37.8,96.7,1,9.6,1,-,QS,,,,,,,
1001-1200,The University of Texas at Arlington,United States,5.2,4.7,4.7,10.4,2.3,20.5,7.9,10,34.3,-,QS,,,,,,,
1001-1200,Tokai University,Japan,11.4,6.4,14.4,3,6,3.1,1.6,7.8,1.2,-,QS,,,,,,,
1001-1200,Tokushima University,Japan,4.8,1.9,66.3,6.6,2.7,2.4,1.2,9,1,-,QS,,,,,,,
1001-1200,Tomas Bata University in Zlin,Czech Republic,4.4,15,11.3,5,19.5,33.9,1.2,10.1,1,-,QS,,,,,,,
1001-1200,Ufa State Aviation Technical University ,Russia,3.9,2,51,1.5,1.2,2.3,,8,1.2,-,QS,,,,,,,
1001-1200,Universidad Andrés Bello,Chile,11,11,6.2,2.5,7,1.5,7.5,8.5,9.6,-,QS,,,,,,,
1001-1200,Universidad Austral de Chile,Chile,15.6,10.7,3.5,6.6,16,1.9,7.6,4.7,2.2,-,QS,,,,,,,
1001-1200,Universidad Autónoma Chapingo,Mexico,4.1,2.5,73.5,1.4,2.8,1.3,1,6.7,1.6,-,QS,,,,,,,
1001-1200,Universidad Autónoma de Guadalajara (UAG),Mexico,6.5,5.2,17.5,1.1,39.4,20,1,3.9,,-,QS,,,,,,,
1001-1200,Universidad Autónoma de Nuevo León,Mexico,15.4,12.5,2.2,1.8,3.4,1.1,2.2,11.5,15.4,-,QS,,,,,,,
1001-1200,Universidad Autónoma del Estado de Hidalgo (UAEH),Mexico,3.9,7.2,43.2,1.4,2.4,1.8,1,7.6,2.6,-,QS,,,,,,,
1001-1200,Universidad Autónoma del Estado de México (UAEMex),Mexico,21.4,6.5,4.9,1.5,3,1.1,1.1,3.9,8.4,-,QS,,,,,,,
1001-1200,Universidad de Córdoba - España,Spain,10.6,3.4,28,10.4,,,33.3,4.3,,-,QS,,,,,,,
1001-1200,Universidad de León,Spain,5.7,3.1,63.9,3.9,3.5,4.4,4.5,8.1,,-,QS,,,,,,,
1001-1200,Universidad de Lima,Peru,10.3,27.3,4.3,1.2,3.4,2,1,16.1,1.5,-,QS,,,,,,,
1001-1200,Universidad de Los Andes - (ULA) Mérida,Venezuela,16.2,12.8,23,1.2,1.3,1.8,1.2,10.4,2.3,-,QS,,,,,,,
1001-1200,Universidad de Monterrey (UDEM),Mexico,12.2,23.1,9.9,1.4,8.6,1.5,1,9.2,1,-,QS,,,,,,,
1001-1200,Universidad de Oriente Santiago de Cuba,Cuba,10.6,10.8,25.9,1.1,,,1,13.9,,-,QS,,,,,,,
1001-1200,Universidad de Oviedo,Spain,12.6,3.5,14.3,7.7,,,24.8,4.3,7.2,-,QS,,,,,,,
1001-1200,Universidad de Puerto Rico,Puerto Rico,9.4,6.2,11.4,2.1,1.4,1.5,2.4,46.4,29.1,-,QS,,,,,,,
1001-1200,Universidad de Talca,Chile,11,8.6,6.7,5.7,22.5,1.4,3.8,6.8,7,-,QS,,,,,,,
1001-1200,Universidad del Norte ,Colombia,9.8,20.8,12.3,2.7,8.3,1.3,1.7,9.2,1.7,-,QS,,,,,,,
1001-1200,Universidad del Pacífico,Peru,7.3,30.8,3.3,3.1,18.2,3,1,7.7,1,-,QS,,,,,,,
1001-1200,Universidad del Valle,Colombia,18.2,15,8.1,2,2.2,1.4,1.2,10,2.1,-,QS,,,,,,,
1001-1200,Universidad Industrial de Santander - UIS,Colombia,10.3,25.2,5.2,2.1,4.3,1.3,1,6.4,6.2,-,QS,,,,,,,
1001-1200,Universidad La Salle (ULSA),Mexico,3.9,26.5,20.1,1.1,4.1,1.7,1,9.6,1.2,-,QS,,,,,,,
1001-1200,Universidad Metropolitana,Venezuela,6.5,14.6,5.2,1.1,9.9,1.5,,41.2,,-,QS,,,,,,,
1001-1200,Universidad Nacional de Cuyo,Argentina,12.3,6.2,21.1,1.7,1.9,15.3,1.8,5.1,1.6,-,QS,,,,,,,
1001-1200,Universidad Nacional de la Asunción,Paraguay,5.4,10.2,28.6,1.1,1.4,1.8,1,21.5,3.4,-,QS,,,,,,,
1001-1200,Universidad Nacional de San Luis,Argentina,4.1,1.9,67.5,1.2,,,1,5.1,1,-,QS,,,,,,,
1001-1200,Universidad Nacional del Centro de la Provincia de Buenos Aires (UNICEN),Argentina,5.4,2.7,78.8,1.4,,,1,5.1,1,-,QS,,,,,,,
1001-1200,"Universidad Nacional, Costa Rica",Costa Rica,10.8,18.3,12.8,1.5,10.4,2.5,1.1,9.6,1.1,-,QS,,,,,,,
1001-1200,Universidad Peruana de Ciencias Aplicadas,Peru,10.7,25.8,3.3,1.1,16.6,1.8,1,9.9,1.3,-,QS,,,,,,,
1001-1200,Universidad Tecnológica Nacional (UTN),Argentina,4.1,24.1,49.1,1.1,,1.5,1,5,1,-,QS,,,,,,,
1001-1200,Universidade da Coruña ,Spain,5.8,5.6,25.1,7.1,2.8,4.6,12,7.6,42.6,-,QS,,,,,,,
1001-1200,Universidade Federal de Pernambuco (UFPE) ,Brazil,12.4,2.6,17.6,4.2,1.7,1.3,10,4.6,1.6,-,QS,,,,,,,
1001-1200,Universidade Federal de São Carlos (UFSCar),Brazil,12.4,5.1,16.3,16.1,2.8,1.7,6.5,3.8,4,-,QS,,,,,,,
1001-1200,Universidade Federal do Paraná - UFPR,Brazil,13,5.8,18.8,5.5,3.1,4,3,5.9,3.8,-,QS,,,,,,,
1001-1200,"Universita' degli Studi ""G. d'Annunzio"" Chieti Pescara",Italy,3.6,1.5,3.3,25.3,4.1,3,5.5,4.7,1,-,QS,,,,,,,
1001-1200,Università degli Studi della Tuscia (University of Tuscia),Italy,3.9,1.3,6.1,33.5,10.7,6.7,2.4,6.8,14.4,-,QS,,,,,,,
1001-1200,Università degli Studi di Udine,Italy,7.2,2.5,10.2,22,4.7,4,5.8,7.7,20.7,-,QS,,,,,,,
1001-1200,Universitas Hasanuddin,Indonesia,12.5,9.5,14.5,1.3,4.6,1.2,1.1,10.2,1.8,-,QS,,,,,,,
1001-1200,Universitas Sebelas Maret,Indonesia,10.7,11.5,13.6,1.5,10.3,2,1,7.5,7,-,QS,,,,,,,
1001-1200,Universitat de Lleida,Spain,5.8,1.9,18.7,13.1,2.9,12.5,4.9,7.9,,-,QS,,,,,,,
1001-1200,Universität Siegen,Germany,4.7,1.9,9.7,6.5,52.4,29.1,5.7,8.9,1.3,-,QS,,,,,,,
1001-1200,Université de Caen Normandie,France,9,2.6,6,5.7,9.3,6.9,36.8,6.4,1.2,-,QS,,,,,,,
1001-1200,Université de Poitiers,France,8.7,2,4.9,6.2,,29.1,36.3,7.8,2.3,-,QS,,,,,,,
1001-1200,Université de Sfax,Tunisia,5.9,2.5,40.6,4.1,1.1,3.3,4.2,11.3,,-,QS,,,,,,,
1001-1200,Université de Sousse,Tunisia,3.7,1.1,60.7,1.7,1.1,2.1,1.2,7.9,1,-,QS,,,,,,,
1001-1200,Université de Toulouse II-Le Mirail,France,10.1,2.6,1.2,7,28.5,21.6,12.5,6.7,1.1,-,QS,,,,,,,
1001-1200,Université Lumière Lyon 2,France,10.9,2.5,5.5,6.3,28,38.2,12.2,6.7,3.7,-,QS,,,,,,,
1001-1200,Universiti Kuala Lumpur (UniKL),Malaysia,6.4,9.9,33.6,2.1,8,3.8,1.1,9.8,1.1,-,QS,,,,,,,
1001-1200,Universiti Malaysia Perlis,Malaysia,7.3,5.5,24.1,7.5,2,4,1.6,9,15.6,-,QS,,,,,,,
1001-1200,Universiti Malaysia Sabah (UMS),Malaysia,13.6,10,7.8,3.3,9.8,4,1.7,9.6,2,-,QS,,,,,,,
1001-1200,Universiti Malaysia Sarawak (UNIMAS),Malaysia,12.6,8.7,11.9,3,37.3,8.7,1.3,8.9,1.2,-,QS,,,,,,,
1001-1200,Universiti Malaysia Terengganu (UMT),Malaysia,10,4.6,10.8,9.3,12.9,6.7,7.4,8.6,23.7,-,QS,,,,,,,
1001-1200,Universiti Tun Hussein Onn University of Malaysia (UTHM),Malaysia,9.1,7,9.6,7.7,8,7,5,9.4,11.3,-,QS,,,,,,,
1001-1200,University of Arkansas Fayetteville ,United States,6.8,4.3,6.6,11.9,5.1,3.2,7.1,15.7,6.2,-,QS,,,,,,,
1001-1200,University of Colombo,Sri Lanka,11.7,14.8,2.5,3.1,1.1,1.3,1.1,44.5,19.9,-,QS,,,,,,,
1001-1200,University of Derby,United Kingdom,4.8,3.2,11.3,4.7,30.5,48.5,4.4,9.3,3.8,-,QS,,,,,,,
1001-1200,University of Deusto,Spain,5.8,20.9,5,6.8,,,1.3,12.7,,-,QS,,,,,,,
1001-1200,University of Hradec Kralove,Czech Republic,5,1.9,27.9,4.5,41.4,3,3.4,10,1,-,QS,,,,,,,
1001-1200,University of Idaho,United States,3.7,1.4,12.2,34.7,5.4,5,2.5,8.3,,-,QS,,,,,,,
1001-1200,University of Karachi,Pakistan,10.4,15.3,1.6,4.6,3.8,1.1,2.6,6.9,12.3,-,QS,,,,,,,
1001-1200,University of Louisville,United States,3.5,4.5,24.9,10.1,34.8,3.3,15.8,12.5,,-,QS,,,,,,,
1001-1200,University of Mississippi,United States,4.3,3.2,36.6,8.9,14.5,2.9,12.5,8.4,4.1,-,QS,,,,,,,
1001-1200,"University of Missouri, Kansas City",United States,4.7,5.1,17.8,17.5,5.1,13.5,2.5,9.7,1.3,-,QS,,,,,,,
1001-1200,University of Nairobi,Kenya,9.6,14.6,18.1,1.7,,,3.6,54.4,4.1,-,QS,,,,,,,
1001-1200,University of Naples Parthenope,Italy,3.5,2,3.7,38.9,1.8,1.9,1.7,4.8,3.4,-,QS,,,,,,,
1001-1200,University of New Hampshire,United States,5.5,4.3,11.4,18.7,10.8,3,5.7,10.3,11.6,-,QS,,,,,,,
1001-1200,University of North Carolina at Charlotte,United States,5.7,4.5,5,14.1,8.7,5.5,14.4,10.6,23,-,QS,,,,,,,
1001-1200,University of North Texas,United States,7,6.8,3.4,19.3,4.9,14.7,9.6,25.5,8.9,-,QS,,,,,,,
1001-1200,University of Novi Sad,Serbia,8.8,3.6,9.3,3.4,,,47.5,9,2.2,-,QS,,,,,,,
1001-1200,University of Pardubice,Czech Republic,4.8,2.6,39.8,3.3,11.5,11.1,1.1,7.8,1,-,QS,,,,,,,
1001-1200,University of Primorska,Slovenia,3.1,2.3,9.4,5.1,26.3,28.6,5.7,67.8,1.4,-,QS,,,,,,,
1001-1200,University of Regina,Canada,3.5,2.9,4,21.2,8.8,41.1,5.7,8.3,,-,QS,,,,,,,
1001-1200,University of Rhode Island ,United States,5.6,2.8,6.9,16.7,5.1,2.7,3.3,12.7,58.6,-,QS,,,,,,,
1001-1200,University of San Francisco,United States,6.6,4,17,4.5,1.8,20.3,1,22.8,1.1,-,QS,,,,,,,
1001-1200,University of South Bohemia,Czech Republic,5.5,2.6,68.7,4.8,,,5.9,7.7,1.2,-,QS,,,,,,,
1001-1200,University of Texas at San Antonio,United States,6.2,3,3.7,25.2,13.5,2.8,17.6,8.8,5.9,-,QS,,,,,,,
1001-1200,University of Texas El Paso ,United States,4.8,2.1,5.6,15.6,10.5,5.9,15.5,7.5,3.4,-,QS,,,,,,,
1001-1200,University of the Free State,South Africa,5.6,6.6,3.5,7.9,,4.9,66.4,9.6,,-,QS,,,,,,,
1001-1200,University of the Sunshine Coast ,Australia,3,2.2,2.3,22.8,2.9,18.5,6.4,6.1,7.1,-,QS,,,,,,,
1001-1200,University of Toledo,United States,3.8,4.4,8.7,21.4,9.6,8.8,5.1,10.3,,-,QS,,,,,,,
1001-1200,University of Tulsa,United States,2.4,3,37.8,12.3,5.1,12.2,1,15.4,1.1,-,QS,,,,,,,
1001-1200,University of Tyumen,Russia,4.1,2.3,39,1.6,4.8,15.2,1.7,8.7,3,-,QS,,,,,,,
1001-1200,University of Wisconsin Milwaukee ,United States,8.3,2.7,8.8,13.4,6.6,3.9,4.1,10.2,11.8,-,QS,,,,,,,
1001-1200,University of Wolverhampton,United Kingdom,3.4,3.2,10.4,9.4,34.7,72.1,3.7,8.8,1.4,-,QS,,,,,,,
1001-1200,University of Wyoming,United States,3,1.4,25.9,23.4,7.7,4,10.7,9.8,6.3,-,QS,,,,,,,
1001-1200,University of Žilina,Slovakia,5.7,1,56.1,6.2,2.5,2.9,1.2,13.4,1.1,-,QS,,,,,,,
1001-1200,Utah State University ,United States,6.6,3.2,6.3,24.4,1.1,1.7,23.8,9.5,15.8,-,QS,,,,,,,
1001-1200,VSB - Technical University of Ostrava,Czech Republic,5.4,10.3,15.5,4.3,8.4,22,1.8,9.4,8.4,-,QS,,,,,,,
1001-1200,Warsaw University of Life Sciences – SGGW (WULS-SGGW),Poland,6.9,5,20.2,6,2.4,7.7,32.3,6.3,1.9,-,QS,,,,,,,
1001-1200,Western Michigan University,United States,5.3,3.6,10.8,5.8,32.3,10.4,2.2,17,1.9,-,QS,,,,,,,
1001-1200,Xi'an Jiaotong Liverpool University,China (Mainland),4.3,2.1,5.7,5.8,97.5,3.1,1.6,6.9,1.8,-,QS,,,,,,,
1001-1200,Yamaguchi University ,Japan,4,1.7,43.2,4.5,7,2.7,1.2,8,1.1,-,QS,,,,,,,
1001-1200,Yarmouk University,Jordan,11.9,14.5,2.8,2.5,7.8,13.9,3.9,28.4,1.1,-,QS,,,,,,,
1001-1200,Yerevan State University,Armenia,7,3,45.4,1.4,5.2,1.6,1,35.2,1,-,QS,,,,,,,
1201-1400,Lucian Blaga University of Sibiu,Romania,3.7,2.5,8.1,1.8,12.5,3.1,49.8,9,1.8,-,QS,,,,,,,
1201-1400, Don State Technical University,Russia,4.2,3.1,13.3,1.4,1.6,14.8,1,7.2,1.3,-,QS,,,,,,,
1201-1400,Al-Azhar University,Egypt,11.2,6.8,11.1,1.3,1.5,10.4,5.2,13.6,1.2,-,QS,,,,,,,
1201-1400,Alexandru Ioan Cuza University,Romania,8,8,5.3,2.9,3.6,10.9,1.8,8,1.2,-,QS,,,,,,,
1201-1400,Anadolu University,Turkey,4,4,13.8,2.9,1.9,3.1,1.4,10.6,1.1,-,QS,,,,,,,
1201-1400,Aoyama Gakuin University,Japan,6.9,12.3,5.4,2,16.3,2.7,1,11.4,1,-,QS,,,,,,,
1201-1400,Atma Jaya Catholic University Jakarta,Indonesia,5.8,6.3,8.8,1.3,2.1,1.1,1,15.9,1.4,-,QS,,,,,,,
1201-1400,Azerbaijan State Oil and Industry University,Azerbaijan,4.9,3,27.3,1.1,10.1,2.7,1,29.5,1.3,-,QS,,,,,,,
1201-1400,Bahauddin Zakariya University ,Pakistan,5.4,5.5,1.7,12.1,,1,2.7,5.7,1.1,-,QS,,,,,,,
1201-1400,Belarusian State University of Informatics and Radioelectronics,Belarus,7.4,18.3,12,1.3,1.2,5.6,1,10.9,,-,QS,,,,,,,
1201-1400,Benemérita Universidad Autónoma de Puebla,Mexico,15.3,6.5,3.2,2,2.9,1.3,1.3,6.5,3,-,QS,,,,,,,
1201-1400,Birzeit university,"Palestinian Territory, Occupied",6.3,9.4,4.9,2.7,14.3,4.3,1.2,16.8,1,-,QS,,,,,,,
1201-1400,British University in Egypt,Egypt,5.7,4.5,23.1,2.2,2.8,2.6,1,6.8,1.4,-,QS,,,,,,,
1201-1400,Brock University,Canada,4.1,6.8,2.4,15.1,2.2,18.8,2.5,8.7,2,-,QS,,,,,,,
1201-1400,California Polytechnic State University,United States,3.7,9.3,7,3.4,,,1.5,13.2,,-,QS,,,,,,,
1201-1400,Católica de Córdoba,Argentina,4.7,2.7,18.1,1.2,4.2,4.8,1,9.1,1,-,QS,,,,,,,
1201-1400,Central Michigan University,United States,3.6,4.2,7.8,8.1,3.5,3.1,2.1,10.8,,-,QS,,,,,,,
1201-1400,Chaoyang University of Technology,Taiwan,5.6,6.7,4.2,3.5,6.7,5.7,1,7.9,3.3,-,QS,,,,,,,
1201-1400,China University of Political Science and Law,China (Mainland),3.7,27.6,9.1,1.2,4,1.5,1,9.2,1,-,QS,,,,,,,
1201-1400,Chitkara University,India,4.8,4.6,20.3,1.9,4.3,3.2,1.3,8.1,1.7,-,QS,,,,,,,
1201-1400,Chittagong University of Engineering and Technology,Bangladesh,8,12.6,7.2,4.5,,,1,11.3,,-,QS,,,,,,,
1201-1400,Cleveland State University,United States,4.3,4.2,8.9,4.8,4.3,17.2,1,11.1,,-,QS,,,,,,,
1201-1400,CUNY The City College of New York,United States,6.2,1.8,11.4,15,4.3,5.5,1.5,6.9,,-,QS,,,,,,,
1201-1400,Daffodil International University,Bangladesh,8,16.5,3.9,2.4,4.8,2,1,10.1,2,-,QS,,,,,,,
1201-1400,Damascus University,Syrian Arab Republic,5.1,4.2,1.1,1.2,1.6,3.9,1,64,1.1,-,QS,,,,,,,
1201-1400,Dokuz Eylül Üniversitesi,Turkey,5.7,5.9,2.9,2.4,3.2,6.2,2.1,7.5,16.7,-,QS,,,,,,,
1201-1400,East West University,Bangladesh,5.8,14.6,3.1,2.5,1.3,1,1,10.5,1,-,QS,,,,,,,
1201-1400,Erciyes Üniversitesi,Turkey,3.9,3.1,1.9,4.9,3.5,6.5,3,7.5,10.3,-,QS,,,,,,,
1201-1400,Feng Chia University,Taiwan,10,7.5,4.5,6,3.9,5.8,1,14.4,1.1,-,QS,,,,,,,
1201-1400,Florida Atlantic University - Boca Raton,United States,4.9,3.8,5.6,10.1,10.2,3.6,7.2,9.5,3.4,-,QS,,,,,,,
1201-1400,Fu Jen Catholic University,Taiwan,7.3,7.5,4.3,6.8,7.9,7.4,1,21.8,1.5,-,QS,,,,,,,
1201-1400,Fundación Universidad De Bogotá-Jorge Tadeo Lozano,Colombia,6,4.5,9.2,1.7,2.3,1.1,1,7.8,1,-,QS,,,,,,,
1201-1400,Gebze Yüksek Teknoloji Enstitüsü (GYTE),Turkey,3.9,2.7,10.1,13.2,3,2.7,1.6,9.1,1.1,-,QS,,,,,,,
1201-1400,German University in Cairo,Egypt,7.9,11.4,7.3,2.1,14.2,1.2,1,6,1,-,QS,,,,,,,
1201-1400,Hanoi University of Science and Technology,Vietnam,6.1,8.7,2.4,4.3,3.8,1.2,1.6,15.3,1.2,-,QS,,,,,,,
1201-1400,Helwan University ,Egypt,7,10.1,4.4,1.6,1.2,2.3,5.2,9.2,1.2,-,QS,,,,,,,
1201-1400,Hohai University,China (Mainland),4.1,1.5,8.3,13.6,,,11.2,5.9,4.1,-,QS,,,,,,,
1201-1400,Hongik University ,South Korea,5.9,5.9,9.3,3.1,17.6,10,1,6.8,1,-,QS,,,,,,,
1201-1400,Indiana State University,United States,6.3,4.8,7.8,2.8,1.9,2.4,1,9.1,1,-,QS,,,,,,,
1201-1400,International Islamic University Islamabad (IIU),Pakistan,6.3,10.8,3.6,7.2,4.5,6.7,4.4,6.9,1.1,-,QS,,,,,,,
1201-1400,Istanbul Aydin University  ,Turkey,3.7,2.8,12.1,1.4,9.5,50.5,1,8.4,2.4,-,QS,,,,,,,
1201-1400,Istanbul Bilgi Üniversitesi,Turkey,4.4,4.5,12.6,2,6.4,25.5,1,10.2,2.6,-,QS,,,,,,,
1201-1400,Ivan Franko National University of Lviv,Ukraine,4.3,10.1,34.2,1.3,1.4,2,1,12,1.1,-,QS,,,,,,,
1201-1400,Izmir Institute of Technology (IZTECH),Turkey,6.6,3.5,5.9,7.5,3.4,2.3,1,6.9,3.5,-,QS,,,,,,,
1201-1400,Jahangirnagar University,Bangladesh,8.5,13.7,,,,,1.2,,,-,QS,,,,,,,
1201-1400,Jamia Hamdard,India,4.2,1.5,7.6,12.6,,3,1,7.7,1,-,QS,,,,,,,
1201-1400,Jeju National University ,South Korea,4.8,2,25.3,6.6,3.8,4.2,1.1,5.2,1.1,-,QS,,,,,,,
1201-1400,Kenyatta University,Kenya,7.1,8,1.4,1.3,,,1,15.1,,-,QS,,,,,,,
1201-1400,Kharkiv National University of Radio Electronics ,Ukraine,3.7,13.1,26,1.5,1.4,10.9,1,10.5,2.1,-,QS,,,,,,,
1201-1400,Khulna University of Engineering and Technology,Bangladesh,5.9,11.4,11.2,4.8,,,1,8.3,1,-,QS,,,,,,,
1201-1400,Kindai University (Kinki University),Japan,5.3,4.6,10.6,4.5,16.4,2.1,1.2,7.8,1.1,-,QS,,,,,,,
1201-1400,King Mongkut\'s Institute of Technology Ladkrabang,Thailand,8.1,7.4,4.8,3.1,15.7,1.6,1.1,9.5,1.3,-,QS,,,,,,,
1201-1400,King Mongkut's University of Technology North Bangkok,Thailand,8.1,5.8,3.7,3,3.4,1.1,1.1,8.3,1.1,-,QS,,,,,,,
1201-1400,Korkyt Ata Kyzylorda University,Kazakhstan,5.9,6.3,5.1,1,2.6,1.2,1,12.4,1.3,-,QS,,,,,,,
1201-1400,Kwansei Gakuin University,Japan,4.2,6.4,4.5,2.5,24.4,3.9,1,10.6,1,-,QS,,,,,,,
1201-1400,M.Kh. Dulaty Taraz Regional University,Kazakhstan,6.6,2.6,10.8,1,,20.5,1,9.9,1,-,QS,,,,,,,
1201-1400,Marmara University,Turkey,6.8,8.3,5,2.3,3,3.6,2.1,15.4,6.1,-,QS,,,,,,,
1201-1400,Marquette University,United States,3.4,3.8,23.7,9.3,6.8,2.7,1.5,13.2,1.1,-,QS,,,,,,,
1201-1400,Mendeleev University of Chemical Technology,Russia,4.9,3.9,30.5,2.7,1.1,5.7,1,7.2,1,-,QS,,,,,,,
1201-1400,Miami University,United States,4.2,4.7,6.5,8.7,6.5,6.6,1.2,23,4.1,-,QS,,,,,,,
1201-1400,Moscow Pedagogical State University,Russia,8.3,2.7,7.6,1.4,1.2,25.9,1,7.1,1,-,QS,,,,,,,
1201-1400,Nagoya Institute of Technology (NIT),Japan,5.9,2.3,6.8,15.3,5.5,4.5,1.2,9.5,1,-,QS,,,,,,,
1201-1400,Naresuan University,Thailand,6.5,3.3,6.5,2,5.9,1.3,1,7.9,4.4,-,QS,,,,,,,
1201-1400,National Dong Hwa University,Taiwan,6.3,2.3,6.5,6.4,3.2,10.2,1,7.6,2.3,-,QS,,,,,,,
1201-1400,National Research University Moscow Power Engineering Institute (MPEI),Russia,5.8,3.5,11.7,2,7.9,45,1.1,7.8,1.4,-,QS,,,,,,,
1201-1400,National Taipei University,Taiwan,7.5,4.5,8.2,3.2,2.7,5.2,1,16.1,3.1,-,QS,,,,,,,
1201-1400,National Taiwan Ocean University,Taiwan,5.7,3.2,11.6,10.1,5.6,7.7,1.1,8.6,5.6,-,QS,,,,,,,
1201-1400,National University of Life and Environmental Sciences of Ukraine,Ukraine,5.7,4.4,17.2,1.4,1.2,1.2,1.1,9.8,1.1,-,QS,,,,,,,
1201-1400,"National University of Modern Languages (NUML), Islamabad",Pakistan,6.6,7.2,5.3,1.4,4.8,1.3,1,7.8,,-,QS,,,,,,,
1201-1400,Norwegian University of Life Sciences (UMB),Norway,5.9,3.7,,,,,41.5,,,-,QS,,,,,,,
1201-1400,Nova Southeastern University,United States,2.9,3.3,14,3.1,4.4,3.9,1.1,10.2,,-,QS,,,,,,,
1201-1400,Óbuda University,Hungary,4.5,3.9,2.1,6.6,13.6,7.6,1.3,5.6,1,-,QS,,,,,,,
1201-1400,OSMANIA UNIVERSITY,India,4.7,3.5,3.5,17.5,,5.9,1,7.5,1,-,QS,,,,,,,
1201-1400,Perm State National Research University,Russia,5,1.7,41.1,1.5,1.4,5.8,1,7.7,2.5,-,QS,,,,,,,
1201-1400,Pondicherry University,India,4,1.9,6.5,12.2,1.1,1.1,1.2,4.7,8.4,-,QS,,,,,,,
1201-1400,Pontificia Universidad Catolica Madre y Maestra,Dominican Republic,3.6,8,9.8,1.2,13.7,13.9,1,19.9,,-,QS,,,,,,,
1201-1400,Pontifícia Universidade Católica do Rio Grande do Sul (PUCRS),Brazil,6.9,3.8,10.5,7.8,2.4,2.2,1.2,6.7,4.1,-,QS,,,,,,,
1201-1400,Portland State University,United States,4.3,2.1,9.5,10.5,1.6,5.3,4.9,10.3,18.4,-,QS,,,,,,,
1201-1400,Pukyong National University ,South Korea,6.6,3.4,10.3,7,6.6,8.1,1.6,4.2,1.3,-,QS,,,,,,,
1201-1400,Rikkyo University,Japan,4.1,12,10.1,2.6,24.9,6.2,1,8.6,1,-,QS,,,,,,,
1201-1400,Russian State Agrarian University - Moscow Timiryazev Agricultural Academy,Russia,7.1,3.5,7.7,1.3,2,4.8,1,9.9,5.3,-,QS,,,,,,,
1201-1400,Russian State University for the Humanities ,Russia,5.4,2.6,17.5,1.3,1.7,4.1,1,8.6,1,-,QS,,,,,,,
1201-1400,"Rutgers, The State University of New Jersey, Camden",United States,3.9,3,17.6,4.3,22.2,3,1,6.9,,-,QS,,,,,,,
1201-1400,Saitama University,Japan,4.5,1.8,14.1,9.2,10.5,6.2,1.2,7.9,2.2,-,QS,,,,,,,
1201-1400,Saken Seifullin Kazakh Agrotechnical University,Kazakhstan,8.3,6.8,22.2,1.1,8.5,4.1,1,12.4,1,-,QS,,,,,,,
1201-1400,San Francisco State University,United States,4.9,2.4,5.2,4.8,4.5,6.8,1.5,10.9,,-,QS,,,,,,,
1201-1400,Seattle University,United States,5.4,4.2,29.3,2.4,1.5,13.9,1,13.6,1,-,QS,,,,,,,
1201-1400,Shanghai Normal University,China (Mainland),4.3,1.4,13.4,3.8,4.4,2.9,1.1,7.4,1.1,-,QS,,,,,,,
1201-1400,Shanghai University of Finance and Economics,China (Mainland),5.2,4.4,9.3,3.3,16.4,2.3,1,20.2,1.2,-,QS,,,,,,,
1201-1400,Shibaura Institute of Technology,Japan,3.7,2.3,2.8,4.8,13.8,9.8,1.1,7.9,1.1,-,QS,,,,,,,
1201-1400,Siksha 'O' Anusandhan (Deemed to be University),India,4.6,2,32.9,4.7,1.7,2.1,1.1,8.1,1,-,QS,,,,,,,
1201-1400,Silpakorn University,Thailand,6.2,6.7,4.5,2.7,4.6,1.2,1,7.4,1,-,QS,,,,,,,
1201-1400,Sookmyung Women's University ,South Korea,5.4,6.4,21.4,4.5,4.7,2,1,7.3,1,-,QS,,,,,,,
1201-1400,Soongsil University,South Korea,5,6.5,10.1,4.3,5.9,13.9,1,4.2,1,-,QS,,,,,,,
1201-1400,SRM INSTITUTE OF SCIENCE AND TECHNOLOGY,India,7,13.1,12.2,3.7,1.7,2.1,8.1,7.5,3.8,-,QS,,,,,,,
1201-1400,Stefan cel Mare University of Suceava,Romania,3.8,2.3,4.9,3.8,2.4,27.7,1.1,8.5,1,-,QS,,,,,,,
1201-1400,Suez Canal University,Egypt,3.9,2.6,16.2,2.2,2.2,1.8,5.7,4.7,1.2,-,QS,,,,,,,
1201-1400,Suleyman Demirel University,Turkey,6.8,3.8,4.1,2.4,1.8,5.1,1.5,7.5,1.1,-,QS,,,,,,,
1201-1400,"Suleyman Demirel University, Kazakhstan",Kazakhstan,9.8,8.5,3.6,1.3,3.9,1.2,1,12.7,1.1,-,QS,,,,,,,
1201-1400,Suranaree University of Technology ,Thailand,6.2,3.1,3.4,8.6,6.1,1.5,1.6,8.5,1.7,-,QS,,,,,,,
1201-1400,Tamkang University,Taiwan,5.7,5.5,3.6,5.6,8.4,7.4,1.1,20.9,4.9,-,QS,,,,,,,
1201-1400,Tanta University ,Egypt,6.3,4.3,4.1,2.1,1.6,2,21.4,6.5,13.9,-,QS,,,,,,,
1201-1400,Technical University of Cluj-Napoca,Romania,5,4.8,7.3,3.7,1.7,2.7,2.8,8,1.1,-,QS,,,,,,,
1201-1400,Technical University of Lublin,Poland,5.7,1.9,23.8,2.7,,11.3,1,6.2,1,-,QS,,,,,,,
1201-1400,"The ""Gheorghe Asachi"" Technical University of Iasi",Romania,6,6.8,2.4,5.5,,5,2.2,6.5,1.1,-,QS,,,,,,,
1201-1400,The Hashemite University,Jordan,8,13,3.8,3.4,9,8,3,6.2,1.1,-,QS,,,,,,,
1201-1400,The Herzen State Pedagogical University of Russia,Russia,4,1.9,24.9,1.2,1.5,38.9,1,8.8,1.5,-,QS,,,,,,,
1201-1400,The Josip Juraj Strossmayer University of Osijek,Croatia,4.3,,30.2,2.9,,,5.3,9.9,1,-,QS,,,,,,,
1201-1400,"The National Research University ""Belgorod State University""",Russia,4,1.3,18.4,2,2.4,52.9,1.2,7.9,3.5,-,QS,,,,,,,
1201-1400,Toraighyrov University,Kazakhstan,7,4.2,14.7,1.3,3,2.8,1,12.5,1,-,QS,,,,,,,
1201-1400,Transilvania University of Brasov,Romania,6,3.8,6,3.3,2.4,2,3.4,7.9,1.6,-,QS,,,,,,,
1201-1400,Tunghai University,Taiwan,6.2,6.1,5.2,4.5,10.2,9.3,1.1,12.6,3.9,-,QS,,,,,,,
1201-1400,United International University,Bangladesh,5.6,8.9,2.5,2.4,,1.2,1,9.7,1,-,QS,,,,,,,
1201-1400,Universidad Alberto Hurtado,Chile,8.9,5.4,3.1,2.9,14.2,1.8,1,7.8,1,-,QS,,,,,,,
1201-1400,Universidad Autónoma de Aguascalientes,Mexico,3.3,1.9,34.2,1.2,,,1,3.9,1,-,QS,,,,,,,
1201-1400,Universidad Autónoma de Baja California,Mexico,7.7,2.9,4.4,1.5,2.7,2.9,1,7.7,7.7,-,QS,,,,,,,
1201-1400,Universidad Bernardo O'Higgins,Chile,4.9,2.8,9.7,2,12.2,2,1,8.3,1.2,-,QS,,,,,,,
1201-1400,Universidad Católica de Temuco,Chile,4.3,1.7,2,4.6,36.3,,1.1,4.1,1,-,QS,,,,,,,
1201-1400,Universidad Católica del Norte,Chile,4.9,3.4,7,5.8,13.8,2.8,4.4,4.1,1.2,-,QS,,,,,,,
1201-1400,Universidad Central del Ecuador,Ecuador,8.5,5,10.9,1.2,,,1,10.1,1,-,QS,,,,,,,
1201-1400,Universidad de Carabobo,Venezuela,3.7,8,18.3,1,,,1,14.5,1,-,QS,,,,,,,
1201-1400,Universidad de Cartagena,Colombia,4.9,5.4,4,4.3,2.2,1.1,1,6.8,11,-,QS,,,,,,,
1201-1400,Universidad de Córdoba - Colombia,Colombia,15,2.5,2.7,1.4,,,1,4.1,1,-,QS,,,,,,,
1201-1400,Universidad de Guanajuato,Mexico,7.9,3,5.9,3,6,1.4,1.1,8.7,1.2,-,QS,,,,,,,
1201-1400,Universidad de La Frontera (UFRO),Chile,9.7,4.4,3.6,8.5,6.6,1.2,9.4,9,2.1,-,QS,,,,,,,
1201-1400,Universidad de Las Américas (UDLA) Ecuador,Ecuador,7.1,4.5,12.6,1.6,22.8,2.5,1.1,10.6,1,-,QS,,,,,,,
1201-1400,Universidad de las Fuerzas Armadas ESPE (Ex - Escuela Politécnica del Ejército),Ecuador,5.1,5.4,9.4,1.4,3,1.1,1,7.3,6.7,-,QS,,,,,,,
1201-1400,Universidad de Medellín,Colombia,6.9,5.2,6.8,2.1,3.4,1.8,1,8.4,1.8,-,QS,,,,,,,
1201-1400,Universidad de Panama,Panama,6.5,8,3.2,1.1,4.9,2.3,1,13.7,1.2,-,QS,,,,,,,
1201-1400,Universidad de Piura,Peru,6.4,10.2,4.5,1.2,8.4,1,1,17.1,1.6,-,QS,,,,,,,
1201-1400,Universidad de San Carlos de Guatemala - USAC,Guatemala,9.3,7.6,3.9,1,,,1,20.6,1,-,QS,,,,,,,
1201-1400,Universidad de Valparaíso (UV),Chile,10.4,6.8,7.8,3.5,7.2,1.8,4.6,8.5,6.3,-,QS,,,,,,,
1201-1400,Universidad del Bío-Bío,Chile,8.6,4.2,2.9,3.8,9.7,1.4,1.4,4.1,1.1,-,QS,,,,,,,
1201-1400,Universidad del Cauca,Colombia,9.5,4,5.3,1.8,23.6,1.1,1,4.5,1,-,QS,,,,,,,
1201-1400,Universidad del Desarrollo (UDD),Chile,6.6,14.6,12.9,2.2,7.6,2,1.1,8.4,3.5,-,QS,,,,,,,
1201-1400,Universidad del Salvador,Argentina,4.3,9,16.7,1,5.3,8,1,7.1,,-,QS,,,,,,,
1201-1400,Universidad del Zulia,Venezuela,10.9,7.6,3.2,2.4,,,1,10.9,1,-,QS,,,,,,,
1201-1400,Universidad Mayor de San Andrés (UMSA),Bolivia,7.7,2.4,1.1,1.6,6.8,1,1.1,14.8,1,-,QS,,,,,,,
1201-1400,Universidad Nacional Agraria la Molina,Peru,6.8,8.7,14.6,1.6,1.4,1.8,1,9.8,1,-,QS,,,,,,,
1201-1400,Universidad Nacional de Mar del Plata,Argentina,9.5,2.8,5.7,3.7,,,1.3,5.1,1.2,-,QS,,,,,,,
1201-1400,Universidad Nacional de Río Cuarto - UNRC,Argentina,4.4,1.5,34.9,1.5,,,1,5.1,1,-,QS,,,,,,,
1201-1400,Universidad Nacional de San Martín (UNSAM),Argentina,11.5,3.2,7.5,2.3,1.6,4.7,1.3,5.1,4.6,-,QS,,,,,,,
1201-1400,Universidad Nacional del Comahue,Argentina,4.3,2.5,21.5,1.4,,,1.1,5.1,1.1,-,QS,,,,,,,
1201-1400,Universidad Nacional del Litoral,Argentina,11.7,5.8,2.2,2.7,1.5,1.1,1.1,2.7,3.2,-,QS,,,,,,,
1201-1400,Universidad Popular Autónoma del Estado de Puebla (UPAEP),Mexico,5,4.5,16.1,1.2,4.5,3.1,1,8,1.4,-,QS,,,,,,,
1201-1400,Universidad San Ignacio de Loyola,Peru,6.2,9.2,1.8,1.3,3.9,1.3,1,8.5,2,-,QS,,,,,,,
1201-1400,"Universidad Tecnológica de la Habana José Antonio Echeverría, Cujae",Cuba,6.2,1.1,20.1,1.1,3.3,4.5,1,14.2,,-,QS,,,,,,,
1201-1400,Universidad Veracruzana,Mexico,8.7,3.2,7.8,1.4,,,1,3.9,1.1,-,QS,,,,,,,
1201-1400,Universidade do Estado do Rio de Janeiro (UERJ),Brazil,9.4,4,17.6,2.6,3.8,1.2,5.7,7.6,2.4,-,QS,,,,,,,
1201-1400,Universidade Federal da Bahia,Brazil,9.1,2.4,8.9,3.1,5.4,1.5,4.3,8.1,4.4,-,QS,,,,,,,
1201-1400,Universidade Federal de Juiz de Fora- (UFJF),Brazil,3.6,2.3,31.4,3,,,1.4,3.8,1,-,QS,,,,,,,
1201-1400,Universidade Federal de Pelotas ,Brazil,5.1,1.4,27,5,,1.4,1.2,3.8,1.1,-,QS,,,,,,,
1201-1400,Universidade Federal de Santa Maria,Brazil,6.5,1.6,15.8,5.2,2.6,1.2,3.4,9.6,17.8,-,QS,,,,,,,
1201-1400,Universidade Federal de Viçosa (UFV),Brazil,5,2.3,13.3,8.7,2.9,1.8,1.1,4.4,1.8,-,QS,,,,,,,
1201-1400,Universidade Federal do Ceará (UFC),Brazil,7.3,3.1,7.7,5.8,1.4,1.3,3.2,4.3,24.8,-,QS,,,,,,,
1201-1400,Universidade Federal Fluminense ,Brazil,10,2.3,11.7,3.7,5.3,1.1,10.1,7.6,4.1,-,QS,,,,,,,
1201-1400,Universidade Presbiteriana Mackenzie,Brazil,3.5,7.6,10.6,1.9,5.1,1,1,37,1,-,QS,,,,,,,
1201-1400,Università degli studi di Bergamo,Italy,5.7,2.3,1.5,6.3,8.4,6.4,1.4,8.5,1.1,-,QS,,,,,,,
1201-1400,Universitas Islam Indonesia,Indonesia,10.4,3.8,2,1.7,2.3,1.2,1,7.6,1.8,-,QS,,,,,,,
1201-1400,Universitas Muhammadiyah Yogyakarta,Indonesia,6.3,2.5,2.8,1.4,36.6,2,1,7.4,1,-,QS,,,,,,,
1201-1400,Universitas Pendidikan Indonesia,Indonesia,9.6,3.1,11,1.4,14.6,1.7,1,7.9,3.4,-,QS,,,,,,,
1201-1400,Universitas Sumatera Utara,Indonesia,7.6,6.2,21,1.3,9.8,2.4,1,9.2,5.3,-,QS,,,,,,,
1201-1400,Universitatea de Vest din Timisoara / West University of Timisoara,Romania,9.6,6.3,4.8,2.6,1.6,5.2,1.1,8.2,1.1,-,QS,,,,,,,
1201-1400,Université de Franche-Comté,France,5.8,2.1,,,,,46,,,-,QS,,,,,,,
1201-1400,Université de Limoges,France,6.1,1.9,18.2,7.2,,,16.7,6.4,,-,QS,,,,,,,
1201-1400,Université de Tunis,Tunisia,6.1,2.5,17.3,1.9,2.2,1.8,1,15.5,1,-,QS,,,,,,,
1201-1400,Université Jean Moulin Lyon 3,France,8.9,3.4,1.8,2.2,25.5,30.8,1,7.1,1.1,-,QS,,,,,,,
1201-1400,Université Mohammed V de Rabat,Morocco,3.1,2.2,1.6,4,3.7,2.6,17.6,22,2.7,-,QS,,,,,,,
1201-1400,Université Paris-Nanterre,France,11.9,2.4,3,3,9.9,1.5,14.6,15.2,1.9,-,QS,,,,,,,
1201-1400,Universiti Sains Islam Malaysia,Malaysia,6,2.9,9.2,1.9,9,6.7,1,4.2,1,-,QS,,,,,,,
1201-1400,Universiti Teknikal Malaysia Melaka,Malaysia,6,6.2,9.8,5.4,3.5,5.7,1.2,9.2,4.3,-,QS,,,,,,,
1201-1400,University of Babylon,Iraq,3.6,6.3,13.2,1.9,1.1,1,1.6,9.7,2.6,-,QS,,,,,,,
1201-1400,University of Basrah,Iraq,4.4,6,15.9,1.4,1.3,1.1,1.4,9.3,1,-,QS,,,,,,,
1201-1400,University of Bialystok,Poland,5.8,3.1,28.1,2.5,,5.2,1.5,6.1,1,-,QS,,,,,,,
1201-1400,University of Central Oklahoma,United States,3.8,1.5,7.9,1.4,16.8,10.9,1,9.4,,-,QS,,,,,,,
1201-1400,University of Iceland,Iceland,7.8,5.5,,,,,37.9,,,-,QS,,,,,,,
1201-1400,University of International Business and Economics,China (Mainland),3.8,1.8,10.2,2.7,7.4,32.8,1,14.8,1.1,-,QS,,,,,,,
1201-1400,University of Khartoum,Sudan,6.2,4.5,8,2.5,,1.4,3.9,24.9,1.1,-,QS,,,,,,,
1201-1400,University of Kufa,Iraq,3.3,8.5,30.6,1.4,4.7,1.1,1,8.8,1,-,QS,,,,,,,
1201-1400,University of Memphis,United States,3.1,5.1,14.9,8.9,2.1,4.4,5,10.7,,-,QS,,,,,,,
1201-1400,University of Miskolc ,Hungary,6.2,5.2,23.6,2.3,3.1,6.6,1.2,12.7,1.1,-,QS,,,,,,,
1201-1400,University of Missouri Saint Louis,United States,4,3.6,16.2,14.2,4.8,4.2,1,11.5,,-,QS,,,,,,,
1201-1400,University of Montana Missoula ,United States,2.5,2.6,11.8,9.2,1.3,1.7,1,8.3,3.5,-,QS,,,,,,,
1201-1400,University of Niš,Serbia,5.2,3.7,13.2,2.4,,6.2,6.1,9.1,1.1,-,QS,,,,,,,
1201-1400,University of North Carolina at Greensboro,United States,2.9,2.8,9.2,10.6,9.7,2.6,7.6,7.1,,-,QS,,,,,,,
1201-1400,University of Ostrava,Czech Republic,6,1,19.9,4.1,18.6,12.3,1.8,7.7,1.2,-,QS,,,,,,,
1201-1400,University of Pannonia,Hungary,4.5,3.5,23.7,8.3,,9.2,5.9,5.8,1,-,QS,,,,,,,
1201-1400,University of Peradeniya ,Sri Lanka,7.8,9.9,14.9,2,1,1.3,2.2,10.8,2.2,-,QS,,,,,,,
1201-1400,University of Rijeka,Croatia,5.9,2.7,17.1,4.3,2.6,1.9,5.7,10.1,2.6,-,QS,,,,,,,
1201-1400,University of Rzeszów,Poland,4.3,1.9,17.8,2.6,,1.7,2,6.1,1,-,QS,,,,,,,
1201-1400,University of San Carlos,Philippines,6.2,8.6,3.4,1.8,1.9,2.2,1,9.4,,-,QS,,,,,,,
1201-1400,University of San Diego,United States,6.8,4.4,24.9,2.8,3.1,6,1,17.2,1,-,QS,,,,,,,
1201-1400,University of Sarajevo ,Bosnia and Herzegovina,4.2,3.5,3.8,2,,3,7,38.2,1,-,QS,,,,,,,
1201-1400,University of Silesia in Katowice,Poland,5.3,4.3,17.2,3.3,3.3,3.3,11.5,8.3,1.4,-,QS,,,,,,,
1201-1400,University of South Alabama (USA),United States,5.3,4.4,17.3,6.5,,1.8,1.1,7.6,1.2,-,QS,,,,,,,
1201-1400,University of Split,Croatia,5.9,2.5,4.2,3.9,1.5,2.1,5.9,11,1.4,-,QS,,,,,,,
1201-1400,University of the Pacific,United States,2.2,3.7,34.3,3.4,4.2,7.2,1,10.8,1,-,QS,,,,,,,
1201-1400,University of Warmia and Mazury in Olsztyn,Poland,6,10.8,24.2,3.5,2,2.7,4.3,6.3,1.3,-,QS,,,,,,,
1201-1400,University of West Bohemia ,Czech Republic,5.9,2,11.9,4.3,,,2.7,11.4,1,-,QS,,,,,,,
1201-1400,University POLITEHNICA of Bucharest,Romania,5.7,8.7,3.5,6.4,1.5,2.8,17.9,6.4,1.2,-,QS,,,,,,,
1201-1400,Voronezh State University,Russia,5.9,2.3,19.9,1.3,3.4,25.6,1,6.6,1.4,-,QS,,,,,,,
1201-1400,Yogyakarta State University,Indonesia,9.6,2.8,8,1.4,15.4,1.8,1,7.8,1,-,QS,,,,,,,
1201-1400,Youngsan University,South Korea,5.7,10.6,17.5,1.3,2.8,5.9,1,6.6,,-,QS,,,,,,,
1201-1400,Yuan Ze University,Taiwan,5.4,5.4,7.4,10.6,7,9.6,1,7.9,1,-,QS,,,,,,,
1201-1400,Zagazig University,Egypt,6.6,3.8,2.9,2.4,1.2,2.4,15.3,2.8,7.7,-,QS,,,,,,,
1201-1400,Narxoz University,Kazakhstan,8,5,8.4,1.4,5.3,2.1,1,12.4,1,-,QS,,,,,,,
1401+,Akdeniz Üniversitesi,Turkey,5.2,3.8,3.4,2.8,1.2,1.1,1.9,7.5,1,-,QS,,,,,,,
1401+,Al-Balqa Applied University,Jordan,5,6.7,4.3,2.4,3.8,1.8,2,7.6,1,-,QS,,,,,,,
1401+,Ataturk University,Turkey,4.9,2,2.8,3.9,2.7,3.6,2.3,9.4,4.3,-,QS,,,,,,,
1401+,California State University - Los Angeles,United States,5.4,2.5,3.5,3.2,4,5.6,1.1,9.5,,-,QS,,,,,,,
1401+,California State University Long Beach,United States,4,2.8,8.1,,,,,9.6,,-,QS,,,,,,,
1401+,Cukurova University,Turkey,4.4,2.8,4.5,2.5,2.1,5,3.8,6.9,13.9,-,QS,,,,,,,
1401+,Georgian Technical University,Georgia,6.3,4.2,,,,,1,,,-,QS,,,,,,,
1401+,Guru Gobind Singh Indraprastha University,India,3.3,2.6,,,,,1,,,-,QS,,,,,,,
1401+,Humboldt State University,United States,3.8,2.2,8.9,4.6,2.3,1.6,1,7.9,,-,QS,,,,,,,
1401+,Illinois State University,United States,3.7,3.5,5.9,5.2,4.9,2.5,1.1,10.9,,-,QS,,,,,,,
1401+,Indian Statistical Institute,India,7.5,3.4,,,,,1.9,,,-,QS,,,,,,,
1401+,"International University of Business, Agriculture and Technology (IUBAT)",Bangladesh,5.9,3.6,,,,,1,,,-,QS,,,,,,,
1401+,Irkutsk State University,Russia,3.6,1.6,17.6,1.4,1.9,3.8,1.1,8.7,1.5,-,QS,,,,,,,
1401+,Khulna University,Bangladesh,5.9,5.3,,,,,1,,,-,QS,,,,,,,
1401+,Kwame Nkrumah University of Science and Technology,Ghana,5.9,7.6,,,,,10.8,,,-,QS,,,,,,,
1401+,MIREA - Russian Technological University,Russia,5.2,4.9,7.5,1.4,1.3,3.4,1,7.3,1,-,QS,,,,,,,
1401+,Moscow City University,Russia,6.1,1.6,9.3,1.1,2.9,3.6,1,7.6,1.2,-,QS,,,,,,,
1401+,Nara Institute of Science and Technology,Japan,5.6,2.3,,,,,1.5,,,-,QS,,,,,,,
1401+,Pontificia Universidade Católica do Campinas - PUC Campinas,Brazil,4.9,3.3,6.4,2,2.4,1.2,1,9.6,1,-,QS,,,,,,,
1401+,Pontificia Universidade Católica do Minas Gerais - PUC Minas,Brazil,5,3.8,1.6,1.5,,,1,6.2,1,-,QS,,,,,,,
1401+,Pontifícia Universidade Católica do Paraná,Brazil,4.3,2.7,6,4.2,1.9,1.4,1.4,5.6,1,-,QS,,,,,,,
1401+,Rajshahi University,Bangladesh,9.2,9.7,,,,,1.1,,,-,QS,,,,,,,
1401+,Sakarya University,Turkey,3.7,3,2.8,3.1,1.7,12.6,1.3,7.5,1,-,QS,,,,,,,
1401+,Shahjalal University of Science and Technology,Bangladesh,6.8,8.9,,,,,1,,,-,QS,,,,,,,
1401+,Soochow University (Taiwan),Taiwan,4.7,6,4.3,1.8,4,4,1,8.3,2.2,-,QS,,,,,,,
1401+,Stamford University Bangladesh,Bangladesh,10,2.8,,,,,1,,,-,QS,,,,,,,
1401+,State University of Malang,Indonesia,5.3,2.3,7.9,1.7,9.9,1.3,1,7.5,1,-,QS,,,,,,,
1401+,Sudan University of Science and Technology,Sudan,4.1,2.7,3.2,1.2,1.9,1.6,1,9.4,1,-,QS,,,,,,,
1401+,Technical University of Crete,Greece,5.9,5.4,,,,,2.6,,,-,QS,,,,,,,
1401+,Technische Universität Bergakademie Freiberg,Germany,5.5,4.6,,,,,4.9,,,-,QS,,,,,,,
1401+,Technische Universität Hamburg-Harburg,Germany,8.8,5.6,,,,,2.8,,,-,QS,,,,,,,
1401+,Technische Universität Kaiserslautern,Germany,6.5,3.2,,,,,10.8,,,-,QS,,,,,,,
1401+,"The University of Notre Dame, Australia",Australia,3.2,4.2,3.1,7.6,2.9,1.5,1,6.2,1,-,QS,,,,,,,
1401+,Udayana University,Indonesia,5.6,3.9,6.5,1.3,3.6,9.6,1,5,1.1,-,QS,,,,,,,
1401+,Universidad Autónoma de Chile,Chile,5.5,2.2,4.9,2.9,11.1,1.4,1.9,8.5,1.7,-,QS,,,,,,,
1401+,Universidad Autónoma de Querétaro (UAQ),Mexico,4.9,2.9,5.2,2.4,5.4,1.6,1,6,1,-,QS,,,,,,,
1401+,Universidad Autónoma de San Luis de Potosí,Mexico,6.2,2.4,5.5,2.4,1.6,1.4,1.3,3.9,1.2,-,QS,,,,,,,
1401+,Universidad Autonoma de Yucatan,Mexico,5.6,1.5,5,2.4,2.3,1.1,1,3.9,1,-,QS,,,,,,,
1401+,Universidad Autónoma del Estado de Morelos (UAEM),Mexico,4,2.2,13,1.6,3.2,1.1,1.1,4,3.8,-,QS,,,,,,,
1401+,"Universidad Católica Boliviana ""San Pablo""",Bolivia,5.3,3.2,3.9,1.1,2.5,3,1,16.1,,-,QS,,,,,,,
1401+,Universidad Católica de Colombia ,Colombia,6.4,4.9,5.2,1.5,3.2,1.3,1,7.9,1.6,-,QS,,,,,,,
1401+,Universidad Católica de La Santísima Concepción - UCSC,Chile,3.7,2.4,8.6,2.6,5.5,1.1,1.2,4.1,1.4,-,QS,,,,,,,
1401+,Universidad Católica de Santiago de Guayaquil,Ecuador,3.9,4.2,2.9,1.3,6.9,1.3,1,14.4,1,-,QS,,,,,,,
1401+,Universidad Central de Chile,Chile,4.8,3.2,3.2,1.7,4.2,1.9,1,4.1,1,-,QS,,,,,,,
1401+,Universidad de Caldas,Colombia,5.4,4,3,1.5,,,1,6.2,1,-,QS,,,,,,,
1401+,Universidad de Cuenca,Ecuador,6.3,2.3,4.4,2.3,3.3,1.5,1.1,6.1,1.1,-,QS,,,,,,,
1401+,Universidad de La Salle,Colombia,6.3,4.8,5.8,1.3,2.2,1.5,1,7.3,1.1,-,QS,,,,,,,
1401+,Universidad de La Serena,Chile,3.9,2,3,7.3,4.7,1.3,1,7.7,1.2,-,QS,,,,,,,
1401+,Universidad de Santander - UDES,Colombia,3.8,2.9,6.7,1.3,8.7,1.6,1,8,1,-,QS,,,,,,,
1401+,Universidad de Sonora,Mexico,4,1.7,4.5,1.8,3.7,1.5,1,8.2,1,-,QS,,,,,,,
1401+,Universidad de Tarapaca,Chile,3.6,2.3,2.1,8,,,2.6,4.1,1,-,QS,,,,,,,
1401+,Universidad del Magdalena,Colombia,4.2,4.6,2.7,1.3,6.4,1.3,1,6.4,1,-,QS,,,,,,,
1401+,Universidad del Valle de Mexico (UVM),Mexico,3.7,13.3,4.6,1,1.2,1.3,1,4.2,1,-,QS,,,,,,,
1401+,Universidad Mayor de San Simón Cochabamba,Bolivia,5,2.6,1.2,1.1,,1.1,1,17.1,1,-,QS,,,,,,,
1401+,Universidad Michoacana de San Nicolás de Hidalgo,Mexico,3.9,1.8,2.9,2.1,,,1.1,3.9,1,-,QS,,,,,,,
1401+,Universidad Nacional Autónoma de Honduras (UNAH),Honduras,4.1,5,2.9,1,1.7,,1,22.4,1,-,QS,,,,,,,
1401+,Universidad Nacional de Quilmes,Argentina,7.4,2.2,3.2,1.8,3.1,1.8,1,5.1,1,-,QS,,,,,,,
1401+,Universidad Nacional de Tucumán,Argentina,7.4,2.7,2.6,1.6,,,2.3,5.1,1,-,QS,,,,,,,
1401+,Universidad Nacional del Sur,Argentina,5.9,2.5,14.1,1.8,,,2.1,5.1,1.1,-,QS,,,,,,,
1401+,UNIVERSIDAD POLITECNICA SALESIANA,Ecuador,6,3,3.7,1.5,7,1.7,1,6.1,1,-,QS,,,,,,,
1401+,Universidad Tecnica Particular De Loja (UTPL),Ecuador,5.1,2.8,1.2,1.6,9.3,1.3,1,9.5,3.9,-,QS,,,,,,,
1401+,Universidad Tecnológica de Bolívar,Colombia,2.6,5.4,2.8,2.5,8.3,6.6,1,9,1,-,QS,,,,,,,
1401+,Universidad Tecnológica de Pereira,Colombia,4,7.1,3.3,1.9,1.4,1,1,6.7,1,-,QS,,,,,,,
1401+,Universidade do Estado de Santa Catarina,Brazil,3.9,1.3,20.2,1.6,,,1,5.1,1,-,QS,,,,,,,
1401+,Universidade Estadual de Londrina,Brazil,3.5,2.5,13.4,3.5,2.2,1.3,1.1,3.8,3.4,-,QS,,,,,,,
1401+,Universidade Federal da Paraíba,Brazil,4.1,2.7,8.7,3.1,2.7,1.1,3.3,3.8,1.4,-,QS,,,,,,,
1401+,Universidade Federal de Goiás,Brazil,3.6,1.6,7.1,4.2,3.7,1.3,1.5,3.8,1.4,-,QS,,,,,,,
1401+,Universidade Federal de Uberlândia,Brazil,3.6,1.9,12.6,3.5,2.2,1.3,1.8,3.8,10.9,-,QS,,,,,,,
1401+,Universidade Federal do Estado do Rio de Janeiro - UNIRIO,Brazil,3.2,1.9,10,2.1,,,1,3.8,1,-,QS,,,,,,,
1401+,Universidade Federal do Parà - UFPA,Brazil,3.4,1.8,6.7,2.5,2.8,1.1,1.9,3.8,6.4,-,QS,,,,,,,
1401+,Universidade Federal do Rio Grande Do Norte,Brazil,4.6,1.5,8.6,3.2,,,5.6,3.8,1.4,-,QS,,,,,,,
1401+,Universitas Andalas,Indonesia,6.9,3.9,4.9,1.4,2.1,1.1,1,6.1,1.1,-,QS,,,,,,,
1401+,Universitas Kristen Petra,Indonesia,6.1,4.2,7.3,1.6,2.7,1.4,1,8.1,,-,QS,,,,,,,
1401+,Universitas Muhammadiyah Surakarta,Indonesia,5.3,2.4,7.8,1.1,6.5,1.1,1,7.1,1.4,-,QS,,,,,,,
1401+,Université Sorbonne Paris Nord,France,9.5,5.1,,,,,14.3,,,-,QS,,,,,,,
1401+,University of Craiova,Romania,4.1,2,2.9,2,,,1.1,7.9,1,-,QS,,,,,,,
1401+,University of Ibadan,Nigeria,9,6.6,,,,,8.2,,,-,QS,,,,,,,
1401+,University of Kragujevac,Serbia,4,2.4,10.3,3.6,1,1.1,2.7,9.2,1,-,QS,,,,,,,
1401+,University of Lagos,Nigeria,7.4,5.6,,,,,1.5,,,-,QS,,,,,,,
1401+,University of Lampung,Indonesia,3.4,1.8,4.7,1.3,1,1,1,5.8,,-,QS,,,,,,,
1401+,University of Mataram,Indonesia,4.9,1.6,3.5,1.1,1.2,1,1,5,,-,QS,,,,,,,
1401+,University of Oradea,Romania,5,2,3.6,1.7,1.6,7,1.8,5.9,2.2,-,QS,,,,,,,
1401+,University of Stavanger,Norway,7.2,5.7,,,,,26.3,,,-,QS,,,,,,,
1401+,"University Politehnica of Timisoara, UPT",Romania,4,3.4,8.6,3.6,1.2,2.9,1.3,8.5,1,-,QS,,,,,,,
1401+,Western Washington University,United States,2.8,3.4,7,4.3,14.5,1.4,1,7.3,,-,QS,,,,,,,
1401+,Zürcher Hochschule Winterthur,Switzerland,5.7,6.7,,,,,1.7,,,-,QS,,,,,,,
1,University of Oxford,United Kingdom,,,,,,,,,,98.5,THE,96.6,100,99,98.7,97.5,10.9,0.42
2,Stanford University,United States,,,,,,,,,,98,THE,99,97.8,99.6,100,87,6.4,0.23
3,Massachusetts Institute of Technology,United States,,,,,,,,,,97.9,THE,98.6,96.2,99.7,100,93.8,8,0.33
4,Harvard University,United States,,,,,,,,,,97.8,THE,97.7,99.9,99.4,84.2,90.8,9,0.25
5,University of Cambridge,United Kingdom,,,,,,,,,,97.5,THE,95.8,100,98,87.9,97.4,11.5,0.38
6,Princeton University,United States,,,,,,,,,,96.9,THE,96.3,97.9,98.8,95.1,89.1,7.3,0.23
7,California Institute of Technology,United States,,,,,,,,,,96.5,THE,96.6,98,95.9,100,90.6,6.1,0.33
8,Imperial College London,United Kingdom,,,,,,,,,,95.1,THE,90.9,95.5,98.6,90.9,98.3,11.8,0.61
9,"University of California, Berkeley",United States,,,,,,,,,,94.6,THE,87.2,98.8,99,99.4,86.8,17.9,0.22
10,Yale University,United States,,,,,,,,,,94.2,THE,94,94.9,97.7,86.5,82.4,5.2,0.21
11,ETH Zurich,Switzerland,,,,,,,,,,93.1,THE,87.6,96.8,95.6,82.9,95.6,15.4,0.43
12,Tsinghua University,China,,,,,,,,,,92.4,THE,95.3,98.1,93.2,99.9,51.7,11.2,0.1
13,The University of Chicago,United States,,,,,,,,,,92.1,THE,89.6,91.2,97.6,93.8,82.3,6.2,0.36
14,Peking University,China,,,,,,,,,,91.8,THE,95.6,97.3,87.2,98.8,70.2,10.9,0.14
15,Johns Hopkins University,United States,,,,,,,,,,91.1,THE,84.4,92.3,97.2,100,84.2,4.1,0.28
16,University of Pennsylvania,United States,,,,,,,,,,91,THE,87.7,89.7,97.6,97.7,78.8,6.2,0.22
17,Columbia University,United States,,,,,,,,,,90.9,THE,88.6,89.7,97.4,75.2,86.9,5.2,0.35
18,"University of California, Los Angeles",United States,,,,,,,,,,90.1,THE,85.7,91.9,96.4,92.3,74.3,9.6,0.15
19,National University of Singapore,Singapore,,,,,,,,,,90,THE,78.8,94,95.4,100,91.1,20,0.24
20,Cornell University,United States,,,,,,,,,,89.5,THE,85.7,88.7,97.6,69.4,86,10,0.24
21,University of Toronto,Canada,,,,,,,,,,88.6,THE,77.5,94.1,92.8,96.1,90.7,25.8,0.27
22,UCL,United Kingdom,,,,,,,,,,88.1,THE,78.4,86.4,98.6,75.2,97.9,11.3,0.61
23,University of Michigan-Ann Arbor,United States,,,,,,,,,,87.4,THE,84.7,87.4,95.5,80.7,69,8.1,0.16
24,Carnegie Mellon University,United States,,,,,,,,,,86.3,THE,75,84.6,98.9,87.3,85.5,11.9,0.44
25,University of Washington,United States,,,,,,,,,,85.3,THE,78,83.5,98.2,77.6,73.2,10.1,0.16
26,Duke University,United States,,,,,,,,,,83.9,THE,79.3,76.1,96.2,100,74.8,3.9,0.18
27,New York University,United States,,,,,,,,,,83.5,THE,73.2,84,94.9,75.4,80.7,11.8,0.42
28,Northwestern University,United States,,,,,,,,,,83.2,THE,72.3,78.8,97.8,99.7,75.9,13.1,0.18
29,The University of Tokyo,Japan,,,,,,,,,,83.1,THE,93.9,94.2,67.8,100,49.7,10.3,0.15
30,University of Edinburgh,United Kingdom,,,,,,,,,,82.5,THE,70.7,77.5,96.9,71.1,97,11.5,0.46
30,Technical University of Munich,Germany,,,,,,,,,,82.5,THE,69.8,85.1,90,100,83.1,44.4,0.39
32,"Nanyang Technological University, Singapore",Singapore,,,,,,,,,,82.3,THE,66.2,80.9,94.5,99.7,93.3,16.7,0.27
33,Ã‰cole Polytechnique FÃ©dÃ©rale de Lausanne,Switzerland,,,,,,,,,,81.4,THE,74.5,73.2,90.3,99.8,95.8,13.5,0.64
34,"University of California, San Diego",United States,,,,,,,,,,81,THE,66,78.4,97.6,100,74.3,12,0.19
35,University of Hong Kong,Hong Kong,,,,,,,,,,80.3,THE,65.6,72.3,96.4,95.2,96.8,18.3,0.43
36,Georgia Institute of Technology,United States,,,,,,,,,,80,THE,63.4,78.9,94.1,94.6,84.8,28,0.29
37,University of Melbourne,Australia,,,,,,,,,,79.2,THE,64.8,76.4,90.1,98.3,92.7,25.1,0.47
38,Kingâ€™s College London,United Kingdom,,,,,,,,,,79,THE,59.8,75.1,97.7,74.2,97.5,13.9,0.53
38,LMU Munich,Germany,,,,,,,,,,79,THE,65.3,76.8,92.2,100,76.9,33.5,0.18
40,Paris Sciences et Lettres â€“ PSL Research University Paris,France,,,,,,,,,,78.5,THE,75.7,72.8,83.2,99.7,81.6,15,0.22
41,University of British Columbia,Canada,,,,,,,,,,78,THE,62.5,76.6,90.5,76.7,95,19.4,0.34
42,University of Illinois at Urbana-Champaign,United States,,,,,,,,,,77.9,THE,69.5,81.5,85.2,85.3,64,19.6,0.23
43,Shanghai Jiao Tong University,China,,,,,,,,,,77.7,THE,76.6,82.5,75.4,100,60.6,12.6,0.09
44,Fudan University,China,,,,,,,,,,77.5,THE,76.5,75.3,83.5,96,56.1,12.6,0.09
45,KU Leuven,Belgium,,,,,,,,,,77,THE,60.1,74.9,91.9,100,79.6,37.3,0.19
46,London School of Economics and Political Science,United Kingdom,,,,,,,,,,76.8,THE,59.5,73.5,95.4,55.9,94.1,12.6,0.72
47,UniversitÃ¤t Heidelberg,Germany,,,,,,,,,,76.7,THE,67.7,64.3,94.6,99.3,76.4,13.3,0.2
48,Delft University of Technology,Netherlands,,,,,,,,,,76.3,THE,66.7,78.2,76.5,100,92.8,15.9,0.3
49,McGill University,Canada,,,,,,,,,,76,THE,62.3,72.3,88.8,76.1,92.5,11.9,0.29
50,Karolinska Institute,Sweden,,,,,,,,,,75.9,THE,58.9,67.9,95.3,96,85.7,9.9,0.27
51,University of Manchester,United Kingdom,,,,,,,,,,75.6,THE,61.4,67.1,93.1,73.1,95.6,15.6,0.45
52,University of Texas at Austin,United States,,,,,,,,,,75.5,THE,66,75.7,91,81.4,47.3,16.4,0.08
53,Chinese University of Hong Kong,Hong Kong,,,,,,,,,,75.4,THE,59.1,61.5,97.6,95.9,93.6,18.8,0.25
54,Monash University,Australia,,,,,,,,,,75.2,THE,55.3,67.8,94.7,99.7,91.1,43.1,0.38
55,Kyoto University,Japan,,,,,,,,,,75,THE,85.4,84.3,60,100,45.7,9,0.11
55,Zhejiang University,China,,,,,,,,,,75,THE,70.2,75.3,78.7,99,65.5,12,0.16
57,University of Science and Technology of China,China,,,,,,,,,,74.8,THE,74.3,66.3,88.2,95.6,45.4,8.1,0.05
58,UniversitÃ© Paris-Saclay,France,,,,,,,,,,74.4,THE,70.9,66.1,82.4,92.4,78.6,13,0.24
59,"University of California, Davis",United States,,,,,,,,,,74.1,THE,63.7,67.8,87.2,91.5,78.7,13.3,0.18
60,The University of Sydney,Australia,,,,,,,,,,73.8,THE,52.6,68.9,92,97.7,90.2,23.1,0.51
61,University of Amsterdam,Netherlands,,,,,,,,,,73.6,THE,55,63.1,96.7,77.6,93.2,13.2,0.36
62,Seoul National University,South Korea,,,,,,,,,,73.4,THE,74.2,75.3,74.6,100,43.7,16.1,0.13
63,University of Wisconsin-Madison,United States,,,,,,,,,,73.3,THE,68.5,67.5,85.5,79.8,62.8,9.9,0.13
64,Brown University,United States,,,,,,,,,,73,THE,69.8,59.6,89.7,69.3,72.1,10.3,0.19
64,The Hong Kong University of Science and Technology,Hong Kong,,,,,,,,,,73,THE,54,62.1,92.9,100,95.5,19.9,0.3
64,Wageningen University & Research,Netherlands,,,,,,,,,,73,THE,56.4,59.8,93.8,98.8,92.4,18.1,0.28
67,Australian National University,Australia,,,,,,,,,,72.6,THE,55.9,68,86.6,82,94.8,15.1,0.48
68,Washington University in St Louis,United States,,,,,,,,,,72.3,THE,60.8,57.2,97.5,77.8,72.7,7.3,0.22
69,"University of California, Santa Barbara",United States,,,,,,,,,,72.1,THE,47.4,64.7,96.9,99.4,84,27.5,0.18
70,The University of Queensland,Australia,,,,,,,,,,72,THE,52.9,64.3,89.1,99.8,94,39.1,0.42
71,Institut Polytechnique de Paris,France,,,,,,,,,,71.3,THE,71,61.6,70.8,98.8,97.1,6.8,0.42
72,University of North Carolina at Chapel Hill,United States,,,,,,,,,,71.2,THE,63.4,60.3,93.9,75.8,50.9,7.7,0.08
73,Nanjing University,China,,,,,,,,,,70.9,THE,64,61.7,85.3,96.8,61.8,16.7,0.08
74,University of Southern California,United States,,,,,,,,,,70.8,THE,59.2,58.8,92.5,74.4,74.3,14.2,0.24
75,Sorbonne University,France,,,,,,,,,,70.5,THE,64.7,60.8,83.7,69.5,78.8,14.5,0.22
76,Yonsei University (Seoul campus),South Korea,,,,,,,,,,70.4,THE,68.1,64.3,79.3,99.9,51.8,13.9,0.17
77,Leiden University,Netherlands,,,,,,,,,,70.2,THE,46,62.7,93,98.1,87.8,19.3,0.21
78,Boston University,United States,,,,,,,,,,70.1,THE,59.6,54.1,94.3,76.4,74.1,10.8,0.29
79,University of Groningen,Netherlands,,,,,,,,,,70,THE,47.5,57.2,94.5,99.9,93.4,28.8,0.29
80,University of Zurich,Switzerland,,,,,,,,,,69.9,THE,54.8,53.4,91.8,93.7,92.4,14.7,0.24
81,University of Bristol,United Kingdom,,,,,,,,,,69.8,THE,48.7,56.5,97.3,72.3,92.5,14.8,0.31
82,City University of Hong Kong,Hong Kong,,,,,,,,,,69.3,THE,52.2,52.4,91.1,100,98.7,13.2,0.67
83,Korea Advanced Institute of Science and Technology (KAIST),South Korea,,,,,,,,,,69.2,THE,67.1,65.8,77.4,100,41.6,10.7,0.08
84,UNSW Sydney,Australia,,,,,,,,,,68.9,THE,47.2,57.4,91.1,98.6,94.5,36.6,0.4
85,University of Minnesota,United States,,,,,,,,,,68.7,THE,61,58.5,87.2,99.8,48.3,11.8,0.09
86,Purdue University West Lafayette,United States,,,,,,,,,,68.5,THE,64,65.3,71.8,84.3,76.7,18.3,0.17
87,University of Glasgow,United Kingdom,,,,,,,,,,68.2,THE,48.1,51.8,96.8,69.7,96.1,14.4,0.43
87,The Hong Kong Polytechnic University,Hong Kong,,,,,,,,,,68.2,THE,45.7,54.1,94.5,87.4,96.3,30.6,0.3
87,Humboldt University of Berlin,Germany,,,,,,,,,,68.2,THE,55.3,63.7,82.8,65.4,79,54.5,0.18
90,RWTH Aachen University,Germany,,,,,,,,,,68,THE,54.9,64.8,78.9,100,71.2,43.3,0.29
91,University of Bonn,Germany,,,,,,,,,,67.8,THE,51.7,57.7,89.7,82.6,73.8,44.5,0.17
92,"University of California, Irvine",United States,,,,,,,,,,67.4,THE,47.1,53.8,93.2,96.1,80.9,16.2,0.26
92,Vanderbilt University,United States,,,,,,,,,,67.4,THE,54.1,48.5,96,96.5,62.9,3.9,0.17
94,CharitÃ© - UniversitÃ¤tsmedizin Berlin,Germany,,,,,,,,,,67.2,THE,47.5,49.1,97.7,100,75.2,17.5,0.21
95,Lomonosov Moscow State University,Russian Federation,,,,,,,,,,67,THE,87.5,75.2,33.9,91.1,73.8,9.6,0.37
95,University of TÃ¼bingen,Germany,,,,,,,,,,67,THE,49.1,56.5,89,99.8,72,27.1,0.14
97,KTH Royal Institute of Technology,Sweden,,,,,,,,,,66.9,THE,53.5,57.8,81,97.7,82.5,15.9,0.26
97,University of Southampton,United Kingdom,,,,,,,,,,66.9,THE,48.9,50.1,92.7,73.1,96.5,13,0.35
99,Erasmus University Rotterdam,Netherlands,,,,,,,,,,66.7,THE,38.5,54.1,96.9,94.7,90.6,36,0.25
99,Ohio State University (Main campus),United States,,,,,,,,,,66.7,THE,55.8,52.7,88.4,85,67.3,11.4,0.11
101,University of Birmingham,United Kingdom,,,,,,,,,,66.6,THE,46.1,49.3,95.5,72.1,95.1,15.2,0.32
102,Free University of Berlin,Germany,,,,,,,,,,66.5,THE,52.1,59.7,82.5,71.6,82.4,41.5,0.2
103,University of Copenhagen,Denmark,,,,,,,,,,66.3,THE,49.2,51.1,91.3,89.5,80.1,4.3,0.14
103,McMaster University,Canada,,,,,,,,,,66.3,THE,43.8,51.3,93,100,87.3,30.9,0.22
105,University of Sheffield,United Kingdom,,,,,,,,,,66.2,THE,48,49.5,92.3,77.5,92,15.4,0.4
106,Emory University,United States,,,,,,,,,,66.1,THE,53.1,45.7,95.5,81.6,69.3,4,0.19
106,Lund University,Sweden,,,,,,,,,,66.1,THE,46.7,56.6,86.6,99.8,79.8,12,0.18
106,University of Warwick,United Kingdom,,,,,,,,,,66.1,THE,48.1,52.1,89,70.5,96.4,14.4,0.44
109,Aarhus University,Denmark,,,,,,,,,,65.9,THE,44.9,59,86.3,98.7,76.3,13.5,0.09
109,University of Alberta,Canada,,,,,,,,,,65.9,THE,50.1,55.5,80.9,99.9,90.7,22.8,0.27
111,University of Adelaide,Australia,,,,,,,,,,65.8,THE,42.4,50.6,92.8,95,92.9,36.4,0.31
111,University of GÃ¶ttingen,Germany,,,,,,,,,,65.8,THE,50,54.8,90.1,70.8,70.7,27.4,0.14
111,UniversitÃ© de MontrÃ©al,Canada,,,,,,,,,,65.8,THE,51.2,54.1,81.7,96.6,87.7,20.5,0.22
114,"University of Maryland, College Park",United States,,,,,,,,,,65.7,THE,49.4,58.1,92.8,70.2,48.6,17,0.09
115,Ghent University,Belgium,,,,,,,,,,65.6,THE,47.2,59.3,85.3,99.7,65.7,37.6,0.12
116,University of Bern,Switzerland,,,,,,,,,,65.4,THE,45.1,47,93.3,99.2,87,18.2,0.16
116,Michigan State University,United States,,,,,,,,,,65.4,THE,54.8,52.3,86.2,70,71.4,16.1,0.11
118,Texas A&M University,United States,,,,,,,,,,65.3,THE,55.2,62.1,77.3,76.4,64.1,20.5,0.06
119,Rice University,United States,,,,,,,,,,65.2,THE,56.4,45.6,86.5,73.9,85.8,9.8,0.26
119,University of Vienna,Austria,,,,,,,,,,65.2,THE,48.7,60.3,77.4,75.9,94.9,37.4,0.31
121,University of Helsinki,Finland,,,,,,,,,,65.1,THE,48.1,57.6,90.6,69.2,56.7,15.9,0.05
122,Penn State (Main campus),United States,,,,,,,,,,65,THE,53.1,58.7,83.7,70.4,58.4,14.2,0.15
123,University of Basel,Switzerland,,,,,,,,,,64.9,THE,50.8,42.9,87.7,99.4,95.4,10.4,0.31
123,University of Massachusetts,United States,,,,,,,,,,64.9,THE,54,46.9,87.3,85.6,77.3,13.3,0.14
125,Vrije Universiteit Amsterdam,Netherlands,,,,,,,,,,64.7,THE,40.4,51,93.4,91.5,84.3,19.2,0.18
126,Technical University of Denmark,Denmark,,,,,,,,,,64.6,THE,50.7,47.4,83.2,99.7,92.2,7.7,0.28
127,University of Oslo,Norway,,,,,,,,,,64.3,THE,45.6,50.6,92.1,72.3,75.6,12.5,0.15
128,University of Freiburg,Germany,,,,,,,,,,64.1,THE,46.7,51.3,86.2,100,74.2,34.4,0.17
129,University of Leeds,United Kingdom,,,,,,,,,,63.9,THE,46.1,49.1,87.3,68.8,94.6,14.4,0.32
130,University of Nottingham,United Kingdom,,,,,,,,,,63.8,THE,45.6,45.9,90.6,71.2,92.8,16,0.27
130,Tohoku University,Japan,,,,,,,,,,63.8,THE,67.8,66.4,53.8,99.9,58.5,11.8,0.12
132,University of Florida,United States,,,,,,,,,,63.7,THE,55.5,56.7,78.3,88.9,50.9,16.7,0.09
133,University of Rochester,United States,,,,,,,,,,63.6,THE,50.8,42.9,88.3,89,81.7,7.3,0.34
134,Trinity College Dublin,Ireland,,,,,,,,,,63.2,THE,44,48.4,87.6,76.6,91.4,22.2,0.34
135,Queen Mary University of London,United Kingdom,,,,,,,,,,63.1,THE,37.6,42.6,97.9,73.9,98.1,14.6,0.45
136,University of Hamburg,Germany,,,,,,,,,,63,THE,44.7,53.3,84.8,98.6,65.7,58.5,0.13
136,Technical University of Berlin,Germany,,,,,,,,,,63,THE,47.8,55.6,78.1,99.9,71.3,49.6,0.29
138,University of Colorado Boulder,United States,,,,,,,,,,62.9,THE,46.5,51.9,88.6,82.8,56.6,16.5,0.08
138,Maastricht University,Netherlands,,,,,,,,,,62.9,THE,41.4,47.1,86.1,98.1,97.4,19.6,0.57
140,Karlsruhe Institute of Technology,Germany,,,,,,,,,,62.8,THE,49.9,56.8,72.5,99.9,77.6,20.5,0.25
140,Radboud University Nijmegen,Netherlands,,,,,,,,,,62.8,THE,39.1,51,91.3,81.4,77.7,18.2,0.12
140,Uppsala University,Sweden,,,,,,,,,,62.8,THE,43.9,55,81.3,97.7,74.7,13.3,0.17
143,University of Lausanne,Switzerland,,,,,,,,,,62.7,THE,41.7,46.3,87.3,99.5,90.4,10.5,0.23
143,The University of Western Australia,Australia,,,,,,,,,,62.7,THE,37.7,48.6,88.7,97.2,93.5,22.4,0.26
145,University of Pittsburgh-Pittsburgh campus,United States,,,,,,,,,,62.5,THE,49.1,46.1,92.4,76.1,50.9,5.4,0.1
145,Sungkyunkwan University (SKKU),South Korea,,,,,,,,,,62.5,THE,55.5,54.2,72.9,98.8,61.3,19.4,0.19
147,University of York,United Kingdom,,,,,,,,,,62.4,THE,42.4,44.8,90.8,66.9,93.1,16.1,0.31
148,University of Technology Sydney,Australia,,,,,,,,,,62.3,THE,36.2,43.3,95.9,78.9,94.3,37.4,0.25
149,Pohang University of Science and Technology (POSTECH),South Korea,,,,,,,,,,62.2,THE,58.1,51.5,77.2,100,40,10.5,0.05
150,University of Auckland,New Zealand,,,,,,,,,,62,THE,39.7,45.7,88.3,95.8,89.9,24.4,0.31
150,Sichuan University,China,,,,,,,,,,62,THE,59.1,57.3,69.3,93.2,46.1,15.9,0.05
152,University of Barcelona,Spain,,,,,,,,,,61.9,THE,42.4,47.3,91.4,83.9,65.2,15.3,0.11
152,National Taiwan University (NTU),Taiwan,,,,,,,,,,61.9,THE,57.3,54.8,70.8,99.9,51.2,11.1,0.13
152,UniversitÃ© Paris CitÃ©,France,,,,,,,,,,61.9,THE,47.9,42.7,90.6,68.3,73.2,16.9,0.18
155,University of Arizona,United States,,,,,,,,,,61.8,THE,48.7,51.3,85.7,84,47,19.9,0.07
155,University of Bologna,Italy,,,,,,,,,,61.8,THE,53,44.6,86.5,79.4,54.3,24.7,0.11
155,Lancaster University,United Kingdom,,,,,,,,,,61.8,THE,40.2,40.7,93.9,66.6,96.8,13.9,0.38
158,Huazhong University of Science and Technology,China,,,,,,,,,,61.7,THE,48.8,48.1,90,96.9,32.9,15.5,0.04
158,University of Waterloo,Canada,,,,,,,,,,61.7,THE,42.2,49.3,83.7,78.3,89.3,24.2,0.23
160,University of Cologne,Germany,,,,,,,,,,61.5,THE,42.9,47.1,85.6,98.8,73.3,28.7,0.17
161,University of Antwerp,Belgium,,,,,,,,,,61.4,THE,38.2,44.4,92.5,98.4,74.7,31.8,0.17
161,Dartmouth College,United States,,,,,,,,,,61.4,THE,57.3,40.7,84.7,68.4,60.2,7.4,0.16
161,TU Dresden,Germany,,,,,,,,,,61.4,THE,46.6,51.1,79.3,99.7,67.9,29.4,0.17
164,Case Western Reserve University,United States,,,,,,,,,,61.3,THE,51.7,40.2,88.7,71.4,65,8.8,0.25
164,Wuhan University,China,,,,,,,,,,61.3,THE,50.9,45,88.5,90.6,41,15,0.05
166,University of Virginia (Main campus),United States,,,,,,,,,,61.1,THE,51.1,40.1,88.9,79.9,60.8,8.9,0.11
167,University of Cape Town,South Africa,,,,,,,,,,60.9,THE,38.7,47,88.3,78.2,82.9,13.6,0.13
168,UniversitÃ© Catholique de Louvain,Belgium,,,,,,,,,,60.8,THE,39.5,49.4,83.1,92,83.1,37.3,0.2
168,Eindhoven University of Technology,Netherlands,,,,,,,,,,60.8,THE,47.4,51.5,71.3,100,87.3,21.4,0.27
168,Harbin Institute of Technology,China,,,,,,,,,,60.8,THE,58.8,55.1,70.9,91.2,33.9,10.6,0.06
168,University of Liverpool,United Kingdom,,,,,,,,,,60.8,THE,38.4,40.2,93.4,64.9,96.4,14.2,0.32
168,Newcastle University,United Kingdom,,,,,,,,,,60.8,THE,37.2,41.1,93.8,72.1,91.3,14.8,0.26
168,Scuola Normale Superiore di Pisa,Italy,,,,,,,,,,60.8,THE,60.1,42.6,82.9,34.9,59.3,7.4,0.11
174,Durham University,United Kingdom,,,,,,,,,,60.6,THE,43.5,44.5,83.5,65.6,95.8,14,0.32
175,Osaka University,Japan,,,,,,,,,,60.4,THE,62.5,65.7,50.5,100,51,10.4,0.1
175,University of WÃ¼rzburg,Germany,,,,,,,,,,60.4,THE,40.3,43.4,90.8,99.6,63.2,38.3,0.12
177,Beijing Normal University,China,,,,,,,,,,60.2,THE,57.7,45.8,77.5,67.6,52.3,14.4,0.09
177,University of Exeter,United Kingdom,,,,,,,,,,60.2,THE,33.5,42.5,95.7,52.2,95.5,16.6,0.28
177,University of Ottawa,Canada,,,,,,,,,,60.2,THE,39.6,46.5,84.4,80.2,86.9,27.2,0.26
180,Macquarie University,Australia,,,,,,,,,,60.1,THE,36.7,44.2,87.4,90.9,88.6,51.7,0.22
181,Sapienza University of Rome,Italy,,,,,,,,,,60,THE,53.5,48.1,77.9,85.4,46.5,22.2,0.09
182,Arizona State University (Tempe),United States,,,,,,,,,,59.9,THE,40.9,46.2,87.5,71.5,71.7,19.7,0.14
183,University of Geneva,Switzerland,,,,,,,,,,59.8,THE,41.8,38,86.7,80.7,97.1,8.4,0.4
184,University of Twente,Netherlands,,,,,,,,,,59.7,THE,43.4,46,75.1,99.6,93.3,13.9,0.38
185,Stockholm University,Sweden,,,,,,,,,,59.6,THE,32.1,49.6,91,59.2,81.2,20.3,0.13
185,Tongji University,China,,,,,,,,,,59.6,THE,50,53.6,69.5,85.4,67.7,11.3,0.15
187,Georgetown University,United States,,,,,,,,,,59.5,THE,52.6,37,85.1,92.2,53.2,10.1,0.18
187,University of Mannheim,Germany,,,,,,,,,,59.5,THE,36.5,45.4,90.2,93.6,63.7,57.1,0.14
189,Chalmers University of Technology,Sweden,,,,,,,,,,59.4,THE,42.7,46.6,79.4,97.1,74.1,15.4,0.17
190,Cardiff University,United Kingdom,,,,,,,,,,59.3,THE,35.5,39.6,91.9,70.4,92.5,15,0.27
191,Tokyo Institute of Technology,Japan,,,,,,,,,,59.2,THE,59.5,63.3,49.4,100,60.1,9.6,0.17
191,Tufts University,United States,,,,,,,,,,59.2,THE,51.5,35,87.5,71.7,62.8,10.5,0.16
193,University of Erlangen-Nuremberg,Germany,,,,,,,,,,59,THE,42.6,48.1,79.7,100,61,41.9,0.13
193,University of Macau,Macao,,,,,,,,,,59,THE,38.4,38.1,90.3,61.9,93.7,18.6,0.41
193,University of MÃ¼nster,Germany,,,,,,,,,,59,THE,43.8,47.3,83.7,81.5,53.5,25.1,0.05
193,University of St Andrews,United Kingdom,,,,,,,,,,59,THE,46,42.6,77.7,63.6,95.8,12.4,0.46
193,Ulm University,Germany,,,,,,,,,,59,THE,40.6,41.2,87.9,99.6,63,26.4,0.13
198,Indiana University,United States,,,,,,,,,,58.9,THE,47.3,38.4,84.9,85.8,64.7,12.3,0.12
199,University of Notre Dame,United States,,,,,,,,,,58.7,THE,51.9,42.6,76.1,72.9,69.9,10.9,0.12
199,Queensland University of Technology,Australia,,,,,,,,,,58.7,THE,33.9,42.1,89.5,85.9,82.2,37.9,0.14
199,Ulsan National Institute of Science and Technology (UNIST),South Korea,,,,,,,,,,58.7,THE,47.7,40.8,85,94.6,46.5,11.8,0.09
201â€“250,Aalborg University,Denmark,,,,,,,,,,55.9â€“58.6,THE,33.7,45,83,80.6,72.4,14.9,0.12
201â€“250,Aalto University,Finland,,,,,,,,,,55.9â€“58.6,THE,42,43.1,79.7,87.2,81.8,20.4,0.23
201â€“250,University of Aberdeen,United Kingdom,,,,,,,,,,55.9â€“58.6,THE,36.4,35.8,81.8,78.9,97.5,15.3,0.4
201â€“250,Autonomous University of Barcelona,Spain,,,,,,,,,,55.9â€“58.6,THE,45.1,41.4,84.8,67.6,68.8,13.2,0.13
201â€“250,University of Calgary,Canada,,,,,,,,,,55.9â€“58.6,THE,36.5,41.4,81.7,88.8,85.2,18.8,0.24
201â€“250,"University of California, Santa Cruz",United States,,,,,,,,,,55.9â€“58.6,THE,34.9,39.8,93.3,73.2,77.9,24.2,0.12
201â€“250,Curtin University,Australia,,,,,,,,,,55.9â€“58.6,THE,30.2,36.5,87.5,78.8,94.7,20.8,0.29
201â€“250,Friedrich Schiller University Jena,Germany,,,,,,,,,,55.9â€“58.6,THE,43.2,42,81.8,79.8,69.3,18.9,0.14
201â€“250,George Washington University,United States,,,,,,,,,,55.9â€“58.6,THE,48.2,35.7,86,67.3,66.1,13,0.14
201â€“250,Goethe University Frankfurt,Germany,,,,,,,,,,55.9â€“58.6,THE,40.2,38.2,82.4,74.6,70.8,14.5,0.14
201â€“250,University of Gothenburg,Sweden,,,,,,,,,,55.9â€“58.6,THE,34,43.4,90.2,75.4,65.7,11.9,0.13
201â€“250,University of Hawaiâ€™i at MÄnoa,United States,,,,,,,,,,55.9â€“58.6,THE,42,42.5,75.8,68.3,77.3,11.3,0.1
201â€“250,University of Illinois Chicago,United States,,,,,,,,,,55.9â€“58.6,THE,50.3,33.9,80,76.7,61,11.4,0.18
201â€“250,Indian Institute of Science,India,,,,,,,,,,55.9â€“58.6,THE,62.9,57.8,53.9,96,31.1,9.6,0.01
201â€“250,University of Iowa,United States,,,,,,,,,,55.9â€“58.6,THE,46.1,37,79.9,88.6,55.8,10.9,0.06
201â€“250,King Fahd University of Petroleum and Minerals,Saudi Arabia,,,,,,,,,,55.9â€“58.6,THE,37.6,38.7,86.3,90.9,84.8,8.5,0.15
201â€“250,Korea University,South Korea,,,,,,,,,,55.9â€“58.6,THE,48.6,46.6,72,99.7,62.5,16.3,0.31
201â€“250,University of Leicester,United Kingdom,,,,,,,,,,55.9â€“58.6,THE,33.4,34.2,95.5,67.9,95.1,13.9,0.31
201â€“250,UniversitÃ© Libre de Bruxelles,Belgium,,,,,,,,,,55.9â€“58.6,THE,35.8,45,83.5,76.4,89.6,51.7,0.3
201â€“250,University of Luxembourg,Luxembourg,,,,,,,,,,55.9â€“58.6,THE,39.6,39.4,78.1,63,93.2,21.3,0.49
201â€“250,Medical University of Graz,Austria,,,,,,,,,,55.9â€“58.6,THE,32,33.5,91.6,94.9,81.9,15.5,0.29
201â€“250,Medical University of Vienna,Austria,,,,,,,,,,55.9â€“58.6,THE,40,28.7,93.5,94.1,81.7,8.4,0.3
201â€“250,University of Miami,United States,,,,,,,,,,55.9â€“58.6,THE,48.5,34.7,83.2,80.4,67.5,10.4,0.14
201â€“250,Moscow Institute of Physics and Technology (MIPT),Russian Federation,,,,,,,,,,55.9â€“58.6,THE,63.5,48.8,55.1,68.6,72.7,11.6,0.21
201â€“250,Nagoya University,Japan,,,,,,,,,,55.9â€“58.6,THE,55.3,55.7,54.3,99.5,41.9,13,0.12
201â€“250,University of Newcastle,Australia,,,,,,,,,,55.9â€“58.6,THE,33.8,38.8,85.5,76.5,83.4,31.3,0.16
201â€“250,"Northeastern University, US",United States,,,,,,,,,,55.9â€“58.6,THE,40.2,33.6,93.3,68.9,83.3,14.1,0.32
201â€“250,University of Padua,Italy,,,,,,,,,,55.9â€“58.6,THE,46.1,38.5,84.1,77.1,53.1,26.5,0.07
201â€“250,Politecnico di Milano,Italy,,,,,,,,,,55.9â€“58.6,THE,42.9,49.7,71.9,95.3,65.3,25.7,0.19
201â€“250,Pompeu Fabra University,Spain,,,,,,,,,,55.9â€“58.6,THE,35.9,38.3,90.5,78.4,74.7,22.7,0.13
201â€“250,University of Potsdam,Germany,,,,,,,,,,55.9â€“58.6,THE,37.3,44.7,80.4,91,68.5,38.1,0.16
201â€“250,Queenâ€™s University Belfast,United Kingdom,,,,,,,,,,55.9â€“58.6,THE,34,38,88.7,65,98.4,17.2,0.41
201â€“250,University of Reading,United Kingdom,,,,,,,,,,55.9â€“58.6,THE,37.5,40.6,84.1,70.8,95.5,16.6,0.31
201â€“250,Rutgers University â€“ New Brunswick,United States,,,,,,,,,,55.9â€“58.6,THE,46.4,37.2,78.4,80.1,63.7,11.2,0.17
201â€“250,Santâ€™Anna School of Advanced Studies â€“ Pisa,Italy,,,,,,,,,,55.9â€“58.6,THE,50.4,39,80.1,90.3,60.8,7.4,0.2
201â€“250,University of SÃ£o Paulo,Brazil,,,,,,,,,,55.9â€“58.6,THE,59.8,60.7,57.3,68.2,42.5,13.9,0.02
201â€“250,Southern University of Science and Technology (SUSTech),China,,,,,,,,,,55.9â€“58.6,THE,32.9,40.8,92.8,60.3,69.3,9,0.01
201â€“250,Sun Yat-sen University,China,,,,,,,,,,55.9â€“58.6,THE,46.6,39.5,83.2,86.2,39.1,15.2,0.05
201â€“250,University of Sussex,United Kingdom,,,,,,,,,,55.9â€“58.6,THE,29.7,35.6,92.7,66.1,95.4,17.3,0.34
201â€“250,Swinburne University of Technology,Australia,,,,,,,,,,55.9â€“58.6,THE,31.7,34,91.3,75.4,85.6,28.5,0.24
201â€“250,Tel Aviv University,Israel,,,,,,,,,,55.9â€“58.6,THE,40.7,49.7,83,76.2,52.9,24.2,0.05
201â€“250,Tianjin University,China,,,,,,,,,,55.9â€“58.6,THE,46.1,47.6,71.4,93.5,55.3,8.9,0.13
201â€“250,Tilburg University,Netherlands,,,,,,,,,,55.9â€“58.6,THE,32.8,44.9,80.1,82.6,84.5,32.2,0.21
201â€“250,University College Dublin,Ireland,,,,,,,,,,55.9â€“58.6,THE,34.3,41.3,84,75.1,88.1,20.7,0.25
201â€“250,University of Utah,United States,,,,,,,,,,55.9â€“58.6,THE,43.5,38.5,87,83.5,40.9,13.3,0.08
201â€“250,Vrije Universiteit Brussel,Belgium,,,,,,,,,,55.9â€“58.6,THE,37.8,42.6,80.9,92.4,78.5,35.1,0.23
201â€“250,Western University,Canada,,,,,,,,,,55.9â€“58.6,THE,40.2,42.9,75.2,99.6,87.5,33,0.24
201â€“250,University of Wollongong,Australia,,,,,,,,,,55.9â€“58.6,THE,36.8,39.3,84,91.4,91.7,26.1,0.22
251â€“300,Abu Dhabi University,United Arab Emirates,,,,,,,,,,53.1â€“55.8,THE,40.8,30,85.8,25.5,97.8,10.9,0.6
251â€“300,University of Bath,United Kingdom,,,,,,,,,,53.1â€“55.8,THE,34.7,35.1,80.5,65.3,95,15.8,0.31
251â€“300,Beijing Institute of Technology,China,,,,,,,,,,53.1â€“55.8,THE,45.1,44,74.7,82.1,36.8,13.4,0.08
251â€“300,University of Bergen,Norway,,,,,,,,,,53.1â€“55.8,THE,36.7,33.9,84.2,69.4,76.3,13,0.11
251â€“300,Boston College,United States,,,,,,,,,,53.1â€“55.8,THE,43.5,30.5,84.6,60.7,57.8,14.9,0.1
251â€“300,Brandeis University,United States,,,,,,,,,,53.1â€“55.8,THE,36.7,28.3,84.6,64.2,81.4,11.6,0.33
251â€“300,"University of California, Riverside",United States,,,,,,,,,,53.1â€“55.8,THE,35.9,35.4,85.7,70.6,77,19.6,0.14
251â€“300,Deakin University,Australia,,,,,,,,,,53.1â€“55.8,THE,28.3,34.6,91.4,72.2,85.7,32.7,0.18
251â€“300,University of East Anglia,United Kingdom,,,,,,,,,,53.1â€“55.8,THE,31.1,32,90.9,51.6,88.7,14.3,0.21
251â€“300,Ã‰cole Normale SupÃ©rieure de Lyon,France,,,,,,,,,,53.1â€“55.8,THE,58.5,46.8,53.9,78.5,68,7.9,0.11
251â€“300,Florida State University,United States,,,,,,,,,,53.1â€“55.8,THE,38.2,38.6,79.4,68.2,58.8,24.6,0.06
251â€“300,Griffith University,Australia,,,,,,,,,,53.1â€“55.8,THE,30.5,37.8,82.7,74.6,81.8,31.6,0.15
251â€“300,Heinrich Heine University DÃ¼sseldorf,Germany,,,,,,,,,,53.1â€“55.8,THE,36.7,34.5,82.3,82.2,66.8,30.1,0.13
251â€“300,University of Hohenheim,Germany,,,,,,,,,,53.1â€“55.8,THE,35,35.5,85.7,80.5,61.7,37.7,0.14
251â€“300,Humanitas University,Italy,,,,,,,,,,53.1â€“55.8,THE,32.3,27.9,98,62.8,67.1,17.9,0.18
251â€“300,Johannes Gutenberg University of Mainz,Germany,,,,,,,,,,53.1â€“55.8,THE,39.5,32.6,82.3,89,66,24.1,0.11
251â€“300,Khalifa University,United Arab Emirates,,,,,,,,,,53.1â€“55.8,THE,31.7,35.9,78.4,95.6,97.4,9.3,0.41
251â€“300,King Abdulaziz University,Saudi Arabia,,,,,,,,,,53.1â€“55.8,THE,37.8,28.6,90.7,46.1,75.4,13.9,0.03
251â€“300,University of Konstanz,Germany,,,,,,,,,,53.1â€“55.8,THE,39.8,44.4,71.5,97.4,76.4,34.5,0.11
251â€“300,Kyung Hee University,South Korea,,,,,,,,,,53.1â€“55.8,THE,40.3,40,71,95.9,71.5,17.6,0.3
251â€“300,Lappeenranta-Lahti University of Technology LUT,Finland,,,,,,,,,,53.1â€“55.8,THE,33.4,36.7,91.7,65.1,64.2,31.6,0.14
251â€“300,La Trobe University,Australia,,,,,,,,,,53.1â€“55.8,THE,28.9,35.4,88.1,73.8,88.2,28.2,0.29
251â€“300,UniversitÃ© Laval,Canada,,,,,,,,,,53.1â€“55.8,THE,40.7,38.7,73.7,94.2,76.2,17.9,0.16
251â€“300,LinkÃ¶ping University,Sweden,,,,,,,,,,53.1â€“55.8,THE,28.3,41.3,86.4,92.8,70.7,14.9,0.15
251â€“300,Loughborough University,United Kingdom,,,,,,,,,,53.1â€“55.8,THE,36.5,34.4,77.4,70.2,91.5,13.9,0.25
251â€“300,Macau University of Science and Technology,Macao,,,,,,,,,,53.1â€“55.8,THE,33.1,34.2,78.9,65,94.7,41.8,0.92
251â€“300,University of Malaya,Malaysia,,,,,,,,,,53.1â€“55.8,THE,43.4,35.4,72.6,52.5,84.7,10.2,0.22
251â€“300,Medical University of Innsbruck,Austria,,,,,,,,,,53.1â€“55.8,THE,33.2,29.3,89.6,98.6,88.3,12.9,0.44
251â€“300,Nankai University,China,,,,,,,,,,53.1â€“55.8,THE,48.8,31.4,85.3,66.5,49.3,11.7,0.07
251â€“300,North Carolina State University,United States,,,,,,,,,,53.1â€“55.8,THE,46,41.4,73.3,79.1,61.8,15.9,0.11
251â€“300,University of Oulu,Finland,,,,,,,,,,53.1â€“55.8,THE,33.1,38.2,84.1,66,59.5,20.8,0.08
251â€“300,Qatar University,Qatar,,,,,,,,,,53.1â€“55.8,THE,31.3,35.6,83.4,61.8,96,8.4,0.36
251â€“300,Queenâ€™s University,Canada,,,,,,,,,,53.1â€“55.8,THE,37.5,38,72.3,94,76,25.9,0.16
251â€“300,RCSI University of Medicine and Health Sciences,Ireland,,,,,,,,,,53.1â€“55.8,THE,32.3,36.6,81.7,76.9,91.6,23.9,0.67
251â€“300,RMIT University,Australia,,,,,,,,,,53.1â€“55.8,THE,35.5,36.2,83.2,73.2,92.8,24,0.34
251â€“300,Ruhr University Bochum,Germany,,,,,,,,,,53.1â€“55.8,THE,39.8,46.7,72.2,85.9,60,46.7,0.16
251â€“300,Sejong University,South Korea,,,,,,,,,,53.1â€“55.8,THE,31.4,34.5,94,73.8,68.6,18.9,0.15
251â€“300,Semmelweis University,Hungary,,,,,,,,,,53.1â€“55.8,THE,45.2,27.8,76.9,66.4,79.9,12.8,0.37
251â€“300,Simon Fraser University,Canada,,,,,,,,,,53.1â€“55.8,THE,28.7,36.7,84.2,83.1,92.9,26.8,0.31
251â€“300,South China University of Technology,China,,,,,,,,,,53.1â€“55.8,THE,36.6,38.2,83.2,92.8,44,12.6,0.06
251â€“300,University of Southern Denmark,Denmark,,,,,,,,,,53.1â€“55.8,THE,29.8,33.5,89.1,91.5,76.9,9.9,0.13
251â€“300,University of South Florida,United States,,,,,,,,,,53.1â€“55.8,THE,31.7,36.4,87.6,99.9,66.7,19,0.13
251â€“300,Stony Brook University,United States,,,,,,,,,,53.1â€“55.8,THE,43.6,29.7,81.4,66.5,78.8,10.5,0.19
251â€“300,University of Stuttgart,Germany,,,,,,,,,,53.1â€“55.8,THE,44.8,49.5,63.1,99.6,58.9,25.3,0.2
251â€“300,University of Surrey,United Kingdom,,,,,,,,,,53.1â€“55.8,THE,31.3,34.5,88,73,96.8,16.3,0.33
251â€“300,UniversitÃ  della Svizzera italiana,Switzerland,,,,,,,,,,53.1â€“55.8,THE,34.8,26.4,84,88.3,98.5,14,0.67
251â€“300,Swansea University,United Kingdom,,,,,,,,,,53.1â€“55.8,THE,27.6,30.2,89.7,62.8,89.5,16.8,0.21
251â€“300,University of Tasmania,Australia,,,,,,,,,,53.1â€“55.8,THE,31.6,38.4,82,70.5,90.9,22.5,0.31
251â€“300,Technical University of Darmstadt,Germany,,,,,,,,,,53.1â€“55.8,THE,42.4,48.1,62.6,99.8,65.4,37,0.19
251â€“300,TU Wien,Austria,,,,,,,,,,53.1â€“55.8,THE,43.8,44.1,57.6,96.2,86.7,19,0.31
251â€“300,Virginia Polytechnic Institute and State University,United States,,,,,,,,,,53.1â€“55.8,THE,42.5,39.4,78.8,76.7,65.4,18.6,0.13
251â€“300,Vita-Salute San Raffaele University,Italy,,,,,,,,,,53.1â€“55.8,THE,34.6,26.9,98.3,66.8,49.8,13.9,0.05
251â€“300,Xiâ€™an Jiaotong University,China,,,,,,,,,,53.1â€“55.8,THE,46.9,48,70,98.3,37.8,14.7,0.07
301â€“350,Beihang University,China,,,,,,,,,,51.1â€“53.0,THE,42.9,43.5,68.6,94.7,34.5,12.3,0.04
301â€“350,"Birkbeck, University of London",United Kingdom,,,,,,,,,,51.1â€“53.0,THE,34.7,29.7,78,63.5,92.4,12.5,0.41
301â€“350,University of Bremen,Germany,,,,,,,,,,51.1â€“53.0,THE,39.8,39,68.8,67.2,65,19.5,0.13
301â€“350,University at Buffalo,United States,,,,,,,,,,51.1â€“53.0,THE,39.9,34.1,76.1,74.8,71.4,17.2,0.12
301â€“350,UniversitÃ  Cattolica del Sacro Cuore,Italy,,,,,,,,,,51.1â€“53.0,THE,35.2,30,89.4,74.5,52.3,39.1,0.07
301â€“350,"China Medical University, Taiwan",Taiwan,,,,,,,,,,51.1â€“53.0,THE,27.3,32.8,92.4,89.9,49.7,14.7,0.07
301â€“350,Copenhagen Business School,Denmark,,,,,,,,,,51.1â€“53.0,THE,21.1,32.3,92.1,43.8,91.5,27.5,0.23
301â€“350,Dalhousie University,Canada,,,,,,,,,,51.1â€“53.0,THE,30.8,31.6,78.9,71.7,89.1,14.7,0.27
301â€“350,Drexel University,United States,,,,,,,,,,51.1â€“53.0,THE,44.1,26,79.6,75.6,62.2,11,0.15
301â€“350,University of Dundee,United Kingdom,,,,,,,,,,51.1â€“53.0,THE,26.7,32.1,84.9,83,91.1,18.1,0.25
301â€“350,East China Normal University,China,,,,,,,,,,51.1â€“53.0,THE,42.7,35.1,76.3,66.3,56.4,14.1,0.08
301â€“350,University of Essex,United Kingdom,,,,,,,,,,51.1â€“53.0,THE,30,31.8,81,57.7,97.4,16,0.41
301â€“350,Flinders University,Australia,,,,,,,,,,51.1â€“53.0,THE,29.2,35.4,78.4,71,88.9,29.4,0.33
301â€“350,University of Galway,Ireland,,,,,,,,,,51.1â€“53.0,THE,32.9,33.8,76.7,83,77.6,26.1,0.16
301â€“350,UniversitÃ© Grenoble Alpes,France,,,,,,,,,,51.1â€“53.0,THE,42.2,37.9,66.9,69.1,71.6,18.4,0.17
301â€“350,Hanyang University,South Korea,,,,,,,,,,51.1â€“53.0,THE,45.4,40.4,62,99.4,66.5,13.2,0.21
301â€“350,Hebrew University of Jerusalem,Israel,,,,,,,,,,51.1â€“53.0,THE,46.4,36.3,68.9,71,46.8,8.9,0.05
301â€“350,Hong Kong Baptist University,Hong Kong,,,,,,,,,,51.1â€“53.0,THE,34,28.9,77.2,69.6,97.8,10.2,0.55
301â€“350,University of Innsbruck,Austria,,,,,,,,,,51.1â€“53.0,THE,34.4,33.1,70.3,79.6,94.7,23.7,0.48
301â€“350,University of Kiel,Germany,,,,,,,,,,51.1â€“53.0,THE,33.3,33.3,81.6,63,62.9,23.9,0.08
301â€“350,Kyushu University,Japan,,,,,,,,,,51.1â€“53.0,THE,55,47.5,51.2,98.4,48.8,7.7,0.13
301â€“350,University of LiÃ¨ge,Belgium,,,,,,,,,,51.1â€“53.0,THE,33.5,38.7,72.7,95.5,73.6,29.2,0.2
301â€“350,Montpellier University,France,,,,,,,,,,51.1â€“53.0,THE,38.3,35.6,74.7,68.1,68.5,20.5,0.15
301â€“350,University of Navarra,Spain,,,,,,,,,,51.1â€“53.0,THE,35.6,30.4,82.3,79.1,74.4,14.3,0.26
301â€“350,Northwestern Polytechnical University,China,,,,,,,,,,51.1â€“53.0,THE,37.4,40.6,74.7,86.7,48.4,14.5,0.04
301â€“350,Norwegian University of Science and Technology,Norway,,,,,,,,,,51.1â€“53.0,THE,36,38.4,74.7,67.8,66.2,15,0.09
301â€“350,Oregon Health and Science University,United States,,,,,,,,,,51.1â€“53.0,THE,39.1,21.3,91.7,86.8,34.6,0.9,0.03
301â€“350,University of Otago,New Zealand,,,,,,,,,,51.1â€“53.0,THE,35.6,35.1,75.8,68.8,81.8,20.6,0.16
301â€“350,University of Pavia,Italy,,,,,,,,,,51.1â€“53.0,THE,37.6,32.3,82.7,80.4,50.4,31.5,0.09
301â€“350,University of Rome II â€“ Tor Vergata,Italy,,,,,,,,,,51.1â€“53.0,THE,39.9,33.5,74.3,77.5,66.9,24,0.2
301â€“350,"Royal Holloway, University of London",United Kingdom,,,,,,,,,,51.1â€“53.0,THE,31.6,29.3,79,63.3,94.6,16.1,0.31
301â€“350,"St Georgeâ€™s, University of London",United Kingdom,,,,,,,,,,51.1â€“53.0,THE,23.5,25.8,93.5,66.8,79.5,13.1,0.18
301â€“350,Sharif University of Technology,Iran,,,,,,,,,,51.1â€“53.0,THE,39.1,37.4,78.3,86.2,37,21.8,0.02
301â€“350,University of South Australia,Australia,,,,,,,,,,51.1â€“53.0,THE,25,36.8,82.5,98.3,83.5,30.2,0.17
301â€“350,Southeast University,China,,,,,,,,,,51.1â€“53.0,THE,39.9,46.3,68.4,90.4,47.6,12.4,0.04
301â€“350,Stellenbosch University,South Africa,,,,,,,,,,51.1â€“53.0,THE,33.8,39.5,76.9,89.8,59.9,25.7,0.07
301â€“350,University of Strathclyde,United Kingdom,,,,,,,,,,51.1â€“53.0,THE,32.4,35.5,71.2,75.5,91.9,16.3,0.25
301â€“350,Swedish University of Agricultural Sciences,Sweden,,,,,,,,,,51.1â€“53.0,THE,34.7,34.9,78.8,85.4,54.4,4.7,0.08
301â€“350,Tampere University,Finland,,,,,,,,,,51.1â€“53.0,THE,30.6,38.4,80.9,93.1,49.8,20.7,0.07
301â€“350,University of Tartu,Estonia,,,,,,,,,,51.1â€“53.0,THE,32.8,31.8,86.5,64.1,60.7,9,0.12
301â€“350,Universiti Teknologi Petronas,Malaysia,,,,,,,,,,51.1â€“53.0,THE,33.8,37.8,77.7,67.9,77.8,13.1,0.12
301â€“350,The University of Tennessee-Knoxville,United States,,,,,,,,,,51.1â€“53.0,THE,38,31.6,84.5,72.9,56.1,17,0.03
301â€“350,University of Turku,Finland,,,,,,,,,,51.1â€“53.0,THE,31.6,34.9,83.3,67,52.5,15.7,0.06
301â€“350,United Arab Emirates University,United Arab Emirates,,,,,,,,,,51.1â€“53.0,THE,27,34.5,83.2,77.4,89.1,12.6,0.18
301â€“350,University College Cork,Ireland,,,,,,,,,,51.1â€“53.0,THE,28.3,31.6,82.4,75.9,77.2,21.1,0.16
301â€“350,Washington State University,United States,,,,,,,,,,51.1â€“53.0,THE,36.9,34.5,74.8,82.9,60.3,18.8,0.06
301â€“350,Western Sydney University,Australia,,,,,,,,,,51.1â€“53.0,THE,29.5,31.7,87.7,51.5,87.2,41.8,0.21
301â€“350,University of the Witwatersrand,South Africa,,,,,,,,,,51.1â€“53.0,THE,33,42.9,72.4,81.3,76.3,24.4,0.07
301â€“350,Xiamen University,China,,,,,,,,,,51.1â€“53.0,THE,38,33.5,83.7,72.1,38.4,15.1,0.02
351â€“400,Aix-Marseille University,France,,,,,,,,,,49.1â€“51.0,THE,43,27.2,71.9,63.2,76.3,17.3,0.14
351â€“400,Amirkabir University of Technology,Iran,,,,,,,,,,49.1â€“51.0,THE,34.8,33.7,77,85.1,38.8,20.2,0.03
351â€“400,Autonomous University of Madrid,Spain,,,,,,,,,,49.1â€“51.0,THE,38.7,29.9,76.3,65.4,60.9,13.4,0.15
351â€“400,University of Bayreuth,Germany,,,,,,,,,,49.1â€“51.0,THE,38,40.8,65,83.4,67.7,24.5,0.14
351â€“400,University of Bordeaux,France,,,,,,,,,,49.1â€“51.0,THE,37.2,29.9,72.5,66.7,66.6,21.7,0.14
351â€“400,Brunel University London,United Kingdom,,,,,,,,,,49.1â€“51.0,THE,25.2,26.5,80.7,60.1,98.4,17.9,0.4
351â€“400,University of Campinas,Brazil,,,,,,,,,,49.1â€“51.0,THE,50,45.5,54,65.5,40.4,18.9,0.03
351â€“400,University of Canberra,Australia,,,,,,,,,,49.1â€“51.0,THE,24.1,31.6,82.4,40.8,88.3,34.4,0.23
351â€“400,Chongqing University,China,,,,,,,,,,49.1â€“51.0,THE,32.8,38.2,75.9,79.6,42,20.1,0.02
351â€“400,"City, University of London",United Kingdom,,,,,,,,,,49.1â€“51.0,THE,27.4,30.9,78.6,61.8,95.5,19.5,0.45
351â€“400,University of Colorado Denver/Anschutz Medical Campus,United States,,,,,,,,,,49.1â€“51.0,THE,33.4,23.7,93.7,73.4,36.9,4.5,0.07
351â€“400,University of Connecticut,United States,,,,,,,,,,49.1â€“51.0,THE,41.2,30.2,72.8,68.7,64.6,13.1,0.11
351â€“400,Daegu Gyeongbuk Institute of Science and Technology (DGIST),South Korea,,,,,,,,,,49.1â€“51.0,THE,48.8,38.9,64.8,78.1,34.5,6.3,0.04
351â€“400,Edith Cowan University,Australia,,,,,,,,,,49.1â€“51.0,THE,23.7,26.2,86.9,69.2,87.6,29.8,0.24
351â€“400,University of Electronic Science and Technology of China,China,,,,,,,,,,49.1â€“51.0,THE,34.8,35.2,80.9,85.5,33.9,15.7,0.03
351â€“400,University of Florence,Italy,,,,,,,,,,49.1â€“51.0,THE,35.5,34.4,78.6,72.9,51.9,24,0.1
351â€“400,Free University of Bozen-Bolzano,Italy,,,,,,,,,,49.1â€“51.0,THE,31.8,22.8,85.5,45.6,78.6,10.7,0.14
351â€“400,University of Georgia,United States,,,,,,,,,,49.1â€“51.0,THE,41.2,40.5,68.2,69.8,43.9,15.7,0.06
351â€“400,Hasselt University,Belgium,,,,,,,,,,49.1â€“51.0,THE,33.5,38.1,69.1,83.9,71.6,30.9,0.14
351â€“400,Heriot-Watt University,United Kingdom,,,,,,,,,,49.1â€“51.0,THE,34.3,33.4,65.2,75.1,94.8,18.2,0.36
351â€“400,Hokkaido University,Japan,,,,,,,,,,49.1â€“51.0,THE,51.2,44,47.4,95.1,47.5,8.2,0.1
351â€“400,Hunan University,China,,,,,,,,,,49.1â€“51.0,THE,28.9,30.4,92,75.2,32.5,17.8,0.02
351â€“400,Illinois Institute of Technology,United States,,,,,,,,,,49.1â€“51.0,THE,42.6,26.9,67.8,91.5,73.2,12.2,0.36
351â€“400,Iowa State University,United States,,,,,,,,,,49.1â€“51.0,THE,39.5,34.5,69.3,84.8,46,17.1,0.08
351â€“400,James Cook University,Australia,,,,,,,,,,49.1â€“51.0,THE,28.3,30.9,79.6,58.9,77.7,17.3,0.09
351â€“400,Justus Liebig University Giessen,Germany,,,,,,,,,,49.1â€“51.0,THE,34.4,38,72.5,70.5,62.7,42.4,0.11
351â€“400,University of Kansas,United States,,,,,,,,,,49.1â€“51.0,THE,42.7,25.9,73.1,79.9,58.6,9.5,0.07
351â€“400,KoÃ§ University,Turkey,,,,,,,,,,49.1â€“51.0,THE,31.8,40.5,68.9,91.9,57.4,19.5,0.09
351â€“400,Leibniz University Hannover,Germany,,,,,,,,,,49.1â€“51.0,THE,38.3,41.5,62.1,81.6,58.2,39.5,0.15
351â€“400,University of Manitoba,Canada,,,,,,,,,,49.1â€“51.0,THE,31.8,34.7,76.3,62.3,59.1,30,0.21
351â€“400,Middle East Technical University,Turkey,,,,,,,,,,49.1â€“51.0,THE,44.2,43.1,53.6,81.9,56,21.2,0.12
351â€“400,University of Milan,Italy,,,,,,,,,,49.1â€“51.0,THE,31.3,31.8,87.3,69.5,47.2,21.8,0.07
351â€“400,University of Milan-Bicocca,Italy,,,,,,,,,,49.1â€“51.0,THE,27.8,26,91.1,66.7,47,29.8,0.05
351â€“400,Murdoch University,Australia,,,,,,,,,,49.1â€“51.0,THE,23.2,29.6,81.4,67.2,94.2,34,0.38
351â€“400,University of Naples Federico II,Italy,,,,,,,,,,49.1â€“51.0,THE,36.7,28.3,86.9,72,35.4,19.5,0.02
351â€“400,Peter the Great St Petersburg Polytechnic University,Russian Federation,,,,,,,,,,49.1â€“51.0,THE,43.4,31.3,67.4,61.6,65.2,10,0.33
351â€“400,SabancÄ± University,Turkey,,,,,,,,,,49.1â€“51.0,THE,31.7,37.9,69.5,90.2,66.6,20.5,0.11
351â€“400,University of St Gallen,Switzerland,,,,,,,,,,49.1â€“51.0,THE,33.8,21,81.4,66.6,93.6,12.9,0.33
351â€“400,University of Saskatchewan,Canada,,,,,,,,,,49.1â€“51.0,THE,39,35.1,62.9,95.8,78.9,18.1,0.21
351â€“400,University of Sharjah,United Arab Emirates,,,,,,,,,,49.1â€“51.0,THE,20.7,25.7,93.8,29,98.8,18.9,0.51
351â€“400,Shenzhen University,China,,,,,,,,,,49.1â€“51.0,THE,27.8,34.3,85.3,57.9,42.4,14,0.01
351â€“400,Southern Medical University,China,,,,,,,,,,49.1â€“51.0,THE,44.1,36.7,74.8,56.4,30.4,10.7,0.06
351â€“400,University of Southern Queensland,Australia,,,,,,,,,,49.1â€“51.0,THE,28.4,25.9,88,46.9,81.8,24.8,0.15
351â€“400,Technion Israel Institute of Technology,Israel,,,,,,,,,,49.1â€“51.0,THE,37.5,34,66.9,68.1,71.8,22.7,0.13
351â€“400,Temple University,United States,,,,,,,,,,49.1â€“51.0,THE,40.7,24.3,85.2,70.4,43.6,12.3,0.06
351â€“400,University of Texas at Dallas,United States,,,,,,,,,,49.1â€“51.0,THE,29.5,28.3,84.9,72.3,62.7,21.6,0.15
351â€“400,University of Trento,Italy,,,,,,,,,,49.1â€“51.0,THE,29.3,34.8,80.5,65.2,61.1,18.4,0.07
351â€“400,University of Tsukuba,Japan,,,,,,,,,,49.1â€“51.0,THE,51.8,42.6,52.3,72.9,51.3,12.1,0.16
351â€“400,University of Victoria,Canada,,,,,,,,,,49.1â€“51.0,THE,27.4,31.2,80.1,63.8,88.9,23.9,0.21
351â€“400,York University,Canada,,,,,,,,,,49.1â€“51.0,THE,28.2,32.4,78.3,69.6,79.5,29.1,0.28
401â€“500,"Asia University, Taiwan",Taiwan,,,,,,,,,,45.4â€“49.0,THE,18.3,36.6,80.6,63.2,49.2,29.5,0.04
401â€“500,Aston University,United Kingdom,,,,,,,,,,45.4â€“49.0,THE,22.2,26.5,82.5,64.1,95.2,19,0.25
401â€“500,Auckland University of Technology,New Zealand,,,,,,,,,,45.4â€“49.0,THE,23.8,21.2,84,40.8,92.4,17.7,0.46
401â€“500,Australian Catholic University,Australia,,,,,,,,,,45.4â€“49.0,THE,16.8,25.7,97,21.9,80.7,38.4,0.14
401â€“500,Bangor University,United Kingdom,,,,,,,,,,45.4â€“49.0,THE,27.6,25.3,72.7,64.3,88.2,14.8,0.23
401â€“500,Bauman Moscow State Technical University,Russian Federation,,,,,,,,,,45.4â€“49.0,THE,71.7,43.9,22.1,51.7,59.3,6.6,0.18
401â€“500,Bond University,Australia,,,,,,,,,,45.4â€“49.0,THE,28.2,23.1,82.5,23.1,82.3,11.2,0.34
401â€“500,Bournemouth University,United Kingdom,,,,,,,,,,45.4â€“49.0,THE,23.2,21.1,86.7,38.4,89,19.1,0.21
401â€“500,University of Brescia,Italy,,,,,,,,,,45.4â€“49.0,THE,24.4,19.2,89.3,62.4,44.9,24.2,0.06
401â€“500,Universiti Brunei Darussalam,Brunei Darussalam,,,,,,,,,,45.4â€“49.0,THE,28.5,28.9,76,22.9,75.7,11.3,0.14
401â€“500,"University of California, Merced",United States,,,,,,,,,,45.4â€“49.0,THE,26.2,23.9,86.8,48.1,55,19.6,0.09
401â€“500,Campus Bio-Medico University of Rome,Italy,,,,,,,,,,45.4â€“49.0,THE,32.6,29,76.9,48.8,31,18.4,0.01
401â€“500,University of Catania,Italy,,,,,,,,,,45.4â€“49.0,THE,32.4,22.7,81.2,59,34.9,22.2,0.03
401â€“500,Centrale Nantes,France,,,,,,,,,,45.4â€“49.0,THE,40.7,33.4,50.6,81.1,87.8,14.8,0.39
401â€“500,University of Central Florida,United States,,,,,,,,,,45.4â€“49.0,THE,28.5,34.4,74.7,78.3,39.9,39.1,0.04
401â€“500,Charles Darwin University,Australia,,,,,,,,,,45.4â€“49.0,THE,24.8,32.5,73.9,36.3,81.6,33.6,0.27
401â€“500,Charles University,Czech Republic,,,,,,,,,,45.4â€“49.0,THE,38.8,33.1,61.9,60.1,64.7,13.4,0.23
401â€“500,Chung-Ang University,South Korea,,,,,,,,,,45.4â€“49.0,THE,37.4,38.4,52,98.3,62.6,22.4,0.23
401â€“500,Claude Bernard University Lyon 1,France,,,,,,,,,,45.4â€“49.0,THE,40.3,27.1,65,71.3,63.7,12.7,0.14
401â€“500,University of Coimbra,Portugal,,,,,,,,,,45.4â€“49.0,THE,31.4,38.2,59.9,78,54.3,18.4,0.15
401â€“500,"Colorado State University, Fort Collins",United States,,,,,,,,,,45.4â€“49.0,THE,33.4,31.7,74.4,69.4,46.6,16.2,0.05
401â€“500,Constructor University,Germany,,,,,,,,,,45.4â€“49.0,THE,36.7,35.9,48.9,84.7,93.5,22.1,0.83
401â€“500,Dalian University of Technology,China,,,,,,,,,,45.4â€“49.0,THE,37,35,68.1,86.8,40.2,14.5,0.03
401â€“500,University of Delaware,United States,,,,,,,,,,45.4â€“49.0,THE,32.7,31.8,72.5,80.9,62.3,16.1,0.11
401â€“500,Dublin City University,Ireland,,,,,,,,,,45.4â€“49.0,THE,24.5,35.2,77.1,62.8,73.9,26.1,0.12
401â€“500,Ã‰cole des Ponts ParisTech,France,,,,,,,,,,45.4â€“49.0,THE,43.9,30.3,55.7,87.2,82.7,8.7,0.39
401â€“500,Florida International University,United States,,,,,,,,,,45.4â€“49.0,THE,31,29.3,74.2,61.5,51,22.4,0.09
401â€“500,University of Fribourg,Switzerland,,,,,,,,,,45.4â€“49.0,THE,36.8,33.2,63.2,54.7,83.1,16,0.15
401â€“500,University of Genoa,Italy,,,,,,,,,,45.4â€“49.0,THE,36.1,28.3,78,73.4,47.3,16.5,0.07
401â€“500,George Mason University,United States,,,,,,,,,,45.4â€“49.0,THE,29.7,27.5,82.7,62,59.9,18.3,0.11
401â€“500,Georgia State University,United States,,,,,,,,,,45.4â€“49.0,THE,35,25.4,72.6,65.2,57.1,15.7,0.07
401â€“500,"Goldsmiths, University of London",United Kingdom,,,,,,,,,,45.4â€“49.0,THE,29.2,25.2,75.4,28.9,81,14.5,0.38
401â€“500,University of Greifswald,Germany,,,,,,,,,,45.4â€“49.0,THE,35.5,29.9,73.8,60.2,57.1,21.1,0.08
401â€“500,University of Guelph,Canada,,,,,,,,,,45.4â€“49.0,THE,32.6,36.2,66.2,78.1,64.5,27.3,0.1
401â€“500,Gwangju Institute of Science and Technology (GIST),South Korea,,,,,,,,,,45.4â€“49.0,THE,48.5,39.6,50.3,99.9,43.9,9.5,0.07
401â€“500,HSE University,Russian Federation,,,,,,,,,,45.4â€“49.0,THE,34.4,44,57.3,56.5,51.4,18.6,0.12
401â€“500,University of Hull,United Kingdom,,,,,,,,,,45.4â€“49.0,THE,27.4,24.3,74.3,59.8,85.4,18,0.21
401â€“500,Imam Mohammad Ibn Saud Islamic University,Saudi Arabia,,,,,,,,,,45.4â€“49.0,THE,43.4,23.4,65.8,21.5,69.8,10.5,0.03
401â€“500,IMT Atlantique,France,,,,,,,,,,45.4â€“49.0,THE,47.5,36.5,43.6,90.5,84.8,9.4,0.37
401â€“500,Institut Agro,France,,,,,,,,,,45.4â€“49.0,THE,43.8,32.6,60.2,59.6,60.3,10.8,0.13
401â€“500,Iran University of Science and Technology,Iran,,,,,,,,,,45.4â€“49.0,THE,33.6,37.4,75.2,73.9,24.3,32.7,0.01
401â€“500,University of Johannesburg,South Africa,,,,,,,,,,45.4â€“49.0,THE,28.6,36.3,66.8,44.8,81,26.5,0.13
401â€“500,Johannes Kepler University of Linz,Austria,,,,,,,,,,45.4â€“49.0,THE,36.8,35.4,58.2,98.7,71.7,20.8,0.16
401â€“500,University of JyvÃ¤skylÃ¤,Finland,,,,,,,,,,45.4â€“49.0,THE,31.4,34.1,78.2,53,49.7,13.8,0.03
401â€“500,Universiti Kebangsaan Malaysia,Malaysia,,,,,,,,,,45.4â€“49.0,THE,45.7,27.8,58.7,47.4,74.9,10.1,0.18
401â€“500,University of Kent,United Kingdom,,,,,,,,,,45.4â€“49.0,THE,27.6,29,77.6,51.9,93.5,18,0.27
401â€“500,University of Kentucky,United States,,,,,,,,,,45.4â€“49.0,THE,41.3,30.8,71.8,70.9,46.8,11.3,0.03
401â€“500,King Saud University,Saudi Arabia,,,,,,,,,,45.4â€“49.0,THE,31.4,19.9,84.5,48.7,77.2,11.9,0.06
401â€“500,University of Limerick,Ireland,,,,,,,,,,45.4â€“49.0,THE,27.1,32.6,64.1,75.9,76.1,27.1,0.15
401â€“500,Lincoln University,New Zealand,,,,,,,,,,45.4â€“49.0,THE,33.9,26.7,68.4,49.7,92,14.5,0.33
401â€“500,University of Lisbon,Portugal,,,,,,,,,,45.4â€“49.0,THE,29.6,38,69.9,64.7,56.9,18,0.16
401â€“500,University of Marburg,Germany,,,,,,,,,,45.4â€“49.0,THE,36.7,31.4,68.8,63.1,62.3,32.7,0.14
401â€“500,Maynooth University,Ireland,,,,,,,,,,45.4â€“49.0,THE,21.1,30.7,77,58.3,74.8,28.5,0.12
401â€“500,Missouri University of Science and Technology,United States,,,,,,,,,,45.4â€“49.0,THE,33.2,28.7,69.6,88.1,72.4,21.6,0.09
401â€“500,Mizzou - University of Missouri,United States,,,,,,,,,,45.4â€“49.0,THE,40.6,26,66,69.9,53.6,12.3,0.03
401â€“500,University of Modena and Reggio Emilia,Italy,,,,,,,,,,45.4â€“49.0,THE,32,24.6,79.6,80.3,40.2,27,0.05
401â€“500,National Research Nuclear University MEPhI,Russian Federation,,,,,,,,,,45.4â€“49.0,THE,53.1,41,42.4,57.5,78.8,9.2,0.28
401â€“500,National Taiwan University of Science and Technology (Taiwan Tech),Taiwan,,,,,,,,,,45.4â€“49.0,THE,33.2,36.9,63.8,93.2,56.4,18.5,0.19
401â€“500,National Tsing Hua University,Taiwan,,,,,,,,,,45.4â€“49.0,THE,38.9,42.3,58.4,99.5,46.2,16.2,0.12
401â€“500,National Yang Ming Chiao Tung University,Taiwan,,,,,,,,,,45.4â€“49.0,THE,44,44.3,52.9,99.9,41.4,14.6,0.09
401â€“500,University of Nebraska-Lincoln,United States,,,,,,,,,,45.4â€“49.0,THE,33.8,31.1,71.5,67,65.9,16.6,0.09
401â€“500,University of NeuchÃ¢tel,Switzerland,,,,,,,,,,45.4â€“49.0,THE,31.8,26.4,67.2,53.5,85.9,11.8,0.21
401â€“500,New Jersey Institute of Technology,United States,,,,,,,,,,45.4â€“49.0,THE,27.4,23.5,69.2,69.8,93.6,14.5,0.24
401â€“500,University of Oregon,United States,,,,,,,,,,45.4â€“49.0,THE,31.1,30.5,79.4,70.2,43.2,13,0.06
401â€“500,University of Passau,Germany,,,,,,,,,,45.4â€“49.0,THE,31.5,36.5,66.5,62.2,58.2,58.2,0.13
401â€“500,University of Pisa,Italy,,,,,,,,,,45.4â€“49.0,THE,31.1,31.2,80.5,68.7,43.2,20.9,0.05
401â€“500,University of Plymouth,United Kingdom,,,,,,,,,,45.4â€“49.0,THE,24.4,21.9,79.5,66.1,80.6,17.1,0.16
401â€“500,Polytechnic University of Turin,Italy,,,,,,,,,,45.4â€“49.0,THE,29.7,30.2,73.5,85.8,53.2,31.9,0.15
401â€“500,Pontificia Universidad CatÃ³lica de Chile,Chile,,,,,,,,,,45.4â€“49.0,THE,29.7,34.3,67.6,84.7,57.9,15,0.03
401â€“500,University of Porto,Portugal,,,,,,,,,,45.4â€“49.0,THE,31.3,35.4,71.1,66.3,57.9,16.9,0.17
401â€“500,University of Portsmouth,United Kingdom,,,,,,,,,,45.4â€“49.0,THE,20,20,84.5,40.6,94.7,16.8,0.29
401â€“500,Prince Sultan University (PSU),Saudi Arabia,,,,,,,,,,45.4â€“49.0,THE,18.4,20.5,87,37.8,85.8,17.4,0.11
401â€“500,Quaid-i-Azam University,Pakistan,,,,,,,,,,45.4â€“49.0,THE,29.7,24.1,84.2,22.9,53.7,20.3,0.01
401â€“500,UniversitÃ© du QuÃ©bec,Canada,,,,,,,,,,45.4â€“49.0,THE,33.7,33.8,57.2,71.5,74.3,18.4,0.11
401â€“500,Rensselaer Polytechnic Institute,United States,,,,,,,,,,45.4â€“49.0,THE,34.1,30.3,60.9,89.9,78.7,15.3,0.2
401â€“500,Royal Veterinary College,United Kingdom,,,,,,,,,,45.4â€“49.0,THE,30,20.7,75.6,61.1,95.1,10.3,0.32
401â€“500,Universiti Sains Malaysia,Malaysia,,,,,,,,,,45.4â€“49.0,THE,42.9,27.8,60,53.7,71.9,12.1,0.28
401â€“500,Saint Louis University,United States,,,,,,,,,,45.4â€“49.0,THE,41.1,16.3,80.9,60.6,42,7.3,0.06
401â€“500,SOAS University of London,United Kingdom,,,,,,,,,,45.4â€“49.0,THE,42.5,36.1,60.2,15.6,80.4,14.9,0.45
401â€“500,University of South Carolina-Columbia,United States,,,,,,,,,,45.4â€“49.0,THE,35.9,24.6,75.1,63.4,59.2,16.9,0.05
401â€“500,Stevens Institute of Technology,United States,,,,,,,,,,45.4â€“49.0,THE,26.9,25.3,74.6,62.4,80.8,18.6,0.3
401â€“500,University of Stirling,United Kingdom,,,,,,,,,,45.4â€“49.0,THE,23,26.2,82.4,41,91.4,18.7,0.28
401â€“500,Sumy State University,Ukraine,,,,,,,,,,45.4â€“49.0,THE,24.3,13.5,68.9,20,63.2,12,0.24
401â€“500,Syracuse University,United States,,,,,,,,,,45.4â€“49.0,THE,33.8,28.2,73.3,72.7,56.5,14.1,0.21
401â€“500,Taipei Medical University,Taiwan,,,,,,,,,,45.4â€“49.0,THE,47.4,32.6,60.9,85.1,48.5,8.9,0.1
401â€“500,University of Tehran,Iran,,,,,,,,,,45.4â€“49.0,THE,37.7,28.4,71.9,60.5,33.6,26.6,0.02
401â€“500,Universiti Teknologi Malaysia,Malaysia,,,,,,,,,,45.4â€“49.0,THE,44.1,29.3,65,55,71.5,12.7,0.26
401â€“500,Tokyo Medical and Dental University (TMDU),Japan,,,,,,,,,,45.4â€“49.0,THE,46.7,31.3,53.4,99,39,4.4,0.12
401â€“500,University of Toulouse,France,,,,,,,,,,45.4â€“49.0,THE,29.4,30.2,65.7,70.2,72.6,22.9,0.15
401â€“500,TU Dortmund University,Germany,,,,,,,,,,45.4â€“49.0,THE,35.7,42.2,62.3,72,57.3,56,0.15
401â€“500,Tulane University,United States,,,,,,,,,,45.4â€“49.0,THE,42.9,24.4,73.1,67.8,50.7,7.7,0.09
401â€“500,University of Turin,Italy,,,,,,,,,,45.4â€“49.0,THE,23,30.1,84.5,74.4,45.5,29.5,0.06
401â€“500,UmeÃ¥ University,Sweden,,,,,,,,,,45.4â€“49.0,THE,26,33.5,80.2,60.6,64.9,13.8,0.12
401â€“500,Universiti Utara Malaysia,Malaysia,,,,,,,,,,45.4â€“49.0,THE,38.4,27.6,69.7,28.1,78.7,11.5,0.3
401â€“500,University of Vaasa,Finland,,,,,,,,,,45.4â€“49.0,THE,22,27.7,90.3,39.5,65.3,18.8,0.04
401â€“500,Verona University,Italy,,,,,,,,,,45.4â€“49.0,THE,29.6,26.2,84.1,67,46,26,0.04
401â€“500,Victoria University,Australia,,,,,,,,,,45.4â€“49.0,THE,27.4,29.9,73.1,57.2,75.5,40,0.19
401â€“500,Victoria University of Wellington,New Zealand,,,,,,,,,,45.4â€“49.0,THE,28.6,34.1,69.4,58.4,80.3,19.4,0.17
401â€“500,Virginia Commonwealth University,United States,,,,,,,,,,45.4â€“49.0,THE,36.4,23.2,82.8,72.7,36.5,10.6,0.03
401â€“500,University of Waikato,New Zealand,,,,,,,,,,45.4â€“49.0,THE,26.1,31,74.3,72.4,89.8,20.7,0.26
401â€“500,Wake Forest University,United States,,,,,,,,,,45.4â€“49.0,THE,39.6,22,80.6,78.5,38.7,4.1,0.09
401â€“500,Zayed University,United Arab Emirates,,,,,,,,,,45.4â€“49.0,THE,28.3,25.4,85.7,35,74.5,14.4,0.02
501â€“600,Aberystwyth University,United Kingdom,,,,,,,,,,41.9â€“45.3,THE,26.3,23,68.5,62.4,87.3,15.6,0.23
501â€“600,Ã…bo Akademi University,Finland,,,,,,,,,,41.9â€“45.3,THE,29.5,31.6,59.3,67.1,68.1,18.2,0.13
501â€“600,Ajou University,South Korea,,,,,,,,,,41.9â€“45.3,THE,35.6,37.7,52.8,92.3,48,14.9,0.17
501â€“600,University of Alaska Fairbanks,United States,,,,,,,,,,41.9â€“45.3,THE,34.5,31,63.1,47.5,70.1,7.9,0.06
501â€“600,Alfaisal University,Saudi Arabia,,,,,,,,,,41.9â€“45.3,THE,24.1,15.2,72.7,42.1,97.7,10.8,0.32
501â€“600,American University of Beirut,Lebanon,,,,,,,,,,41.9â€“45.3,THE,29.7,17.9,73.5,66,72.9,8.7,0.2
501â€“600,Anglia Ruskin University (ARU),United Kingdom,,,,,,,,,,41.9â€“45.3,THE,20.2,16.3,84.8,19,94.2,24.1,0.41
501â€“600,Anna University,India,,,,,,,,,,41.9â€“45.3,THE,32,26.3,72.4,51,20.4,13.1,0.01
501â€“600,University of Lâ€™Aquila,Italy,,,,,,,,,,41.9â€“45.3,THE,32.1,22.8,73.2,70.9,36.4,31.7,0.05
501â€“600,Auburn University,United States,,,,,,,,,,41.9â€“45.3,THE,36,25.7,59.6,69.3,57.7,18.2,0.08
501â€“600,Babol Noshirvani University of Technology,Iran,,,,,,,,,,41.9â€“45.3,THE,21.5,21.5,94.4,28.4,25.3,26.7,0
501â€“600,Bar-Ilan University,Israel,,,,,,,,,,41.9â€“45.3,THE,30,34.1,54.1,85.8,46.8,19,0.04
501â€“600,Beirut Arab University,Lebanon,,,,,,,,,,41.9â€“45.3,THE,48.5,24.6,47.3,18.6,88.2,10.4,0.21
501â€“600,Ben-Gurion University of the Negev,Israel,,,,,,,,,,41.9â€“45.3,THE,34.1,30.6,59,71.6,34.5,21.3,0.02
501â€“600,University of Bradford,United Kingdom,,,,,,,,,,41.9â€“45.3,THE,23.3,22.4,73.8,58.1,90.1,19.5,0.31
501â€“600,Brighton and Sussex Medical School,United Kingdom,,,,,,,,,,41.9â€“45.3,THE,26.6,22,74.4,37.8,93.1,0.3,0.26
501â€“600,Caâ€™ Foscari University of Venice,Italy,,,,,,,,,,41.9â€“45.3,THE,34.2,36.3,52.8,64.7,63,29.5,0.07
501â€“600,University of Calabria,Italy,,,,,,,,,,41.9â€“45.3,THE,34.9,19.5,69.6,47.4,43.2,16.1,0.05
501â€“600,University of Canterbury,New Zealand,,,,,,,,,,41.9â€“45.3,THE,28.6,30.9,62.4,68.2,85.1,22,0.18
501â€“600,Carleton University,Canada,,,,,,,,,,41.9â€“45.3,THE,22.6,31.2,67,75.5,77.2,29.4,0.21
501â€“600,Central Queensland University,Australia,,,,,,,,,,41.9â€“45.3,THE,19.7,26.7,76,39.5,65.3,25.6,0.11
501â€“600,"China University of Petroleum, Beijing",China,,,,,,,,,,41.9â€“45.3,THE,31.6,37.5,56.6,81.8,30.1,18.6,0.07
501â€“600,Complutense University of Madrid,Spain,,,,,,,,,,41.9â€“45.3,THE,40.3,29.4,58.8,52.1,46.7,11.8,0.1
501â€“600,Concordia University,Canada,,,,,,,,,,41.9â€“45.3,THE,25.7,29.3,66.2,66.3,86.6,34.6,0.34
501â€“600,University of CÃ´te dâ€™Azur,France,,,,,,,,,,41.9â€“45.3,THE,28.4,22,65.6,62.4,80.6,20.5,0.2
501â€“600,University of Crete,Greece,,,,,,,,,,41.9â€“45.3,THE,19.9,25.7,76.5,64.5,47.4,26.5,0.04
501â€“600,University of Cyprus,Cyprus,,,,,,,,,,41.9â€“45.3,THE,22.5,25.8,75.3,64.3,77.7,20,0.14
501â€“600,University of Denver,United States,,,,,,,,,,41.9â€“45.3,THE,39.9,24.3,64.2,55.8,31.2,13.6,0.05
501â€“600,Donghua University,China,,,,,,,,,,41.9â€“45.3,THE,27.8,22.1,72.8,85.3,39.9,14.7,0.06
501â€“600,University of Eastern Finland,Finland,,,,,,,,,,41.9â€“45.3,THE,28.9,31.2,69.7,67.4,48.5,18.5,0.05
501â€“600,Edinburgh Napier University,United Kingdom,,,,,,,,,,41.9â€“45.3,THE,18.1,18.4,77.9,47.7,93.7,22.4,0.34
501â€“600,ENSTA Bretagne,France,,,,,,,,,,41.9â€“45.3,THE,39.4,28.6,48.1,75.5,68.9,8.6,0.18
501â€“600,University of Ferrara,Italy,,,,,,,,,,41.9â€“45.3,THE,29.6,24.9,74.3,66.9,44.7,34.8,0.05
501â€“600,University of Granada,Spain,,,,,,,,,,41.9â€“45.3,THE,28.5,26.6,65.7,52.2,52.6,14.7,0.09
501â€“600,University of Graz,Austria,,,,,,,,,,41.9â€“45.3,THE,29.2,21.8,66.9,51.2,81.3,12.6,0.17
501â€“600,Graz University of Technology,Austria,,,,,,,,,,41.9â€“45.3,THE,40.4,21.4,51.5,91.5,81.5,8.2,0.24
501â€“600,University of Greenwich,United Kingdom,,,,,,,,,,41.9â€“45.3,THE,17.8,17.5,81.2,40.9,97.2,21.8,0.46
501â€“600,Hamburg University of Technology,Germany,,,,,,,,,,41.9â€“45.3,THE,37.6,24.5,53,79.5,61.4,26.4,0.23
501â€“600,University of Houston,United States,,,,,,,,,,41.9â€“45.3,THE,33.8,29.7,65.8,70.2,50.8,26.3,0.07
501â€“600,University of Huddersfield,United Kingdom,,,,,,,,,,41.9â€“45.3,THE,28.3,25,66.3,44.4,88.4,19.8,0.26
501â€“600,University of Iceland,Iceland,,,,,,,,,,41.9â€“45.3,THE,23.4,34,70.6,75.6,55.8,17,0.12
501â€“600,Istanbul Technical University,Turkey,,,,,,,,,,41.9â€“45.3,THE,35.8,36.6,51.8,87.3,45.8,25.8,0.14
501â€“600,Jamia Millia Islamia,India,,,,,,,,,,41.9â€“45.3,THE,41.1,14.4,75.7,37.5,39.7,11.2,0.04
501â€“600,Jinan University,China,,,,,,,,,,41.9â€“45.3,THE,25.9,22.8,73.5,43.6,63.1,15,0.3
501â€“600,Keele University,United Kingdom,,,,,,,,,,41.9â€“45.3,THE,21.5,24.6,73.3,66.1,81.3,15.8,0.15
501â€“600,King Khalid University,Saudi Arabia,,,,,,,,,,41.9â€“45.3,THE,29.8,20.1,70.3,48.6,91,8.3,0.16
501â€“600,University of Klagenfurt,Austria,,,,,,,,,,41.9â€“45.3,THE,31.2,19.4,72.4,48.1,87.6,10,0.31
501â€“600,University of KwaZulu-Natal,South Africa,,,,,,,,,,41.9â€“45.3,THE,31.5,34.8,63.7,39.7,55.9,27.6,0.02
501â€“600,Kyungpook National University,South Korea,,,,,,,,,,41.9â€“45.3,THE,33.2,38.1,51.5,96.2,50.2,20.1,0.14
501â€“600,Lebanese American University,Lebanon,,,,,,,,,,41.9â€“45.3,THE,26.7,13.2,76.4,32.8,84.2,10.1,0.17
501â€“600,Leuphana University of LÃ¼neburg,Germany,,,,,,,,,,41.9â€“45.3,THE,25.5,22.9,85.3,25.8,59.8,22.5,0.07
501â€“600,University of Lincoln,United Kingdom,,,,,,,,,,41.9â€“45.3,THE,19.9,18.7,82.2,24.7,80.2,16.1,0.13
501â€“600,Liverpool John Moores University,United Kingdom,,,,,,,,,,41.9â€“45.3,THE,21.6,19.3,77.7,35.4,83,18.1,0.16
501â€“600,Mahatma Gandhi University,India,,,,,,,,,,41.9â€“45.3,THE,38.8,38.1,62.3,23.2,28.1,20.5,0.02
501â€“600,Manchester Metropolitan University,United Kingdom,,,,,,,,,,41.9â€“45.3,THE,20.5,18.5,77.4,57.7,80.6,17.4,0.19
501â€“600,Massey University,New Zealand,,,,,,,,,,41.9â€“45.3,THE,28.7,28.2,60.5,77.6,87.5,17.4,0.27
501â€“600,Memorial University of Newfoundland,Canada,,,,,,,,,,41.9â€“45.3,THE,27.5,24.5,60.9,83.2,85.7,15.1,0.23
501â€“600,University of Messina,Italy,,,,,,,,,,41.9â€“45.3,THE,30.5,25.3,79.1,59.5,34.1,21.1,0.03
501â€“600,Middlesex University,United Kingdom,,,,,,,,,,41.9â€“45.3,THE,22.8,18.5,80,46.8,93.4,18.3,0.5
501â€“600,University of Mons,Belgium,,,,,,,,,,41.9â€“45.3,THE,24.8,32.5,63.9,64,71.5,28.1,0.18
501â€“600,Nantes UniversitÃ©,France,,,,,,,,,,41.9â€“45.3,THE,29.2,25.2,67.2,64.1,55,24.5,0.09
501â€“600,National Cheng Kung University (NCKU),Taiwan,,,,,,,,,,41.9â€“45.3,THE,35.4,39.2,47.2,100,40.8,15.9,0.11
501â€“600,National and Kapodistrian University of Athens,Greece,,,,,,,,,,41.9â€“45.3,THE,22.6,23.9,77.3,89.8,56.6,34,0.11
501â€“600,National Taiwan Normal University,Taiwan,,,,,,,,,,41.9â€“45.3,THE,35,32,51.4,92.7,50.4,12.3,0.12
501â€“600,National Yunlin University of Science and Technology,Taiwan,,,,,,,,,,41.9â€“45.3,THE,20.5,27.3,74.6,69.1,43.2,21.5,0.06
501â€“600,Nazarbayev University,Kazakhstan,,,,,,,,,,41.9â€“45.3,THE,25.4,29.5,65.9,40.4,74.3,13.9,0.03
501â€“600,University of Nebraska Medical Center,United States,,,,,,,,,,41.9â€“45.3,THE,36.9,16.4,77.8,66.1,41.3,2,0.07
501â€“600,University of Nicosia,Cyprus,,,,,,,,,,41.9â€“45.3,THE,22.6,21,76.1,26.3,91.2,13,0.54
501â€“600,Northumbria University,United Kingdom,,,,,,,,,,41.9â€“45.3,THE,21.5,22.7,75.8,40.4,90,16.1,0.22
501â€“600,Nottingham Trent University,United Kingdom,,,,,,,,,,41.9â€“45.3,THE,20.7,14.3,84.6,37.3,88.5,15.4,0.21
501â€“600,NOVA University of Lisbon,Portugal,,,,,,,,,,41.9â€“45.3,THE,29.5,33.7,61.5,71.5,62,17.8,0.2
501â€“600,Polytechnic University of Bari,Italy,,,,,,,,,,41.9â€“45.3,THE,23,27.6,76.9,59.9,42.5,43,0.01
501â€“600,University of Pretoria,South Africa,,,,,,,,,,41.9â€“45.3,THE,31.2,34.3,56.7,69.9,61.4,22.1,0.06
501â€“600,Pusan National University,South Korea,,,,,,,,,,41.9â€“45.3,THE,39.2,39.1,45.1,86.6,37.8,16.9,0.1
501â€“600,Universiti Putra Malaysia,Malaysia,,,,,,,,,,41.9â€“45.3,THE,36,30.5,51.2,64.9,80.7,11.3,0.27
501â€“600,Rovira i Virgili University,Spain,,,,,,,,,,41.9â€“45.3,THE,27.4,24.3,68.1,49.7,58.9,13.3,0.13
501â€“600,Rush University,United States,,,,,,,,,,41.9â€“45.3,THE,41.3,14.2,78,56,28.9,2.1,0.01
501â€“600,University of Salerno,Italy,,,,,,,,,,41.9â€“45.3,THE,21.9,24.4,79.2,52.4,37.4,26.5,0.02
501â€“600,Sciences Po,France,,,,,,,,,,41.9â€“45.3,THE,32.4,25.6,60.1,17.2,84.6,42.6,0.32
501â€“600,Shanghai University,China,,,,,,,,,,41.9â€“45.3,THE,31.8,38,62.7,71.3,42.9,13,0.06
501â€“600,Shiraz University of Technology,Iran,,,,,,,,,,41.9â€“45.3,THE,37,22.8,77.7,32.6,33.7,12.9,0
501â€“600,Shoolini University of Biotechnology and Management Sciences,India,,,,,,,,,,41.9â€“45.3,THE,27.6,17.9,85.2,17.7,70,15.3,0.01
501â€“600,University of Siena,Italy,,,,,,,,,,41.9â€“45.3,THE,25,25.6,75.9,74.9,48.7,18.1,0.1
501â€“600,"Soochow University, China",China,,,,,,,,,,41.9â€“45.3,THE,27.7,24.3,79.8,75.6,30.6,15.8,0.03
501â€“600,Southern Cross University,Australia,,,,,,,,,,41.9â€“45.3,THE,23.5,27.7,65.4,52.8,73.7,48.7,0.23
501â€“600,University of the Sunshine Coast,Australia,,,,,,,,,,41.9â€“45.3,THE,20.9,27.7,70.2,37.3,69.1,29.8,0.13
501â€“600,University of Tabriz,Iran,,,,,,,,,,41.9â€“45.3,THE,26.7,23.4,80.1,43.1,40.8,26.7,0.04
501â€“600,Tabriz University of Medical Sciences,Iran,,,,,,,,,,41.9â€“45.3,THE,43,15.1,73.1,29.9,30.2,9.3,0.02
501â€“600,Taif University,Saudi Arabia,,,,,,,,,,41.9â€“45.3,THE,18.3,17.8,84.1,20.9,75.6,19.4,0.03
501â€“600,The University of Texas at San Antonio,United States,,,,,,,,,,41.9â€“45.3,THE,21,22.5,79.2,63.6,42.8,26.4,0.03
501â€“600,Tomsk State University,Russian Federation,,,,,,,,,,41.9â€“45.3,THE,49.2,40,31.8,53.8,79.1,11.6,0.37
501â€“600,University of Trieste,Italy,,,,,,,,,,41.9â€“45.3,THE,31.9,25.1,74.2,52.3,52,26,0.07
501â€“600,TU Braunschweig,Germany,,,,,,,,,,41.9â€“45.3,THE,34.5,24,61.5,77,60.6,19.6,0.18
501â€“600,The University of Tulsa,United States,,,,,,,,,,41.9â€“45.3,THE,36.1,17.2,71.9,52.9,44.6,10.8,0.09
501â€“600,UiT The Arctic University of Norway,Norway,,,,,,,,,,41.9â€“45.3,THE,27.7,22.1,68.8,54,65.6,10.6,0.08
501â€“600,University of Ulsan,South Korea,,,,,,,,,,41.9â€“45.3,THE,29.4,26.6,69,86.6,25.2,10.8,0.04
501â€“600,University of Valencia,Spain,,,,,,,,,,41.9â€“45.3,THE,28.9,25.6,75.7,58.2,49.2,13.7,0.09
501â€“600,Wayne State University,United States,,,,,,,,,,41.9â€“45.3,THE,36.4,20.4,70.2,79.3,41.8,13,0.05
501â€“600,University of the West of England,United Kingdom,,,,,,,,,,41.9â€“45.3,THE,19.5,15,82.6,30.2,78.6,15.9,0.25
501â€“600,University of Windsor,Canada,,,,,,,,,,41.9â€“45.3,THE,28.7,29.8,56.7,60.7,90.8,34.1,0.35
501â€“600,University of Wuppertal,Germany,,,,,,,,,,41.9â€“45.3,THE,29.8,29.8,67.3,64.6,55,35.4,0.1
501â€“600,Yangzhou University,China,,,,,,,,,,41.9â€“45.3,THE,32.8,24.6,64.9,66.7,54,12.5,0.13
601â€“800,Abdul Wali Khan University Mardan,Pakistan,,,,,,,,,,37.0â€“41.8,THE,18.4,12.6,80.4,21.8,49,22.8,0
601â€“800,Air University,Pakistan,,,,,,,,,,37.0â€“41.8,THE,24.2,12.5,81.5,39.5,48.7,12.8,0
601â€“800,The University of Aizu,Japan,,,,,,,,,,37.0â€“41.8,THE,26.6,13.8,58.6,63.7,82.6,11.5,0.12
601â€“800,The University of Alabama,United States,,,,,,,,,,37.0â€“41.8,THE,26,21.2,64.4,46.6,39.3,21.6,0.04
601â€“800,Alagappa University,India,,,,,,,,,,37.0â€“41.8,THE,34.8,12.8,64.8,23.2,44.4,15.8,0
601â€“800,Aligarh Muslim University,India,,,,,,,,,,37.0â€“41.8,THE,41.1,14,61.6,34.3,38.2,12,0.01
601â€“800,Amedeo Avogadro University of Eastern Piedmont,Italy,,,,,,,,,,37.0â€“41.8,THE,12.7,23.5,71.3,47.1,48.2,40.8,0.07
601â€“800,American University,United States,,,,,,,,,,37.0â€“41.8,THE,35.2,17.1,57.2,38.5,46.5,12,0.12
601â€“800,American University of Sharjah,United Arab Emirates,,,,,,,,,,37.0â€“41.8,THE,24.5,26.3,57.9,27.9,88.6,12.5,0.74
601â€“800,University of Arkansas,United States,,,,,,,,,,37.0â€“41.8,THE,27.4,30.5,62.6,67.3,36.2,18.6,0.04
601â€“800,University of Aveiro,Portugal,,,,,,,,,,37.0â€“41.8,THE,27.1,30.2,57.3,48.1,48.6,16.3,0.11
601â€“800,Babol University of Medical Sciences,Iran,,,,,,,,,,37.0â€“41.8,THE,41.7,12,70.5,18,21,11.7,0
601â€“800,Banaras Hindu University,India,,,,,,,,,,37.0â€“41.8,THE,47.2,16.4,66.4,26.8,25,8,0.03
601â€“800,University of Bari Aldo Moro,Italy,,,,,,,,,,37.0â€“41.8,THE,19.8,21.8,78.3,57.8,37.5,20,0.02
601â€“800,University of the Basque Country,Spain,,,,,,,,,,37.0â€“41.8,THE,27,23.9,65.8,65.5,46.2,13.8,0.05
601â€“800,Baylor University,United States,,,,,,,,,,37.0â€“41.8,THE,39.2,19.7,61.3,54.8,38.6,19,0.06
601â€“800,University of Beira Interior,Portugal,,,,,,,,,,37.0â€“41.8,THE,20.1,22.2,65.4,36.7,52.3,17.4,0.18
601â€“800,Bharathiar University,India,,,,,,,,,,37.0â€“41.8,THE,36.7,32.6,48,34.6,31.1,18.2,0
601â€“800,Bilkent University,Turkey,,,,,,,,,,37.0â€“41.8,THE,27.8,26,48.8,91.4,70,14.8,0.08
601â€“800,Birmingham City University,United Kingdom,,,,,,,,,,37.0â€“41.8,THE,17.3,11.8,77.8,23.2,81.9,17.2,0.26
601â€“800,BoÄŸaziÃ§i University,Turkey,,,,,,,,,,37.0â€“41.8,THE,26.1,26.6,57.4,59.6,50.6,23.5,0.02
601â€“800,University of Campania Luigi Vanvitelli,Italy,,,,,,,,,,37.0â€“41.8,THE,25.6,9.6,79,47.7,31.6,28.9,0.02
601â€“800,Cankaya University,Turkey,,,,,,,,,,37.0â€“41.8,THE,14,15.4,83.4,17,51,24,0.01
601â€“800,University of Cape Coast,Ghana,,,,,,,,,,37.0â€“41.8,THE,16.5,23.8,71,44.6,46.9,38.6,0
601â€“800,Capital Medical University,China,,,,,,,,,,37.0â€“41.8,THE,35.9,20.9,65.8,46,26.4,4.9,0.05
601â€“800,Capital University of Science and Technology,Pakistan,,,,,,,,,,37.0â€“41.8,THE,13.4,16.1,82,22.2,46.6,28,0
601â€“800,The Catholic University of America,United States,,,,,,,,,,37.0â€“41.8,THE,44.4,20,45.6,68.7,51.7,11.2,0.06
601â€“800,The Catholic University of Korea,South Korea,,,,,,,,,,37.0â€“41.8,THE,30.7,38.7,42.9,89.9,36.2,17.9,0.07
601â€“800,Chang Gung University,Taiwan,,,,,,,,,,37.0â€“41.8,THE,26.5,34.6,47.2,95.5,28.5,12.3,0.05
601â€“800,Chulalongkorn University,Thailand,,,,,,,,,,37.0â€“41.8,THE,36.7,32.2,50.2,76.6,44.1,12.7,0.03
601â€“800,Clark University,United States,,,,,,,,,,37.0â€“41.8,THE,26.6,20.8,66.8,54,70.5,12.2,0.27
601â€“800,COMSATS University Islamabad,Pakistan,,,,,,,,,,37.0â€“41.8,THE,17.9,16.6,88.2,30.5,50,16,0.01
601â€“800,University of CÃ³rdoba,Spain,,,,,,,,,,37.0â€“41.8,THE,27,19.9,62.6,41.9,52.3,12.9,0.11
601â€“800,Coventry University,United Kingdom,,,,,,,,,,37.0â€“41.8,THE,20.9,14.9,69.6,26.8,95.6,14.9,0.48
601â€“800,Cyprus University of Technology,Cyprus,,,,,,,,,,37.0â€“41.8,THE,29.4,19.1,63.3,21.9,71.2,15.3,0.14
601â€“800,University of Debrecen,Hungary,,,,,,,,,,37.0â€“41.8,THE,41.2,22.5,40.7,51.1,59.7,12,0.24
601â€“800,De Montfort University,United Kingdom,,,,,,,,,,37.0â€“41.8,THE,17.8,15.1,71,45,93.9,18.5,0.37
601â€“800,University of Derby,United Kingdom,,,,,,,,,,37.0â€“41.8,THE,18.5,12.8,71.8,26.5,75,15.8,0.18
601â€“800,Duy Tan University,Vietnam,,,,,,,,,,37.0â€“41.8,THE,12.1,14.2,87.5,17.4,52.5,24.3,0
601â€“800,East China University of Science and Technology,China,,,,,,,,,,37.0â€“41.8,THE,29.9,25.8,60.2,87.1,23.2,18,0.02
601â€“800,Eastern Mediterranean University,Northern Cyprus,,,,,,,,,,37.0â€“41.8,THE,26,15.2,73.8,35.9,75.5,25.4,0.75
601â€“800,Ã‰cole Centrale de Lyon,France,,,,,,,,,,37.0â€“41.8,THE,36,25.7,32.6,82.5,79.2,16.4,0.24
601â€“800,Ã‰cole des Mines de Saint-Ã‰tienne,France,,,,,,,,,,37.0â€“41.8,THE,44.3,31.4,34.5,77.3,70.6,9.8,0.24
601â€“800,Ã‰cole Nationale des Travaux Publics de l'Ã‰tat (ENTPE),France,,,,,,,,,,37.0â€“41.8,THE,32.1,37,31.3,80.8,67.7,14.8,0.14
601â€“800,Egypt-Japan University of Science and Technology (E-JUST),Egypt,,,,,,,,,,37.0â€“41.8,THE,34.2,27.6,62.4,27.7,51.5,18.4,0.03
601â€“800,"University of Engineering and Technology, Taxila",Pakistan,,,,,,,,,,37.0â€“41.8,THE,16.4,12.8,82.6,17.1,48.5,19.4,0.02
601â€“800,Universidade Estadual Paulista (Unesp),Brazil,,,,,,,,,,37.0â€“41.8,THE,41.5,33.1,38.1,40.5,38.6,12.8,0.04
601â€“800,Ewha Womans University,South Korea,,,,,,,,,,37.0â€“41.8,THE,37.6,35.3,44.5,82.8,49.6,16.7,0.15
601â€“800,Federal University of Rio de Janeiro,Brazil,,,,,,,,,,37.0â€“41.8,THE,41.8,36,36.7,81,35.9,13.5,0.01
601â€“800,Universidade Federal do Rio Grande do Sul,Brazil,,,,,,,,,,37.0â€“41.8,THE,36.4,22.5,54.1,52.9,34.1,16.5,0.01
601â€“800,Federation University Australia,Australia,,,,,,,,,,37.0â€“41.8,THE,20.9,17.2,71.3,41.7,85.8,16.8,0.38
601â€“800,University of Foggia,Italy,,,,,,,,,,37.0â€“41.8,THE,24.3,24.7,65.5,30.6,30.3,33.2,0.01
601â€“800,Gabriele dâ€˜Annunzio University,Italy,,,,,,,,,,37.0â€“41.8,THE,16.3,18.3,71.7,59.9,40.6,31.7,0.02
601â€“800,Glasgow Caledonian University,United Kingdom,,,,,,,,,,37.0â€“41.8,THE,20.7,13.9,66.7,46.1,75.6,24.1,0.18
601â€“800,Government College University Faisalabad,Pakistan,,,,,,,,,,37.0â€“41.8,THE,20.8,15,83.4,32.7,48.2,26.5,0
601â€“800,Guangdong University of Technology,China,,,,,,,,,,37.0â€“41.8,THE,17.2,19.3,79.6,63.5,28.4,19,0
601â€“800,Hacettepe University,Turkey,,,,,,,,,,37.0â€“41.8,THE,32.5,26.8,50.4,73.5,27.5,19.9,0.03
601â€“800,University of Haifa,Israel,,,,,,,,,,37.0â€“41.8,THE,23.9,30.1,68.4,64.5,34.5,18.4,0.03
601â€“800,University of Hail,Saudi Arabia,,,,,,,,,,37.0â€“41.8,THE,22.1,10.5,72.3,23.5,76.8,11.2,0.03
601â€“800,Harokopio University of Athens,Greece,,,,,,,,,,37.0â€“41.8,THE,25.1,27.4,72.9,37.4,41.1,44.9,0.03
601â€“800,University of Hertfordshire,United Kingdom,,,,,,,,,,37.0â€“41.8,THE,18.6,13.4,67.2,33.9,91.6,16.3,0.4
601â€“800,Hiroshima University,Japan,,,,,,,,,,37.0â€“41.8,THE,39.6,26.4,44.7,68.5,51.5,7.6,0.1
601â€“800,Imam Abdulrahman Bin Faisal University,Saudi Arabia,,,,,,,,,,37.0â€“41.8,THE,27.7,13.9,70.6,20.8,75.3,11.3,0.04
601â€“800,Imam Khomeini International University,Iran,,,,,,,,,,37.0â€“41.8,THE,30.6,19.6,72.4,26.7,26.9,25.8,0.05
601â€“800,Indian Institute of Technology Guwahati,India,,,,,,,,,,37.0â€“41.8,THE,35.5,24.1,52,49.5,28.6,18,0.01
601â€“800,Indian Institute of Technology (Indian School of Mines) Dhanbad,India,,,,,,,,,,37.0â€“41.8,THE,37.6,24.1,59.7,30,18.4,16.7,0
601â€“800,Indian Institute of Technology Patna,India,,,,,,,,,,37.0â€“41.8,THE,33.2,24.1,70.6,19.8,22.3,18.8,0.01
601â€“800,University of Insubria,Italy,,,,,,,,,,37.0â€“41.8,THE,19.7,22.7,80.4,43.2,42.4,27.5,0.05
601â€“800,"International Institute of Information Technology, Hyderabad",India,,,,,,,,,,37.0â€“41.8,THE,26,21.4,71.7,49.6,39.5,18.3,0.07
601â€“800,Iran University of Medical Sciences,Iran,,,,,,,,,,37.0â€“41.8,THE,48.2,16.4,54.5,39.1,38.3,8.3,0.1
601â€“800,ISCTE-University Institute of Lisbon,Portugal,,,,,,,,,,37.0â€“41.8,THE,26.4,35.7,56.3,55.2,53,26.7,0.17
601â€“800,Isfahan University of Technology,Iran,,,,,,,,,,37.0â€“41.8,THE,21.5,26.5,62,75.2,33,22.7,0.01
601â€“800,ITMO University,Russian Federation,,,,,,,,,,37.0â€“41.8,THE,34,34.9,40,69,67.1,14.6,0.18
601â€“800,Jagiellonian University,Poland,,,,,,,,,,37.0â€“41.8,THE,38.4,29,55.7,46.7,43.4,8.8,0.11
601â€“800,Jamia Hamdard University,India,,,,,,,,,,37.0â€“41.8,THE,21.1,15,74.8,40.4,41.9,18.5,0.03
601â€“800,Jawaharlal Nehru University,India,,,,,,,,,,37.0â€“41.8,THE,41.9,24.3,51.8,33.9,23.7,16.1,0.01
601â€“800,Jiangsu University,China,,,,,,,,,,37.0â€“41.8,THE,25.6,14.1,77.5,51.1,55.1,9.4,0.06
601â€“800,JÃ¶nkÃ¶ping University,Sweden,,,,,,,,,,37.0â€“41.8,THE,20.1,19.2,78.3,28.2,65.7,13,0.13
601â€“800,The University of Jordan,Jordan,,,,,,,,,,37.0â€“41.8,THE,27.8,13.4,62.7,30.8,67.1,10.3,0.2
601â€“800,Jouf University,Saudi Arabia,,,,,,,,,,37.0â€“41.8,THE,30.5,18.3,58.3,21.3,76.7,9.6,0.03
601â€“800,Juntendo University,Japan,,,,,,,,,,37.0â€“41.8,THE,37.6,17.1,59.3,81.4,25.3,5,0.03
601â€“800,University of Kaiserslautern,Germany,,,,,,,,,,37.0â€“41.8,THE,38.7,28.7,44.4,83,56.7,22,0.19
601â€“800,Kansas State University,United States,,,,,,,,,,37.0â€“41.8,THE,32.9,20.9,57.4,66.9,57.5,13.8,0.06
601â€“800,University of Kashan,Iran,,,,,,,,,,37.0â€“41.8,THE,27.1,19.9,74.7,21.9,24.8,28.4,0.02
601â€“800,Kashan University of Medical Sciences and Health Services,Iran,,,,,,,,,,37.0â€“41.8,THE,32.9,15,75.6,17.4,25.3,20.5,0.03
601â€“800,Keio University,Japan,,,,,,,,,,37.0â€“41.8,THE,36.9,27,49.2,73.3,38.4,10.2,0.08
601â€“800,KIIT University,India,,,,,,,,,,37.0â€“41.8,THE,38.5,15.8,61.5,52,39.4,12.3,0.1
601â€“800,King Saud bin Abdulaziz University for Health Sciences,Saudi Arabia,,,,,,,,,,37.0â€“41.8,THE,40.8,21.7,43.6,36.1,64.4,13,0.01
601â€“800,Kobe University,Japan,,,,,,,,,,37.0â€“41.8,THE,39.5,27.2,48.1,75.4,39,10.2,0.07
601â€“800,Konkuk University,South Korea,,,,,,,,,,37.0â€“41.8,THE,32.2,37.6,49.1,73.7,45,25.2,0.15
601â€“800,Kurdistan University of Medical Sciences,Iran,,,,,,,,,,37.0â€“41.8,THE,40.8,11.2,67.6,18.8,27.9,10.7,0.02
601â€“800,Lehigh University,United States,,,,,,,,,,37.0â€“41.8,THE,33,22.5,57.6,63.6,73.8,11.2,0.17
601â€“800,University of Lille,France,,,,,,,,,,37.0â€“41.8,THE,32.5,23.2,58.6,67.2,68,31.5,0.13
601â€“800,London South Bank University,United Kingdom,,,,,,,,,,37.0â€“41.8,THE,18.6,12.4,65.9,52.4,92.3,17.5,0.37
601â€“800,University of Lorraine,France,,,,,,,,,,37.0â€“41.8,THE,27.3,18.9,58,60.6,72.9,20,0.16
601â€“800,Louisiana State University,United States,,,,,,,,,,37.0â€“41.8,THE,32.7,21.4,61.1,63.1,47.8,19.4,0.04
601â€“800,Lviv Polytechnic National University,Ukraine,,,,,,,,,,37.0â€“41.8,THE,22.9,11.3,34.2,18.8,27.1,11.9,0.01
601â€“800,Mahidol University,Thailand,,,,,,,,,,37.0â€“41.8,THE,39.3,25,46.3,78.6,48.7,8.9,0.05
601â€“800,Malaviya National Institute of Technology,India,,,,,,,,,,37.0â€“41.8,THE,29.9,15.6,76.5,19.8,20.3,17.3,0
601â€“800,Universiti Malaysia Pahang Al-Sultan Abdullah (UMPSA),Malaysia,,,,,,,,,,37.0â€“41.8,THE,27.4,19,67.5,28.3,57.9,13.5,0.08
601â€“800,Manipal Academy of Higher Education,India,,,,,,,,,,37.0â€“41.8,THE,45,18.5,46.3,44.9,48.3,9.1,0.12
601â€“800,Marche Polytechnic University,Italy,,,,,,,,,,37.0â€“41.8,THE,23.2,22.6,75.6,64.9,36,28.9,0.05
601â€“800,"University of Maryland, Baltimore County",United States,,,,,,,,,,37.0â€“41.8,THE,28.8,24.6,61.5,66.8,50.1,17.2,0.11
601â€“800,Masaryk University,Czech Republic,,,,,,,,,,37.0â€“41.8,THE,25.9,31,50.1,41.7,66.3,18.4,0.23
601â€“800,Mashhad University of Medical Sciences,Iran,,,,,,,,,,37.0â€“41.8,THE,34.9,14.7,63.9,28.5,29.7,9,0.04
601â€“800,Mazandaran University of Medical Sciences,Iran,,,,,,,,,,37.0â€“41.8,THE,44.1,12.4,65.6,28.1,24.7,12.4,0.01
601â€“800,University of Minho,Portugal,,,,,,,,,,37.0â€“41.8,THE,26.3,30.3,59.3,74.7,51.9,19.5,0.13
601â€“800,Mississippi State University,United States,,,,,,,,,,37.0â€“41.8,THE,27.3,20,58.8,66.2,50.7,14.6,0.04
601â€“800,Monterrey Institute of Technology,Mexico,,,,,,,,,,37.0â€“41.8,THE,24,22.7,61.9,60.1,65.8,14.9,0.12
601â€“800,University of Namur,Belgium,,,,,,,,,,37.0â€“41.8,THE,24.4,27.2,53.7,62.8,69.7,22.2,0.12
601â€“800,Nanjing University of Aeronautics and Astronautics,China,,,,,,,,,,37.0â€“41.8,THE,28.2,31.6,50.1,71.4,24.7,15.4,0.03
601â€“800,Nanjing Forestry University,China,,,,,,,,,,37.0â€“41.8,THE,22.6,21.2,79.4,28.7,28,16.5,0.01
601â€“800,Nanjing Tech University,China,,,,,,,,,,37.0â€“41.8,THE,21.8,16.2,69.1,68.1,37.1,13.5,0.03
601â€“800,National Institute of Applied Sciences of Lyon (INSA Lyon),France,,,,,,,,,,37.0â€“41.8,THE,37.2,27,38.3,93.8,75.1,18.7,0.29
601â€“800,National University of Sciences and Technology,Pakistan,,,,,,,,,,37.0â€“41.8,THE,25.1,19.4,71.2,34.9,55.1,9.3,0.05
601â€“800,National University of Science and Technology (MISiS),Russian Federation,,,,,,,,,,37.0â€“41.8,THE,39.1,27.1,43.2,64.1,65.6,12,0.21
601â€“800,National Sun Yat-Sen University,Taiwan,,,,,,,,,,37.0â€“41.8,THE,28.2,33.7,43.8,79.1,47.2,12.6,0.09
601â€“800,National Technical University of Athens,Greece,,,,,,,,,,37.0â€“41.8,THE,26.3,23,59.1,59.7,38.1,20.3,0.06
601â€“800,National Institute of Technology Rourkela,India,,,,,,,,,,37.0â€“41.8,THE,30.6,20.2,64.7,29.9,23.1,20.6,0.04
601â€“800,National Institute of Technology Silchar,India,,,,,,,,,,37.0â€“41.8,THE,32.4,19.5,71.7,18.4,20.5,16.3,0.02
601â€“800,Near East University,Northern Cyprus,,,,,,,,,,37.0â€“41.8,THE,25.9,18.8,66.6,49.9,86.8,29.2,0.86
601â€“800,"University of Nevada, Las Vegas",United States,,,,,,,,,,37.0â€“41.8,THE,29.3,25.6,64.7,51.5,38.3,23.2,0.04
601â€“800,University of New Brunswick UNB,Canada,,,,,,,,,,37.0â€“41.8,THE,24.3,25,62.4,64,81.1,15,0.14
601â€“800,University of North Carolina at Charlotte,United States,,,,,,,,,,37.0â€“41.8,THE,23.2,22.1,74.4,58.7,37,20.6,0.06
601â€“800,"Northeastern University, China",China,,,,,,,,,,37.0â€“41.8,THE,31.5,28.1,57.8,73.7,46.7,13.2,0.03
601â€“800,Northern Illinois University,United States,,,,,,,,,,37.0â€“41.8,THE,26.3,15.9,60,60.4,62.8,14.3,0.06
601â€“800,North-West University,South Africa,,,,,,,,,,37.0â€“41.8,THE,22.7,18.7,64.3,48,56.6,25.5,0.03
601â€“800,Norwegian University of Life Sciences,Norway,,,,,,,,,,37.0â€“41.8,THE,32.1,14.7,64,36.5,70.8,8.2,0.12
601â€“800,Novosibirsk State University,Russian Federation,,,,,,,,,,37.0â€“41.8,THE,42.2,36.6,31.6,40.7,51.9,6.6,0.2
601â€“800,Ohio University (Main campus),United States,,,,,,,,,,37.0â€“41.8,THE,30.6,20.1,61.2,54.7,37.2,19.9,0.04
601â€“800,Oklahoma State University,United States,,,,,,,,,,37.0â€“41.8,THE,34.1,20.9,60.8,65.8,56,14.1,0.05
601â€“800,Old Dominion University,United States,,,,,,,,,,37.0â€“41.8,THE,26.1,20.4,61.2,64,38.1,18.2,0.02
601â€“800,Ontario Tech University,Canada,,,,,,,,,,37.0â€“41.8,THE,18.8,25,63.5,51.9,63.2,30.1,0.08
601â€“800,The Open University,United Kingdom,,,,,,,,,,37.0â€“41.8,THE,17.7,16.1,68.7,52.6,63.6,33.5,0.08
601â€“800,Open University of Catalonia,Spain,,,,,,,,,,37.0â€“41.8,THE,18.4,18.2,75.9,29.7,51,96.5,0.06
601â€“800,Ã–rebro University,Sweden,,,,,,,,,,37.0â€“41.8,THE,20.1,22.5,77.9,43.8,54.6,15.6,0.05
601â€“800,Otto von Guericke University of Magdeburg,Germany,,,,,,,,,,37.0â€“41.8,THE,33.4,18,54.4,51.4,74.5,11.2,0.26
601â€“800,Oxford Brookes University,United Kingdom,,,,,,,,,,37.0â€“41.8,THE,25.1,21.1,62.5,29.1,87.9,14,0.25
601â€“800,University of Palermo,Italy,,,,,,,,,,37.0â€“41.8,THE,18.9,22.5,69.8,47.2,34.8,22,0.01
601â€“800,Panjab University,India,,,,,,,,,,37.0â€“41.8,THE,32.6,16.2,67.9,39.2,23.5,18.6,0.01
601â€“800,University of Parma,Italy,,,,,,,,,,37.0â€“41.8,THE,19.4,22.6,72.2,65.9,38.7,33.4,0.06
601â€“800,Parthenope University of Naples,Italy,,,,,,,,,,37.0â€“41.8,THE,18.5,22.6,78.2,25.6,32.2,32.4,0.01
601â€“800,Universiti Pendidikan Sultan Idris,Malaysia,,,,,,,,,,37.0â€“41.8,THE,35.3,25.2,38.8,62.3,70.8,9.8,0.2
601â€“800,Universitat PolitÃ¨cnica de Catalunya,Spain,,,,,,,,,,37.0â€“41.8,THE,31.2,21,57.3,69.7,61.4,9.8,0.13
601â€“800,Polytechnic University of Valencia,Spain,,,,,,,,,,37.0â€“41.8,THE,30,25,55.4,83.2,57.6,14.5,0.14
601â€“800,Prince Sattam Bin Abdulaziz University,Saudi Arabia,,,,,,,,,,37.0â€“41.8,THE,21.3,12,80.8,23.5,75.8,11.9,0.02
601â€“800,Princess Nourah bint Abdulrahman University,Saudi Arabia,,,,,,,,,,37.0â€“41.8,THE,26.7,16.3,66.1,28.3,91.7,12.1,0.17
601â€“800,Qazvin University of Medical Sciences,Iran,,,,,,,,,,37.0â€“41.8,THE,38.7,11.6,71.9,18.7,26.5,1.6,0.02
601â€“800,Qingdao University,China,,,,,,,,,,37.0â€“41.8,THE,17.8,18.4,84.1,40,24.4,15.1,0.01
601â€“800,Universitat Ramon Llull,Spain,,,,,,,,,,37.0â€“41.8,THE,20.7,18.2,70.3,32.1,72.6,22.6,0.2
601â€“800,ReykjavÃ­k University,Iceland,,,,,,,,,,37.0â€“41.8,THE,15.6,24,76.1,28.7,64.4,24.2,0.1
601â€“800,University of Rhode Island,United States,,,,,,,,,,37.0â€“41.8,THE,26.3,20.5,57.4,50,53.7,14.5,0.03
601â€“800,University of Rome III,Italy,,,,,,,,,,37.0â€“41.8,THE,23.1,25.3,58.3,49.5,45.4,46.5,0.05
601â€“800,Roskilde University,Denmark,,,,,,,,,,37.0â€“41.8,THE,21.9,33.4,55.5,76.1,54.6,15.8,0.15
601â€“800,RUDN University,Russian Federation,,,,,,,,,,37.0â€“41.8,THE,39.1,23,46.1,21,70.4,15.6,0.32
601â€“800,Saint-Petersburg Mining University,Russian Federation,,,,,,,,,,37.0â€“41.8,THE,29.7,16.9,69.3,50.4,43.1,13.4,0.12
601â€“800,University of Salento,Italy,,,,,,,,,,37.0â€“41.8,THE,30.1,21.8,64.5,52.2,34.5,24.7,0.02
601â€“800,University of Sannio,Italy,,,,,,,,,,37.0â€“41.8,THE,23.6,20.5,63.6,71.1,29.3,13.4,0.01
601â€“800,University of Santiago de Compostela,Spain,,,,,,,,,,37.0â€“41.8,THE,29.7,21.1,58.7,69.6,46.6,14.6,0.06
601â€“800,University of Sassari,Italy,,,,,,,,,,37.0â€“41.8,THE,31.1,24.7,66.3,45.7,41.9,38.1,0.02
601â€“800,Saveetha Institute of Medical and Technical Sciences,India,,,,,,,,,,37.0â€“41.8,THE,31.7,10.2,77.8,17.3,58.9,7.1,0.01
601â€“800,Shahid Beheshti University of Medical Sciences,Iran,,,,,,,,,,37.0â€“41.8,THE,45.1,22.9,49.9,63.5,27.1,8,0.04
601â€“800,University of Siegen,Germany,,,,,,,,,,37.0â€“41.8,THE,27.4,26.9,60.7,46.2,62.7,29.9,0.13
601â€“800,South China Normal University,China,,,,,,,,,,37.0â€“41.8,THE,22.9,21.7,63.9,51.4,37.4,18.9,0.03
601â€“800,South Ural State University,Russian Federation,,,,,,,,,,37.0â€“41.8,THE,23.2,13.5,74.7,24.7,54.5,11,0.11
601â€“800,SRUC (Scotlandâ€™s Rural College),United Kingdom,,,,,,,,,,37.0â€“41.8,THE,25.3,12.8,79.3,26.9,64.8,5.5,0.08
601â€“800,University of Stavanger,Norway,,,,,,,,,,37.0â€“41.8,THE,24.7,15.6,66.6,30.2,74.4,10.5,0.13
601â€“800,Sultan Qaboos University,Oman,,,,,,,,,,37.0â€“41.8,THE,28.1,22.2,62.3,35.7,74,9.2,0.04
601â€“800,Sunway University,Malaysia,,,,,,,,,,37.0â€“41.8,THE,24.7,14.6,71.7,17.2,78.3,8.1,0.14
601â€“800,SUNY Binghamton University,United States,,,,,,,,,,37.0â€“41.8,THE,30.7,22,61.1,62.8,42.7,22.1,0.08
601â€“800,Tallinn University of Technology,Estonia,,,,,,,,,,37.0â€“41.8,THE,25.7,20.6,65.7,48.1,69.1,11.4,0.14
601â€“800,Tehran University of Medical Sciences,Iran,,,,,,,,,,37.0â€“41.8,THE,50,18.5,54.3,45.1,37.5,6.2,0.12
601â€“800,Universiti Tenaga Nasional (UNITEN),Malaysia,,,,,,,,,,37.0â€“41.8,THE,25.1,16.8,58,70.8,60.8,9,0.19
601â€“800,University of Texas at Arlington,United States,,,,,,,,,,37.0â€“41.8,THE,25.2,20.5,65.5,62.9,55,31.9,0.11
601â€“800,Texas Tech University,United States,,,,,,,,,,37.0â€“41.8,THE,30.7,20.9,56.9,58,58.9,21.1,0.06
601â€“800,Thapar Institute of Engineering and Technology,India,,,,,,,,,,37.0â€“41.8,THE,24.3,11.9,84.8,23,28.7,15.1,0.01
601â€“800,University of Toledo,United States,,,,,,,,,,37.0â€“41.8,THE,35.7,16.7,54.5,68.8,56.7,17,0.09
601â€“800,Ton Duc Thang University,Vietnam,,,,,,,,,,37.0â€“41.8,THE,12.9,16,90.6,20.9,63.1,21.9,0.01
601â€“800,Toronto Metropolitan University,Canada,,,,,,,,,,37.0â€“41.8,THE,19.5,32.3,57.3,70.3,62.1,42.8,0.09
601â€“800,University of Tuscia,Italy,,,,,,,,,,37.0â€“41.8,THE,21.4,22.6,77.3,54.9,43.2,20,0.04
601â€“800,University of Udine,Italy,,,,,,,,,,37.0â€“41.8,THE,28.5,20.2,73.1,61.1,41.8,19.3,0.05
601â€“800,Ulster University,United Kingdom,,,,,,,,,,37.0â€“41.8,THE,21.3,22.4,62,50.1,82.4,20.1,0.1
601â€“800,Umm Al-Qura University,Saudi Arabia,,,,,,,,,,37.0â€“41.8,THE,33.3,14.4,62.2,53.2,73.1,9.6,0.07
601â€“800,Paris Lodron UniversitÃ¤t Salzburg,Austria,,,,,,,,,,37.0â€“41.8,THE,31.6,23.4,55,45.8,93.4,10,0.35
601â€“800,Urmia University of Medical Sciences,Iran,,,,,,,,,,37.0â€“41.8,THE,35.3,11.7,69.3,17.8,25.2,12.4,0.05
601â€“800,VIT University,India,,,,,,,,,,37.0â€“41.8,THE,27.9,15.6,68.3,28.9,46.2,18.8,0.05
601â€“800,University of Warsaw,Poland,,,,,,,,,,37.0â€“41.8,THE,33.1,29.9,55.6,37.1,45.6,10.9,0.09
601â€“800,University of the Western Cape,South Africa,,,,,,,,,,37.0â€“41.8,THE,22,23.8,59.3,22.6,65.7,36.7,0.06
601â€“800,University of the West of Scotland,United Kingdom,,,,,,,,,,37.0â€“41.8,THE,24.4,16,66.5,24.2,86.9,24.6,0.25
601â€“800,William & Mary,United States,,,,,,,,,,37.0â€“41.8,THE,38.4,21.7,62.2,37.1,39.1,11.3,0.07
601â€“800,University of Wolverhampton,United Kingdom,,,,,,,,,,37.0â€“41.8,THE,19.1,14.7,64.7,40.7,81.1,16.7,0.28
601â€“800,Worcester Polytechnic Institute,United States,,,,,,,,,,37.0â€“41.8,THE,30,22.1,61.2,61.8,57.2,13,0.14
601â€“800,Wroclaw Medical University,Poland,,,,,,,,,,37.0â€“41.8,THE,40.7,13.3,66.9,36.5,37.7,10.9,0.14
601â€“800,University of Wyoming,United States,,,,,,,,,,37.0â€“41.8,THE,35.9,20.3,62.1,58.6,37.7,14.1,0.04
601â€“800,Xiâ€™an Jiaotong-Liverpool University,China,,,,,,,,,,37.0â€“41.8,THE,18.6,15.1,70.8,20.9,77.3,19.9,0.04
601â€“800,Xidian University,China,,,,,,,,,,37.0â€“41.8,THE,24.3,25,61,77.5,25.9,15.3,0.01
601â€“800,Yeungnam University,South Korea,,,,,,,,,,37.0â€“41.8,THE,24.1,18,66.8,47,54.9,14.7,0.05
601â€“800,Zhejiang Normal University,China,,,,,,,,,,37.0â€“41.8,THE,20.3,19,75.4,54.1,35.6,12.2,0.05
601â€“800,Zhengzhou University,China,,,,,,,,,,37.0â€“41.8,THE,18.7,19.8,82.5,35.8,25.2,15.6,0.04
801â€“1000,University of the Aegean,Greece,,,,,,,,,,32.7â€“36.9,THE,18.3,21.9,54.4,80,33.9,63.5,0.01
801â€“1000,Ahvaz Jundishapur University of Medical Sciences (AJUMS),Iran,,,,,,,,,,32.7â€“36.9,THE,38.1,10.7,58.1,20.1,21.8,11.7,0.03
801â€“1000,Al-Azhar University,Egypt,,,,,,,,,,32.7â€“36.9,THE,19.2,10.9,69.2,20.4,57.4,22,0.09
801â€“1000,University of AlcalÃ¡,Spain,,,,,,,,,,32.7â€“36.9,THE,27.8,15.1,55,41.9,64.4,10.4,0.24
801â€“1000,Alexandria University,Egypt,,,,,,,,,,32.7â€“36.9,THE,17.9,17.7,58.2,27.2,51.4,28.7,0.04
801â€“1000,University of Algarve,Portugal,,,,,,,,,,32.7â€“36.9,THE,18.5,19.5,52.3,25.3,66.4,15,0.19
801â€“1000,American University in Cairo,Egypt,,,,,,,,,,32.7â€“36.9,THE,26.7,24,51.1,23,70.3,14.2,0.04
801â€“1000,Amity University,India,,,,,,,,,,32.7â€“36.9,THE,23.6,14,62.3,20,31.1,17.1,0.07
801â€“1000,Amrita Vishwa Vidyapeetham,India,,,,,,,,,,32.7â€“36.9,THE,28.4,20.5,60.8,41.1,36.9,11.8,0.05
801â€“1000,"University of the Andes, Colombia",Colombia,,,,,,,,,,32.7â€“36.9,THE,24.4,19.6,48.4,28.5,60.8,13.5,0.02
801â€“1000,Arak University of Medical Sciences,Iran,,,,,,,,,,32.7â€“36.9,THE,31.7,10.2,66.4,18.9,21.2,7.4,0.02
801â€“1000,Aristotle University of Thessaloniki,Greece,,,,,,,,,,32.7â€“36.9,THE,22.3,16.8,66.3,52.7,38.1,18.2,0.05
801â€“1000,Arts et MÃ©tiers,France,,,,,,,,,,32.7â€“36.9,THE,31.1,19.5,35.2,67.7,67,16.3,0.12
801â€“1000,Aswan University,Egypt,,,,,,,,,,32.7â€“36.9,THE,16.7,12.1,75.6,18.4,50.4,45.4,0.01
801â€“1000,Athens University of Economics and Business,Greece,,,,,,,,,,32.7â€“36.9,THE,18.1,23.6,53.3,57.8,44.5,53.7,0.05
801â€“1000,BahÃ§eÅŸehir University,Turkey,,,,,,,,,,32.7â€“36.9,THE,19.5,24.4,59.4,39.6,61.2,47.9,0.22
801â€“1000,Bahria University,Pakistan,,,,,,,,,,32.7â€“36.9,THE,14.2,9.7,77.3,16.2,48.7,20.3,0.01
801â€“1000,University of the Balearic Islands,Spain,,,,,,,,,,32.7â€“36.9,THE,26.8,15.1,56.4,32,58.1,9.4,0.08
801â€“1000,University of Belgrade,Serbia,,,,,,,,,,32.7â€“36.9,THE,21.3,27,49.4,34,42.3,18.2,0.05
801â€“1000,University of Bergamo,Italy,,,,,,,,,,32.7â€“36.9,THE,19.4,21.2,59.6,33.3,37.5,54.8,0.07
801â€“1000,"Birla Institute of Technology and Science, Pilani",India,,,,,,,,,,32.7â€“36.9,THE,23.7,17,67.4,31.7,25.1,16.2,0.02
801â€“1000,BRAC University,Bangladesh,,,,,,,,,,32.7â€“36.9,THE,14.8,12.3,71.1,15.7,42.2,16.9,0.01
801â€“1000,UniversitÃ© de Bretagne Occidentale,France,,,,,,,,,,32.7â€“36.9,THE,20.3,19.6,52,47.8,60.5,33.1,0.11
801â€“1000,University of Brighton,United Kingdom,,,,,,,,,,32.7â€“36.9,THE,19.8,16.5,53.9,60.9,84.4,18,0.22
801â€“1000,Bucharest University of Economic Studies,Romania,,,,,,,,,,32.7â€“36.9,THE,19.7,11.6,75.9,20.8,27.8,16.3,0.04
801â€“1000,Cairo University,Egypt,,,,,,,,,,32.7â€“36.9,THE,25,18.5,59.9,39.2,45.4,30.9,0.05
801â€“1000,University of Camerino (Unicam),Italy,,,,,,,,,,32.7â€“36.9,THE,18,17.6,58.6,60,53,30.1,0.09
801â€“1000,Carlos III University of Madrid,Spain,,,,,,,,,,32.7â€“36.9,THE,29.5,20.8,42.9,66.9,60,11.2,0.12
801â€“1000,University of Castilla-La Mancha,Spain,,,,,,,,,,32.7â€“36.9,THE,24.2,17.2,53.7,46.3,42,12.8,0.07
801â€“1000,Catholic University of Portugal,Portugal,,,,,,,,,,32.7â€“36.9,THE,19.6,18.7,64.4,25.6,55.7,22.2,0.17
801â€“1000,Changsha University of Science and Technology,China,,,,,,,,,,32.7â€“36.9,THE,16.8,13.5,76.5,41.6,27.9,16,0.01
801â€“1000,Chapman University,United States,,,,,,,,,,32.7â€“36.9,THE,36.9,14.7,48.1,59.2,46.8,12,0.07
801â€“1000,Charles Sturt University,Australia,,,,,,,,,,32.7â€“36.9,THE,18.5,17.9,55.1,58,66.3,24.6,0.13
801â€“1000,Institute of Chemical Technology,India,,,,,,,,,,32.7â€“36.9,THE,37.5,20.7,51,57.9,17.4,17.2,0
801â€“1000,Chengdu University,China,,,,,,,,,,32.7â€“36.9,THE,18.5,14.5,74.1,28.5,28.2,16.3,0.02
801â€“1000,Chiang Mai University,Thailand,,,,,,,,,,32.7â€“36.9,THE,28.5,19.1,46.3,58.1,39.5,13.6,0.04
801â€“1000,Chiba University,Japan,,,,,,,,,,32.7â€“36.9,THE,33.2,20.9,42,68.9,33.9,8.9,0.06
801â€“1000,University of Chile,Chile,,,,,,,,,,32.7â€“36.9,THE,25.9,19.8,50.5,57.4,52.9,16.4,0.05
801â€“1000,China University of Petroleum (East China),China,,,,,,,,,,32.7â€“36.9,THE,22.2,23,54.3,68.2,23.8,17,0.02
801â€“1000,Chonnam National University,South Korea,,,,,,,,,,32.7â€“36.9,THE,28.5,28.3,43.6,57.5,32.8,17.7,0.07
801â€“1000,Chungnam National University,South Korea,,,,,,,,,,32.7â€“36.9,THE,29.9,29.7,34.9,71.7,26,19.8,0.04
801â€“1000,Clarkson University,United States,,,,,,,,,,32.7â€“36.9,THE,29.9,18,41.2,67.4,63.3,15.5,0.08
801â€“1000,University of Clermont Auvergne,France,,,,,,,,,,32.7â€“36.9,THE,21.8,18.1,54.2,61.6,68.3,21.2,0.15
801â€“1000,University of la Costa,Colombia,,,,,,,,,,32.7â€“36.9,THE,13.2,10.7,74.2,16.3,54.9,18.1,0.01
801â€“1000,Covenant University,Nigeria,,,,,,,,,,32.7â€“36.9,THE,24.7,24.4,56.6,24.2,54.3,17.5,0
801â€“1000,CY Cergy Paris University,France,,,,,,,,,,32.7â€“36.9,THE,23.8,25.3,44.4,56.6,92.7,19.5,0.26
801â€“1000,Czech University of Life Sciences Prague (CZU),Czech Republic,,,,,,,,,,32.7â€“36.9,THE,20.1,15.4,50.8,50.2,76.4,18.3,0.26
801â€“1000,Damietta University,Egypt,,,,,,,,,,32.7â€“36.9,THE,16.4,9.4,73,17.4,46.1,33.9,0.01
801â€“1000,University of Delhi,India,,,,,,,,,,32.7â€“36.9,THE,40.4,24.2,39,40.5,23.3,23.8,0.01
801â€“1000,Delhi Technological University,India,,,,,,,,,,32.7â€“36.9,THE,16.9,20.1,76.7,28.5,19.7,23.4,0.03
801â€“1000,University of Deusto,Spain,,,,,,,,,,32.7â€“36.9,THE,22.5,23.2,54.3,36.6,42.3,18.8,0.06
801â€“1000,University of Dhaka,Bangladesh,,,,,,,,,,32.7â€“36.9,THE,17.5,10,68.8,18.1,48.5,15.3,0.03
801â€“1000,EÃ¶tvÃ¶s LorÃ¡nd University,Hungary,,,,,,,,,,32.7â€“36.9,THE,28.6,19.2,57.3,33.4,51.3,17.8,0.11
801â€“1000,Federal University of Minas Gerais,Brazil,,,,,,,,,,32.7â€“36.9,THE,40.2,23.3,43.3,50.8,33.4,13.5,0.01
801â€“1000,Universidade Federal de Santa Catarina,Brazil,,,,,,,,,,32.7â€“36.9,THE,32.5,21.6,41.6,64.2,35.3,17.7,0.02
801â€“1000,Universidade Federal de SÃ£o Paulo (UNIFESP),Brazil,,,,,,,,,,32.7â€“36.9,THE,33.2,22.5,48.2,47.2,35.2,11.3,0.01
801â€“1000,Ferdowsi University of Mashhad,Iran,,,,,,,,,,32.7â€“36.9,THE,28.6,26.8,48.2,45.4,38.6,30.5,0.11
801â€“1000,Florida Atlantic University,United States,,,,,,,,,,32.7â€“36.9,THE,22.5,21.9,57.3,57.6,51.8,19.8,0.06
801â€“1000,Florida Institute of Technology,United States,,,,,,,,,,32.7â€“36.9,THE,29,16.4,45.2,54.8,80.4,15.9,0.2
801â€“1000,University of the Free State,South Africa,,,,,,,,,,32.7â€“36.9,THE,22.4,18.7,56.4,26.9,51.7,35.6,0.02
801â€“1000,Fuzhou University,China,,,,,,,,,,32.7â€“36.9,THE,18.9,16.5,71.5,53.2,36.7,17.4,0.01
801â€“1000,University of Girona,Spain,,,,,,,,,,32.7â€“36.9,THE,20.8,22.4,56.3,55,56.8,21,0.14
801â€“1000,University of Gloucestershire,United Kingdom,,,,,,,,,,32.7â€“36.9,THE,17.4,14,57.6,34.5,65.7,17,0.12
801â€“1000,Gorgan University of Agricultural Sciences and Natural Resources,Iran,,,,,,,,,,32.7â€“36.9,THE,15.8,11.3,78,34.2,35.7,21.5,0.01
801â€“1000,Guangzhou University,China,,,,,,,,,,32.7â€“36.9,THE,19.4,12.7,77.1,22.4,35.9,17.5,0
801â€“1000,Guangzhou Medical University,China,,,,,,,,,,32.7â€“36.9,THE,24.2,10.2,72.5,26.6,28.5,1.7,0.02
801â€“1000,Guilan University of Medical Sciences,Iran,,,,,,,,,,32.7â€“36.9,THE,38.2,10.4,63.7,16.6,21.9,11.5,0.01
801â€“1000,Harbin Engineering University,China,,,,,,,,,,32.7â€“36.9,THE,28.1,30.6,43.6,64.9,24.4,19.8,0.02
801â€“1000,Hazara University Mansehra,Pakistan,,,,,,,,,,32.7â€“36.9,THE,27.1,10.7,70.9,16.7,49,21.3,0
801â€“1000,Howard University,United States,,,,,,,,,,32.7â€“36.9,THE,48,18.8,41.6,39.8,39.3,9.7,0.05
801â€“1000,University of Ibadan,Nigeria,,,,,,,,,,32.7â€“36.9,THE,27.6,14.4,59.3,24.4,41,19.7,0
801â€“1000,Ilam University of Medical Sciences,Iran,,,,,,,,,,32.7â€“36.9,THE,30.8,12,65.7,17.2,23.4,13.2,0.05
801â€“1000,"Indian Institute of Science Education and Research, Pune",India,,,,,,,,,,32.7â€“36.9,THE,42.9,25.1,35.7,25.4,38.9,11.1,0
801â€“1000,Indian Institute of Technology Gandhinagar,India,,,,,,,,,,32.7â€“36.9,THE,41.1,27.2,39,26.5,29.6,14.9,0
801â€“1000,University of Indonesia,Indonesia,,,,,,,,,,32.7â€“36.9,THE,45.5,23.1,29.2,51.9,60.3,7.9,0.14
801â€“1000,Indraprastha Institute of Information Technology Delhi,India,,,,,,,,,,32.7â€“36.9,THE,22.8,16,66.2,57.8,44.6,23.4,0.05
801â€“1000,Inha University,South Korea,,,,,,,,,,32.7â€“36.9,THE,31.2,27.2,41.7,83.9,38.8,19.2,0.08
801â€“1000,Universitat Internacional de Catalunya,Spain,,,,,,,,,,32.7â€“36.9,THE,22.8,17.6,57,21.2,65.9,12.9,0.27
801â€“1000,"International Islamic University, Islamabad",Pakistan,,,,,,,,,,32.7â€“36.9,THE,17.3,11.2,72.7,17.6,60,21.8,0.07
801â€“1000,Isfahan University of Medical Sciences,Iran,,,,,,,,,,32.7â€“36.9,THE,45.6,13.6,47,25.6,25.4,10.2,0.03
801â€“1000,Islamia College Peshawar,Pakistan,,,,,,,,,,32.7â€“36.9,THE,21.4,11.1,62.9,17.1,55.6,24.4,0.03
801â€“1000,University of JaÃ©n,Spain,,,,,,,,,,32.7â€“36.9,THE,20.7,18.8,64.2,41,45.4,16.1,0.07
801â€“1000,Jahangirnagar University,Bangladesh,,,,,,,,,,32.7â€“36.9,THE,24.1,8.9,71.9,19.5,49.7,17.3,0
801â€“1000,Jaume I University,Spain,,,,,,,,,,32.7â€“36.9,THE,23,20.5,56.5,47.7,45.7,15.2,0.1
801â€“1000,Jawaharlal Nehru Technological University Anantapur (JNTUA),India,,,,,,,,,,32.7â€“36.9,THE,28.9,14.1,60.7,17.5,19.6,18.1,0
801â€“1000,Jaypee University of Information Technology,India,,,,,,,,,,32.7â€“36.9,THE,23.2,16.5,70.6,22.5,23.8,18.5,0.02
801â€“1000,Jazan University,Saudi Arabia,,,,,,,,,,32.7â€“36.9,THE,21,9.9,67.3,19.4,77.4,12.4,0.04
801â€“1000,Jeonbuk National University,South Korea,,,,,,,,,,32.7â€“36.9,THE,30.2,27.3,45,68.1,34.1,19.6,0.07
801â€“1000,Jiangnan University,China,,,,,,,,,,32.7â€“36.9,THE,24.7,22.4,60.2,76.6,24,12.9,0.01
801â€“1000,Jordan University of Science and Technology,Jordan,,,,,,,,,,32.7â€“36.9,THE,19.8,13.6,67.3,40.8,61.1,13.3,0.17
801â€“1000,JSS Academy of Higher Education and Research,India,,,,,,,,,,32.7â€“36.9,THE,39.7,10.6,51.9,22,51.8,9.5,0.08
801â€“1000,Kafrelsheikh University,Egypt,,,,,,,,,,32.7â€“36.9,THE,14.7,9.1,76.2,20,51.9,28.7,0.02
801â€“1000,Kalasalingam Academy of Research and Education,India,,,,,,,,,,32.7â€“36.9,THE,29.1,8.9,74.8,19.9,30.3,7.5,0.04
801â€“1000,Kaohsiung Medical University,Taiwan,,,,,,,,,,32.7â€“36.9,THE,26.4,26.1,44,81.3,28.7,12.2,0.05
801â€“1000,Kazan Federal University,Russian Federation,,,,,,,,,,32.7â€“36.9,THE,44.7,21.7,32.3,42.6,69.2,10.8,0.33
801â€“1000,King Faisal University,Saudi Arabia,,,,,,,,,,32.7â€“36.9,THE,19.9,12.2,68,31.4,75.5,14.5,0.02
801â€“1000,King Mongkutâ€™s University of Technology Thonburi,Thailand,,,,,,,,,,32.7â€“36.9,THE,21.5,22.1,59.5,71,43.3,20.4,0.04
801â€“1000,Kingston University,United Kingdom,,,,,,,,,,32.7â€“36.9,THE,20,15.3,53.2,52.2,91.3,18.9,0.4
801â€“1000,K.N. Toosi University of Technology,Iran,,,,,,,,,,32.7â€“36.9,THE,22.6,21,60.2,34.8,35.7,23.1,0.01
801â€“1000,Kore University of Enna,Italy,,,,,,,,,,32.7â€“36.9,THE,18,12.3,71.3,40.9,37.3,16,0.01
801â€“1000,Kumamoto University,Japan,,,,,,,,,,32.7â€“36.9,THE,33.6,19.6,40.9,77.5,36.5,9.8,0.06
801â€“1000,University of Kurdistan,Iran,,,,,,,,,,32.7â€“36.9,THE,16.8,14.7,70.8,19,35.9,32.2,0.04
801â€“1000,Kyoto Prefectural University of Medicine,Japan,,,,,,,,,,32.7â€“36.9,THE,33.6,16,47.8,68.2,20.1,3.2,0.01
801â€“1000,University of Lahore,Pakistan,,,,,,,,,,32.7â€“36.9,THE,17.6,10.2,68.8,20.3,52.6,13.5,0.02
801â€“1000,Lahore University of Management Sciences,Pakistan,,,,,,,,,,32.7â€“36.9,THE,23.3,16.7,60.2,43.1,53,14.2,0.02
801â€“1000,Lakehead University,Canada,,,,,,,,,,32.7â€“36.9,THE,17.6,24,51.4,48.7,59.2,25,0.19
801â€“1000,Lebanese University,Lebanon,,,,,,,,,,32.7â€“36.9,THE,42.8,22.3,23.6,17.7,78.8,14.6,0.16
801â€“1000,Leeds Beckett University,United Kingdom,,,,,,,,,,32.7â€“36.9,THE,17.7,16.2,65,49.9,67.3,21.9,0.15
801â€“1000,Lithuanian University of Health Sciences,Lithuania,,,,,,,,,,32.7â€“36.9,THE,27.1,12.6,55.5,25.5,52.9,9.2,0.23
801â€“1000,University of Ljubljana,Slovenia,,,,,,,,,,32.7â€“36.9,THE,24.5,20.1,54.6,69.8,42.4,13.8,0.09
801â€“1000,University of Lleida,Spain,,,,,,,,,,32.7â€“36.9,THE,23.5,20.1,58.2,57.3,45.4,16.1,0.1
801â€“1000,Lovely Professional University,India,,,,,,,,,,32.7â€“36.9,THE,21.5,12.8,73.7,17.5,43.4,14.7,0.07
801â€“1000,Makerere University,Uganda,,,,,,,,,,32.7â€“36.9,THE,23.4,25.3,39.6,52.1,68.1,19.2,0.03
801â€“1000,University of Malakand,Pakistan,,,,,,,,,,32.7â€“36.9,THE,16.8,14,74.1,26.7,49.2,32.1,0.01
801â€“1000,University of Malta,Malta,,,,,,,,,,32.7â€“36.9,THE,23.4,16.2,60.6,20.5,53.8,12.3,0.14
801â€“1000,University of Management and Technology,Pakistan,,,,,,,,,,32.7â€“36.9,THE,13.8,10.4,80.4,19.1,51.3,22.4,0.02
801â€“1000,Mansoura University,Egypt,,,,,,,,,,32.7â€“36.9,THE,19.5,12.4,68.1,31.8,74.1,40.2,0.04
801â€“1000,Marquette University,United States,,,,,,,,,,32.7â€“36.9,THE,36.9,18.2,54,49.3,33.1,12.2,0.03
801â€“1000,Medical University of Lodz,Poland,,,,,,,,,,32.7â€“36.9,THE,27.4,11,67.6,39.7,32.3,8.4,0.09
801â€“1000,University of Medicine and Pharmacy Carol Davila,Romania,,,,,,,,,,32.7â€“36.9,THE,26.3,11,62.6,24.6,38.8,8.6,0.16
801â€“1000,University of Memphis,United States,,,,,,,,,,32.7â€“36.9,THE,27.5,19,55,63,35,14.9,0.05
801â€“1000,University of Mohaghegh Ardabili,Iran,,,,,,,,,,32.7â€“36.9,THE,19.3,17.3,71.5,19.7,32.9,29.7,0
801â€“1000,Montana State University,United States,,,,,,,,,,32.7â€“36.9,THE,24,20.4,56.3,63,38,16.3,0.02
801â€“1000,University of Murcia,Spain,,,,,,,,,,32.7â€“36.9,THE,25.2,19.9,52.6,61.4,38.9,17.7,0.05
801â€“1000,Nanjing University of Information Science and Technology,China,,,,,,,,,,32.7â€“36.9,THE,18,18.3,68.6,42,42.4,16.8,0.04
801â€“1000,Nanjing Medical University,China,,,,,,,,,,32.7â€“36.9,THE,36.3,16.5,58.1,41.2,25.8,9.3,0.04
801â€“1000,Nanjing Normal University,China,,,,,,,,,,32.7â€“36.9,THE,25.1,15.1,66.5,50.7,29.8,13.5,0.02
801â€“1000,National Autonomous University of Mexico,Mexico,,,,,,,,,,32.7â€“36.9,THE,29.9,30.4,34.4,62.5,58.4,17.1,0.04
801â€“1000,National Taipei University of Technology,Taiwan,,,,,,,,,,32.7â€“36.9,THE,27.3,25,35.8,94.1,41.6,15.6,0.1
801â€“1000,"National Institute of Technology, Tiruchirappalli",India,,,,,,,,,,32.7â€“36.9,THE,33.8,17.1,60.2,27.1,21.2,20.4,0.02
801â€“1000,The New School,United States,,,,,,,,,,32.7â€“36.9,THE,29.8,15.5,45.8,27.2,61.1,9.3,0.34
801â€“1000,New Mexico State University (Main campus),United States,,,,,,,,,,32.7â€“36.9,THE,25.8,22.1,49.8,62.9,45.6,16,0.06
801â€“1000,North China Electric Power University,China,,,,,,,,,,32.7â€“36.9,THE,22,23.1,51.4,60.1,22.4,18.6,0.03
801â€“1000,Northeast Normal University,China,,,,,,,,,,32.7â€“36.9,THE,28.2,15.6,60.9,45.5,31.1,18.6,0.03
801â€“1000,University of Northern British Columbia (UNBC),Canada,,,,,,,,,,32.7â€“36.9,THE,21.1,21.8,51.7,21.4,52,16.5,0.12
801â€“1000,North South University,Bangladesh,,,,,,,,,,32.7â€“36.9,THE,12.9,10,76.1,15.8,43.3,21.3,0
801â€“1000,Nova Southeastern University,United States,,,,,,,,,,32.7â€“36.9,THE,39.1,12.2,50.1,38.9,34.4,16.5,0.04
801â€“1000,Okayama University,Japan,,,,,,,,,,32.7â€“36.9,THE,34.6,21.5,36.4,84.9,37.2,10,0.07
801â€“1000,University of Oviedo,Spain,,,,,,,,,,32.7â€“36.9,THE,29,18.5,49.2,40.6,37.8,9.2,0.04
801â€“1000,Ozyegin University,Turkey,,,,,,,,,,32.7â€“36.9,THE,16.3,23.9,53.5,58,57.7,26.7,0.08
801â€“1000,Pablo de Olavide University,Spain,,,,,,,,,,32.7â€“36.9,THE,23.8,17.5,58.5,66.9,47.8,12.2,0.11
801â€“1000,PalackÃ½ University Olomouc,Czech Republic,,,,,,,,,,32.7â€“36.9,THE,23.4,23.9,49.8,36.8,61.8,15.2,0.14
801â€“1000,PanthÃ©on-Sorbonne University â€“ Paris 1,France,,,,,,,,,,32.7â€“36.9,THE,33.9,31.8,36.6,27.3,67.7,29.8,0.2
801â€“1000,University of Patras,Greece,,,,,,,,,,32.7â€“36.9,THE,19,17.8,56.2,68.4,35.1,29.4,0.05
801â€“1000,UPES,India,,,,,,,,,,32.7â€“36.9,THE,28.3,16.7,63.7,17.1,50.7,11,0
801â€“1000,UniversitÃ© de Poitiers,France,,,,,,,,,,32.7â€“36.9,THE,28.6,25.7,36,45,58.9,31.5,0.11
801â€“1000,Pontifical Catholic University of Rio de Janeiro (PUC-Rio),Brazil,,,,,,,,,,32.7â€“36.9,THE,33.4,30.5,37.1,62.9,43.2,18.7,0.02
801â€“1000,Portland State University,United States,,,,,,,,,,32.7â€“36.9,THE,22.1,23.2,55.7,54.7,35,20.5,0.05
801â€“1000,University of the Punjab,Pakistan,,,,,,,,,,32.7â€“36.9,THE,27.7,14.7,62.4,24.9,46.7,22,0.01
801â€“1000,Qassim University,Saudi Arabia,,,,,,,,,,32.7â€“36.9,THE,36,20.4,42.8,21.6,80.2,10.2,0.07
801â€“1000,Qom University of Medical Sciences,Iran,,,,,,,,,,32.7â€“36.9,THE,35.2,7.3,60,17.9,22.4,9.3,0.04
801â€“1000,University of Regina,Canada,,,,,,,,,,32.7â€“36.9,THE,17.8,19.5,62.9,36.1,71,24.6,0.26
801â€“1000,Reichman University,Israel,,,,,,,,,,32.7â€“36.9,THE,13.1,16.6,64.3,31.4,63.6,35,0.28
801â€“1000,University of Rennes 1,France,,,,,,,,,,32.7â€“36.9,THE,32.1,17.9,44.7,64,63.8,17.5,0.12
801â€“1000,Robert Gordon University,United Kingdom,,,,,,,,,,32.7â€“36.9,THE,17.5,13.2,53.4,36,87.1,21,0.26
801â€“1000,Rochester Institute of Technology,United States,,,,,,,,,,32.7â€“36.9,THE,22.9,20.2,58.4,60.7,46.3,16,0.13
801â€“1000,University of Roehampton,United Kingdom,,,,,,,,,,32.7â€“36.9,THE,23,21.5,52,35.8,85,19.6,0.36
801â€“1000,University of Salamanca,Spain,,,,,,,,,,32.7â€“36.9,THE,32,21.8,50.4,39.9,53.6,14.7,0.13
801â€“1000,University of Salford,United Kingdom,,,,,,,,,,32.7â€“36.9,THE,18.8,15,61.1,46.9,82.2,20.3,0.23
801â€“1000,San Diego State University,United States,,,,,,,,,,32.7â€“36.9,THE,21.5,11.9,71.1,58.3,37,28.1,0.05
801â€“1000,Savitribai Phule Pune University,India,,,,,,,,,,32.7â€“36.9,THE,44,11.8,54.5,22.8,25.2,9.6,0.04
801â€“1000,Sechenov University,Russian Federation,,,,,,,,,,32.7â€“36.9,THE,32.6,17.1,47.7,39.4,62.1,8.1,0.26
801â€“1000,University of Seoul,South Korea,,,,,,,,,,32.7â€“36.9,THE,28.8,26.1,41,52.1,34.9,14.4,0.04
801â€“1000,University of Seville,Spain,,,,,,,,,,32.7â€“36.9,THE,23.8,24.5,53.6,50.8,44.6,16.7,0.08
801â€“1000,Shahrekord University of Medical Sciences,Iran,,,,,,,,,,32.7â€“36.9,THE,33.7,10.5,62.1,17.3,20.6,9.2,0
801â€“1000,Shantou University,China,,,,,,,,,,32.7â€“36.9,THE,21.2,16.4,63,33.8,42.9,13.3,0.01
801â€“1000,Sheffield Hallam University,United Kingdom,,,,,,,,,,32.7â€“36.9,THE,19.4,14.4,66.7,33.1,64,17.7,0.12
801â€“1000,Shiraz University,Iran,,,,,,,,,,32.7â€“36.9,THE,29.3,24.6,55,57.4,29.1,20.8,0.02
801â€“1000,Shiraz University of Medical Sciences,Iran,,,,,,,,,,32.7â€“36.9,THE,41.7,12.7,55.7,24.5,24.1,10.1,0.02
801â€“1000,Shri Mata Vaishno Devi University,India,,,,,,,,,,32.7â€“36.9,THE,24.7,17.2,68,26.1,22.8,20.3,0
801â€“1000,Siksha â€˜Oâ€™ Anusandhan,India,,,,,,,,,,32.7â€“36.9,THE,37.9,16.7,47.7,40.8,19.9,11.9,0.02
801â€“1000,Sogang University,South Korea,,,,,,,,,,32.7â€“36.9,THE,27.2,30.6,39.8,73.3,45,23.9,0.19
801â€“1000,Institute of Space Technology,Pakistan,,,,,,,,,,32.7â€“36.9,THE,18.6,13.3,70.5,16.5,47.1,13.4,0
801â€“1000,University of Tabuk,Saudi Arabia,,,,,,,,,,32.7â€“36.9,THE,16.9,10.4,69,26.1,75.6,19.5,0.02
801â€“1000,Technical University of Madrid,Spain,,,,,,,,,,32.7â€“36.9,THE,26.6,15.8,49.8,57.4,53.8,15.8,0.14
801â€“1000,"University of Technology, Iraq",Iraq,,,,,,,,,,32.7â€“36.9,THE,25.8,9.2,65.7,20,25,6.9,0
801â€“1000,University of Texas at El Paso,United States,,,,,,,,,,32.7â€“36.9,THE,24.5,28.7,44.8,51.9,46.8,22.9,0.06
801â€“1000,Tokyo University of Agriculture and Technology,Japan,,,,,,,,,,32.7â€“36.9,THE,35,29.1,29.6,84.5,38.1,15.6,0.07
801â€“1000,Tokyo Medical University,Japan,,,,,,,,,,32.7â€“36.9,THE,35.1,17,54,70.4,21.4,3.4,0.01
801â€“1000,Tomsk Polytechnic University,Russian Federation,,,,,,,,,,32.7â€“36.9,THE,40.5,23.5,31.7,54.9,69.4,10.6,0.29
801â€“1000,University of Tours,France,,,,,,,,,,32.7â€“36.9,THE,32.7,15.9,42.2,52.9,61.2,21.8,0.11
801â€“1000,University of TrÃ¡s-os-Montes and Alto Douro,Portugal,,,,,,,,,,32.7â€“36.9,THE,22.5,31.2,44.6,23.5,40.5,9.2,0.06
801â€“1000,University of Tunis El Manar,Tunisia,,,,,,,,,,32.7â€“36.9,THE,42.3,19.9,31.1,49.5,50.5,9.6,0.06
801â€“1000,Urmia University,Iran,,,,,,,,,,32.7â€“36.9,THE,29.6,19.5,56.9,25.8,38,26.4,0.12
801â€“1000,"University of Veterinary and Animal Sciences, Lahore",Pakistan,,,,,,,,,,32.7â€“36.9,THE,22.2,17,53.7,46.7,55.5,19.2,0.01
801â€“1000,University of Vic â€“ Central University of Catalonia,Spain,,,,,,,,,,32.7â€“36.9,THE,19.1,13.1,70.8,20.2,59.1,13.1,0.19
801â€“1000,University of Vigo,Spain,,,,,,,,,,32.7â€“36.9,THE,25.1,17.9,57.8,49.5,47.4,15.1,0.05
801â€“1000,Vilnius University,Lithuania,,,,,,,,,,32.7â€“36.9,THE,26.6,17.5,51.4,44.4,46.7,9.1,0.09
801â€“1000,Waseda University,Japan,,,,,,,,,,32.7â€“36.9,THE,33.7,26.2,43.1,56.7,54.8,14.3,0.13
801â€“1000,Wenzhou University,China,,,,,,,,,,32.7â€“36.9,THE,16.2,15,78.1,27.8,34.8,18.6,0.02
801â€“1000,Wenzhou Medical University,China,,,,,,,,,,32.7â€“36.9,THE,18.4,13.6,68.7,38.3,42.8,14.6,0.03
801â€“1000,University of Westminster,United Kingdom,,,,,,,,,,32.7â€“36.9,THE,19.4,18.1,55.3,40,87.1,19.8,0.48
801â€“1000,YÄ±ldÄ±z Technical University,Turkey,,,,,,,,,,32.7â€“36.9,THE,32.1,28,41.2,64.1,40.9,24.8,0.13
801â€“1000,Yokohama City University,Japan,,,,,,,,,,32.7â€“36.9,THE,28.4,11.3,59.4,62.4,29,6,0.03
801â€“1000,Zagazig University,Egypt,,,,,,,,,,32.7â€“36.9,THE,14.2,9.2,71.4,49.8,49,25.2,0.02
801â€“1000,University of Zaragoza,Spain,,,,,,,,,,32.7â€“36.9,THE,28.3,18.5,46.4,55.7,42.8,10.2,0.07
801â€“1000,ZHAW Zurich University of Applied Sciences,Switzerland,,,,,,,,,,32.7â€“36.9,THE,22.2,15.8,46,59.2,72.4,12.3,0.11
801â€“1000,Zhejiang Gongshang University,China,,,,,,,,,,32.7â€“36.9,THE,21.8,12.6,61.1,30.8,44.1,11.5,0.07
1001â€“1200,University of A CoruÃ±a,Spain,,,,,,,,,,28.3â€“32.6,THE,24.2,17.5,45.6,36.1,36.5,12.4,0.05
1001â€“1200,"Adam Mickiewicz University, PoznaÅ„",Poland,,,,,,,,,,28.3â€“32.6,THE,19.7,28.4,43.5,29.6,37.8,25,0.06
1001â€“1200,AGH University of Krakow,Poland,,,,,,,,,,28.3â€“32.6,THE,25.8,20.9,38.6,68.5,29.9,12.2,0.03
1001â€“1200,Aichi Medical University,Japan,,,,,,,,,,28.3â€“32.6,THE,30.5,13.5,43.1,39.5,21.5,2.9,0.01
1001â€“1200,Ain Shams University,Egypt,,,,,,,,,,28.3â€“32.6,THE,27.9,15.3,45.8,48,51.8,13.3,0.06
1001â€“1200,Akdeniz University,Turkey,,,,,,,,,,28.3â€“32.6,THE,22.7,27.3,42.6,54.7,25.2,47.3,0.04
1001â€“1200,Al-Balqa Applied University,Jordan,,,,,,,,,,28.3â€“32.6,THE,12,13.6,59.2,22.5,39.3,27.3,0.02
1001â€“1200,University of Alicante,Spain,,,,,,,,,,28.3â€“32.6,THE,25,19.8,43.8,51.6,44.6,14.5,0.1
1001â€“1200,University of AlmerÃ­a,Spain,,,,,,,,,,28.3â€“32.6,THE,21.7,18.9,48.9,33.7,42.2,17,0.1
1001â€“1200,An-Najah National University,Palestine,,,,,,,,,,28.3â€“32.6,THE,13.3,9.8,65.4,21,61.2,21.7,0.11
1001â€“1200,University of Applied Sciences and Arts of Western Switzerland,Switzerland,,,,,,,,,,28.3â€“32.6,THE,24,13.1,38.3,33.8,87.4,6.5,0.29
1001â€“1200,Ateneo de Manila University,Philippines,,,,,,,,,,28.3â€“32.6,THE,30.8,10.8,52.4,27.6,33.5,11.1,0.01
1001â€“1200,Universidad AutÃ³noma de Chile,Chile,,,,,,,,,,28.3â€“32.6,THE,12.5,12.2,54.5,16.1,55.4,25.5,0.01
1001â€“1200,Azarbaijan Shahid Madani University,Iran,,,,,,,,,,28.3â€“32.6,THE,14.9,15.3,67.9,19,27.9,27.1,0.02
1001â€“1200,BabeÅŸ-Bolyai University,Romania,,,,,,,,,,28.3â€“32.6,THE,23.3,16.8,46,35.2,39,21.1,0.04
1001â€“1200,Bahauddin Zakariya University,Pakistan,,,,,,,,,,28.3â€“32.6,THE,19.6,12.6,58.5,19.2,48.1,27.2,0
1001â€“1200,Bangladesh Agricultural University (BAU),Bangladesh,,,,,,,,,,28.3â€“32.6,THE,29.5,9.9,45.2,22.6,49.5,11.4,0.01
1001â€“1200,Bangladesh University of Engineering and Technology,Bangladesh,,,,,,,,,,28.3â€“32.6,THE,21.7,15.8,50.7,35.2,29.8,13.2,0
1001â€“1200,Bartin University,Turkey,,,,,,,,,,28.3â€“32.6,THE,11.1,13,69.6,16.3,37.4,31.8,0.11
1001â€“1200,University of Bedfordshire,United Kingdom,,,,,,,,,,28.3â€“32.6,THE,17.5,14.3,52.4,25.6,83.9,29.1,0.64
1001â€“1200,Benha University,Egypt,,,,,,,,,,28.3â€“32.6,THE,15.7,9.2,66.5,18.9,49.1,30.9,0.02
1001â€“1200,Beni-Suef University,Egypt,,,,,,,,,,28.3â€“32.6,THE,16.8,9.8,61.1,19.5,51.4,31.6,0
1001â€“1200,Bowling Green State University,United States,,,,,,,,,,28.3â€“32.6,THE,22.4,13.9,52.7,40.5,28.9,17.6,0.03
1001â€“1200,Brno University of Technology,Czech Republic,,,,,,,,,,28.3â€“32.6,THE,22.2,19.3,39,70.3,58.3,15.5,0.25
1001â€“1200,University of Bucharest,Romania,,,,,,,,,,28.3â€“32.6,THE,24.8,21.1,43.2,25.3,29.1,33.3,0.02
1001â€“1200,University of Cadiz,Spain,,,,,,,,,,28.3â€“32.6,THE,20.4,16.7,43.7,30,42.3,17.7,0.08
1001â€“1200,University of Calcutta,India,,,,,,,,,,28.3â€“32.6,THE,40,15.2,33.7,30.3,19.3,14.2,0
1001â€“1200,Canterbury Christ Church University,United Kingdom,,,,,,,,,,28.3â€“32.6,THE,20.7,13.8,44.6,18,59.6,20.1,0.15
1001â€“1200,University of Central Lancashire,United Kingdom,,,,,,,,,,28.3â€“32.6,THE,18.3,13.8,51.9,34.3,82.3,16.3,0.28
1001â€“1200,Central Michigan University,United States,,,,,,,,,,28.3â€“32.6,THE,28.8,15.3,46.8,44.9,33.4,18.3,0.03
1001â€“1200,"University of Chemistry and Technology, Prague",Czech Republic,,,,,,,,,,28.3â€“32.6,THE,32.8,14.7,29,45.7,51,8.3,0.23
1001â€“1200,China Pharmaceutical University,China,,,,,,,,,,28.3â€“32.6,THE,23.4,18.3,52.8,73.4,22.2,16.4,0.03
1001â€“1200,Chung Yuan Christian University,Taiwan,,,,,,,,,,28.3â€“32.6,THE,18.1,24.4,39,62.6,41.2,33.5,0.07
1001â€“1200,University of Colombo,Sri Lanka,,,,,,,,,,28.3â€“32.6,THE,25.4,10.6,60.2,18.7,39.3,32,0
1001â€“1200,Comenius University in Bratislava,Slovakia,,,,,,,,,,28.3â€“32.6,THE,31.2,16.6,41.8,25,52.6,10.5,0.15
1001â€“1200,Czech Technical University in Prague,Czech Republic,,,,,,,,,,28.3â€“32.6,THE,30.9,18.8,32.2,51.9,60.2,8.7,0.21
1001â€“1200,Democritus University of Thrace,Greece,,,,,,,,,,28.3â€“32.6,THE,16.1,16.5,54.3,32.1,30.4,36.4,0.03
1001â€“1200,Universidad del Desarrollo,Chile,,,,,,,,,,28.3â€“32.6,THE,17.8,10.8,53,21.2,52.2,14.4,0.04
1001â€“1200,Diego Portales University,Chile,,,,,,,,,,28.3â€“32.6,THE,15.3,11.8,53.8,18,53,17.6,0.02
1001â€“1200,UniversitÃ© Djillali LiabÃ¨s de Sidi Bel-AbbÃ¨s,Algeria,,,,,,,,,,28.3â€“32.6,THE,30.6,9.3,46,16.9,37.4,19.7,0.01
1001â€“1200,Don State Technical University,Russian Federation,,,,,,,,,,28.3â€“32.6,THE,20.6,9,54.9,17.9,31.7,12.4,0.12
1001â€“1200,Dr B.R. Ambedkar National Institute of Technology Jalandhar,India,,,,,,,,,,28.3â€“32.6,THE,25.4,13.2,54.6,22.2,17.8,24.1,0.01
1001â€“1200,Durban University of Technology,South Africa,,,,,,,,,,28.3â€“32.6,THE,17.3,11.8,62,18.4,46.5,35.3,0.01
1001â€“1200,University of East London,United Kingdom,,,,,,,,,,28.3â€“32.6,THE,21.8,15.1,41,28.2,84.9,26.1,0.52
1001â€“1200,Edge Hill University,United Kingdom,,,,,,,,,,28.3â€“32.6,THE,18.1,13.8,55.6,22,54.7,16.4,0.06
1001â€“1200,"University of Engineering and Technology, Peshawar",Pakistan,,,,,,,,,,28.3â€“32.6,THE,13.7,11.5,60.9,25,49.8,21.7,0.02
1001â€“1200,University of Engineering & Technology (UET) Lahore,Pakistan,,,,,,,,,,28.3â€“32.6,THE,18.8,9.9,53.5,24.1,50.6,13.4,0.02
1001â€“1200,European University of Madrid,Spain,,,,,,,,,,28.3â€“32.6,THE,21.5,10.9,54.3,17.7,61.7,12,0.3
1001â€“1200,University of Extremadura,Spain,,,,,,,,,,28.3â€“32.6,THE,24.7,12.4,51.9,22.4,35.7,10.7,0.03
1001â€“1200,Fayoum University,Egypt,,,,,,,,,,28.3â€“32.6,THE,15.9,11.9,65.5,24.9,46.4,18,0
1001â€“1200,Federal University of SÃ£o Carlos,Brazil,,,,,,,,,,28.3â€“32.6,THE,33.4,19.8,33.5,44.8,29.5,16.1,0.01
1001â€“1200,Federal University of Technology Akure,Nigeria,,,,,,,,,,28.3â€“32.6,THE,24.8,11.1,50.6,18.2,40.4,24.5,0
1001â€“1200,Financial University under the Government of the Russian Federation,Russian Federation,,,,,,,,,,28.3â€“32.6,THE,26.7,18,50.3,30.9,34.5,13,0.09
1001â€“1200,Firat University,Turkey,,,,,,,,,,28.3â€“32.6,THE,19.2,10.3,64.5,19.7,31.5,25.4,0.06
1001â€“1200,Florida Agricultural and Mechanical University,United States,,,,,,,,,,28.3â€“32.6,THE,33.4,16.7,39.8,37.3,50.3,15.7,0.01
1001â€“1200,University of Franche-ComtÃ©,France,,,,,,,,,,28.3â€“32.6,THE,21.3,15.7,40.6,44.9,70.6,33.5,0.11
1001â€“1200,Fu Jen Catholic University,Taiwan,,,,,,,,,,28.3â€“32.6,THE,24,29.2,26.3,65.5,31.1,27.2,0.06
1001â€“1200,Fujian Agriculture and Forestry University,China,,,,,,,,,,28.3â€“32.6,THE,18.3,15.5,62,34.8,32.7,17.1,0.01
1001â€“1200,Fujita Health University,Japan,,,,,,,,,,28.3â€“32.6,THE,27.6,13,55.4,53.3,22.3,3.6,0.01
1001â€“1200,Gauhati University,India,,,,,,,,,,28.3â€“32.6,THE,36.2,26.6,23.3,34.3,22.2,17.3,0
1001â€“1200,GdaÅ„sk University of Technology,Poland,,,,,,,,,,28.3â€“32.6,THE,19.7,17,48.3,50.7,35,17.9,0.05
1001â€“1200,University of Ghana,Ghana,,,,,,,,,,28.3â€“32.6,THE,14.9,21.3,42.1,37.3,52.3,35.9,0.01
1001â€“1200,Gifu University,Japan,,,,,,,,,,28.3â€“32.6,THE,30.6,23.2,29.5,65.9,29.5,14.6,0.04
1001â€“1200,GLA University,India,,,,,,,,,,28.3â€“32.6,THE,16.8,10.6,63.9,16,20.9,16.8,0
1001â€“1200,University of Gujrat,Pakistan,,,,,,,,,,28.3â€“32.6,THE,13.4,11.3,69.5,16,45.8,24.7,0
1001â€“1200,Guru Ghasidas Vishwavidyalaya,India,,,,,,,,,,28.3â€“32.6,THE,16.6,9.8,63.7,21.6,22.3,21.7,0
1001â€“1200,Hakim Sabzevari University,Iran,,,,,,,,,,28.3â€“32.6,THE,15.3,11.5,61.6,16.5,38,22.8,0.03
1001â€“1200,Hamamatsu University School of Medicine,Japan,,,,,,,,,,28.3â€“32.6,THE,33.6,18.3,36.9,58.3,24,4.1,0.03
1001â€“1200,Huaqiao University,China,,,,,,,,,,28.3â€“32.6,THE,15.5,14.3,48.1,28.4,70.9,17.8,0.19
1001â€“1200,Icesi University,Colombia,,,,,,,,,,28.3â€“32.6,THE,23.5,10.5,55.8,16.1,41.1,7.2,0.02
1001â€“1200,Ilmenau University of Technology,Germany,,,,,,,,,,28.3â€“32.6,THE,31,21.4,32.8,64.9,57.1,18.4,0.31
1001â€“1200,IMT Nord Europe,France,,,,,,,,,,28.3â€“32.6,THE,32.2,25.2,19.7,64.8,73.4,15,0.19
1001â€“1200,Indian Institute of Science Education and Research Kolkata,India,,,,,,,,,,28.3â€“32.6,THE,40.8,19.4,33.4,28.8,24,12.6,0
1001â€“1200,Indian Institute of Technology Ropar,India,,,,,,,,,,28.3â€“32.6,THE,36.5,18.4,44.7,27.2,23.7,14.9,0.01
1001â€“1200,Indian Institute of Technology Mandi,India,,,,,,,,,,28.3â€“32.6,THE,36.5,13.4,49.2,18.3,26.8,12.9,0.01
1001â€“1200,University of Ioannina,Greece,,,,,,,,,,28.3â€“32.6,THE,14,12.4,55.9,47.4,43.2,32.6,0.05
1001â€“1200,University of Isfahan,Iran,,,,,,,,,,28.3â€“32.6,THE,30.4,16.8,40.9,26.2,35.5,24,0.08
1001â€“1200,The Islamia University of Bahawalpur,Pakistan,,,,,,,,,,28.3â€“32.6,THE,16.4,11.4,66.7,18.2,48.2,47.8,0
1001â€“1200,Istanbul University,Turkey,,,,,,,,,,28.3â€“32.6,THE,23.5,22,34.4,50.9,38.2,25.4,0.09
1001â€“1200,Istanbul University-CerrahpaÅŸa,Turkey,,,,,,,,,,28.3â€“32.6,THE,26,24.1,41.7,59.8,26.9,27.8,0.06
1001â€“1200,Iuliu HaÅ£ieganu University of Medicine and Pharmacy Cluj-Napoca,Romania,,,,,,,,,,28.3â€“32.6,THE,25.8,10.9,54.3,25.2,50.2,8.9,0.36
1001â€“1200,Jadavpur University,India,,,,,,,,,,28.3â€“32.6,THE,35.3,15.8,46,35.4,19.2,21.3,0
1001â€“1200,University of Jeddah,Saudi Arabia,,,,,,,,,,28.3â€“32.6,THE,17.4,9.2,51.5,16,73.2,14.6,0.02
1001â€“1200,Jimma University,Ethiopia,,,,,,,,,,28.3â€“32.6,THE,16.4,8.9,60.2,16.2,39.2,14.9,0.01
1001â€“1200,Kanazawa University,Japan,,,,,,,,,,28.3â€“32.6,THE,35.5,18.8,35.4,70.4,33.6,9.9,0.06
1001â€“1200,Kansai Medical University,Japan,,,,,,,,,,28.3â€“32.6,THE,30,10.6,51.6,47.9,21,1.6,0.03
1001â€“1200,Karlstad University,Sweden,,,,,,,,,,28.3â€“32.6,THE,19.9,14.4,53.8,29.4,57.4,12.8,0.02
1001â€“1200,Karnatak University Dharwad,India,,,,,,,,,,28.3â€“32.6,THE,35.1,9.7,52.5,21.6,27.8,12.1,0
1001â€“1200,Kerman University of Medical Sciences,Iran,,,,,,,,,,28.3â€“32.6,THE,32.7,11.8,51.2,20.5,25.6,3.9,0.03
1001â€“1200,Kharkiv National University of Radio Electronics,Ukraine,,,,,,,,,,28.3â€“32.6,THE,22.2,9.4,28,16.5,32.9,10.8,0.11
1001â€“1200,Kindai University,Japan,,,,,,,,,,28.3â€“32.6,THE,18.4,11.8,51.9,50.2,30.9,17.7,0.02
1001â€“1200,Kohat University of Science and Technology,Pakistan,,,,,,,,,,28.3â€“32.6,THE,21.9,14.2,49,20.8,59.5,43,0
1001â€“1200,University of Kragujevac,Serbia,,,,,,,,,,28.3â€“32.6,THE,23.8,10.7,60,21.2,31.8,13.7,0.01
1001â€“1200,Kurume University,Japan,,,,,,,,,,28.3â€“32.6,THE,27.5,13.6,48.4,44.7,26.3,9,0.01
1001â€“1200,Kuwait University,Kuwait,,,,,,,,,,28.3â€“32.6,THE,19.5,9.9,55.5,28.9,66.4,14.7,0.13
1001â€“1200,Kwame Nkrumah University of Science and Technology,Ghana,,,,,,,,,,28.3â€“32.6,THE,16.2,20.7,50.8,52,47.2,60.8,0.01
1001â€“1200,University of Lagos,Nigeria,,,,,,,,,,28.3â€“32.6,THE,14.6,14.4,65.5,20.9,41.5,27.5,0
1001â€“1200,University of La Laguna,Spain,,,,,,,,,,28.3â€“32.6,THE,21.9,15.8,54.7,28.7,50.7,13.3,0.05
1001â€“1200,University of Las Palmas de Gran Canaria,Spain,,,,,,,,,,28.3â€“32.6,THE,19.8,16.1,45.6,25.2,42.1,17,0.06
1001â€“1200,University of Latvia,Latvia,,,,,,,,,,28.3â€“32.6,THE,18.6,27.1,40.3,42.5,47.6,30.2,0.07
1001â€“1200,University of LeÃ³n,Spain,,,,,,,,,,28.3â€“32.6,THE,23.2,13.6,46.7,70.3,36.5,12.1,0.04
1001â€“1200,Lorestan University,Iran,,,,,,,,,,28.3â€“32.6,THE,27.2,11.1,51.2,18.3,25.7,22.7,0.02
1001â€“1200,Mae Fah Luang University,Thailand,,,,,,,,,,28.3â€“32.6,THE,16.2,14.6,47.5,39.6,54,20.7,0.05
1001â€“1200,Maharishi Markandeshwar University (MMU),India,,,,,,,,,,28.3â€“32.6,THE,26.9,8.9,53.8,17.6,34.3,12.6,0.08
1001â€“1200,University of Malaga,Spain,,,,,,,,,,28.3â€“32.6,THE,21.5,16,43.2,51.5,42.2,13.3,0.06
1001â€“1200,Universiti Malaysia Sarawak (UNIMAS),Malaysia,,,,,,,,,,28.3â€“32.6,THE,29.9,19.3,22.9,66.9,61,14.9,0.13
1001â€“1200,University of Maragheh,Iran,,,,,,,,,,28.3â€“32.6,THE,12.1,16.6,55.7,17.5,34,23.6,0
1001â€“1200,University of Mazandaran,Iran,,,,,,,,,,28.3â€“32.6,THE,27.5,18.9,39.1,24.7,32.1,32.3,0.07
1001â€“1200,Medical University of Bialystok,Poland,,,,,,,,,,28.3â€“32.6,THE,39,11.8,40,39.1,29.9,13.1,0.08
1001â€“1200,Medical University of GdaÅ„sk,Poland,,,,,,,,,,28.3â€“32.6,THE,28.7,10.6,47.9,39.6,43.8,5.4,0.17
1001â€“1200,Medical University of Warsaw,Poland,,,,,,,,,,28.3â€“32.6,THE,26.5,13.5,43.6,43.3,31,6.4,0.08
1001â€“1200,"Mehran University of Engineering and Technology, Jamshoro, Pakistan",Pakistan,,,,,,,,,,28.3â€“32.6,THE,17.1,8.1,55.6,16.9,50,19.9,0
1001â€“1200,Miguel HernÃ¡ndez University of Elche,Spain,,,,,,,,,,28.3â€“32.6,THE,20.4,17.8,43.8,70.7,41.2,16.5,0.08
1001â€“1200,Ming Chi University of Technology,Taiwan,,,,,,,,,,28.3â€“32.6,THE,16.4,25.1,43.4,47.1,29.5,18.6,0.02
1001â€“1200,Minia University,Egypt,,,,,,,,,,28.3â€“32.6,THE,17.2,9.5,66,19.2,49.6,17.7,0.01
1001â€“1200,Mirpur University of Science and Technology,Pakistan,,,,,,,,,,28.3â€“32.6,THE,11.5,9.4,60,15.8,48.6,23.6,0
1001â€“1200,MontanuniversitÃ¤t Leoben,Austria,,,,,,,,,,28.3â€“32.6,THE,35.2,13.7,31.6,58.8,77.4,4.2,0.17
1001â€“1200,Muhimbili University of Health and Allied Sciences,Tanzania,,,,,,,,,,28.3â€“32.6,THE,18,13.1,55.3,23.5,50.5,14,0.02
1001â€“1200,Nagoya City University,Japan,,,,,,,,,,28.3â€“32.6,THE,30.4,17.5,32.6,73.2,23.6,7.4,0.03
1001â€“1200,Najran University,Saudi Arabia,,,,,,,,,,28.3â€“32.6,THE,13,9.8,63.4,16.1,76.1,18.2,0.02
1001â€“1200,National Central University,Taiwan,,,,,,,,,,28.3â€“32.6,THE,30.8,24.9,29.7,88.8,44.4,9.5,0.07
1001â€“1200,National Chengchi University,Taiwan,,,,,,,,,,28.3â€“32.6,THE,27.6,27.8,24.8,60.6,48.8,14.9,0.12
1001â€“1200,National Chung Hsing University,Taiwan,,,,,,,,,,28.3â€“32.6,THE,23.8,25.2,33.8,78.8,32.5,15.5,0.06
1001â€“1200,National University of Computer and Emerging Sciences,Pakistan,,,,,,,,,,28.3â€“32.6,THE,12.5,8.9,60.2,19,52.9,24,0.03
1001â€“1200,National Institute of Technology Warangal,India,,,,,,,,,,28.3â€“32.6,THE,25.1,13.6,50.8,18.4,24.1,19.8,0.05
1001â€“1200,Necmettin Erbakan University,Turkey,,,,,,,,,,28.3â€“32.6,THE,37.2,14.1,39,21.4,38.7,12.8,0.13
1001â€“1200,Nicolaus Copernicus University in ToruÅ„,Poland,,,,,,,,,,28.3â€“32.6,THE,23.8,21.1,38,30.8,33.6,12,0.05
1001â€“1200,Niigata University,Japan,,,,,,,,,,28.3â€“32.6,THE,30.6,15,41.8,49.7,29,7.2,0.03
1001â€“1200,Nile University,Egypt,,,,,,,,,,28.3â€“32.6,THE,17.3,13.3,59.7,42.4,31.6,14.4,0.02
1001â€“1200,Nippon Medical School,Japan,,,,,,,,,,28.3â€“32.6,THE,28.5,10.7,57.1,50.3,20.5,0.9,0
1001â€“1200,Northwest University,China,,,,,,,,,,28.3â€“32.6,THE,24.4,15.3,51.5,35.3,25,13.3,0.01
1001â€“1200,Oakland University,United States,,,,,,,,,,28.3â€“32.6,THE,25.5,15.9,44.5,47.7,39.4,17.6,0.04
1001â€“1200,Ã“buda University,Hungary,,,,,,,,,,28.3â€“32.6,THE,14.4,16.4,55.7,20.7,42.6,34.4,0.07
1001â€“1200,"University of Occupational and Environmental Health, Japan",Japan,,,,,,,,,,28.3â€“32.6,THE,30.2,11.7,54.8,46.8,22.5,2.5,0.01
1001â€“1200,University of PÃ©cs,Hungary,,,,,,,,,,28.3â€“32.6,THE,39.1,16.5,29.9,32,54.3,13.7,0.24
1001â€“1200,University of Peradeniya,Sri Lanka,,,,,,,,,,28.3â€“32.6,THE,18.4,9.2,58.6,23.3,39.8,13.9,0.01
1001â€“1200,Universidad Peruana Cayetano Heredia,Peru,,,,,,,,,,28.3â€“32.6,THE,16.9,12.9,53.3,29.8,49.8,15.6,0.01
1001â€“1200,University of Peshawar,Pakistan,,,,,,,,,,28.3â€“32.6,THE,19.4,12.2,61,17.4,47.3,42.7,0
1001â€“1200,Plekhanov Russian University of Economics,Russian Federation,,,,,,,,,,28.3â€“32.6,THE,25.9,12.9,44.7,20.6,59,9.1,0.15
1001â€“1200,PMAS Arid Agriculture University Rawalpindi,Pakistan,,,,,,,,,,28.3â€“32.6,THE,18.8,11.3,53.9,19.1,47.8,44.7,0
1001â€“1200,Pondicherry University,India,,,,,,,,,,28.3â€“32.6,THE,33.5,18.4,38.3,42.5,19.4,21.5,0.01
1001â€“1200,Pontifical Catholic University of Rio Grande do Sul (PUCRS),Brazil,,,,,,,,,,28.3â€“32.6,THE,32.9,16.9,42.3,39.2,35.1,21.1,0.01
1001â€“1200,Poznan University of Medical Sciences,Poland,,,,,,,,,,28.3â€“32.6,THE,27.1,13.4,41.2,44.4,34.1,6,0.11
1001â€“1200,Public University of Navarre,Spain,,,,,,,,,,28.3â€“32.6,THE,22.4,14.3,49.5,38.3,46.5,11.8,0.06
1001â€“1200,University of Rajshahi,Bangladesh,,,,,,,,,,28.3â€“32.6,THE,15.9,9.3,59.3,17.6,39.6,20.4,0
1001â€“1200,Razi University,Iran,,,,,,,,,,28.3â€“32.6,THE,27.8,14,43.2,38.5,26.5,22.9,0.04
1001â€“1200,Riga Technical University,Latvia,,,,,,,,,,28.3â€“32.6,THE,26.4,23.9,32,46.4,57,31.7,0.22
1001â€“1200,Riphah International University,Pakistan,,,,,,,,,,28.3â€“32.6,THE,14.2,9.6,67.1,16,48.7,18.4,0
1001â€“1200,Rowan University,United States,,,,,,,,,,28.3â€“32.6,THE,26.6,12.4,45.9,30.8,39,14.5,0.03
1001â€“1200,Sahand University of Technology,Iran,,,,,,,,,,28.3â€“32.6,THE,20.6,14.6,57.4,37.9,22.6,27.2,0.01
1001â€“1200,Universidad San Francisco de Quito,Ecuador,,,,,,,,,,28.3â€“32.6,THE,22.3,11.1,48.9,17.4,67,10.2,0.02
1001â€“1200,University of Sargodha,Pakistan,,,,,,,,,,28.3â€“32.6,THE,27.6,11.9,50.5,17.7,48.1,24.3,0
1001â€“1200,Semnan University,Iran,,,,,,,,,,28.3â€“32.6,THE,30.7,12.8,50.7,18.4,22.4,15.1,0.01
1001â€“1200,University of Sfax,Tunisia,,,,,,,,,,28.3â€“32.6,THE,33.7,13.9,40.5,34.5,44.7,12.6,0.03
1001â€“1200,â€‹Shahid Chamran University of Ahvaz,Iran,,,,,,,,,,28.3â€“32.6,THE,29.6,19.3,34.5,51.8,27.2,25.2,0.05
1001â€“1200,Shahrekord University,Iran,,,,,,,,,,28.3â€“32.6,THE,19.4,13.5,55.8,17.9,22.1,20.3,0
1001â€“1200,Shahrood University of Technology,Iran,,,,,,,,,,28.3â€“32.6,THE,28.3,17.2,52.4,18.7,32.4,20.7,0.01
1001â€“1200,Shanghai Maritime University,China,,,,,,,,,,28.3â€“32.6,THE,16.8,12.8,51.8,37.4,36,16.7,0.02
1001â€“1200,Shinshu University,Japan,,,,,,,,,,28.3â€“32.6,THE,26.8,18,34.6,63.1,32.6,10.4,0.03
1001â€“1200,Siberian Federal University,Russian Federation,,,,,,,,,,28.3â€“32.6,THE,30.4,24.2,26.9,55.3,59.5,18.3,0.13
1001â€“1200,Sidi Mohamed Ben Abdellah University,Morocco,,,,,,,,,,28.3â€“32.6,THE,26.6,11.3,50.6,16.9,25.3,55.6,0.01
1001â€“1200,University of Social Welfare and Rehabilitation Sciences,Iran,,,,,,,,,,28.3â€“32.6,THE,33.6,19.9,33.6,27.9,34.9,10.8,0.02
1001â€“1200,University of South Africa,South Africa,,,,,,,,,,28.3â€“32.6,THE,24.7,19.3,50.5,26,41.4,114.2,0.03
1001â€“1200,University of South Bohemia in ÄŒeskÃ© BudÄ›jovice,Czech Republic,,,,,,,,,,28.3â€“32.6,THE,21.4,18.2,51,19.5,53,14.6,0.07
1001â€“1200,University of South Dakota,United States,,,,,,,,,,28.3â€“32.6,THE,34.5,15.9,33.6,36,29.6,16,0.03
1001â€“1200,University of the South Pacific,Fiji,,,,,,,,,,28.3â€“32.6,THE,14.1,17.6,53.5,43,62.9,36.9,0.01
1001â€“1200,University of South Wales,United Kingdom,,,,,,,,,,28.3â€“32.6,THE,18.3,11.8,42,56.5,77.2,16,0.21
1001â€“1200,Staffordshire University,United Kingdom,,,,,,,,,,28.3â€“32.6,THE,17.9,11.5,48,21.5,64.8,17.6,0.12
1001â€“1200,Suez University,Egypt,,,,,,,,,,28.3â€“32.6,THE,13,8.3,70.9,24.4,48.9,20.3,0.02
1001â€“1200,Suez Canal University,Egypt,,,,,,,,,,28.3â€“32.6,THE,19.7,8.8,57.6,28.3,50.6,13.1,0.01
1001â€“1200,SWPS University,Poland,,,,,,,,,,28.3â€“32.6,THE,12.8,16.4,53,16.2,52.7,39,0.07
1001â€“1200,Symbiosis International University,India,,,,,,,,,,28.3â€“32.6,THE,22.1,12.1,62.7,18,40.8,13,0.06
1001â€“1200,University of Szeged,Hungary,,,,,,,,,,28.3â€“32.6,THE,29.9,15.8,40.5,48.1,57.8,12.3,0.2
1001â€“1200,Taibah University,Saudi Arabia,,,,,,,,,,28.3â€“32.6,THE,14.4,10.2,54.2,18.5,76,24.4,0.02
1001â€“1200,Tallinn University,Estonia,,,,,,,,,,28.3â€“32.6,THE,24.8,23,42.6,22.1,59.3,9.9,0.14
1001â€“1200,Tanta University,Egypt,,,,,,,,,,28.3â€“32.6,THE,20.4,9.1,62.6,20,47.8,17.3,0.01
1001â€“1200,Technical University of Cartagena,Spain,,,,,,,,,,28.3â€“32.6,THE,25.1,12.7,42.9,36.3,40.7,10.1,0.08
1001â€“1200,Technological University Dublin,Ireland,,,,,,,,,,28.3â€“32.6,THE,19.1,13.1,45.6,66,64.9,18.7,0.18
1001â€“1200,University of Technology of Troyes,France,,,,,,,,,,28.3â€“32.6,THE,31.5,11.9,29.1,42,74.8,20.1,0.22
1001â€“1200,Teesside University,United Kingdom,,,,,,,,,,28.3â€“32.6,THE,19.6,13.1,52.7,19.7,81,19.4,0.25
1001â€“1200,Texas State University,United States,,,,,,,,,,28.3â€“32.6,THE,17.8,16,47.8,31.6,43.9,20,0.01
1001â€“1200,TOBB University of Economics and Technology,Turkey,,,,,,,,,,28.3â€“32.6,THE,17.9,14.3,48.2,48.8,40.5,14.3,0.01
1001â€“1200,Tokyo Metropolitan University,Japan,,,,,,,,,,28.3â€“32.6,THE,29.8,16.2,39.2,48,36.5,10.9,0.07
1001â€“1200,Toyohashi University of Technology (TUT),Japan,,,,,,,,,,28.3â€“32.6,THE,28.7,24,24.7,89.8,43.5,10.8,0.15
1001â€“1200,Toyota Technological Institute,Japan,,,,,,,,,,28.3â€“32.6,THE,28.7,16.2,38.4,57.2,33.2,9.7,0.01
1001â€“1200,Universiti Tunku Abdul Rahman (UTAR),Malaysia,,,,,,,,,,28.3â€“32.6,THE,16.8,17.1,48.1,53.6,45.3,17.2,0.09
1001â€“1200,Universiti Malaysia Terengganu (UMT),Malaysia,,,,,,,,,,28.3â€“32.6,THE,19.1,18.7,47.6,30.1,49.7,16.8,0.05
1001â€“1200,Ural Federal University,Russian Federation,,,,,,,,,,28.3â€“32.6,THE,24.9,25.9,34.7,50.6,59.8,14,0.16
1001â€“1200,University of Urbino Carlo Bo,Italy,,,,,,,,,,28.3â€“32.6,THE,15.8,17.8,52.2,33.1,52.5,39,0.06
1001â€“1200,Urmia University of Technology,Iran,,,,,,,,,,28.3â€“32.6,THE,11.4,16.8,59.9,16.6,27.7,30.7,0
1001â€“1200,USAMV Cluj-Napoca,Romania,,,,,,,,,,28.3â€“32.6,THE,19.9,9.1,54.5,23.8,40,17.7,0.07
1001â€“1200,Wakayama Medical University,Japan,,,,,,,,,,28.3â€“32.6,THE,33.8,12.7,49.5,59.1,19.6,4.3,0
1001â€“1200,Western Michigan University,United States,,,,,,,,,,28.3â€“32.6,THE,24,17.1,39.2,39.3,43.1,21.3,0.08
1001â€“1200,The University of the West Indies,Jamaica,,,,,,,,,,28.3â€“32.6,THE,19.7,11.8,51.9,31.5,47.3,16.3,0.01
1001â€“1200,University of West London,United Kingdom,,,,,,,,,,28.3â€“32.6,THE,19.7,9.7,47.8,16.2,91.7,12.9,0.45
1001â€“1200,University of Winchester,United Kingdom,,,,,,,,,,28.3â€“32.6,THE,18.9,16.3,50.5,16,59.8,17.4,0.1
1001â€“1200,University of WrocÅ‚aw,Poland,,,,,,,,,,28.3â€“32.6,THE,24.3,25.9,35.9,25.6,44.1,15.1,0.07
1001â€“1200,Yazd University,Iran,,,,,,,,,,28.3â€“32.6,THE,25.3,17.3,44.7,39.4,36.1,29.7,0.03
1001â€“1200,University of Zagreb,Croatia,,,,,,,,,,28.3â€“32.6,THE,26,15.9,44.7,59.7,31.2,14.8,0.03
1001â€“1200,Zewail City of Science and Technology,Egypt,,,,,,,,,,28.3â€“32.6,THE,25.8,17.3,53.9,20.5,37.7,9.8,0
1001â€“1200,Zhejiang University of Finance and Economics,China,,,,,,,,,,28.3â€“32.6,THE,14,13.3,67,37.5,30.5,22.5,0.03
1001â€“1200,University of Å½ilina,Slovakia,,,,,,,,,,28.3â€“32.6,THE,27.7,18,48.2,30.6,31.8,14,0.03
1201â€“1500,Acharya Nagarjuna University,India,,,,,,,,,,22.8â€“28.2,THE,44.8,9.6,21.2,26,29.2,7.3,0.07
1201â€“1500,Adolfo IbÃ¡Ã±ez University,Chile,,,,,,,,,,22.8â€“28.2,THE,14.8,17.4,39.2,17.1,64.1,25,0.05
1201â€“1500,"The University of Agriculture, Peshawar",Pakistan,,,,,,,,,,22.8â€“28.2,THE,15.6,10.2,36.5,22.3,48.1,35.3,0.01
1201â€“1500,Universitas Airlangga,Indonesia,,,,,,,,,,22.8â€“28.2,THE,28.5,12.5,31.9,19.1,57.3,7.2,0.03
1201â€“1500,Al-Farabi Kazakh National University,Kazakhstan,,,,,,,,,,22.8â€“28.2,THE,24.8,11.1,27.1,25.3,72.5,5.9,0.1
1201â€“1500,Allameh Tabataba â€™i University,Iran,,,,,,,,,,22.8â€“28.2,THE,29.1,14.2,28.5,19,32.4,29.7,0.03
1201â€“1500,Al-Nahrain University,Iraq,,,,,,,,,,22.8â€“28.2,THE,27.9,8.7,34.1,16.6,25.4,5.9,0
1201â€“1500,University of Al-Qadisiyah,Iraq,,,,,,,,,,22.8â€“28.2,THE,18.5,7.8,55,16.7,26.3,16.4,0
1201â€“1500,Anadolu University,Turkey,,,,,,,,,,22.8â€“28.2,THE,22.3,11.8,41.2,22,32.7,17,0.08
1201â€“1500,"University of the Andes, Chile",Chile,,,,,,,,,,22.8â€“28.2,THE,20.6,15.7,30.1,17.2,50,17.9,0.02
1201â€“1500,University of Antofagasta,Chile,,,,,,,,,,22.8â€“28.2,THE,16.9,9.4,51.7,17.2,53.2,15.9,0.02
1201â€“1500,University of Antioquia,Colombia,,,,,,,,,,22.8â€“28.2,THE,17.7,20.3,33.5,37,40.9,21.1,0
1201â€“1500,"Arab Academy for Science, Technology and Maritime Transport",Egypt,,,,,,,,,,22.8â€“28.2,THE,28.1,12.3,32.9,22.6,53.3,13.9,0.1
1201â€“1500,Ariel University,Israel,,,,,,,,,,22.8â€“28.2,THE,15.6,18.9,37,25.9,30.9,21.4,0
1201â€“1500,Assiut University,Egypt,,,,,,,,,,22.8â€“28.2,THE,16.1,10.8,48,22.2,52.9,22.1,0.01
1201â€“1500,AtatÃ¼rk University,Turkey,,,,,,,,,,22.8â€“28.2,THE,19.1,16.7,45,24.5,25.5,31,0.04
1201â€“1500,AtÄ±lÄ±m University,Turkey,,,,,,,,,,22.8â€“28.2,THE,18.4,9.7,38.4,36.7,45.3,13.5,0.07
1201â€“1500,Austral University of Chile,Chile,,,,,,,,,,22.8â€“28.2,THE,17.3,14.7,30.2,30.9,51.4,16.4,0.01
1201â€“1500,Autonomous University of Sinaloa,Mexico,,,,,,,,,,22.8â€“28.2,THE,13.5,12.1,46.7,15.9,30.2,21.8,0.01
1201â€“1500,University of Babylon,Iraq,,,,,,,,,,22.8â€“28.2,THE,21.4,8.2,47.3,30.3,21.4,14.9,0
1201â€“1500,Banasthali University,India,,,,,,,,,,22.8â€“28.2,THE,34.6,11.7,31.4,23.8,25.6,16.8,0.04
1201â€“1500,Bandung Institute of Technology (ITB),Indonesia,,,,,,,,,,22.8â€“28.2,THE,23.7,17.1,29.2,29.4,38.5,15.3,0.03
1201â€“1500,Bayero University,Nigeria,,,,,,,,,,22.8â€“28.2,THE,17.4,9.7,43.2,16.8,49,25.4,0
1201â€“1500,Belarusian State University,Belarus,,,,,,,,,,22.8â€“28.2,THE,25.5,11.5,17,55.4,66.8,7.6,0.19
1201â€“1500,BezmiÃ¢lem Vakif University,Turkey,,,,,,,,,,22.8â€“28.2,THE,30.4,11.9,26.9,21.6,27.2,11.8,0.05
1201â€“1500,BINUS University,Indonesia,,,,,,,,,,22.8â€“28.2,THE,20,17.2,37.5,25.1,34.1,14.2,0.04
1201â€“1500,University of Botswana,Botswana,,,,,,,,,,22.8â€“28.2,THE,16.8,14.2,46.5,19.9,58.4,21.8,0.04
1201â€“1500,Botswana International University of Science and Technology (BIUST),Botswana,,,,,,,,,,22.8â€“28.2,THE,25.5,11,35.1,16.6,77,8.8,0.08
1201â€“1500,Instituto PolitÃ©cnico de BraganÃ§a,Portugal,,,,,,,,,,22.8â€“28.2,THE,13.1,13.5,42.6,21.2,64.5,20.6,0.34
1201â€“1500,University of BrasÃ­lia,Brazil,,,,,,,,,,22.8â€“28.2,THE,32.6,14.9,28.7,27.7,36.9,13.6,0.01
1201â€“1500,The British University in Egypt,Egypt,,,,,,,,,,22.8â€“28.2,THE,17.5,9.5,47.7,16.3,36.9,14.8,0.03
1201â€“1500,B. S. Abdur Rahman Crescent Institute of Science and Technology,India,,,,,,,,,,22.8â€“28.2,THE,18.6,9.9,43.6,17.4,24.6,18.3,0
1201â€“1500,Bu-Ali Sina University,Iran,,,,,,,,,,22.8â€“28.2,THE,22.3,16.5,42.8,21.1,25.3,24.1,0.01
1201â€“1500,Budapest University of Technology and Economics,Hungary,,,,,,,,,,22.8â€“28.2,THE,22.2,18.3,35.8,59.3,37.6,16.9,0.13
1201â€“1500,University of Burgos,Spain,,,,,,,,,,22.8â€“28.2,THE,22.1,14.7,41.7,39.7,38,13.5,0.05
1201â€“1500,Cardiff Metropolitan University,United Kingdom,,,,,,,,,,22.8â€“28.2,THE,20.3,12.8,34.8,41.3,78.7,18.1,0.2
1201â€“1500,Universidad de Cartagena,Colombia,,,,,,,,,,22.8â€“28.2,THE,13.8,9.1,56.8,17.2,41.2,21.3,0.01
1201â€“1500,University of Carthage,Tunisia,,,,,,,,,,22.8â€“28.2,THE,23.8,9.9,31.2,20.7,44.4,10.1,0.01
1201â€“1500,Universidad CatÃ³lica San Antonio de Murcia (UCAM),Spain,,,,,,,,,,22.8â€“28.2,THE,16.7,14.3,33.9,25.3,54.2,19.5,0.15
1201â€“1500,Chang Gung University of Science and Technology,Taiwan,,,,,,,,,,22.8â€“28.2,THE,15.1,17,37.2,34.9,20.3,25.6,0.01
1201â€“1500,University of Chester,United Kingdom,,,,,,,,,,22.8â€“28.2,THE,18.5,13,30.3,19.8,64.9,18.9,0.17
1201â€“1500,Chosun University,South Korea,,,,,,,,,,22.8â€“28.2,THE,20.9,20.8,25,71.9,36,24.5,0.03
1201â€“1500,Christ University,India,,,,,,,,,,22.8â€“28.2,THE,14.6,9.9,44.4,15.9,25.4,20.7,0.02
1201â€“1500,Chungbuk National University,South Korea,,,,,,,,,,22.8â€“28.2,THE,26.5,21.2,29.9,50.6,29.6,14,0.05
1201â€“1500,Chung Shan Medical University,Taiwan,,,,,,,,,,22.8â€“28.2,THE,18.9,20,27,48.9,21.4,17.2,0.04
1201â€“1500,Cochin University of Science and Technology,India,,,,,,,,,,22.8â€“28.2,THE,37.6,20,25.4,45.6,20.2,16.2,0.01
1201â€“1500,University of ConcepciÃ³n,Chile,,,,,,,,,,22.8â€“28.2,THE,17.3,16.4,38.2,44.6,52,18.2,0.02
1201â€“1500,University of Costa Rica,Costa Rica,,,,,,,,,,22.8â€“28.2,THE,19.3,9.1,43,19.5,46.7,14.8,0.02
1201â€“1500,Cukurova University,Turkey,,,,,,,,,,22.8â€“28.2,THE,23.8,23.4,26.2,26.7,28.9,15.4,0.04
1201â€“1500,Del Rosario University,Colombia,,,,,,,,,,22.8â€“28.2,THE,22.9,13.5,27.2,26.4,51.3,10.5,0.02
1201â€“1500,University of Diyala,Iraq,,,,,,,,,,22.8â€“28.2,THE,26.6,8.2,44.3,20.5,28.3,17.9,0
1201â€“1500,Dokuz EylÃ¼l University,Turkey,,,,,,,,,,22.8â€“28.2,THE,19.4,18.2,25.5,67.1,25.5,23.7,0.03
1201â€“1500,Dow University of Health Sciences,Pakistan,,,,,,,,,,22.8â€“28.2,THE,24.2,10,46.5,18.7,43.2,7.7,0.03
1201â€“1500,Duzce University,Turkey,,,,,,,,,,22.8â€“28.2,THE,15.5,19.9,44.7,50.7,30.2,33.4,0.09
1201â€“1500,Universidade Eduardo Mondlane,Mozambique,,,,,,,,,,22.8â€“28.2,THE,10.1,9.4,56.7,16.6,51.1,28.7,0
1201â€“1500,"University of Education, Lahore",Pakistan,,,,,,,,,,22.8â€“28.2,THE,11.4,9.1,56.9,15.9,50.5,30.6,0
1201â€“1500,Ege University,Turkey,,,,,,,,,,22.8â€“28.2,THE,32.7,16.7,30.4,63.4,25.7,20.3,0.04
1201â€“1500,Ehime University,Japan,,,,,,,,,,22.8â€“28.2,THE,24.3,14.9,27.9,54,32.1,11.3,0.02
1201â€“1500,The University of Electro-Communications,Japan,,,,,,,,,,22.8â€“28.2,THE,22.3,22.7,28.4,65.9,37.5,15.5,0.05
1201â€“1500,Erciyes University,Turkey,,,,,,,,,,22.8â€“28.2,THE,20.9,16.1,36.1,57,29.3,37.2,0.06
1201â€“1500,Escuela Superior PolitÃ©cnica del Litoral,Ecuador,,,,,,,,,,22.8â€“28.2,THE,20.4,9.5,32.3,18.3,56.4,10.4,0.01
1201â€“1500,Universidade do Estado do Rio de Janeiro (UERJ),Brazil,,,,,,,,,,22.8â€“28.2,THE,31.8,13.5,24.6,26.3,30.4,9.4,0
1201â€“1500,Far Eastern Federal University,Russian Federation,,,,,,,,,,22.8â€“28.2,THE,31.5,19.6,21,26.6,62.7,12.9,0.21
1201â€“1500,Universidade Federal do ABC (UFABC),Brazil,,,,,,,,,,22.8â€“28.2,THE,16.8,17.6,41.1,26.6,45.9,25.3,0.01
1201â€“1500,Universidade Federal da Bahia,Brazil,,,,,,,,,,22.8â€“28.2,THE,27.5,12.3,30.5,19.7,28.4,19.9,0
1201â€“1500,Universidade Federal do CearÃ¡ (UFC),Brazil,,,,,,,,,,22.8â€“28.2,THE,24.2,16.6,24.6,44.5,27.2,19.8,0.01
1201â€“1500,Federal University of EspÃ­rito Santo,Brazil,,,,,,,,,,22.8â€“28.2,THE,24.7,15.7,25.1,47.3,28.8,13.3,0.01
1201â€“1500,Federal University of GoiÃ¡s,Brazil,,,,,,,,,,22.8â€“28.2,THE,30,13.8,26.2,30.8,27.7,13.3,0.01
1201â€“1500,Federal University of Lavras,Brazil,,,,,,,,,,22.8â€“28.2,THE,27,16.8,26.6,29.3,26.5,18.3,0.01
1201â€“1500,Universidade Federal do ParanÃ¡ (UFPR),Brazil,,,,,,,,,,22.8â€“28.2,THE,28.4,16.4,29.1,49.2,27.6,15.6,0.01
1201â€“1500,Federal University of Pernambuco,Brazil,,,,,,,,,,22.8â€“28.2,THE,30.7,13.3,25.1,40.2,25.7,12.8,0
1201â€“1500,Federal University of Rio Grande do Norte (UFRN),Brazil,,,,,,,,,,22.8â€“28.2,THE,25.3,11.3,30.6,24.8,31.3,16.7,0
1201â€“1500,Federal University of Santa Maria,Brazil,,,,,,,,,,22.8â€“28.2,THE,31.5,13,36.8,24.1,25,14.6,0.01
1201â€“1500,Federal University of UberlÃ¢ndia,Brazil,,,,,,,,,,22.8â€“28.2,THE,23.3,12.7,36.1,29.8,24.4,14.1,0.01
1201â€“1500,Federal University of ViÃ§osa,Brazil,,,,,,,,,,22.8â€“28.2,THE,32.2,14.5,23,26.6,24.5,9.7,0.02
1201â€“1500,Federico Santa MarÃ­a Technical University,Chile,,,,,,,,,,22.8â€“28.2,THE,12.3,10.8,36.2,32.3,56.9,29.7,0.03
1201â€“1500,Feng Chia University,Taiwan,,,,,,,,,,22.8â€“28.2,THE,18.4,18.9,25.5,40.9,37.7,23.3,0.07
1201â€“1500,Ferhat Abbas SÃ©tif University 1,Algeria,,,,,,,,,,22.8â€“28.2,THE,17.2,8.5,50.6,17.7,39.6,22.8,0.01
1201â€“1500,University of La Frontera,Chile,,,,,,,,,,22.8â€“28.2,THE,17.6,12.3,32.7,22.8,51.3,23.2,0.01
1201â€“1500,Universitas Gadjah Mada,Indonesia,,,,,,,,,,22.8â€“28.2,THE,30.9,19.8,21.7,52.8,45.8,8.2,0.06
1201â€“1500,Gazi University,Turkey,,,,,,,,,,22.8â€“28.2,THE,25.6,19,32.7,60.3,21.7,17,0.03
1201â€“1500,University of GdaÅ„sk,Poland,,,,,,,,,,22.8â€“28.2,THE,23.6,14.8,30.8,21.7,35.1,12,0.02
1201â€“1500,Gebze Technical University,Turkey,,,,,,,,,,22.8â€“28.2,THE,22.6,13.8,37.6,35,29.2,24.5,0.02
1201â€“1500,"George Emil Palade University of Medicine, Pharmacy, Science, and Technology of Targu Mures",Romania,,,,,,,,,,22.8â€“28.2,THE,17.8,11.3,36.4,16.8,36.1,17,0.13
1201â€“1500,Georgia Southern University,United States,,,,,,,,,,22.8â€“28.2,THE,18.4,11.6,43.2,41.6,34.8,18,0.03
1201â€“1500,German Jordanian University,Jordan,,,,,,,,,,22.8â€“28.2,THE,17.8,11.4,40.6,19.5,69.1,12.8,0.11
1201â€“1500,Government College University Lahore,Pakistan,,,,,,,,,,22.8â€“28.2,THE,21,11.5,37.2,20.3,51.2,17.6,0
1201â€“1500,University of Guilan,Iran,,,,,,,,,,22.8â€“28.2,THE,21.2,17.5,46.2,27.9,23.4,34.3,0.01
1201â€“1500,Gunma University,Japan,,,,,,,,,,22.8â€“28.2,THE,28.6,14.2,20.7,57.4,26.7,7.6,0.04
1201â€“1500,Guru Jambheshwar University of Science and Technology,India,,,,,,,,,,22.8â€“28.2,THE,27.8,8.9,40.8,27.2,18.2,19.6,0
1201â€“1500,Gyeongsang National University,South Korea,,,,,,,,,,22.8â€“28.2,THE,26.2,18,32.6,65.1,26.7,12.5,0.02
1201â€“1500,Hallym University,South Korea,,,,,,,,,,22.8â€“28.2,THE,25.2,19.8,31.8,60.6,23.4,9.3,0.04
1201â€“1500,Halmstad University,Sweden,,,,,,,,,,22.8â€“28.2,THE,15,16.8,40.2,27.9,66.7,20,0.06
1201â€“1500,The Hashemite University,Jordan,,,,,,,,,,22.8â€“28.2,THE,13.2,14.2,40.6,25.4,53.1,23,0.07
1201â€“1500,UniversitÃ© Hassan II de Casablanca,Morocco,,,,,,,,,,22.8â€“28.2,THE,19.5,9.2,39.9,24.6,28.2,35.7,0.02
1201â€“1500,UniversitÃ© Polytechnique Hauts-de-France,France,,,,,,,,,,22.8â€“28.2,THE,15.8,8.7,36.6,57.8,70.3,27.9,0.12
1201â€“1500,Helwan University,Egypt,,,,,,,,,,22.8â€“28.2,THE,16.2,8.9,38.8,19.9,47.6,22.4,0.02
1201â€“1500,University of Hormozgan,Iran,,,,,,,,,,22.8â€“28.2,THE,24.6,14.1,37.6,22.8,26.4,24.4,0
1201â€“1500,University of Hradec KrÃ¡lovÃ©,Czech Republic,,,,,,,,,,22.8â€“28.2,THE,19.7,15.2,40.8,23.5,60.4,12.8,0.03
1201â€“1500,Hungarian University of Agriculture and Life Sciences,Hungary,,,,,,,,,,22.8â€“28.2,THE,25.8,11.6,32.5,23,62.3,11.6,0.16
1201â€“1500,Hyogo Medical University,Japan,,,,,,,,,,22.8â€“28.2,THE,29,13.5,36.5,53.1,19.2,4.6,0.01
1201â€“1500,Ibn TofaÃ¯l University,Morocco,,,,,,,,,,22.8â€“28.2,THE,24.6,13,44.8,18.7,28.5,88.7,0.03
1201â€“1500,Ilam University,Iran,,,,,,,,,,22.8â€“28.2,THE,17.1,12.8,50.9,18.2,25.2,199.9,0.02
1201â€“1500,Ilia State University,Georgia,,,,,,,,,,22.8â€“28.2,THE,18.1,10,47.7,16.1,52,13.4,0.04
1201â€“1500,University of Ilorin,Nigeria,,,,,,,,,,22.8â€“28.2,THE,20.6,10.9,46.1,18.1,40.1,39.2,0
1201â€“1500,Immanuel Kant Baltic Federal University,Russian Federation,,,,,,,,,,22.8â€“28.2,THE,35.9,18.8,16.9,34.4,62.4,17.1,0.19
1201â€“1500,Incheon National University,South Korea,,,,,,,,,,22.8â€“28.2,THE,22.8,17.3,36.9,33.6,36.4,15.7,0.03
1201â€“1500,Indian Institute of Science Education and Research Bhopal,India,,,,,,,,,,22.8â€“28.2,THE,35.8,14.6,24.1,19.5,24.5,14.3,0
1201â€“1500,IPB University,Indonesia,,,,,,,,,,22.8â€“28.2,THE,30.9,9.8,24.2,39.2,45,6.8,0.03
1201â€“1500,I-Shou University,Taiwan,,,,,,,,,,22.8â€“28.2,THE,15,21.2,27.8,68.5,44.2,27.9,0.15
1201â€“1500,Istanbul Bilgi University,Turkey,,,,,,,,,,22.8â€“28.2,THE,18.7,11.7,42.6,16.3,62.8,16,0.14
1201â€“1500,Istanbul Medeniyet University,Turkey,,,,,,,,,,22.8â€“28.2,THE,14.5,11.7,56.9,18.8,25.9,18.7,0.02
1201â€“1500,Ivan Franko National University of Lviv,Ukraine,,,,,,,,,,22.8â€“28.2,THE,24.5,10.5,10,17.9,31.7,10.7,0.02
1201â€“1500,Izmir Institute of Technology,Turkey,,,,,,,,,,22.8â€“28.2,THE,20.2,15.1,27.8,56.7,35.5,18.6,0.03
1201â€“1500,Jeju National University,South Korea,,,,,,,,,,22.8â€“28.2,THE,27.4,19.2,35,38.2,31.2,17.2,0.06
1201â€“1500,Jiangsu Normal University,China,,,,,,,,,,22.8â€“28.2,THE,16.3,12.9,47.1,23.9,27.4,15,0.02
1201â€“1500,The Jikei University School of Medicine,Japan,,,,,,,,,,22.8â€“28.2,THE,30.1,10.8,40.5,42.6,19.7,0.9,0
1201â€“1500,The John Paul II Catholic University of Lublin,Poland,,,,,,,,,,22.8â€“28.2,THE,27.7,14.3,35.1,18.6,34,9.6,0.09
1201â€“1500,Kagawa University,Japan,,,,,,,,,,22.8â€“28.2,THE,25.7,12.9,27.4,54.1,31.9,9.6,0.02
1201â€“1500,Kagoshima University,Japan,,,,,,,,,,22.8â€“28.2,THE,25.7,13.5,24,55.2,27.7,10.1,0.03
1201â€“1500,Kangwon National University,South Korea,,,,,,,,,,22.8â€“28.2,THE,22,21.9,32.4,47.4,24.1,21.6,0.03
1201â€“1500,KarabÃ¼k University,Turkey,,,,,,,,,,22.8â€“28.2,THE,12.6,9.4,57.2,16.1,48.2,42.4,0.24
1201â€“1500,Karunya Institute of Technology and Sciences,India,,,,,,,,,,22.8â€“28.2,THE,18.7,13.4,48.4,18.6,23.2,16.5,0
1201â€“1500,Kaunas University of Technology,Lithuania,,,,,,,,,,22.8â€“28.2,THE,22.2,15.3,39,36.9,39.2,13.3,0.08
1201â€“1500,Kharazmi University,Iran,,,,,,,,,,22.8â€“28.2,THE,32.7,13.8,37.2,25,29.5,16.8,0.03
1201â€“1500,Kharkiv Aviation Institute,Ukraine,,,,,,,,,,22.8â€“28.2,THE,20.6,9.2,44.5,16.4,32.6,12,0.12
1201â€“1500,Khon Kaen University,Thailand,,,,,,,,,,22.8â€“28.2,THE,23.3,15.7,35.5,36.1,35.4,17.2,0.02
1201â€“1500,Khulna University,Bangladesh,,,,,,,,,,22.8â€“28.2,THE,17,9.5,46.9,17.1,43.7,13.9,0
1201â€“1500,King Mongkut's University of Technology North Bangkok,Thailand,,,,,,,,,,22.8â€“28.2,THE,16.2,12.7,50.9,25.9,28.7,23.3,0
1201â€“1500,Kitasato University,Japan,,,,,,,,,,22.8â€“28.2,THE,27,11.5,28.8,56.5,20,5.2,0
1201â€“1500,KL University,India,,,,,,,,,,22.8â€“28.2,THE,22.4,11.1,52,16.6,21.5,14.6,0.02
1201â€“1500,Kyoto Institute of Technology,Japan,,,,,,,,,,22.8â€“28.2,THE,27.2,17.1,15.2,73.3,33.7,13.8,0.06
1201â€“1500,Kyushu Institute of Technology (Kyutech),Japan,,,,,,,,,,22.8â€“28.2,THE,26.3,15.6,31.4,60.3,40.8,16,0.05
1201â€“1500,University of Lethbridge,Canada,,,,,,,,,,22.8â€“28.2,THE,20.3,14.1,31.2,34.6,61.4,13.4,0.12
1201â€“1500,Lodz University of Technology,Poland,,,,,,,,,,22.8â€“28.2,THE,21.2,15.7,34.4,66.9,29.8,13.1,0.05
1201â€“1500,Universidad Loyola,Spain,,,,,,,,,,22.8â€“28.2,THE,23.2,13,39.2,17.3,48.8,12.1,0.04
1201â€“1500,"LumiÃ¨re University, Lyon 2",France,,,,,,,,,,22.8â€“28.2,THE,24.6,18.6,24.9,32.8,67.5,50.4,0.18
1201â€“1500,Universidade LusÃ³fona,Portugal,,,,,,,,,,22.8â€“28.2,THE,23.2,8.6,35.7,17.8,59.7,6.4,0.18
1201â€“1500,Universiti Malaysia Perlis,Malaysia,,,,,,,,,,22.8â€“28.2,THE,21.6,12.5,46,26,33.3,13.6,0.03
1201â€“1500,Manipal University Jaipur,India,,,,,,,,,,22.8â€“28.2,THE,19.5,14.2,51.9,23.9,24,14.9,0.03
1201â€“1500,University of Manouba,Tunisia,,,,,,,,,,22.8â€“28.2,THE,21.8,9.2,44.2,19.4,45.8,14.5,0.02
1201â€“1500,University of Maribor,Slovenia,,,,,,,,,,22.8â€“28.2,THE,20.1,16.9,40.8,36.5,38.9,14.4,0.11
1201â€“1500,University of Marrakech Cadi Ayyad,Morocco,,,,,,,,,,22.8â€“28.2,THE,20.5,11.5,36.5,21.6,40.2,45.9,0.01
1201â€“1500,University of Mauritius,Mauritius,,,,,,,,,,22.8â€“28.2,THE,17.6,13.4,45.3,40.3,35.4,22.8,0.01
1201â€“1500,Medical University of Lublin,Poland,,,,,,,,,,22.8â€“28.2,THE,30.5,12.3,30.5,36.1,36.8,5.7,0.16
1201â€“1500,Medical University of Silesia in Katowice,Poland,,,,,,,,,,22.8â€“28.2,THE,28.1,12.4,31.1,29,24.7,7.3,0.05
1201â€“1500,Medical University of Sofia,Bulgaria,,,,,,,,,,22.8â€“28.2,THE,30.8,13.5,27.9,48.8,53.9,5.7,0.44
1201â€“1500,University of Medicine and Pharmacy of Craiova,Romania,,,,,,,,,,22.8â€“28.2,THE,24.3,9.9,37.2,19.2,40.5,9.8,0.14
1201â€“1500,Mendel University in Brno,Czech Republic,,,,,,,,,,22.8â€“28.2,THE,20.9,19.4,36.8,21,55.1,16.3,0.17
1201â€“1500,Metropolitan Autonomous University,Mexico,,,,,,,,,,22.8â€“28.2,THE,19.9,23.9,22.8,28.6,29.2,42.1,0.01
1201â€“1500,Mie University,Japan,,,,,,,,,,22.8â€“28.2,THE,26.9,13.9,23.9,61.8,24.8,8.3,0.03
1201â€“1500,Mohammed V University of Rabat,Morocco,,,,,,,,,,22.8â€“28.2,THE,29.1,15,32.2,37.3,32.1,41.7,0.03
1201â€“1500,University of Monastir,Tunisia,,,,,,,,,,22.8â€“28.2,THE,25.7,10.1,36.2,28.1,46,8.5,0.02
1201â€“1500,Morgan State University,United States,,,,,,,,,,22.8â€“28.2,THE,22.8,12.6,29.2,28.7,56.3,14.6,0.07
1201â€“1500,Moscow Aviation Institute,Russian Federation,,,,,,,,,,22.8â€“28.2,THE,32.9,14.4,26.4,48.6,31.9,12.8,0.12
1201â€“1500,Moscow Power Engineering Institute,Russian Federation,,,,,,,,,,22.8â€“28.2,THE,23.6,18.3,20.4,51.4,39.9,20.7,0.14
1201â€“1500,Multimedia University,Malaysia,,,,,,,,,,22.8â€“28.2,THE,19.5,13,29,62.2,41.2,16.3,0.09
1201â€“1500,Mutah University,Jordan,,,,,,,,,,22.8â€“28.2,THE,29.7,11.5,27.6,20.9,61.2,15.5,0.18
1201â€“1500,Nagaoka University of Technology,Japan,,,,,,,,,,22.8â€“28.2,THE,34.3,16.4,19.9,62.1,43.2,10.2,0.12
1201â€“1500,Nagasaki University,Japan,,,,,,,,,,22.8â€“28.2,THE,29.4,14.8,28.5,48.4,40.3,6.7,0.05
1201â€“1500,Nagoya Institute of Technology,Japan,,,,,,,,,,22.8â€“28.2,THE,21.5,20.3,23,73.2,31.4,16.1,0.05
1201â€“1500,University of Nairobi,Kenya,,,,,,,,,,22.8â€“28.2,THE,12,10.6,45.9,18.8,49.8,34.5,0.02
1201â€“1500,University of Namibia,Namibia,,,,,,,,,,22.8â€“28.2,THE,13.1,8.6,51.3,15.8,62.8,21.6,0.03
1201â€“1500,National Changhua University of Education,Taiwan,,,,,,,,,,22.8â€“28.2,THE,22.2,17.8,20.6,74.5,28.8,15,0.08
1201â€“1500,National Chin-Yi University of Technology,Taiwan,,,,,,,,,,22.8â€“28.2,THE,13.9,25.1,27.4,42.1,28.7,22.7,0.06
1201â€“1500,National Chung Cheng University,Taiwan,,,,,,,,,,22.8â€“28.2,THE,23.5,22.2,25,72.9,26.5,15.6,0.04
1201â€“1500,National University of Colombia,Colombia,,,,,,,,,,22.8â€“28.2,THE,19.7,13.6,37.1,36.9,41.1,22,0.01
1201â€“1500,National University of Distance Education (UNED),Spain,,,,,,,,,,22.8â€“28.2,THE,24.9,18.9,37.8,35.8,31,67.5,0.04
1201â€“1500,National Dong Hwa University,Taiwan,,,,,,,,,,22.8â€“28.2,THE,19.1,23.8,26.3,33.5,48.6,18.6,0.09
1201â€“1500,National Institute of Technology Srinagar,India,,,,,,,,,,22.8â€“28.2,THE,23.1,10.7,45.7,16.7,19.8,15.9,0
1201â€“1500,National Kaohsiung University of Science and Technology,Taiwan,,,,,,,,,,22.8â€“28.2,THE,15.2,20.3,35,61.6,26.8,33.1,0.03
1201â€“1500,National Research University of Electronic Technology (MIET),Russian Federation,,,,,,,,,,22.8â€“28.2,THE,43.8,14.9,10.7,50.2,25.5,9.5,0.07
1201â€“1500,National Taiwan Ocean University,Taiwan,,,,,,,,,,22.8â€“28.2,THE,19.7,25,30.2,63,34.7,16.2,0.08
1201â€“1500,National Technical University Kharkiv Polytechnic Institute,Ukraine,,,,,,,,,,22.8â€“28.2,THE,24.8,9,14.9,17.5,33.6,7.9,0.14
1201â€“1500,National Technical University of Ukraine â€“ Igor Sikorsky Kyiv Polytechnic Institute,Ukraine,,,,,,,,,,22.8â€“28.2,THE,26.5,9.9,16,22.2,22.4,8,0.03
1201â€“1500,University of Nigeria Nsukka,Nigeria,,,,,,,,,,22.8â€“28.2,THE,29.1,10.6,30.3,17.3,37,11.7,0.01
1201â€“1500,Ochanomizu University,Japan,,,,,,,,,,22.8â€“28.2,THE,33.2,16.5,19.7,36.5,38.2,14.5,0.06
1201â€“1500,Oles Honchar Dnipro National University,Ukraine,,,,,,,,,,22.8â€“28.2,THE,25.1,9,7.4,18.9,21.5,10.1,0.02
1201â€“1500,Opole University of Technology,Poland,,,,,,,,,,22.8â€“28.2,THE,18.5,13.8,37.3,18.5,36.1,13.7,0.06
1201â€“1500,University of Oradea,Romania,,,,,,,,,,22.8â€“28.2,THE,16.7,14.6,35,16.9,41,17.5,0.06
1201â€“1500,Osaka Metropolitan University,Japan,,,,,,,,,,22.8â€“28.2,THE,29.1,18.7,29.8,79.5,26.6,11.5,0.04
1201â€“1500,Osmania University,India,,,,,,,,,,22.8â€“28.2,THE,33.9,16.3,31.1,27.7,21.4,25.7,0.03
1201â€“1500,Paris Nanterre University,France,,,,,,,,,,22.8â€“28.2,THE,20.9,16.8,27.9,42.9,66.7,23.4,0.16
1201â€“1500,University of Pau and Pays de lâ€™Adour,France,,,,,,,,,,22.8â€“28.2,THE,23.4,12.4,21.6,28.5,79.9,13.9,0.15
1201â€“1500,Pavol Jozef Å afÃ¡rik University in KoÅ¡ice,Slovakia,,,,,,,,,,22.8â€“28.2,THE,40.7,10.2,17.1,24.9,62.1,10.3,0.24
1201â€“1500,Persian Gulf University,Iran,,,,,,,,,,22.8â€“28.2,THE,17.8,14.1,45.5,28.8,38.2,23.1,0.05
1201â€“1500,University of the Philippines,Philippines,,,,,,,,,,22.8â€“28.2,THE,25.4,15.3,38.7,22.8,38.4,11.1,0
1201â€“1500,Pirogov Russian National Research Medical University,Russian Federation,,,,,,,,,,22.8â€“28.2,THE,44.2,13.3,14.5,28.1,22.6,6.9,0.04
1201â€“1500,Polytechnic Institute of Porto,Portugal,,,,,,,,,,22.8â€“28.2,THE,15,11.9,49.6,22.1,31.8,16.9,0.05
1201â€“1500,Pontifical Catholic University of Peru,Peru,,,,,,,,,,22.8â€“28.2,THE,24.8,9.8,29.7,16.9,45.6,7.3,0.01
1201â€“1500,Pontifical Catholic University of ValparaÃ­so,Chile,,,,,,,,,,22.8â€“28.2,THE,15.8,17.1,32.8,38.1,51.1,26.2,0.01
1201â€“1500,Pontifical Javeriana University,Colombia,,,,,,,,,,22.8â€“28.2,THE,20.7,11.5,37.4,21,45.3,12.9,0.02
1201â€“1500,PontifÃ­cia Universidade CatÃ³lica do ParanÃ¡,Brazil,,,,,,,,,,22.8â€“28.2,THE,26.3,12.8,34.3,43,30.7,13,0.01
1201â€“1500,Port Said University,Egypt,,,,,,,,,,22.8â€“28.2,THE,13.7,8.5,53.7,16.8,46.6,28.3,0
1201â€“1500,PoznaÅ„ University of Life Sciences,Poland,,,,,,,,,,22.8â€“28.2,THE,25.1,11.3,45.2,27.4,25.9,8.5,0.06
1201â€“1500,Poznan University of Technology,Poland,,,,,,,,,,22.8â€“28.2,THE,22.6,13,35.9,41.8,26.9,11.4,0.06
1201â€“1500,Prince of Songkla University,Thailand,,,,,,,,,,22.8â€“28.2,THE,23.4,14.8,32.6,43.5,37.7,12.9,0.02
1201â€“1500,University of Puerto Rico,Puerto Rico,,,,,,,,,,22.8â€“28.2,THE,25,11.4,40.8,37.6,44.4,15.2,0.01
1201â€“1500,Pukyong National University,South Korea,,,,,,,,,,22.8â€“28.2,THE,26.7,13.9,28.5,39,36.4,11.4,0.1
1201â€“1500,University of Qom,Iran,,,,,,,,,,22.8â€“28.2,THE,22.2,12.1,35.1,17.3,48.6,43,0.33
1201â€“1500,University Rey Juan Carlos,Spain,,,,,,,,,,22.8â€“28.2,THE,15.8,13.4,51.2,31.3,39.9,19.4,0.06
1201â€“1500,Rikkyo University,Japan,,,,,,,,,,22.8â€“28.2,THE,18.6,9.3,34,19.7,58.4,14.4,0.04
1201â€“1500,Ritsumeikan University,Japan,,,,,,,,,,22.8â€“28.2,THE,19.8,13.9,27.4,30.3,46.8,17.4,0.1
1201â€“1500,UniversitÃ© Saint-Joseph de Beyrouth,Lebanon,,,,,,,,,,22.8â€“28.2,THE,32.6,10.9,24.2,27,69.7,10.9,0.07
1201â€“1500,Saitama Medical University,Japan,,,,,,,,,,22.8â€“28.2,THE,26.5,10.3,39.3,41.5,18.3,1.4,0
1201â€“1500,Sakarya University,Turkey,,,,,,,,,,22.8â€“28.2,THE,16.5,10.6,45.4,24,28.4,26.6,0.07
1201â€“1500,Samara National Research University (Samara University),Russian Federation,,,,,,,,,,22.8â€“28.2,THE,27.5,14.8,21.8,26.6,37.1,10.7,0.14
1201â€“1500,Sapporo Medical University,Japan,,,,,,,,,,22.8â€“28.2,THE,29.7,12.9,33.1,58.3,17.6,3.3,0
1201â€“1500,SASTRA University,India,,,,,,,,,,22.8â€“28.2,THE,22.4,11.3,45,30.3,29.4,13.1,0.03
1201â€“1500,Sathyabama Institute of Science and Technology,India,,,,,,,,,,22.8â€“28.2,THE,31.2,9.9,35.1,16.9,29.7,10.6,0.05
1201â€“1500,Universitas Sebelas Maret,Indonesia,,,,,,,,,,22.8â€“28.2,THE,19.3,19.3,33.9,48.3,33.3,16.9,0.02
1201â€“1500,SelÃ§uk University,Turkey,,,,,,,,,,22.8â€“28.2,THE,22.4,14.4,36.7,58.2,34.1,14,0.08
1201â€“1500,Semnan University of Medical Sciences and Health Services,Iran,,,,,,,,,,22.8â€“28.2,THE,25.4,10.5,46.2,16.2,29.1,7.9,0.07
1201â€“1500,Seoul National University of Science and Technology (SeoulTech),South Korea,,,,,,,,,,22.8â€“28.2,THE,28,20.1,32.7,39.8,30.6,13.8,0.09
1201â€“1500,University of La Serena,Chile,,,,,,,,,,22.8â€“28.2,THE,12.3,9.9,49.2,16.4,50.4,26.4,0.01
1201â€“1500,Shahid Bahonar University of Kerman,Iran,,,,,,,,,,22.8â€“28.2,THE,19.4,13.7,41.8,26.9,26.3,22.1,0.01
1201â€“1500,Shahid Sadoughi University of Medical Sciences,Iran,,,,,,,,,,22.8â€“28.2,THE,39.1,10.6,20.8,17.5,20.6,13,0.02
1201â€“1500,Shahjalal University of Science and Technology,Bangladesh,,,,,,,,,,22.8â€“28.2,THE,13.2,8.4,43.4,16.6,44.8,17.8,0
1201â€“1500,University of Shanghai for Science and Technology,China,,,,,,,,,,22.8â€“28.2,THE,23.1,11.5,40.4,36.7,26.6,10.5,0.02
1201â€“1500,Shibaura Institute of Technology,Japan,,,,,,,,,,22.8â€“28.2,THE,20.8,20.1,22.3,36.3,42.3,29.7,0.05
1201â€“1500,Shiga University of Medical Science,Japan,,,,,,,,,,22.8â€“28.2,THE,31.5,12.8,32.3,62.7,24.5,3.2,0.04
1201â€“1500,Showa University,Japan,,,,,,,,,,22.8â€“28.2,THE,32.8,10.3,35.5,40.2,19.8,1.6,0
1201â€“1500,Silesian University of Technology,Poland,,,,,,,,,,22.8â€“28.2,THE,21.8,15.6,39.4,31.5,26.6,12,0.04
1201â€“1500,UniversitÃ© de Skikda,Algeria,,,,,,,,,,22.8â€“28.2,THE,12.5,7.6,51.3,15.8,40.6,29.4,0
1201â€“1500,Slovak University of Agriculture in Nitra,Slovakia,,,,,,,,,,22.8â€“28.2,THE,23.6,12.2,27.4,18.9,48.5,11.9,0.05
1201â€“1500,Sohag University,Egypt,,,,,,,,,,22.8â€“28.2,THE,12.5,9,53.5,18.3,48.8,27.6,0
1201â€“1500,Soonchunhyang University,South Korea,,,,,,,,,,22.8â€“28.2,THE,19.8,25.4,33,48.2,35,21.4,0.06
1201â€“1500,Soongsil University,South Korea,,,,,,,,,,22.8â€“28.2,THE,26.7,15,25.1,47.4,35.6,18.6,0.12
1201â€“1500,UniversitÃ© Sorbonne Nouvelle,France,,,,,,,,,,22.8â€“28.2,THE,25.7,15.3,20.8,15.6,70,23.7,0.26
1201â€“1500,University of Sousse,Tunisia,,,,,,,,,,22.8â€“28.2,THE,30.3,10.3,31.4,19.3,40.1,13.7,0.02
1201â€“1500,University of South China,China,,,,,,,,,,22.8â€“28.2,THE,26.8,13.9,27.7,30.6,22.3,7.4,0.02
1201â€“1500,Southern Federal University,Russian Federation,,,,,,,,,,22.8â€“28.2,THE,27.9,14.3,21.4,32.1,40.3,11.3,0.11
1201â€“1500,South Valley University,Egypt,,,,,,,,,,22.8â€“28.2,THE,16,9.2,53.3,17.7,48.9,33,0.01
1201â€“1500,Southwest Petroleum University,China,,,,,,,,,,22.8â€“28.2,THE,17.9,15.1,38.3,53.1,21.8,15.9,0.02
1201â€“1500,University of Split,Croatia,,,,,,,,,,22.8â€“28.2,THE,17.9,13.9,49.1,23.1,36,15.7,0.02
1201â€“1500,Sri Venkateswara University,India,,,,,,,,,,22.8â€“28.2,THE,36.8,11.3,23.6,20.9,31.5,15,0
1201â€“1500,SRM Institute of Science and Technology,India,,,,,,,,,,22.8â€“28.2,THE,21.6,11.5,51.6,21.9,26.8,15.5,0.02
1201â€“1500,Åžtefan cel Mare University of Suceava,Romania,,,,,,,,,,22.8â€“28.2,THE,15.6,13,49.3,16.8,36.9,22.9,0.14
1201â€“1500,St Marianna University School of Medicine,Japan,,,,,,,,,,22.8â€“28.2,THE,27.6,9.9,44.4,37.3,20.1,0.8,0.01
1201â€“1500,St Petersburg Electrotechnical University (LETI),Russian Federation,,,,,,,,,,22.8â€“28.2,THE,22.6,16.4,22.8,37.6,41.7,13.6,0.2
1201â€“1500,Universiti Sultan Zainal Abidin,Malaysia,,,,,,,,,,22.8â€“28.2,THE,24.1,11.3,38.6,16.5,47,17.7,0.07
1201â€“1500,University of Sunderland,United Kingdom,,,,,,,,,,22.8â€“28.2,THE,18.2,9.9,40.2,42.1,71.6,16,0.42
1201â€“1500,Suranaree University of Technology,Thailand,,,,,,,,,,22.8â€“28.2,THE,21.9,20.9,27.7,54.9,37.9,26.2,0.01
1201â€“1500,Universitas Syiah Kuala,Indonesia,,,,,,,,,,22.8â€“28.2,THE,14,9.4,51.5,19.5,25.8,20.4,0
1201â€“1500,University of Talca,Chile,,,,,,,,,,22.8â€“28.2,THE,17.4,13.7,31.5,36.7,52.3,15.5,0
1201â€“1500,Tamkang University,Taiwan,,,,,,,,,,22.8â€“28.2,THE,15.3,12.7,34.1,43.6,42.9,22.5,0.07
1201â€“1500,University of TarapacÃ¡,Chile,,,,,,,,,,22.8â€“28.2,THE,12.4,19,45.1,19.4,59,31.8,0.04
1201â€“1500,Taras Shevchenko National University of Kyiv,Ukraine,,,,,,,,,,22.8â€“28.2,THE,30,13.1,20.2,31.4,31.8,10.6,0.05
1201â€“1500,Technical University of Cluj-Napoca,Romania,,,,,,,,,,22.8â€“28.2,THE,17,13.2,39.3,29.5,25,20.5,0.02
1201â€“1500,Technical University of Crete,Greece,,,,,,,,,,22.8â€“28.2,THE,13.1,11.1,50.4,40.6,40.7,33.2,0.04
1201â€“1500,Technical University of KoÅ¡ice,Slovakia,,,,,,,,,,22.8â€“28.2,THE,26.5,17.1,30.2,30,44.8,13.1,0.23
1201â€“1500,University of Technology of CompiÃ¨gne,France,,,,,,,,,,22.8â€“28.2,THE,26.7,10.9,24.3,48.8,83.8,15.6,0.19
1201â€“1500,Universiti Teknikal Malaysia Melaka,Malaysia,,,,,,,,,,22.8â€“28.2,THE,20.1,11.4,32.6,19.6,44.2,16.1,0.06
1201â€“1500,Institut Teknologi Sepuluh Nopember,Indonesia,,,,,,,,,,22.8â€“28.2,THE,25.3,10.8,25.4,35.4,42.5,7.1,0.06
1201â€“1500,University of Texas Rio Grande Valley,United States,,,,,,,,,,22.8â€“28.2,THE,17.9,8.5,45.1,17.4,46.1,21.7,0.02
1201â€“1500,Tezpur University,India,,,,,,,,,,22.8â€“28.2,THE,31.3,15.3,27.9,33.8,18.4,15.3,0.01
1201â€“1500,Thammasat University,Thailand,,,,,,,,,,22.8â€“28.2,THE,26.3,19.1,25.7,30.1,38.1,11.4,0.01
1201â€“1500,Thiagarajar College of Engineering,India,,,,,,,,,,22.8â€“28.2,THE,18.7,8.9,41.9,20.2,18,18.3,0
1201â€“1500,Toho University,Japan,,,,,,,,,,22.8â€“28.2,THE,24.7,15,33.7,57.3,21.5,13.7,0
1201â€“1500,Tokai University,Japan,,,,,,,,,,22.8â€“28.2,THE,18.3,12,36.5,46,30.4,16,0.04
1201â€“1500,Tokushima University,Japan,,,,,,,,,,22.8â€“28.2,THE,29.2,24,24.4,81.6,26.4,9.7,0.02
1201â€“1500,Tokyo University of Marine Science and Technology,Japan,,,,,,,,,,22.8â€“28.2,THE,31.3,15.2,19.7,43.1,44.4,10.4,0.08
1201â€“1500,Tokyo University of Science,Japan,,,,,,,,,,22.8â€“28.2,THE,24,26.1,26.4,74,29.1,24,0.04
1201â€“1500,Tomas Bata University in ZlÃ­n,Czech Republic,,,,,,,,,,22.8â€“28.2,THE,18.1,21,31.8,26.1,51.3,20.1,0.11
1201â€“1500,University of Toyama,Japan,,,,,,,,,,22.8â€“28.2,THE,27,14.6,29.2,61.9,33.1,10.6,0.03
1201â€“1500,Transilvania University of BraÈ™ov,Romania,,,,,,,,,,22.8â€“28.2,THE,15.4,11.5,49.8,18.7,36.9,20.4,0.01
1201â€“1500,Tribhuvan University,Nepal,,,,,,,,,,22.8â€“28.2,THE,11.3,8.2,49.5,15.9,46.7,30.9,0
1201â€“1500,Tunghai University,Taiwan,,,,,,,,,,22.8â€“28.2,THE,16.5,14.4,37.8,49.4,46.6,20.4,0.1
1201â€“1500,University of Tunis,Tunisia,,,,,,,,,,22.8â€“28.2,THE,30.9,10.3,23.5,16.6,39.2,11.4,0.02
1201â€“1500,Tzu Chi University,Taiwan,,,,,,,,,,22.8â€“28.2,THE,25.3,26,18.3,65.6,27.1,8.9,0.08
1201â€“1500,UNIR â€“ International University of La Rioja,Spain,,,,,,,,,,22.8â€“28.2,THE,11.9,13.9,38,15.6,58.6,36,0.37
1201â€“1500,Unisinos University,Brazil,,,,,,,,,,22.8â€“28.2,THE,30.1,15.4,22.3,25.2,29.3,24.3,0
1201â€“1500,Universiti Tun Hussein Onn Malaysia (UTHM),Malaysia,,,,,,,,,,22.8â€“28.2,THE,22,13.5,37,18.5,42.1,16.6,0.06
1201â€“1500,University of Valladolid,Spain,,,,,,,,,,22.8â€“28.2,THE,25.1,14.4,37.9,43.8,38.1,10.7,0.06
1201â€“1500,Veltech University,India,,,,,,,,,,22.8â€“28.2,THE,17.9,9.1,44.4,16,27.7,14.4,0.02
1201â€“1500,University of Venda,South Africa,,,,,,,,,,22.8â€“28.2,THE,20.3,29.2,19.9,16.8,49,29.4,0.01
1201â€“1500,"Vietnam National University, Hanoi",Vietnam,,,,,,,,,,22.8â€“28.2,THE,20.9,11.2,46.8,19.1,48.9,15.9,0.01
1201â€“1500,Vilnius Gediminas Technical University (Vilnius Tech),Lithuania,,,,,,,,,,22.8â€“28.2,THE,22,16.3,36,57.8,47.2,12.3,0.11
1201â€“1500,"Visvesvaraya National Institute of Technology, Nagpur",India,,,,,,,,,,22.8â€“28.2,THE,24.5,13.4,41.8,40.4,20.1,15.3,0.02
1201â€“1500,V.N. Karazin Kharkiv National University,Ukraine,,,,,,,,,,22.8â€“28.2,THE,26.4,10.9,8.8,46.6,47.2,8.3,0.28
1201â€“1500,Volgograd State University,Russian Federation,,,,,,,,,,22.8â€“28.2,THE,24,12.9,34.5,15.8,27.9,10.5,0.05
1201â€“1500,VSB - Technical University of Ostrava,Czech Republic,,,,,,,,,,22.8â€“28.2,THE,26.8,19.7,27.8,31,46.9,14.7,0.13
1201â€“1500,Vytautas Magnus University,Lithuania,,,,,,,,,,22.8â€“28.2,THE,22.4,12.3,27.4,20.9,61.9,11.2,0.15
1201â€“1500,Walailak University,Thailand,,,,,,,,,,22.8â€“28.2,THE,20.9,13.3,35.5,16.3,40.7,13.6,0.01
1201â€“1500,Warsaw University of Life Sciences â€“ SGGW,Poland,,,,,,,,,,22.8â€“28.2,THE,19.9,11.8,41.6,23.4,34.2,13.4,0.08
1201â€“1500,Warsaw University of Technology,Poland,,,,,,,,,,22.8â€“28.2,THE,22,19.6,33.3,53.5,31.7,17.1,0.07
1201â€“1500,University of West Bohemia,Czech Republic,,,,,,,,,,22.8â€“28.2,THE,20.5,18,35.2,27.7,32.4,14.8,0.05
1201â€“1500,University of Western Macedonia,Greece,,,,,,,,,,22.8â€“28.2,THE,11.6,17.1,39.3,26.2,27.9,46.2,0.02
1201â€“1500,West University of TimiÅŸoara,Romania,,,,,,,,,,22.8â€“28.2,THE,24.3,13.7,40.2,17.4,34.9,23.9,0.06
1201â€“1500,WrocÅ‚aw University of Environmental and Life Sciences,Poland,,,,,,,,,,22.8â€“28.2,THE,19.1,13.9,34.3,49.8,29.6,16.7,0.04
1201â€“1500,WrocÅ‚aw University of Science and Technology,Poland,,,,,,,,,,22.8â€“28.2,THE,19.7,17.4,33.1,54.6,29.7,19.8,0.04
1201â€“1500,Wuhan Textile University,China,,,,,,,,,,22.8â€“28.2,THE,15,11,46.2,36.7,23.5,15.8,0.01
1201â€“1500,Xiangtan University,China,,,,,,,,,,22.8â€“28.2,THE,17,15.9,49,33.7,21.8,20.6,0
1201â€“1500,Xuzhou Medical University,China,,,,,,,,,,22.8â€“28.2,THE,15.8,16.3,43.5,26,21.4,18.6,0.03
1201â€“1500,Yamagata University,Japan,,,,,,,,,,22.8â€“28.2,THE,28,15.3,24.8,72.2,32.3,8.8,0.02
1201â€“1500,Yamaguchi University,Japan,,,,,,,,,,22.8â€“28.2,THE,28.5,13.4,21.4,57.3,33.4,10.9,0.05
1201â€“1500,University of Yamanashi,Japan,,,,,,,,,,22.8â€“28.2,THE,27.8,13.1,25.9,45.4,29,6.2,0.05
1201â€“1500,Yarmouk University,Jordan,,,,,,,,,,22.8â€“28.2,THE,19.9,12.9,41.5,20.8,53.1,28.3,0.11
1201â€“1500,Yasouj University,Iran,,,,,,,,,,22.8â€“28.2,THE,14.7,14.5,52.3,20.1,22.4,25.8,0
1201â€“1500,Yokohama National University,Japan,,,,,,,,,,22.8â€“28.2,THE,26,22.5,19.1,71.2,36.1,13.4,0.08
1201â€“1500,Yuan Ze University,Taiwan,,,,,,,,,,22.8â€“28.2,THE,18.5,24.1,32.1,69,42.8,23,0.08
1201â€“1500,Yuriy Fedkovych Chernivtsi National University,Ukraine,,,,,,,,,,22.8â€“28.2,THE,22.8,9.9,8.2,17.6,26.3,10.4,0.01
1201â€“1500,University of Zambia,Zambia,,,,,,,,,,22.8â€“28.2,THE,13.2,9.8,45.8,19.9,54.9,24.6,0.02
1201â€“1500,University of Zanjan,Iran,,,,,,,,,,22.8â€“28.2,THE,17.1,12.3,42.6,21.5,27.3,23.5,0
1201â€“1500,Zanjan University of Medical Sciences,Iran,,,,,,,,,,22.8â€“28.2,THE,36.4,12.6,35.5,24.2,21.5,10.9,0.01
1201â€“1500,Zhejiang Chinese Medical University,China,,,,,,,,,,22.8â€“28.2,THE,16.5,16.4,34.5,37.2,23,31,0.05
1201â€“1500,University of Zimbabwe,Zimbabwe,,,,,,,,,,22.8â€“28.2,THE,12.9,12.7,37.3,20.9,50.8,22.5,0
1501+,UniversitÃ© 8 Mai 1945 Guelma,Algeria,,,,,,,,,,9.7â€“22.7,THE,14.7,8.6,25.4,15.9,37,20.9,0.01
1501+,University Abdelhamid Ibn Badis Mostaganem,Algeria,,,,,,,,,,9.7â€“22.7,THE,17.7,7.8,8.1,15.7,33.5,19.5,0.01
1501+,Abdelmalek EssaÃ¢di University,Morocco,,,,,,,,,,9.7â€“22.7,THE,21.6,9.7,30.1,17.2,29.4,91.8,0.01
1501+,University of Abou Bekr BelkaÃ¯d Tlemcen,Algeria,,,,,,,,,,9.7â€“22.7,THE,22.7,9,11.6,19.6,35.3,21.3,0.01
1501+,AcÄ±badem University,Turkey,,,,,,,,,,9.7â€“22.7,THE,25.8,12,22.7,24.2,30.3,5.7,0.03
1501+,Adelphi University,United States,,,,,,,,,,9.7â€“22.7,THE,24.1,7.7,26.1,16.4,33,11.1,0.07
1501+,Afe Babalola University,Nigeria,,,,,,,,,,9.7â€“22.7,THE,23.4,11.6,17.2,24.6,43.6,10.7,0.01
1501+,Akita University,Japan,,,,,,,,,,9.7â€“22.7,THE,25.6,13.4,20.8,39.1,26.7,10.7,0.04
1501+,Aksaray University,Turkey,,,,,,,,,,9.7â€“22.7,THE,11.6,8.8,23.5,26.8,28,22.2,0.08
1501+,Alexandru Ioan Cuza University,Romania,,,,,,,,,,9.7â€“22.7,THE,16.5,12.1,31.6,18.3,40.2,22.3,0.08
1501+,Altai State University,Russian Federation,,,,,,,,,,9.7â€“22.7,THE,20.5,16.5,15.2,25.2,64.4,19,0.27
1501+,Alzahra University,Iran,,,,,,,,,,9.7â€“22.7,THE,25.4,15.3,24.6,19.6,31,28.4,0.03
1501+,University of Anbar,Iraq,,,,,,,,,,9.7â€“22.7,THE,17.7,9.1,39.1,16.9,29.3,15.5,0
1501+,Universitas Andalas,Indonesia,,,,,,,,,,9.7â€“22.7,THE,24.7,12.7,16.5,36.1,33.2,22,0.01
1501+,"University of the Andes, Venezuela",Venezuela,,,,,,,,,,9.7â€“22.7,THE,21.9,8.6,8.8,27.7,50.2,10.1,0.02
1501+,Andhra University,India,,,,,,,,,,9.7â€“22.7,THE,38.2,10.4,18.7,26.1,24.1,14.8,0.05
1501+,Universidad AndrÃ©s Bello (UNAB),Chile,,,,,,,,,,9.7â€“22.7,THE,15.1,10.4,33.5,20.7,50.6,18.4,0.02
1501+,Ankara University,Turkey,,,,,,,,,,9.7â€“22.7,THE,18.2,11.6,30.5,36.6,34.4,27.6,0.06
1501+,Ankara Yildirim Beyazit University,Turkey,,,,,,,,,,9.7â€“22.7,THE,19.2,12.6,23.1,17.3,35.4,23.3,0.12
1501+,Annamalai University,India,,,,,,,,,,9.7â€“22.7,THE,35.5,9.6,20,22.2,20.1,13.6,0
1501+,Antonio NariÃ±o University,Colombia,,,,,,,,,,9.7â€“22.7,THE,16.6,7.9,33.1,16,51.5,14.1,0.02
1501+,Aoyama Gakuin University,Japan,,,,,,,,,,9.7â€“22.7,THE,20,8.9,10.4,22.2,36.2,12.2,0.03
1501+,Arak University,Iran,,,,,,,,,,9.7â€“22.7,THE,19.5,11.2,32.7,20.1,26.3,18.7,0.05
1501+,Universidad AutÃ³noma de Ciudad JuÃ¡rez,Mexico,,,,,,,,,,9.7â€“22.7,THE,15.6,8,10.2,17.5,37.3,15,0.02
1501+,Universidad AutÃ³noma de Coahuila,Mexico,,,,,,,,,,9.7â€“22.7,THE,21.4,8,12.8,18.1,34.4,29.6,0
1501+,Universidad AutÃ³noma del Estado de Hidalgo,Mexico,,,,,,,,,,9.7â€“22.7,THE,19.2,9.6,11.1,18.1,26.4,19.5,0
1501+,Universidad AutÃ³noma del Estado de Mexico (UAEMex),Mexico,,,,,,,,,,9.7â€“22.7,THE,22.2,9.3,7.7,17.4,26.9,10.6,0.01
1501+,Universidad AutÃ³noma del Estado de Morelos,Mexico,,,,,,,,,,9.7â€“22.7,THE,17.1,9.1,9.1,28.8,27.4,17.4,0
1501+,Universidad AutÃ³noma de Nuevo LeÃ³n (UANL),Mexico,,,,,,,,,,9.7â€“22.7,THE,13.3,9.1,17.1,19.8,33.4,48,0
1501+,Universidad AutÃ³noma de QuerÃ©taro,Mexico,,,,,,,,,,9.7â€“22.7,THE,19.1,10.5,19.1,23.7,30,45.2,0.01
1501+,Universidad AutÃ³noma de YucatÃ¡n,Mexico,,,,,,,,,,9.7â€“22.7,THE,14.9,10,14.6,24.1,33.6,19.6,0
1501+,Autonomous University of Baja California,Mexico,,,,,,,,,,9.7â€“22.7,THE,13,9,12.6,17,35.7,21.7,0.03
1501+,Badji Mokhtar University â€“ Annaba,Algeria,,,,,,,,,,9.7â€“22.7,THE,34.1,16.2,12.5,16.9,35,11.9,0.02
1501+,University of Baghdad,Iraq,,,,,,,,,,9.7â€“22.7,THE,25.1,12.6,19.8,28.5,20.2,13.3,0
1501+,Baku State University,Azerbaijan,,,,,,,,,,9.7â€“22.7,THE,20.1,8.6,13.8,19.7,35.5,13.2,0.02
1501+,BaÅŸkent University,Turkey,,,,,,,,,,9.7â€“22.7,THE,20,12.2,15.7,29.1,22,13.3,0.03
1501+,University of Basrah,Iraq,,,,,,,,,,9.7â€“22.7,THE,23.4,7.8,14.6,16.2,26.1,11.7,0
1501+,University of Batna 2,Algeria,,,,,,,,,,9.7â€“22.7,THE,17.5,7.9,12.2,15.9,30.4,23.7,0.01
1501+,University of BÃ©jaÃ¯a,Algeria,,,,,,,,,,9.7â€“22.7,THE,13.8,8.3,14.4,20.9,44.9,23.7,0.01
1501+,Belgorod State National Research University,Russian Federation,,,,,,,,,,9.7â€“22.7,THE,23.4,13.7,10.6,34.1,42.3,15.6,0.2
1501+,BenemÃ©rita Universidad AutÃ³noma de Puebla,Mexico,,,,,,,,,,9.7â€“22.7,THE,15.6,9.5,17.1,19.4,37.7,45.2,0.01
1501+,University of Benin,Nigeria,,,,,,,,,,9.7â€“22.7,THE,15.5,5.7,35,16.4,34.7,25.8,0
1501+,Bernardo Oâ€™Higgins University,Chile,,,,,,,,,,9.7â€“22.7,THE,13.9,10.3,10.7,20.9,54,18.6,0.06
1501+,Bharath Institute of Higher Education and Research,India,,,,,,,,,,9.7â€“22.7,THE,21.1,7.3,30.2,21.2,35.9,14,0.02
1501+,Bharati Vidyapeeth University,India,,,,,,,,,,9.7â€“22.7,THE,24.8,9.4,13.5,30.4,18.8,7.3,0
1501+,Bialystok University of Technology,Poland,,,,,,,,,,9.7â€“22.7,THE,23,14.9,23.1,20.6,24.3,10.8,0.03
1501+,Bilecik Åžeyh Edebali University,Turkey,,,,,,,,,,9.7â€“22.7,THE,14.5,9.5,22.8,17.8,32,16.3,0.13
1501+,University of BÃ­o-BÃ­o,Chile,,,,,,,,,,9.7â€“22.7,THE,12.9,12.8,13.9,19.1,46.7,25.5,0.01
1501+,University of Birjand,Iran,,,,,,,,,,9.7â€“22.7,THE,11.1,9.5,26.7,16.8,26.2,36.9,0.04
1501+,University of Biskra,Algeria,,,,,,,,,,9.7â€“22.7,THE,16.3,8.6,19.3,15.9,38.1,21.5,0
1501+,Blida 1 University,Algeria,,,,,,,,,,9.7â€“22.7,THE,19.6,8.6,14.9,16.7,36.8,20.4,0.01
1501+,Bolu Abant Izzet Baysal University,Turkey,,,,,,,,,,9.7â€“22.7,THE,15.6,9.3,29.2,17.4,32.4,22.1,0.09
1501+,Bozok University,Turkey,,,,,,,,,,9.7â€“22.7,THE,16.1,9.4,30.3,16.9,28.9,14.4,0.05
1501+,University of Brawijaya,Indonesia,,,,,,,,,,9.7â€“22.7,THE,20.5,9.9,17.2,20.4,25.7,14.4,0.01
1501+,Burapha University,Thailand,,,,,,,,,,9.7â€“22.7,THE,16,9.8,10.3,20.9,27.6,17.4,0.02
1501+,Bursa Technical University,Turkey,,,,,,,,,,9.7â€“22.7,THE,13.7,9.4,30.4,18.5,29.7,18.5,0.08
1501+,Bursa UludaÄŸ University,Turkey,,,,,,,,,,9.7â€“22.7,THE,18.8,10.4,20,31,32.3,24.2,0.1
1501+,University of Caldas,Colombia,,,,,,,,,,9.7â€“22.7,THE,10.1,11,9,53.2,32.2,58.2,0
1501+,Ã‡ankÄ±rÄ± Karatekin University,Turkey,,,,,,,,,,9.7â€“22.7,THE,12.5,9.5,22.7,15.6,41,19.9,0.2
1501+,Catholic University of BrasÃ­lia,Brazil,,,,,,,,,,9.7â€“22.7,THE,15.4,10.5,11.7,19,35.7,22.6,0
1501+,Catholic University of the North,Chile,,,,,,,,,,9.7â€“22.7,THE,14.2,15.2,29,18.2,58,20.3,0.03
1501+,Universidad CatÃ³lica del Maule,Chile,,,,,,,,,,9.7â€“22.7,THE,13.4,13.4,19.3,15.8,57.5,21.1,0.03
1501+,Universidad CatÃ³lica de la SantÃ­sima ConcepciÃ³n,Chile,,,,,,,,,,9.7â€“22.7,THE,13.2,14.9,22.9,16.9,48.9,22.9,0
1501+,University of Caxias do Sul,Brazil,,,,,,,,,,9.7â€“22.7,THE,15.9,9.4,11.8,22.3,21.6,30.4,0
1501+,CearÃ¡ State University,Brazil,,,,,,,,,,9.7â€“22.7,THE,21.1,11.4,8.9,17.9,20.2,14.7,0
1501+,Manisa Celal Bayar University,Turkey,,,,,,,,,,9.7â€“22.7,THE,14.9,5.2,21.6,16.7,22,17.9,0.03
1501+,Centro Federal de EducaÃ§Ã£o TecnolÃ³gica Celso Suckow da Fonseca (CEFET-RJ),Brazil,,,,,,,,,,9.7â€“22.7,THE,12.4,9.7,18.2,16.7,30.6,21,0
1501+,CES University,Colombia,,,,,,,,,,9.7â€“22.7,THE,19.2,9.1,5.8,16.4,37.1,13.6,0.03
1501+,Chaoyang University of Technology,Taiwan,,,,,,,,,,9.7â€“22.7,THE,14.1,18.2,28.2,47,38.9,37.5,0.05
1501+,College of Charleston,United States,,,,,,,,,,9.7â€“22.7,THE,17.4,7.9,30.4,23.2,29.8,16.3,0.01
1501+,Chelyabinsk State University,Russian Federation,,,,,,,,,,9.7â€“22.7,THE,12.3,10.7,10.7,17,25.9,24.3,0.02
1501+,Chiba Institute of Technology,Japan,,,,,,,,,,9.7â€“22.7,THE,14.8,8.8,13,26.1,20.9,24.4,0.02
1501+,Chinese Culture University,Taiwan,,,,,,,,,,9.7â€“22.7,THE,13.9,10,16.8,26.1,29.8,23.5,0.06
1501+,UniversitÃ© ChouaÃ¯b Doukkali,Morocco,,,,,,,,,,9.7â€“22.7,THE,13.4,10.8,28.8,18.9,26.7,34.5,0.02
1501+,Chubu University,Japan,,,,,,,,,,9.7â€“22.7,THE,17.1,11.9,15.9,33.4,34.1,17.1,0.02
1501+,Chuo University,Japan,,,,,,,,,,9.7â€“22.7,THE,18.7,12.7,15.5,27.2,30.4,35.6,0.04
1501+,University of Colima,Mexico,,,,,,,,,,9.7â€“22.7,THE,21.6,8,12.4,20,31.6,9.3,0
1501+,Comillas Pontifical University,Spain,,,,,,,,,,9.7â€“22.7,THE,18.3,15.7,26.3,31.4,44.2,21,0.07
1501+,Communication University of China,China,,,,,,,,,,9.7â€“22.7,THE,27.5,17.3,15.5,37.6,23.4,15.3,0.03
1501+,Cracow University of Technology,Poland,,,,,,,,,,9.7â€“22.7,THE,21.2,10.7,30.4,28.2,27.3,12.2,0.05
1501+,University of Craiova,Romania,,,,,,,,,,9.7â€“22.7,THE,18.3,11.5,25.2,18.4,24,20.9,0.04
1501+,Damghan University,Iran,,,,,,,,,,9.7â€“22.7,THE,17.7,11.4,27,17.9,27.9,15.9,0
1501+,University of Dar es Salaam,Tanzania,,,,,,,,,,9.7â€“22.7,THE,14.4,10.3,28.2,21.7,49.5,21.1,0
1501+,De La Salle University,Philippines,,,,,,,,,,9.7â€“22.7,THE,19.6,12.8,31.3,17.4,29.3,14.5,0.03
1501+,University for Development Studies,Ghana,,,,,,,,,,9.7â€“22.7,THE,11.1,9.9,31.1,18.9,51.5,27.4,0
1501+,Dicle University,Turkey,,,,,,,,,,9.7â€“22.7,THE,30.3,16.9,12.7,53,21.9,17.5,0.04
1501+,Diponegoro University,Indonesia,,,,,,,,,,9.7â€“22.7,THE,27.1,15.4,19.1,42.9,35.1,18,0.02
1501+,Dokkyo Medical University,Japan,,,,,,,,,,9.7â€“22.7,THE,26.7,10.3,22,37.9,19.1,1.2,0.01
1501+,Doshisha University,Japan,,,,,,,,,,9.7â€“22.7,THE,17.9,10.9,11.1,30.7,35.5,18.6,0.04
1501+,Dumlupinar University,Turkey,,,,,,,,,,9.7â€“22.7,THE,10.9,7.8,23.3,19.8,38.5,44.4,0.19
1501+,Dunarea de Jos University of Galati,Romania,,,,,,,,,,9.7â€“22.7,THE,19.8,9.2,17.5,16.4,46.1,16,0.22
1501+,EAFIT University,Colombia,,,,,,,,,,9.7â€“22.7,THE,17,11,16.5,16.5,44.7,18.8,0.01
1501+,El Bosque University,Colombia,,,,,,,,,,9.7â€“22.7,THE,23.7,9.3,20,16.9,46.6,6.8,0.02
1501+,Erzincan Binali YÄ±ldÄ±rÄ±m University,Turkey,,,,,,,,,,9.7â€“22.7,THE,12,8.7,37.6,16.6,23.7,21.9,0.04
1501+,Escuela PolitÃ©cnica Nacional,Ecuador,,,,,,,,,,9.7â€“22.7,THE,18.2,9.4,29,18.6,52.1,13.2,0.01
1501+,EskiÅŸehir Osmangazi University,Turkey,,,,,,,,,,9.7â€“22.7,THE,21.5,16.6,20.5,19.2,27,17.5,0.07
1501+,Universidade do Estado de Santa Catarina,Brazil,,,,,,,,,,9.7â€“22.7,THE,26.5,11,15.7,17,21.2,11.5,0.01
1501+,Universidade Estadual do Norte Fluminense Darcy Ribeiro,Brazil,,,,,,,,,,9.7â€“22.7,THE,21.1,10.9,21.6,22.3,34.5,22.8,0
1501+,Universidade Estadual de MaringÃ¡,Brazil,,,,,,,,,,9.7â€“22.7,THE,28.9,13.8,20.2,21.2,22,12.2,0
1501+,Universidade Estadual do Oeste do ParanÃ¡ (Unioeste),Brazil,,,,,,,,,,9.7â€“22.7,THE,27.6,9.8,7.4,17.2,20.4,9.9,0
1501+,"Federal University of Agriculture, Abeokuta",Nigeria,,,,,,,,,,9.7â€“22.7,THE,15.6,8,24.5,17,31.4,26.5,0
1501+,Universidade Federal de CiÃªncias da SaÃºde de Porto Alegre (UFCSPA),Brazil,,,,,,,,,,9.7â€“22.7,THE,21.2,12.8,25.1,21.2,26.1,11.6,0.01
1501+,Federal University of ItajubÃ¡,Brazil,,,,,,,,,,9.7â€“22.7,THE,17.7,9.6,21.3,20.5,28,17.3,0.01
1501+,Universidade Federal de Juiz de Fora,Brazil,,,,,,,,,,9.7â€“22.7,THE,18.5,12.1,27.5,18.6,29.8,16.6,0
1501+,Universidade Federal do MaranhÃ£o (UFMA),Brazil,,,,,,,,,,9.7â€“22.7,THE,15.2,10.3,14.5,18.7,23.2,19.2,0
1501+,Federal University of Mato Grosso do Sul,Brazil,,,,,,,,,,9.7â€“22.7,THE,21.4,11.7,22.3,33,28.9,15,0.01
1501+,Universidade Federal de Ouro Preto (UFOP),Brazil,,,,,,,,,,9.7â€“22.7,THE,22.1,12,20.7,25.5,24.7,16.3,0.01
1501+,Federal University of ParÃ¡,Brazil,,,,,,,,,,9.7â€“22.7,THE,22.6,11.7,21.3,21.7,26.8,17.7,0
1501+,Federal Rural University of Pernambuco,Brazil,,,,,,,,,,9.7â€“22.7,THE,25,11,19.1,20,23.4,12.3,0
1501+,Universidade Federal Rural do Semi-Arido,Brazil,,,,,,,,,,9.7â€“22.7,THE,19.1,9,5.7,16.6,18.3,12.4,0
1501+,Universidade Federal de Sergipe,Brazil,,,,,,,,,,9.7â€“22.7,THE,17,10.4,36.4,18.1,28.1,16,0
1501+,Fluminense Federal University,Brazil,,,,,,,,,,9.7â€“22.7,THE,21,13.1,27.8,22.5,30.8,20.8,0.01
1501+,University of Fortaleza (UNIFOR),Brazil,,,,,,,,,,9.7â€“22.7,THE,14.3,9.4,33.6,16.9,37.8,20.3,0
1501+,UniversitÃ© FrÃ¨res Mentouri Constantine 1,Algeria,,,,,,,,,,9.7â€“22.7,THE,20.2,8.1,13.5,18.2,38.3,16.2,0.01
1501+,Universidad de las Fuerzas Armadas â€“ ESPE,Ecuador,,,,,,,,,,9.7â€“22.7,THE,15.9,8.6,11.6,16.3,40.6,14.5,0.01
1501+,University of Fukui,Japan,,,,,,,,,,9.7â€“22.7,THE,26,12.4,16.4,37.9,26.5,7.6,0.02
1501+,Fukuoka University,Japan,,,,,,,,,,9.7â€“22.7,THE,23.5,9.7,17.9,37.1,24.4,8.7,0.01
1501+,UniversitÃ© de GabÃ¨s,Tunisia,,,,,,,,,,9.7â€“22.7,THE,20.8,9.4,28.9,16.7,42.8,12.4,0.01
1501+,Gaziantep University,Turkey,,,,,,,,,,9.7â€“22.7,THE,15.6,10.8,33,20.1,39.5,38.1,0.12
1501+,Georgian Technical University,Georgia,,,,,,,,,,9.7â€“22.7,THE,32.4,9.3,22.2,16.1,40.8,15,0.02
1501+,German University in Cairo,Egypt,,,,,,,,,,9.7â€“22.7,THE,18.6,8.7,34,16.8,48.6,12.8,0.02
1501+,Gheorghe Asachi Technical University of IaÅŸi,Romania,,,,,,,,,,9.7â€“22.7,THE,15.9,9.6,23.2,26.2,32.1,20.8,0.09
1501+,GITAM University,India,,,,,,,,,,9.7â€“22.7,THE,19.6,9.3,20.8,19,25.2,13.9,0.01
1501+,Goa University,India,,,,,,,,,,9.7â€“22.7,THE,32.1,12.4,23,18.6,24.1,11.8,0.03
1501+,Grigore T. Popa University of Medicine and Pharmacy,Romania,,,,,,,,,,9.7â€“22.7,THE,22.5,10.1,18.9,22.5,42.1,10.8,0.26
1501+,University of Guadalajara,Mexico,,,,,,,,,,9.7â€“22.7,THE,16.3,8.8,13.7,18,31.2,19.3,0
1501+,University of Guanajuato,Mexico,,,,,,,,,,9.7â€“22.7,THE,16.2,9.3,13.4,20.5,36.4,21.4,0.02
1501+,Gubkin Russian State University of Oil and Gas,Russian Federation,,,,,,,,,,9.7â€“22.7,THE,23.4,10.5,12.5,38.2,26.8,12.2,0.07
1501+,Hanoi University of Science and Technology,Vietnam,,,,,,,,,,9.7â€“22.7,THE,15.7,15.7,27.4,43.4,39.7,34.1,0
1501+,Hasanuddin University,Indonesia,,,,,,,,,,9.7â€“22.7,THE,18.8,11.2,25.8,27.5,19.8,16.6,0
1501+,UniversitÃ© Hassan 1er,Morocco,,,,,,,,,,9.7â€“22.7,THE,24.9,10.3,19.2,16.6,23.6,88.2,0.02
1501+,Hassiba Benbouali University of Chlef,Algeria,,,,,,,,,,9.7â€“22.7,THE,15.5,12.3,20.7,32.7,41.9,22,0.01
1501+,University of Havana,Cuba,,,,,,,,,,9.7â€“22.7,THE,28.1,11.8,10.8,33.9,53,9,0.05
1501+,Hellenic Open University,Greece,,,,,,,,,,9.7â€“22.7,THE,22.4,8.5,34.2,15.8,26.2,6.8,0.01
1501+,Herzen State Pedagogical University of Russia,Russian Federation,,,,,,,,,,9.7â€“22.7,THE,20.2,11.5,9.8,17.6,39.2,15.4,0.18
1501+,Hindustan Institute of Technology and Science,India,,,,,,,,,,9.7â€“22.7,THE,21.9,9.3,33.6,16.3,23.4,11.3,0.01
1501+,Hitit University,Turkey,,,,,,,,,,9.7â€“22.7,THE,15.2,9.8,15.1,16.5,22.8,22.6,0.04
1501+,Hosei University,Japan,,,,,,,,,,9.7â€“22.7,THE,15.2,11,34,23.9,38.3,37.7,0.05
1501+,Hue University,Vietnam,,,,,,,,,,9.7â€“22.7,THE,13.3,8.7,16.4,16.2,49.2,23,0.01
1501+,University of Hyogo,Japan,,,,,,,,,,9.7â€“22.7,THE,22.5,13.2,11.8,56.5,24.6,12.4,0.03
1501+,Ibaraki University,Japan,,,,,,,,,,9.7â€“22.7,THE,18.9,12.5,12.2,36.9,27.4,14.8,0.03
1501+,Universidad Industrial de Santander (UIS),Colombia,,,,,,,,,,9.7â€“22.7,THE,14.4,12.2,11.6,31.5,38,23.4,0.01
1501+,Industrial University of Tyumen,Russian Federation,,,,,,,,,,9.7â€“22.7,THE,19.5,8.4,14,18.3,23.1,11.4,0.06
1501+,InÃ¶nÃ¼ University,Turkey,,,,,,,,,,9.7â€“22.7,THE,17.8,9.4,21.5,18,21.1,22.2,0.03
1501+,Instituto PolitÃ©cnico Nacional (IPN),Mexico,,,,,,,,,,9.7â€“22.7,THE,20.7,9.9,14.5,26.7,25.5,13,0
1501+,International Hellenic University,Greece,,,,,,,,,,9.7â€“22.7,THE,9.6,9.4,36.5,20.1,30.7,38,0.02
1501+,Irkutsk National Research Technical University,Russian Federation,,,,,,,,,,9.7â€“22.7,THE,21.7,9.6,23.4,24.2,33.8,10.6,0.13
1501+,Irkutsk State University,Russian Federation,,,,,,,,,,9.7â€“22.7,THE,18.6,11.5,9.1,18.9,28.1,14.2,0.04
1501+,Islamic University of Indonesia,Indonesia,,,,,,,,,,9.7â€“22.7,THE,15.8,9.7,12.5,17.3,35.5,26.5,0.04
1501+,Istanbul AydÄ±n University,Turkey,,,,,,,,,,9.7â€“22.7,THE,17,9.2,32.3,15.8,56.9,26.3,0.13
1501+,Istanbul Medipol University,Turkey,,,,,,,,,,9.7â€“22.7,THE,14.6,10.6,33.3,20.6,44,20,0.16
1501+,Ivane Javakhishvili Tbilisi State University,Georgia,,,,,,,,,,9.7â€“22.7,THE,15.9,11.3,22.2,18,46.7,30.6,0.03
1501+,Ivanovo State University of Chemistry and Technology,Russian Federation,,,,,,,,,,9.7â€“22.7,THE,16.4,9.7,7,21.3,25,16.8,0.06
1501+,Iwate University,Japan,,,,,,,,,,9.7â€“22.7,THE,22.3,11.2,12.6,38.5,28.2,13.6,0.03
1501+,Izmir University of Economics,Turkey,,,,,,,,,,9.7â€“22.7,THE,16.7,11.2,36.7,26.2,32.5,14.7,0.02
1501+,Jan Evangelista PurkynÄ› University,Czech Republic,,,,,,,,,,9.7â€“22.7,THE,16.1,13.6,15.3,18,38.2,17.7,0.03
1501+,Jan Kochanowski University in Kielce,Poland,,,,,,,,,,9.7â€“22.7,THE,21.3,12.3,11.9,18.4,27.9,11.2,0.03
1501+,Jean Moulin University â€“ Lyon 3,France,,,,,,,,,,9.7â€“22.7,THE,14.3,13.6,13.6,27.5,60.8,39,0.18
1501+,Jember University,Indonesia,,,,,,,,,,9.7â€“22.7,THE,11.1,9.1,23,18.1,21.3,30.2,0
1501+,Jianghan University,China,,,,,,,,,,9.7â€“22.7,THE,16.7,9.2,27.6,33.6,22,15.1,0.01
1501+,University of Jijel,Algeria,,,,,,,,,,9.7â€“22.7,THE,12.8,8.8,12.7,16,37.5,22.4,0
1501+,Kanagawa University,Japan,,,,,,,,,,9.7â€“22.7,THE,17.6,8.3,11.4,24.4,38.7,14.5,0.04
1501+,Kanazawa Medical University,Japan,,,,,,,,,,9.7â€“22.7,THE,26.6,10.2,17.3,29.7,21.2,2.1,0.01
1501+,Kansai University,Japan,,,,,,,,,,9.7â€“22.7,THE,20.2,8.3,7.3,25.5,33.4,12.3,0.04
1501+,University of Karachi,Pakistan,,,,,,,,,,9.7â€“22.7,THE,14.1,10.6,19.5,24.5,44.4,39.3,0
1501+,Karadeniz Technical University,Turkey,,,,,,,,,,9.7â€“22.7,THE,19.3,10.1,27.8,22.4,22.7,14,0.05
1501+,UniversitÃ© Kasdi Merbah Ouargla,Algeria,,,,,,,,,,9.7â€“22.7,THE,20,8.6,16,17.3,29.4,26.4,0
1501+,Kasetsart University,Thailand,,,,,,,,,,9.7â€“22.7,THE,18.1,12.6,23.5,25.7,33.8,18.7,0.01
1501+,Kastamonu University,Turkey,,,,,,,,,,9.7â€“22.7,THE,11.6,11.6,35.8,15.9,35.5,36.8,0.12
1501+,Kazan National Research Technical University,Russian Federation,,,,,,,,,,9.7â€“22.7,THE,18.8,10.8,24.9,42.6,31.7,16.7,0.12
1501+,Kazan National Research Technological University,Russian Federation,,,,,,,,,,9.7â€“22.7,THE,21.9,8.8,12.4,36.1,35.4,11.6,0.16
1501+,Kazan State Medical University,Russian Federation,,,,,,,,,,9.7â€“22.7,THE,40.5,10.3,7.3,17.1,45.2,10.7,0.31
1501+,University of Kelaniya,Sri Lanka,,,,,,,,,,9.7â€“22.7,THE,16.8,8.1,12,17.2,36.2,15.6,0.03
1501+,Kemerovo State University,Russian Federation,,,,,,,,,,9.7â€“22.7,THE,14.9,10.1,8.6,18.2,24.3,18.5,0.07
1501+,University of Kerbala,Iraq,,,,,,,,,,9.7â€“22.7,THE,18.3,7.7,10.7,15.8,22.6,15.8,0
1501+,King Mongkutâ€™s Institute of Technology Ladkrabang,Thailand,,,,,,,,,,9.7â€“22.7,THE,16.5,22.9,19.2,55,30.7,23,0.01
1501+,Kirikkale University,Turkey,,,,,,,,,,9.7â€“22.7,THE,14.3,18.8,17.2,20.3,18.8,47.7,0.01
1501+,KÄ±rÅŸehir Ahi Evran University,Turkey,,,,,,,,,,9.7â€“22.7,THE,11.8,9.8,18.4,16.5,37.3,24.6,0.17
1501+,Kocaeli University,Turkey,,,,,,,,,,9.7â€“22.7,THE,14.3,9.7,22.1,23.7,25.8,47.2,0.02
1501+,Kochi University,Japan,,,,,,,,,,9.7â€“22.7,THE,24.7,12.3,21.8,41.5,26.8,8.3,0.01
1501+,Kochi University of Technology,Japan,,,,,,,,,,9.7â€“22.7,THE,17.6,15.6,15.9,68.4,39.1,20.3,0.02
1501+,Kogakuin University,Japan,,,,,,,,,,9.7â€“22.7,THE,16.8,11.3,26.3,32.7,25,18.3,0.02
1501+,Kookmin University,South Korea,,,,,,,,,,9.7â€“22.7,THE,24.5,14.3,20.1,37,36.1,11.6,0.11
1501+,Universiti Kuala Lumpur,Malaysia,,,,,,,,,,9.7â€“22.7,THE,23.6,9,24.3,25.5,43.7,11.9,0.05
1501+,University of Kufa,Iraq,,,,,,,,,,9.7â€“22.7,THE,20,8.7,18,16.7,29.5,12.3,0
1501+,Kwansei Gakuin University,Japan,,,,,,,,,,9.7â€“22.7,THE,15.7,9.5,15.4,20.7,40.9,24.7,0.04
1501+,Kyoto Sangyo University,Japan,,,,,,,,,,9.7â€“22.7,THE,14.3,9.1,14.9,22.4,44.8,21.9,0.02
1501+,Ladoke Akintola University of Technology,Nigeria,,,,,,,,,,9.7â€“22.7,THE,16.2,11.1,28,32,32.5,53.1,0
1501+,University of Laghouat,Algeria,,,,,,,,,,9.7â€“22.7,THE,14,8.6,17.2,15.9,39.7,29.8,0
1501+,Lagos State University,Nigeria,,,,,,,,,,9.7â€“22.7,THE,12.9,9.3,25.3,16,41.9,35.6,0
1501+,Lahore College for Women University (LCWU),Pakistan,,,,,,,,,,9.7â€“22.7,THE,16.5,9.6,37.6,16.1,40.6,21.3,0
1501+,University of Lampung,Indonesia,,,,,,,,,,9.7â€“22.7,THE,17.1,8.1,26.3,16.8,18.4,13.1,0
1501+,Latvia University of Life Sciences and Technologies,Latvia,,,,,,,,,,9.7â€“22.7,THE,16.3,17.3,15.8,30.5,24.1,21.3,0.04
1501+,University of Life Sciences in Lublin,Poland,,,,,,,,,,9.7â€“22.7,THE,20.2,11.7,30.3,19.1,20.7,11.6,0.02
1501+,L.N. Gumilyov Eurasian National University,Kazakhstan,,,,,,,,,,9.7â€“22.7,THE,21.9,11.6,21.1,15.7,54.2,13.5,0.04
1501+,Lobachevsky State University of Nizhni Novgorod,Russian Federation,,,,,,,,,,9.7â€“22.7,THE,31.8,13.4,14.7,32.7,38.5,10.6,0.12
1501+,University of Lodz,Poland,,,,,,,,,,9.7â€“22.7,THE,20.6,15.6,28.8,19.2,35.5,14,0.09
1501+,Londrina State University,Brazil,,,,,,,,,,9.7â€“22.7,THE,30.3,16.1,19.6,34.8,23.9,10.9,0.01
1501+,University of Los Lagos,Chile,,,,,,,,,,9.7â€“22.7,THE,15.9,14.1,25.8,16,49.5,17.4,0
1501+,Lucian Blaga University of Sibiu,Romania,,,,,,,,,,9.7â€“22.7,THE,18.5,14,29.7,16.8,28.4,16.5,0.03
1501+,University of Lucknow,India,,,,,,,,,,9.7â€“22.7,THE,28.4,10.3,26.5,18,23.1,29.4,0.02
1501+,University of Macerata (UNIMC),Italy,,,,,,,,,,9.7â€“22.7,THE,16.2,18.1,24.6,15.6,37.3,27,0.04
1501+,Mackenzie Presbyterian University,Brazil,,,,,,,,,,9.7â€“22.7,THE,17.4,10.8,12.4,20.7,28.7,28.1,0
1501+,Mahasarakham University,Thailand,,,,,,,,,,9.7â€“22.7,THE,18.8,8.5,10.5,17,25,30.2,0.02
1501+,Universiti Malaysia Kelantan,Malaysia,,,,,,,,,,9.7â€“22.7,THE,16.1,13,32.6,16.2,41.9,19.9,0.03
1501+,Maria Curie-SkÅ‚odowska University (UMCS),Poland,,,,,,,,,,9.7â€“22.7,THE,21.6,19.3,22.4,22.7,33.4,11.7,0.09
1501+,Marmara University,Turkey,,,,,,,,,,9.7â€“22.7,THE,17,11.7,31.9,26.9,30.7,30.6,0.05
1501+,University of Mascara,Algeria,,,,,,,,,,9.7â€“22.7,THE,13.7,7.5,31.4,16.1,43.2,23.8,0
1501+,Matej Bel University,Slovakia,,,,,,,,,,9.7â€“22.7,THE,19.4,13.9,15.5,16.4,40.7,14.2,0.1
1501+,Universidad Mayor,Chile,,,,,,,,,,9.7â€“22.7,THE,18.6,9.1,28.7,16,49.5,12.1,0.01
1501+,Meiji University,Japan,,,,,,,,,,9.7â€“22.7,THE,16.3,12.1,13.5,40.8,31.4,34,0.05
1501+,Meijo University,Japan,,,,,,,,,,9.7â€“22.7,THE,14.5,12.1,11.6,42.8,27.3,30.7,0.01
1501+,Mendeleev University of Chemical Technology,Russian Federation,,,,,,,,,,9.7â€“22.7,THE,19.6,14.1,14.3,43.4,23.6,14.9,0.06
1501+,Mâ€™Hamed Bougara University of BoumerdÃ¨s,Algeria,,,,,,,,,,9.7â€“22.7,THE,15.2,8.1,21.3,16.3,32.7,22.6,0.01
1501+,Middle Technical University,Iraq,,,,,,,,,,9.7â€“22.7,THE,9.4,7.5,23.7,16.9,26.8,33.6,0
1501+,Ming Chuan University,Taiwan,,,,,,,,,,9.7â€“22.7,THE,13.4,12,22.6,51,38.4,21.6,0.11
1501+,MIREA - Russian Technological University,Russian Federation,,,,,,,,,,9.7â€“22.7,THE,15,11.7,8.6,48.1,22.2,21.5,0.05
1501+,University of Miskolc,Hungary,,,,,,,,,,9.7â€“22.7,THE,25.6,13.4,16.1,21.7,31.7,14.9,0.05
1501+,University of Miyazaki,Japan,,,,,,,,,,9.7â€“22.7,THE,27.4,11.8,24.3,44,27.8,7.4,0.03
1501+,University Mohamed Boudiaf of Mâ€™Sila,Algeria,,,,,,,,,,9.7â€“22.7,THE,18.1,9.2,10.3,17.9,34.3,17.7,0.01
1501+,UniversitÃ© Mohammed Premier,Morocco,,,,,,,,,,9.7â€“22.7,THE,19.2,9.9,33.6,16.4,35.1,82.1,0.01
1501+,University of Montenegro,Montenegro,,,,,,,,,,9.7â€“22.7,THE,13,12.6,23.8,25.4,41.8,20.3,0.02
1501+,Moscow Polytechnic University,Russian Federation,,,,,,,,,,9.7â€“22.7,THE,17,10.3,11,19,32.3,16,0.13
1501+,Moscow State University of Civil Engineering,Russian Federation,,,,,,,,,,9.7â€“22.7,THE,20.3,11.6,25.3,39.6,25,13.3,0.07
1501+,University of Mosul,Iraq,,,,,,,,,,9.7â€“22.7,THE,14.8,9.9,16.3,28.8,20.1,20.2,0
1501+,Moulay Ismail University,Morocco,,,,,,,,,,9.7â€“22.7,THE,9.6,9.1,40.9,16.5,25.9,71,0
1501+,UniversitÃ© Mouloud Mammeri de Tizi-Ouzou,Algeria,,,,,,,,,,9.7â€“22.7,THE,16.8,7.6,6.6,17.2,45.4,20.8,0
1501+,Muroran Institute of Technology,Japan,,,,,,,,,,9.7â€“22.7,THE,21.7,10.6,22.9,33.5,40,20.5,0.06
1501+,Mustansiriyah University,Iraq,,,,,,,,,,9.7â€“22.7,THE,25.3,8.4,16,19.1,32.5,6.5,0.01
1501+,University of Mysore,India,,,,,,,,,,9.7â€“22.7,THE,28.2,9,23.2,22.3,42.3,25.8,0.08
1501+,Universidad Nacional del Litoral,Argentina,,,,,,,,,,9.7â€“22.7,THE,12,9.4,16.9,24.1,29.2,35.2,0
1501+,Nara Womenâ€™s University,Japan,,,,,,,,,,9.7â€“22.7,THE,24.3,8.7,17.3,22.4,41.4,8.7,0.05
1501+,Naresuan University,Thailand,,,,,,,,,,9.7â€“22.7,THE,15.8,10.5,14.8,28.3,33.1,18.3,0.01
1501+,National Aviation University,Ukraine,,,,,,,,,,9.7â€“22.7,THE,22.2,8.7,35.2,16.4,23.8,9.8,0.05
1501+,National Chiayi University,Taiwan,,,,,,,,,,9.7â€“22.7,THE,14.4,14.1,21,56.7,21.8,22.5,0.03
1501+,National Chi Nan University,Taiwan,,,,,,,,,,9.7â€“22.7,THE,20,18.4,13.3,72.1,32.1,14.7,0.09
1501+,National University of CÃ³rdoba,Argentina,,,,,,,,,,9.7â€“22.7,THE,18,10.3,20,19.4,37.1,16.9,0.01
1501+,National University of Costa Rica,Costa Rica,,,,,,,,,,9.7â€“22.7,THE,21,10,11.8,21.9,45,11,0.03
1501+,National Formosa University,Taiwan,,,,,,,,,,9.7â€“22.7,THE,14.1,11.7,8.4,38.7,18.5,19.5,0.01
1501+,National Ilan University,Taiwan,,,,,,,,,,9.7â€“22.7,THE,13.9,14.6,23.1,37.1,32.3,23.8,0.02
1501+,National University of Kaohsiung,Taiwan,,,,,,,,,,9.7â€“22.7,THE,13.3,16,12.1,28.9,30.4,25,0.04
1501+,National University of Life and Environmental Sciences of Ukraine,Ukraine,,,,,,,,,,9.7â€“22.7,THE,20.3,8.9,30.1,25.3,25.7,15.2,0.01
1501+,National University of Medical Sciences (NUMS),Pakistan,,,,,,,,,,9.7â€“22.7,THE,23.1,9.5,9.2,16.2,28.4,4.6,0.03
1501+,National Research Saratov State University,Russian Federation,,,,,,,,,,9.7â€“22.7,THE,26.8,16.1,17.6,39.1,38,9.3,0.11
1501+,National University of San MartÃ­n,Argentina,,,,,,,,,,9.7â€“22.7,THE,19.2,10.7,26.9,24.6,45.4,16.3,0.05
1501+,National Taichung University of Science and Technology,Taiwan,,,,,,,,,,9.7â€“22.7,THE,18.2,11.5,27.5,24.1,20.6,12.3,0.01
1501+,National Taipei University,Taiwan,,,,,,,,,,9.7â€“22.7,THE,20.6,15.1,22.4,23.3,30.5,15.7,0.06
1501+,National United University,Taiwan,,,,,,,,,,9.7â€“22.7,THE,13.5,11.7,15.7,41.8,20.5,20.6,0.01
1501+,NED University of Engineering and Technology,Pakistan,,,,,,,,,,9.7â€“22.7,THE,12.7,13.1,19.8,26.3,49.9,24,0
1501+,Universitas Negeri Surabaya,Indonesia,,,,,,,,,,9.7â€“22.7,THE,13.5,9,27.2,15.6,35,28,0.01
1501+,Nizhny Novgorod State Technical University,Russian Federation,,,,,,,,,,9.7â€“22.7,THE,17.6,9.7,10.7,39.6,23.6,14.7,0.04
1501+,Nnamdi Azikiwe University,Nigeria,,,,,,,,,,9.7â€“22.7,THE,18.3,8.7,23.8,16,32.3,15.9,0
1501+,North-Caucasus Federal University,Russian Federation,,,,,,,,,,9.7â€“22.7,THE,27.8,9,9.1,17.4,33.3,8,0.11
1501+,"University of the North, Colombia",Colombia,,,,,,,,,,9.7â€“22.7,THE,18.3,13,26,24,52.8,17.3,0
1501+,North-Eastern Federal University,Russian Federation,,,,,,,,,,9.7â€“22.7,THE,24.7,10.1,11.2,17.5,26.5,12.2,0.04
1501+,Northern (Arctic) Federal University named after M.V. Lomonosov,Russian Federation,,,,,,,,,,9.7â€“22.7,THE,20.3,11.1,7.7,19.7,31.9,14.9,0.09
1501+,North-Western State Medical University named after I.I. Mechnikov,Russian Federation,,,,,,,,,,9.7â€“22.7,THE,26,9.8,7.7,17.1,29.7,5.4,0.11
1501+,Nosov Magnitogorsk State Technical University,Russian Federation,,,,,,,,,,9.7â€“22.7,THE,18,9.8,10,17.7,21,13.4,0.04
1501+,Universidade Nove de Julho (Uninove),Brazil,,,,,,,,,,9.7â€“22.7,THE,17.9,8.1,9.6,17.5,26.9,23.6,0.01
1501+,University of Novi Sad,Serbia,,,,,,,,,,9.7â€“22.7,THE,19,11.7,29.1,36.4,33.6,15.1,0.01
1501+,Novosibirsk State Technical University,Russian Federation,,,,,,,,,,9.7â€“22.7,THE,20.2,12.4,12.8,23.2,36.1,14.6,0.17
1501+,Nueva Granada Military University,Colombia,,,,,,,,,,9.7â€“22.7,THE,21.5,8,5.3,15.7,27.7,9.7,0
1501+,Obafemi Awolowo University,Nigeria,,,,,,,,,,9.7â€“22.7,THE,15.3,12.3,32,19,37.9,22.5,0
1501+,Ogarev Mordovia State University,Russian Federation,,,,,,,,,,9.7â€“22.7,THE,20.2,9.2,5.8,17.2,37.2,11.6,0.17
1501+,Oita University,Japan,,,,,,,,,,9.7â€“22.7,THE,25.8,11,20,35.3,22.9,8.5,0.02
1501+,NiÄŸde Ã–mer Halisdemir University,Turkey,,,,,,,,,,9.7â€“22.7,THE,13.5,9.4,24.5,19.2,27.7,20.1,0.05
1501+,Omsk State Technical University,Russian Federation,,,,,,,,,,9.7â€“22.7,THE,18.4,8.4,7.3,20,31.1,14,0.13
1501+,Ondokuz Mayis University,Turkey,,,,,,,,,,9.7â€“22.7,THE,19,11.4,22.2,26.8,36.1,18.3,0.14
1501+,Oran 1 University,Algeria,,,,,,,,,,9.7â€“22.7,THE,30.7,9,13.2,17.8,39.7,21.9,0.01
1501+,Ordu University,Turkey,,,,,,,,,,9.7â€“22.7,THE,14,10.3,19.6,16.7,17.9,18.7,0
1501+,Osaka Institute of Technology,Japan,,,,,,,,,,9.7â€“22.7,THE,14.8,15.3,20.6,37.3,26.2,35.4,0.01
1501+,Osaka Medical and Pharmaceutical University,Japan,,,,,,,,,,9.7â€“22.7,THE,27.7,12.6,23.7,44.4,18.7,5.5,0.01
1501+,University of Ostrava,Czech Republic,,,,,,,,,,9.7â€“22.7,THE,19.5,16.3,23.2,18.2,46.2,16,0.09
1501+,Ovidius University of ConstanÈ›a,Romania,,,,,,,,,,9.7â€“22.7,THE,19.4,9.2,9.6,15.9,27,12.5,0.07
1501+,Universitas Padjadjaran,Indonesia,,,,,,,,,,9.7â€“22.7,THE,28.5,12.2,19.2,23.6,34.3,11.3,0.01
1501+,Pamukkale University,Turkey,,,,,,,,,,9.7â€“22.7,THE,15.2,9.5,16.7,18.5,20.4,22,0.03
1501+,Universidad Panamericana (UP),Mexico,,,,,,,,,,9.7â€“22.7,THE,23.9,9.1,12,16,43.9,7.8,0.02
1501+,University of Pannonia,Hungary,,,,,,,,,,9.7â€“22.7,THE,22.2,15.6,21.5,45.5,37.9,19.5,0.07
1501+,University of Pardubice,Czech Republic,,,,,,,,,,9.7â€“22.7,THE,21.1,17.7,17.7,30,39.8,13.5,0.1
1501+,Pavlov First Saint Petersburg State Medical University,Russian Federation,,,,,,,,,,9.7â€“22.7,THE,29.4,10.7,12.5,25.3,34.4,7,0.14
1501+,Payame Noor University,Iran,,,,,,,,,,9.7â€“22.7,THE,12.9,9.1,26.1,19.6,21.3,120.3,0.01
1501+,Pedagogical and Technological University of Colombia,Colombia,,,,,,,,,,9.7â€“22.7,THE,19.3,7.7,5.2,16,35.5,16,0
1501+,University of the Peloponnese,Greece,,,,,,,,,,9.7â€“22.7,THE,16.1,12.6,28.9,29,27.8,39.4,0.01
1501+,Universitas Pendidikan Indonesia,Indonesia,,,,,,,,,,9.7â€“22.7,THE,19.8,12.1,33,16.3,23.9,18.5,0.01
1501+,Penza State University,Russian Federation,,,,,,,,,,9.7â€“22.7,THE,14.3,8.7,7.8,16.3,32.8,17.2,0.12
1501+,Perm National Research Polytechnic University,Russian Federation,,,,,,,,,,9.7â€“22.7,THE,23.7,13.4,9.9,50,28.4,10.2,0.09
1501+,Perm State University,Russian Federation,,,,,,,,,,9.7â€“22.7,THE,21.2,12.5,8.2,24.6,23.7,12,0.05
1501+,University of Pernambuco,Brazil,,,,,,,,,,9.7â€“22.7,THE,16,10.3,15.2,18.3,26.4,16.9,0
1501+,Universidad Peruana de Ciencias Aplicadas (UPC),Peru,,,,,,,,,,9.7â€“22.7,THE,13.5,8.7,10.1,15.6,26.5,21.1,0.01
1501+,University of Phayao,Thailand,,,,,,,,,,9.7â€“22.7,THE,14.9,9.4,39.3,16.3,25.9,17.1,0
1501+,Universidad PolitÃ©cnica Salesiana,Ecuador,,,,,,,,,,9.7â€“22.7,THE,11.6,9.5,13.6,15.8,42,24.2,0.01
1501+,Polytechnic University of Bucharest,Romania,,,,,,,,,,9.7â€“22.7,THE,19.8,11.4,28.8,29.7,24.2,23.2,0.04
1501+,Polytechnic University of TimiÅŸoara,Romania,,,,,,,,,,9.7â€“22.7,THE,16.7,10.1,33.9,30.9,22.6,18.7,0.03
1501+,Pontifical Catholic University of Minas Gerais,Brazil,,,,,,,,,,9.7â€“22.7,THE,24.4,10.7,14.6,20.5,24.7,36,0.01
1501+,Universidad Pontificia Bolivariana (UPB),Colombia,,,,,,,,,,9.7â€“22.7,THE,24.2,10.6,10.2,26.8,37.2,10.6,0.02
1501+,Pontificia Universidad CatÃ³lica del Ecuador,Ecuador,,,,,,,,,,9.7â€“22.7,THE,12.2,8.7,15.3,15.9,63.9,25.4,0.01
1501+,University of Port Harcourt,Nigeria,,,,,,,,,,9.7â€“22.7,THE,23.1,14.4,15.4,21.8,32,17.1,0
1501+,Prague University of Economics and Business,Czech Republic,,,,,,,,,,9.7â€“22.7,THE,15.5,14.9,27.6,16.8,47.9,29.1,0.27
1501+,University of Primorska,Slovenia,,,,,,,,,,9.7â€“22.7,THE,16.4,14.9,26.5,21.9,61.8,15.3,0.18
1501+,University of Prishtina,Kosovo,,,,,,,,,,9.7â€“22.7,THE,11.8,10.7,13.7,18.4,38.9,31.4,0.01
1501+,Privolzhsky Research Medical University,Russian Federation,,,,,,,,,,9.7â€“22.7,THE,23.9,9.9,5.2,20,40.3,10.3,0.23
1501+,PSG College of Technology,India,,,,,,,,,,9.7â€“22.7,THE,22.9,8.9,29.4,20.7,17.6,14.2,0
1501+,Recep Tayyip ErdoÄŸan University,Turkey,,,,,,,,,,9.7â€“22.7,THE,16.3,9.5,23.9,16.6,22.3,16.9,0.04
1501+,REVA University,India,,,,,,,,,,9.7â€“22.7,THE,16,7.9,37.9,20.7,19.8,18.7,0.01
1501+,Riga StradiÅ†Å¡ University,Latvia,,,,,,,,,,9.7â€“22.7,THE,17.3,13.8,26.3,23.2,62.7,21.8,0.29
1501+,University of Rijeka,Croatia,,,,,,,,,,9.7â€“22.7,THE,18.7,16.7,29.9,25.8,29.2,15.6,0.03
1501+,Russian Presidential Academy of National Economy and Public Administration,Russian Federation,,,,,,,,,,9.7â€“22.7,THE,26.8,17.1,18.1,19.4,23.2,10.4,0.04
1501+,Russian State University for the Humanities,Russian Federation,,,,,,,,,,9.7â€“22.7,THE,13.5,13.4,16.8,15.7,22.1,22.1,0.04
1501+,R V College of Engineering,India,,,,,,,,,,9.7â€“22.7,THE,24.6,9.4,29.3,17.8,16.1,14.9,0
1501+,Ryukoku University,Japan,,,,,,,,,,9.7â€“22.7,THE,15.5,10.6,12,23.2,31.2,27.7,0.02
1501+,University of the Ryukyus,Japan,,,,,,,,,,9.7â€“22.7,THE,25.4,14.1,22.6,37.2,37.6,9.9,0.02
1501+,RzeszÃ³w University of Technology,Poland,,,,,,,,,,9.7â€“22.7,THE,20.6,9.1,29.1,22.9,23.1,11.6,0.01
1501+,University of La Sabana,Colombia,,,,,,,,,,9.7â€“22.7,THE,17.4,10.9,19.7,16.6,44.3,17.1,0.02
1501+,Saga University,Japan,,,,,,,,,,9.7â€“22.7,THE,26,14.5,21.8,59,25.4,9.8,0.02
1501+,Saitama University,Japan,,,,,,,,,,9.7â€“22.7,THE,22.9,15.5,19.4,41.2,41.5,15.3,0.06
1501+,Samara State Technical University,Russian Federation,,,,,,,,,,9.7â€“22.7,THE,16.9,10.6,10.9,32.3,22.1,16,0.05
1501+,San SebastiÃ¡n University,Chile,,,,,,,,,,9.7â€“22.7,THE,14.2,9.2,12.1,16.1,43.2,19.8,0
1501+,"University of Santiago, Chile (USACH)",Chile,,,,,,,,,,9.7â€“22.7,THE,15.8,15.4,29.8,27.7,45.9,20.8,0.02
1501+,University of Santo Tomas,Philippines,,,,,,,,,,9.7â€“22.7,THE,19.6,9.5,25.8,20.7,67,13.3,0.07
1501+,University of Sarajevo,Bosnia and Herzegovina,,,,,,,,,,9.7â€“22.7,THE,16.4,10.8,18.6,23.6,27.7,15.6,0
1501+,Saratov State Medical University,Russian Federation,,,,,,,,,,9.7â€“22.7,THE,25.6,10.7,3.7,16.2,31.2,6.6,0.12
1501+,Satbayev University,Kazakhstan,,,,,,,,,,9.7â€“22.7,THE,22.7,10.8,8.5,23.2,68.7,12.4,0.05
1501+,University of Sciences and Technology Houari Boumediene,Algeria,,,,,,,,,,9.7â€“22.7,THE,17.8,7.4,12.8,18.2,35.3,19.5,0
1501+,University of Science and Technology of Oran Mohamed-Boudiaf,Algeria,,,,,,,,,,9.7â€“22.7,THE,24.6,7,9,17.3,32.4,9.6,0.01
1501+,SGH Warsaw School of Economics,Poland,,,,,,,,,,9.7â€“22.7,THE,24.8,15.2,24.1,16.1,36.7,16.5,0.13
1501+,Shahed University,Iran,,,,,,,,,,9.7â€“22.7,THE,30.3,14.8,22.5,26.6,18.7,15.8,0
1501+,Shimane University,Japan,,,,,,,,,,9.7â€“22.7,THE,25.7,13,19.3,37.1,28.7,8.2,0.03
1501+,Shizuoka University,Japan,,,,,,,,,,9.7â€“22.7,THE,22.6,16,19.5,58.3,37,14.5,0.04
1501+,University of Shizuoka,Japan,,,,,,,,,,9.7â€“22.7,THE,25.9,12.9,15.2,58.9,26.5,11.5,0.03
1501+,Reshetnev Siberian State University of Science and Technology,Russian Federation,,,,,,,,,,9.7â€“22.7,THE,12.3,8.2,15.8,18.5,20.4,22.9,0.03
1501+,Siberian State Medical University,Russian Federation,,,,,,,,,,9.7â€“22.7,THE,22.1,9.6,3.4,17.1,39.8,10.6,0.21
1501+,Sichuan University of Science and Engineering,China,,,,,,,,,,9.7â€“22.7,THE,12,10.4,23.8,26.4,20.3,22.9,0.01
1501+,University of Silesia in Katowice,Poland,,,,,,,,,,9.7â€“22.7,THE,23.2,13.5,23.4,21.8,29.7,11.6,0.04
1501+,Silpakorn University,Thailand,,,,,,,,,,9.7â€“22.7,THE,19.3,13.6,20.7,38,29,18.8,0.02
1501+,University of Sistan and Baluchestan,Iran,,,,,,,,,,9.7â€“22.7,THE,18.5,11.4,26.4,22.9,22.7,19.6,0.01
1501+,Sivas Cumhuriyet University,Turkey,,,,,,,,,,9.7â€“22.7,THE,14.9,9.5,26.1,18.5,29.7,32.4,0.08
1501+,Slovak University of Technology in Bratislava,Slovakia,,,,,,,,,,9.7â€“22.7,THE,27.6,12,22.3,28.7,32.8,8.5,0.07
1501+,Sofia University,Bulgaria,,,,,,,,,,9.7â€“22.7,THE,28.3,12.2,23.4,21.6,39.4,7.5,0.07
1501+,University of Sonora,Mexico,,,,,,,,,,9.7â€“22.7,THE,13.6,8.4,13.6,32.3,34.9,26,0.01
1501+,Sophia University,Japan,,,,,,,,,,9.7â€“22.7,THE,22.6,11,13.3,25.4,50.9,12.7,0.1
1501+,Southwest State University,Russian Federation,,,,,,,,,,9.7â€“22.7,THE,20.8,11.2,11.4,33.7,32.1,13.4,0.11
1501+,University of Sri Jayewardenepura,Sri Lanka,,,,,,,,,,9.7â€“22.7,THE,13,9,35.7,18.4,35.8,22.9,0
1501+,Srinakharinwirot University,Thailand,,,,,,,,,,9.7â€“22.7,THE,19.4,9.7,15.8,18.8,22.3,18.9,0.01
1501+,Universitas Sriwijaya,Indonesia,,,,,,,,,,9.7â€“22.7,THE,12.4,9,18.1,16.2,19.9,24.7,0
1501+,Saints Cyril and Methodius University in Skopje,North Macedonia,,,,,,,,,,9.7â€“22.7,THE,19.2,9.3,25.9,23.2,46,13.5,0.05
1501+,State University of Bahia,Brazil,,,,,,,,,,9.7â€“22.7,THE,19.3,8.6,4.1,16.2,20,11.9,0
1501+,State University of Malang,Indonesia,,,,,,,,,,9.7â€“22.7,THE,18.5,11.1,30,15.8,31.4,30.5,0.04
1501+,State University of Ponta Grossa,Brazil,,,,,,,,,,9.7â€“22.7,THE,24.9,11.3,18.1,18.1,25.9,8.9,0
1501+,State University of Santa Cruz,Brazil,,,,,,,,,,9.7â€“22.7,THE,22.9,9.3,14.1,17.4,34.9,9.8,0.02
1501+,SÃ¼leyman Demirel University,Turkey,,,,,,,,,,9.7â€“22.7,THE,23.5,9.8,29.9,18.6,25.6,32.3,0.05
1501+,UniversitÃ© Sultan Moulay Slimane,Morocco,,,,,,,,,,9.7â€“22.7,THE,11.8,9.8,29.9,21.1,21.5,56.2,0
1501+,Universitas Sumatera Utara,Indonesia,,,,,,,,,,9.7â€“22.7,THE,16.5,10.5,26.6,17.1,27.6,19.2,0.02
1501+,SzÃ©chenyi IstvÃ¡n University,Hungary,,,,,,,,,,9.7â€“22.7,THE,19.1,11.7,23.2,17.4,29.6,14.8,0.05
1501+,Tamil Nadu Agricultural University,India,,,,,,,,,,9.7â€“22.7,THE,29.5,11,14,26.7,17,9.3,0
1501+,Technical University of Liberec,Czech Republic,,,,,,,,,,9.7â€“22.7,THE,21,18.9,18.2,34.5,44.2,13.3,0.1
1501+,Technical University of Sofia,Bulgaria,,,,,,,,,,9.7â€“22.7,THE,23.2,11.1,24.2,25,26.8,9.7,0.09
1501+,Technological University of Pereira,Colombia,,,,,,,,,,9.7â€“22.7,THE,15,4.6,14.8,19.2,32.4,17.8,0
1501+,Universidad TÃ©cnica Particular de Loja,Ecuador,,,,,,,,,,9.7â€“22.7,THE,10.6,8.4,11.2,15.8,48.2,29.3,0.01
1501+,Universidade TecnolÃ³gica Federal do ParanÃ¡ (UTFPR),Brazil,,,,,,,,,,9.7â€“22.7,THE,16.7,10.2,22.3,42.3,25.3,15.3,0.01
1501+,Teikyo University,Japan,,,,,,,,,,9.7â€“22.7,THE,17.4,12.7,33.9,37.2,26.7,16,0.05
1501+,Universiti Teknologi MARA,Malaysia,,,,,,,,,,9.7â€“22.7,THE,20.2,14.7,28.6,23.9,24.2,16.3,0.01
1501+,Telkom University,Indonesia,,,,,,,,,,9.7â€“22.7,THE,15,11,28.5,21.3,38.1,16.8,0.03
1501+,Temuco Catholic University,Chile,,,,,,,,,,9.7â€“22.7,THE,19.8,10.5,12.7,23.9,43.1,11.1,0
1501+,Tokat GaziosmanpaÅŸa University,Turkey,,,,,,,,,,9.7â€“22.7,THE,17.1,8.6,33.7,17.5,32.1,15.2,0.09
1501+,Tokyo University of Agriculture,Japan,,,,,,,,,,9.7â€“22.7,THE,18.1,9.1,18.9,29.8,23.1,32.2,0.02
1501+,Tokyo City University,Japan,,,,,,,,,,9.7â€“22.7,THE,17.6,12,13.9,43.6,28.6,26.8,0.02
1501+,Tokyo Denki University,Japan,,,,,,,,,,9.7â€“22.7,THE,14.9,9,12.1,56.4,21.9,28.7,0.03
1501+,Tomsk State University of Control Systems and Radioelectronics,Russian Federation,,,,,,,,,,9.7â€“22.7,THE,22.2,11,18.9,40,38.5,12.1,0.14
1501+,Tottori University,Japan,,,,,,,,,,9.7â€“22.7,THE,28.8,13.4,21.3,46.7,26.6,8,0.02
1501+,Toyama Prefectural University,Japan,,,,,,,,,,9.7â€“22.7,THE,25,9.5,9.5,27,21.8,9.5,0.02
1501+,Toyo University,Japan,,,,,,,,,,9.7â€“22.7,THE,14.4,9.2,8.7,19.6,36,23.5,0.05
1501+,Tula State University,Russian Federation,,,,,,,,,,9.7â€“22.7,THE,11.6,9,5.1,17.6,19,35,0.03
1501+,Ufa University of Science and Technology,Russian Federation,,,,,,,,,,9.7â€“22.7,THE,19.3,10.2,8.1,25.6,22.7,12.6,0.05
1501+,Ufa State Petroleum Technological University,Russian Federation,,,,,,,,,,9.7â€“22.7,THE,23,8,17.1,16.7,29.7,8.2,0.11
1501+,Universiti Malaysia Sabah (UMS),Malaysia,,,,,,,,,,9.7â€“22.7,THE,17.8,14.3,25,21.8,41.8,16.6,0.04
1501+,UÅŸak University,Turkey,,,,,,,,,,9.7â€“22.7,THE,11.4,10.4,14.3,19,32.1,27.4,0.11
1501+,Utsunomiya University,Japan,,,,,,,,,,9.7â€“22.7,THE,20.4,12.6,9.1,27.7,29.1,13.7,0.04
1501+,Uzhhorod National University,Ukraine,,,,,,,,,,9.7â€“22.7,THE,22.2,8.9,4.7,16.2,45.2,11.3,0.13
1501+,Universidad del Valle,Colombia,,,,,,,,,,9.7â€“22.7,THE,23.2,8.7,12.2,17.9,40.6,8.9,0.01
1501+,University of ValparaÃ­so,Chile,,,,,,,,,,9.7â€“22.7,THE,15.4,12.2,22,18.7,47.8,19,0.02
1501+,Van YÃ¼zÃ¼ncÃ¼ Yil University,Turkey,,,,,,,,,,9.7â€“22.7,THE,21.7,22.8,19.3,45.4,21.4,17.5,0.03
1501+,Instituto PolitÃ©cnico de Viana do Castelo,Portugal,,,,,,,,,,9.7â€“22.7,THE,13,9.6,35.4,18.7,44.1,19.8,0.1
1501+,Vietnam National University (Ho Chi Minh City),Vietnam,,,,,,,,,,9.7â€“22.7,THE,14.6,11.2,26.1,26.2,36.8,24.5,0.01
1501+,"Vignanâ€™s Foundation for Science, Technology and Research",India,,,,,,,,,,9.7â€“22.7,THE,22.2,7.6,36,16.7,21.1,11.3,0.01
1501+,V.I. Vernadsky Crimean Federal University (Vernadsky CFU),Ukraine,,,,,,,,,,9.7â€“22.7,THE,19,9.9,7.6,16.6,27.2,12.5,0.09
1501+,Volgograd State Technical University,Russian Federation,,,,,,,,,,9.7â€“22.7,THE,17.8,9.3,22.9,18.5,27.9,13.9,0.1
1501+,Voronezh State University,Russian Federation,,,,,,,,,,9.7â€“22.7,THE,22.7,10.7,7.7,17.4,37,11.1,0.15
1501+,Voronezh State Technical University,Russian Federation,,,,,,,,,,9.7â€“22.7,THE,20.5,8.5,29.8,18.8,23.9,13.5,0.06
1501+,University of Warmia and Mazury in Olsztyn,Poland,,,,,,,,,,9.7â€“22.7,THE,16.9,13.5,35.3,21.8,23.3,17.5,0.03
1501+,University of West Attica,Greece,,,,,,,,,,9.7â€“22.7,THE,10,9.7,34.7,22.8,24.9,37.9,0
1501+,Yanshan University,China,,,,,,,,,,9.7â€“22.7,THE,19.5,11.7,34.5,36,20.4,13.4,0.01
1501+,Yeditepe University,Turkey,,,,,,,,,,9.7â€“22.7,THE,22,12.4,17.6,59.3,38.8,27.5,0.06
1501+,Yerevan State University,Armenia,,,,,,,,,,9.7â€“22.7,THE,23.9,8.6,26.8,16.4,38.1,8,0.02
1501+,Universitas Negeri Yogyakarta,Indonesia,,,,,,,,,,9.7â€“22.7,THE,16.9,10.5,28.8,23.1,30.6,16.3,0.01
1501+,Zonguldak BÃ¼lent Ecevit University,Turkey,,,,,,,,,,9.7â€“22.7,THE,12.5,11.2,21.6,48.1,26.4,22.4,0.08
Reporter,Abbes Laghrour University of Khenchala,Algeria,,,,,,,,,,,THE,,,,,,26.1,0
Reporter,Abbottabad University of Science and Technology,Pakistan,,,,,,,,,,,THE,,,,,,13.3,0
Reporter,Abdelhafid Boussouf University Center of Mila,Algeria,,,,,,,,,,,THE,,,,,,24.9,0
Reporter,Abdullah GÃ¼l University,Turkey,,,,,,,,,,,THE,,,,,,22.5,0.09
Reporter,Abertay University,United Kingdom,,,,,,,,,,,THE,,,,,,23.4,0.21
Reporter,Abia State University,Nigeria,,,,,,,,,,,THE,,,,,,45.8,0
Reporter,Abrar University,Somalia,,,,,,,,,,,THE,,,,,,5.5,0
Reporter,Ada Kent University,Northern Cyprus,,,,,,,,,,,THE,,,,,,1,0.19
Reporter,Adventist University of Central Africa,Rwanda,,,,,,,,,,,THE,,,,,,31.7,0.11
Reporter,AECC University College,United Kingdom,,,,,,,,,,,THE,,,,,,19.5,0.39
Reporter,University Center of Aflou,Algeria,,,,,,,,,,,THE,,,,,,23.7,0
Reporter,University of Agronomic Sciences and Veterinary Medicine of Bucharest,Romania,,,,,,,,,,,THE,,,,,,16.7,0.03
Reporter,Universitas Ahmad Dahlan,Indonesia,,,,,,,,,,,THE,,,,,,34.6,0.01
Reporter,University of Ahmed Draia,Algeria,,,,,,,,,,,THE,,,,,,28,0
Reporter,Aichi Prefectural University,Japan,,,,,,,,,,,THE,,,,,,15.4,0.01
Reporter,UniversitÃ© dâ€™Ain TÃ©mouchent,Algeria,,,,,,,,,,,THE,,,,,,17.2,0.01
Reporter,Ajeenkya DY Patil University,India,,,,,,,,,,,THE,,,,,,15.8,0.01
Reporter,Ajman University,United Arab Emirates,,,,,,,,,,,THE,,,,,,15.1,0.82
Reporter,Akhmet Yassawi University,Kazakhstan,,,,,,,,,,,THE,,,,,,8.6,0.1
Reporter,Akita Prefectural University,Japan,,,,,,,,,,,THE,,,,,,8.9,0.01
Reporter,Akli Mohand Oulhadj Bouira University,Algeria,,,,,,,,,,,THE,,,,,,28.3,0
Reporter,Akwa Ibom State University,Nigeria,,,,,,,,,,,THE,,,,,,21.2,0
Reporter,Al-Ahliyya Amman University,Jordan,,,,,,,,,,,THE,,,,,,12.1,0.6
Reporter,Al Ain University,United Arab Emirates,,,,,,,,,,,THE,,,,,,14.6,0.6
Reporter,Al Akhawayn University,Morocco,,,,,,,,,,,THE,,,,,,17,0.02
Reporter,Al al-Bayt University,Jordan,,,,,,,,,,,THE,,,,,,38.8,0.04
Reporter,Al-Ayen University,Iraq,,,,,,,,,,,THE,,,,,,25.6,0
Reporter,Al-Baha University,Saudi Arabia,,,,,,,,,,,THE,,,,,,14.1,0.02
Reporter,Al-Bayan University,Iraq,,,,,,,,,,,THE,,,,,,29.9,0
Reporter,Albaydha University,Yemen,,,,,,,,,,,THE,,,,,,5.1,0
Reporter,Al-Esraa University College,Iraq,,,,,,,,,,,THE,,,,,,26.7,0
Reporter,Alex Ekwueme Federal University Ndufu-Alike,Nigeria,,,,,,,,,,,THE,,,,,,19.4,0
Reporter,Al-Farabi University College,Iraq,,,,,,,,,,,THE,,,,,,21.8,0
Reporter,Al-Furat Al-Awsat Technical University,Iraq,,,,,,,,,,,THE,,,,,,40.8,0
Reporter,University of Algiers 1,Algeria,,,,,,,,,,,THE,,,,,,17.2,0
Reporter,Algiers 2 University,Algeria,,,,,,,,,,,THE,,,,,,31.1,0
Reporter,University of Algiers 3,Algeria,,,,,,,,,,,THE,,,,,,35.5,0
Reporter,University of Al-Hamdaniya,Iraq,,,,,,,,,,,THE,,,,,,20.2,0
Reporter,Al-Hussein Bin Talal University,Jordan,,,,,,,,,,,THE,,,,,,26.9,0.01
Reporter,Alisher Navoâ€™i Tashkent State University of Uzbek Language and Literature,Uzbekistan,,,,,,,,,,,THE,,,,,,13,0.07
Reporter,Al-Janad University for Science and Technology,Yemen,,,,,,,,,,,THE,,,,,,68.8,0
Reporter,University of Alkafeel,Iraq,,,,,,,,,,,THE,,,,,,17.6,0
Reporter,Al-Karkh University of Science,Iraq,,,,,,,,,,,THE,,,,,,9,0
Reporter,Al-Kitab University,Iraq,,,,,,,,,,,THE,,,,,,20.3,0
Reporter,AlMaarefa University,Saudi Arabia,,,,,,,,,,,THE,,,,,,19,0.19
Reporter,Al-Maarif University College,Iraq,,,,,,,,,,,THE,,,,,,17.6,0.01
Reporter,Al-Manara College for Medical Sciences,Iraq,,,,,,,,,,,THE,,,,,,22.7,0
Reporter,Almaty Technological University,Kazakhstan,,,,,,,,,,,THE,,,,,,6.3,0.06
Reporter,Almazov National Medical Research Centre,Russian Federation,,,,,,,,,,,THE,,,,,,5.1,0.02
Reporter,Al-Mustaqbal University,Iraq,,,,,,,,,,,THE,,,,,,19.8,0
Reporter,Al-Muthanna University,Iraq,,,,,,,,,,,THE,,,,,,23.5,0
Reporter,Al-Nisour University College,Iraq,,,,,,,,,,,THE,,,,,,16.2,0.02
Reporter,Al-Noor University College,Iraq,,,,,,,,,,,THE,,,,,,23.5,0
Reporter,Al-Qalam University College,Iraq,,,,,,,,,,,THE,,,,,,28.2,0
Reporter,Al-Qasim Green University,Iraq,,,,,,,,,,,THE,,,,,,7.3,0
Reporter,Al-Quds University,Palestine,,,,,,,,,,,THE,,,,,,13.4,0.26
Reporter,Al-Rafidain University College,Iraq,,,,,,,,,,,THE,,,,,,37.3,0
Reporter,Al Safwa University College,Iraq,,,,,,,,,,,THE,,,,,,23.5,0
Reporter,AltÄ±nbaÅŸ University,Turkey,,,,,,,,,,,THE,,,,,,20.8,0.51
Reporter,Altoosi University College,Iraq,,,,,,,,,,,THE,,,,,,29.7,0
Reporter,Al Turath University,Iraq,,,,,,,,,,,THE,,,,,,39.4,0
Reporter,Al-Zaytoonah University of Jordan,Jordan,,,,,,,,,,,THE,,,,,,27.7,0.29
Reporter,American University in the Emirates (AUE),United Arab Emirates,,,,,,,,,,,THE,,,,,,16.6,0.44
Reporter,American University in Dubai,United Arab Emirates,,,,,,,,,,,THE,,,,,,14.8,0.75
Reporter,American International University â€“ Bangladesh,Bangladesh,,,,,,,,,,,THE,,,,,,23.1,0
Reporter,American University of Madaba,Jordan,,,,,,,,,,,THE,,,,,,19,0.25
Reporter,American University of Ras Al Khaimah,United Arab Emirates,,,,,,,,,,,THE,,,,,,10.2,0.57
Reporter,"Amity University, Chhattisgarh",India,,,,,,,,,,,THE,,,,,,25.5,0
Reporter,"Amity University, Gurugram",India,,,,,,,,,,,THE,,,,,,17,0.01
Reporter,"Amity University, Gwalior",India,,,,,,,,,,,THE,,,,,,6.8,0
Reporter,"Amity University Rajasthan, Jaipur",India,,,,,,,,,,,THE,,,,,,14.5,0
Reporter,"Amity University, Mumbai",India,,,,,,,,,,,THE,,,,,,25.3,0.09
Reporter,AnÃ¡huac University,Mexico,,,,,,,,,,,THE,,,,,,8.4,0.04
Reporter,Andijan Machine-Building Institute,Uzbekistan,,,,,,,,,,,THE,,,,,,16.5,0.02
Reporter,Andijan State University,Uzbekistan,,,,,,,,,,,THE,,,,,,23.2,0
Reporter,Andijan State Medical Institute,Uzbekistan,,,,,,,,,,,THE,,,,,,10,0.05
Reporter,Andijan State Pedagogical Institute (ASPI),Uzbekistan,,,,,,,,,,,THE,,,,,,39.9,0
Reporter,AndrÃ©s Bello Catholic University (UCAB),Venezuela,,,,,,,,,,,THE,,,,,,18.4,0.02
Reporter,Anglo-American University,Czech Republic,,,,,,,,,,,THE,,,,,,13.1,0.82
Reporter,Ankara Science University,Turkey,,,,,,,,,,,THE,,,,,,5.1,0.07
Reporter,Applied Science Private University,Jordan,,,,,,,,,,,THE,,,,,,18.6,0.29
Reporter,Arab American University,Palestine,,,,,,,,,,,THE,,,,,,26.7,0.36
Reporter,Arabian Gulf University,Bahrain,,,,,,,,,,,THE,,,,,,6.9,0.74
Reporter,Arab Open University,Kuwait,,,,,,,,,,,THE,,,,,,75,0.35
Reporter,Arkin University of Creative Arts and Design (ARUCAD),Northern Cyprus,,,,,,,,,,,THE,,,,,,5.7,0.37
Reporter,Armenian State Pedagogical University,Armenia,,,,,,,,,,,THE,,,,,,9.2,0.02
Reporter,Arts University Bournemouth,United Kingdom,,,,,,,,,,,THE,,,,,,14.2,0.21
Reporter,University of the Arts London,United Kingdom,,,,,,,,,,,THE,,,,,,11.9,0.59
Reporter,Arts University Plymouth,United Kingdom,,,,,,,,,,,THE,,,,,,11.6,0.08
Reporter,Arturo Prat University,Chile,,,,,,,,,,,THE,,,,,,22.9,0.07
Reporter,Asahi University,Japan,,,,,,,,,,,THE,,,,,,8.7,0.05
Reporter,Asfendiyarov Kazakh National Medical University,Kazakhstan,,,,,,,,,,,THE,,,,,,8.2,0.22
Reporter,Ashikaga University,Japan,,,,,,,,,,,THE,,,,,,21.2,0.17
Reporter,Ashur University,Iraq,,,,,,,,,,,THE,,,,,,11.1,0
Reporter,Atyrau University,Kazakhstan,,,,,,,,,,,THE,,,,,,18,0.02
Reporter,Audencia,France,,,,,,,,,,,THE,,,,,,50.6,0.37
Reporter,Austral University,Argentina,,,,,,,,,,,THE,,,,,,8.5,0.08
Reporter,Autonomous University of Chiapas,Mexico,,,,,,,,,,,THE,,,,,,45.7,0
Reporter,Azerbaijan University of Architecture and Construction,Azerbaijan,,,,,,,,,,,THE,,,,,,15.2,0.04
Reporter,Azerbaijan State University of Economics,Azerbaijan,,,,,,,,,,,THE,,,,,,10.4,0.03
Reporter,Babcock University,Nigeria,,,,,,,,,,,THE,,,,,,19.8,0.01
Reporter,"Bacha Khan University, Charsadda",Pakistan,,,,,,,,,,,THE,,,,,,20.5,0
Reporter,Badr University in Cairo (BUC),Egypt,,,,,,,,,,,THE,,,,,,17.8,0.02
Reporter,Bakrie University,Indonesia,,,,,,,,,,,THE,,,,,,36.8,0
Reporter,University of Balochistan,Pakistan,,,,,,,,,,,THE,,,,,,48.1,0
Reporter,"Balochistan University of Information Technology, Engineering and Management Sciences (BUITEMS)",Pakistan,,,,,,,,,,,THE,,,,,,19.1,0
Reporter,"University of Baltistan, Skardu",Pakistan,,,,,,,,,,,THE,,,,,,29.5,0
Reporter,Bandirma Onyedi EylÃ¼l University,Turkey,,,,,,,,,,,THE,,,,,,31.8,0.07
Reporter,Bangabandhu Sheikh Mujibur Rahman Agricultural University,Bangladesh,,,,,,,,,,,THE,,,,,,8,0.03
Reporter,Barawa International University,Somalia,,,,,,,,,,,THE,,,,,,35.3,0.03
Reporter,Bashkir State Medical University,Russian Federation,,,,,,,,,,,THE,,,,,,10.2,0.28
Reporter,Bath Spa University,United Kingdom,,,,,,,,,,,THE,,,,,,16.4,0.14
Reporter,University of Batna 1,Algeria,,,,,,,,,,,THE,,,,,,27.8,0
Reporter,Bayburt University,Turkey,,,,,,,,,,,THE,,,,,,30.8,0.01
Reporter,Baze University,Nigeria,,,,,,,,,,,THE,,,,,,11.3,0
Reporter,Belarusian State University of Informatics and Radioelectronics,Belarus,,,,,,,,,,,THE,,,,,,13.6,0.05
Reporter,Belarusian State Medical University,Belarus,,,,,,,,,,,THE,,,,,,6.3,0.28
Reporter,Bells University of Technology,Nigeria,,,,,,,,,,,THE,,,,,,9.7,0
Reporter,University of Benghazi,Libya,,,,,,,,,,,THE,,,,,,16.5,0.02
Reporter,Benson Idahosa University,Nigeria,,,,,,,,,,,THE,,,,,,16.4,0
Reporter,Beykent University,Turkey,,,,,,,,,,,THE,,,,,,25.4,0.05
Reporter,Bilad Alrafidain University College,Iraq,,,,,,,,,,,THE,,,,,,31.8,0
Reporter,Birmingham Newman University,United Kingdom,,,,,,,,,,,THE,,,,,,19.8,0.1
Reporter,Biruni University,Turkey,,,,,,,,,,,THE,,,,,,20.5,0.13
Reporter,University of Bisha,Saudi Arabia,,,,,,,,,,,THE,,,,,,12,0.01
Reporter,Bishop Grosseteste University,United Kingdom,,,,,,,,,,,THE,,,,,,21.2,0.04
Reporter,University of BogotÃ¡ Jorge Tadeo Lozano,Colombia,,,,,,,,,,,THE,,,,,,17.6,0.01
Reporter,Bohdan Khmelnytsky National University of Cherkasy,Ukraine,,,,,,,,,,,THE,,,,,,10.4,0.01
Reporter,University of Bolton,United Kingdom,,,,,,,,,,,THE,,,,,,16.8,0.38
Reporter,The British University in Dubai,United Arab Emirates,,,,,,,,,,,THE,,,,,,11.7,0.6
Reporter,Buckinghamshire New University,United Kingdom,,,,,,,,,,,THE,,,,,,15.3,0.3
Reporter,Bukhara Engineering Technological Institute,Uzbekistan,,,,,,,,,,,THE,,,,,,24.3,0
Reporter,Bukhara State University,Uzbekistan,,,,,,,,,,,THE,,,,,,20.7,0.02
Reporter,Bukhara State Medical Institute,Uzbekistan,,,,,,,,,,,THE,,,,,,6.8,0.09
Reporter,Bukkyo University,Japan,,,,,,,,,,,THE,,,,,,26.6,0.01
Reporter,Buriram Rajabhat University,Thailand,,,,,,,,,,,THE,,,,,,29.4,0.01
Reporter,Ã‡aÄŸ University,Turkey,,,,,,,,,,,THE,,,,,,18.8,0
Reporter,Universidad Camilo JosÃ© Cela,Spain,,,,,,,,,,,THE,,,,,,21.9,0.06
Reporter,Canadian International College (CIC) â€“ Cairo,Egypt,,,,,,,,,,,THE,,,,,,42.9,0.01
Reporter,Universidad de Carabobo,Venezuela,,,,,,,,,,,THE,,,,,,17.1,0
Reporter,Catholic University of Ãvila,Spain,,,,,,,,,,,THE,,,,,,7.7,0.03
Reporter,Catholic University in Erbil,Iraq,,,,,,,,,,,THE,,,,,,4.8,0.04
Reporter,Universidad CatÃ³lica de Colombia,Colombia,,,,,,,,,,,THE,,,,,,20.3,0.01
Reporter,Universidad CatÃ³lica de Cuenca,Ecuador,,,,,,,,,,,THE,,,,,,10.6,0.03
Reporter,Universidad CatÃ³lica San Pablo,Peru,,,,,,,,,,,THE,,,,,,33,0.01
Reporter,Caucasus International University,Georgia,,,,,,,,,,,THE,,,,,,12,0.44
Reporter,CBS International Business School,Germany,,,,,,,,,,,THE,,,,,,37.2,0.33
Reporter,Cebu Technological University,Philippines,,,,,,,,,,,THE,,,,,,39.6,0
Reporter,CECOS University of IT and Emerging Sciences,Pakistan,,,,,,,,,,,THE,,,,,,16,0
Reporter,University of Celaya,Mexico,,,,,,,,,,,THE,,,,,,11,0.05
Reporter,University Center Ali Kafi Tindouf,Algeria,,,,,,,,,,,THE,,,,,,16.6,0.04
Reporter,University Center of Illizi,Algeria,,,,,,,,,,,THE,,,,,,44.6,0
Reporter,University Center Morsli Abdellah of Tipaza,Algeria,,,,,,,,,,,THE,,,,,,36.3,0
Reporter,University Center of Barika,Algeria,,,,,,,,,,,THE,,,,,,25.9,0
Reporter,Central European University,Austria,,,,,,,,,,,THE,,,,,,7.4,0.97
Reporter,Central Luzon State University,Philippines,,,,,,,,,,,THE,,,,,,22.3,0
Reporter,University of Central Punjab,Pakistan,,,,,,,,,,,THE,,,,,,25.6,0
Reporter,Centro de Estudios para la Calidad Educativa y la InvestigaciÃ³n CientÃ­fica (CECEIC),Mexico,,,,,,,,,,,THE,,,,,,6.2,0.15
Reporter,Centro UniversitÃ¡rio Cesuca,Brazil,,,,,,,,,,,THE,,,,,,25.5,0
Reporter,Centurion University of Technology and Management,India,,,,,,,,,,,THE,,,,,,16.4,0.04
Reporter,Universidad CÃ©sar Vallejo,Peru,,,,,,,,,,,THE,,,,,,70.6,0.02
Reporter,CETYS Universidad,Mexico,,,,,,,,,,,THE,,,,,,10.2,0.15
Reporter,Charisma University,Turks and Caicos Islands,,,,,,,,,,,THE,,,,,,4.2,0.86
Reporter,Chernihiv Polytechnic National University,Ukraine,,,,,,,,,,,THE,,,,,,20.3,0
Reporter,Chettinad Academy of Research and Education,India,,,,,,,,,,,THE,,,,,,8.9,0.02
Reporter,University of Chichester,United Kingdom,,,,,,,,,,,THE,,,,,,15,0.08
Reporter,Chinhoyi University of Technology,Zimbabwe,,,,,,,,,,,THE,,,,,,46.5,0
Reporter,Chitkara University,India,,,,,,,,,,,THE,,,,,,14.4,0.04
Reporter,Universidad CientÃ­fica del Sur,Peru,,,,,,,,,,,THE,,,,,,10.8,0.01
Reporter,Cihan University â€“ Erbil,Iraq,,,,,,,,,,,THE,,,,,,23.5,0.02
Reporter,Cihan University Sulaimaniya,Iraq,,,,,,,,,,,THE,,,,,,10.5,0.07
Reporter,"City University of Science and Information Technology, Peshawar",Pakistan,,,,,,,,,,,THE,,,,,,21.7,0.02
Reporter,Civil Aviation Academy,Kazakhstan,,,,,,,,,,,THE,,,,,,17.5,0.02
Reporter,University of Civil Protection,Belarus,,,,,,,,,,,THE,,,,,,3.9,0.12
Reporter,Conservatoire for Dance and Drama,United Kingdom,,,,,,,,,,,THE,,,,,,11.8,0.36
Reporter,University of Constantine 3,Algeria,,,,,,,,,,,THE,,,,,,16.9,0.02
Reporter,Courtauld Institute of Art,United Kingdom,,,,,,,,,,,THE,,,,,,15,0.45
Reporter,Cranfield University,United Kingdom,,,,,,,,,,,THE,,,,,,7.7,0.63
Reporter,University for the Creative Arts,United Kingdom,,,,,,,,,,,THE,,,,,,18.1,0.4
Reporter,University of Cumbria,United Kingdom,,,,,,,,,,,THE,,,,,,17.7,0.11
Reporter,University of Cyberjaya,Malaysia,,,,,,,,,,,THE,,,,,,17.3,0.22
Reporter,Cyprus Health and Social Sciences University,Northern Cyprus,,,,,,,,,,,THE,,,,,,19.5,0.73
Reporter,Daffodil International University (DIU),Bangladesh,,,,,,,,,,,THE,,,,,,22,0.05
Reporter,Daneshpajoohan Pishro Higher Education Institute,Iran,,,,,,,,,,,THE,,,,,,43.7,0
Reporter,Dawood University of Engineering and Technology,Pakistan,,,,,,,,,,,THE,,,,,,11.5,0
Reporter,Debre Tabor University,Ethiopia,,,,,,,,,,,THE,,,,,,13.8,0
Reporter,Delta University for Science and Technology,Egypt,,,,,,,,,,,THE,,,,,,16.6,0
Reporter,"Delta State University, Abraka",Nigeria,,,,,,,,,,,THE,,,,,,34.7,0
Reporter,Denau Institute of Entrepreneurship and Pedagogy,Uzbekistan,,,,,,,,,,,THE,,,,,,21.5,0
Reporter,Dhaka International University,Bangladesh,,,,,,,,,,,THE,,,,,,27.8,0.08
Reporter,DHA Suffa University,Pakistan,,,,,,,,,,,THE,,,,,,21.4,0
Reporter,Dhofar University,Oman,,,,,,,,,,,THE,,,,,,17.4,0.07
Reporter,University of Djilali Bounaama Khemis Miliana,Algeria,,,,,,,,,,,THE,,,,,,27.6,0
Reporter,Don Bosco University,India,,,,,,,,,,,THE,,,,,,14.9,0
Reporter,Donetsk National University of Economics and Trade named after Mykhailo Tuhan-Baranovsky (DonNUET),Ukraine,,,,,,,,,,,THE,,,,,,12.4,0.01
Reporter,Dovletmammet Azadi Turkmen National Institute of World Languages,Turkmenistan,,,,,,,,,,,THE,,,,,,13.3,0
Reporter,"Dr D. Y. Patil Vidyapeeth, Pune",India,,,,,,,,,,,THE,,,,,,7.2,0
Reporter,Dr. M.G.R. Educational and Research Institute,India,,,,,,,,,,,THE,,,,,,15,0
Reporter,D. Serikbayev East Kazakhstan Technical University,Kazakhstan,,,,,,,,,,,THE,,,,,,14.4,0.03
Reporter,University of Dubai,United Arab Emirates,,,,,,,,,,,THE,,,,,,21,0.24
Reporter,University of Duhok,Iraq,,,,,,,,,,,THE,,,,,,12.8,0.01
Reporter,Dulaty University,Kazakhstan,,,,,,,,,,,THE,,,,,,11.6,0.15
Reporter,EAE Business School,Spain,,,,,,,,,,,THE,,,,,,7.2,0.48
Reporter,EAN University,Colombia,,,,,,,,,,,THE,,,,,,22,0.01
Reporter,University of Eastern Philippines,Philippines,,,,,,,,,,,THE,,,,,,42.4,0
Reporter,Ã‰cole Nationale Polytechnique,Algeria,,,,,,,,,,,THE,,,,,,10.2,0
Reporter,Ã‰cole Nationale Polytechnique dâ€™Oran Maurice Audin,Algeria,,,,,,,,,,,THE,,,,,,12.8,0
Reporter,Ã‰cole Nationale SupÃ©rieure Agronomique,Algeria,,,,,,,,,,,THE,,,,,,7.6,0
Reporter,"Ã‰cole Nationale SupÃ©rieure Agronomique, Algiers",Algeria,,,,,,,,,,,THE,,,,,,11.7,0
Reporter,Ã‰cole Nationale SupÃ©rieure de Biotechnologie Taoufik Khaznadar (ENSB),Algeria,,,,,,,,,,,THE,,,,,,15.1,0
Reporter,Ã‰cole Nationale SupÃ©rieure dâ€™Informatique (ESI),Algeria,,,,,,,,,,,THE,,,,,,9.8,0
Reporter,Ã‰cole Nationale SupÃ©rieure de Management KolÃ©a,Algeria,,,,,,,,,,,THE,,,,,,16.4,0
Reporter,Ã‰cole Nationale SupÃ©rieure des Sciences de la Mer et de lâ€™AmÃ©nagement du Littoral (ENSSMAL),Algeria,,,,,,,,,,,THE,,,,,,12,0
Reporter,Ã‰cole Nationale SupÃ©rieure VÃ©tÃ©rinaire dâ€™Alger,Algeria,,,,,,,,,,,THE,,,,,,8.5,0
Reporter,Ã‰cole National Polytechnique de Constantine,Algeria,,,,,,,,,,,THE,,,,,,13.4,0
Reporter,Ã‰cole Normale SupÃ©rieure de BÃ©char,Algeria,,,,,,,,,,,THE,,,,,,6.5,0
Reporter,Ã‰cole Normale SupÃ©rieure de BouzarÃ©ah,Algeria,,,,,,,,,,,THE,,,,,,15.1,0
Reporter,Ã‰cole Normale SupÃ©rieure El Katiba Assia Djebar Constantine (ENSC),Algeria,,,,,,,,,,,THE,,,,,,14.3,0
Reporter,Ã‰cole Normale SupÃ©rieure de Kouba,Algeria,,,,,,,,,,,THE,,,,,,10.1,0
Reporter,Ã‰cole Normale SupÃ©rieure de Laghouat,Algeria,,,,,,,,,,,THE,,,,,,17.4,0
Reporter,Ã‰cole Normale SupÃ©rieure dâ€™Oran,Algeria,,,,,,,,,,,THE,,,,,,10.6,%
Reporter,Ã‰cole Polytechnique dâ€™Architecture et dâ€™Urbanisme,Algeria,,,,,,,,,,,THE,,,,,,10.3,0
Reporter,Ã‰cole SupÃ©rieure de ComptabilitÃ© et de Finances de Constantine,Algeria,,,,,,,,,,,THE,,,,,,15.1,0
Reporter,Ã‰cole SupÃ©rieure en Informatique 8 Mai 1945 de Sidi-Bel-AbbÃ¨s,Algeria,,,,,,,,,,,THE,,,,,,17.6,0
Reporter,Ã‰cole SupÃ©rieure en Sciences AppliquÃ©es de Tlemcen,Algeria,,,,,,,,,,,THE,,,,,,8.8,0
Reporter,Ã‰cole SupÃ©rieure en Sciences Biologiques dâ€™Oran (ESSBO),Algeria,,,,,,,,,,,THE,,,,,,14.1,0
Reporter,Ã‰cole SupÃ©rieure en Sciences et Technologies de lâ€™Informatique et du NumÃ©rique (ESTIN),Algeria,,,,,,,,,,,THE,,,,,,17.3,0
Reporter,University of Economics â€“ Varna,Bulgaria,,,,,,,,,,,THE,,,,,,36.4,0.04
Reporter,Edo State University Uzairue,Nigeria,,,,,,,,,,,THE,,,,,,15.4,0
Reporter,Edwin Clark University,Nigeria,,,,,,,,,,,THE,,,,,,9.9,0
Reporter,Effat University,Saudi Arabia,,,,,,,,,,,THE,,,,,,11.6,0.34
Reporter,Egerton University,Kenya,,,,,,,,,,,THE,,,,,,55.1,0.01
Reporter,Egyptian Russian University,Egypt,,,,,,,,,,,THE,,,,,,13,0.02
Reporter,Elizade University,Nigeria,,,,,,,,,,,THE,,,,,,9.6,0
Reporter,University of El Oued,Algeria,,,,,,,,,,,THE,,,,,,33.3,0
Reporter,Emir Abdelkader University of Islamic Sciences,Algeria,,,,,,,,,,,THE,,,,,,19.6,0
Reporter,"Institute of Engineering, Technical and Transport Communications of Turkmenistan",Turkmenistan,,,,,,,,,,,THE,,,,,,14.2,0.01
Reporter,Escola Superior de Enfermagem do Porto (ESEP),Portugal,,,,,,,,,,,THE,,,,,,9.4,0
Reporter,Escuela Superior PolitÃ©cnica de Chimborazo,Ecuador,,,,,,,,,,,THE,,,,,,21.4,0
Reporter,ESIC University,Spain,,,,,,,,,,,THE,,,,,,19.6,0.1
Reporter,EskiÅŸehir Technical University,Turkey,,,,,,,,,,,THE,,,,,,21.6,0.02
Reporter,Universidade Estadual do MaranhÃ£o,Brazil,,,,,,,,,,,THE,,,,,,16,0
Reporter,Universidade Estadual do Norte do ParanÃ¡ (UENP),Brazil,,,,,,,,,,,THE,,,,,,7.5,0
Reporter,European University,Georgia,,,,,,,,,,,THE,,,,,,1.6,0.73
Reporter,European University of Armenia,Armenia,,,,,,,,,,,THE,,,,,,8.4,0.07
Reporter,European University Cyprus,Cyprus,,,,,,,,,,,THE,,,,,,19.5,0.54
Reporter,European University of Tunis,Tunisia,,,,,,,,,,,THE,,,,,,3.9,0.15
Reporter,"Evangel University, Akaeze",Nigeria,,,,,,,,,,,THE,,,,,,7.7,0
Reporter,Falmouth University,United Kingdom,,,,,,,,,,,THE,,,,,,16.6,0.13
Reporter,Federal University of Kashere,Nigeria,,,,,,,,,,,THE,,,,,,21.5,0
Reporter,Federal University of Latin American Integration (UNILA),Brazil,,,,,,,,,,,THE,,,,,,16.1,0.32
Reporter,Federal University of ParaÃ­Â­ba (UFPB),Brazil,,,,,,,,,,,THE,,,,,,13.9,0
Reporter,"Federal University of Petroleum Resources, Effurun",Nigeria,,,,,,,,,,,THE,,,,,,40,0
Reporter,"Federal University of Technology, Minna",Nigeria,,,,,,,,,,,THE,,,,,,25.7,0
Reporter,"Federal University of Technology, Owerri",Nigeria,,,,,,,,,,,THE,,,,,,19.2,0
Reporter,Fergana Medical Institute of Public Health,Uzbekistan,,,,,,,,,,,THE,,,,,,15.8,0.02
Reporter,Fergana Polytechnic Institute,Uzbekistan,,,,,,,,,,,THE,,,,,,25.1,0
Reporter,Fergana State University,Uzbekistan,,,,,,,,,,,THE,,,,,,20,0.01
Reporter,Finis Terrae University,Chile,,,,,,,,,,,THE,,,,,,8.4,0.02
Reporter,Forman Christian College,Pakistan,,,,,,,,,,,THE,,,,,,18.3,0
Reporter,Fountain University,Nigeria,,,,,,,,,,,THE,,,,,,10.7,0
Reporter,University of Franca,Brazil,,,,,,,,,,,THE,,,,,,107.3,0
Reporter,Francisk Skorina Gomel State University,Belarus,,,,,,,,,,,THE,,,,,,11.2,0.11
Reporter,Fukushima University,Japan,,,,,,,,,,,THE,,,,,,8.3,0.02
Reporter,Future University in Egypt,Egypt,,,,,,,,,,,THE,,,,,,9.9,0.11
Reporter,University of Gafsa,Tunisia,,,,,,,,,,,THE,,,,,,15.4,0
Reporter,Gangadhar Meher University,India,,,,,,,,,,,THE,,,,,,63,0
Reporter,University of Garmian,Iraq,,,,,,,,,,,THE,,,,,,9.9,0
Reporter,General Sir John Kotelawala Defence University,Sri Lanka,,,,,,,,,,,THE,,,,,,16.7,0.02
Reporter,University of Ghardaia,Algeria,,,,,,,,,,,THE,,,,,,29.5,0
Reporter,Ghulam Ishaq Khan Institute of Engineering Sciences and Technology,Pakistan,,,,,,,,,,,THE,,,,,,18.7,0
Reporter,Glasgow School of Art,United Kingdom,,,,,,,,,,,THE,,,,,,15.6,0.41
Reporter,Gomel State Medical University,Belarus,,,,,,,,,,,THE,,,,,,8.3,0.24
Reporter,The Government Sadiq College Women University Bahawalpur,Pakistan,,,,,,,,,,,THE,,,,,,68.8,0
Reporter,Government College Women University Faisalabad,Pakistan,,,,,,,,,,,THE,,,,,,56.3,0
Reporter,"Government College Women University, Sialkot",Pakistan,,,,,,,,,,,THE,,,,,,36,0
Reporter,"The Graduate University for Advanced Studies, SOKENDAI",Japan,,,,,,,,,,,THE,,,,,,0.5,0.29
Reporter,Guildhall School of Music and Drama,United Kingdom,,,,,,,,,,,THE,,,,,,5,0.35
Reporter,Gulf College,Oman,,,,,,,,,,,THE,,,,,,26.1,0.03
Reporter,Gulf Medical University,United Arab Emirates,,,,,,,,,,,THE,,,,,,12.7,0.9
Reporter,Gulistan State University,Uzbekistan,,,,,,,,,,,THE,,,,,,27.8,0
Reporter,University of Hafr Al Batin,Saudi Arabia,,,,,,,,,,,THE,,,,,,20.2,0.03
Reporter,Hagoromo University of International Studies,Japan,,,,,,,,,,,THE,,,,,,23.7,0.17
Reporter,Hakuoh University,Japan,,,,,,,,,,,THE,,,,,,44.2,0.01
Reporter,HaliÃ§ University,Turkey,,,,,,,,,,,THE,,,,,,24.2,0.19
Reporter,HÃ¤me University of Applied Sciences,Finland,,,,,,,,,,,THE,,,,,,34.2,0.07
Reporter,Hanseo University,South Korea,,,,,,,,,,,THE,,,,,,25,0.06
Reporter,Harper Adams University,United Kingdom,,,,,,,,,,,THE,,,,,,13.1,0.1
Reporter,Hartpury University,United Kingdom,,,,,,,,,,,THE,,,,,,18,0.11
Reporter,Hawler Medical University,Iraq,,,,,,,,,,,THE,,,,,,7.5,0.01
Reporter,University of Health Sciences Lahore,Pakistan,,,,,,,,,,,THE,,,,,,6.4,0.01
Reporter,"University of Health Sciences, Turkey",Turkey,,,,,,,,,,,THE,,,,,,7.5,0.08
Reporter,School of Higher Commercial Studies (EHEC Algiers),Algeria,,,,,,,,,,,THE,,,,,,13.2,0
Reporter,"Higher National School of Renewable Energies, Environment and Sustainable Development",Algeria,,,,,,,,,,,THE,,,,,,26.6,0
Reporter,Higher School of Management and Digital Economy (HSMDE),Algeria,,,,,,,,,,,THE,,,,,,16.4,0
Reporter,Higher School of Agronomy â€“ Mostaganem (ESAM),Algeria,,,,,,,,,,,THE,,,,,,14.2,0
Reporter,Higher School of Management â€“ Tlemcen,Algeria,,,,,,,,,,,THE,,,,,,12,0
Reporter,University of the Highlands and Islands,United Kingdom,,,,,,,,,,,THE,,,,,,139,0.12
Reporter,Hilla University College,Iraq,,,,,,,,,,,THE,,,,,,17.6,0
Reporter,Hiroshima International University,Japan,,,,,,,,,,,THE,,,,,,15.1,0.01
Reporter,Hiroshima Shudo University,Japan,,,,,,,,,,,THE,,,,,,22.2,0.01
Reporter,Hiroshima Institute of Technology,Japan,,,,,,,,,,,THE,,,,,,25.9,0
Reporter,Hitotsubashi University,Japan,,,,,,,,,,,THE,,,,,,16,0.13
Reporter,Ho Chi Minh City Open University,Vietnam,,,,,,,,,,,THE,,,,,,54,0
Reporter,Hodeida University,Yemen,,,,,,,,,,,THE,,,,,,22,0
Reporter,Hokkaido University of Science,Japan,,,,,,,,,,,THE,,,,,,20.1,0
Reporter,University of Home Economics Lahore,Pakistan,,,,,,,,,,,THE,,,,,,15,0
Reporter,Ho Technical University,Ghana,,,,,,,,,,,THE,,,,,,17.8,0
Reporter,Hryhorii Skovoroda University in Pereiaslav,Ukraine,,,,,,,,,,,THE,,,,,,13.6,0
Reporter,University of Human Development,Iraq,,,,,,,,,,,THE,,,,,,20.1,0.03
Reporter,Humboldt State University,United States,,,,,,,,,,,THE,,,,,,14.8,0.01
Reporter,Hyogo University of Teacher Education,Japan,,,,,,,,,,,THE,,,,,,10.2,0.02
Reporter,Ibn Khaldoun University,Algeria,,,,,,,,,,,THE,,,,,,29.6,0
Reporter,"ICFAI University, Dehradun",India,,,,,,,,,,,THE,,,,,,25.9,0
Reporter,IFHE Hyderabad,India,,,,,,,,,,,THE,,,,,,19.1,0
Reporter,Ilma University,Pakistan,,,,,,,,,,,THE,,,,,,21.1,0
Reporter,Imam Al-Kadhum College (IKC),Iraq,,,,,,,,,,,THE,,,,,,44.2,0
Reporter,IMT Mines AlÃ¨s,France,,,,,,,,,,,THE,,,,,,11.9,0.13
Reporter,"Independent University, Bangladesh",Bangladesh,,,,,,,,,,,THE,,,,,,31.6,0
Reporter,Indira Gandhi Delhi Technical University for Women,India,,,,,,,,,,,THE,,,,,,34.7,0
Reporter,Information Technology University of the Punjab,Pakistan,,,,,,,,,,,THE,,,,,,14.4,0
Reporter,Innopolis University,Russian Federation,,,,,,,,,,,THE,,,,,,17.1,0.33
Reporter,Institute of Cancer Research,United Kingdom,,,,,,,,,,,THE,,,,,,2.8,0.36
Reporter,Universidad Internacional del Ecuador,Ecuador,,,,,,,,,,,THE,,,,,,25.8,0.02
Reporter,International American University,United States,,,,,,,,,,,THE,,,,,,14.8,0.96
Reporter,International Christian University,Japan,,,,,,,,,,,THE,,,,,,12.1,0.13
Reporter,International Engineering and Technology University (METU),Kazakhstan,,,,,,,,,,,THE,,,,,,32.7,0.01
Reporter,International University for the Humanities and Development,Turkmenistan,,,,,,,,,,,THE,,,,,,17.7,0
Reporter,International IT University,Kazakhstan,,,,,,,,,,,THE,,,,,,14.9,0.01
Reporter,International University of Rabat,Morocco,,,,,,,,,,,THE,,,,,,31.3,0.04
Reporter,Institute of International Relations of the Ministry of Foreign Affairs of Turkmenistan,Turkmenistan,,,,,,,,,,,THE,,,,,,9.2,0
Reporter,Inter-State School of Veterinary Sciences and Medicine,Senegal,,,,,,,,,,,THE,,,,,,17.4,0.69
Reporter,Ionian University,Greece,,,,,,,,,,,THE,,,,,,40.7,0.02
Reporter,Ion Mincu University of Architecture and Urbanism,Romania,,,,,,,,,,,THE,,,,,,13,0.04
Reporter,Iqra University,Pakistan,,,,,,,,,,,THE,,,,,,13.6,0.01
Reporter,The Islamic University,Iraq,,,,,,,,,,,THE,,,,,,10.2,0.01
Reporter,Islamic University of Gaza,Palestine,,,,,,,,,,,THE,,,,,,45,0.01
Reporter,Islamic University of Madinah,Saudi Arabia,,,,,,,,,,,THE,,,,,,8.4,0.7
Reporter,Universitas Islam Sultan Agung,Indonesia,,,,,,,,,,,THE,,,,,,14.3,0
Reporter,Isra University,Jordan,,,,,,,,,,,THE,,,,,,19.6,0.18
Reporter,Israel Technological University,Ecuador,,,,,,,,,,,THE,,,,,,37.7,0.01
Reporter,Istanbul Arel University,Turkey,,,,,,,,,,,THE,,,,,,21.3,0.1
Reporter,Istanbul GeliÅŸim University,Turkey,,,,,,,,,,,THE,,,,,,39,0.13
Reporter,Istanbul KÃ¼ltÃ¼r University,Turkey,,,,,,,,,,,THE,,,,,,26,0.11
Reporter,Istanbul Okan University,Turkey,,,,,,,,,,,THE,,,,,,15.3,0.14
Reporter,IUBAT â€“ International University of Business Agriculture and Technology,Bangladesh,,,,,,,,,,,THE,,,,,,18.1,0.01
Reporter,Universita IULM,Italy,,,,,,,,,,,THE,,,,,,18.9,0.06
Reporter,Ivano Frankivsk National Technical University of Oil and Gas,Ukraine,,,,,,,,,,,THE,,,,,,17.3,0.03
Reporter,Jabir ibn Hayyan Medical University,Iraq,,,,,,,,,,,THE,,,,,,15.3,0
Reporter,Jadara University,Jordan,,,,,,,,,,,THE,,,,,,19.8,0.17
Reporter,Japan Advanced Institute of Science and Technology (JAIST),Japan,,,,,,,,,,,THE,,,,,,7.3,0.41
Reporter,Japan University of Economics,Japan,,,,,,,,,,,THE,,,,,,27.9,0.56
Reporter,Jashore University of Science and Technology,Bangladesh,,,,,,,,,,,THE,,,,,,13.2,0
Reporter,University of Jendouba,Tunisia,,,,,,,,,,,THE,,,,,,16.6,0.01
Reporter,Jizzakh Polytechnic Institute,Uzbekistan,,,,,,,,,,,THE,,,,,,18.5,0
Reporter,Jizzakh State Pedagogical University,Uzbekistan,,,,,,,,,,,THE,,,,,,27.5,0
Reporter,John von Neumann University,Hungary,,,,,,,,,,,THE,,,,,,13.8,0
Reporter,Kabarak University,Kenya,,,,,,,,,,,THE,,,,,,40,0
Reporter,Kabardino-Balkarian State University,Russian Federation,,,,,,,,,,,THE,,,,,,19.7,0.14
Reporter,University of Kabianga,Kenya,,,,,,,,,,,THE,,,,,,39.1,0
Reporter,Kadir Has University,Turkey,,,,,,,,,,,THE,,,,,,24,0.04
Reporter,Kamianets-PodÑ–lskyi Ivan Ohiienko National University,Ukraine,,,,,,,,,,,THE,,,,,,7.6,0
Reporter,Karaganda Buketov University,Kazakhstan,,,,,,,,,,,THE,,,,,,9.1,0.07
Reporter,Karaganda University of Kazpotrebsoyuz,Kazakhstan,,,,,,,,,,,THE,,,,,,13.6,0.01
Reporter,Karakalpak State University,Uzbekistan,,,,,,,,,,,THE,,,,,,28.7,0.02
Reporter,Karshi Engineering Economics Institute,Uzbekistan,,,,,,,,,,,THE,,,,,,26.3,0
Reporter,Kazakh-British Technical University,Kazakhstan,,,,,,,,,,,THE,,,,,,27.6,0.02
Reporter,Kazakh National Pedagogical University Abai,Kazakhstan,,,,,,,,,,,THE,,,,,,16.1,0.03
Reporter,Kazakh National Womenâ€™s Teacher Training University,Kazakhstan,,,,,,,,,,,THE,,,,,,18.6,0.02
Reporter,Kazakhstan Medical University KSPH,Kazakhstan,,,,,,,,,,,THE,,,,,,2.9,0
Reporter,Kazan State Power Engineering University,Russian Federation,,,,,,,,,,,THE,,,,,,24.1,0.03
Reporter,Keisen University,Japan,,,,,,,,,,,THE,,,,,,26,0.05
Reporter,Kharkiv University of Humanities â€œPeopleâ€™s Ukrainian Academyâ€,Ukraine,,,,,,,,,,,THE,,,,,,7.4,0
Reporter,Kharkiv National Automobile and Highway University,Ukraine,,,,,,,,,,,THE,,,,,,14.6,0.1
Reporter,Kharkiv National University of Internal Affairs,Ukraine,,,,,,,,,,,THE,,,,,,13.8,0.04
Reporter,Khazar University,Azerbaijan,,,,,,,,,,,THE,,,,,,12.3,0.06
Reporter,Khulna University of Engineering and Technology (KUET),Bangladesh,,,,,,,,,,,THE,,,,,,15.5,0
Reporter,Khwaja Fareed University of Engineering and Information Technology,Pakistan,,,,,,,,,,,THE,,,,,,20.2,0
Reporter,Khyber Medical University,Pakistan,,,,,,,,,,,THE,,,,,,15.4,0.03
Reporter,Kimyo International University in Tashkent,Uzbekistan,,,,,,,,,,,THE,,,,,,17.3,0.13
Reporter,King Abdullah University of Science and Technology (KAUST),Saudi Arabia,,,,,,,,,,,THE,,,,,,8,0.67
Reporter,King Danylo University,Ukraine,,,,,,,,,,,THE,,,,,,9.1,0
Reporter,King Edward Medical University,Pakistan,,,,,,,,,,,THE,,,,,,13.7,0.02
Reporter,Kinnaird College for Women,Pakistan,,,,,,,,,,,THE,,,,,,18.3,0
Reporter,University of Kirkuk,Iraq,,,,,,,,,,,THE,,,,,,23.7,0
Reporter,Kitami Institute of Technology,Japan,,,,,,,,,,,THE,,,,,,14.6,0.05
Reporter,Knowledge University,Iraq,,,,,,,,,,,THE,,,,,,16.4,0.01
Reporter,Kobe Gakuin University,Japan,,,,,,,,,,,THE,,,,,,34.7,0.03
Reporter,Kocaeli Health and Technology University,Turkey,,,,,,,,,,,THE,,,,,,16.2,0.08
Reporter,Kohsar University Murree,Pakistan,,,,,,,,,,,THE,,,,,,24.5,0
Reporter,Kokshetau State University,Kazakhstan,,,,,,,,,,,THE,,,,,,9.1,0.05
Reporter,Kokugakuin University,Japan,,,,,,,,,,,THE,,,,,,40,0.01
Reporter,Konan University,Japan,,,,,,,,,,,THE,,,,,,23.3,0.01
Reporter,Konan Womenâ€™s University,Japan,,,,,,,,,,,THE,,,,,,23.7,0.01
Reporter,Koya University,Iraq,,,,,,,,,,,THE,,,,,,9.3,0.01
Reporter,KPR Institute of Engineering and Technology,India,,,,,,,,,,,THE,,,,,,12.2,0
Reporter,Kumasi Technical University,Ghana,,,,,,,,,,,THE,,,,,,41,0
Reporter,Kursk State Medical University,Russian Federation,,,,,,,,,,,THE,,,,,,12.1,0.31
Reporter,KÃ¼tahya Health Sciences University,Turkey,,,,,,,,,,,THE,,,,,,9.6,0.01
Reporter,Kutaisi University,Georgia,,,,,,,,,,,THE,,,,,,0.4,0.01
Reporter,Kuwait College of Science and Technology (KCST),Kuwait,,,,,,,,,,,THE,,,,,,25.3,0.04
Reporter,Kyiv National Economic University,Ukraine,,,,,,,,,,,THE,,,,,,11.2,0.01
Reporter,Kyoai Gakuen University,Japan,,,,,,,,,,,THE,,,,,,20.4,0.02
Reporter,Kyoto Koka Womenâ€™s University,Japan,,,,,,,,,,,THE,,,,,,18.3,%
Reporter,Kyoto Notre Dame University,Japan,,,,,,,,,,,THE,,,,,,8.5,0.04
Reporter,Kyrgyz-Turkish Manas University,Kyrgyzstan,,,,,,,,,,,THE,,,,,,15,0.11
Reporter,K. Zhubanov Aktobe Regional University,Kazakhstan,,,,,,,,,,,THE,,,,,,21.4,0.02
Reporter,Lahore Leads University,Pakistan,,,,,,,,,,,THE,,,,,,15.3,0
Reporter,Landmark University,Nigeria,,,,,,,,,,,THE,,,,,,12.9,0
Reporter,Larbi Tebessi University,Algeria,,,,,,,,,,,THE,,,,,,21.6,0
Reporter,La Salle University,Colombia,,,,,,,,,,,THE,,,,,,18.9,0.01
Reporter,University of Las AmÃ©ricas (UDLA),Ecuador,,,,,,,,,,,THE,,,,,,13.7,0.02
Reporter,Leeds Arts University,United Kingdom,,,,,,,,,,,THE,,,,,,15.9,0.12
Reporter,Leeds Conservatoire,United Kingdom,,,,,,,,,,,THE,,,,,,20.9,0.11
Reporter,Leeds Trinity University,United Kingdom,,,,,,,,,,,THE,,,,,,23.7,0.09
Reporter,Lesya Ukrainka Volyn National University,Ukraine,,,,,,,,,,,THE,,,,,,12.4,0.01
Reporter,Liaquat University of Medical and Health Sciences (LUMHS),Pakistan,,,,,,,,,,,THE,,,,,,10,0.04
Reporter,University of Liberal Arts Bangladesh,Bangladesh,,,,,,,,,,,THE,,,,,,19.4,0
Reporter,Lincoln University College,Malaysia,,,,,,,,,,,THE,,,,,,5.7,0.41
Reporter,Lira University,Uganda,,,,,,,,,,,THE,,,,,,14.3,0
Reporter,UniversitÃ© du Littoral CÃ´te dâ€™Opale,France,,,,,,,,,,,THE,,,,,,20.2,0.17
Reporter,Liverpool Hope University,United Kingdom,,,,,,,,,,,THE,,,,,,17.2,0.14
Reporter,Liverpool Institute for Performing Arts,United Kingdom,,,,,,,,,,,THE,,,,,,18.5,0.22
Reporter,Liverpool School of Tropical Medicine,United Kingdom,,,,,,,,,,,THE,,,,,,2.1,0.28
Reporter,The LNM Institute of Information Technology,India,,,,,,,,,,,THE,,,,,,19.1,0
Reporter,London Academy of Music and Dramatic Art (LAMDA),United Kingdom,,,,,,,,,,,THE,,,,,,6.8,0.4
Reporter,London Business School,United Kingdom,,,,,,,,,,,THE,,,,,,20.2,0.91
Reporter,London School of Hygiene and Tropical Medicine,United Kingdom,,,,,,,,,,,THE,,,,,,1.7,0.57
Reporter,London Metropolitan University,United Kingdom,,,,,,,,,,,THE,,,,,,25.5,0.5
Reporter,Lviv State University of Life Safety,Ukraine,,,,,,,,,,,THE,,,,,,12.3,0
Reporter,University of Magallanes,Chile,,,,,,,,,,,THE,,,,,,15.6,0.01
Reporter,Universidad del Magdalena,Colombia,,,,,,,,,,,THE,,,,,,31.8,0
Reporter,University Centre of Maghnia,Algeria,,,,,,,,,,,THE,,,,,,19.5,0
Reporter,Mahatma Jyotiba Phule Rohilkhand University,India,,,,,,,,,,,THE,,,,,,38.8,0
Reporter,Malawi University of Science and Technology (MUST),Malawi,,,,,,,,,,,THE,,,,,,12.4,0
Reporter,Management Development Institute (MDI),India,,,,,,,,,,,THE,,,,,,12.5,0
Reporter,Management & Science University (MSU),Malaysia,,,,,,,,,,,THE,,,,,,9,0.3
Reporter,Universidad Manuela BeltrÃ¡n,Colombia,,,,,,,,,,,THE,,,,,,30.6,0
Reporter,MapÃºa University,Philippines,,,,,,,,,,,THE,,,,,,32.3,0.01
Reporter,Margulan University,Kazakhstan,,,,,,,,,,,THE,,,,,,22.8,0.02
Reporter,Mariano Marcos State University,Philippines,,,,,,,,,,,THE,,,,,,24.8,0
Reporter,Maritime University of Szczecin,Poland,,,,,,,,,,,THE,,,,,,24.2,0.13
Reporter,University of Mataram,Indonesia,,,,,,,,,,,THE,,,,,,24,0
Reporter,M. Auezov South Kazakhstan University,Kazakhstan,,,,,,,,,,,THE,,,,,,6.3,0.12
Reporter,Universidad Mayor de San SimÃ³n,Bolivia,,,,,,,,,,,THE,,,,,,182,0
Reporter,University of Medea,Algeria,,,,,,,,,,,THE,,,,,,25.9,0
Reporter,University of MedellÃ­n,Colombia,,,,,,,,,,,THE,,,,,,16.9,0.02
Reporter,Medizinische Hochschule Hannover,Germany,,,,,,,,,,,THE,,,,,,8.3,0.14
Reporter,Meikai University,Japan,,,,,,,,,,,THE,,,,,,17.8,0.16
Reporter,Universitas Mercu Buana,Indonesia,,,,,,,,,,,THE,,,,,,23.9,0
Reporter,Middle East University,Jordan,,,,,,,,,,,THE,,,,,,20.2,0.27
Reporter,Mindanao State University â€“ Iligan Institute of Technology,Philippines,,,,,,,,,,,THE,,,,,,40.7,0
Reporter,Minhaj University Lahore,Pakistan,,,,,,,,,,,THE,,,,,,10.6,0
Reporter,University of Misan,Iraq,,,,,,,,,,,THE,,,,,,19.9,0
Reporter,Misr University for Science and Technology,Egypt,,,,,,,,,,,THE,,,,,,17.6,0.05
Reporter,Mizoram University,India,,,,,,,,,,,THE,,,,,,8.9,0
Reporter,M. Kumarasamy College of Engineering,India,,,,,,,,,,,THE,,,,,,11.5,0
Reporter,"MNS University of Agriculture, Multan",Pakistan,,,,,,,,,,,THE,,,,,,31.1,0
Reporter,Modern University for Business and Science,Lebanon,,,,,,,,,,,THE,,,,,,20.5,0.2
Reporter,UniversitÃ© Mohamed El Bachir El Ibrahimi de Bordj Bou ArrÃ©ridj,Algeria,,,,,,,,,,,THE,,,,,,33.9,0
Reporter,University of Mohamed Lamine Debaghin Setif 2,Algeria,,,,,,,,,,,THE,,,,,,33.6,0
Reporter,Monroe College,United States,,,,,,,,,,,THE,,,,,,16.1,0.14
Reporter,University of Monterrey,Mexico,,,,,,,,,,,THE,,,,,,17,0.01
Reporter,Russian Biotechnological University (BIOTECH),Russian Federation,,,,,,,,,,,THE,,,,,,10.8,0.09
Reporter,Moscow State Linguistic University,Russian Federation,,,,,,,,,,,THE,,,,,,6.4,0.09
Reporter,Moscow Technical University of Communications and Informatics,Russian Federation,,,,,,,,,,,THE,,,,,,20.3,0.06
Reporter,University of Mostar,Bosnia and Herzegovina,,,,,,,,,,,THE,,,,,,8.9,0.14
Reporter,Muban Chombueng Rajabhat University,Thailand,,,,,,,,,,,THE,,,,,,15.2,0
Reporter,Universitas Muhammadiyah Yogyakarta,Indonesia,,,,,,,,,,,THE,,,,,,29.4,0.01
Reporter,Mukogawa Womenâ€™s University,Japan,,,,,,,,,,,THE,,,,,,24.8,0
Reporter,Mulungushi University,Zambia,,,,,,,,,,,THE,,,,,,44.5,0.01
Reporter,Musashino University,Japan,,,,,,,,,,,THE,,,,,,28.5,0.08
Reporter,Universidad Nacional Abierta y a Distancia (UNAD),Colombia,,,,,,,,,,,THE,,,,,,49.6,0
Reporter,Universidad Nacional de AsunciÃ³n,Paraguay,,,,,,,,,,,THE,,,,,,9.8,0.02
Reporter,Universidad Nacional de Chimborazo,Ecuador,,,,,,,,,,,THE,,,,,,16.8,0.01
Reporter,Universidad Nacional de ItapÃºa,Paraguay,,,,,,,,,,,THE,,,,,,5,0.01
Reporter,Universidad Nacional de Rafaela (UNRaf),Argentina,,,,,,,,,,,THE,,,,,,6.3,0
Reporter,Nagoya University of Commerce & Business,Japan,,,,,,,,,,,THE,,,,,,32.1,0.1
Reporter,Nakhchivan State University,Azerbaijan,,,,,,,,,,,THE,,,,,,7.9,0.2
Reporter,Nakhon Ratchasima Rajabhat University,Thailand,,,,,,,,,,,THE,,,,,,27.8,0
Reporter,Namal University,Pakistan,,,,,,,,,,,THE,,,,,,15.9,0
Reporter,Namangan Engineering Construction Institute,Uzbekistan,,,,,,,,,,,THE,,,,,,20.9,0
Reporter,Namangan Institute of Engineering and Technology,Uzbekistan,,,,,,,,,,,THE,,,,,,14.1,0
Reporter,Namangan State University,Uzbekistan,,,,,,,,,,,THE,,,,,,25.8,0
Reporter,Narxoz University,Kazakhstan,,,,,,,,,,,THE,,,,,,13,0.02
Reporter,"Nasarawa State University, Keffi",Nigeria,,,,,,,,,,,THE,,,,,,13.2,0.13
Reporter,Universidad Nacional Agraria La Molina,Peru,,,,,,,,,,,THE,,,,,,13.2,0.02
Reporter,National Film and Television School,United Kingdom,,,,,,,,,,,THE,,,,,,7.3,0.41
Reporter,National University of Food Technologies,Ukraine,,,,,,,,,,,THE,,,,,,10.1,0
Reporter,National University Odessa Law Academy,Ukraine,,,,,,,,,,,THE,,,,,,18.6,0.01
Reporter,The National University of Ostroh Academy,Ukraine,,,,,,,,,,,THE,,,,,,9.8,0
Reporter,National Polytechnic University of Armenia,Armenia,,,,,,,,,,,THE,,,,,,7.3,0.02
Reporter,National University of Quilmes,Argentina,,,,,,,,,,,THE,,,,,,32.4,0.02
Reporter,National School of Artificial Intelligence (ENSIA),Algeria,,,,,,,,,,,THE,,,,,,12.5,0
Reporter,"National University of Science and Technology, Oman",Oman,,,,,,,,,,,THE,,,,,,18.2,0.1
Reporter,"National University, Sudan",Sudan,,,,,,,,,,,THE,,,,,,15.1,0.05
Reporter,National Textile University,Pakistan,,,,,,,,,,,THE,,,,,,18.8,0
Reporter,National Transport University,Ukraine,,,,,,,,,,,THE,,,,,,10.2,0.03
Reporter,National University of Water and Environmental Engineering,Ukraine,,,,,,,,,,,THE,,,,,,16.1,0.02
Reporter,National University â€œYuri Kondratyuk Poltava Polytechnicâ€,Ukraine,,,,,,,,,,,THE,,,,,,8.7,0.09
Reporter,Navoi State Pedagogical Institute,Uzbekistan,,,,,,,,,,,THE,,,,,,26.4,0
Reporter,Netaji Subhas University of Technology,India,,,,,,,,,,,THE,,,,,,14.6,0.03
Reporter,Niger Delta University,Nigeria,,,,,,,,,,,THE,,,,,,23.4,0
Reporter,Nihon Pharmaceutical University,Japan,,,,,,,,,,,THE,,,,,,17.7,0.04
Reporter,Niigata University of Health and Welfare,Japan,,,,,,,,,,,THE,,,,,,17.3,0.01
Reporter,University of Niigata Prefecture,Japan,,,,,,,,,,,THE,,,,,,16,0.01
Reporter,Ninevah University,Iraq,,,,,,,,,,,THE,,,,,,14.6,0
Reporter,Nitte (Deemed to be University),India,,,,,,,,,,,THE,,,,,,8.1,0.01
Reporter,University of Northampton,United Kingdom,,,,,,,,,,,THE,,,,,,17.6,0.32
Reporter,Northeast Ohio Medical University,United States,,,,,,,,,,,THE,,,,,,10.4,0
Reporter,Northern Border University,Saudi Arabia,,,,,,,,,,,THE,,,,,,11.5,0.02
Reporter,Northern Technical University,Iraq,,,,,,,,,,,THE,,,,,,30.9,0
Reporter,Norwich University of the Arts,United Kingdom,,,,,,,,,,,THE,,,,,,15.6,0.12
Reporter,University Centre of El-Bayadh,Algeria,,,,,,,,,,,THE,,,,,,33.2,0
Reporter,University of Nova Gorica,Slovenia,,,,,,,,,,,THE,,,,,,3.2,0.55
Reporter,Novosibirsk State University of Economics and Management,Russian Federation,,,,,,,,,,,THE,,,,,,8.3,0.18
Reporter,Nueva Ecija University of Science and Technology (NEUST),Philippines,,,,,,,,,,,THE,,,,,,60,0.01
Reporter,Universidad Nur,Bolivia,,,,,,,,,,,THE,,,,,,9.5,0
Reporter,October 6 University,Egypt,,,,,,,,,,,THE,,,,,,11.9,0.04
Reporter,October University for Modern Sciences and Arts (MSA),Egypt,,,,,,,,,,,THE,,,,,,9.8,0.01
Reporter,Odesa I.I. Mechnikov National University,Ukraine,,,,,,,,,,,THE,,,,,,7.2,0.03
Reporter,Oguz Han Engineering and Technology University of Turkmenistan,Turkmenistan,,,,,,,,,,,THE,,,,,,14.1,0
Reporter,University of Okara,Pakistan,,,,,,,,,,,THE,,,,,,60.6,0
Reporter,Omsk State Agrarian University,Russian Federation,,,,,,,,,,,THE,,,,,,20.3,0.11
Reporter,Open Christian University,South Africa,,,,,,,,,,,THE,,,,,,1.6,0.88
Reporter,O.P. Jindal Global University,India,,,,,,,,,,,THE,,,,,,9.1,0
Reporter,UniversitÃ© dâ€™Oran 2 Mohamed Ben Ahmed,Algeria,,,,,,,,,,,THE,,,,,,29.2,0.01
Reporter,Oran Graduate School of Economics,Algeria,,,,,,,,,,,THE,,,,,,13.2,0
Reporter,Orel State Agrarian University named after N.V. Parahin,Russian Federation,,,,,,,,,,,THE,,,,,,10.4,0.2
Reporter,Orel State University named after I.S. Turgenev,Russian Federation,,,,,,,,,,,THE,,,,,,14.9,0.13
Reporter,ORT Uruguay University,Uruguay,,,,,,,,,,,THE,,,,,,6.7,0.03
Reporter,Osol Al-Deen University College,Iraq,,,,,,,,,,,THE,,,,,,28.8,0
Reporter,University College of Osteopathy,United Kingdom,,,,,,,,,,,THE,,,,,,10.6,0.31
Reporter,Ostrogradsky National University of Kremenchuk,Ukraine,,,,,,,,,,,THE,,,,,,12.5,0.01
Reporter,University of Oum El Bouaghi,Algeria,,,,,,,,,,,THE,,,,,,12.8,0
Reporter,Universidad del PacÃ­fico,Peru,,,,,,,,,,,THE,,,,,,9.1,0.02
Reporter,Universidad del PacÃ­fico Ecuador,Ecuador,,,,,,,,,,,THE,,,,,,13.9,0.01
Reporter,Palestine Polytechnic University,Palestine,,,,,,,,,,,THE,,,,,,16.6,0.02
Reporter,Palestine Technical University â€“ Kadoorie,Palestine,,,,,,,,,,,THE,,,,,,18.8,0.04
Reporter,Universidad de Pamplona,Colombia,,,,,,,,,,,THE,,,,,,14.9,0.01
Reporter,Panteion University of Social and Political Sciences,Greece,,,,,,,,,,,THE,,,,,,67.8,0.02
Reporter,PanthÃ©on-Assas University (Paris 2),France,,,,,,,,,,,THE,,,,,,77.9,0.12
Reporter,Pavlo Tychyna Uman State Pedagogical University,Ukraine,,,,,,,,,,,THE,,,,,,14.5,0.03
Reporter,University of Petra,Jordan,,,,,,,,,,,THE,,,,,,20.5,0.22
Reporter,Petre Shotadze Tbilisi Medical Academy,Georgia,,,,,,,,,,,THE,,,,,,16.4,0.64
Reporter,Petroleum University of Technology,Iran,,,,,,,,,,,THE,,,,,,35,0
Reporter,Petro Mohyla Black Sea National University,Ukraine,,,,,,,,,,,THE,,,,,,10.2,0.1
Reporter,Pharos University,Egypt,,,,,,,,,,,THE,,,,,,29.1,0.01
Reporter,Philadelphia University (Jordan),Jordan,,,,,,,,,,,THE,,,,,,16.4,0.33
Reporter,"Plateau State University, Bokkos",Nigeria,,,,,,,,,,,THE,,,,,,11.4,0
Reporter,Platov South-Russian State Polytechnic University (NPI),Russian Federation,,,,,,,,,,,THE,,,,,,10.1,0.09
Reporter,Plymouth Marjon University,United Kingdom,,,,,,,,,,,THE,,,,,,22.4,0.02
Reporter,Polytechnic Institute of SetÃºbal,Portugal,,,,,,,,,,,THE,,,,,,17.8,0.07
Reporter,Pontifical Catholic University of Argentina,Argentina,,,,,,,,,,,THE,,,,,,4.4,0.07
Reporter,University of Poonch Rawalakot,Pakistan,,,,,,,,,,,THE,,,,,,28.1,0
Reporter,Universidad Popular AutÃ³noma del Estado de Puebla,Mexico,,,,,,,,,,,THE,,,,,,19.3,0.02
Reporter,Prefectural University of Hiroshima,Japan,,,,,,,,,,,THE,,,,,,11.9,0.02
Reporter,"Presbyterian University, Ghana",Ghana,,,,,,,,,,,THE,,,,,,41.3,0.01
Reporter,Presidency University,India,,,,,,,,,,,THE,,,,,,20.3,0
Reporter,Prince Mohammad Bin Fahd University,Saudi Arabia,,,,,,,,,,,THE,,,,,,11.7,0.17
Reporter,"University of Professional Studies, Accra",Ghana,,,,,,,,,,,THE,,,,,,50.9,0
Reporter,Prydniprovska State Academy of Civil Engineering and Architecture,Ukraine,,,,,,,,,,,THE,,,,,,7.2,0.05
Reporter,Pskov State University,Russian Federation,,,,,,,,,,,THE,,,,,,18.7,0.13
Reporter,PUC-Campinas,Brazil,,,,,,,,,,,THE,,,,,,32.8,0
Reporter,University of Puthisastra,Cambodia,,,,,,,,,,,THE,,,,,,8.1,0
Reporter,"Quaid-e-Awam University of Engineering, Science and Technology (QUEST)",Pakistan,,,,,,,,,,,THE,,,,,,10.6,0
Reporter,Queen Arwa University,Yemen,,,,,,,,,,,THE,,,,,,9.2,0.01
Reporter,Queen Margaret University,United Kingdom,,,,,,,,,,,THE,,,,,,21.8,0.3
Reporter,Universidade Rainha Njinga a Mbande (URNM),Angola,,,,,,,,,,,THE,,,,,,12.2,0
Reporter,Rajamangala University of Technology Isan,Thailand,,,,,,,,,,,THE,,,,,,18.2,0
Reporter,Rajamangala University of Technology Thanyaburi (RMUTT),Thailand,,,,,,,,,,,THE,,,,,,22.7,0.01
Reporter,Rawalpindi Medical University,Pakistan,,,,,,,,,,,THE,,,,,,9.1,0.01
Reporter,Rennes School of Business,France,,,,,,,,,,,THE,,,,,,34.6,0.34
Reporter,Ritsumeikan Asia Pacific University (APU),Japan,,,,,,,,,,,THE,,,,,,25.8,0.47
Reporter,Rose Bruford College,United Kingdom,,,,,,,,,,,THE,,,,,,15.8,0.2
Reporter,Rostov State University of Economics,Russian Federation,,,,,,,,,,,THE,,,,,,24.8,0.03
Reporter,Royal Agricultural University,United Kingdom,,,,,,,,,,,THE,,,,,,20.7,0.13
Reporter,"Royal Central School of Speech and Drama, University of London",United Kingdom,,,,,,,,,,,THE,,,,,,16.7,0.33
Reporter,Royal College of Academics,Luxembourg,,,,,,,,,,,THE,,,,,,333.3,1
Reporter,Royal College of Art,United Kingdom,,,,,,,,,,,THE,,,,,,20.4,0.8
Reporter,Royal Conservatoire of Scotland,United Kingdom,,,,,,,,,,,THE,,,,,,10.9,0.38
Reporter,Royal Academy of Dramatic Art (RADA),United Kingdom,,,,,,,,,,,THE,,,,,,4.4,0.2
Reporter,Royal Academy of Music,United Kingdom,,,,,,,,,,,THE,,,,,,9.8,0.49
Reporter,Royal College of Music,United Kingdom,,,,,,,,,,,THE,,,,,,10.3,0.58
Reporter,Royal Northern College of Music,United Kingdom,,,,,,,,,,,THE,,,,,,11,0.33
Reporter,Russian State Agrarian University â€“ Moscow Timiryazev Agricultural Academy,Russian Federation,,,,,,,,,,,THE,,,,,,13.3,0.05
Reporter,Russian University of State for Social (RUSS),Russian Federation,,,,,,,,,,,THE,,,,,,34.5,0.05
Reporter,Ryazan State Medical University,Russian Federation,,,,,,,,,,,THE,,,,,,9.4,0.15
Reporter,University of Sadat City,Egypt,,,,,,,,,,,THE,,,,,,49.5,0.01
Reporter,University of Saida,Algeria,,,,,,,,,,,THE,,,,,,19.5,0
Reporter,University of Saint Joseph,Macao,,,,,,,,,,,THE,,,,,,12.8,0.1
Reporter,Saint Petersburg State Pediatric Medical University,Russian Federation,,,,,,,,,,,THE,,,,,,11.9,0.14
Reporter,"Saint Thomas University, Colombia",Colombia,,,,,,,,,,,THE,,,,,,21.1,0
Reporter,Sakon Nakhon Rajabhat University,Thailand,,,,,,,,,,,THE,,,,,,20.6,0.01
Reporter,Salahaddin Universityâ€“Erbil,Iraq,,,,,,,,,,,THE,,,,,,11.7,0.01
Reporter,Samara State Medical University,Russian Federation,,,,,,,,,,,THE,,,,,,9.4,0.11
Reporter,Samarkand State University,Uzbekistan,,,,,,,,,,,THE,,,,,,16.7,0
Reporter,Samarkand State Institute of Foreign Languages,Uzbekistan,,,,,,,,,,,THE,,,,,,14.7,0
Reporter,Samarkand State Medical University,Uzbekistan,,,,,,,,,,,THE,,,,,,9.9,0.02
Reporter,Samsun University,Turkey,,,,,,,,,,,THE,,,,,,21.2,0.04
Reporter,Universidad San Ignacio de Loyola,Peru,,,,,,,,,,,THE,,,,,,35.4,0.01
Reporter,University of San MartÃ­n de Porres,Peru,,,,,,,,,,,THE,,,,,,18.2,0.01
Reporter,University of Santander,Colombia,,,,,,,,,,,THE,,,,,,19.3,0.01
Reporter,Universidad Santo TomÃ¡s,Chile,,,,,,,,,,,THE,,,,,,22.4,0.01
Reporter,Sarsen Amanzholov East Kazakhstan University,Kazakhstan,,,,,,,,,,,THE,,,,,,25,0.02
Reporter,Satya Wacana Christian University,Indonesia,,,,,,,,,,,THE,,,,,,41.2,0
Reporter,Saudi Electronic University,Saudi Arabia,,,,,,,,,,,THE,,,,,,21.7,0.07
Reporter,SBS Swiss Business School,Switzerland,,,,,,,,,,,THE,,,,,,13.6,0.61
Reporter,University of Science and Technology of Southern Philippines (USTP),Philippines,,,,,,,,,,,THE,,,,,,28.3,0
Reporter,SDU University,Kazakhstan,,,,,,,,,,,THE,,,,,,22.7,0
Reporter,Sebha University,Libya,,,,,,,,,,,THE,,,,,,10,0.05
Reporter,Sefako Makgatho Health Sciences University,South Africa,,,,,,,,,,,THE,,,,,,6.8,0.02
Reporter,Seisa Dohto University,Japan,,,,,,,,,,,THE,,,,,,14.4,0.08
Reporter,Senshu University,Japan,,,,,,,,,,,THE,,,,,,21.9,0.03
Reporter,Seyitnazar Seydi Turkmen State Pedagogical Institute,Turkmenistan,,,,,,,,,,,THE,,,,,,21.9,0
Reporter,"Shah Abdul Latif University, Khairpur",Pakistan,,,,,,,,,,,THE,,,,,,37,0
Reporter,Shaheed Benazir Bhutto Women University Peshawar,Pakistan,,,,,,,,,,,THE,,,,,,26.9,0
Reporter,Shaheed Mohtarma Benazir Bhutto Medical University,Pakistan,,,,,,,,,,,THE,,,,,,3.4,0
Reporter,Shaheed Zulfiqar Ali Bhutto Medical University,Pakistan,,,,,,,,,,,THE,,,,,,12.7,0.02
Reporter,The University of Shiga Prefecture,Japan,,,,,,,,,,,THE,,,,,,14,0.02
Reporter,Shonan Institute of Technology,Japan,,,,,,,,,,,THE,,,,,,30.2,0.08
Reporter,Silesian University in Opava,Czech Republic,,,,,,,,,,,THE,,,,,,20,0.05
Reporter,SIMAD University,Somalia,,,,,,,,,,,THE,,,,,,18.1,0
Reporter,SimÃ³n BolÃ­var University (Colombia),Colombia,,,,,,,,,,,THE,,,,,,21,0.01
Reporter,Universidad del SinÃº,Colombia,,,,,,,,,,,THE,,,,,,26.8,0
Reporter,Sir Syed University of Engineering and Technology,Pakistan,,,,,,,,,,,THE,,,,,,17.5,0
Reporter,Skolkovo Institute of Science and Technology (Skoltech),Russian Federation,,,,,,,,,,,THE,,,,,,8.8,0.21
Reporter,Sohar University,Oman,,,,,,,,,,,THE,,,,,,28.5,0.02
Reporter,"Solent University, Southampton",United Kingdom,,,,,,,,,,,THE,,,,,,17.4,0.34
Reporter,"Soochow University, Taiwan",Taiwan,,,,,,,,,,,THE,,,,,,34.6,0.04
Reporter,University of Sopron,Hungary,,,,,,,,,,,THE,,,,,,13.6,0.04
Reporter,University of Souk Ahras,Algeria,,,,,,,,,,,THE,,,,,,19.4,0
Reporter,Institute of Southern Punjab â€“ Multan,Pakistan,,,,,,,,,,,THE,,,,,,19.4,0
Reporter,Southern Technical University,Iraq,,,,,,,,,,,THE,,,,,,34.5,0
Reporter,Sri Balaji Vidyapeeth,India,,,,,,,,,,,THE,,,,,,8.7,0.01
Reporter,Sri Lanka Institute of Information Technology,Sri Lanka,,,,,,,,,,,THE,,,,,,56.8,0
Reporter,State Energy Institute of Turkmenistan,Turkmenistan,,,,,,,,,,,THE,,,,,,13,0.01
Reporter,Stavropol State Agrarian University,Russian Federation,,,,,,,,,,,THE,,,,,,6.8,0.07
Reporter,St Lukeâ€™s International University,Japan,,,,,,,,,,,THE,,,,,,8.7,0.02
Reporter,"St Maryâ€™s University College, Belfast",United Kingdom,,,,,,,,,,,THE,,,,,,23.5,0.48
Reporter,"St Maryâ€™s University, Twickenham",United Kingdom,,,,,,,,,,,THE,,,,,,15.8,0.23
Reporter,Stranmillis University College,United Kingdom,,,,,,,,,,,THE,,,,,,24.8,0.18
Reporter,University of Suffolk,United Kingdom,,,,,,,,,,,THE,,,,,,15.1,0.14
Reporter,University of Sufism and Modern Sciences (USMS),Pakistan,,,,,,,,,,,THE,,,,,,28.1,%
Reporter,Sugiyama Jogakuen University,Japan,,,,,,,,,,,THE,,,,,,28.3,0.01
Reporter,Sukkur IBA University,Pakistan,,,,,,,,,,,THE,,,,,,15.4,0
Reporter,University of Swabi,Pakistan,,,,,,,,,,,THE,,,,,,11.6,0
Reporter,Tafila Technical University,Jordan,,,,,,,,,,,THE,,,,,,22.9,0.01
Reporter,University of Taipei,Taiwan,,,,,,,,,,,THE,,,,,,19.9,0.03
Reporter,Takushoku University,Japan,,,,,,,,,,,THE,,,,,,12.7,0.13
Reporter,Tama Art University,Japan,,,,,,,,,,,THE,,,,,,33.4,0.11
Reporter,University of Tamanghasset,Algeria,,,,,,,,,,,THE,,,,,,32,0
Reporter,Tarlac Agricultural University,Philippines,,,,,,,,,,,THE,,,,,,26.1,0
Reporter,Tarsus University,Turkey,,,,,,,,,,,THE,,,,,,22.7,0.01
Reporter,Tashkent Institute of Chemical Technology,Uzbekistan,,,,,,,,,,,THE,,,,,,17.1,0
Reporter,Tashkent Institute of Finance,Uzbekistan,,,,,,,,,,,THE,,,,,,22.7,0.01
Reporter,Tashkent University of Information Technologies,Uzbekistan,,,,,,,,,,,THE,,,,,,19.4,0
Reporter,Tashkent Institute of Irrigation and Agricultural Mechanisation,Uzbekistan,,,,,,,,,,,THE,,,,,,7.4,0.05
Reporter,Tashkent Medical Academy,Uzbekistan,,,,,,,,,,,THE,,,,,,9.8,0.02
Reporter,Tashkent Pediatric Medical Institute,Uzbekistan,,,,,,,,,,,THE,,,,,,10.1,0.01
Reporter,Tashkent Pharmaceutical Institute,Uzbekistan,,,,,,,,,,,THE,,,,,,13.4,0.12
Reporter,Tashkent State Dental Institute,Uzbekistan,,,,,,,,,,,THE,,,,,,8.9,0.03
Reporter,Tashkent State University of Economics,Uzbekistan,,,,,,,,,,,THE,,,,,,21,0.03
Reporter,Tashkent State University of Law,Uzbekistan,,,,,,,,,,,THE,,,,,,10.8,0.01
Reporter,Tashkent State University of Oriental Studies,Uzbekistan,,,,,,,,,,,THE,,,,,,14.8,0.01
Reporter,Tashkent State Pedagogical University named after Nizami,Uzbekistan,,,,,,,,,,,THE,,,,,,22.2,0.01
Reporter,Tashkent State Technical University,Uzbekistan,,,,,,,,,,,THE,,,,,,12.6,0
Reporter,Tashkent State Transport University,Uzbekistan,,,,,,,,,,,THE,,,,,,24.1,0
Reporter,Tashkent Institute of Textile and Light Industry,Uzbekistan,,,,,,,,,,,THE,,,,,,11.5,0
Reporter,Tata Institute of Fundamental Research,India,,,,,,,,,,,THE,,,,,,3,0
Reporter,Tatung University,Taiwan,,,,,,,,,,,THE,,,,,,19.4,0.03
Reporter,T. C. DemiroÄŸlu Bilim University,Turkey,,,,,,,,,,,THE,,,,,,10.3,0
Reporter,Teacher Education College of Setif,Algeria,,,,,,,,,,,THE,,,,,,14.7,0
Reporter,Technical University of Moldova,Moldova,,,,,,,,,,,THE,,,,,,11.6,0.02
Reporter,University of Technology Nowshera,Pakistan,,,,,,,,,,,THE,,,,,,37.2,0
Reporter,Universidad TÃ©cnica de ManabÃ­,Ecuador,,,,,,,,,,,THE,,,,,,29.7,0.01
Reporter,Universidad TecnolÃ³gica de BolÃ­var,Colombia,,,,,,,,,,,THE,,,,,,21.8,0
Reporter,Universidad TecnolÃ³gica de Santiago (UTESA),Dominican Republic,,,,,,,,,,,THE,,,,,,117.8,0.04
Reporter,TecnolÃ³gico de Costa Rica,Costa Rica,,,,,,,,,,,THE,,,,,,14.5,0.02
Reporter,Instituto TecnolÃ³gico Metropolitano,Colombia,,,,,,,,,,,THE,,,,,,24.8,0
Reporter,Teerthanker Mahaveer University,India,,,,,,,,,,,THE,,,,,,11.9,0
Reporter,Teikyo Heisei University,Japan,,,,,,,,,,,THE,,,,,,19.7,0.01
Reporter,Universiti Teknologi Brunei,Brunei Darussalam,,,,,,,,,,,THE,,,,,,6.7,0.07
Reporter,Institut Teknologi Nasional Bandung (ITENAS Bandung),Indonesia,,,,,,,,,,,THE,,,,,,22.3,0
Reporter,University of Telafer,Iraq,,,,,,,,,,,THE,,,,,,32,0
Reporter,Institute of Telecommunications and Informatics of Turkmenistan,Turkmenistan,,,,,,,,,,,THE,,,,,,9.7,0
Reporter,Tenri University,Japan,,,,,,,,,,,THE,,,,,,23.4,0.06
Reporter,Termez State University,Uzbekistan,,,,,,,,,,,THE,,,,,,26.2,0.01
Reporter,Termez Institute of Engineering and Technology,Uzbekistan,,,,,,,,,,,THE,,,,,,41.7,0
Reporter,Termiz Institute of Agrotechnology and Innovative Development,Uzbekistan,,,,,,,,,,,THE,,,,,,17.4,0
Reporter,University of the Thai Chamber of Commerce,Thailand,,,,,,,,,,,THE,,,,,,31,0.12
Reporter,University of Thi-Qar,Iraq,,,,,,,,,,,THE,,,,,,15.9,0
Reporter,Thomas Adewumi University,Nigeria,,,,,,,,,,,THE,,,,,,2.9,0
Reporter,Tikrit University,Iraq,,,,,,,,,,,THE,,,,,,13.6,0
Reporter,Tishk International University,Iraq,,,,,,,,,,,THE,,,,,,13,0
Reporter,Tissemsilt University,Algeria,,,,,,,,,,,THE,,,,,,19,0
Reporter,Tohoku Gakuin University,Japan,,,,,,,,,,,THE,,,,,,36.7,0
Reporter,Tokyo University of Foreign Studies,Japan,,,,,,,,,,,THE,,,,,,16.6,0.1
Reporter,Tokyo University of Technology,Japan,,,,,,,,,,,THE,,,,,,27.3,0.04
Reporter,Tomsk State Pedagogical University,Russian Federation,,,,,,,,,,,THE,,,,,,20.5,0.06
Reporter,Toraighyrov University,Kazakhstan,,,,,,,,,,,THE,,,,,,14.1,0.02
Reporter,Trinity Laban Conservatoire of Music and Dance,United Kingdom,,,,,,,,,,,THE,,,,,,9.6,0.34
Reporter,University of Tripoli,Libya,,,,,,,,,,,THE,,,,,,19.8,0.02
Reporter,Turan-Astana University,Kazakhstan,,,,,,,,,,,THE,,,,,,9.2,0.02
Reporter,Turin Polytechnic University in Tashkent,Uzbekistan,,,,,,,,,,,THE,,,,,,39.7,0.01
Reporter,Turkmen State Architecture and Construction Institute,Turkmenistan,,,,,,,,,,,THE,,,,,,9.9,0
Reporter,Turkmen State Institute of Economics and Management,Turkmenistan,,,,,,,,,,,THE,,,,,,13.1,0
Reporter,Tver State Technical University,Russian Federation,,,,,,,,,,,THE,,,,,,8.5,0.1
Reporter,Ubon Ratchathani University,Thailand,,,,,,,,,,,THE,,,,,,23.9,0
Reporter,UBT,,,,,,,,,,,,THE,,,,,,12.6,0.03
Reporter,"UEES, Espiritu Santo University",Ecuador,,,,,,,,,,,THE,,,,,,12.8,0.24
Reporter,UIN Sulthan Thaha Saifuddin Jambi,Indonesia,,,,,,,,,,,THE,,,,,,47,0
Reporter,Ulyanovsk State University,Russian Federation,,,,,,,,,,,THE,,,,,,18.2,0.17
Reporter,Ulyanovsk State Technical University,Russian Federation,,,,,,,,,,,THE,,,,,,16.6,0.08
Reporter,UNESC,Brazil,,,,,,,,,,,THE,,,,,,19.7,0
Reporter,Unichristus,Brazil,,,,,,,,,,,THE,,,,,,10.6,0
Reporter,United International University,Bangladesh,,,,,,,,,,,THE,,,,,,21.9,0.01
Reporter,Universiapolis â€“ UniversitÃ© Internationale dâ€™Agadir,Morocco,,,,,,,,,,,THE,,,,,,22.9,0.11
Reporter,Ural State University of Economics,Russian Federation,,,,,,,,,,,THE,,,,,,8.7,0.08
Reporter,Ural State Medical University,Russian Federation,,,,,,,,,,,THE,,,,,,14.2,0.1
Reporter,Urgench State University,Uzbekistan,,,,,,,,,,,THE,,,,,,20.3,0.04
Reporter,Uruk University,Iraq,,,,,,,,,,,THE,,,,,,21.9,0
Reporter,Universidad UTE,Ecuador,,,,,,,,,,,THE,,,,,,18.7,0.01
Reporter,National University of Uzbekistan named after Mirzo Ulugbek,Uzbekistan,,,,,,,,,,,THE,,,,,,13.2,0.02
Reporter,Uzbekistan State University of World Languages,Uzbekistan,,,,,,,,,,,THE,,,,,,20.6,0
Reporter,Uzbek State University of Physical Culture and Sport,Uzbekistan,,,,,,,,,,,THE,,,,,,29.7,0
Reporter,Valahia University of Targoviste,Romania,,,,,,,,,,,THE,,,,,,22,0.01
Reporter,University of Vale do ItajaÃ­,Brazil,,,,,,,,,,,THE,,,,,,16.4,0.01
Reporter,Varendra University,Bangladesh,,,,,,,,,,,THE,,,,,,19.7,0
Reporter,Varna University of Management,Bulgaria,,,,,,,,,,,THE,,,,,,13,0.35
Reporter,Vasyl Stefanyk Precarpathian National University,Ukraine,,,,,,,,,,,THE,,,,,,15.3,0
Reporter,"Veritas University, Abuja",Nigeria,,,,,,,,,,,THE,,,,,,15.9,0.03
Reporter,University of Veterinary Medicine and Pharmacy in KoÅ¡ice,Slovakia,,,,,,,,,,,THE,,,,,,9,0.44
Reporter,Vila Velha University,Brazil,,,,,,,,,,,THE,,,,,,18.5,0.01
Reporter,Vinayaka Missionâ€™s Research Foundation,India,,,,,,,,,,,THE,,,,,,9.5,0
Reporter,Visayas State University,Philippines,,,,,,,,,,,THE,,,,,,16.6,0
Reporter,Visvesvaraya Technological University,India,,,,,,,,,,,THE,,,,,,19.7,0
Reporter,Volgograd State Medical University,Russian Federation,,,,,,,,,,,THE,,,,,,5.9,0.32
Reporter,University of Wales Trinity Saint David,United Kingdom,,,,,,,,,,,THE,,,,,,23.6,0.32
Reporter,University of Warith Alanbiyaa,Iraq,,,,,,,,,,,THE,,,,,,16.7,0
Reporter,Wasit University,Iraq,,,,,,,,,,,THE,,,,,,20.7,0
Reporter,Westcliff University,United States,,,,,,,,,,,THE,,,,,,12.8,0.85
Reporter,Western Caspian University,Azerbaijan,,,,,,,,,,,THE,,,,,,10.1,0.06
Reporter,West Ukrainian National University,Ukraine,,,,,,,,,,,THE,,,,,,21,0.03
Reporter,West Virginia University,United States,,,,,,,,,,,THE,,,,,,18.3,0.05
Reporter,WHU: Beisheim,Germany,,,,,,,,,,,THE,,,,,,31.3,0.32
Reporter,Women University Mardan,Pakistan,,,,,,,,,,,THE,,,,,,26.5,0.01
Reporter,The Women University Multan,Pakistan,,,,,,,,,,,THE,,,,,,38,0
Reporter,University of Worcester,United Kingdom,,,,,,,,,,,THE,,,,,,17.2,0.14
Reporter,World University of Bangladesh (WUB),Bangladesh,,,,,,,,,,,THE,,,,,,20.8,0
Reporter,The World Islamic Sciences and Education University (WISE),Jordan,,,,,,,,,,,THE,,,,,,27.2,0.08
Reporter,Wrexham Glyndwr University,United Kingdom,,,,,,,,,,,THE,,,,,,25.5,0.19
Reporter,Writtle University College,United Kingdom,,,,,,,,,,,THE,,,,,,7.5,0.09
Reporter,WSB Academy,Poland,,,,,,,,,,,THE,,,,,,6.4,0.49
Reporter,Yagshigeldi Kakayev International University of Oil and Gas,Turkmenistan,,,,,,,,,,,THE,,,,,,11.4,0.01
Reporter,Yamaguchi Prefectural University,Japan,,,,,,,,,,,THE,,,,,,16.2,0.02
Reporter,Yanka Kupala State University of Grodno,Belarus,,,,,,,,,,,THE,,,,,,15.7,0.1
Reporter,YaÅŸar University,Turkey,,,,,,,,,,,THE,,,,,,11.7,0.02
Reporter,York St John University,United Kingdom,,,,,,,,,,,THE,,,,,,18.4,0.13
Reporter,"Yusuf Maitama Sule University, Kano",Nigeria,,,,,,,,,,,THE,,,,,,26.2,0
Reporter,Zarqa University,Jordan,,,,,,,,,,,THE,,,,,,17,0.35
Reporter,Zhetysu University,Kazakhstan,,,,,,,,,,,THE,,,,,,18.2,0
Reporter,Zhytomyr Polytechnic State University,Ukraine,,,,,,,,,,,THE,,,,,,16.1,0.01
Reporter,Ziane Achour University of Djelfa,Algeria,,,,,,,,,,,THE,,,,,,28.5,0
Reporter,Ziauddin University,Pakistan,,,,,,,,,,,THE,,,,,,9.2,0
