rank,2023 RANK,Institution_name,location_QS,SIZE,FOCUS,RESEARCH,AGE,STATUS,Academic Reputation Score,Academic Reputation Rank,Employer Reputation Score,Employer Reputation Rank,Faculty Student Score,Faculty Student Rank,Citations per Faculty Score,Citations per Faculty Rank,International Faculty Score,International Faculty Rank,International Students Score,International Students Rank,International Research Network Score,International Research Network Rank,Employment Outcomes Score,Employment Outcomes Rank,Sustainability Score,Sustainability Rank,scores_overall_QS,Rank,scores_overall_THE,scores_overall_rank,scores_teaching,scores_teaching_rank,scores_research,scores_research_rank,scores_citations,scores_citations_rank,scores_industry_income,scores_industry_income_rank,scores_international_outlook,scores_international_outlook_rank,location_THE,stats_number_students,stats_student_staff_ratio,stats_pc_intl_students,stats_female_male_ratio,Country
2.0,2.0,University of Cambridge,United Kingdom,L,FC,VH,5.0,A,100.0,3.0,100.0,4.0,100.0,14.0,92.3,68.0,100.0,64.0,95.8,85.0,99.9,7.0,100.0,6.0,97.3,33.0,99.2,5.0,97.5,50.0,95.8,7.0,100.0,1.0,98.0,12.0,87.9,180.0,97.4,15.0,United Kingdom,20565,11.5,38,0.888888889,United Kingdom
3.0,4.0,University of Oxford,United Kingdom,L,FC,VH,5.0,A,100.0,2.0,100.0,5.0,100.0,8.0,90.6,73.0,98.2,110.0,98.2,60.0,100.0,1.0,100.0,3.0,97.8,26.0,98.9,1.0,98.5,10.0,96.6,5.0,100.0,2.0,99.0,5.0,98.7,77.0,97.5,14.0,United Kingdom,21750,10.9,42,0.888888889,United Kingdom
4.0,5.0,Harvard University,United States,L,FC,VH,5.0,B,100.0,1.0,100.0,1.0,98.3,44.0,100.0,1.0,84.6,210.0,66.8,223.0,100.0,5.0,100.0,1.0,96.7,39.0,98.3,4.0,97.8,40.0,97.7,3.0,99.9,3.0,99.4,3.0,84.2,216.0,90.8,119.0,United States,20050,9.0,25,0.888888889,United States
5.0,3.0,Stanford University,United States,L,FC,VH,5.0,B,100.0,5.0,100.0,3.0,100.0,11.0,99.9,8.0,99.9,78.0,51.2,284.0,95.8,44.0,100.0,2.0,94.4,63.0,98.1,2.0,98.0,20.0,99.0,1.0,97.8,8.0,99.6,2.0,100.0,25.0,87.0,167.0,United States,14517,6.4,23,0.888888889,United States
6.0,6.0,Imperial College London,United Kingdom,L,FC,VH,5.0,A,98.3,23.0,99.4,12.0,98.5,42.0,94.0,58.0,100.0,61.0,100.0,14.0,96.7,35.0,83.0,45.0,94.4,61.0,97.8,8.0,95.1,80.0,90.9,12.0,95.5,12.0,98.6,8.0,90.9,157.0,98.3,6.0,United Kingdom,20275,11.8,61,0.888888889,United Kingdom
9.0,8.0,UCL,United Kingdom,XL,FC,VH,5.0,A,99.5,13.0,97.9,22.0,98.4,43.0,74.3,131.0,99.1,96.0,100.0,15.0,100.0,2.0,51.6,126.0,92.5,74.0,92.4,22.0,88.1,220.0,78.4,26.0,86.4,24.0,98.6,9.0,75.2,335.0,97.9,8.0,United Kingdom,41110,11.3,61,0.888888889,United Kingdom
12.0,13.0,University of Pennsylvania,United States,L,FC,VH,5.0,B,96.4,29.0,89.1,52.0,99.9,24.0,68.4,153.0,96.0,140.0,70.3,208.0,83.3,129.0,100.0,5.0,99.9,3.0,89.4,16.0,91.0,160.0,87.7,15.0,89.7,21.0,97.6,23.0,97.7,90.0,78.8,268.0,United States,21312,6.2,22,0.888888889,United States
13.0,20.0,Cornell University,United States,L,FC,VH,5.0,B,98.1,26.0,90.5,47.0,52.9,297.0,99.1,18.0,68.7,283.0,64.0,234.0,79.9,144.0,98.0,18.0,94.7,58.0,89.3,20.0,89.5,200.0,85.7,20.0,88.7,22.0,97.6,22.0,69.4,447.0,86.0,175.0,United States,23620,10.0,24,0.888888889,United States
16.0,18.0,Yale University,United States,M,FC,VH,5.0,B,99.9,9.0,99.9,7.0,100.0,3.0,45.8,293.0,89.8,184.0,78.8,169.0,85.8,112.0,99.9,9.0,99.2,13.0,87.7,10.0,94.2,100.0,94.0,10.0,94.9,13.0,97.7,18.0,86.5,192.0,82.4,216.0,United States,11924,5.2,21,0.888888889,United States
17.0,12.0,Peking University,China (Mainland),XL,FC,VH,5.0,A,99.4,14.0,95.4,37.0,90.4,85.0,97.5,38.0,50.8,354.0,23.5,492.0,43.2,353.0,82.6,46.0,68.8,212.0,87.0,14.0,91.8,140.0,95.6,8.0,97.3,9.0,87.2,172.0,98.8,72.0,70.2,404.0,China,33064,10.9,14,0.888888889,China (Mainland)
17.0,16.0,Princeton University,United States,M,CO,VH,5.0,B,99.8,10.0,97.5,23.0,64.5,216.0,100.0,2.0,16.7,640.0,57.5,261.0,52.5,298.0,94.6,27.0,79.3,155.0,87.0,6.0,96.9,60.0,96.3,6.0,97.9,7.0,98.8,7.0,95.1,118.0,89.1,135.0,United States,7753,7.3,23,0.888888889,United States
19.0,41.0,The University of Sydney,Australia,XL,FC,VH,5.0,A,96.0,31.0,87.7,57.0,11.8,701.0,93.5,63.0,99.5,89.0,100.0,13.0,91.9,70.0,88.1,42.0,99.7,7.0,86.7,60.0,73.8,600.0,52.6,115.0,68.9,54.0,92.0,93.0,97.7,91.0,90.2,126.0,Australia,57414,23.1,51,0.888888889,Australia
21.0,34.0,University of Toronto,Canada,XL,FC,VH,5.0,A,99.7,11.0,96.0,33.0,54.2,283.0,57.2,226.0,95.7,145.0,96.4,80.0,95.5,46.0,96.4,22.0,99.9,2.0,86.3,21.0,88.6,210.0,77.5,28.0,94.1,15.0,92.8,81.0,96.1,103.0,90.7,122.0,Canada,79282,25.8,27,0.888888889,Canada
23.0,22.0,Columbia University,United States,XL,FC,VH,5.0,B,99.6,12.0,98.3,16.0,100.0,15.0,40.7,339.0,56.1,332.0,96.8,76.0,97.6,25.0,99.9,10.0,94.2,64.0,85.9,17.0,90.9,170.0,88.6,14.0,89.7,20.0,97.4,25.0,75.2,332.0,86.9,168.0,United States,25914,5.2,35,0.888888889,United States
25.0,14.0,Tsinghua University,China (Mainland),XL,FC,VH,4.0,A,99.1,16.0,96.9,27.0,93.9,67.0,98.9,22.0,9.4,701.0,15.7,603.0,47.8,328.0,82.2,47.0,55.8,271.0,84.9,12.0,92.4,120.0,95.3,9.0,98.1,5.0,93.2,73.0,99.9,38.0,51.7,750.0,China,38518,11.2,10,0.888888889,China (Mainland)
28.0,24.0,Johns Hopkins University,United States,L,FC,VH,5.0,B,87.3,51.0,59.7,134.0,100.0,8.0,89.4,77.0,64.4,300.0,91.4,111.0,98.1,21.0,74.5,60.0,84.6,122.0,84.5,15.0,91.1,150.0,84.4,23.0,92.3,17.0,97.2,27.0,100.0,11.0,84.2,198.0,United States,15772,4.1,28,0.888888889,United States
28.0,23.0,The University of Tokyo,Japan,L,FC,VH,5.0,A,100.0,7.0,99.8,9.0,90.4,84.0,70.0,148.0,10.3,701.0,29.2,427.0,70.0,196.0,99.8,11.0,99.7,5.0,84.3,29.0,83.1,290.0,93.9,11.0,94.2,14.0,67.8,607.0,100.0,27.0,49.7,812.0,Japan,26345,10.3,15,0.888888889,Japan
30.0,31.0,McGill University,Canada,XL,FC,VH,5.0,A,93.7,34.0,87.6,58.0,64.0,219.0,62.1,195.0,88.9,188.0,93.3,98.0,86.2,107.0,92.5,33.0,94.2,64.0,83.7,49.0,76.0,490.0,62.3,68.0,72.3,53.0,88.8,141.0,76.1,315.0,92.5,93.0,Canada,30821,11.9,29,0.888888889,Canada
33.0,25.0,University of Michigan-Ann Arbor,United States,XL,FC,VH,5.0,A,98.3,22.0,89.9,48.0,82.2,127.0,56.2,231.0,67.0,292.0,27.6,445.0,95.4,48.0,94.3,29.0,83.7,126.0,81.7,23.0,87.4,230.0,84.7,22.0,87.4,23.0,95.5,45.0,80.7,255.0,69.0,421.0,United States,45783,8.1,16,0.888888889,United States
34.0,47.0,University of British Columbia,Canada,XL,FC,VH,5.0,A,98.2,24.0,93.5,43.0,44.4,354.0,57.0,227.0,96.4,134.0,74.1,189.0,96.3,37.0,60.1,99.0,99.9,3.0,81.5,41.0,78.0,410.0,62.5,66.0,76.6,39.0,90.5,118.0,76.7,304.0,95.0,49.0,Canada,58987,19.4,34,0.888888889,Canada
37.0,49.0,Technical University of Munich,Germany,XL,FO,VH,5.0,A,83.9,59.0,98.2,19.0,88.8,89.0,59.6,210.0,76.5,243.0,97.3,71.0,86.7,103.0,25.0,330.0,84.8,120.0,80.0,30.0,82.5,310.0,69.8,44.0,85.1,25.0,90.0,128.0,100.0,26.0,83.1,208.0,Germany,35506,44.4,39,0.888888889,Germany
38.0,48.0,Institut Polytechnique de Paris,France,M,CO,VH,1.0,A,44.8,185.0,99.6,10.0,97.3,51.0,93.8,59.0,98.5,106.0,98.3,58.0,76.9,163.0,90.3,35.0,72.5,189.0,79.5,71.0,71.3,710.0,71.0,39.0,61.6,79.0,70.8,542.0,98.8,71.0,97.1,21.0,France,6073,6.8,42,0.888888889,France
41.0,29.0,Seoul National University,South Korea,L,FC,VH,4.0,A,99.0,18.0,98.2,17.0,85.1,105.0,64.9,175.0,11.5,701.0,14.5,631.0,36.9,401.0,100.0,8.0,73.8,181.0,78.5,62.0,73.4,620.0,74.2,35.0,75.3,44.0,74.6,451.0,100.0,23.0,43.7,998.0,South Korea,28620,16.1,13,0.888888889,South Korea
42.0,57.0,Monash University,Australia,XL,FC,VH,4.0,A,88.4,49.0,75.2,84.0,9.6,701.0,88.4,81.0,100.0,50.0,100.0,19.0,86.8,102.0,61.0,95.0,71.8,194.0,78.2,54.0,75.2,540.0,55.3,96.0,67.8,58.0,94.7,50.0,99.7,48.0,91.1,115.0,Australia,58460,43.1,38,0.888888889,Australia
43.0,50.0,The University of Queensland,Australia,XL,FC,VH,5.0,A,87.1,52.0,73.7,89.0,21.6,635.0,87.0,84.0,100.0,41.0,100.0,22.0,95.0,53.0,44.4,163.0,73.1,187.0,78.1,70.0,72.0,700.0,52.9,113.0,64.3,70.0,89.1,136.0,99.8,43.0,94.0,64.0,Australia,42847,39.1,42,0.888888889,Australia
44.0,42.0,Zhejiang University,China (Mainland),XL,FC,VH,4.0,A,73.8,81.0,95.7,36.0,66.5,198.0,97.6,37.0,97.7,120.0,26.5,456.0,74.7,174.0,37.7,194.0,51.5,297.0,77.8,55.0,75.0,560.0,70.2,42.0,75.3,45.0,78.7,350.0,99.0,69.0,65.5,475.0,China,48169,12.0,16,0.888888889,China (Mainland)
46.0,36.0,Kyoto University,Japan,L,FC,VH,5.0,A,98.7,20.0,99.1,14.0,94.7,63.0,49.3,270.0,14.9,670.0,20.8,538.0,57.3,266.0,53.2,118.0,88.4,103.0,76.3,55.0,75.0,550.0,85.4,21.0,84.3,27.0,60.0,779.0,100.0,14.0,45.7,940.0,Japan,21817,9.0,11,0.888888889,Japan
47.0,61.0,Delft University of Technology,Netherlands,L,CO,VH,5.0,A,73.0,84.0,79.0,73.0,36.9,428.0,84.9,95.0,100.0,66.0,89.3,121.0,91.4,72.0,42.1,170.0,98.4,18.0,76.2,48.0,76.3,480.0,66.7,51.0,78.2,36.0,76.5,404.0,100.0,5.0,92.8,86.0,Netherlands,21262,15.9,30,0.888888889,Netherlands
47.0,32.0,Northwestern University,United States,L,FC,VH,5.0,B,83.8,60.0,60.2,132.0,98.9,39.0,70.3,147.0,48.2,364.0,44.2,327.0,79.2,152.0,97.7,19.0,78.0,162.0,76.2,28.0,83.2,280.0,72.3,37.0,78.8,34.0,97.8,15.0,99.7,50.0,75.9,315.0,United States,18894,13.1,18,0.888888889,United States
50.0,34.0,Fudan University,China (Mainland),XL,FC,VH,4.0,A,84.7,55.0,89.8,49.0,84.5,108.0,72.4,136.0,88.3,193.0,33.0,393.0,22.7,522.0,49.6,134.0,43.8,341.0,74.4,44.0,77.5,440.0,76.5,30.0,75.3,43.0,83.5,246.0,96.0,104.0,56.1,658.0,China,38101,12.6,9,0.888888889,China (Mainland)
51.0,46.0,Shanghai Jiao Tong University,China (Mainland),XL,FC,VH,4.0,A,83.7,61.0,83.3,64.0,54.7,279.0,99.4,15.0,39.2,415.0,35.5,377.0,38.3,390.0,55.5,113.0,44.1,339.0,74.3,43.0,77.7,430.0,76.6,29.0,82.5,30.0,75.4,432.0,100.0,24.0,60.6,572.0,China,38472,12.6,9,0.888888889,China (Mainland)
52.0,52.0,Carnegie Mellon University,United States,L,FC,VH,5.0,B,71.2,87.0,75.3,83.0,49.1,319.0,99.9,10.0,46.6,371.0,98.2,59.0,57.4,264.0,60.0,100.0,47.2,323.0,73.7,24.0,86.3,240.0,75.0,32.0,84.6,26.0,98.9,6.0,87.3,182.0,85.5,184.0,United States,13562,11.9,44,0.888888889,United States
53.0,58.0,University of Amsterdam,Netherlands,XL,FC,VH,5.0,A,83.6,62.0,44.2,203.0,21.2,641.0,98.1,33.0,92.4,168.0,79.9,163.0,97.4,28.0,49.9,133.0,64.8,226.0,73.4,61.0,73.6,610.0,55.0,99.0,63.1,74.0,96.7,33.0,77.6,292.0,93.2,80.0,Netherlands,28649,13.2,36,0.888888889,Netherlands
55.0,61.0,University of Bristol,United Kingdom,L,FC,VH,5.0,A,74.9,78.0,84.7,60.0,47.3,331.0,64.7,179.0,85.5,205.0,86.8,136.0,84.4,122.0,39.6,181.0,81.3,141.0,72.4,81.0,69.8,810.0,48.7,148.0,56.5,105.0,97.3,26.0,72.3,378.0,92.5,91.0,United Kingdom,27335,14.8,31,0.888888889,United Kingdom
57.0,50.0,Duke University,United States,L,FC,VH,5.0,B,85.7,53.0,69.3,106.0,100.0,7.0,40.2,344.0,16.8,634.0,52.2,278.0,90.0,82.0,89.3,37.0,95.0,53.0,72.0,26.0,83.9,260.0,79.3,24.0,76.1,41.0,96.2,36.0,100.0,6.0,74.8,331.0,United States,15527,3.9,18,0.888888889,United States
58.0,72.0,University of Texas at Austin,United States,XL,FC,VH,5.0,A,93.5,35.0,83.2,65.0,8.9,701.0,86.7,85.0,9.3,701.0,11.0,691.0,79.4,147.0,70.0,73.0,77.7,163.0,71.8,52.0,75.5,520.0,66.0,54.0,75.7,42.0,91.0,109.0,81.4,247.0,47.3,881.0,United States,48558,16.4,8,0.888888889,United States
59.0,60.0,Sorbonne University,France,XL,FC,VH,1.0,A,88.6,48.0,53.2,151.0,43.3,361.0,85.4,93.0,35.2,451.0,49.8,297.0,100.0,4.0,39.5,182.0,75.8,171.0,71.7,75.0,70.5,750.0,64.7,58.0,60.8,81.0,83.7,242.0,69.5,444.0,78.8,269.0,France,41527,14.5,22,0.888888889,France
60.0,40.0,The Hong Kong University of Science and Technology,Hong Kong SAR,M,CO,VH,3.0,A,83.3,63.0,42.6,216.0,53.6,289.0,99.1,20.0,100.0,19.0,91.4,111.0,5.3,701.0,50.3,131.0,31.0,432.0,71.1,64.0,73.0,650.0,54.0,105.0,62.1,76.0,92.9,77.0,100.0,10.0,95.5,40.0,Hong Kong,9794,19.9,30,0.888888889,Hong Kong SAR
61.0,76.0,KU Leuven,Belgium,XL,FC,VH,5.0,A,84.6,56.0,42.4,220.0,7.0,701.0,92.7,66.0,93.1,163.0,45.7,318.0,99.9,6.0,56.1,111.0,75.6,173.0,70.1,45.0,77.0,450.0,60.1,72.0,74.9,48.0,91.9,95.0,100.0,13.0,79.6,259.0,Belgium,49435,37.3,19,0.888888889,Belgium
63.0,80.0,University of Washington,United States,XL,FC,VH,5.0,A,84.0,58.0,50.4,168.0,19.1,692.0,93.5,62.0,19.0,600.0,33.2,392.0,94.0,59.0,70.0,74.0,88.1,106.0,69.2,25.0,85.3,250.0,78.0,27.0,83.5,29.0,98.2,11.0,77.6,294.0,73.2,362.0,United States,49486,10.1,16,0.888888889,United States
64.0,85.0,University of Illinois at Urbana-Champaign,United States,XL,FC,VH,5.0,A,85.0,54.0,70.8,100.0,7.5,701.0,86.5,86.0,11.1,701.0,49.2,303.0,76.4,164.0,66.0,84.0,83.5,128.0,69.1,42.0,77.9,420.0,69.5,45.0,81.5,31.0,85.2,206.0,85.3,206.0,64.0,502.0,United States,50250,19.6,23,0.888888889,United States
69.0,77.0,National Taiwan University (NTU),Taiwan,XL,FC,VH,4.0,A,92.8,39.0,91.3,46.0,30.9,508.0,47.0,288.0,17.7,619.0,20.0,547.0,33.2,431.0,99.7,12.0,95.6,49.0,67.9,152.0,61.9,1530.0,57.3,88.0,54.8,113.0,70.8,544.0,99.9,33.0,51.2,766.0,Taiwan,24744,11.1,13,0.888888889,Taiwan
70.0,54.0,City University of Hong Kong,Hong Kong SAR,M,CO,VH,3.0,A,59.6,122.0,27.3,356.0,86.6,99.0,99.9,9.0,100.0,17.0,100.0,2.0,17.4,570.0,29.5,269.0,82.1,136.0,67.7,82.0,69.3,820.0,52.2,116.0,52.4,124.0,91.1,105.0,100.0,4.0,98.7,2.0,Hong Kong,9076,13.2,67,0.888888889,Hong Kong SAR
71.0,69.0,Université Paris-Saclay,France,XL,CO,VH,1.0,A,58.9,128.0,99.1,13.0,99.8,25.0,45.8,294.0,39.1,416.0,60.8,244.0,98.7,17.0,34.3,224.0,73.6,182.0,67.6,58.0,74.4,580.0,70.9,40.0,66.1,63.0,82.4,277.0,92.4,140.0,78.6,276.0,France,31662,13.0,24,0.888888889,France
72.0,90.0,The University of Western Australia,Australia,L,FC,VH,5.0,A,56.2,138.0,44.6,200.0,16.5,701.0,98.9,23.0,100.0,29.0,99.8,34.0,90.0,83.0,66.0,82.0,70.1,204.0,66.9,143.0,62.7,1440.0,37.7,368.0,48.6,152.0,88.7,144.0,97.2,94.0,93.5,74.0,Australia,19382,22.4,26,0.888888889,Australia
73.0,63.0,Brown University,United States,M,FC,VH,5.0,B,58.3,131.0,42.4,221.0,77.8,145.0,85.9,89.0,84.5,212.0,52.0,279.0,58.3,258.0,74.8,59.0,70.4,201.0,66.4,64.0,73.0,640.0,69.8,43.0,59.6,87.0,89.7,130.0,69.3,449.0,72.1,374.0,United States,9781,10.3,19,0.888888889,United States
75.0,86.0,University of Leeds,United Kingdom,XL,FC,VH,5.0,A,70.3,89.0,76.7,77.0,37.3,421.0,42.3,320.0,85.2,208.0,90.0,118.0,98.7,16.0,37.8,193.0,90.9,88.0,65.5,129.0,63.9,1290.0,46.1,187.0,49.1,150.0,87.3,167.0,68.8,458.0,94.6,57.0,United Kingdom,33450,14.4,32,0.888888889,United Kingdom
76.0,81.0,University of Glasgow,United Kingdom,XL,FC,VH,5.0,A,76.3,77.0,70.7,101.0,41.7,377.0,31.8,423.0,96.0,143.0,99.5,41.0,90.0,80.0,26.7,306.0,99.5,11.0,65.2,87.0,68.2,870.0,48.1,157.0,51.8,128.0,96.8,32.0,69.7,438.0,96.1,30.0,United Kingdom,32270,14.4,43,0.888888889,United Kingdom
78.0,92.0,Durham University,United Kingdom,L,FC,VH,5.0,A,59.5,124.0,89.3,50.0,27.8,548.0,53.3,241.0,97.5,125.0,86.9,135.0,86.2,108.0,29.2,274.0,97.6,30.0,65.1,174.0,60.6,1740.0,43.5,231.0,44.5,194.0,83.5,245.0,65.6,534.0,95.8,32.0,United Kingdom,19575,14.0,32,0.888888889,United Kingdom
79.0,74.0,Korea University,South Korea,L,FC,VH,4.0,B,82.2,64.0,94.0,40.0,81.0,137.0,36.6,382.0,13.6,694.0,36.3,370.0,19.6,546.0,70.6,71.0,58.6,255.0,64.7,155.0,66.3,2190.0,48.6,150.0,46.6,173.0,72.0,507.0,99.7,47.0,62.5,533.0,South Korea,22324,16.3,31,0.888888889,South Korea
80.0,68.0,Osaka University,Japan,L,FC,VH,4.0,A,81.3,67.0,89.1,51.0,55.3,272.0,62.7,191.0,28.6,498.0,13.2,658.0,26.7,486.0,23.4,361.0,58.6,255.0,63.9,175.0,60.4,1750.0,62.5,67.0,65.7,65.0,50.5,1008.0,100.0,20.0,51.0,773.0,Japan,22274,10.4,10,0.888888889,Japan
81.0,78.0,University of Southampton,United Kingdom,L,FC,VH,5.0,A,51.5,154.0,51.2,160.0,52.8,298.0,71.4,140.0,96.1,138.0,97.4,70.0,97.0,31.0,32.5,235.0,82.7,133.0,63.5,97.0,66.9,980.0,48.9,143.0,50.1,140.0,92.7,82.0,73.1,368.0,96.5,26.0,United Kingdom,19920,13.0,35,0.888888889,United Kingdom
84.0,91.0,University of Birmingham,United Kingdom,XL,FC,VH,5.0,A,67.5,99.0,75.7,81.0,41.3,379.0,38.2,364.0,92.3,169.0,83.9,148.0,96.0,41.0,29.5,270.0,80.4,146.0,63.0,101.0,66.6,1010.0,46.1,185.0,49.3,147.0,95.5,42.0,72.1,383.0,95.1,45.0,United Kingdom,32625,15.2,32,0.888888889,United Kingdom
85.0,95.0,Lund University,Sweden,L,FC,VH,5.0,A,69.3,93.0,47.5,185.0,50.2,310.0,37.7,373.0,98.8,102.0,77.4,173.0,95.2,52.0,66.0,83.0,99.1,14.0,62.8,106.0,66.1,1070.0,46.7,178.0,56.6,104.0,86.6,181.0,99.8,41.0,79.8,258.0,Sweden,30349,12.0,18,0.888888889,Sweden
87.0,75.0,Lomonosov Moscow State University,Russia,XL,FC,VH,5.0,A,81.2,69.0,78.3,74.0,99.8,26.0,4.6,701.0,20.3,587.0,92.3,105.0,85.2,115.0,82.2,48.0,13.4,631.0,62.2,95.0,67.0,950.0,87.5,17.0,75.2,46.0,33.9,1352.0,91.1,155.0,73.8,354.0,Russian Federation,32680,9.6,37,0.888888889,Russia
90.0,137.0,University of Technology Sydney,Australia,L,CO,VH,3.0,A,43.4,195.0,57.8,143.0,9.0,701.0,95.3,52.0,96.6,132.0,93.6,95.0,79.7,146.0,30.1,260.0,93.1,72.0,61.8,148.0,62.3,1480.0,36.2,421.0,43.3,207.0,95.9,39.0,78.9,278.0,94.3,60.0,Australia,28223,37.4,25,0.888888889,Australia
91.0,83.0,University of Zurich,Switzerland,L,FC,VH,5.0,A,59.1,126.0,27.6,352.0,89.9,88.0,52.0,248.0,100.0,60.0,53.0,274.0,87.2,100.0,75.2,58.0,80.2,149.0,61.6,80.0,69.9,800.0,54.8,103.0,53.4,121.0,91.8,96.0,93.7,131.0,92.4,96.0,Switzerland,25608,14.7,24,0.888888889,Switzerland
93.0,108.0,Boston University,United States,L,FC,VH,5.0,B,61.7,113.0,68.3,109.0,32.7,485.0,60.1,204.0,21.6,576.0,87.5,132.0,72.6,187.0,68.6,76.0,85.9,113.0,61.4,78.0,70.1,780.0,59.6,76.0,54.1,115.0,94.3,56.0,76.4,311.0,74.1,347.0,United States,26677,10.8,29,0.888888889,United States
95.0,96.0,University of St Andrews,United Kingdom,M,FO,VH,5.0,A,47.3,173.0,67.2,114.0,64.9,212.0,57.7,223.0,98.7,103.0,100.0,29.0,51.1,306.0,22.4,370.0,92.1,77.0,61.0,193.0,59.0,1960.0,46.0,192.0,42.6,218.0,77.7,377.0,63.6,575.0,95.8,34.0,United Kingdom,10325,12.4,46,0.888888889,United Kingdom
97.0,88.0,Georgia Institute of Technology,United States,L,CO,VH,5.0,A,67.4,100.0,85.1,59.0,15.3,701.0,67.1,163.0,38.8,417.0,65.4,230.0,33.2,432.0,41.7,175.0,70.4,201.0,60.9,36.0,80.0,360.0,63.4,63.0,78.9,33.0,94.1,57.0,94.6,123.0,84.8,190.0,United States,32079,28.0,29,0.888888889,United States
100.0,114.0,University of Nottingham,United Kingdom,XL,FC,VH,5.0,A,60.7,116.0,72.1,96.0,32.2,492.0,46.5,290.0,90.0,183.0,75.2,185.0,98.4,18.0,24.4,342.0,80.0,150.0,60.4,130.0,63.8,1300.0,45.6,196.0,45.9,180.0,90.6,115.0,71.2,402.0,92.8,87.0,United Kingdom,33520,16.0,27,0.888888889,United Kingdom
102.0,83.0,University of Wisconsin-Madison,United States,XL,FC,VH,5.0,A,80.2,71.0,47.8,182.0,61.3,229.0,37.4,376.0,30.9,483.0,22.8,501.0,83.6,126.0,73.1,61.0,83.7,126.0,60.0,63.0,73.3,630.0,68.5,46.0,67.5,59.0,85.5,200.0,79.8,267.0,62.8,526.0,United States,41209,9.9,13,0.888888889,United States
105.0,128.0,Uppsala University,Sweden,L,FC,VH,5.0,A,62.7,111.0,30.5,320.0,47.7,330.0,45.6,296.0,98.3,108.0,82.4,152.0,95.5,47.0,58.2,105.0,99.4,12.0,59.4,140.0,62.8,1420.0,43.9,223.0,55.0,111.0,81.3,296.0,97.7,92.0,74.7,336.0,Sweden,24749,13.3,17,0.888888889,Sweden
106.0,147.0,RWTH Aachen University,Germany,XL,FC,VH,5.0,A,49.7,163.0,93.0,44.0,5.5,701.0,78.7,120.0,49.0,362.0,83.0,151.0,63.5,223.0,23.9,354.0,53.4,288.0,59.3,90.0,68.0,900.0,54.9,101.0,64.8,67.0,78.9,347.0,100.0,22.0,71.2,390.0,Germany,34914,43.3,29,0.888888889,Germany
107.0,82.0,University of Copenhagen,Denmark,XL,FC,VH,5.0,A,74.1,80.0,25.8,371.0,100.0,19.0,21.2,543.0,91.4,175.0,22.5,506.0,98.2,19.0,60.1,98.0,87.4,108.0,58.8,103.0,66.3,1030.0,49.2,139.0,51.1,134.0,91.3,102.0,89.5,171.0,80.1,255.0,Denmark,31728,4.3,14,0.888888889,Denmark
109.0,116.0,Aalto University,Finland,L,FO,VH,2.0,A,44.6,187.0,41.8,223.0,40.2,391.0,79.4,112.0,95.5,147.0,37.7,363.0,56.2,277.0,88.9,39.0,95.0,53.0,58.7,155.0,66.3,2030.0,42.0,262.0,43.1,208.0,79.7,326.0,87.2,184.0,81.8,224.0,Finland,14427,20.4,23,0.888888889,Finland
110.0,122.0,Newcastle University,United Kingdom,L,FC,VH,4.0,A,48.0,170.0,74.5,87.0,35.6,445.0,50.2,264.0,90.0,182.0,70.9,203.0,96.1,39.0,24.1,349.0,98.8,17.0,58.6,168.0,60.8,1720.0,37.2,387.0,41.1,234.0,93.8,61.0,72.1,385.0,91.3,112.0,United Kingdom,25650,14.8,26,0.888888889,United Kingdom
111.0,110.0,University of Alberta,Canada,XL,FC,VH,5.0,A,56.8,135.0,36.5,266.0,42.8,370.0,59.1,213.0,97.9,116.0,73.2,193.0,92.1,68.0,46.0,152.0,76.1,170.0,58.3,109.0,65.9,1100.0,50.1,132.0,55.5,109.0,80.9,301.0,99.9,29.0,90.7,121.0,Canada,33730,22.8,27,0.888888889,Canada
112.0,154.0,University of Waterloo,Canada,XL,CO,VH,4.0,A,40.7,208.0,66.7,117.0,6.8,701.0,82.9,100.0,76.8,241.0,77.9,172.0,55.4,281.0,55.9,112.0,97.1,36.0,58.1,158.0,61.7,1590.0,42.2,261.0,49.3,148.0,83.7,243.0,78.3,286.0,89.3,133.0,Canada,36904,24.2,23,0.888888889,Canada
113.0,79.0,Tohoku University,Japan,L,FC,VH,5.0,A,72.4,85.0,84.2,61.0,98.5,41.0,29.6,436.0,14.2,683.0,13.8,647.0,27.6,474.0,17.2,486.0,74.8,177.0,58.0,130.0,63.8,1310.0,67.8,48.0,66.4,61.0,53.8,924.0,99.9,37.0,58.5,613.0,Japan,17409,11.8,12,0.888888889,Japan
114.0,172.0,Western University,Canada,XL,FC,VH,5.0,A,32.1,273.0,47.4,186.0,3.7,701.0,98.3,30.0,99.7,86.0,54.6,268.0,56.4,274.0,93.3,30.0,99.6,8.0,57.4,155.0,66.3,2490.0,40.2,306.0,42.9,212.0,75.2,436.0,99.6,57.0,87.5,158.0,Canada,30176,33.0,24,0.888888889,Canada
115.0,106.0,University of Helsinki,Finland,L,CO,VH,5.0,A,65.1,105.0,32.3,304.0,63.4,223.0,49.8,265.0,71.5,268.0,5.4,701.0,96.0,40.0,65.7,86.0,82.7,133.0,57.2,121.0,65.1,1210.0,48.1,158.0,57.6,97.0,90.6,114.0,69.2,451.0,56.7,647.0,Finland,22887,15.9,5,0.888888889,Finland
116.0,134.0,University of Southern California,United States,XL,FC,VH,5.0,B,52.5,150.0,47.6,183.0,21.7,634.0,68.0,157.0,31.8,474.0,73.5,191.0,62.8,228.0,93.1,32.0,98.9,15.0,57.1,74.0,70.8,740.0,59.2,79.0,58.8,90.0,92.5,85.0,74.4,345.0,74.3,345.0,United States,44083,14.2,24,0.888888889,United States
117.0,101.0,University of Oslo,Norway,L,FC,VH,5.0,A,55.8,139.0,11.2,601.0,81.7,132.0,64.2,183.0,86.1,202.0,25.4,472.0,95.9,43.0,41.8,173.0,91.8,80.0,56.9,127.0,64.3,1270.0,45.6,197.0,50.6,139.0,92.1,91.0,72.3,379.0,75.6,319.0,Norway,20967,12.5,15,0.888888889,Norway
118.0,153.0,Stockholm University,Sweden,L,CO,VH,4.0,A,54.1,145.0,15.2,543.0,28.2,543.0,71.9,138.0,81.5,223.0,84.1,147.0,95.3,51.0,76.2,57.0,75.1,175.0,56.8,185.0,59.6,1850.0,32.1,587.0,49.6,143.0,91.0,108.0,59.2,659.0,81.2,236.0,Sweden,29774,20.3,13,0.888888889,Sweden
121.0,104.0,Technical University of Denmark,Denmark,M,FO,VH,5.0,A,32.5,270.0,16.3,525.0,99.8,27.0,83.4,99.0,100.0,53.0,82.0,153.0,71.6,189.0,28.9,275.0,54.9,277.0,56.2,126.0,64.6,1260.0,50.7,129.0,47.4,162.0,83.2,257.0,99.7,52.0,92.2,98.0,Denmark,10410,7.7,28,0.888888889,Denmark
122.0,146.0,Lancaster University,United Kingdom,L,FC,VH,4.0,A,39.7,215.0,40.2,236.0,25.2,581.0,79.3,115.0,93.6,157.0,90.6,116.0,75.3,171.0,20.7,400.0,98.0,24.0,55.7,155.0,61.8,1570.0,40.2,304.0,40.7,240.0,93.9,59.0,66.6,514.0,96.8,24.0,United Kingdom,15385,13.9,38,0.888888889,United Kingdom
123.0,139.0,Politecnico di Milano,Italy,XL,FO,VH,5.0,A,69.3,94.0,71.2,99.0,5.2,701.0,48.3,282.0,63.8,302.0,56.6,262.0,75.1,173.0,36.9,201.0,29.4,453.0,55.2,155.0,66.3,2310.0,42.9,243.0,49.7,141.0,71.9,510.0,95.3,115.0,65.3,479.0,Italy,38978,25.7,19,0.888888889,Italy
124.0,138.0,Eindhoven University of Technology,Netherlands,M,FO,VH,4.0,A,29.3,295.0,76.2,78.0,40.4,390.0,89.7,75.0,100.0,30.0,70.8,205.0,40.1,377.0,19.7,426.0,18.0,567.0,55.0,168.0,60.8,1690.0,47.4,169.0,51.5,129.0,71.3,528.0,100.0,7.0,87.3,161.0,Netherlands,10611,21.4,27,0.888888889,Netherlands
124.0,136.0,University of Basel,Switzerland,M,FC,VH,5.0,A,27.8,314.0,17.8,494.0,57.4,253.0,96.5,44.0,100.0,34.0,85.0,143.0,74.4,175.0,41.1,179.0,70.4,201.0,55.0,123.0,64.9,1230.0,50.8,127.0,42.9,210.0,87.7,157.0,99.4,62.0,95.4,42.0,Switzerland,8536,10.4,31,0.888888889,Switzerland
126.0,131.0,Leiden University,Netherlands,XL,FC,VH,5.0,A,69.1,95.0,26.8,362.0,20.2,659.0,62.7,190.0,85.5,204.0,50.2,292.0,93.7,61.0,26.9,303.0,46.0,331.0,54.8,77.0,70.2,770.0,46.0,190.0,62.7,75.0,93.0,75.0,98.1,87.0,87.8,153.0,Netherlands,35072,19.3,21,0.888888889,Netherlands
126.0,120.0,University of Bern,Switzerland,M,FO,VH,5.0,A,30.5,284.0,24.4,396.0,54.6,280.0,99.2,17.0,100.0,42.0,36.9,369.0,89.1,89.0,26.1,313.0,73.6,182.0,54.8,116.0,65.4,1160.0,45.1,203.0,47.0,167.0,93.3,69.0,99.2,67.0,87.0,166.0,Switzerland,12399,18.2,16,0.888888889,Switzerland
128.0,125.0,University of Geneva,Switzerland,L,FC,VH,5.0,A,45.1,184.0,14.1,579.0,42.0,374.0,75.4,127.0,100.0,45.0,96.3,81.0,87.3,99.0,31.0,246.0,63.1,232.0,54.2,183.0,59.8,1830.0,41.8,266.0,38.0,287.0,86.7,179.0,80.7,254.0,97.1,20.0,Switzerland,18865,8.4,40,0.888888889,Switzerland
129.0,125.0,Chalmers University of Technology,Sweden,M,FO,VH,5.0,B,26.6,326.0,51.5,158.0,51.1,306.0,80.9,107.0,100.0,49.0,67.4,220.0,52.2,299.0,28.7,278.0,82.9,132.0,54.0,189.0,59.4,1890.0,42.7,247.0,46.6,172.0,79.4,333.0,97.1,95.0,74.1,348.0,Sweden,10103,15.4,17,0.888888889,Sweden
130.0,195.0,Macquarie University,Australia,L,FC,VH,4.0,A,31.6,276.0,41.0,228.0,10.3,701.0,81.3,105.0,98.6,104.0,93.6,94.0,81.4,139.0,43.2,167.0,91.8,80.0,53.7,180.0,60.1,1800.0,36.7,405.0,44.2,198.0,87.4,165.0,90.9,159.0,88.6,142.0,Australia,30371,51.7,22,0.888888889,Australia
130.0,151.0,University of Vienna,Austria,XL,FC,VH,5.0,A,70.8,88.0,42.5,217.0,22.0,629.0,14.5,646.0,99.3,92.0,88.1,129.0,93.5,62.0,56.8,109.0,74.1,180.0,53.7,119.0,65.2,1200.0,48.7,149.0,60.3,84.0,77.4,385.0,75.9,320.0,94.9,50.0,Austria,31318,37.4,31,0.888888889,Austria
132.0,102.0,"University of California, Davis",United States,XL,FC,VH,5.0,A,63.9,107.0,44.7,199.0,30.4,518.0,40.7,338.0,70.3,276.0,49.3,301.0,77.8,159.0,19.0,439.0,98.9,16.0,53.2,59.0,74.1,590.0,63.7,61.0,67.8,57.0,87.2,170.0,91.5,147.0,78.7,271.0,United States,37926,13.3,18,0.888888889,United States
134.0,171.0,Sapienza University of Rome,Italy,XL,FC,VH,5.0,A,79.2,74.0,41.0,229.0,4.6,701.0,44.9,301.0,3.0,701.0,10.8,697.0,96.9,33.0,59.8,101.0,92.0,79.0,52.9,181.0,60.0,1810.0,53.5,108.0,48.1,157.0,77.9,371.0,85.4,202.0,46.5,917.0,Italy,60522,22.2,9,0.888888889,Italy
134.0,164.0,Texas A&M University,United States,XL,FC,VH,5.0,A,62.0,112.0,59.6,135.0,4.5,701.0,68.4,152.0,23.1,564.0,13.3,656.0,88.4,93.0,30.1,259.0,61.3,246.0,52.9,118.0,65.3,1180.0,55.2,98.0,62.1,77.0,77.3,388.0,76.4,313.0,64.1,501.0,United States,64427,20.5,6,0.888888889,United States
136.0,159.0,Michigan State University,United States,XL,FC,VH,5.0,A,59.9,120.0,49.4,174.0,11.3,701.0,58.0,221.0,58.6,320.0,12.8,665.0,95.6,45.0,45.5,153.0,71.2,199.0,52.7,116.0,65.4,1170.0,54.8,102.0,52.3,125.0,86.2,189.0,70.0,432.0,71.4,387.0,United States,44514,16.1,11,0.888888889,United States
137.0,94.0,University of Science and Technology of China,China (Mainland),L,CO,VH,4.0,A,52.5,149.0,17.5,500.0,91.2,80.0,98.5,26.0,16.8,639.0,5.2,701.0,32.2,444.0,24.8,335.0,21.6,528.0,52.6,57.0,74.8,570.0,74.3,34.0,66.3,62.0,88.2,152.0,95.6,112.0,45.4,951.0,China,20252,8.1,5,0.888888889,China (Mainland)
139.0,145.0,University of Groningen,Netherlands,XL,FC,VH,5.0,A,52.9,148.0,29.9,326.0,51.4,304.0,42.9,311.0,93.5,159.0,85.6,140.0,92.1,67.0,22.3,372.0,67.7,214.0,52.5,79.0,70.0,790.0,47.5,166.0,57.2,100.0,94.5,52.0,99.9,30.0,93.4,75.0,Netherlands,31942,28.8,29,0.888888889,Netherlands
140.0,190.0,RMIT University,Australia,XL,CO,VH,3.0,A,38.6,223.0,49.6,173.0,5.4,701.0,68.6,151.0,100.0,37.0,92.8,102.0,57.3,267.0,28.8,277.0,96.2,43.0,52.4,155.0,66.3,2840.0,35.5,449.0,36.2,323.0,83.2,254.0,73.2,366.0,92.8,88.0,Australia,32574,24.0,34,0.888888889,Australia
141.0,133.0,Nanjing University,China (Mainland),XL,FC,VH,5.0,A,59.6,123.0,25.4,378.0,31.3,504.0,96.9,42.0,55.1,334.0,7.3,701.0,26.4,488.0,23.7,356.0,39.0,367.0,52.1,73.0,70.9,730.0,64.0,59.0,61.7,78.0,85.3,203.0,96.8,97.0,61.8,544.0,China,36711,16.7,8,0.888888889,China (Mainland)
143.0,161.0,Aarhus University,Denmark,L,FC,VH,4.0,A,55.8,140.0,24.7,387.0,32.5,490.0,54.1,238.0,90.3,181.0,13.1,661.0,94.8,56.0,45.1,156.0,98.4,18.0,52.0,109.0,65.9,1090.0,44.9,206.0,59.0,89.0,86.3,186.0,98.7,75.0,76.3,306.0,Denmark,26996,13.5,9,0.888888889,Denmark
145.0,125.0,Queen Mary University of London,United Kingdom,L,FC,VH,5.0,A,48.8,168.0,32.8,300.0,38.7,409.0,50.7,260.0,99.7,85.0,99.4,43.0,72.8,184.0,16.8,506.0,69.9,207.0,51.9,135.0,63.1,1350.0,37.6,376.0,42.6,216.0,97.9,14.0,73.9,350.0,98.1,7.0,United Kingdom,22205,14.6,45,0.888888889,United Kingdom
145.0,100.0,Rice University,United States,M,FC,VH,5.0,B,38.7,222.0,22.9,415.0,65.9,205.0,82.5,101.0,91.0,176.0,94.8,89.0,9.8,671.0,30.0,262.0,42.6,345.0,51.9,119.0,65.2,1190.0,56.4,89.0,45.6,184.0,86.5,183.0,73.9,351.0,85.8,179.0,United States,7318,9.8,26,0.888888889,United States
148.0,179.0,University of Bath,United Kingdom,L,CO,VH,4.0,A,35.6,244.0,74.3,88.0,16.1,701.0,61.9,196.0,96.3,136.0,81.6,155.0,59.3,251.0,26.5,310.0,48.4,316.0,51.8,155.0,66.3,2510.0,34.7,471.0,35.1,345.0,80.5,310.0,65.3,541.0,95.0,48.0,United Kingdom,15280,15.8,31,0.888888889,United Kingdom
151.0,124.0,Wageningen University & Research,Netherlands,L,FO,VH,5.0,A,43.3,196.0,19.0,472.0,97.9,47.0,46.0,292.0,55.0,336.0,78.5,170.0,97.8,22.0,19.0,438.0,71.5,196.0,51.3,64.0,73.0,660.0,56.4,90.0,59.8,85.0,93.8,63.0,98.8,74.0,92.4,95.0,Netherlands,15899,18.1,28,0.888888889,Netherlands
154.0,166.0,Cardiff University,United Kingdom,L,FC,VH,5.0,A,46.5,176.0,48.3,181.0,33.7,474.0,39.6,347.0,84.0,217.0,70.6,206.0,81.6,138.0,18.9,442.0,97.9,25.0,50.5,190.0,59.3,1900.0,35.5,444.0,39.6,252.0,91.9,94.0,70.4,419.0,92.5,92.0,United Kingdom,28815,15.0,27,0.888888889,United Kingdom
159.0,143.0,Ghent University,Belgium,XL,FC,VH,5.0,A,53.4,146.0,25.2,379.0,78.9,141.0,25.1,486.0,79.6,231.0,21.2,528.0,99.8,8.0,52.0,124.0,91.3,84.0,50.2,115.0,65.6,1150.0,47.2,173.0,59.3,88.0,85.3,201.0,99.7,46.0,65.7,467.0,Belgium,41487,37.6,12,0.888888889,Belgium
162.0,185.0,University of Wollongong,Australia,L,FC,VH,3.0,A,29.7,290.0,25.1,382.0,16.3,701.0,93.8,60.0,95.6,146.0,56.0,265.0,72.7,186.0,17.1,492.0,92.3,75.0,50.1,155.0,66.3,2500.0,36.8,398.0,39.3,258.0,84.0,239.0,91.4,153.0,91.7,104.0,Australia,16328,26.1,22,0.888888889,Australia
164.0,157.0,Hanyang University,South Korea,L,FC,VH,4.0,B,49.0,167.0,81.3,70.0,83.5,117.0,23.3,510.0,16.9,632.0,54.3,269.0,15.6,587.0,24.8,336.0,77.7,163.0,49.7,155.0,66.3,3170.0,45.4,199.0,40.4,245.0,62.0,735.0,99.4,65.0,66.5,456.0,South Korea,19344,13.2,21,0.888888889,South Korea
164.0,135.0,Kyushu University,Japan,L,FC,VH,5.0,A,57.4,132.0,70.0,104.0,85.7,103.0,23.9,503.0,14.7,671.0,25.6,467.0,32.8,436.0,15.4,547.0,77.7,163.0,49.7,155.0,66.3,3220.0,55.0,100.0,47.5,161.0,51.2,989.0,98.4,82.0,48.8,835.0,Japan,18220,7.7,13,0.888888889,Japan
167.0,162.0,University of York,United Kingdom,L,FC,VH,4.0,A,43.5,194.0,35.3,275.0,45.0,351.0,40.3,342.0,88.3,192.0,78.2,171.0,79.2,150.0,19.8,421.0,97.8,26.0,49.4,147.0,62.4,1470.0,42.4,257.0,44.8,191.0,90.8,112.0,66.9,507.0,93.1,83.0,United Kingdom,19505,16.1,31,0.888888889,United Kingdom
168.0,188.0,University of Florida,United States,XL,FC,VH,5.0,A,48.0,171.0,58.7,137.0,71.3,180.0,26.6,467.0,18.8,604.0,10.8,699.0,97.7,24.0,39.0,184.0,95.7,48.0,49.1,132.0,63.7,1320.0,55.5,93.0,56.7,103.0,78.3,357.0,88.9,174.0,50.9,774.0,United States,48114,16.7,9,0.888888889,United States
169.0,164.0,"University of Maryland, College Park",United States,XL,FC,VH,5.0,A,49.2,165.0,26.1,369.0,35.1,451.0,68.4,154.0,31.6,477.0,14.0,639.0,85.5,113.0,41.6,176.0,81.7,137.0,48.9,114.0,65.7,1140.0,49.4,138.0,58.1,93.0,92.8,79.0,70.2,430.0,48.6,846.0,United States,33988,17.0,9,0.888888889,United States
169.0,229.0,University of Reading,United Kingdom,L,CO,VH,5.0,A,33.2,263.0,39.3,241.0,16.1,701.0,67.4,161.0,88.4,189.0,81.0,158.0,77.8,158.0,32.3,237.0,72.5,189.0,48.9,155.0,66.3,2350.0,37.5,379.0,40.6,242.0,84.1,233.0,70.8,412.0,95.5,41.0,United Kingdom,15945,16.6,31,0.888888889,United Kingdom
171.0,226.0,Complutense University of Madrid,Spain,XL,FC,VH,4.0,A,68.2,96.0,69.3,105.0,25.8,573.0,7.0,701.0,9.0,701.0,25.6,469.0,83.4,127.0,57.9,106.0,96.3,41.0,48.8,155.0,66.3,5250.0,40.3,299.0,29.4,485.0,58.8,803.0,52.1,768.0,46.7,901.0,Spain,59814,11.8,10,0.888888889,Spain
171.0,181.0,University College Dublin,Ireland,L,FC,VH,5.0,A,49.8,162.0,41.3,226.0,20.7,652.0,38.9,354.0,98.8,101.0,60.8,245.0,50.5,309.0,69.0,75.0,70.1,204.0,48.8,155.0,66.3,2460.0,34.3,484.0,41.3,232.0,84.0,238.0,75.1,337.0,88.1,150.0,Ireland,23405,20.7,25,0.888888889,Ireland
173.0,208.0,Qatar University,Qatar,M,FC,VH,3.0,A,27.1,320.0,43.9,206.0,64.8,213.0,38.8,356.0,100.0,20.0,96.8,74.0,59.8,244.0,95.8,24.0,35.5,397.0,48.7,155.0,66.3,2810.0,31.3,625.0,35.6,332.0,83.4,250.0,61.8,618.0,96.0,31.0,Qatar,10081,8.4,36,0.888888889,Qatar
173.0,237.0,University of Cape Town,South Africa,L,FC,VH,5.0,A,44.4,190.0,51.0,164.0,12.6,701.0,45.7,295.0,59.9,317.0,21.2,527.0,95.4,49.0,88.9,38.0,75.1,175.0,48.7,167.0,60.9,1670.0,38.7,344.0,47.0,168.0,88.3,149.0,78.2,287.0,82.9,210.0,South Africa,21961,13.6,13,0.888888889,South Africa
176.0,112.0,Nagoya University,Japan,L,FC,VH,4.0,A,61.5,114.0,65.1,123.0,87.5,96.0,33.0,412.0,15.4,661.0,19.1,558.0,17.6,565.0,16.6,509.0,24.1,502.0,48.5,155.0,66.3,2270.0,55.3,97.0,55.7,107.0,54.3,907.0,99.5,60.0,41.9,1057.0,Japan,15224,13.0,12,0.888888889,Japan
176.0,190.0,University of Liverpool,United Kingdom,L,FC,VH,5.0,A,44.4,191.0,35.0,277.0,39.7,401.0,37.9,371.0,87.8,194.0,79.0,168.0,97.2,29.0,25.6,324.0,72.0,193.0,48.5,168.0,60.8,1710.0,38.4,350.0,40.2,247.0,93.4,67.0,64.9,550.0,96.4,27.0,United Kingdom,25955,14.2,32,0.888888889,United Kingdom
182.0,242.0,University of Calgary,Canada,XL,FC,VH,4.0,A,37.7,229.0,61.2,129.0,19.9,668.0,41.5,330.0,82.8,222.0,62.0,241.0,62.3,232.0,38.6,188.0,91.5,82.0,47.9,155.0,66.3,2070.0,36.5,409.0,41.4,229.0,81.7,288.0,88.8,175.0,85.2,186.0,Canada,34012,18.8,24,0.888888889,Canada
183.0,193.0,Curtin University,Australia,L,CO,VH,3.0,A,32.4,271.0,31.8,309.0,14.3,701.0,86.2,88.0,100.0,43.0,26.4,459.0,84.9,119.0,25.7,320.0,50.6,305.0,47.8,155.0,66.3,2090.0,30.2,677.0,36.5,315.0,87.5,162.0,78.8,279.0,94.7,53.0,Australia,29283,20.8,29,0.888888889,Australia
184.0,111.0,École Normale Supérieure de Lyon,France,S,CO,VH,5.0,A,30.5,285.0,14.4,570.0,95.7,59.0,98.4,27.0,70.8,272.0,14.6,628.0,34.3,425.0,10.0,701.0,5.9,701.0,47.6,155.0,66.3,2590.0,58.5,84.0,46.8,170.0,53.9,917.0,78.5,282.0,68.0,431.0,France,2024,7.9,11,0.888888889,France
187.0,185.0,University of Gothenburg,Sweden,L,FC,VH,4.0,A,36.2,239.0,16.9,511.0,56.3,261.0,39.4,349.0,90.6,179.0,80.8,160.0,86.4,104.0,46.3,151.0,97.6,30.0,47.3,155.0,66.3,2130.0,34.0,491.0,43.4,205.0,90.2,123.0,75.4,328.0,65.7,469.0,Sweden,21698,11.9,13,0.888888889,Sweden
189.0,152.0,McMaster University,Canada,L,FC,VH,5.0,A,40.5,210.0,38.2,255.0,75.1,166.0,29.0,444.0,99.3,93.0,59.5,250.0,40.2,376.0,37.2,197.0,70.1,204.0,46.8,103.0,66.3,1040.0,43.8,225.0,51.3,133.0,93.0,76.0,100.0,17.0,87.3,162.0,Canada,28254,30.9,22,0.888888889,Canada
194.0,194.0,Wuhan University,China (Mainland),XL,FC,VH,4.0,A,40.9,204.0,44.0,205.0,12.8,701.0,87.4,82.0,40.7,405.0,5.0,701.0,48.4,324.0,35.0,218.0,44.4,336.0,46.6,164.0,61.3,1650.0,50.9,126.0,45.0,189.0,88.5,146.0,90.6,160.0,41.0,1082.0,China,56066,15.0,5,0.888888889,China (Mainland)
196.0,141.0,Hokkaido University,Japan,L,FC,VH,5.0,A,57.3,134.0,66.0,119.0,75.8,162.0,27.8,451.0,17.5,621.0,14.4,633.0,38.1,392.0,12.9,665.0,30.7,438.0,46.2,155.0,66.3,3710.0,51.2,123.0,44.0,201.0,47.4,1071.0,95.1,117.0,47.5,876.0,Japan,17659,8.2,10,0.888888889,Japan
199.0,155.0,Emory University,United States,L,FC,VH,5.0,B,25.6,342.0,16.4,522.0,97.7,50.0,69.7,149.0,37.3,431.0,31.1,409.0,57.0,268.0,23.6,357.0,85.7,115.0,45.9,106.0,66.1,1060.0,53.1,109.0,45.7,183.0,95.5,43.0,81.6,241.0,69.3,414.0,United States,13127,4.0,19,0.888888889,United States
199.0,205.0,Waseda University,Japan,XL,CO,VH,5.0,B,60.2,118.0,97.3,24.0,23.7,602.0,4.3,701.0,27.6,503.0,28.6,436.0,17.5,569.0,65.6,87.0,56.5,268.0,45.9,155.0,66.3,9920.0,33.7,512.0,26.2,565.0,43.1,1165.0,56.7,706.0,54.8,680.0,Japan,46013,14.3,13,0.888888889,Japan
203.0,237.0,King Saud University,Saudi Arabia,XL,FC,VH,4.0,A,36.9,236.0,21.3,435.0,64.2,218.0,32.2,419.0,99.7,83.0,21.3,525.0,88.6,92.0,71.7,67.0,75.8,171.0,45.2,155.0,66.3,4490.0,31.4,621.0,19.9,818.0,84.5,222.0,48.7,829.0,77.2,293.0,Saudi Arabia,50906,11.9,6,0.888888889,Saudi Arabia
203.0,237.0,University of Ottawa,Canada,XL,FC,VH,5.0,A,26.5,329.0,29.7,328.0,3.8,701.0,79.1,116.0,85.9,203.0,75.9,182.0,85.8,111.0,24.3,344.0,54.6,279.0,45.2,177.0,60.2,1790.0,39.6,320.0,46.5,174.0,84.4,226.0,80.2,261.0,86.9,169.0,Canada,38366,27.2,26,0.888888889,Canada
206.0,217.0,University of Otago,New Zealand,L,FC,VH,5.0,A,46.3,178.0,27.1,359.0,11.0,701.0,51.0,256.0,100.0,44.0,29.2,428.0,38.1,391.0,44.7,159.0,98.1,22.0,45.0,155.0,66.3,3290.0,35.6,442.0,35.1,347.0,75.8,424.0,68.8,459.0,81.8,226.0,New Zealand,19350,20.6,16,0.888888889,New Zealand
207.0,214.0,Vrije Universiteit Amsterdam,Netherlands,XL,FC,VH,5.0,A,39.6,217.0,15.7,531.0,23.6,607.0,68.1,156.0,68.5,284.0,40.2,340.0,70.1,195.0,20.2,414.0,89.1,95.0,44.9,125.0,64.7,1250.0,40.4,297.0,51.0,137.0,93.4,68.0,91.5,151.0,84.3,197.0,Netherlands,31704,19.2,18,0.888888889,Netherlands
208.0,220.0,University of Aberdeen,United Kingdom,L,FC,VH,5.0,A,29.6,292.0,32.5,302.0,29.6,525.0,42.1,322.0,95.8,144.0,96.7,77.0,73.3,180.0,20.5,408.0,98.1,21.0,44.6,155.0,66.3,2040.0,36.4,414.0,35.8,328.0,81.8,286.0,78.9,277.0,97.5,12.0,United Kingdom,12755,15.3,40,0.888888889,United Kingdom
210.0,212.0,University of Twente,Netherlands,M,FO,VH,4.0,A,20.6,422.0,38.3,254.0,39.4,404.0,65.3,171.0,99.3,94.0,91.1,112.0,67.6,208.0,12.6,687.0,33.2,416.0,44.4,184.0,59.7,1840.0,43.4,236.0,46.0,179.0,75.1,438.0,99.6,55.0,93.3,79.0,Netherlands,9964,13.9,38,0.888888889,Netherlands
211.0,224.0,Chulalongkorn University,Thailand,XL,FC,VH,5.0,A,66.6,101.0,50.1,170.0,31.5,498.0,7.0,701.0,15.0,668.0,2.9,701.0,49.4,318.0,87.2,44.0,85.9,113.0,44.3,155.0,66.3,6340.0,36.7,402.0,32.2,414.0,50.2,1017.0,76.6,307.0,44.1,985.0,Thailand,34552,12.7,3,0.888888889,Thailand
212.0,256.0,Loughborough University,United Kingdom,L,CO,VH,4.0,A,30.5,283.0,66.8,116.0,23.6,604.0,34.6,392.0,87.3,198.0,63.5,237.0,77.1,162.0,18.8,446.0,63.4,231.0,44.2,155.0,66.3,2740.0,36.5,412.0,34.4,368.0,77.4,383.0,70.2,429.0,91.5,108.0,United Kingdom,16110,13.9,25,0.888888889,United Kingdom
214.0,197.0,Keio University,Japan,XL,FC,VH,5.0,B,51.4,156.0,93.5,42.0,58.0,246.0,6.0,701.0,9.6,701.0,9.2,701.0,9.2,689.0,79.8,50.0,39.3,366.0,44.0,155.0,66.3,6900.0,36.9,391.0,27.0,541.0,49.2,1034.0,73.3,360.0,38.4,1172.0,Japan,33577,10.2,8,0.888888889,Japan
215.0,260.0,Tel Aviv University,Israel,L,FC,VH,4.0,A,33.2,264.0,23.6,407.0,3.8,701.0,99.9,11.0,40.4,410.0,4.6,701.0,39.5,382.0,72.9,62.0,38.4,373.0,43.9,155.0,66.3,2430.0,40.7,288.0,49.7,142.0,83.0,261.0,76.2,314.0,52.9,719.0,Israel,24995,24.2,5,0.888888889,Israel
216.0,212.0,Tongji University,China (Mainland),XL,FC,VH,5.0,A,34.4,251.0,13.1,601.0,28.8,534.0,91.8,70.0,56.7,327.0,32.6,396.0,21.3,534.0,18.0,464.0,65.4,225.0,43.5,185.0,59.6,1860.0,50.0,136.0,53.6,120.0,69.5,569.0,85.4,204.0,67.7,437.0,China,31632,11.3,15,0.888888889,China (Mainland)
217.0,202.0,National Yang Ming Chiao Tung University,Taiwan,L,FC,VH,1.0,A,33.3,262.0,67.9,110.0,53.9,286.0,52.1,247.0,19.0,601.0,18.5,566.0,4.4,701.0,44.6,160.0,54.3,283.0,43.3,155.0,66.3,4610.0,44.0,219.0,44.3,197.0,52.9,944.0,99.9,34.0,41.4,1069.0,Taiwan,16944,14.6,9,0.888888889,Taiwan
218.0,240.0,University of Sussex,United Kingdom,L,FC,VH,4.0,A,22.9,380.0,8.9,601.0,14.6,701.0,70.9,142.0,96.1,137.0,93.0,100.0,62.9,226.0,30.6,251.0,97.2,35.0,43.1,155.0,66.3,2410.0,29.7,712.0,35.6,333.0,92.7,83.0,66.1,526.0,95.4,43.0,United Kingdom,17640,17.3,34,0.888888889,United Kingdom
220.0,203.0,University of Lausanne,Switzerland,L,FO,VH,5.0,A,29.4,294.0,15.1,545.0,36.6,434.0,65.1,173.0,99.9,77.0,56.6,263.0,48.0,327.0,27.9,290.0,61.6,245.0,42.7,143.0,62.7,1430.0,41.7,268.0,46.3,175.0,87.3,166.0,99.5,59.0,90.4,125.0,Switzerland,14478,10.5,23,0.888888889,Switzerland
224.0,147.0,University of Rochester,United States,M,FC,VH,5.0,B,22.1,398.0,18.4,477.0,97.9,48.0,51.6,252.0,71.4,269.0,91.7,106.0,31.3,451.0,26.6,308.0,33.2,416.0,42.4,133.0,63.6,1330.0,50.8,128.0,42.9,211.0,88.3,150.0,89.0,173.0,81.7,229.0,United States,9855,7.3,34,0.888888889,United States
225.0,155.0,Indian Institute of Science,India,S,SP,Unknown,5.0,A,41.5,202.0,20.0,454.0,46.4,340.0,100.0,6.0,4.8,701.0,1.7,701.0,4.4,701.0,13.8,621.0,10.7,660.0,42.1,155.0,66.3,2160.0,62.9,65.0,57.8,94.0,53.9,918.0,96.0,105.0,31.1,1460.0,India,4495,9.6,1,0.888888889,India
228.0,224.0,National Cheng Kung University (NCKU),Taiwan,L,FC,VH,4.0,A,49.4,164.0,75.6,82.0,32.9,482.0,21.2,544.0,23.7,557.0,15.7,605.0,10.9,653.0,30.2,257.0,78.2,160.0,41.8,155.0,66.3,5640.0,35.4,450.0,39.2,259.0,47.2,1075.0,100.0,18.0,40.8,1089.0,Taiwan,20971,15.9,11,0.888888889,Taiwan
230.0,150.0,Al-Farabi Kazakh National University,Kazakhstan,L,FC,HI,4.0,A,51.4,155.0,74.9,85.0,98.9,38.0,1.4,701.0,28.8,497.0,34.0,386.0,12.0,634.0,11.5,701.0,5.1,701.0,41.6,155.0,66.3,12070.0,24.8,1013.0,11.1,1508.0,27.1,1515.0,25.3,1324.0,72.5,370.0,Kazakhstan,24303,5.9,10,0.888888889,Kazakhstan
232.0,215.0,University of Göttingen,Germany,L,FC,VH,5.0,A,47.4,172.0,29.0,338.0,70.1,183.0,17.7,587.0,49.5,361.0,22.5,505.0,91.8,71.0,21.9,379.0,55.5,274.0,41.4,111.0,65.8,1120.0,50.0,134.0,54.8,112.0,90.1,125.0,70.8,411.0,70.7,396.0,Germany,23349,27.4,14,0.888888889,Germany
233.0,266.0,Deakin University,Australia,XL,FC,VH,3.0,A,29.6,291.0,25.8,373.0,4.8,701.0,67.4,160.0,96.7,130.0,59.9,249.0,51.4,303.0,26.2,312.0,54.3,283.0,41.3,155.0,66.3,2570.0,28.3,785.0,34.6,359.0,91.4,101.0,72.2,381.0,85.7,180.0,Australia,40988,32.7,18,0.888888889,Australia
233.0,177.0,National Tsing Hua University,Taiwan,L,CO,VH,4.0,A,53.1,147.0,67.7,111.0,28.3,542.0,38.3,363.0,16.8,635.0,20.1,546.0,6.7,701.0,15.9,525.0,30.5,444.0,41.3,155.0,66.3,4600.0,38.9,340.0,42.3,223.0,58.4,813.0,99.5,61.0,46.2,922.0,Taiwan,13979,16.2,12,0.888888889,Taiwan
235.0,281.0,Heriot-Watt University,United Kingdom,M,CO,VH,4.0,A,16.4,537.0,21.1,438.0,18.6,701.0,79.4,113.0,100.0,67.0,97.6,66.0,40.2,375.0,21.3,392.0,43.5,342.0,41.2,155.0,66.3,3700.0,34.3,482.0,33.4,395.0,65.2,670.0,75.1,336.0,94.8,52.0,United Kingdom,9735,18.2,36,0.888888889,United Kingdom
237.0,205.0,Dartmouth College,United States,M,FC,VH,5.0,B,21.1,415.0,24.2,398.0,57.9,248.0,78.6,121.0,5.3,701.0,33.9,388.0,6.6,701.0,72.1,65.0,66.8,217.0,40.9,161.0,61.4,1620.0,57.3,87.0,40.7,239.0,84.7,218.0,68.4,468.0,60.2,580.0,United States,6226,7.4,16,0.888888889,United States
239.0,292.0,Massey University,New Zealand,M,CO,VH,4.0,A,30.4,286.0,16.0,528.0,43.2,364.0,22.7,520.0,98.2,111.0,97.9,64.0,65.2,215.0,44.9,157.0,94.7,58.0,40.6,155.0,66.3,5580.0,28.7,756.0,28.2,512.0,60.5,767.0,77.6,293.0,87.5,157.0,New Zealand,17883,17.4,27,0.888888889,New Zealand
241.0,275.0,Victoria University of Wellington,New Zealand,L,CO,VH,4.0,A,44.8,186.0,25.5,375.0,9.1,701.0,32.3,418.0,99.5,88.0,34.6,382.0,38.1,393.0,47.0,149.0,93.6,66.0,40.5,155.0,66.3,4980.0,28.6,769.0,34.1,377.0,69.4,570.0,58.4,669.0,80.3,252.0,New Zealand,18231,19.4,17,0.888888889,New Zealand
242.0,316.0,La Trobe University,Australia,L,CO,VH,4.0,A,22.6,388.0,20.2,453.0,6.9,701.0,77.5,124.0,94.4,156.0,98.4,57.0,45.8,337.0,14.3,591.0,28.9,460.0,40.3,155.0,66.3,2710.0,28.9,750.0,35.4,339.0,88.1,153.0,73.8,352.0,88.2,149.0,Australia,19172,28.2,29,0.888888889,Australia
243.0,300.0,Griffith University,Australia,XL,FC,VH,4.0,A,26.5,332.0,16.2,526.0,7.5,701.0,65.8,166.0,100.0,70.0,31.7,403.0,72.7,185.0,15.5,539.0,93.3,69.0,40.1,155.0,66.3,2610.0,30.5,665.0,37.8,295.0,82.7,266.0,74.6,342.0,81.8,225.0,Australia,34770,31.6,15,0.888888889,Australia
244.0,305.0,University of Surrey,United Kingdom,L,CO,VH,4.0,A,20.4,428.0,23.4,409.0,23.2,613.0,56.2,230.0,96.8,129.0,88.3,127.0,71.1,192.0,16.8,503.0,57.7,259.0,39.9,155.0,66.3,2940.0,31.3,626.0,34.5,363.0,88.0,155.0,73.0,369.0,96.8,25.0,United Kingdom,14630,16.3,33,0.888888889,United Kingdom
246.0,275.0,Technical University of Darmstadt,Germany,L,FO,VH,5.0,A,21.0,417.0,37.5,263.0,6.2,701.0,79.0,117.0,62.6,310.0,74.6,188.0,32.5,439.0,33.5,229.0,19.9,545.0,39.7,155.0,66.3,2980.0,42.4,256.0,48.1,158.0,62.6,718.0,99.8,44.0,65.4,476.0,Germany,15882,37.0,19,0.888888889,Germany
248.0,288.0,Charles University,Czech Republic,XL,FC,VH,5.0,A,45.5,183.0,43.5,210.0,34.8,456.0,9.4,701.0,24.8,539.0,51.2,283.0,90.9,77.0,27.6,294.0,83.9,125.0,39.6,155.0,66.3,4170.0,38.8,341.0,33.1,399.0,61.9,738.0,60.1,643.0,64.7,490.0,Czech Republic,51728,13.4,23,0.888888889,Czech Republic
248.0,280.0,University of Antwerp,Belgium,L,FC,VH,2.0,A,23.7,362.0,11.8,601.0,45.3,349.0,49.2,272.0,90.9,177.0,32.3,397.0,90.0,81.0,29.6,268.0,80.4,146.0,39.6,161.0,61.4,1610.0,38.2,357.0,44.4,195.0,92.5,84.0,98.4,81.0,74.7,334.0,Belgium,16168,31.8,17,0.888888889,Belgium
250.0,331.0,University of Waikato,New Zealand,M,CO,VH,4.0,A,18.4,484.0,13.2,601.0,11.3,701.0,75.0,128.0,99.3,91.0,73.3,192.0,17.5,568.0,44.5,162.0,79.8,152.0,39.5,155.0,66.3,5000.0,26.1,931.0,31.0,444.0,74.3,459.0,72.4,377.0,89.8,130.0,New Zealand,10538,20.7,26,0.888888889,New Zealand
253.0,274.0,University of Porto,Portugal,XL,FC,VH,5.0,A,39.8,214.0,22.9,414.0,11.1,701.0,58.1,219.0,7.3,701.0,18.7,564.0,93.8,60.0,17.6,473.0,77.3,167.0,39.0,155.0,66.3,4710.0,31.3,624.0,35.4,341.0,71.1,534.0,66.3,521.0,57.9,625.0,Portugal,36386,16.9,17,0.888888889,Portugal
254.0,304.0,University of Macau,Macau SAR,M,FO,VH,3.0,A,10.6,601.0,14.2,575.0,12.2,701.0,96.9,43.0,100.0,18.0,99.3,49.0,11.4,646.0,41.6,177.0,4.3,701.0,38.9,193.0,59.0,1940.0,38.4,351.0,38.1,285.0,90.3,121.0,61.9,614.0,93.7,68.0,Macao,10908,18.6,41,0.888888889,Macau SAR
255.0,176.0,Case Western Reserve University,United States,M,FC,VH,4.0,B,18.4,486.0,17.1,507.0,83.0,118.0,63.9,185.0,38.2,420.0,68.3,216.0,21.0,537.0,27.0,301.0,34.6,403.0,38.8,164.0,61.3,1640.0,51.7,121.0,40.2,246.0,88.7,142.0,71.4,398.0,65.0,484.0,United States,10294,8.8,25,0.888888889,United States
256.0,217.0,Harbin Institute of Technology,China (Mainland),L,FO,VH,4.0,A,28.6,306.0,14.9,552.0,41.6,378.0,98.8,24.0,8.6,701.0,8.4,701.0,23.2,517.0,20.3,412.0,15.4,603.0,38.7,168.0,60.8,1700.0,58.8,83.0,55.1,110.0,70.9,539.0,91.2,154.0,33.9,1360.0,China,30933,10.6,6,0.888888889,China (Mainland)
261.0,199.0,Vanderbilt University,United States,L,FC,VH,5.0,B,25.2,348.0,19.8,459.0,100.0,9.0,37.2,377.0,36.4,442.0,34.6,383.0,47.1,332.0,35.7,206.0,51.2,299.0,38.4,92.0,67.4,930.0,54.1,104.0,48.5,153.0,96.0,37.0,96.5,99.0,62.9,521.0,United States,12971,3.9,17,0.888888889,United States
264.0,317.0,University of Colorado Boulder,United States,XL,CO,VH,5.0,A,36.9,237.0,13.5,596.0,33.2,480.0,49.4,269.0,27.1,508.0,5.5,701.0,68.6,204.0,30.8,247.0,96.4,40.0,37.9,138.0,62.9,1380.0,46.5,182.0,51.9,127.0,88.6,145.0,82.8,231.0,56.6,650.0,United States,35844,16.5,8,0.888888889,United States
266.0,197.0,Ulsan National Institute of Science and Technology (UNIST),South Korea,S,FO,VH,2.0,A,15.0,579.0,11.9,601.0,84.1,114.0,98.6,25.0,41.5,399.0,10.9,692.0,1.2,701.0,8.4,701.0,1.8,701.0,37.7,199.0,58.7,2010.0,47.7,164.0,40.8,238.0,85.0,210.0,94.6,124.0,46.5,918.0,South Korea,3799,11.8,9,0.888888889,South Korea
268.0,320.0,Linköping University,Sweden,L,CO,VH,3.0,A,19.0,470.0,26.6,363.0,34.8,457.0,48.8,277.0,77.8,239.0,30.3,420.0,57.9,260.0,34.7,221.0,87.4,108.0,37.5,155.0,66.3,2730.0,28.3,788.0,41.3,231.0,86.4,185.0,92.8,137.0,70.7,397.0,Sweden,15233,14.9,15,0.888888889,Sweden
268.0,235.0,"University of California, Irvine",United States,XL,FC,VH,4.0,A,37.6,230.0,16.6,517.0,14.6,701.0,50.3,263.0,56.9,325.0,49.6,299.0,65.3,214.0,11.4,701.0,58.6,255.0,37.5,92.0,67.4,920.0,47.1,175.0,53.8,119.0,93.2,72.0,96.1,102.0,80.9,242.0,United States,35675,16.2,26,0.888888889,United States
268.0,335.0,University of Cologne,Germany,L,FO,VH,5.0,A,36.9,235.0,38.5,253.0,19.3,686.0,31.2,427.0,40.5,406.0,30.9,413.0,80.9,141.0,37.0,199.0,57.4,263.0,37.5,160.0,61.5,1600.0,42.9,241.0,47.1,165.0,85.6,197.0,98.8,70.0,73.3,358.0,Germany,31299,28.7,17,0.888888889,Germany
272.0,279.0,University of Leicester,United Kingdom,L,FC,VH,5.0,A,21.2,412.0,14.2,576.0,36.1,441.0,45.3,298.0,80.8,226.0,94.1,91.0,75.7,167.0,17.8,468.0,50.9,301.0,37.3,155.0,66.3,2200.0,33.4,527.0,34.2,372.0,95.5,44.0,67.9,482.0,95.1,46.0,United Kingdom,14000,13.9,31,0.888888889,United Kingdom
274.0,312.0,North Carolina State University,United States,XL,CO,VH,5.0,A,27.8,315.0,25.0,384.0,8.9,701.0,67.3,162.0,63.0,306.0,15.3,613.0,49.6,317.0,20.8,398.0,64.5,228.0,37.2,155.0,66.3,2790.0,46.0,191.0,41.4,230.0,73.3,475.0,79.1,276.0,61.8,545.0,United States,31391,15.9,11,0.888888889,United States
275.0,306.0,Huazhong University of Science and Technology,China (Mainland),XL,FC,VH,4.0,A,22.7,384.0,29.2,332.0,10.0,701.0,99.3,16.0,5.5,701.0,3.2,701.0,45.4,340.0,16.8,504.0,27.1,480.0,37.1,158.0,61.7,1580.0,48.8,145.0,48.1,156.0,90.0,127.0,96.9,96.0,32.9,1389.0,China,57663,15.5,4,0.888888889,China (Mainland)
276.0,324.0,University of Milan,Italy,XL,FC,VH,4.0,A,51.2,159.0,12.7,601.0,5.6,701.0,47.8,284.0,7.5,701.0,6.8,701.0,59.0,255.0,24.2,345.0,92.1,77.0,37.0,155.0,66.3,3820.0,31.3,623.0,31.8,420.0,87.3,169.0,69.5,443.0,47.2,884.0,Italy,50995,21.8,7,0.888888889,Italy
276.0,325.0,University of Strathclyde,United Kingdom,L,CO,VH,4.0,A,26.3,334.0,34.6,281.0,17.7,701.0,33.7,405.0,93.3,161.0,67.0,222.0,61.6,235.0,24.0,353.0,59.2,252.0,37.0,155.0,66.3,3380.0,32.4,576.0,35.5,335.0,71.2,532.0,75.5,327.0,91.9,101.0,United Kingdom,20400,16.3,25,0.888888889,United Kingdom
278.0,296.0,University of Miami,United States,L,FC,VH,4.0,B,20.1,435.0,44.7,198.0,76.8,155.0,19.2,565.0,84.2,215.0,22.8,502.0,55.0,283.0,37.0,198.0,50.6,305.0,36.9,155.0,66.3,2250.0,48.5,153.0,34.7,357.0,83.2,252.0,80.4,258.0,67.5,439.0,United States,17060,10.4,14,0.888888889,United States
280.0,253.0,University of Navarra,Spain,L,FC,HI,4.0,B,29.0,300.0,61.2,130.0,56.5,260.0,15.1,635.0,25.2,531.0,74.8,186.0,28.9,464.0,28.4,282.0,45.6,333.0,36.8,155.0,66.3,3250.0,35.6,441.0,30.4,460.0,82.3,282.0,79.1,275.0,74.4,339.0,Spain,11969,14.3,26,0.888888889,Spain
281.0,235.0,Bandung Institute of Technology (ITB),Indonesia,L,CO,VH,5.0,A,41.0,203.0,65.6,122.0,65.6,208.0,2.5,701.0,84.4,213.0,2.3,701.0,1.2,701.0,35.7,209.0,21.2,533.0,36.6,155.0,66.3,12240.0,23.7,1097.0,17.1,960.0,29.2,1459.0,29.4,1195.0,38.5,1168.0,Indonesia,27774,15.3,3,0.888888889,Indonesia
281.0,207.0,University of Bergen,Norway,L,FC,VH,3.0,A,32.7,269.0,5.4,601.0,67.1,197.0,31.2,426.0,92.3,171.0,14.3,635.0,69.3,200.0,23.6,358.0,57.7,259.0,36.6,155.0,66.3,2530.0,36.7,399.0,33.9,381.0,84.2,227.0,69.4,445.0,76.3,308.0,Norway,15751,13.0,11,0.888888889,Norway
283.0,454.0,Stellenbosch University,South Africa,L,FC,VH,5.0,A,25.0,351.0,39.4,240.0,3.1,701.0,59.9,206.0,20.0,591.0,7.8,701.0,92.0,69.0,50.1,132.0,44.1,339.0,36.5,155.0,66.3,3370.0,33.8,504.0,39.5,254.0,76.9,399.0,89.8,169.0,59.9,586.0,South Africa,25140,25.7,7,0.888888889,South Africa
285.0,296.0,Swinburne University of Technology,Australia,L,CO,VH,3.0,A,13.4,601.0,12.0,601.0,11.0,701.0,89.5,76.0,97.9,114.0,65.5,229.0,23.9,507.0,10.8,701.0,25.8,487.0,36.1,155.0,66.3,2420.0,31.7,606.0,34.0,379.0,91.3,104.0,75.4,331.0,85.6,183.0,Australia,14324,28.5,24,0.888888889,Australia
285.0,307.0,Tianjin University,China (Mainland),L,CO,VH,4.0,A,18.7,477.0,8.6,601.0,34.7,461.0,98.2,31.0,24.3,544.0,27.4,446.0,18.6,555.0,24.0,351.0,25.6,488.0,36.1,155.0,66.3,2440.0,46.1,189.0,47.6,160.0,71.4,525.0,93.5,133.0,55.3,669.0,China,26486,8.9,13,0.888888889,China (Mainland)
289.0,270.0,University of Galway,Ireland,L,FC,HI,5.0,A,26.3,335.0,28.2,341.0,61.2,230.0,13.5,666.0,92.3,170.0,39.3,348.0,45.7,338.0,30.7,249.0,90.6,89.0,36.0,155.0,66.3,3150.0,32.9,545.0,33.8,383.0,76.7,401.0,83.0,227.0,77.6,285.0,Ireland,15734,26.1,16,0.888888889,Ireland
290.0,296.0,United Arab Emirates University,United Arab Emirates,M,FC,VH,3.0,A,28.3,310.0,37.8,257.0,52.6,299.0,13.8,659.0,100.0,16.0,38.7,356.0,56.5,273.0,60.9,96.0,16.3,588.0,35.9,155.0,66.3,3450.0,27.0,878.0,34.5,364.0,83.2,258.0,77.4,299.0,89.1,136.0,United Arab Emirates,8147,12.6,18,0.888888889,United Arab Emirates
291.0,302.0,Xi’an Jiaotong University,China (Mainland),XL,FC,VH,4.0,A,21.4,406.0,42.2,222.0,17.4,701.0,80.9,106.0,4.4,701.0,4.1,701.0,36.8,403.0,20.8,397.0,34.6,403.0,35.8,155.0,66.3,3020.0,46.9,176.0,48.0,159.0,70.0,558.0,98.3,86.0,37.8,1207.0,China,45764,14.7,7,0.888888889,China (Mainland)
292.0,303.0,University College Cork,Ireland,L,FC,VH,5.0,A,28.4,309.0,36.3,270.0,29.4,528.0,21.6,534.0,94.8,152.0,47.1,308.0,25.1,496.0,23.5,360.0,96.1,46.0,35.7,155.0,66.3,3460.0,28.3,792.0,31.6,430.0,82.4,279.0,75.9,319.0,77.2,295.0,Ireland,18567,21.1,16,0.888888889,Ireland
294.0,317.0,Université Grenoble Alpes,France,XL,FC,VH,1.0,A,44.5,188.0,10.1,601.0,7.8,701.0,48.8,276.0,18.4,611.0,34.9,380.0,92.6,64.0,14.2,596.0,40.8,360.0,35.6,155.0,66.3,3160.0,42.2,259.0,37.9,293.0,66.9,624.0,69.1,452.0,71.6,380.0,France,51244,18.4,17,0.888888889,France
295.0,281.0,Hong Kong Baptist University,Hong Kong SAR,M,CO,VH,3.0,A,19.4,458.0,12.6,601.0,56.0,265.0,51.9,249.0,97.8,118.0,100.0,20.0,2.6,701.0,15.1,557.0,17.2,574.0,35.4,155.0,66.3,3190.0,34.0,492.0,28.9,498.0,77.2,390.0,69.6,440.0,97.8,10.0,Hong Kong,7460,10.2,55,0.888888889,Hong Kong SAR
297.0,281.0,Georgetown University,United States,L,FC,VH,5.0,B,30.3,288.0,34.4,285.0,59.0,242.0,18.6,574.0,17.0,629.0,39.8,344.0,14.4,606.0,87.8,43.0,66.8,217.0,35.3,187.0,59.5,1870.0,52.6,114.0,37.0,304.0,85.1,209.0,92.2,144.0,53.2,705.0,United States,17508,10.1,18,0.888888889,United States
298.0,308.0,Dalhousie University,Canada,L,FC,VH,5.0,A,19.2,465.0,18.0,488.0,16.0,701.0,41.8,323.0,99.0,97.0,74.7,187.0,37.2,399.0,21.6,385.0,94.4,61.0,34.9,155.0,66.3,3090.0,30.8,647.0,31.6,427.0,78.9,345.0,71.7,391.0,89.1,134.0,Canada,17314,14.7,27,0.888888889,Canada
302.0,363.0,Virginia Polytechnic Institute and State University,United States,XL,FC,VH,5.0,A,26.2,337.0,40.4,232.0,18.7,701.0,34.8,389.0,71.7,267.0,17.9,577.0,70.0,197.0,20.7,402.0,52.8,292.0,34.5,155.0,66.3,3000.0,42.5,253.0,39.4,257.0,78.8,349.0,76.7,306.0,65.4,477.0,United States,37225,18.6,13,0.888888889,United States
304.0,293.0,Jagiellonian University,Poland,XL,FC,VH,5.0,A,37.3,233.0,47.2,188.0,65.1,210.0,6.2,701.0,4.9,701.0,13.4,655.0,59.4,248.0,27.9,289.0,57.7,259.0,34.3,155.0,66.3,6780.0,38.4,349.0,29.0,495.0,55.7,868.0,46.7,869.0,43.4,1002.0,Poland,34309,8.8,11,0.888888889,Poland
304.0,243.0,University of Notre Dame,United States,L,CO,VH,5.0,B,26.5,331.0,32.2,306.0,59.7,238.0,39.1,350.0,23.3,561.0,17.7,578.0,32.0,449.0,45.2,155.0,34.6,403.0,34.3,199.0,58.7,1990.0,51.9,118.0,42.6,215.0,76.1,414.0,72.9,372.0,69.9,409.0,United States,12576,10.9,12,0.888888889,United States
306.0,412.0,University of Johannesburg,South Africa,L,CO,VH,2.0,A,16.2,540.0,21.4,434.0,36.8,430.0,20.7,549.0,96.3,135.0,50.6,286.0,96.9,32.0,43.6,165.0,73.6,182.0,34.0,155.0,66.3,4430.0,28.6,767.0,36.3,321.0,66.8,628.0,44.8,898.0,81.0,240.0,South Africa,31721,26.5,13,0.888888889,South Africa
307.0,585.5,Daegu Gyeongbuk Institute of Science and Technology (DGIST),South Korea,S,FO,VH,2.0,A,10.4,601.0,7.5,601.0,89.0,90.0,100.0,7.0,5.3,701.0,3.7,701.0,1.0,701.0,4.7,701.0,19.9,545.0,34.0,155.0,66.3,3630.0,48.8,144.0,38.9,263.0,64.8,677.0,78.1,288.0,34.5,1335.0,South Korea,742,6.3,4,0.888888889,South Korea
307.0,425.0,Swansea University,United Kingdom,L,FC,HI,5.0,A,21.0,418.0,45.0,193.0,23.6,608.0,27.4,460.0,73.1,261.0,54.1,271.0,59.0,254.0,10.6,701.0,61.0,248.0,33.9,155.0,66.3,2960.0,27.6,839.0,30.2,468.0,89.7,131.0,62.8,599.0,89.5,132.0,United Kingdom,18505,16.8,21,0.888888889,United Kingdom
307.0,293.0,University of Tasmania,Australia,M,CO,VH,5.0,A,17.2,520.0,7.8,601.0,17.7,701.0,58.1,220.0,75.1,254.0,95.8,84.0,48.8,320.0,14.8,562.0,47.2,323.0,33.9,155.0,66.3,2970.0,31.6,609.0,38.4,276.0,82.0,285.0,70.5,417.0,90.9,118.0,Australia,16894,22.5,31,0.888888889,Australia
313.0,392.0,University of Oulu,Finland,M,FC,VH,4.0,A,15.8,553.0,17.3,502.0,26.4,564.0,56.9,228.0,52.5,348.0,9.4,701.0,75.4,168.0,16.6,511.0,88.4,103.0,33.5,155.0,66.3,2800.0,33.1,541.0,38.2,281.0,84.1,230.0,66.0,528.0,59.5,594.0,Finland,10719,20.8,8,0.888888889,Finland
315.0,363.0,Quaid-i-Azam University,Pakistan,M,CO,VH,4.0,A,15.8,552.0,40.3,234.0,2.8,701.0,97.0,40.0,3.4,701.0,1.4,701.0,23.0,519.0,5.8,701.0,23.0,514.0,33.4,155.0,66.3,4740.0,29.7,708.0,24.1,648.0,84.2,228.0,22.9,1404.0,53.7,698.0,Pakistan,11386,20.3,1,0.888888889,Pakistan
315.0,291.0,University of Turku,Finland,L,FC,VH,5.0,A,28.3,311.0,21.1,440.0,52.3,302.0,32.4,417.0,27.2,505.0,4.3,701.0,62.9,227.0,27.8,291.0,77.7,163.0,33.4,155.0,66.3,3440.0,31.6,610.0,34.9,353.0,83.3,251.0,67.0,499.0,52.5,726.0,Finland,13528,15.7,6,0.888888889,Finland
318.0,328.0,Simon Fraser University,Canada,L,CO,VH,4.0,A,25.5,343.0,13.5,600.0,5.7,701.0,42.5,315.0,96.8,128.0,86.3,139.0,34.5,423.0,17.6,474.0,54.3,283.0,33.3,155.0,66.3,2880.0,28.7,758.0,36.7,309.0,84.2,229.0,83.1,225.0,92.9,85.0,Canada,27269,26.8,31,0.888888889,Canada
319.0,230.0,Bauman Moscow State Technical University,Russia,L,CO,VH,5.0,A,31.3,279.0,44.4,202.0,100.0,18.0,1.4,701.0,53.6,343.0,58.9,256.0,1.0,701.0,12.2,701.0,10.5,663.0,33.2,155.0,66.3,4060.0,71.7,38.0,43.9,203.0,22.1,1635.0,51.7,779.0,59.3,596.0,Russian Federation,16061,6.6,18,0.888888889,Russia
323.0,267.0,Sun Yat-sen University,China (Mainland),XL,FC,VH,4.0,A,36.4,238.0,22.3,423.0,48.8,321.0,44.1,304.0,2.4,701.0,4.2,701.0,33.3,429.0,16.7,508.0,38.4,373.0,32.8,155.0,66.3,2400.0,46.6,180.0,39.5,255.0,83.2,256.0,86.2,194.0,39.1,1146.0,China,61453,15.2,5,0.888888889,China (Mainland)
323.0,595.5,University of Pretoria,South Africa,XL,FC,VH,5.0,A,23.6,365.0,52.3,155.0,3.5,701.0,20.7,550.0,25.0,535.0,6.4,701.0,97.6,26.0,58.4,104.0,78.4,158.0,32.8,155.0,66.3,5750.0,31.2,633.0,34.3,370.0,56.7,853.0,69.9,434.0,61.4,553.0,South Africa,37315,22.1,6,0.888888889,South Africa
326.0,363.0,University of South Australia,Australia,L,CO,VH,3.0,A,22.5,390.0,14.0,580.0,22.4,625.0,32.8,415.0,99.8,80.0,45.1,322.0,58.6,256.0,15.4,544.0,81.7,137.0,32.7,155.0,66.3,3350.0,25.0,1007.0,36.8,307.0,82.5,273.0,98.3,85.0,83.5,203.0,Australia,22822,30.2,17,0.888888889,Australia
328.0,355.0,"City, University of London",United Kingdom,L,CO,VH,5.0,A,21.4,405.0,18.1,483.0,6.7,701.0,42.2,321.0,95.0,151.0,99.3,46.0,22.1,527.0,28.3,284.0,41.7,356.0,32.6,155.0,66.3,3600.0,27.4,848.0,30.9,446.0,78.6,351.0,61.8,616.0,95.5,38.0,United Kingdom,16080,19.5,45,0.888888889,United Kingdom
328.0,288.0,Gwangju Institute of Science and Technology (GIST),South Korea,S,FO,VH,3.0,A,17.4,513.0,8.9,601.0,38.4,411.0,100.0,5.0,21.6,577.0,10.0,701.0,1.3,701.0,8.1,701.0,2.1,701.0,32.6,155.0,66.3,4360.0,48.5,152.0,39.6,253.0,50.3,1016.0,99.9,31.0,43.9,992.0,South Korea,1795,9.5,7,0.888888889,South Korea
332.0,270.0,Kyung Hee University,South Korea,L,FC,VH,4.0,B,28.0,312.0,41.6,224.0,84.8,106.0,14.0,657.0,14.2,684.0,54.0,272.0,16.7,577.0,12.1,701.0,33.5,413.0,32.5,155.0,66.3,2690.0,40.3,300.0,40.0,249.0,71.0,538.0,95.9,108.0,71.5,383.0,South Korea,20427,17.6,30,0.888888889,South Korea
332.0,375.0,"University of California, Santa Cruz",United States,L,CO,VH,4.0,A,18.4,487.0,4.9,601.0,7.2,701.0,79.6,111.0,63.6,304.0,8.9,701.0,19.3,547.0,10.7,701.0,89.1,95.0,32.5,155.0,66.3,2080.0,34.9,465.0,39.8,251.0,93.3,70.0,73.2,363.0,77.9,280.0,United States,19154,24.2,12,0.888888889,United States
334.0,380.0,Sharif University of Technology,"Iran, Islamic Republic of",M,FO,VH,4.0,A,10.1,601.0,43.8,207.0,6.1,701.0,99.1,19.0,7.3,701.0,1.3,701.0,9.7,675.0,25.7,321.0,1.9,701.0,32.4,155.0,66.3,3340.0,39.1,337.0,37.4,301.0,78.3,359.0,86.2,193.0,37.0,1241.0,Iran,9389,21.8,2,0.888888889,"Iran, Islamic Republic of"
336.0,330.0,Aalborg University,Denmark,L,FC,VH,3.0,A,20.0,442.0,22.2,424.0,31.5,500.0,42.4,317.0,76.4,244.0,18.2,570.0,79.2,151.0,14.7,569.0,35.8,393.0,32.2,155.0,66.3,2020.0,33.7,508.0,45.0,187.0,83.0,260.0,80.6,256.0,72.4,371.0,Denmark,17275,14.9,12,0.888888889,Denmark
336.0,505.5,Middle East Technical University,Turkey,L,CO,VH,4.0,A,29.0,299.0,63.7,125.0,9.0,701.0,22.2,525.0,11.3,701.0,17.4,583.0,32.2,443.0,24.6,339.0,84.8,120.0,32.2,155.0,66.3,3810.0,44.2,213.0,43.1,209.0,53.6,929.0,81.9,239.0,56.0,660.0,Turkey,16182,21.2,12,0.888888889,Turkey
336.0,375.0,University of Kent,United Kingdom,L,CO,VH,4.0,A,17.0,522.0,6.7,601.0,13.3,701.0,43.9,306.0,96.6,133.0,72.8,195.0,43.0,354.0,20.2,413.0,85.2,118.0,32.2,155.0,66.3,4470.0,27.6,833.0,29.0,496.0,77.6,379.0,51.9,775.0,93.5,73.0,United Kingdom,16515,18.0,27,0.888888889,United Kingdom
340.0,355.0,Beijing Institute of Technology,China (Mainland),L,FO,VH,4.0,A,22.7,385.0,18.1,484.0,41.1,381.0,76.4,125.0,3.1,701.0,4.2,701.0,17.1,572.0,14.1,599.0,23.7,506.0,32.1,155.0,66.3,2520.0,45.1,202.0,44.0,200.0,74.7,443.0,82.1,237.0,36.8,1250.0,China,34050,13.4,8,0.888888889,China (Mainland)
340.0,362.0,George Washington University,United States,L,FC,VH,5.0,B,26.9,323.0,24.5,393.0,28.3,541.0,29.3,439.0,31.6,478.0,27.6,444.0,61.0,239.0,49.5,135.0,62.8,235.0,32.1,155.0,66.3,2110.0,48.2,155.0,35.7,329.0,86.0,191.0,67.3,492.0,66.1,462.0,United States,22211,13.0,14,0.888888889,United States
342.0,295.0,RUDN University,Russia,L,FC,VH,4.0,A,22.4,395.0,45.0,192.0,92.2,74.0,2.0,701.0,8.2,701.0,92.7,103.0,60.1,242.0,12.2,701.0,4.4,701.0,32.0,155.0,66.3,7590.0,39.1,335.0,23.0,687.0,46.1,1093.0,21.0,1481.0,70.4,401.0,Russian Federation,22866,15.6,32,0.888888889,Russia
343.0,412.0,Brunel University London,United Kingdom,L,CO,VH,4.0,A,11.3,601.0,13.3,601.0,7.9,701.0,44.2,303.0,99.7,84.0,99.6,39.0,56.9,269.0,18.5,450.0,62.8,235.0,31.9,155.0,66.3,3560.0,25.2,986.0,26.5,555.0,80.7,307.0,60.1,642.0,98.4,4.0,United Kingdom,14130,17.9,40,0.888888889,United Kingdom
344.0,505.5,University of Aveiro,Portugal,L,CO,VH,4.0,A,13.4,601.0,6.6,601.0,13.8,701.0,84.3,98.0,4.3,701.0,13.5,651.0,72.3,188.0,6.7,701.0,69.3,210.0,31.6,155.0,66.3,6150.0,27.1,866.0,30.2,464.0,57.3,835.0,48.1,836.0,48.6,844.0,Portugal,13563,16.3,11,0.888888889,Portugal
345.0,473.0,University of Saskatchewan,Canada,L,FC,VH,5.0,A,12.0,601.0,6.8,601.0,17.3,701.0,54.3,237.0,70.0,279.0,51.8,280.0,47.2,331.0,20.9,396.0,94.9,56.0,31.5,155.0,66.3,3890.0,39.0,339.0,35.1,348.0,62.9,710.0,95.8,110.0,78.9,265.0,Canada,17924,18.1,21,0.888888889,Canada
347.0,422.0,National Technical University of Athens,Greece,L,FO,VH,5.0,A,20.5,425.0,42.7,215.0,4.7,701.0,72.3,137.0,1.3,701.0,4.3,701.0,32.0,447.0,31.8,240.0,7.8,701.0,31.4,155.0,66.3,7220.0,26.3,922.0,23.0,686.0,59.1,801.0,59.7,651.0,38.1,1187.0,Greece,13532,20.3,6,0.888888889,Greece
349.0,404.0,University of Pisa,Italy,L,FC,VH,5.0,A,40.4,211.0,12.7,601.0,7.5,701.0,41.1,333.0,5.9,701.0,4.1,701.0,67.6,209.0,13.4,642.0,73.6,182.0,31.3,155.0,66.3,4670.0,31.1,638.0,31.2,438.0,80.5,311.0,68.7,463.0,43.2,1013.0,Italy,31567,20.9,5,0.888888889,Italy
351.0,388.0,Lappeenranta-Lahti University of Technology LUT,Finland,S,SP,Unknown,4.0,A,6.9,601.0,13.3,601.0,11.1,701.0,97.7,36.0,45.2,378.0,18.2,573.0,14.7,599.0,11.4,701.0,39.0,367.0,31.2,155.0,66.3,2700.0,33.4,526.0,36.7,308.0,91.7,97.0,65.1,545.0,64.2,499.0,Finland,5028,31.6,14,0.888888889,Finland
351.0,438.0,University of Coimbra,Portugal,L,FC,VH,5.0,A,28.9,304.0,13.1,601.0,11.3,701.0,41.6,329.0,10.7,701.0,37.7,364.0,78.8,153.0,15.6,537.0,79.5,154.0,31.2,155.0,66.3,4200.0,31.4,619.0,38.2,279.0,59.9,785.0,78.0,290.0,54.3,687.0,Portugal,21767,18.4,15,0.888888889,Portugal
353.0,456.0,York University,Canada,XL,CO,VH,4.0,A,23.0,377.0,21.0,441.0,4.6,701.0,29.2,440.0,50.6,356.0,81.2,157.0,28.0,471.0,53.2,119.0,80.8,144.0,31.1,155.0,66.3,4000.0,28.2,800.0,32.4,410.0,78.3,360.0,69.6,442.0,79.5,261.0,Canada,44038,29.1,28,0.888888889,Canada
355.0,406.0,Sichuan University,China (Mainland),XL,FC,VH,3.0,A,20.1,436.0,7.6,601.0,11.4,701.0,94.7,55.0,6.6,701.0,5.4,701.0,26.2,490.0,14.8,564.0,18.8,555.0,30.9,150.0,62.0,1510.0,59.1,81.0,57.3,99.0,69.3,573.0,93.2,135.0,46.1,927.0,China,49117,15.9,5,0.888888889,China (Mainland)
355.0,312.0,University of Tsukuba,Japan,L,FC,VH,4.0,A,35.8,242.0,24.0,402.0,59.0,243.0,19.0,569.0,13.8,691.0,21.2,529.0,31.7,450.0,11.5,701.0,57.7,259.0,30.9,155.0,66.3,3980.0,51.8,119.0,42.6,219.0,52.3,956.0,72.9,374.0,51.3,764.0,Japan,15506,12.1,16,0.888888889,Japan
358.0,460.0,University of Florence,Italy,XL,FC,VH,5.0,A,33.6,259.0,5.7,601.0,4.1,701.0,49.6,266.0,8.1,701.0,10.7,701.0,73.0,181.0,17.4,476.0,81.1,142.0,30.8,155.0,66.3,3660.0,35.5,445.0,34.4,367.0,78.6,352.0,72.9,370.0,51.9,740.0,Italy,40535,24.0,10,0.888888889,Italy
358.0,296.0,University of Tartu,Estonia,M,FC,VH,5.0,A,24.4,355.0,9.0,601.0,91.5,78.0,11.5,701.0,46.5,372.0,22.2,513.0,73.7,177.0,42.1,171.0,27.6,471.0,30.8,155.0,66.3,3410.0,32.8,554.0,31.8,422.0,86.5,184.0,64.1,566.0,60.7,571.0,Estonia,9694,9.0,12,0.888888889,Estonia
360.0,505.5,University of Tehran,"Iran, Islamic Republic of",XL,CO,VH,4.0,A,18.7,476.0,38.8,249.0,3.4,701.0,67.5,159.0,2.1,701.0,1.8,701.0,68.6,203.0,17.5,475.0,18.4,560.0,30.7,155.0,66.3,4870.0,37.7,367.0,28.4,506.0,71.9,512.0,60.5,636.0,33.6,1370.0,Iran,54890,26.6,2,0.274305556,"Iran, Islamic Republic of"
364.0,369.0,American University of Sharjah,United Arab Emirates,S,CO,VH,3.0,B,20.0,438.0,39.1,243.0,20.7,653.0,20.0,559.0,100.0,2.0,100.0,6.0,6.4,701.0,36.9,202.0,3.0,701.0,30.3,155.0,66.3,6130.0,24.5,1040.0,26.3,560.0,57.9,824.0,27.9,1236.0,88.6,141.0,United Arab Emirates,4737,12.5,74,0.888888889,United Arab Emirates
364.0,475.0,University of Turin,Italy,XL,FC,VH,5.0,A,39.8,213.0,5.7,601.0,2.9,701.0,36.8,380.0,4.6,701.0,5.4,701.0,69.4,199.0,32.5,236.0,84.3,123.0,30.3,155.0,66.3,4920.0,23.0,1154.0,30.1,470.0,84.5,225.0,74.4,346.0,45.5,944.0,Italy,63232,29.5,6,0.888888889,Italy
371.0,555.5,Cairo University,Egypt,XL,FC,VH,5.0,A,43.7,193.0,33.2,297.0,8.0,701.0,2.8,701.0,2.7,701.0,6.2,701.0,48.7,321.0,72.5,63.0,78.6,157.0,29.9,155.0,66.3,8290.0,25.0,1003.0,18.5,887.0,59.9,784.0,39.2,999.0,45.4,945.0,Egypt,202915,30.9,5,0.888888889,Egypt
371.0,398.0,Tilburg University,Netherlands,L,FO,VH,4.0,A,15.2,573.0,33.4,294.0,10.4,701.0,44.2,302.0,96.6,131.0,58.4,259.0,9.4,683.0,14.1,602.0,31.0,432.0,29.9,155.0,66.3,2450.0,32.8,555.0,44.9,190.0,80.1,320.0,82.6,234.0,84.5,195.0,Netherlands,13225,32.2,21,0.888888889,Netherlands
375.0,443.0,Amirkabir University of Technology,"Iran, Islamic Republic of",M,FO,VH,4.0,A,4.1,601.0,33.4,295.0,5.1,701.0,99.8,13.0,15.9,652.0,2.8,701.0,9.5,681.0,10.3,701.0,16.5,586.0,29.5,155.0,66.3,3520.0,34.8,468.0,33.7,385.0,77.0,394.0,85.1,207.0,38.8,1157.0,Iran,9859,20.2,3,0.888888889,"Iran, Islamic Republic of"
379.0,312.0,Tufts University,United States,L,FC,VH,5.0,B,18.1,497.0,5.3,601.0,56.2,263.0,42.9,312.0,25.2,532.0,36.2,374.0,18.9,552.0,47.7,143.0,50.9,301.0,29.4,191.0,59.2,1920.0,51.5,122.0,35.0,350.0,87.5,164.0,71.7,392.0,62.8,525.0,United States,11611,10.5,16,0.888888889,United States
380.0,425.0,Flinders University,Australia,L,FC,VH,4.0,A,13.3,601.0,6.7,601.0,6.5,701.0,42.6,313.0,97.0,127.0,89.5,119.0,38.9,385.0,10.5,701.0,64.8,226.0,29.2,155.0,66.3,3140.0,29.2,733.0,35.4,337.0,78.4,353.0,71.0,406.0,88.9,138.0,Australia,17422,29.4,33,0.888888889,Australia
381.0,585.5,University of Luxembourg,Luxembourg,M,CO,VH,2.0,Unknown,9.1,601.0,4.9,601.0,77.2,152.0,28.6,447.0,100.0,14.0,100.0,24.0,18.4,557.0,25.6,323.0,19.9,545.0,29.1,155.0,66.3,2220.0,39.6,319.0,39.4,256.0,78.1,363.0,63.0,588.0,93.2,81.0,Luxembourg,5599,21.3,49,0.888888889,Luxembourg
382.0,256.0,Mahidol University,Thailand,L,FC,VH,4.0,A,42.4,200.0,30.3,322.0,77.7,147.0,4.7,701.0,6.0,701.0,5.1,701.0,10.3,666.0,11.0,701.0,27.6,471.0,29.0,155.0,66.3,7020.0,39.3,327.0,25.0,610.0,46.3,1087.0,78.6,281.0,48.7,841.0,Thailand,28790,8.9,5,0.888888889,Thailand
384.0,378.0,Nankai University,China (Mainland),XL,FC,VH,4.0,A,21.1,414.0,8.6,601.0,29.5,526.0,73.9,132.0,11.2,701.0,3.5,701.0,8.1,701.0,18.9,440.0,22.5,521.0,28.6,155.0,66.3,2780.0,48.8,146.0,31.4,433.0,85.3,204.0,66.5,516.0,49.3,820.0,China,31416,11.7,7,0.888888889,China (Mainland)
387.0,490.0,Aix-Marseille University,France,XL,FC,VH,5.0,A,36.1,241.0,4.5,601.0,8.3,701.0,26.5,468.0,18.5,609.0,19.9,549.0,99.4,13.0,11.3,701.0,64.5,228.0,28.3,155.0,66.3,3510.0,43.0,238.0,27.2,532.0,71.9,508.0,63.2,582.0,76.3,307.0,France,72946,17.3,14,0.888888889,France
387.0,288.0,Belarusian State University,Belarus,L,FO,VH,5.0,A,26.6,327.0,42.5,219.0,95.3,61.0,1.3,701.0,4.1,701.0,49.9,294.0,3.4,701.0,24.5,341.0,1.4,701.0,28.3,155.0,66.3,12260.0,25.5,969.0,11.5,1458.0,17.0,1731.0,55.4,718.0,66.8,449.0,Belarus,23030,7.6,19,0.888888889,Belarus
387.0,555.5,Concordia University,Canada,XL,CO,VH,3.0,A,15.0,580.0,15.2,544.0,3.0,701.0,23.7,504.0,80.3,227.0,89.3,122.0,40.4,373.0,30.2,254.0,88.8,97.0,28.3,155.0,66.3,5260.0,25.7,956.0,29.3,486.0,66.2,644.0,66.3,519.0,86.6,174.0,Canada,36749,34.6,34,0.888888889,Canada
387.0,327.0,National Taiwan University of Science and Technology (Taiwan Tech),Taiwan,M,FO,VH,3.0,A,27.1,321.0,37.8,256.0,43.6,360.0,27.0,463.0,17.5,622.0,31.1,410.0,1.9,701.0,18.5,451.0,26.6,481.0,28.3,155.0,66.3,4590.0,33.2,538.0,36.9,306.0,63.8,695.0,93.2,134.0,56.4,656.0,Taiwan,9221,18.5,19,0.888888889,Taiwan
392.0,406.0,South China University of Technology,China (Mainland),XL,CO,VH,3.0,A,12.5,601.0,4.2,601.0,19.0,694.0,95.4,50.0,10.4,701.0,4.5,701.0,9.7,674.0,21.9,380.0,10.2,667.0,28.2,155.0,66.3,2890.0,36.6,408.0,38.2,282.0,83.2,255.0,92.8,138.0,44.0,990.0,China,40449,12.6,6,0.888888889,China (Mainland)
392.0,422.0,Xiamen University,China (Mainland),XL,FC,VH,4.0,A,25.9,340.0,11.6,601.0,20.0,664.0,65.3,170.0,5.4,701.0,3.4,701.0,25.4,494.0,21.5,387.0,17.1,579.0,28.2,155.0,66.3,3500.0,38.0,363.0,33.5,393.0,83.7,244.0,72.1,386.0,38.4,1175.0,China,44715,15.1,2,0.888888889,China (Mainland)
399.0,308.0,HSE University,Russia,XL,FO,VH,3.0,A,27.3,318.0,31.9,308.0,90.7,82.0,1.9,701.0,6.3,701.0,16.1,597.0,71.1,191.0,13.4,639.0,5.1,701.0,28.0,155.0,66.3,4370.0,34.4,479.0,44.0,202.0,57.3,838.0,56.5,708.0,51.4,758.0,Russian Federation,34656,18.6,12,0.888888889,Russia
400.0,481.0,Iowa State University,United States,L,CO,VH,5.0,A,20.0,440.0,13.5,597.0,8.4,701.0,58.7,217.0,4.6,701.0,11.1,690.0,50.9,307.0,27.2,300.0,51.8,295.0,27.9,155.0,66.3,3740.0,39.5,323.0,34.5,361.0,69.3,571.0,84.8,211.0,46.0,929.0,United States,28591,17.1,8,0.888888889,United States
400.0,555.5,Masaryk University,Czech Republic,XL,CO,VH,5.0,A,23.2,371.0,32.2,305.0,10.4,701.0,15.2,628.0,31.0,481.0,68.7,215.0,56.2,276.0,14.6,575.0,69.9,207.0,27.9,155.0,66.3,7080.0,25.9,944.0,31.0,443.0,50.1,1018.0,41.7,944.0,66.3,460.0,Czech Republic,32789,18.4,23,0.888888889,Czech Republic
403.0,494.0,University of Granada,Spain,XL,FC,VH,5.0,A,44.0,192.0,9.8,601.0,5.6,701.0,23.3,509.0,3.4,701.0,16.1,598.0,96.8,34.0,5.1,701.0,36.1,391.0,27.8,155.0,66.3,5360.0,28.5,774.0,26.6,552.0,65.7,657.0,52.2,765.0,52.6,723.0,Spain,55523,14.7,9,0.888888889,Spain
404.0,625.5,Istanbul Technical University,Turkey,L,FO,VH,5.0,A,24.2,357.0,60.4,131.0,12.1,701.0,13.3,674.0,7.3,701.0,18.3,569.0,37.2,398.0,23.0,365.0,63.1,232.0,27.6,155.0,66.3,5440.0,35.8,436.0,36.6,312.0,51.8,970.0,87.3,183.0,45.8,937.0,Turkey,19055,25.8,14,0.888888889,Turkey
404.0,453.0,"University of California, Riverside",United States,L,FC,VH,4.0,A,17.5,505.0,7.0,601.0,6.7,701.0,59.9,207.0,63.0,307.0,9.1,701.0,45.1,346.0,10.0,701.0,46.6,327.0,27.6,155.0,66.3,2560.0,35.9,429.0,35.4,336.0,85.7,194.0,70.6,415.0,77.0,297.0,United States,25670,19.6,14,0.888888889,United States
404.0,412.0,University of the Philippines,Philippines,XL,FC,HI,5.0,A,34.4,250.0,58.9,136.0,38.0,415.0,1.9,701.0,1.6,701.0,1.1,701.0,9.3,685.0,35.3,213.0,38.7,370.0,27.6,155.0,66.3,13890.0,25.4,977.0,15.3,1098.0,38.7,1246.0,22.8,1409.0,38.4,1174.0,Philippines,53676,11.1,0,0.888888889,Philippines
407.0,525.5,University of Delhi,India,L,FC,VH,5.0,A,36.1,240.0,28.2,344.0,3.9,701.0,22.5,522.0,1.4,701.0,1.7,701.0,24.7,502.0,91.4,34.0,31.0,432.0,27.4,155.0,66.3,8520.0,40.4,295.0,24.2,642.0,39.0,1240.0,40.5,969.0,23.3,1766.0,India,29532,23.8,1,0.888888889,India
410.0,369.0,University of Kansas,United States,L,FC,VH,5.0,A,15.1,577.0,13.3,601.0,83.6,116.0,9.0,701.0,72.6,263.0,7.8,701.0,35.7,414.0,23.5,359.0,71.8,194.0,27.2,155.0,66.3,3770.0,42.7,249.0,25.9,574.0,73.1,478.0,79.9,264.0,58.6,611.0,United States,23410,9.5,7,0.888888889,United States
413.0,438.0,Oxford Brookes University,United Kingdom,L,CO,HI,3.0,A,28.9,301.0,29.7,329.0,13.8,701.0,8.4,701.0,68.8,282.0,70.3,209.0,27.1,481.0,18.4,454.0,34.3,409.0,27.1,155.0,66.3,7420.0,25.1,996.0,21.1,765.0,62.5,719.0,29.1,1199.0,87.9,151.0,United Kingdom,13860,14.0,25,0.888888889,United Kingdom
415.0,461.0,James Cook University,Australia,M,FC,VH,4.0,A,15.4,567.0,8.7,601.0,14.1,701.0,51.1,255.0,42.0,393.0,13.5,650.0,42.5,359.0,9.0,701.0,83.3,131.0,27.0,155.0,66.3,3750.0,28.3,787.0,30.9,447.0,79.6,330.0,58.9,664.0,77.7,283.0,Australia,9759,17.3,9,0.888888889,Australia
418.0,264.0,Tomsk State University,Russia,M,CO,VH,5.0,A,23.1,376.0,10.9,601.0,99.4,32.0,5.1,701.0,23.7,555.0,91.5,109.0,23.4,514.0,7.3,701.0,3.0,701.0,26.9,155.0,66.3,5930.0,49.2,140.0,40.0,250.0,31.8,1405.0,53.8,740.0,79.1,263.0,Russian Federation,7930,11.6,37,0.888888889,Russia
419.0,443.0,Washington State University,United States,L,FC,VH,5.0,A,24.4,354.0,17.9,489.0,16.2,701.0,35.4,386.0,50.0,358.0,5.5,701.0,46.5,335.0,11.1,701.0,49.7,309.0,26.8,155.0,66.3,3470.0,36.9,394.0,34.5,365.0,74.8,442.0,82.9,230.0,60.3,578.0,United States,28896,18.8,6,0.888888889,United States
421.0,284.0,Graz University of Technology,Austria,M,FO,VH,5.0,A,14.5,595.0,11.0,601.0,99.5,31.0,13.6,664.0,75.0,255.0,58.8,258.0,10.4,664.0,13.6,629.0,4.2,701.0,26.7,155.0,66.3,5380.0,40.4,296.0,21.4,750.0,51.5,977.0,91.5,148.0,81.5,232.0,Austria,6660,8.2,24,0.888888889,Austria
421.0,260.0,Novosibirsk State University,Russia,M,CO,VH,4.0,A,27.5,317.0,14.4,572.0,93.5,69.0,12.6,685.0,6.7,701.0,56.3,264.0,5.3,701.0,12.9,667.0,6.8,701.0,26.7,155.0,66.3,7330.0,42.2,260.0,36.6,313.0,31.6,1409.0,40.7,963.0,51.9,743.0,Russian Federation,7264,6.6,20,0.888888889,Russia
426.0,535.5,University of Limerick,Ireland,L,FC,HI,4.0,A,17.5,507.0,29.1,337.0,14.0,701.0,21.9,529.0,88.4,190.0,28.6,434.0,34.6,421.0,13.9,614.0,58.9,254.0,26.6,155.0,66.3,4500.0,27.1,870.0,32.6,406.0,64.1,689.0,75.9,318.0,76.1,311.0,Ireland,14640,27.1,15,0.888888889,Ireland
427.0,555.5,Anna University,India,L,FO,VH,3.0,A,8.5,601.0,8.5,601.0,5.3,701.0,99.8,12.0,18.6,606.0,1.5,701.0,33.8,427.0,9.8,701.0,19.9,545.0,26.5,155.0,66.3,5100.0,32.0,589.0,26.3,561.0,72.4,499.0,51.0,791.0,20.4,1852.0,India,12824,13.1,1,0.888888889,India
429.0,457.0,University of Trento,Italy,L,CO,VH,4.0,A,24.6,352.0,8.9,601.0,19.3,685.0,44.0,305.0,26.9,509.0,6.2,701.0,61.0,238.0,9.3,701.0,34.9,400.0,26.3,155.0,66.3,3970.0,29.3,732.0,34.8,355.0,80.5,312.0,65.2,543.0,61.1,561.0,Italy,14100,18.4,7,0.888888889,Italy
431.0,477.0,Koç University,Turkey,M,FC,HI,3.0,B,22.4,393.0,47.3,187.0,24.0,591.0,28.6,448.0,27.3,504.0,11.2,687.0,6.4,701.0,11.0,701.0,29.9,449.0,26.2,155.0,66.3,3780.0,31.8,596.0,40.5,244.0,68.9,582.0,91.9,146.0,57.4,635.0,Turkey,6427,19.5,9,0.888888889,Turkey
431.0,565.5,Murdoch University,Australia,M,CO,VH,3.0,A,7.3,601.0,5.3,601.0,5.4,701.0,53.1,242.0,86.3,200.0,76.6,178.0,40.1,378.0,14.2,593.0,23.7,506.0,26.2,155.0,66.3,3840.0,23.2,1138.0,29.6,483.0,81.4,293.0,67.2,495.0,94.2,62.0,Australia,14816,34.0,38,0.888888889,Australia
431.0,436.0,National Taipei University of Technology,Taiwan,M,FO,VH,3.0,A,15.0,584.0,57.7,144.0,27.0,560.0,34.3,398.0,21.1,582.0,18.2,571.0,1.3,701.0,17.3,485.0,12.6,638.0,26.2,155.0,66.3,9320.0,27.3,862.0,25.0,611.0,35.8,1307.0,94.1,127.0,41.6,1065.0,Taiwan,9868,15.6,10,0.888888889,Taiwan
431.0,332.0,National Taiwan Normal University,Taiwan,M,CO,VH,4.0,A,34.5,248.0,20.8,448.0,65.4,209.0,5.9,701.0,14.5,674.0,26.7,452.0,1.5,701.0,14.7,571.0,43.2,344.0,26.2,155.0,66.3,5660.0,35.0,462.0,32.0,417.0,51.4,983.0,92.7,139.0,50.4,792.0,Taiwan,10878,12.3,12,0.888888889,Taiwan
431.0,505.5,University of Stirling,United Kingdom,M,CO,VH,4.0,A,11.5,601.0,10.2,601.0,10.5,701.0,34.7,391.0,71.9,266.0,83.5,149.0,14.4,607.0,14.8,566.0,79.8,152.0,26.2,155.0,66.3,4830.0,23.0,1153.0,26.2,563.0,82.4,278.0,41.0,954.0,91.4,109.0,United Kingdom,10650,18.7,28,0.888888889,United Kingdom
436.0,471.0,Dublin City University,Ireland,L,FC,HI,3.0,A,19.7,452.0,27.0,360.0,25.6,575.0,12.4,690.0,76.0,248.0,19.3,557.0,19.3,548.0,24.8,334.0,81.7,137.0,26.0,155.0,66.3,4250.0,24.5,1041.0,35.2,343.0,77.1,392.0,62.8,595.0,73.9,351.0,Ireland,14325,26.1,12,0.888888889,Ireland
436.0,415.0,Tampere University,Finland,L,FC,VH,1.0,A,22.5,391.0,19.5,463.0,23.9,595.0,31.8,422.0,32.0,473.0,6.4,701.0,56.4,275.0,20.6,406.0,37.2,387.0,26.0,155.0,66.3,3400.0,30.6,663.0,38.4,275.0,80.9,304.0,93.1,136.0,49.8,807.0,Finland,16236,20.7,7,0.888888889,Finland
441.0,433.0,Université Laval,Canada,L,FC,VH,5.0,A,19.9,443.0,11.0,601.0,25.6,577.0,25.1,484.0,67.4,290.0,36.3,372.0,55.4,280.0,24.4,343.0,31.0,432.0,25.9,155.0,66.3,2720.0,40.7,286.0,38.7,267.0,73.7,469.0,94.2,125.0,76.2,310.0,Canada,30362,17.9,16,0.888888889,Canada
441.0,392.0,University of Utah,United States,L,FC,VH,5.0,A,15.9,548.0,6.0,601.0,53.0,295.0,36.5,383.0,25.3,530.0,10.1,701.0,54.4,289.0,14.9,560.0,49.0,315.0,25.9,155.0,66.3,2470.0,43.5,232.0,38.5,271.0,87.0,174.0,83.5,221.0,40.9,1085.0,United States,31502,13.3,8,0.888888889,United States
444.0,625.5,National and Kapodistrian University of Athens,Greece,XL,FC,VH,5.0,A,26.3,336.0,31.6,312.0,2.0,701.0,29.1,441.0,9.9,701.0,16.2,595.0,72.8,182.0,28.9,276.0,16.1,592.0,25.8,155.0,66.3,5650.0,22.6,1179.0,23.9,659.0,77.3,387.0,89.8,168.0,56.6,651.0,Greece,67934,34.0,11,0.888888889,Greece
444.0,350.0,University of Connecticut,United States,L,FC,VH,5.0,A,15.1,576.0,6.9,601.0,14.5,701.0,41.6,327.0,47.0,368.0,19.0,560.0,61.4,237.0,21.7,383.0,61.9,243.0,25.8,155.0,66.3,3620.0,41.2,274.0,30.2,465.0,72.8,486.0,68.7,462.0,64.6,492.0,United States,28128,13.1,11,0.888888889,United States
446.0,565.5,Aston University,United Kingdom,L,CO,VH,4.0,A,12.9,601.0,22.8,416.0,10.0,701.0,34.1,400.0,93.0,164.0,38.3,359.0,50.5,310.0,18.1,463.0,12.3,640.0,25.7,155.0,66.3,4020.0,22.2,1205.0,26.5,554.0,82.5,270.0,64.1,563.0,95.2,44.0,United Kingdom,12950,19.0,25,0.888888889,United Kingdom
446.0,347.0,University of Jyväskylä,Finland,M,FO,VH,4.0,A,17.2,518.0,12.5,601.0,86.2,100.0,15.3,626.0,40.9,404.0,2.8,701.0,54.7,287.0,11.4,701.0,30.2,447.0,25.7,155.0,66.3,4450.0,31.4,620.0,34.1,376.0,78.2,361.0,53.0,752.0,49.7,811.0,Finland,10702,13.8,3,0.888888889,Finland
451.0,535.5,Iran University of Science and Technology,"Iran, Islamic Republic of",L,FO,VH,4.0,A,6.6,601.0,23.2,410.0,2.5,701.0,94.8,54.0,18.6,606.0,1.5,701.0,11.1,652.0,5.5,701.0,1.5,701.0,25.6,155.0,66.3,4420.0,33.6,514.0,37.4,300.0,75.2,435.0,73.9,349.0,24.3,1729.0,Iran,14679,32.7,1,0.888888889,"Iran, Islamic Republic of"
454.0,378.0,Czech Technical University in Prague,Czech Republic,L,SP,Unknown,5.0,A,21.5,403.0,37.6,259.0,75.8,161.0,4.1,701.0,25.6,526.0,39.2,349.0,15.3,592.0,13.8,618.0,1.6,701.0,25.2,155.0,66.3,10370.0,30.9,642.0,18.8,873.0,32.2,1396.0,51.9,773.0,60.2,579.0,Czech Republic,15663,8.7,21,0.888888889,Czech Republic
454.0,461.0,Southeast University,China (Mainland),XL,FC,VH,3.0,A,12.8,601.0,7.4,601.0,23.9,593.0,73.1,134.0,15.1,664.0,3.5,701.0,21.1,536.0,8.8,701.0,16.9,581.0,25.2,155.0,66.3,3360.0,39.9,312.0,46.3,176.0,68.4,596.0,90.4,162.0,47.6,875.0,China,39637,12.4,4,0.888888889,China (Mainland)
454.0,384.0,Sultan Qaboos University,Oman,M,FC,VH,3.0,A,16.7,528.0,13.7,593.0,56.7,259.0,18.4,577.0,100.0,58.0,3.4,701.0,48.3,325.0,17.4,478.0,8.0,701.0,25.2,155.0,66.3,7720.0,28.1,805.0,22.2,721.0,62.3,726.0,35.7,1082.0,74.0,350.0,Oman,7512,9.2,4,0.888888889,Oman
461.0,515.5,Florida State University,United States,XL,FC,VH,5.0,A,25.1,349.0,25.7,374.0,6.8,701.0,30.7,430.0,15.6,659.0,3.9,701.0,40.1,379.0,20.5,407.0,54.3,283.0,24.9,155.0,66.3,2600.0,38.2,358.0,38.6,269.0,79.4,334.0,68.2,475.0,58.8,610.0,United States,39831,24.6,6,0.888888889,United States
465.0,525.5,University of Bordeaux,France,XL,FO,VH,5.0,A,30.2,289.0,5.3,601.0,14.4,701.0,21.4,537.0,25.6,527.0,19.5,554.0,91.2,74.0,11.9,701.0,35.8,393.0,24.7,155.0,66.3,3550.0,37.2,384.0,29.9,474.0,72.5,494.0,66.7,511.0,66.6,454.0,France,52643,21.7,14,0.888888889,France
465.0,625.5,University of Sharjah,United Arab Emirates,L,CO,VH,3.0,B,16.7,530.0,18.8,473.0,5.5,701.0,13.5,668.0,100.0,9.0,99.7,35.0,35.9,413.0,14.1,600.0,24.6,495.0,24.7,155.0,66.3,3900.0,20.7,1325.0,25.7,586.0,93.8,62.0,29.0,1202.0,98.8,1.0,United Arab Emirates,12848,18.9,51,0.888888889,United Arab Emirates
469.0,443.0,Illinois Institute of Technology,United States,M,CO,VH,5.0,B,14.2,601.0,15.6,532.0,13.0,701.0,48.5,280.0,30.1,490.0,94.1,93.0,1.5,701.0,13.6,632.0,2.5,701.0,24.6,155.0,66.3,3730.0,42.6,251.0,26.9,543.0,67.8,606.0,91.5,149.0,73.2,359.0,United States,6107,12.2,36,0.888888889,United States
472.0,338.0,Hiroshima University,Japan,L,FC,VH,4.0,A,23.6,366.0,14.0,581.0,81.0,136.0,9.6,701.0,17.3,624.0,12.9,663.0,30.0,457.0,9.8,701.0,37.5,382.0,24.5,155.0,66.3,6660.0,39.6,318.0,26.4,557.0,44.7,1124.0,68.5,466.0,51.5,754.0,Japan,14590,7.6,10,0.888888889,Japan
476.0,363.0,Kobe University,Japan,L,FC,VH,4.0,A,28.5,308.0,38.8,248.0,53.2,292.0,11.6,701.0,7.4,701.0,7.7,701.0,8.7,701.0,11.9,701.0,10.9,658.0,24.3,155.0,66.3,6930.0,39.5,325.0,27.2,535.0,48.1,1056.0,75.4,329.0,39.0,1149.0,Japan,15333,10.2,7,0.888888889,Japan
480.0,505.5,Missouri University of Science and Technology,United States,M,CO,VH,5.0,A,4.6,601.0,4.8,601.0,6.5,701.0,85.1,94.0,61.1,313.0,12.3,674.0,2.1,701.0,9.6,701.0,1.6,701.0,24.0,155.0,66.3,4550.0,33.2,537.0,28.7,501.0,69.6,566.0,88.1,179.0,72.4,372.0,United States,7271,21.6,9,0.888888889,United States
481.0,625.5,Bangor University,United Kingdom,M,FC,VH,5.0,A,8.8,601.0,5.3,601.0,14.9,701.0,39.7,346.0,42.2,391.0,55.4,267.0,24.6,503.0,13.0,661.0,87.4,108.0,23.9,155.0,66.3,4050.0,27.6,829.0,25.3,594.0,72.7,489.0,64.3,559.0,88.2,147.0,United Kingdom,8130,14.8,23,0.888888889,United Kingdom
481.0,625.5,Leibniz University Hannover,Germany,L,CO,VH,5.0,A,21.3,408.0,33.2,298.0,16.8,701.0,14.8,640.0,40.5,408.0,30.6,418.0,44.3,350.0,13.1,654.0,29.9,449.0,23.9,155.0,66.3,3790.0,38.3,354.0,41.5,227.0,62.1,730.0,81.6,242.0,58.2,619.0,Germany,19807,39.5,15,0.888888889,Germany
481.0,405.0,Satbayev University,Kazakhstan,M,FO,VH,4.0,A,23.3,370.0,36.0,272.0,84.3,111.0,1.2,701.0,40.5,407.0,4.2,701.0,1.0,701.0,10.5,701.0,1.3,701.0,23.9,1501.0,66.3,18310.0,22.7,1172.0,10.8,1553.0,8.5,1875.0,23.2,1395.0,68.7,424.0,Kazakhstan,8114,12.4,5,0.888888889,Kazakhstan
486.0,565.5,University of Electronic Science and Technology of China,China (Mainland),XL,CO,VH,4.0,A,4.3,601.0,3.0,601.0,8.6,701.0,96.4,46.0,3.4,701.0,2.6,701.0,21.7,530.0,7.6,701.0,3.5,701.0,23.7,155.0,66.3,3650.0,34.8,469.0,35.2,344.0,80.9,302.0,85.5,201.0,33.9,1359.0,China,37498,15.7,3,0.888888889,China (Mainland)
486.0,595.5,University of Guelph,Canada,L,CO,VH,4.0,A,13.5,601.0,20.9,444.0,5.8,701.0,47.5,286.0,43.5,384.0,15.1,618.0,22.3,525.0,13.1,658.0,36.3,389.0,23.7,155.0,66.3,4350.0,32.6,565.0,36.2,322.0,66.2,645.0,78.1,289.0,64.5,494.0,Canada,22936,27.3,10,0.888888889,Canada
491.0,565.5,Dalian University of Technology,China (Mainland),XL,CO,VH,4.0,A,9.1,601.0,3.2,601.0,16.8,701.0,79.8,110.0,12.2,701.0,3.2,701.0,16.3,582.0,13.7,627.0,8.7,691.0,23.5,155.0,66.3,4230.0,37.0,388.0,35.0,349.0,68.1,599.0,86.8,187.0,40.2,1110.0,China,37389,14.5,3,0.888888889,China (Mainland)
491.0,467.0,University of Iowa,United States,L,FC,VH,5.0,A,19.9,444.0,11.2,601.0,48.2,325.0,20.9,548.0,22.3,569.0,4.6,701.0,51.3,304.0,22.1,374.0,38.4,373.0,23.5,155.0,66.3,2170.0,46.1,186.0,37.0,305.0,79.9,324.0,88.6,177.0,55.8,664.0,United States,28583,10.9,6,0.888888889,United States
494.0,461.0,Rensselaer Polytechnic Institute,United States,M,CO,VH,5.0,B,8.3,601.0,7.0,601.0,19.5,682.0,70.7,144.0,4.0,701.0,44.3,326.0,1.6,701.0,24.1,350.0,2.7,701.0,23.4,155.0,66.3,4760.0,34.1,490.0,30.3,463.0,60.9,760.0,89.9,167.0,78.7,273.0,United States,7496,15.3,20,0.888888889,United States
498.0,346.0,Ewha Womans University,South Korea,L,FC,HI,4.0,B,26.7,325.0,23.0,413.0,77.4,150.0,7.7,701.0,7.8,701.0,19.8,551.0,1.6,701.0,15.3,552.0,6.9,701.0,23.2,155.0,66.3,6520.0,37.6,370.0,35.3,342.0,44.5,1132.0,82.8,232.0,49.6,814.0,South Korea,13999,16.7,15,0.888888889,South Korea
498.0,625.5,Ulster University,United Kingdom,L,CO,VH,4.0,A,8.4,601.0,13.0,601.0,11.9,701.0,12.1,697.0,100.0,72.0,90.5,117.0,38.5,388.0,11.6,701.0,63.7,230.0,23.2,155.0,66.3,7860.0,21.3,1283.0,22.4,717.0,62.0,737.0,50.1,806.0,82.4,215.0,United Kingdom,19825,20.1,10,0.888888889,United Kingdom
498.0,585.5,University of Delaware,United States,L,CO,VH,5.0,A,10.3,601.0,7.9,601.0,6.9,701.0,59.1,212.0,36.3,444.0,13.7,649.0,28.2,468.0,19.8,419.0,31.8,424.0,23.2,155.0,66.3,4240.0,32.7,557.0,31.8,418.0,72.5,495.0,80.9,252.0,62.3,535.0,United States,21545,16.1,11,0.888888889,United States
502.0,565.5,Bilkent University,Turkey,M,CO,VH,3.0,B,22.2,396.0,44.9,196.0,17.2,701.0,12.9,679.0,72.0,264.0,5.7,701.0,4.1,701.0,14.3,588.0,14.2,621.0,23.1,155.0,66.3,6230.0,27.8,813.0,26.0,569.0,48.8,1044.0,91.4,152.0,70.0,406.0,Turkey,9109,14.8,8,0.888888889,Turkey
502.0,725.5,University of Portsmouth,United Kingdom,L,CO,VH,3.0,A,8.4,601.0,9.6,601.0,8.7,701.0,18.7,572.0,75.1,253.0,87.3,134.0,44.8,348.0,12.6,690.0,73.1,187.0,23.1,155.0,66.3,4720.0,20.0,1377.0,20.0,814.0,84.5,223.0,40.6,966.0,94.7,56.0,United Kingdom,23625,16.8,29,0.888888889,United Kingdom
505.0,585.5,Macau University of Science and Technology,Macau SAR,L,CO,VH,2.0,B,4.2,601.0,4.2,601.0,4.5,701.0,47.8,283.0,100.0,12.0,100.0,1.0,2.4,701.0,20.9,394.0,1.1,701.0,23.0,155.0,66.3,2750.0,33.1,540.0,34.2,373.0,78.9,346.0,65.0,546.0,94.7,55.0,Macao,14091,41.8,92,0.888888889,Macau SAR
509.0,457.0,Sogang University,South Korea,M,CO,VH,4.0,B,21.5,401.0,49.1,178.0,55.7,269.0,5.5,701.0,7.2,701.0,24.3,483.0,1.0,701.0,16.5,513.0,1.4,701.0,22.9,155.0,66.3,9750.0,27.2,865.0,30.6,452.0,39.8,1225.0,73.3,362.0,45.0,960.0,South Korea,9688,23.9,19,0.888888889,South Korea
509.0,515.5,University of Bayreuth,Germany,M,CO,VH,3.0,A,10.3,601.0,19.3,467.0,46.4,338.0,27.0,464.0,50.1,357.0,21.9,515.0,40.2,374.0,12.1,701.0,15.4,603.0,22.9,155.0,66.3,3540.0,38.0,361.0,40.8,236.0,65.0,671.0,83.4,222.0,67.7,434.0,Germany,8944,24.5,14,0.888888889,Germany
511.0,545.5,East China Normal University,China (Mainland),L,CO,VH,4.0,A,15.2,571.0,3.7,601.0,19.1,693.0,53.1,243.0,23.3,562.0,19.6,553.0,31.0,453.0,11.7,701.0,19.7,548.0,22.8,155.0,66.3,3120.0,42.7,248.0,35.1,346.0,76.3,408.0,66.3,520.0,56.4,654.0,China,28787,14.1,8,0.888888889,China (Mainland)
514.0,725.5,Boğaziçi University,Turkey,L,CO,HI,5.0,A,23.0,378.0,58.4,138.0,4.0,701.0,14.3,649.0,11.1,701.0,2.6,701.0,4.9,701.0,52.7,121.0,6.2,701.0,22.7,155.0,66.3,6250.0,26.1,929.0,26.6,550.0,57.4,831.0,59.6,653.0,50.6,785.0,Turkey,12877,23.5,2,0.888888889,Turkey
514.0,900.5,Duy Tan University,Vietnam,L,CO,VH,3.0,C,10.7,601.0,26.3,367.0,3.8,701.0,33.6,408.0,37.0,436.0,1.2,701.0,63.7,222.0,10.9,701.0,57.4,263.0,22.7,155.0,66.3,6430.0,12.1,1872.0,14.2,1186.0,87.5,163.0,17.4,1711.0,52.5,725.0,Vietnam,23951,24.3,0,0.888888889,Vietnam
514.0,422.0,Shanghai University,China (Mainland),XL,CO,VH,3.0,A,22.2,397.0,9.0,601.0,53.3,291.0,25.4,476.0,43.8,383.0,5.9,701.0,11.5,643.0,11.1,701.0,15.8,598.0,22.7,155.0,66.3,5820.0,31.8,600.0,38.0,292.0,62.7,712.0,71.3,401.0,42.9,1020.0,China,38015,13.0,6,0.888888889,China (Mainland)
520.0,505.5,Kyungpook National University,South Korea,L,FC,VH,4.0,A,11.1,601.0,18.0,486.0,64.5,217.0,17.2,597.0,9.8,701.0,20.1,545.0,7.7,701.0,43.1,168.0,54.6,279.0,22.6,155.0,66.3,5510.0,33.2,535.0,38.1,284.0,51.5,979.0,96.2,100.0,50.2,798.0,South Korea,18432,20.1,14,0.888888889,South Korea
523.0,675.5,University of Hull,United Kingdom,L,FC,HI,4.0,A,8.5,601.0,3.5,601.0,13.0,701.0,25.4,477.0,57.4,322.0,67.4,221.0,36.4,407.0,16.8,507.0,85.2,118.0,22.5,155.0,66.3,4380.0,27.4,849.0,24.3,637.0,74.3,457.0,59.8,649.0,85.4,185.0,United Kingdom,12305,18.0,21,0.888888889,United Kingdom
530.0,675.5,Aristotle University of Thessaloniki,Greece,XL,FC,VH,4.0,A,28.7,305.0,25.9,370.0,3.8,701.0,13.5,667.0,1.4,701.0,4.0,701.0,75.4,169.0,15.7,532.0,36.6,388.0,22.1,155.0,66.3,8150.0,22.3,1200.0,16.8,980.0,66.3,641.0,52.7,758.0,38.1,1185.0,Greece,49654,18.2,5,0.888888889,Greece
530.0,675.5,University of Genoa,Italy,L,FC,VH,5.0,A,17.4,511.0,3.8,601.0,11.3,701.0,40.6,340.0,4.8,701.0,8.8,701.0,54.3,291.0,12.7,679.0,61.9,243.0,22.1,155.0,66.3,4300.0,36.1,422.0,28.3,509.0,78.0,366.0,73.4,359.0,47.3,879.0,Italy,21470,16.5,7,0.888888889,Italy
534.0,595.5,University of Crete,Greece,L,FC,HI,4.0,A,15.1,575.0,14.3,573.0,3.0,701.0,67.9,158.0,1.7,701.0,3.8,701.0,13.4,619.0,8.9,701.0,3.5,701.0,22.0,155.0,66.3,5280.0,19.9,1378.0,25.7,583.0,76.5,403.0,64.5,557.0,47.4,877.0,Greece,14119,26.5,4,0.888888889,Greece
534.0,625.5,University of Salamanca,Spain,L,FC,VH,5.0,A,26.8,324.0,15.0,550.0,23.2,611.0,6.9,701.0,6.7,701.0,22.4,510.0,45.3,343.0,15.3,550.0,72.5,189.0,22.0,155.0,66.3,9610.0,32.0,592.0,21.8,740.0,50.4,1013.0,39.9,981.0,53.6,701.0,Spain,24707,14.7,13,0.888888889,Spain
542.0,359.0,ITMO University,Russia,M,FO,VH,5.0,A,12.0,601.0,11.6,601.0,96.2,55.0,6.9,701.0,21.4,579.0,38.9,354.0,27.3,476.0,7.3,701.0,15.0,612.0,21.7,155.0,66.3,6770.0,34.0,493.0,34.9,351.0,40.0,1221.0,69.0,454.0,67.1,443.0,Russian Federation,10902,14.6,18,0.888888889,Russia
545.0,505.5,Bar-Ilan University,Israel,L,FC,VH,4.0,A,8.0,601.0,5.3,601.0,7.8,701.0,62.2,194.0,47.9,366.0,2.9,701.0,10.2,667.0,15.2,554.0,28.4,463.0,21.5,155.0,66.3,5140.0,30.0,683.0,34.1,374.0,54.1,911.0,85.8,197.0,46.8,894.0,Israel,19599,19.0,4,0.888888889,Israel
548.0,595.5,Lehigh University,United States,M,CO,VH,5.0,B,5.8,601.0,4.2,601.0,26.2,567.0,38.4,362.0,62.4,311.0,29.6,426.0,9.1,693.0,28.3,285.0,47.5,320.0,21.4,155.0,66.3,6960.0,33.0,543.0,22.5,709.0,57.6,828.0,63.6,574.0,73.8,353.0,United States,6518,11.2,17,0.888888889,United States
548.0,555.5,University of Eastern Finland,Finland,L,CO,VH,4.0,A,14.8,588.0,9.7,601.0,39.4,403.0,24.6,494.0,30.9,482.0,4.8,701.0,62.4,230.0,8.1,701.0,28.4,463.0,21.4,155.0,66.3,5320.0,28.9,746.0,31.2,437.0,69.7,561.0,67.4,490.0,48.5,851.0,Finland,12237,18.5,5,0.888888889,Finland
556.0,775.5,Florida International University,United States,XL,FC,HI,4.0,A,14.9,586.0,35.4,274.0,12.0,701.0,12.8,682.0,21.1,581.0,12.1,676.0,68.1,207.0,14.2,594.0,39.0,367.0,21.1,155.0,66.3,4280.0,31.0,640.0,29.3,487.0,74.2,461.0,61.5,623.0,51.0,771.0,United States,35006,22.4,9,0.888888889,United States
556.0,358.0,"University of Chemistry and Technology, Prague",Czech Republic,S,FO,VH,4.0,A,6.1,601.0,7.9,601.0,99.0,35.0,12.9,680.0,27.8,502.0,71.9,201.0,3.2,701.0,10.1,701.0,1.3,701.0,21.1,155.0,66.3,10320.0,32.8,551.0,14.7,1145.0,29.0,1469.0,45.7,882.0,51.0,770.0,Czech Republic,4061,8.3,23,0.888888889,Czech Republic
561.0,675.5,Chongqing University,China (Mainland),XL,CO,VH,4.0,A,8.4,601.0,3.8,601.0,13.2,701.0,70.4,146.0,14.7,672.0,2.2,701.0,11.4,645.0,13.6,630.0,10.3,665.0,21.0,155.0,66.3,3590.0,32.8,552.0,38.2,278.0,75.9,419.0,79.6,268.0,42.0,1050.0,China,42607,20.1,2,0.888888889,China (Mainland)
561.0,675.5,University of Plymouth,United Kingdom,L,FC,HI,5.0,A,9.0,601.0,12.1,601.0,12.2,701.0,29.1,443.0,51.3,352.0,38.9,352.0,45.4,342.0,11.2,701.0,45.0,335.0,21.0,155.0,66.3,4680.0,24.4,1051.0,21.9,736.0,79.5,332.0,66.1,525.0,80.6,249.0,United Kingdom,15675,17.1,16,0.888888889,United Kingdom
563.0,675.5,Ateneo de Manila University,Philippines,L,FC,MD,5.0,B,19.7,451.0,57.9,141.0,29.0,533.0,1.7,701.0,3.3,701.0,2.7,701.0,1.1,701.0,54.6,115.0,1.7,701.0,20.9,155.0,66.3,10130.0,30.8,646.0,10.8,1544.0,52.4,952.0,27.6,1248.0,33.5,1372.0,Philippines,14168,11.1,1,0.888888889,Philippines
563.0,625.5,University of South Florida,United States,XL,CO,VH,4.0,A,13.2,601.0,10.2,601.0,7.9,701.0,36.6,381.0,30.7,485.0,13.8,646.0,57.8,261.0,10.6,701.0,34.9,400.0,20.9,155.0,66.3,2910.0,31.7,605.0,36.4,318.0,87.6,159.0,99.9,35.0,66.7,453.0,United States,40379,19.0,13,0.888888889,United States
567.0,481.0,Bond University,Australia,S,FO,VH,3.0,B,4.7,601.0,5.2,601.0,44.1,356.0,22.8,518.0,87.7,195.0,93.6,96.0,1.1,701.0,11.7,701.0,1.1,701.0,20.8,155.0,66.3,4070.0,28.2,795.0,23.1,681.0,82.5,271.0,23.1,1397.0,82.3,217.0,Australia,3170,11.2,34,0.888888889,Australia
567.0,625.5,National Chengchi University,Taiwan,M,CO,HI,4.0,A,19.5,455.0,39.0,245.0,19.7,674.0,2.7,701.0,27.1,507.0,23.5,491.0,1.0,701.0,81.0,49.0,1.9,701.0,20.8,155.0,66.3,11230.0,27.6,834.0,27.8,518.0,24.8,1566.0,60.6,633.0,48.8,837.0,Taiwan,12329,14.9,12,0.888888889,Taiwan
567.0,675.5,University of Huddersfield,United Kingdom,L,CO,VH,3.0,A,12.5,601.0,15.0,548.0,6.7,701.0,20.9,547.0,65.1,295.0,79.4,165.0,41.2,367.0,9.0,701.0,7.3,701.0,20.8,155.0,66.3,5420.0,28.3,786.0,25.0,609.0,66.3,642.0,44.4,903.0,88.4,144.0,United Kingdom,14270,19.8,26,0.888888889,United Kingdom
571.0,625.5,Chiang Mai University,Thailand,XL,FC,HI,4.0,A,33.8,256.0,19.3,466.0,16.4,701.0,3.9,701.0,5.1,701.0,4.1,701.0,20.9,538.0,17.1,495.0,59.2,252.0,20.7,155.0,66.3,8390.0,28.5,772.0,19.1,858.0,46.3,1086.0,58.1,678.0,39.5,1131.0,Thailand,33649,13.6,4,0.888888889,Thailand
571.0,675.5,Coventry University,United Kingdom,XL,CO,VH,3.0,A,9.2,601.0,12.5,601.0,15.7,701.0,6.8,701.0,74.8,257.0,100.0,26.0,50.7,308.0,13.7,626.0,26.6,481.0,20.7,155.0,66.3,6380.0,20.9,1305.0,14.9,1132.0,69.6,565.0,26.8,1267.0,95.6,35.0,United Kingdom,32635,14.9,48,0.888888889,United Kingdom
571.0,525.5,Warsaw University of Technology,Poland,L,FO,VH,5.0,A,22.8,382.0,49.8,172.0,38.7,408.0,4.3,701.0,1.8,701.0,10.3,701.0,9.7,676.0,11.5,701.0,2.1,701.0,20.7,155.0,66.3,14880.0,22.0,1232.0,19.6,835.0,33.3,1370.0,53.5,744.0,31.7,1440.0,Poland,23167,17.1,7,0.888888889,Poland
577.0,625.5,Lebanese University,Lebanon,XL,FC,HI,4.0,A,23.7,364.0,49.8,171.0,11.6,701.0,2.1,701.0,43.3,387.0,31.9,401.0,2.3,701.0,9.9,701.0,2.1,701.0,20.5,155.0,66.3,9100.0,42.8,246.0,22.3,718.0,23.6,1592.0,17.7,1686.0,78.8,266.0,Lebanon,46704,14.6,16,0.888888889,Lebanon
580.0,675.5,Abu Dhabi University,United Arab Emirates,S,SP,Unknown,2.0,C,11.5,601.0,17.9,490.0,12.6,701.0,12.4,689.0,100.0,5.0,99.9,32.0,1.2,701.0,11.3,701.0,1.1,701.0,20.4,155.0,66.3,2050.0,48.2,154.0,30.0,471.0,85.8,192.0,25.5,1315.0,97.8,9.0,United Arab Emirates,2506,10.9,60,0.888888889,United Arab Emirates
580.0,486.0,University of Klagenfurt,Austria,S,FO,VH,4.0,A,5.5,601.0,4.3,601.0,60.2,235.0,11.4,701.0,95.2,148.0,86.6,137.0,3.0,701.0,12.0,701.0,1.6,701.0,20.4,155.0,66.3,5490.0,31.2,631.0,19.4,843.0,72.4,501.0,48.1,838.0,87.6,156.0,Austria,3479,10.0,31,0.888888889,Austria
586.0,625.5,Sunway University,Malaysia,S,CO,VH,2.0,B,10.5,601.0,44.1,204.0,52.2,303.0,7.2,701.0,35.5,450.0,24.3,482.0,4.4,701.0,9.2,701.0,5.4,701.0,20.2,155.0,66.3,7730.0,24.7,1033.0,14.6,1157.0,71.7,520.0,17.2,1740.0,78.3,279.0,Malaysia,4350,8.1,14,0.888888889,Malaysia
593.0,515.5,"Goldsmiths, University of London",United Kingdom,M,FO,VH,5.0,A,14.9,587.0,6.0,601.0,14.7,701.0,13.6,663.0,97.8,117.0,92.8,101.0,1.2,701.0,17.2,490.0,1.8,701.0,20.0,155.0,66.3,4330.0,29.2,734.0,25.2,600.0,75.4,431.0,28.9,1203.0,81.0,239.0,United Kingdom,8780,14.5,38,0.888888889,United Kingdom
593.0,900.5,University of Central Florida,United States,XL,FC,VH,4.0,A,14.4,601.0,37.1,264.0,2.8,701.0,25.7,474.0,17.1,626.0,4.5,701.0,32.1,445.0,11.1,701.0,32.7,420.0,20.0,155.0,66.3,4150.0,28.5,771.0,34.4,366.0,74.7,444.0,78.3,285.0,39.9,1118.0,United States,65269,39.1,4,0.888888889,United States
595.0,900.5,Nottingham Trent University,United Kingdom,XL,CO,HI,3.0,A,10.6,601.0,20.5,450.0,10.2,701.0,5.2,701.0,56.9,326.0,61.0,243.0,52.1,300.0,13.8,616.0,50.6,305.0,19.9,155.0,66.3,5720.0,20.7,1322.0,14.3,1179.0,84.6,221.0,37.3,1035.0,88.5,143.0,United Kingdom,32545,15.4,21,0.888888889,United Kingdom
595.0,585.5,Shenzhen University,China (Mainland),XL,CO,VH,3.0,A,8.4,601.0,2.3,601.0,55.2,275.0,42.6,314.0,13.2,698.0,1.4,701.0,14.3,609.0,17.6,472.0,15.8,598.0,19.9,155.0,66.3,3910.0,27.8,820.0,34.3,371.0,85.3,205.0,57.9,683.0,42.4,1036.0,China,35736,14.0,1,0.888888889,China (Mainland)
600.0,675.5,Thammasat University,Thailand,XL,FC,HI,4.0,A,23.8,360.0,26.4,365.0,25.1,583.0,2.1,701.0,11.6,701.0,1.7,701.0,2.0,701.0,72.5,64.0,29.4,453.0,19.8,155.0,66.3,14590.0,26.3,926.0,19.1,860.0,25.7,1548.0,30.1,1179.0,38.1,1190.0,Thailand,30488,11.4,1,0.888888889,Thailand
600.0,471.0,Tulane University,United States,L,FC,HI,5.0,B,9.6,601.0,5.0,601.0,81.5,134.0,10.4,701.0,16.9,631.0,14.5,630.0,45.5,339.0,22.7,367.0,21.4,531.0,19.8,155.0,66.3,4910.0,42.9,245.0,24.4,635.0,73.1,480.0,67.8,485.0,50.7,783.0,United States,12217,7.7,9,0.888888889,United States
605.5,675.5,Drexel University,United States,L,FC,VH,5.0,B,8.4,601.0,6.1,601.0,21.1,644.0,35.1,388.0,32.8,468.0,22.3,511.0,28.4,467.0,26.0,316.0,34.6,403.0,37.150000000000006,155.0,66.3,3100.0,44.1,215.0,26.0,570.0,79.6,328.0,75.6,322.0,62.2,538.0,United States,16910,11.0,15,0.888888889,United States
605.5,625.5,Jawaharlal Nehru University,India,M,CO,VH,4.0,A,29.1,298.0,10.6,601.0,12.2,701.0,24.1,500.0,18.6,606.0,1.6,701.0,4.8,701.0,13.2,648.0,47.5,320.0,37.150000000000006,155.0,66.3,6800.0,41.9,264.0,24.3,638.0,51.8,971.0,33.9,1112.0,23.7,1752.0,India,9737,16.1,1,0.888888889,India
605.5,555.5,University of Szeged,Hungary,L,FC,HI,5.0,B,18.0,498.0,12.0,601.0,44.6,352.0,4.9,701.0,11.9,701.0,50.5,288.0,34.6,420.0,9.1,701.0,34.9,400.0,37.150000000000006,155.0,66.3,11730.0,29.9,697.0,15.8,1063.0,40.5,1215.0,48.1,840.0,57.8,627.0,Hungary,20050,12.3,20,0.888888889,Hungary
615.5,725.5,Brno University of Technology,Czech Republic,L,FO,VH,5.0,A,13.1,601.0,34.7,280.0,22.7,623.0,6.7,701.0,9.0,701.0,70.9,204.0,38.6,387.0,14.2,597.0,2.7,701.0,37.150000000000006,155.0,66.3,10250.0,22.2,1207.0,19.3,846.0,39.0,1238.0,70.3,424.0,58.3,618.0,Czech Republic,18137,15.5,25,0.888888889,Czech Republic
615.5,585.5,National Central University,Taiwan,M,CO,VH,4.0,A,21.5,402.0,27.1,358.0,23.0,617.0,17.8,586.0,12.9,701.0,9.1,701.0,2.1,701.0,6.5,701.0,30.2,447.0,37.150000000000006,155.0,66.3,11220.0,30.8,650.0,24.9,618.0,29.7,1453.0,88.8,176.0,44.4,977.0,Taiwan,11001,9.5,7,0.888888889,Taiwan
615.5,625.5,Pusan National University,South Korea,L,FC,VH,4.0,A,23.0,379.0,18.5,475.0,38.0,416.0,17.1,599.0,10.4,701.0,12.4,672.0,7.9,701.0,13.3,643.0,8.1,701.0,37.150000000000006,155.0,66.3,5760.0,39.2,329.0,39.1,260.0,45.1,1115.0,86.6,190.0,37.8,1206.0,South Korea,17195,16.9,10,0.888888889,South Korea
615.5,392.0,Tokyo Medical and Dental University (TMDU),Japan,S,FO,VH,4.0,A,11.5,601.0,5.8,601.0,100.0,10.0,18.2,580.0,3.5,701.0,15.3,614.0,1.2,701.0,8.0,701.0,1.1,701.0,37.150000000000006,155.0,66.3,4890.0,46.7,179.0,31.3,435.0,53.4,936.0,99.0,68.0,39.0,1151.0,Japan,2990,4.4,12,0.888888889,Japan
615.5,595.5,University of Minho,Portugal,L,FC,VH,4.0,A,15.6,562.0,8.7,601.0,32.8,483.0,18.7,573.0,19.4,596.0,18.0,575.0,52.7,297.0,10.2,701.0,27.6,471.0,37.150000000000006,155.0,66.3,7110.0,26.3,921.0,30.3,462.0,59.3,797.0,74.7,340.0,51.9,742.0,Portugal,20001,19.5,13,0.888888889,Portugal
625.5,475.0,Chang Gung University,Taiwan,M,FO,VH,3.0,B,5.7,601.0,4.6,601.0,70.0,184.0,43.0,309.0,4.3,701.0,4.7,701.0,1.4,701.0,7.9,701.0,4.1,701.0,37.150000000000006,155.0,66.3,6330.0,26.5,907.0,34.6,358.0,47.2,1074.0,95.5,113.0,28.5,1558.0,Taiwan,7017,12.3,5,0.888888889,Taiwan
625.5,555.5,Northwestern Polytechnical University,China (Mainland),XL,CO,VH,4.0,A,5.9,601.0,2.5,601.0,46.0,341.0,53.6,239.0,13.9,686.0,4.8,701.0,6.1,701.0,10.1,701.0,3.2,701.0,37.150000000000006,155.0,66.3,3260.0,37.4,382.0,40.6,241.0,74.7,447.0,86.7,189.0,48.4,855.0,China,36797,14.5,4,0.888888889,China (Mainland)
625.5,725.5,Stevens Institute of Technology,United States,M,CO,VH,5.0,B,2.7,601.0,2.9,601.0,4.7,701.0,52.4,246.0,37.5,428.0,91.4,110.0,1.2,701.0,12.2,701.0,1.1,701.0,37.150000000000006,155.0,66.3,4820.0,26.9,881.0,25.3,599.0,74.6,452.0,62.4,606.0,80.8,243.0,United States,6393,18.6,30,0.888888889,United States
625.5,675.5,Universitat Ramon Llull,Spain,L,CO,HI,3.0,B,10.4,601.0,43.7,208.0,6.3,701.0,8.5,701.0,94.7,153.0,32.2,399.0,2.4,701.0,15.6,535.0,1.4,701.0,37.150000000000006,155.0,66.3,7540.0,20.7,1324.0,18.2,910.0,70.3,555.0,32.1,1140.0,72.6,369.0,Spain,15125,22.6,20,0.888888889,Spain
625.5,625.5,University of Ljubljana,Slovenia,XL,FC,VH,5.0,A,20.0,439.0,9.5,601.0,35.6,446.0,6.3,701.0,4.5,701.0,10.7,701.0,59.3,250.0,48.9,139.0,17.2,574.0,37.150000000000006,155.0,66.3,9130.0,24.5,1044.0,20.1,805.0,54.6,894.0,69.8,436.0,42.4,1034.0,Slovenia,40607,13.8,9,0.888888889,Slovenia
625.5,725.5,University of the Basque Country,Spain,XL,CO,VH,3.0,A,19.4,457.0,6.4,601.0,34.7,462.0,17.4,593.0,2.5,701.0,3.8,701.0,73.6,178.0,7.0,701.0,21.2,533.0,37.150000000000006,155.0,66.3,6190.0,27.0,873.0,23.9,656.0,65.8,652.0,65.5,536.0,46.2,921.0,Spain,38301,13.8,5,0.888888889,Spain
625.5,900.5,Zhengzhou University,China (Mainland),XL,FC,VH,4.0,A,5.4,601.0,19.7,461.0,4.7,701.0,65.6,168.0,18.6,606.0,2.5,701.0,4.4,701.0,6.7,701.0,3.2,701.0,37.150000000000006,155.0,66.3,8030.0,18.7,1488.0,19.8,827.0,82.5,274.0,35.8,1081.0,25.2,1700.0,China,74052,15.6,4,0.888888889,China (Mainland)
635.5,565.5,Boston College,United States,L,CO,VH,5.0,B,20.5,426.0,12.9,601.0,19.3,684.0,21.5,535.0,12.0,701.0,18.3,568.0,9.1,694.0,38.4,189.0,15.9,596.0,37.150000000000006,155.0,66.3,2540.0,43.5,230.0,30.5,454.0,84.6,219.0,60.7,628.0,57.8,626.0,United States,13156,14.9,10,0.888888889,United States
635.5,675.5,Palacký University Olomouc,Czech Republic,L,FO,VH,5.0,A,15.0,583.0,17.9,492.0,29.6,524.0,8.6,701.0,33.3,465.0,19.5,555.0,54.0,292.0,9.5,701.0,23.7,506.0,37.150000000000006,155.0,66.3,9450.0,23.4,1124.0,23.9,661.0,49.8,1023.0,36.8,1052.0,61.8,546.0,Czech Republic,19474,15.2,14,0.888888889,Czech Republic
635.5,725.5,Ritsumeikan University,Japan,XL,CO,HI,5.0,B,15.2,572.0,68.4,108.0,8.1,701.0,3.8,701.0,24.7,540.0,10.2,701.0,2.0,701.0,8.7,701.0,2.2,701.0,37.150000000000006,155.0,66.3,14050.0,19.8,1393.0,13.9,1214.0,27.4,1510.0,30.3,1175.0,46.8,898.0,Japan,35119,17.4,10,0.888888889,Japan
645.5,434.0,Far Eastern Federal University,Russia,L,CO,HI,5.0,A,10.6,601.0,3.5,601.0,94.9,62.0,1.8,701.0,14.1,685.0,66.1,227.0,5.1,701.0,8.2,701.0,1.2,701.0,37.150000000000006,155.0,66.3,12650.0,31.5,612.0,19.6,832.0,21.0,1657.0,26.6,1275.0,62.7,527.0,Russian Federation,15631,12.9,21,0.888888889,Russia
645.5,725.5,Free University of Bozen-Bolzano,Italy,S,FO,VH,3.0,A,5.0,601.0,1.5,601.0,11.0,701.0,47.6,285.0,74.8,256.0,26.3,460.0,11.1,651.0,8.0,701.0,1.9,701.0,37.150000000000006,155.0,66.3,3670.0,31.8,595.0,22.8,693.0,85.5,198.0,45.6,885.0,78.6,275.0,Italy,4244,10.7,14,0.888888889,Italy
645.5,775.5,Memorial University of Newfoundland,Canada,L,FC,HI,4.0,A,7.0,601.0,4.6,601.0,11.0,701.0,28.5,449.0,25.3,529.0,71.9,202.0,36.5,406.0,11.8,701.0,31.0,432.0,37.150000000000006,155.0,66.3,5590.0,27.5,844.0,24.5,629.0,60.9,758.0,83.2,223.0,85.7,182.0,Canada,16318,15.1,23,0.888888889,Canada
645.5,525.5,The New School,United States,M,FO,VH,5.0,B,15.9,549.0,14.9,551.0,44.3,355.0,2.8,701.0,6.0,701.0,91.7,107.0,1.2,701.0,24.7,337.0,1.1,701.0,37.150000000000006,155.0,66.3,9340.0,29.8,699.0,15.5,1083.0,45.8,1102.0,27.2,1257.0,61.1,560.0,United States,8644,9.3,34,0.888888889,United States
645.5,725.5,University of Bradford,United Kingdom,M,CO,VH,4.0,A,8.7,601.0,7.3,601.0,8.2,701.0,18.1,582.0,63.8,301.0,93.2,99.0,20.1,543.0,21.6,384.0,3.4,701.0,37.150000000000006,155.0,66.3,5170.0,23.3,1128.0,22.4,714.0,73.8,466.0,58.1,677.0,90.1,127.0,United Kingdom,8970,19.5,31,0.888888889,United Kingdom
645.5,775.5,University of Houston,United States,XL,CO,VH,4.0,A,13.9,601.0,10.9,601.0,4.5,701.0,34.0,402.0,8.5,701.0,9.3,701.0,34.0,426.0,29.2,273.0,27.8,469.0,37.150000000000006,155.0,66.3,5410.0,33.8,499.0,29.7,481.0,65.8,654.0,70.2,428.0,50.8,778.0,United States,47963,26.3,7,0.888888889,United States
645.5,900.5,University of Modena and Reggio Emilia,Italy,L,FC,VH,5.0,A,8.7,601.0,3.2,601.0,2.3,701.0,50.3,262.0,3.9,701.0,3.8,701.0,21.4,532.0,13.9,613.0,57.4,263.0,37.150000000000006,155.0,66.3,4570.0,32.0,591.0,24.6,624.0,79.6,331.0,80.3,260.0,40.2,1112.0,Italy,21836,27.0,5,0.888888889,Italy
645.5,775.5,University of Windsor,Canada,L,CO,VH,5.0,A,3.6,601.0,4.8,601.0,2.3,701.0,33.1,411.0,87.6,195.0,75.1,184.0,6.1,701.0,20.4,409.0,6.4,701.0,37.150000000000006,155.0,66.3,6020.0,28.7,761.0,29.8,478.0,56.7,854.0,60.7,630.0,90.8,120.0,Canada,14849,34.1,35,0.888888889,Canada
655.5,1100.5,COMSATS University Islamabad,Pakistan,XL,CO,VH,2.0,A,10.4,601.0,29.2,333.0,14.4,701.0,13.9,658.0,1.6,701.0,1.6,701.0,62.6,229.0,8.1,701.0,50.9,301.0,37.150000000000006,155.0,66.3,6360.0,17.9,1554.0,16.6,998.0,88.2,151.0,30.5,1170.0,50.0,801.0,Pakistan,34323,16.0,1,0.888888889,Pakistan
655.5,725.5,University of Haifa,Israel,L,FO,VH,4.0,A,13.1,601.0,7.4,601.0,19.6,678.0,30.1,433.0,14.2,681.0,3.9,701.0,13.5,617.0,14.1,601.0,51.8,295.0,37.150000000000006,155.0,66.3,6620.0,23.9,1084.0,30.1,469.0,68.4,594.0,64.5,558.0,34.5,1338.0,Israel,17353,18.4,3,0.888888889,Israel
655.5,900.5,University of Hohenheim,Germany,M,SP,Unknown,5.0,A,9.8,601.0,5.3,601.0,10.0,701.0,39.4,348.0,26.4,515.0,24.2,484.0,36.3,410.0,8.8,701.0,15.0,612.0,37.150000000000006,155.0,66.3,2630.0,35.0,461.0,35.5,334.0,85.7,195.0,80.5,257.0,61.7,549.0,Germany,8369,37.7,14,0.888888889,Germany
665.5,675.5,Aberystwyth University,United Kingdom,M,CO,VH,5.0,A,9.5,601.0,6.4,601.0,19.5,680.0,23.5,507.0,46.1,374.0,49.5,300.0,27.1,482.0,10.5,701.0,9.6,678.0,37.150000000000006,155.0,66.3,5030.0,26.3,918.0,23.0,684.0,68.5,593.0,62.4,603.0,87.3,160.0,United Kingdom,6180,15.6,23,0.888888889,United Kingdom
665.5,497.0,Brandeis University,United States,M,CO,VH,4.0,B,9.8,601.0,4.3,601.0,49.9,311.0,16.3,609.0,26.2,521.0,70.6,207.0,1.4,701.0,17.4,477.0,1.5,701.0,37.150000000000006,155.0,66.3,2550.0,36.7,401.0,28.3,507.0,84.6,220.0,64.2,561.0,81.4,233.0,United States,4791,11.6,33,0.888888889,United States
665.5,625.5,Lebanese American University,Lebanon,M,FC,HI,4.0,B,10.5,601.0,28.2,342.0,35.5,447.0,3.2,701.0,78.9,233.0,26.4,457.0,1.0,701.0,10.4,701.0,7.8,701.0,37.150000000000006,155.0,66.3,5520.0,26.7,892.0,13.2,1286.0,76.4,406.0,32.8,1129.0,84.2,199.0,Lebanon,7100,10.1,17,0.888888889,Lebanon
665.5,775.5,Middlesex University,United Kingdom,L,CO,HI,4.0,A,5.6,601.0,4.8,601.0,8.3,701.0,14.3,650.0,85.1,209.0,99.6,38.0,20.6,540.0,15.8,529.0,8.6,693.0,37.150000000000006,155.0,66.3,5610.0,22.8,1166.0,18.5,890.0,80.0,323.0,46.8,867.0,93.4,76.0,United Kingdom,15545,18.3,50,0.888888889,United Kingdom
665.5,675.5,National Chung Hsing University,Taiwan,L,CO,VH,4.0,A,20.2,434.0,24.1,400.0,27.6,552.0,11.8,701.0,7.9,701.0,5.6,701.0,2.2,701.0,20.4,410.0,20.1,544.0,37.150000000000006,155.0,66.3,11240.0,23.8,1093.0,25.2,603.0,33.8,1356.0,78.8,280.0,32.5,1404.0,Taiwan,14394,15.5,6,0.888888889,Taiwan
665.5,725.5,Princess Nourah bint Abdulrahman University,Saudi Arabia,L,CO,HI,4.0,A,16.6,532.0,16.5,519.0,19.4,683.0,1.9,701.0,92.5,167.0,47.7,307.0,6.3,701.0,8.2,701.0,2.5,701.0,37.150000000000006,155.0,66.3,7510.0,26.7,893.0,16.3,1027.0,66.1,647.0,28.3,1227.0,91.7,102.0,Saudi Arabia,22552,12.1,17,0.888888889,Saudi Arabia
665.5,900.5,Tokyo University of Science,Japan,L,FO,VH,4.0,B,11.0,601.0,54.8,149.0,10.6,701.0,11.7,701.0,13.3,696.0,3.8,701.0,1.2,701.0,29.8,267.0,7.0,701.0,37.150000000000006,155.0,66.3,14650.0,24.0,1081.0,26.1,568.0,26.4,1529.0,74.0,348.0,29.1,1537.0,Japan,17662,24.0,4,0.888888889,Japan
665.5,545.5,Universidad Panamericana (UP),Mexico,L,FO,HI,4.0,B,8.7,601.0,22.0,427.0,81.5,133.0,1.2,701.0,10.5,701.0,2.5,701.0,1.2,701.0,49.4,137.0,1.0,701.0,37.150000000000006,1501.0,66.3,17860.0,23.9,1085.0,9.1,1784.0,12.0,1822.0,16.0,1865.0,43.9,993.0,Mexico,15469,7.8,2,0.888888889,Mexico
665.5,775.5,Universitas Padjadjaran,Indonesia,XL,FO,VH,4.0,A,16.8,525.0,34.0,287.0,36.6,433.0,1.4,701.0,24.0,549.0,1.7,701.0,1.2,701.0,22.0,375.0,24.8,490.0,37.150000000000006,1501.0,66.3,17840.0,28.5,776.0,12.2,1390.0,19.2,1698.0,23.6,1378.0,34.3,1346.0,Indonesia,35498,11.3,1,0.888888889,Indonesia
675.5,625.5,Carleton University,Canada,L,CO,VH,4.0,A,10.9,601.0,13.9,584.0,3.1,701.0,21.8,531.0,21.6,575.0,46.0,316.0,16.8,576.0,28.5,281.0,35.8,393.0,37.150000000000006,155.0,66.3,5220.0,22.6,1174.0,31.2,436.0,67.0,621.0,75.5,325.0,77.2,292.0,Canada,29656,29.4,21,0.888888889,Canada
675.5,675.5,University of Debrecen,Hungary,L,FC,HI,5.0,A,17.3,515.0,10.3,601.0,30.4,516.0,3.7,701.0,10.6,701.0,68.0,218.0,39.6,381.0,16.9,500.0,3.5,701.0,37.150000000000006,155.0,66.3,6400.0,41.2,275.0,22.5,706.0,40.7,1209.0,51.1,789.0,59.7,590.0,Hungary,19964,12.0,24,0.888888889,Hungary
675.5,900.5,University of Greenwich,United Kingdom,L,CO,HI,3.0,A,4.5,601.0,4.2,601.0,4.6,701.0,10.6,701.0,91.9,173.0,100.0,30.0,41.1,368.0,12.8,671.0,12.7,636.0,37.150000000000006,155.0,66.3,5390.0,17.8,1567.0,17.5,940.0,81.2,298.0,40.9,956.0,97.2,19.0,United Kingdom,17095,21.8,46,0.888888889,United Kingdom
675.5,675.5,University of Manitoba,Canada,XL,FC,VH,5.0,A,14.5,596.0,12.0,601.0,36.3,438.0,10.0,701.0,18.6,606.0,27.8,442.0,29.3,461.0,24.1,348.0,32.9,419.0,37.150000000000006,155.0,66.3,3800.0,31.8,598.0,34.7,356.0,76.3,409.0,62.3,608.0,59.1,601.0,Canada,30316,30.0,21,0.888888889,Canada
685.5,900.5,De La Salle University,Philippines,L,CO,HI,4.0,B,21.0,419.0,45.1,191.0,10.5,701.0,4.2,701.0,2.0,701.0,2.7,701.0,1.3,701.0,35.6,210.0,5.6,701.0,37.150000000000006,1501.0,66.3,15930.0,19.6,1411.0,12.8,1321.0,31.3,1415.0,17.4,1710.0,29.3,1525.0,Philippines,14905,14.5,3,0.888888889,Philippines
685.5,625.5,East China University of Science and Technology,China (Mainland),L,CO,VH,4.0,A,7.5,601.0,2.6,601.0,13.0,701.0,61.4,200.0,2.7,701.0,1.8,701.0,2.8,701.0,11.7,701.0,3.6,701.0,37.150000000000006,155.0,66.3,6440.0,29.9,693.0,25.8,579.0,60.2,769.0,87.1,186.0,23.2,1768.0,China,30974,18.0,2,0.888888889,China (Mainland)
685.5,775.5,Shiraz University,"Iran, Islamic Republic of",L,CO,VH,4.0,A,5.7,601.0,10.4,601.0,5.1,701.0,54.9,234.0,1.2,701.0,1.8,701.0,6.4,701.0,13.4,640.0,27.6,471.0,37.150000000000006,155.0,66.3,9710.0,29.3,731.0,24.6,625.0,55.0,888.0,57.4,696.0,29.1,1536.0,Iran,14857,20.8,2,0.888888889,"Iran, Islamic Republic of"
685.5,675.5,Taras Shevchenko National University of Kyiv,Ukraine,L,CO,VH,5.0,A,19.2,467.0,38.6,252.0,33.4,477.0,2.3,701.0,1.5,701.0,5.1,701.0,2.9,701.0,28.0,288.0,1.9,701.0,37.150000000000006,155.0,66.3,14500.0,30.0,689.0,13.1,1293.0,20.2,1672.0,31.4,1154.0,31.8,1434.0,Ukraine,25937,10.6,5,0.888888889,Ukraine
685.5,725.5,University of Kentucky,United States,L,FC,VH,5.0,A,10.9,601.0,11.5,601.0,18.9,696.0,26.1,470.0,20.9,584.0,3.7,701.0,40.6,371.0,13.6,634.0,24.1,502.0,37.150000000000006,155.0,66.3,4480.0,41.3,272.0,30.8,448.0,71.8,515.0,70.9,410.0,46.8,897.0,United States,27540,11.3,3,0.888888889,United States
695.5,535.5,Inha University,South Korea,L,FC,VH,4.0,B,10.9,601.0,15.3,539.0,72.9,172.0,11.7,701.0,8.8,701.0,14.4,634.0,1.4,701.0,12.4,700.0,3.0,701.0,37.150000000000006,155.0,66.3,8800.0,31.2,630.0,27.2,534.0,41.7,1189.0,83.9,220.0,38.8,1158.0,South Korea,16035,19.2,8,0.888888889,South Korea
695.5,900.5,University of Dhaka,Bangladesh,XL,FC,MD,5.0,A,21.3,409.0,44.9,195.0,11.7,701.0,2.6,701.0,1.7,701.0,1.0,701.0,2.1,701.0,30.3,253.0,11.6,652.0,37.150000000000006,155.0,66.3,8550.0,17.5,1594.0,10.0,1639.0,68.8,585.0,18.1,1657.0,48.5,850.0,Bangladesh,216258,15.3,3,0.888888889,Bangladesh
695.5,725.5,University of Trieste,Italy,L,FC,HI,4.0,A,11.9,601.0,3.6,601.0,4.0,701.0,45.5,297.0,6.4,701.0,7.6,701.0,37.6,397.0,12.9,666.0,4.0,701.0,37.150000000000006,155.0,66.3,5940.0,31.9,593.0,25.1,608.0,74.2,462.0,52.3,763.0,52.0,739.0,Italy,17196,26.0,7,0.888888889,Italy
705.5,525.5,Altai State University,Russia,M,FO,VH,4.0,A,10.0,601.0,3.7,601.0,84.4,110.0,1.4,701.0,6.7,701.0,69.9,212.0,1.0,701.0,7.6,701.0,6.1,701.0,37.150000000000006,1501.0,66.3,15200.0,20.5,1334.0,16.5,1003.0,15.2,1761.0,25.2,1330.0,64.4,496.0,Russian Federation,9271,19.0,27,0.888888889,Russia
705.5,490.0,Chiba University,Japan,L,FC,VH,4.0,A,16.8,527.0,8.4,601.0,62.3,226.0,10.9,701.0,7.5,701.0,5.2,701.0,2.5,701.0,8.6,701.0,18.8,555.0,37.150000000000006,155.0,66.3,8400.0,33.2,532.0,20.9,774.0,42.0,1181.0,68.9,456.0,33.9,1358.0,Japan,13832,8.9,6,0.888888889,Japan
705.5,725.5,Eötvös Loránd University,Hungary,L,CO,VH,5.0,A,23.9,359.0,16.8,515.0,13.2,701.0,7.8,701.0,5.0,701.0,11.3,685.0,31.1,452.0,30.8,248.0,10.2,667.0,37.150000000000006,155.0,66.3,8560.0,28.6,764.0,19.2,855.0,57.3,836.0,33.4,1124.0,51.3,760.0,Hungary,30414,17.8,11,0.888888889,Hungary
705.5,438.0,Wake Forest University,United States,M,FC,VH,5.0,B,5.4,601.0,6.1,601.0,100.0,13.0,11.0,701.0,5.4,701.0,13.5,654.0,5.5,701.0,16.5,514.0,2.3,701.0,37.150000000000006,155.0,66.3,5010.0,39.6,321.0,22.0,732.0,80.6,309.0,78.5,283.0,38.7,1164.0,United States,8293,4.1,9,0.888888889,United States
705.5,725.5,Zayed University,United Arab Emirates,M,CO,HI,3.0,A,14.5,597.0,17.3,503.0,22.0,628.0,6.3,701.0,100.0,13.0,2.0,701.0,8.3,701.0,17.0,499.0,2.8,701.0,37.150000000000006,155.0,66.3,5020.0,28.3,794.0,25.4,593.0,85.7,196.0,35.0,1091.0,74.5,338.0,United Arab Emirates,9036,14.4,2,0.888888889,United Arab Emirates
715.5,900.5,Istanbul University,Turkey,XL,FC,HI,5.0,A,26.4,333.0,19.1,469.0,3.0,701.0,4.2,701.0,6.4,701.0,15.7,606.0,36.1,411.0,34.7,220.0,3.4,701.0,37.150000000000006,155.0,66.3,10800.0,23.5,1110.0,22.0,730.0,34.4,1339.0,50.9,793.0,38.2,1181.0,Turkey,61369,25.4,9,0.888888889,Turkey
715.5,545.5,Savitribai Phule Pune University,India,M,CO,VH,4.0,A,7.8,601.0,11.3,601.0,55.1,276.0,30.4,432.0,1.2,701.0,3.3,701.0,3.0,701.0,7.2,701.0,4.9,701.0,37.150000000000006,155.0,66.3,9640.0,44.0,220.0,11.8,1430.0,54.5,897.0,22.8,1410.0,25.2,1697.0,India,5871,9.6,4,0.888888889,India
715.5,900.5,"University of Maryland, Baltimore County",United States,M,FC,VH,4.0,A,10.6,601.0,13.1,601.0,13.4,701.0,18.1,581.0,59.4,318.0,15.9,601.0,6.2,701.0,10.8,701.0,38.7,370.0,37.150000000000006,155.0,66.3,7070.0,28.8,753.0,24.6,623.0,61.5,743.0,66.8,508.0,50.1,799.0,United States,11668,17.2,11,0.888888889,United States
715.5,725.5,University of Westminster,United Kingdom,L,CO,HI,3.0,A,12.9,601.0,6.7,601.0,5.9,701.0,6.0,701.0,78.4,235.0,100.0,28.0,1.9,701.0,16.3,515.0,1.9,701.0,37.150000000000006,155.0,66.3,9950.0,19.4,1439.0,18.1,914.0,55.3,882.0,40.0,980.0,87.1,165.0,United Kingdom,17315,19.8,48,0.888888889,United Kingdom
725.5,555.5,Jeonbuk National University,South Korea,L,FC,VH,4.0,A,16.7,531.0,10.7,601.0,65.8,207.0,9.7,701.0,8.2,701.0,7.4,701.0,2.9,701.0,5.1,701.0,3.1,701.0,37.150000000000006,155.0,66.3,8910.0,30.2,678.0,27.3,530.0,45.0,1119.0,68.1,478.0,34.1,1351.0,South Korea,20118,19.6,7,0.888888889,South Korea
725.5,775.5,Temple University,United States,L,FC,VH,5.0,A,12.5,601.0,7.9,601.0,26.4,565.0,18.8,570.0,3.4,701.0,5.7,701.0,48.1,326.0,18.3,455.0,23.0,514.0,37.150000000000006,155.0,66.3,3950.0,40.7,289.0,24.3,641.0,85.2,208.0,70.4,422.0,43.6,1000.0,United States,34069,12.3,6,0.888888889,United States
725.5,1100.5,Ton Duc Thang University,Vietnam,L,FO,VH,3.0,B,4.2,601.0,10.2,601.0,5.1,701.0,34.6,394.0,18.4,610.0,1.6,701.0,84.9,117.0,11.8,701.0,6.8,701.0,37.150000000000006,155.0,66.3,7820.0,12.9,1852.0,16.0,1051.0,90.6,117.0,20.9,1489.0,63.1,516.0,Vietnam,28400,21.9,1,0.888888889,Vietnam
725.5,1100.5,University of Belgrade,Serbia,XL,FC,VH,5.0,A,17.8,501.0,5.2,601.0,4.3,701.0,5.3,701.0,2.9,701.0,4.3,701.0,95.4,50.0,56.7,110.0,16.1,592.0,37.150000000000006,155.0,66.3,8220.0,21.3,1279.0,27.0,540.0,49.4,1030.0,34.0,1109.0,42.3,1038.0,Serbia,91494,18.2,5,0.888888889,Serbia
725.5,725.5,University of Oregon,United States,L,CO,VH,5.0,A,17.7,503.0,8.6,601.0,11.2,701.0,24.0,502.0,12.5,701.0,4.5,701.0,8.9,699.0,18.3,457.0,30.7,438.0,37.150000000000006,155.0,66.3,4650.0,31.1,637.0,30.5,455.0,79.4,336.0,70.2,431.0,43.2,1012.0,United States,21185,13.0,6,0.888888889,United States
735.5,900.5,"Adam Mickiewicz University, Poznań",Poland,L,CO,VH,5.0,A,15.8,554.0,8.7,601.0,29.7,523.0,5.0,701.0,7.0,701.0,7.0,701.0,59.5,247.0,12.6,689.0,38.4,373.0,37.150000000000006,155.0,66.3,10030.0,19.7,1396.0,28.4,505.0,43.5,1153.0,29.6,1193.0,37.8,1203.0,Poland,33268,25.0,6,0.888888889,Poland
735.5,675.5,Alfaisal University,Saudi Arabia,S,FO,VH,2.0,B,3.9,601.0,3.2,601.0,23.9,594.0,10.7,701.0,100.0,26.0,89.4,120.0,1.1,701.0,9.2,701.0,1.2,701.0,37.150000000000006,155.0,66.3,5070.0,24.1,1072.0,15.2,1102.0,72.7,488.0,42.1,934.0,97.7,11.0,Saudi Arabia,3274,10.8,32,0.888888889,Saudi Arabia
735.5,900.5,Bournemouth University,United Kingdom,L,CO,HI,3.0,A,5.7,601.0,8.3,601.0,6.1,701.0,17.4,594.0,81.2,224.0,50.1,293.0,23.3,515.0,10.0,701.0,18.4,560.0,37.150000000000006,155.0,66.3,4080.0,23.2,1132.0,21.1,762.0,86.7,178.0,38.4,1013.0,89.0,137.0,United Kingdom,14260,19.1,21,0.888888889,United Kingdom
735.5,775.5,University of Siena,Italy,L,FC,HI,5.0,A,12.5,601.0,2.6,601.0,8.6,701.0,33.2,411.0,2.1,701.0,15.1,617.0,16.0,585.0,8.3,701.0,49.4,312.0,37.150000000000006,155.0,66.3,5850.0,25.0,1006.0,25.6,589.0,75.9,421.0,74.9,338.0,48.7,843.0,Italy,13115,18.1,10,0.888888889,Italy
745.5,900.5,Budapest University of Technology and Economics,Hungary,L,FO,VH,5.0,A,14.3,601.0,19.4,464.0,15.2,701.0,8.9,701.0,2.5,701.0,18.8,562.0,25.4,493.0,25.0,329.0,40.8,360.0,37.150000000000006,155.0,66.3,12360.0,22.2,1208.0,18.3,899.0,35.8,1305.0,59.3,656.0,37.6,1214.0,Hungary,18621,16.9,13,0.888888889,Hungary
745.5,775.5,Instituto Politécnico Nacional (IPN),Mexico,XL,FO,VH,4.0,A,20.4,429.0,40.2,235.0,8.7,701.0,2.1,701.0,2.6,701.0,1.1,701.0,6.9,701.0,9.8,701.0,33.5,413.0,37.150000000000006,1501.0,66.3,16540.0,20.7,1320.0,9.9,1651.0,14.5,1776.0,26.7,1272.0,25.5,1682.0,Mexico,141583,13.0,0,0.888888889,Mexico
745.5,725.5,Jadavpur University,India,L,CO,VH,5.0,A,16.3,538.0,5.1,601.0,8.3,701.0,37.9,368.0,18.6,606.0,1.0,701.0,3.1,701.0,14.4,587.0,21.2,533.0,37.150000000000006,155.0,66.3,10830.0,35.3,451.0,15.8,1060.0,46.0,1096.0,35.4,1083.0,19.2,1883.0,India,14338,21.3,0,0.888888889,India
745.5,900.5,University of the Punjab,Pakistan,L,CO,VH,5.0,A,14.2,601.0,52.3,154.0,5.3,701.0,9.8,701.0,2.9,701.0,1.3,701.0,5.2,701.0,14.6,574.0,4.9,701.0,37.150000000000006,155.0,66.3,9520.0,27.7,825.0,14.7,1149.0,62.4,723.0,24.9,1341.0,46.7,905.0,Pakistan,28692,22.0,1,0.888888889,Pakistan
745.5,900.5,University of the West of England,United Kingdom,XL,CO,HI,3.0,A,9.2,601.0,9.4,601.0,8.4,701.0,10.8,701.0,48.4,363.0,75.8,183.0,24.8,499.0,8.9,701.0,21.6,528.0,37.150000000000006,155.0,66.3,6010.0,19.5,1426.0,15.0,1128.0,82.6,269.0,30.2,1178.0,78.6,277.0,United Kingdom,26890,15.9,25,0.888888889,United Kingdom
755.5,900.5,Kasetsart University,Thailand,XL,CO,VH,4.0,A,24.3,356.0,21.8,431.0,6.2,701.0,2.5,701.0,4.8,701.0,1.3,701.0,5.2,701.0,19.3,435.0,51.5,297.0,37.150000000000006,1501.0,66.3,16770.0,18.1,1543.0,12.6,1347.0,23.5,1595.0,25.7,1308.0,33.8,1362.0,Thailand,70633,18.7,1,0.888888889,Thailand
755.5,900.5,Liverpool John Moores University,United Kingdom,L,CO,VH,3.0,A,9.9,601.0,6.8,601.0,8.4,701.0,14.5,645.0,48.1,365.0,24.4,480.0,56.2,278.0,10.4,701.0,24.4,497.0,37.150000000000006,155.0,66.3,5550.0,21.6,1257.0,19.3,848.0,77.7,375.0,35.4,1084.0,83.0,209.0,United Kingdom,23200,18.1,16,0.888888889,United Kingdom
755.5,775.5,Riga Technical University,Latvia,M,CO,VH,5.0,A,11.4,601.0,28.2,343.0,19.7,673.0,2.9,701.0,16.4,644.0,59.9,248.0,1.4,701.0,18.5,452.0,15.2,608.0,37.150000000000006,155.0,66.3,11470.0,26.4,916.0,23.9,662.0,32.0,1400.0,46.4,874.0,57.0,642.0,Latvia,10830,31.7,22,0.888888889,Latvia
755.5,575.5,Université du Québec,Canada,XL,FC,HI,4.0,A,17.3,516.0,11.8,601.0,1.6,701.0,16.3,610.0,37.1,435.0,11.6,683.0,19.7,545.0,14.8,563.0,27.3,478.0,37.150000000000006,155.0,66.3,4750.0,33.7,509.0,33.8,384.0,57.2,844.0,71.5,397.0,74.3,344.0,Canada,51748,18.4,11,0.888888889,Canada
755.5,900.5,University of Zagreb,Croatia,XL,FC,VH,5.0,A,16.2,539.0,4.7,601.0,23.8,597.0,4.2,701.0,1.5,701.0,2.7,701.0,74.2,176.0,44.8,158.0,19.2,549.0,37.150000000000006,155.0,66.3,11990.0,26.0,941.0,15.9,1058.0,44.7,1129.0,59.7,652.0,31.2,1456.0,Croatia,58474,14.8,3,0.888888889,Croatia
755.5,625.5,Wayne State University,United States,L,FC,VH,5.0,A,7.8,601.0,3.2,601.0,64.7,214.0,12.3,693.0,12.5,701.0,4.8,701.0,41.9,364.0,15.4,545.0,6.4,701.0,37.150000000000006,155.0,66.3,6000.0,36.4,417.0,20.4,795.0,70.2,557.0,79.3,273.0,41.8,1062.0,United States,22523,13.0,5,0.888888889,United States
765.5,725.5,King Khalid University,Saudi Arabia,XL,FC,HI,3.0,A,12.8,601.0,5.1,601.0,43.0,366.0,2.2,701.0,100.0,31.0,10.2,701.0,7.8,701.0,7.8,701.0,1.1,701.0,37.150000000000006,155.0,66.3,5480.0,29.8,698.0,20.1,804.0,70.3,554.0,48.6,831.0,91.0,117.0,Saudi Arabia,32078,8.3,16,0.888888889,Saudi Arabia
765.5,725.5,Universiti Tenaga Nasional (UNITEN),Malaysia,S,SP,Unknown,3.0,C,7.3,601.0,13.8,588.0,49.1,317.0,14.6,644.0,5.7,701.0,50.2,291.0,3.0,701.0,10.4,701.0,1.8,701.0,37.150000000000006,155.0,66.3,7770.0,25.1,999.0,16.8,986.0,58.0,823.0,70.8,413.0,60.8,569.0,Malaysia,4300,9.0,19,0.888888889,Malaysia
765.5,725.5,Virginia Commonwealth University,United States,L,FC,VH,5.0,A,6.7,601.0,16.5,521.0,43.1,365.0,13.7,662.0,15.9,653.0,3.2,701.0,39.2,383.0,12.4,701.0,12.0,642.0,37.150000000000006,155.0,66.3,4990.0,36.4,416.0,23.2,680.0,82.8,264.0,72.7,376.0,36.5,1260.0,United States,25944,10.6,3,0.888888889,United States
775.5,675.5,Sechenov University,Russia,L,SP,Unknown,4.0,A,5.8,601.0,4.4,601.0,59.7,239.0,3.4,701.0,9.6,701.0,66.0,228.0,46.5,334.0,4.7,701.0,1.1,701.0,37.150000000000006,155.0,66.3,9650.0,32.6,568.0,17.1,966.0,47.7,1067.0,39.4,996.0,62.1,540.0,Russian Federation,15885,8.1,26,0.888888889,Russia
775.5,900.5,Shoolini University of Biotechnology and Management Sciences,India,S,CO,VH,2.0,B,8.3,601.0,12.6,601.0,7.3,701.0,42.4,319.0,24.2,545.0,1.7,701.0,2.1,701.0,8.0,701.0,1.0,701.0,37.150000000000006,155.0,66.3,5840.0,27.6,836.0,17.9,926.0,85.2,207.0,17.7,1689.0,70.0,407.0,India,3251,15.3,1,0.888888889,India
775.5,900.5,University of Brighton,United Kingdom,L,CO,VH,3.0,A,8.4,601.0,7.0,601.0,8.9,701.0,15.8,622.0,56.2,330.0,54.2,270.0,27.6,473.0,11.2,701.0,9.1,687.0,37.150000000000006,155.0,66.3,8270.0,19.8,1387.0,16.5,1004.0,53.9,916.0,60.9,627.0,84.4,196.0,United Kingdom,14525,18.0,22,0.888888889,United Kingdom
785.5,775.5,Syracuse University,United States,L,CO,VH,5.0,B,13.6,601.0,9.6,601.0,11.8,701.0,13.7,661.0,4.8,701.0,44.1,328.0,11.1,650.0,30.2,256.0,23.0,514.0,37.150000000000006,155.0,66.3,4850.0,33.8,505.0,28.2,513.0,73.3,476.0,72.7,375.0,56.5,653.0,United States,19214,14.1,21,0.888888889,United States
785.5,900.5,Universiti Malaysia Pahang,Malaysia,M,SP,Unknown,2.0,A,10.1,601.0,7.1,601.0,15.2,701.0,28.3,450.0,23.6,558.0,9.7,701.0,5.9,701.0,9.9,701.0,28.4,463.0,37.150000000000006,155.0,66.3,7040.0,27.4,851.0,19.0,862.0,67.5,611.0,28.3,1225.0,57.9,623.0,Malaysia,8331,13.5,8,0.888888889,Malaysia
785.5,467.0,University of Alaska Fairbanks,United States,S,CO,VH,4.0,A,3.1,601.0,3.2,601.0,99.6,30.0,13.4,670.0,6.7,701.0,3.1,701.0,4.6,701.0,8.4,701.0,19.9,545.0,37.150000000000006,155.0,66.3,5060.0,34.5,476.0,31.0,442.0,63.1,705.0,47.5,852.0,70.1,405.0,United States,2829,7.9,6,0.888888889,United States
795.5,725.5,American University,United States,M,CO,HI,5.0,B,16.2,542.0,22.8,418.0,30.0,522.0,4.1,701.0,3.0,701.0,15.6,610.0,1.2,701.0,33.3,231.0,3.0,701.0,37.150000000000006,155.0,66.3,6120.0,35.2,454.0,17.1,959.0,57.2,842.0,38.5,1010.0,46.5,914.0,United States,12771,12.0,12,0.888888889,United States
795.5,900.5,Clarkson University,United States,S,CO,VH,5.0,B,1.6,601.0,2.4,601.0,16.9,701.0,39.0,351.0,64.7,297.0,8.6,701.0,2.6,701.0,10.7,701.0,1.2,701.0,37.150000000000006,155.0,66.3,8450.0,29.9,692.0,18.0,915.0,41.2,1196.0,67.4,489.0,63.3,511.0,United States,3871,15.5,8,0.888888889,United States
795.5,900.5,Diponegoro University,Indonesia,XL,FC,HI,4.0,A,17.2,517.0,33.9,289.0,15.7,701.0,1.4,701.0,22.8,566.0,2.8,701.0,1.0,701.0,15.0,558.0,13.1,634.0,37.150000000000006,1501.0,66.3,15960.0,27.1,867.0,15.4,1087.0,19.1,1700.0,42.9,924.0,35.1,1310.0,Indonesia,35688,18.0,2,0.888888889,Indonesia
795.5,675.5,Plekhanov Russian University of Economics,Russia,L,SP,Unknown,5.0,A,12.6,601.0,14.3,574.0,49.6,312.0,2.8,701.0,6.0,701.0,21.2,530.0,5.8,701.0,30.1,258.0,7.5,701.0,37.150000000000006,155.0,66.3,11390.0,25.9,946.0,12.9,1313.0,44.7,1126.0,20.6,1507.0,59.0,603.0,Russian Federation,12595,9.1,15,0.888888889,Russia
795.5,900.5,University of Brescia,Italy,M,FO,VH,3.0,A,3.9,601.0,2.1,601.0,6.8,701.0,50.4,261.0,2.6,701.0,6.9,701.0,9.0,698.0,8.8,701.0,24.8,490.0,37.150000000000006,155.0,66.3,4090.0,24.4,1048.0,19.2,854.0,89.3,135.0,62.4,604.0,44.9,962.0,Italy,14615,24.2,6,0.888888889,Italy
795.5,900.5,University of Engineering & Technology (UET) Lahore,Pakistan,L,FO,VH,4.0,A,8.9,601.0,44.8,197.0,16.4,701.0,5.7,701.0,1.1,701.0,3.6,701.0,2.1,701.0,16.8,501.0,27.3,478.0,37.150000000000006,155.0,66.3,10480.0,18.8,1476.0,9.9,1650.0,53.5,931.0,24.1,1363.0,50.6,786.0,Pakistan,12720,13.4,2,0.888888889,Pakistan
795.5,900.5,University of Patras,Greece,L,FC,HI,4.0,A,12.1,601.0,17.7,496.0,2.7,701.0,24.0,501.0,1.5,701.0,5.1,701.0,12.4,631.0,8.4,701.0,41.1,358.0,37.150000000000006,155.0,66.3,9470.0,19.0,1468.0,17.8,930.0,56.2,863.0,68.4,470.0,35.1,1313.0,Greece,31172,29.4,5,0.888888889,Greece
825.5,1100.5,Auburn University,United States,L,CO,VH,4.0,A,7.2,601.0,8.5,601.0,7.4,701.0,19.0,568.0,23.9,551.0,7.8,701.0,14.3,610.0,17.4,479.0,53.4,288.0,37.150000000000006,155.0,66.3,5120.0,36.0,424.0,25.7,581.0,59.6,789.0,69.3,448.0,57.7,628.0,United States,27670,18.2,8,0.888888889,United States
825.5,900.5,Australian Catholic University,Australia,L,CO,VH,3.0,A,8.3,601.0,10.5,601.0,4.7,701.0,13.5,669.0,70.2,277.0,43.2,333.0,3.2,701.0,8.1,701.0,4.7,701.0,37.150000000000006,155.0,66.3,4040.0,16.8,1636.0,25.7,582.0,97.0,28.0,21.9,1440.0,80.7,244.0,Australia,23843,38.4,14,0.888888889,Australia
825.5,900.5,Bangladesh University of Engineering and Technology,Bangladesh,M,SP,Unknown,4.0,A,15.6,561.0,34.8,278.0,16.9,701.0,12.0,701.0,18.6,606.0,1.0,701.0,1.2,701.0,7.0,701.0,3.4,701.0,37.150000000000006,155.0,66.3,10190.0,21.7,1251.0,15.8,1059.0,50.7,1001.0,35.2,1089.0,29.8,1497.0,Bangladesh,6237,13.2,0,0.970833333,Bangladesh
825.5,775.5,Clark University,United States,S,CO,VH,5.0,B,3.0,601.0,5.3,601.0,23.4,610.0,18.3,578.0,14.2,682.0,72.6,198.0,1.2,701.0,14.9,561.0,33.2,416.0,37.150000000000006,155.0,66.3,6350.0,26.6,900.0,20.8,781.0,66.8,627.0,54.0,737.0,70.5,400.0,United States,3217,12.2,27,0.888888889,United States
825.5,900.5,De Montfort University,United Kingdom,L,CO,HI,5.0,A,5.5,601.0,4.8,601.0,5.8,701.0,7.6,701.0,75.3,250.0,97.5,67.0,8.8,701.0,10.5,701.0,4.9,701.0,37.150000000000006,155.0,66.3,6410.0,17.8,1563.0,15.1,1111.0,71.0,537.0,45.0,892.0,93.9,65.0,United Kingdom,23125,18.5,37,0.888888889,United Kingdom
825.5,900.5,Edinburgh Napier University,United Kingdom,L,CO,HI,3.0,A,4.9,601.0,4.2,601.0,4.1,701.0,10.4,701.0,73.8,259.0,87.9,130.0,5.9,701.0,10.8,701.0,2.9,701.0,37.150000000000006,155.0,66.3,5330.0,18.1,1541.0,18.4,894.0,77.9,369.0,47.7,849.0,93.7,67.0,United Kingdom,12415,22.4,34,0.888888889,United Kingdom
825.5,625.5,Immanuel Kant Baltic Federal University,Russia,M,CO,HI,4.0,A,8.1,601.0,2.3,601.0,75.5,164.0,1.8,701.0,17.9,616.0,32.0,400.0,2.7,701.0,6.3,701.0,1.9,701.0,37.150000000000006,155.0,66.3,13080.0,35.9,431.0,18.8,875.0,16.9,1732.0,34.4,1103.0,62.4,534.0,Russian Federation,6857,17.1,19,0.888888889,Russia
825.5,625.5,Ivane Javakhishvili Tbilisi State University,Georgia,L,FO,HI,5.0,A,9.7,601.0,2.6,601.0,76.0,158.0,1.2,701.0,1.9,701.0,3.5,701.0,1.2,701.0,43.4,166.0,1.1,701.0,37.150000000000006,1501.0,66.3,16610.0,15.9,1704.0,11.3,1487.0,22.2,1633.0,18.0,1667.0,46.7,903.0,Georgia,23278,30.6,3,0.888888889,Georgia
825.5,725.5,Jouf University,Saudi Arabia,L,FC,HI,2.0,A,8.8,601.0,5.3,601.0,45.1,350.0,1.9,701.0,100.0,27.0,2.8,701.0,2.2,701.0,8.0,701.0,1.0,701.0,37.150000000000006,155.0,66.3,6840.0,30.5,666.0,18.3,903.0,58.3,815.0,21.3,1467.0,76.7,301.0,Saudi Arabia,19006,9.6,3,0.888888889,Saudi Arabia
825.5,900.5,Kaunas University of Technology,Lithuania,M,FO,VH,5.0,A,11.3,601.0,21.8,430.0,31.5,499.0,6.8,701.0,3.3,701.0,24.1,486.0,16.9,575.0,8.4,701.0,1.9,701.0,37.150000000000006,155.0,66.3,13260.0,22.2,1210.0,15.3,1094.0,39.0,1242.0,36.9,1050.0,39.2,1143.0,Lithuania,7986,13.3,8,0.888888889,Lithuania
825.5,900.5,Louisiana State University,United States,XL,CO,VH,5.0,A,9.7,601.0,8.3,601.0,7.1,701.0,16.2,612.0,10.1,701.0,4.1,701.0,15.5,589.0,17.2,487.0,70.7,200.0,37.150000000000006,155.0,66.3,7000.0,32.7,561.0,21.4,753.0,61.1,751.0,63.1,584.0,47.8,868.0,United States,31112,19.4,4,0.888888889,United States
825.5,900.5,Maynooth University,Ireland,M,FO,VH,3.0,A,10.0,601.0,9.2,601.0,8.7,701.0,12.6,684.0,89.4,187.0,15.6,608.0,4.7,701.0,9.0,701.0,4.7,701.0,37.150000000000006,155.0,66.3,4540.0,21.1,1295.0,30.7,449.0,77.0,395.0,58.3,671.0,74.8,332.0,Ireland,11885,28.5,12,0.888888889,Ireland
825.5,575.5,Nagasaki University,Japan,M,FO,VH,4.0,A,6.9,601.0,2.2,601.0,84.2,113.0,6.2,701.0,6.5,701.0,4.2,701.0,11.8,639.0,8.3,701.0,2.0,701.0,37.150000000000006,155.0,66.3,13620.0,29.4,727.0,14.8,1138.0,28.5,1483.0,48.4,833.0,40.3,1106.0,Japan,8782,6.7,5,0.888888889,Japan
825.5,900.5,Nanjing University of Aeronautics and Astronautics,China (Mainland),XL,FO,VH,3.0,A,4.7,601.0,2.6,601.0,13.1,701.0,47.3,287.0,5.7,701.0,3.2,701.0,4.5,701.0,5.3,701.0,1.5,701.0,37.150000000000006,155.0,66.3,7150.0,28.2,797.0,31.6,428.0,50.1,1019.0,71.4,399.0,24.7,1717.0,China,33883,15.4,3,0.888888889,China (Mainland)
825.5,1100.5,North-West University,South Africa,XL,CO,VH,2.0,A,7.1,601.0,9.1,601.0,5.2,701.0,13.0,677.0,5.8,701.0,2.4,701.0,88.2,95.0,12.7,676.0,49.7,309.0,37.150000000000006,155.0,66.3,7310.0,22.7,1171.0,18.7,883.0,64.3,685.0,48.0,844.0,56.6,652.0,South Africa,39684,25.5,3,0.888888889,South Africa
825.5,1100.5,Texas Tech University,United States,XL,FC,HI,5.0,A,11.0,601.0,11.8,601.0,5.0,701.0,15.3,625.0,8.5,701.0,7.1,701.0,20.3,541.0,13.7,622.0,56.1,270.0,37.150000000000006,155.0,66.3,7790.0,30.7,656.0,20.9,778.0,56.9,849.0,58.0,681.0,58.9,609.0,United States,37331,21.1,6,0.888888889,United States
825.5,900.5,Universiti Tunku Abdul Rahman (UTAR),Malaysia,L,FC,HI,2.0,B,12.9,601.0,36.4,269.0,11.1,701.0,5.1,701.0,8.4,701.0,3.3,701.0,2.1,701.0,9.7,701.0,30.7,438.0,37.150000000000006,155.0,66.3,11860.0,16.8,1648.0,17.1,968.0,48.1,1057.0,53.6,742.0,45.3,954.0,Malaysia,19080,17.2,9,0.888888889,Malaysia
825.5,900.5,University of Alicante,Spain,L,FC,VH,3.0,A,13.4,601.0,6.2,601.0,22.9,620.0,8.0,701.0,4.6,701.0,14.0,640.0,41.8,365.0,5.5,701.0,29.9,449.0,37.150000000000006,155.0,66.3,10090.0,25.0,1002.0,19.8,822.0,43.8,1143.0,51.6,780.0,44.6,969.0,Spain,22767,14.5,10,0.888888889,Spain
825.5,900.5,University of Calcutta,India,L,CO,VH,5.0,A,15.7,557.0,4.3,601.0,5.6,701.0,20.3,554.0,25.9,524.0,1.1,701.0,3.2,701.0,38.8,186.0,1.9,701.0,37.150000000000006,155.0,66.3,10280.0,40.0,307.0,15.2,1103.0,33.7,1357.0,30.3,1174.0,19.3,1881.0,India,17879,14.2,0,0.888888889,India
825.5,1100.5,University of Latvia,Latvia,L,FC,HI,5.0,A,12.5,601.0,17.8,495.0,5.1,701.0,6.1,701.0,12.5,701.0,5.3,701.0,21.5,531.0,59.8,102.0,13.7,627.0,37.150000000000006,155.0,66.3,11010.0,18.6,1493.0,27.1,538.0,40.3,1217.0,42.5,930.0,47.6,874.0,Latvia,12125,30.2,7,0.888888889,Latvia
825.5,1100.5,University of Salerno,Italy,L,FC,VH,4.0,A,7.9,601.0,2.1,601.0,4.8,701.0,31.9,421.0,3.4,701.0,1.8,701.0,64.8,217.0,5.4,701.0,7.6,701.0,37.150000000000006,155.0,66.3,5800.0,21.9,1242.0,24.4,634.0,79.2,340.0,52.4,762.0,37.4,1223.0,Italy,26142,26.5,2,0.888888889,Italy
825.5,900.5,University of Santo Tomas,Philippines,L,FC,MD,5.0,B,11.5,601.0,33.5,293.0,15.7,701.0,1.3,701.0,41.4,401.0,8.2,701.0,1.0,701.0,12.5,697.0,1.1,701.0,37.150000000000006,1501.0,66.3,18280.0,19.6,1414.0,9.5,1718.0,25.8,1547.0,20.7,1504.0,67.0,447.0,Philippines,31813,13.3,7,0.888888889,Philippines
825.5,900.5,Verona University,Italy,L,FC,HI,3.0,A,8.7,601.0,2.9,601.0,4.8,701.0,40.0,345.0,4.7,701.0,3.6,701.0,32.0,448.0,6.9,701.0,14.7,616.0,37.150000000000006,155.0,66.3,4960.0,29.6,717.0,26.2,564.0,84.1,235.0,67.0,500.0,46.0,932.0,Italy,20968,26.0,4,0.888888889,Italy
825.5,900.5,Vytautas Magnus University,Lithuania,M,FO,VH,5.0,A,11.0,601.0,20.6,449.0,38.5,410.0,2.1,701.0,15.1,666.0,40.2,341.0,2.4,701.0,11.4,701.0,1.6,701.0,37.150000000000006,155.0,66.3,14850.0,22.4,1198.0,12.3,1383.0,27.4,1512.0,20.9,1490.0,61.9,543.0,Lithuania,8210,11.2,15,0.888888889,Lithuania
825.5,505.5,Yokohama City University,Japan,M,FO,VH,4.0,A,3.3,601.0,2.6,601.0,97.7,49.0,10.3,701.0,4.1,701.0,2.4,701.0,1.1,701.0,8.5,701.0,1.0,701.0,37.150000000000006,155.0,66.3,9970.0,28.4,784.0,11.3,1497.0,59.4,793.0,62.4,607.0,29.0,1542.0,Japan,5144,6.0,3,0.888888889,Japan
875.5,775.5,Chonnam National University,South Korea,L,FC,VH,4.0,A,11.7,601.0,5.0,601.0,44.0,357.0,14.3,652.0,11.4,701.0,6.5,701.0,1.7,701.0,6.0,701.0,4.0,701.0,37.150000000000006,155.0,66.3,8430.0,28.5,773.0,28.3,508.0,43.6,1148.0,57.5,692.0,32.8,1392.0,South Korea,22051,17.7,7,0.888888889,South Korea
875.5,775.5,Chungnam National University,South Korea,L,FC,VH,4.0,A,11.7,601.0,8.0,601.0,45.3,348.0,10.6,701.0,8.2,701.0,10.7,701.0,1.6,701.0,8.0,701.0,2.1,701.0,37.150000000000006,155.0,66.3,8440.0,29.9,691.0,29.7,480.0,34.9,1329.0,71.7,390.0,26.0,1661.0,South Korea,20334,19.8,4,0.888888889,South Korea
875.5,775.5,CY Cergy Paris University,France,M,FO,VH,1.0,A,3.4,601.0,2.7,601.0,41.9,376.0,6.5,701.0,54.3,340.0,45.1,321.0,8.1,701.0,7.4,701.0,9.6,678.0,37.150000000000006,155.0,66.3,8490.0,23.8,1091.0,25.3,595.0,44.4,1136.0,56.6,707.0,92.7,89.0,France,16082,19.5,26,0.888888889,France
875.5,900.5,Gdańsk University of Technology,Poland,M,FO,VH,5.0,A,9.2,601.0,14.4,566.0,36.3,437.0,11.8,701.0,3.3,701.0,7.1,701.0,11.8,638.0,8.6,701.0,14.9,614.0,37.150000000000006,155.0,66.3,10620.0,19.7,1399.0,17.0,973.0,48.3,1048.0,50.7,797.0,35.0,1316.0,Poland,13903,17.9,5,0.888888889,Poland
875.5,900.5,Georgia State University,United States,XL,CO,VH,4.0,A,11.7,601.0,13.6,594.0,4.9,701.0,20.3,556.0,10.5,701.0,7.4,701.0,17.0,573.0,16.1,519.0,11.8,644.0,37.150000000000006,155.0,66.3,4320.0,35.0,460.0,25.4,591.0,72.6,492.0,65.2,542.0,57.1,639.0,United States,30821,15.7,7,0.888888889,United States
875.5,625.5,Kanazawa University,Japan,M,FC,VH,4.0,A,9.3,601.0,4.4,601.0,60.8,232.0,12.1,696.0,9.2,701.0,5.8,701.0,2.4,701.0,7.9,701.0,1.4,701.0,37.150000000000006,155.0,66.3,10860.0,35.5,448.0,18.8,877.0,35.4,1315.0,70.4,420.0,33.6,1366.0,Japan,10271,9.9,6,0.888888889,Japan
875.5,900.5,King Faisal University,Saudi Arabia,L,FO,VH,3.0,A,15.0,585.0,8.6,601.0,11.4,701.0,2.4,701.0,99.2,95.0,2.0,701.0,3.1,701.0,7.5,701.0,1.1,701.0,37.150000000000006,155.0,66.3,8990.0,19.9,1380.0,12.2,1388.0,68.0,602.0,31.4,1152.0,75.5,323.0,Saudi Arabia,29628,14.5,2,0.888888889,Saudi Arabia
875.5,1100.5,Kuwait University,Kuwait,XL,FC,MD,4.0,A,13.6,601.0,8.3,601.0,6.4,701.0,2.2,701.0,30.4,487.0,21.0,534.0,10.9,654.0,51.3,128.0,18.8,555.0,37.150000000000006,155.0,66.3,10960.0,19.5,1420.0,9.9,1653.0,55.5,876.0,28.9,1204.0,66.4,458.0,Kuwait,34147,14.7,13,0.888888889,Kuwait
875.5,900.5,London South Bank University,United Kingdom,L,CO,HI,3.0,A,3.5,601.0,2.9,601.0,8.3,701.0,5.6,701.0,78.2,237.0,95.9,83.0,2.3,701.0,11.1,701.0,1.1,701.0,37.150000000000006,155.0,66.3,6980.0,18.6,1494.0,12.4,1365.0,65.9,650.0,52.4,761.0,92.3,97.0,United Kingdom,14510,17.5,37,0.888888889,United Kingdom
875.5,555.5,National Research Saratov State University,Russia,M,CO,VH,5.0,A,5.2,601.0,2.5,601.0,95.8,58.0,1.7,701.0,3.2,701.0,18.2,572.0,1.2,701.0,4.7,701.0,1.0,701.0,37.150000000000006,1501.0,66.3,17530.0,26.8,883.0,16.1,1043.0,17.6,1718.0,39.1,1006.0,38.0,1198.0,Russian Federation,9664,9.3,11,0.888888889,Russia
875.5,565.5,Niigata University,Japan,L,FC,HI,4.0,A,4.9,601.0,3.3,601.0,88.1,93.0,4.6,701.0,4.2,701.0,3.3,701.0,1.2,701.0,9.2,701.0,3.0,701.0,37.150000000000006,155.0,66.3,11280.0,30.6,661.0,15.0,1123.0,41.8,1185.0,49.7,814.0,29.0,1539.0,Japan,11942,7.2,3,0.888888889,Japan
875.5,1100.5,North South University,Bangladesh,L,CO,HI,3.0,B,12.1,601.0,48.4,180.0,5.6,701.0,2.3,701.0,12.2,701.0,2.4,701.0,1.1,701.0,13.3,645.0,1.1,701.0,37.150000000000006,155.0,66.3,9390.0,12.9,1850.0,10.0,1643.0,76.1,413.0,15.8,1887.0,43.3,1005.0,Bangladesh,18681,21.3,0,0.888888889,Bangladesh
875.5,725.5,Pavol Jozef Šafárik University in Košice,Slovakia,M,FC,HI,4.0,A,5.1,601.0,3.6,601.0,55.5,270.0,3.6,701.0,2.0,701.0,63.8,236.0,3.3,701.0,13.0,663.0,1.3,701.0,37.150000000000006,155.0,66.3,13870.0,40.7,287.0,10.2,1626.0,17.1,1729.0,24.9,1340.0,62.1,539.0,Slovakia,7060,10.3,24,0.888888889,Slovakia
875.5,545.5,Southern Federal University,Russia,L,CO,VH,5.0,A,7.6,601.0,3.6,601.0,77.8,146.0,1.8,701.0,3.5,701.0,23.1,499.0,5.1,701.0,6.6,701.0,11.7,647.0,37.150000000000006,155.0,66.3,14340.0,27.9,810.0,14.3,1181.0,21.4,1649.0,32.1,1141.0,40.3,1108.0,Russian Federation,19181,11.3,11,0.888888889,Russia
875.5,900.5,Technological University Dublin,Ireland,L,CO,HI,1.0,A,12.1,601.0,12.4,601.0,12.6,701.0,3.1,701.0,32.7,470.0,39.6,346.0,5.0,701.0,13.1,653.0,16.9,581.0,37.150000000000006,155.0,66.3,11780.0,19.1,1461.0,13.1,1294.0,45.6,1108.0,66.0,529.0,64.9,486.0,Ireland,20801,18.7,18,0.888888889,Ireland
875.5,900.5,TU Dortmund University,Germany,L,CO,VH,4.0,A,13.6,601.0,13.8,589.0,22.2,626.0,7.4,701.0,20.2,589.0,19.1,559.0,17.0,574.0,9.1,701.0,4.4,701.0,37.150000000000006,155.0,66.3,4900.0,35.7,439.0,42.2,224.0,62.3,727.0,72.0,388.0,57.3,637.0,Germany,19477,56.0,15,0.888888889,Germany
875.5,1100.5,University of Bucharest,Romania,XL,FO,VH,5.0,A,15.5,564.0,13.8,586.0,6.5,701.0,4.2,701.0,2.8,701.0,1.9,701.0,28.7,465.0,34.7,222.0,27.8,469.0,37.150000000000006,155.0,66.3,10260.0,24.8,1015.0,21.1,763.0,43.2,1159.0,25.3,1326.0,29.1,1534.0,Romania,32362,33.3,2,0.888888889,Romania
875.5,900.5,University of East London,United Kingdom,L,CO,HI,3.0,A,3.6,601.0,3.5,601.0,3.5,701.0,6.7,701.0,74.2,258.0,100.0,31.0,2.1,701.0,12.0,701.0,1.1,701.0,37.150000000000006,155.0,66.3,10450.0,21.8,1245.0,15.1,1112.0,41.0,1200.0,28.2,1230.0,84.9,189.0,United Kingdom,14480,26.1,52,0.888888889,United Kingdom
875.5,900.5,University of Hertfordshire,United Kingdom,L,CO,HI,3.0,A,4.7,601.0,4.8,601.0,6.4,701.0,5.6,701.0,63.4,305.0,99.5,42.0,11.2,647.0,12.0,701.0,2.7,701.0,37.150000000000006,155.0,66.3,6650.0,18.6,1491.0,13.4,1263.0,67.2,617.0,33.9,1111.0,91.6,105.0,United Kingdom,20480,16.3,40,0.888888889,United Kingdom
875.5,900.5,University of Lincoln,United Kingdom,L,CO,HI,3.0,A,6.1,601.0,5.1,601.0,9.1,701.0,11.3,701.0,64.6,298.0,30.1,421.0,9.6,679.0,8.9,701.0,37.5,382.0,37.150000000000006,155.0,66.3,5540.0,19.9,1381.0,18.7,882.0,82.2,283.0,24.7,1343.0,80.2,253.0,United Kingdom,15020,16.1,13,0.888888889,United Kingdom
875.5,900.5,University of Malta,Malta,M,FC,HI,3.0,A,5.3,601.0,5.2,601.0,38.2,413.0,6.5,701.0,15.1,665.0,11.2,688.0,35.4,416.0,47.4,147.0,2.3,701.0,37.150000000000006,155.0,66.3,9180.0,23.4,1123.0,16.2,1034.0,60.6,766.0,20.5,1512.0,53.8,696.0,Malta,10056,12.3,14,0.888888889,Malta
875.5,900.5,University of Maribor,Slovenia,L,FC,HI,3.0,A,7.0,601.0,6.7,601.0,30.8,509.0,6.7,701.0,1.9,701.0,14.3,636.0,16.1,584.0,52.1,123.0,31.3,428.0,37.150000000000006,155.0,66.3,13440.0,20.1,1367.0,16.9,977.0,40.8,1207.0,36.5,1060.0,38.9,1154.0,Slovenia,12919,14.4,11,0.888888889,Slovenia
875.5,1100.5,University of Palermo,Italy,L,CO,VH,5.0,A,10.9,601.0,2.4,601.0,5.1,701.0,27.5,455.0,2.4,701.0,1.9,701.0,53.3,295.0,5.1,701.0,9.7,673.0,37.150000000000006,155.0,66.3,7430.0,18.9,1473.0,22.5,711.0,69.8,560.0,47.2,860.0,34.8,1328.0,Italy,33972,22.0,1,0.888888889,Italy
875.5,900.5,University of Parma,Italy,L,FC,VH,5.0,A,9.4,601.0,2.7,601.0,2.6,701.0,34.6,393.0,2.0,701.0,6.3,701.0,35.1,419.0,10.2,701.0,3.7,701.0,37.150000000000006,155.0,66.3,7450.0,19.4,1433.0,22.6,703.0,72.2,505.0,65.9,532.0,38.7,1163.0,Italy,29840,33.4,6,0.888888889,Italy
875.5,900.5,University of Salford,United Kingdom,L,CO,HI,4.0,A,7.4,601.0,4.0,601.0,6.7,701.0,7.8,701.0,38.1,422.0,70.1,210.0,20.8,539.0,11.8,701.0,9.8,669.0,37.150000000000006,155.0,66.3,9620.0,18.8,1482.0,15.0,1124.0,61.1,752.0,46.9,865.0,82.2,221.0,United Kingdom,20010,20.3,23,0.888888889,United Kingdom
875.5,585.5,University of South Africa,South Africa,XL,CO,VH,5.0,A,9.6,601.0,4.9,601.0,1.0,701.0,8.8,701.0,18.6,606.0,8.0,701.0,81.8,136.0,66.6,81.0,19.9,545.0,37.150000000000006,155.0,66.3,11630.0,24.7,1031.0,19.3,853.0,50.5,1010.0,26.0,1301.0,41.4,1070.0,South Africa,198816,114.2,3,0.888888889,South Africa
875.5,900.5,Worcester Polytechnic Institute,United States,M,CO,VH,5.0,B,3.9,601.0,5.7,601.0,17.1,701.0,27.5,457.0,42.7,390.0,24.2,485.0,1.7,701.0,11.8,701.0,1.3,701.0,37.150000000000006,155.0,66.3,7960.0,30.0,690.0,22.1,727.0,61.2,749.0,61.8,619.0,57.2,638.0,United States,5834,13.0,14,0.888888889,United States
925.5,1100.5,Athens University of Economics and Business,Greece,M,FO,VH,5.0,A,7.4,601.0,33.3,296.0,1.6,701.0,17.7,588.0,1.7,701.0,3.3,701.0,1.0,701.0,15.7,530.0,4.1,701.0,37.150000000000006,155.0,66.3,8180.0,18.1,1538.0,23.6,667.0,53.3,937.0,57.8,684.0,44.5,973.0,Greece,10477,53.7,5,0.888888889,Greece
925.5,900.5,Donghua University,China (Mainland),L,FO,VH,3.0,A,4.0,601.0,1.5,601.0,26.9,562.0,37.9,370.0,2.3,701.0,3.4,701.0,1.9,701.0,6.2,701.0,1.3,701.0,37.150000000000006,155.0,66.3,5310.0,27.8,814.0,22.1,722.0,72.8,487.0,85.3,205.0,39.9,1119.0,China,23099,14.7,6,0.888888889,China (Mainland)
925.5,675.5,Kumamoto University,Japan,M,FC,VH,4.0,A,7.6,601.0,3.1,601.0,56.0,266.0,12.3,691.0,5.9,701.0,3.4,701.0,3.1,701.0,8.1,701.0,1.9,701.0,37.150000000000006,155.0,66.3,9040.0,33.6,515.0,19.6,834.0,40.9,1203.0,77.5,295.0,36.5,1257.0,Japan,9384,9.8,6,0.888888889,Japan
925.5,900.5,Mendel University in Brno,Czech Republic,M,FO,VH,5.0,A,6.4,601.0,8.6,601.0,48.8,322.0,3.9,701.0,10.4,701.0,37.1,368.0,13.1,624.0,8.7,701.0,1.3,701.0,37.150000000000006,155.0,66.3,13510.0,20.9,1308.0,19.4,844.0,36.8,1282.0,21.0,1479.0,55.1,671.0,Czech Republic,9019,16.3,17,0.888888889,Czech Republic
925.5,900.5,National Chung Cheng University,Taiwan,M,CO,VH,3.0,A,13.0,601.0,26.2,368.0,18.2,701.0,5.2,701.0,4.5,701.0,3.9,701.0,1.1,701.0,4.2,701.0,8.3,701.0,37.150000000000006,155.0,66.3,13680.0,23.5,1112.0,22.2,720.0,25.0,1562.0,72.9,371.0,26.5,1639.0,Taiwan,8748,15.6,4,0.888888889,Taiwan
925.5,625.5,Okayama University,Japan,L,FC,VH,4.0,A,8.9,601.0,3.9,601.0,62.1,227.0,8.4,701.0,5.6,701.0,6.3,701.0,3.6,701.0,8.2,701.0,1.6,701.0,37.150000000000006,155.0,66.3,9410.0,34.6,474.0,21.5,748.0,36.4,1295.0,84.9,210.0,37.2,1231.0,Japan,13027,10.0,7,0.888888889,Japan
925.5,900.5,Prince of Songkla University,Thailand,XL,FC,HI,4.0,A,20.1,437.0,7.1,601.0,16.4,701.0,3.2,701.0,4.9,701.0,1.9,701.0,4.0,701.0,7.7,701.0,42.6,345.0,37.150000000000006,155.0,66.3,13990.0,23.4,1126.0,14.8,1139.0,32.6,1388.0,43.5,914.0,37.7,1210.0,Thailand,33318,12.9,2,0.888888889,Thailand
925.5,900.5,Qassim University,Saudi Arabia,XL,FC,HI,2.0,A,7.2,601.0,2.9,601.0,30.6,513.0,1.6,701.0,98.4,107.0,8.6,701.0,8.2,701.0,8.8,701.0,1.5,701.0,37.150000000000006,155.0,66.3,9530.0,36.0,428.0,20.4,794.0,42.8,1171.0,21.6,1459.0,80.2,254.0,Saudi Arabia,37222,10.2,7,0.888888889,Saudi Arabia
925.5,900.5,Robert Gordon University,United Kingdom,M,CO,HI,3.0,A,3.5,601.0,11.7,601.0,5.4,701.0,4.9,701.0,63.9,300.0,76.7,175.0,1.5,701.0,9.8,701.0,1.2,701.0,37.150000000000006,155.0,66.3,9580.0,17.5,1595.0,13.2,1287.0,53.4,935.0,36.0,1075.0,87.1,164.0,United Kingdom,10095,21.0,26,0.888888889,United Kingdom
925.5,625.5,Samara National Research University (Samara University),Russia,M,CO,VH,4.0,A,4.6,601.0,2.2,601.0,81.8,130.0,2.3,701.0,2.8,701.0,14.3,637.0,1.1,701.0,10.6,701.0,3.3,701.0,37.150000000000006,155.0,66.3,14090.0,27.5,846.0,14.8,1140.0,21.8,1641.0,26.6,1279.0,37.1,1236.0,Russian Federation,9198,10.7,14,0.888888889,Russia
925.5,900.5,University of Central Lancashire,United Kingdom,L,CO,HI,3.0,A,5.9,601.0,5.8,601.0,11.5,701.0,4.4,701.0,37.0,439.0,81.6,156.0,16.7,579.0,8.9,701.0,1.5,701.0,37.150000000000006,155.0,66.3,10300.0,18.3,1524.0,13.8,1222.0,51.9,964.0,34.3,1105.0,82.3,218.0,United Kingdom,21525,16.3,28,0.888888889,United Kingdom
925.5,775.5,University of Denver,United States,M,CO,VH,5.0,B,5.3,601.0,7.5,601.0,45.7,343.0,11.1,701.0,2.4,701.0,5.6,701.0,3.3,701.0,23.1,363.0,18.8,555.0,37.150000000000006,155.0,66.3,5300.0,39.9,310.0,24.3,636.0,64.2,687.0,55.8,716.0,31.2,1451.0,United States,10367,13.6,5,0.888888889,United States
925.5,900.5,University of Murcia,Spain,L,FC,VH,5.0,A,12.6,601.0,2.8,601.0,32.5,489.0,5.7,701.0,3.7,701.0,8.3,701.0,42.0,363.0,5.5,701.0,9.4,683.0,37.150000000000006,155.0,66.3,9270.0,25.2,988.0,19.9,819.0,52.6,950.0,61.4,624.0,38.9,1155.0,Spain,28862,17.7,5,0.888888889,Spain
975.5,1100.5,"Birla Institute of Technology and Science, Pilani",India,L,CO,VH,5.0,B,9.1,601.0,14.4,571.0,7.3,701.0,17.3,596.0,1.8,701.0,2.6,701.0,2.2,701.0,24.0,352.0,7.9,701.0,37.150000000000006,155.0,66.3,8240.0,23.7,1098.0,17.0,971.0,67.4,612.0,31.7,1146.0,25.1,1701.0,India,16339,16.2,2,0.888888889,India
975.5,1100.5,George Mason University,United States,L,CO,VH,4.0,A,9.0,601.0,6.0,601.0,12.6,701.0,11.4,701.0,12.4,701.0,10.6,701.0,17.2,571.0,14.5,581.0,28.6,462.0,37.150000000000006,155.0,66.3,4310.0,29.7,704.0,27.5,527.0,82.7,265.0,62.0,613.0,59.9,585.0,United States,32959,18.3,11,0.888888889,United States
975.5,625.5,Gifu University,Japan,M,FC,VH,4.0,A,6.3,601.0,2.5,601.0,67.4,196.0,7.3,701.0,5.3,701.0,3.7,701.0,1.1,701.0,7.9,701.0,1.1,701.0,37.150000000000006,155.0,66.3,10640.0,30.6,658.0,23.2,677.0,29.5,1456.0,65.9,531.0,29.5,1517.0,Japan,7134,14.6,4,0.888888889,Japan
975.5,675.5,Gunma University,Japan,M,FO,VH,4.0,A,3.8,601.0,2.2,601.0,82.0,128.0,4.7,701.0,4.5,701.0,3.7,701.0,1.0,701.0,7.9,701.0,1.0,701.0,37.150000000000006,155.0,66.3,12910.0,28.6,766.0,14.2,1187.0,20.7,1664.0,57.4,695.0,26.7,1630.0,Japan,6248,7.6,4,0.888888889,Japan
975.5,900.5,Jamia Millia Islamia,India,M,CO,VH,5.0,A,8.0,601.0,2.6,601.0,34.7,458.0,20.7,551.0,3.5,701.0,4.4,701.0,2.0,701.0,7.2,701.0,3.8,701.0,37.150000000000006,155.0,66.3,5450.0,41.1,279.0,14.4,1164.0,75.7,425.0,37.5,1028.0,39.7,1126.0,India,10235,11.2,4,0.888888889,India
975.5,900.5,Khon Kaen University,Thailand,XL,FC,HI,4.0,A,16.4,536.0,12.1,601.0,8.1,701.0,4.1,701.0,6.9,701.0,2.7,701.0,3.3,701.0,9.7,701.0,29.9,449.0,37.150000000000006,155.0,66.3,13290.0,23.3,1130.0,15.7,1071.0,35.5,1311.0,36.1,1071.0,35.4,1303.0,Thailand,32895,17.2,2,0.888888889,Thailand
975.5,900.5,Lviv Polytechnic National University,Ukraine,L,CO,VH,5.0,A,8.1,601.0,14.8,553.0,37.2,423.0,1.8,701.0,1.9,701.0,1.6,701.0,1.1,701.0,14.0,608.0,22.7,520.0,37.150000000000006,155.0,66.3,7010.0,22.9,1157.0,11.3,1489.0,34.2,1345.0,18.8,1603.0,27.1,1610.0,Ukraine,22580,11.9,1,0.888888889,Ukraine
975.5,1300.5,Makerere University,Uganda,XL,FC,HI,5.0,A,10.2,601.0,4.7,601.0,3.4,701.0,4.6,701.0,10.3,701.0,8.2,701.0,17.8,564.0,79.5,51.0,9.2,685.0,37.150000000000006,155.0,66.3,9160.0,23.4,1122.0,25.3,596.0,39.6,1226.0,52.1,769.0,68.1,430.0,Uganda,29510,19.2,3,0.888888889,Uganda
975.5,900.5,Sumy State University,Ukraine,M,FC,HI,3.0,A,5.6,601.0,5.7,601.0,42.4,373.0,2.3,701.0,2.9,701.0,63.1,239.0,1.2,701.0,9.7,701.0,3.4,701.0,37.150000000000006,155.0,66.3,4840.0,24.3,1059.0,13.5,1258.0,68.9,583.0,20.0,1533.0,63.2,513.0,Ukraine,8449,12.0,24,0.888888889,Ukraine
975.5,1100.5,The University of Alabama,United States,XL,CO,VH,5.0,A,9.7,601.0,19.0,471.0,5.9,701.0,12.8,681.0,8.9,701.0,2.7,701.0,8.8,701.0,13.3,646.0,16.3,588.0,37.150000000000006,155.0,66.3,6080.0,26.0,932.0,21.2,756.0,64.4,683.0,46.6,872.0,39.3,1137.0,United States,34810,21.6,4,0.888888889,United States
975.5,725.5,Tokyo Metropolitan University,Japan,M,CO,VH,2.0,A,12.6,601.0,5.4,601.0,28.7,536.0,14.3,648.0,6.9,701.0,6.3,701.0,2.3,701.0,8.8,701.0,1.1,701.0,37.150000000000006,155.0,66.3,11830.0,29.8,701.0,16.2,1037.0,39.2,1234.0,48.0,845.0,36.5,1259.0,Japan,8903,10.9,7,0.888888889,Japan
975.5,900.5,University of Baghdad,Iraq,XL,FC,VH,4.0,A,9.5,601.0,11.4,601.0,30.9,507.0,1.5,701.0,1.8,701.0,1.1,701.0,14.1,612.0,31.4,243.0,14.2,621.0,37.150000000000006,1501.0,66.3,15430.0,25.1,990.0,12.6,1345.0,19.8,1681.0,28.5,1218.0,20.2,1860.0,Iraq,77128,13.3,0,0.888888889,Iraq
975.5,1100.5,University of Calabria,Italy,L,CO,VH,4.0,A,5.7,601.0,2.0,601.0,3.9,701.0,25.7,473.0,6.2,701.0,5.7,701.0,49.6,316.0,4.7,701.0,3.3,701.0,37.150000000000006,155.0,66.3,5200.0,34.9,464.0,19.5,838.0,69.6,564.0,47.4,853.0,43.2,1006.0,Italy,12784,16.1,5,0.888888889,Italy
975.5,1300.5,University of Ghana,Ghana,XL,FC,HI,4.0,A,10.5,601.0,9.4,601.0,1.8,701.0,5.1,701.0,4.9,701.0,1.8,701.0,28.9,463.0,64.1,89.0,9.7,673.0,37.150000000000006,155.0,66.3,10630.0,14.9,1759.0,21.3,754.0,42.1,1180.0,37.3,1033.0,52.3,732.0,Ghana,59744,35.9,1,0.888888889,Ghana
975.5,900.5,University of Peshawar,Pakistan,M,FO,VH,4.0,A,6.0,601.0,9.0,601.0,36.0,442.0,17.4,592.0,18.6,606.0,2.0,701.0,3.7,701.0,5.9,701.0,1.2,701.0,37.150000000000006,155.0,66.3,11380.0,19.4,1434.0,12.2,1391.0,61.0,755.0,17.4,1714.0,47.3,880.0,Pakistan,20494,42.7,0,0.806944444,Pakistan
975.5,1100.5,University of the Western Cape,South Africa,L,CO,VH,4.0,A,8.4,601.0,7.8,601.0,4.2,701.0,15.1,634.0,26.4,516.0,4.0,701.0,40.5,372.0,11.7,701.0,4.9,701.0,37.150000000000006,155.0,66.3,7920.0,22.0,1233.0,23.8,665.0,59.3,799.0,22.6,1415.0,65.7,472.0,South Africa,24605,36.7,6,0.888888889,South Africa
975.5,900.5,Yokohama National University,Japan,M,CO,VH,4.0,A,9.6,601.0,18.3,480.0,16.7,701.0,8.3,701.0,8.8,701.0,9.4,701.0,2.0,701.0,16.2,517.0,12.7,636.0,37.150000000000006,155.0,66.3,15020.0,26.0,940.0,22.5,713.0,19.1,1702.0,71.2,403.0,36.1,1275.0,Japan,9649,13.4,8,0.888888889,Japan
1100.5,585.5,University of Ioannina,Greece,XL,Unknown,Unknown,4.0,Unknown,6.9,601.0,3.7,601.0,1.4,701.0,24.6,494.0,1.7,701.0,2.7,701.0,15.2,596.0,8.4,701.0,19.9,545.0,37.150000000000006,155.0,66.3,10770.0,14.0,1801.0,12.4,1364.0,55.9,864.0,47.4,854.0,43.2,1008.0,Greece,32155,32.6,5,0.888888889,Greece
1100.5,1100.5,Aligarh Muslim University,India,L,CO,VH,5.0,A,9.7,601.0,2.5,601.0,20.8,651.0,10.2,701.0,1.2,701.0,1.7,701.0,5.0,701.0,6.1,701.0,17.1,579.0,37.150000000000006,155.0,66.3,6100.0,41.1,277.0,14.0,1202.0,61.6,740.0,34.3,1104.0,38.2,1180.0,India,20428,12.0,1,0.888888889,India
1100.5,1100.5,Amity University,India,L,CO,VH,2.0,B,8.5,601.0,7.6,601.0,10.6,701.0,5.9,701.0,3.8,701.0,21.8,519.0,22.4,524.0,9.1,701.0,1.9,701.0,37.150000000000006,155.0,66.3,8110.0,23.6,1102.0,14.0,1203.0,62.3,724.0,20.0,1527.0,31.1,1457.0,India,30989,17.1,7,0.888888889,India
1100.5,1100.5,Amrita Vishwa Vidyapeetham,India,L,FC,VH,2.0,B,4.8,601.0,4.1,601.0,25.3,579.0,5.2,701.0,37.0,438.0,1.7,701.0,1.4,701.0,4.5,701.0,1.1,701.0,37.150000000000006,155.0,66.3,8120.0,28.4,779.0,20.5,786.0,60.8,762.0,41.1,952.0,36.9,1244.0,India,22085,11.8,5,0.888888889,India
1100.5,1100.5,An-Najah National University,"Palestinian Territory, Occupied",L,FC,MD,4.0,A,6.4,601.0,16.5,518.0,7.3,701.0,2.2,701.0,36.2,446.0,25.0,473.0,1.3,701.0,10.9,701.0,3.1,701.0,37.150000000000006,155.0,66.3,10110.0,13.3,1829.0,9.8,1665.0,65.4,667.0,21.0,1478.0,61.2,555.0,Palestine,24835,21.7,11,0.888888889,"Palestinian Territory, Occupied"
1100.5,585.5,"Arab Academy for Science, Technology and Maritime Transport",Egypt,L,FO,HI,4.0,A,5.3,601.0,5.8,601.0,32.6,486.0,1.5,701.0,6.9,701.0,26.8,450.0,1.1,701.0,11.4,701.0,1.1,701.0,37.150000000000006,155.0,66.3,12150.0,28.1,801.0,12.3,1373.0,32.9,1377.0,22.6,1413.0,53.3,703.0,Egypt,37942,13.9,10,0.888888889,Egypt
1100.5,1100.5,Baku State University,Azerbaijan,L,FO,VH,5.0,A,9.6,601.0,3.2,601.0,33.9,472.0,1.4,701.0,2.1,701.0,1.7,701.0,1.1,701.0,9.6,701.0,1.0,701.0,37.150000000000006,1501.0,66.3,15440.0,20.1,1363.0,8.6,1839.0,13.8,1786.0,19.7,1545.0,35.5,1293.0,Azerbaijan,23684,13.2,2,0.888888889,Azerbaijan
1100.5,1100.5,Banaras Hindu University,India,L,FC,HI,5.0,A,12.1,601.0,6.5,601.0,15.9,701.0,7.8,701.0,1.2,701.0,1.6,701.0,15.3,591.0,6.3,701.0,4.1,701.0,37.150000000000006,155.0,66.3,6170.0,47.2,172.0,16.4,1012.0,66.4,640.0,26.8,1266.0,25.0,1702.0,India,12620,8.0,3,0.888888889,India
1100.5,1100.5,Baylor University,United States,L,CO,VH,5.0,B,6.1,601.0,16.8,514.0,11.7,701.0,8.3,701.0,2.4,701.0,3.8,701.0,3.5,701.0,12.8,673.0,3.8,701.0,37.150000000000006,155.0,66.3,6200.0,39.2,328.0,19.7,828.0,61.3,746.0,54.8,728.0,38.6,1165.0,United States,20859,19.0,6,0.888888889,United States
1100.5,1100.5,BRAC University,Bangladesh,L,CO,MD,2.0,B,10.6,601.0,29.1,336.0,12.4,701.0,1.9,701.0,2.5,701.0,1.4,701.0,1.1,701.0,9.6,701.0,1.1,701.0,37.150000000000006,155.0,66.3,8250.0,14.8,1765.0,12.3,1374.0,71.1,533.0,15.7,1894.0,42.2,1044.0,Bangladesh,13027,16.9,1,0.888888889,Bangladesh
1100.5,1100.5,Canterbury Christ Church University,United Kingdom,L,CO,HI,4.0,A,5.7,601.0,2.1,601.0,5.8,701.0,4.1,701.0,35.9,447.0,72.8,194.0,1.0,701.0,8.6,701.0,1.0,701.0,37.150000000000006,155.0,66.3,10290.0,20.7,1318.0,13.8,1221.0,44.6,1130.0,18.0,1663.0,59.6,592.0,United Kingdom,11155,20.1,15,0.888888889,United Kingdom
1100.5,1300.5,Chung Yuan Christian University,Taiwan,L,CO,HI,3.0,A,5.8,601.0,5.2,601.0,4.4,701.0,15.1,631.0,4.4,701.0,7.2,701.0,1.0,701.0,19.2,437.0,3.2,701.0,37.150000000000006,155.0,66.3,10340.0,18.1,1539.0,24.4,632.0,39.0,1239.0,62.6,601.0,41.2,1073.0,Taiwan,15939,33.5,7,0.888888889,Taiwan
1100.5,1100.5,Chungbuk National University,South Korea,L,FC,HI,4.0,A,5.4,601.0,2.8,601.0,30.6,512.0,8.6,701.0,7.0,701.0,4.3,701.0,1.9,701.0,4.5,701.0,1.1,701.0,37.150000000000006,155.0,66.3,12460.0,26.5,908.0,21.2,759.0,29.9,1444.0,50.6,799.0,29.6,1511.0,South Korea,17075,14.0,5,0.888888889,South Korea
1100.5,1100.5,Doshisha University,Japan,L,CO,HI,5.0,B,9.0,601.0,13.7,592.0,5.3,701.0,2.1,701.0,18.6,606.0,4.0,701.0,1.1,701.0,15.9,527.0,1.0,701.0,37.150000000000006,1501.0,66.3,15980.0,17.9,1555.0,10.9,1534.0,11.1,1838.0,30.7,1166.0,35.5,1294.0,Japan,27624,18.6,4,0.888888889,Japan
1100.5,1100.5,Escuela Politécnica Nacional,Ecuador,M,FO,VH,5.0,A,6.3,601.0,17.6,498.0,16.6,701.0,3.3,701.0,6.7,701.0,1.9,701.0,1.1,701.0,10.6,701.0,1.1,701.0,37.150000000000006,1501.0,66.3,16040.0,18.2,1535.0,9.4,1728.0,29.0,1470.0,18.6,1617.0,52.1,735.0,Ecuador,7458,13.2,1,0.888888889,Ecuador
1100.5,585.5,Ferdowsi University of Mashhad,"Iran, Islamic Republic of",L,CO,VH,4.0,A,5.8,601.0,10.3,601.0,3.5,701.0,25.8,472.0,1.3,701.0,7.9,701.0,18.1,559.0,5.4,701.0,19.9,545.0,37.150000000000006,155.0,66.3,8600.0,28.6,765.0,26.8,546.0,48.2,1050.0,45.4,888.0,38.6,1167.0,Iran,25009,30.5,11,0.888888889,"Iran, Islamic Republic of"
1100.5,1100.5,Financial University under the Government of the Russian Federation,Russia,L,FO,VH,5.0,A,5.5,601.0,7.8,601.0,37.1,426.0,1.6,701.0,4.1,701.0,13.1,660.0,1.9,701.0,33.4,230.0,5.2,701.0,37.150000000000006,155.0,66.3,10540.0,26.7,891.0,18.0,916.0,50.3,1015.0,30.9,1159.0,34.5,1337.0,Russian Federation,16580,13.0,9,0.888888889,Russia
1100.5,900.5,German Jordanian University,Jordan,S,FO,VH,2.0,A,7.1,601.0,13.4,601.0,18.8,701.0,4.8,701.0,44.1,382.0,14.4,632.0,1.1,701.0,10.6,701.0,1.0,701.0,37.150000000000006,155.0,66.3,12880.0,17.8,1566.0,11.4,1476.0,40.6,1211.0,19.5,1559.0,69.1,418.0,Jordan,4255,12.8,11,0.888888889,Jordan
1100.5,1100.5,Glasgow Caledonian University,United Kingdom,L,FO,VH,3.0,A,5.5,601.0,4.9,601.0,4.4,701.0,6.5,701.0,31.4,479.0,37.5,366.0,2.4,701.0,11.2,701.0,14.0,624.0,37.150000000000006,155.0,66.3,6580.0,20.7,1319.0,13.9,1209.0,66.7,630.0,46.1,877.0,75.6,318.0,United Kingdom,14840,24.1,18,0.888888889,United Kingdom
1100.5,900.5,Harbin Engineering University,China (Mainland),XL,FO,VH,4.0,A,4.6,601.0,2.0,601.0,14.6,701.0,23.0,513.0,2.5,701.0,2.0,701.0,2.1,701.0,6.2,701.0,1.3,701.0,37.150000000000006,155.0,66.3,8710.0,28.1,802.0,30.6,451.0,43.6,1149.0,64.9,548.0,24.4,1726.0,China,33528,19.8,2,0.970833333,China (Mainland)
1100.5,775.5,Howard University,United States,M,FC,HI,5.0,B,6.5,601.0,7.7,601.0,46.7,336.0,3.4,701.0,1.1,701.0,3.8,701.0,2.6,701.0,16.1,520.0,1.2,701.0,37.150000000000006,155.0,66.3,8730.0,48.0,160.0,18.8,874.0,41.6,1192.0,39.8,982.0,39.3,1140.0,United States,10199,9.7,5,0.888888889,United States
1100.5,900.5,Hungarian University of Agriculture and Life Sciences,Hungary,M,FO,VH,5.0,B,5.6,601.0,4.0,601.0,34.1,469.0,2.9,701.0,1.9,701.0,29.1,429.0,8.5,701.0,5.5,701.0,1.4,701.0,37.150000000000006,155.0,66.3,13020.0,25.8,950.0,11.6,1453.0,32.5,1390.0,23.0,1401.0,62.3,536.0,Hungary,10252,11.6,16,0.888888889,Hungary
1100.5,1100.5,Jiangnan University,China (Mainland),L,FC,VH,2.0,A,4.9,601.0,6.8,601.0,16.8,701.0,20.5,552.0,18.6,606.0,14.4,632.0,5.8,701.0,5.3,701.0,1.2,701.0,37.150000000000006,155.0,66.3,8920.0,24.7,1027.0,22.4,716.0,60.2,771.0,76.6,308.0,24.0,1742.0,China,31018,12.9,1,0.888888889,China (Mainland)
1100.5,725.5,Kagoshima University,Japan,M,FC,HI,4.0,A,6.1,601.0,2.9,601.0,65.8,206.0,3.9,701.0,4.0,701.0,3.0,701.0,1.8,701.0,7.2,701.0,1.3,701.0,37.150000000000006,155.0,66.3,13220.0,25.7,958.0,13.5,1252.0,24.0,1584.0,55.2,721.0,27.7,1590.0,Japan,10257,10.1,3,0.888888889,Japan
1100.5,1100.5,Kazan National Research Technological University,Russia,L,FO,VH,5.0,A,5.0,601.0,3.6,601.0,23.1,615.0,1.4,701.0,2.5,701.0,44.0,329.0,1.0,701.0,7.8,701.0,1.0,701.0,37.150000000000006,1501.0,66.3,16800.0,21.9,1237.0,8.8,1822.0,12.4,1813.0,36.1,1070.0,35.4,1302.0,Russian Federation,13088,11.6,16,0.888888889,Russia
1100.5,1100.5,Kyoto Institute of Technology,Japan,S,FO,VH,4.0,A,6.4,601.0,4.0,601.0,16.2,701.0,12.9,678.0,11.0,701.0,7.9,701.0,1.0,701.0,7.8,701.0,1.1,701.0,37.150000000000006,155.0,66.3,13340.0,27.2,863.0,17.1,962.0,15.2,1762.0,73.3,361.0,33.7,1363.0,Japan,3943,13.8,6,0.888888889,Japan
1100.5,1100.5,Leeds Beckett University,United Kingdom,L,CO,HI,3.0,A,4.4,601.0,8.0,601.0,4.4,701.0,8.1,701.0,35.2,453.0,18.0,574.0,2.2,701.0,11.5,701.0,1.6,701.0,37.150000000000006,155.0,66.3,9110.0,17.7,1581.0,16.2,1033.0,65.0,673.0,49.9,809.0,67.3,440.0,United Kingdom,20360,21.9,15,0.888888889,United Kingdom
1100.5,900.5,Lodz University of Technology,Poland,M,CO,VH,4.0,A,5.4,601.0,3.7,601.0,42.4,372.0,8.3,701.0,4.2,701.0,3.5,701.0,7.8,701.0,8.4,701.0,3.9,701.0,37.150000000000006,155.0,66.3,13370.0,21.2,1287.0,15.7,1072.0,34.4,1340.0,66.9,504.0,29.8,1501.0,Poland,11706,13.1,5,0.888888889,Poland
1100.5,1300.5,Mansoura University,Egypt,XL,FC,HI,4.0,A,12.9,601.0,8.1,601.0,3.2,701.0,2.4,701.0,5.8,701.0,4.1,701.0,33.5,428.0,9.6,701.0,19.9,545.0,37.150000000000006,155.0,66.3,9200.0,19.5,1422.0,12.4,1366.0,68.1,600.0,31.8,1145.0,74.1,349.0,Egypt,174302,40.2,4,0.888888889,Egypt
1100.5,1300.5,Meiji University,Japan,XL,CO,HI,5.0,C,7.4,601.0,24.5,390.0,4.9,701.0,1.7,701.0,10.1,701.0,5.3,701.0,1.5,701.0,16.0,524.0,1.1,701.0,37.150000000000006,1501.0,66.3,17200.0,16.3,1679.0,12.1,1399.0,13.5,1794.0,40.8,961.0,31.4,1447.0,Japan,32810,34.0,5,0.888888889,Japan
1100.5,1100.5,Mississippi State University,United States,L,CO,VH,5.0,A,6.0,601.0,5.8,601.0,6.7,701.0,18.4,576.0,15.7,657.0,3.2,701.0,9.2,688.0,10.8,701.0,11.7,647.0,37.150000000000006,155.0,66.3,7120.0,27.3,861.0,20.0,813.0,58.8,804.0,66.2,522.0,50.7,781.0,United States,21181,14.6,4,0.888888889,United States
1100.5,1100.5,Mustansiriyah University,Iraq,XL,FC,HI,4.0,A,3.7,601.0,5.3,601.0,43.7,359.0,1.3,701.0,33.0,466.0,4.0,701.0,1.0,701.0,9.3,701.0,1.0,701.0,37.150000000000006,1501.0,66.3,17380.0,25.3,981.0,8.4,1857.0,16.0,1744.0,19.1,1582.0,32.5,1403.0,Iraq,30964,6.5,1,0.888888889,Iraq
1100.5,1100.5,Mutah University,Jordan,M,FC,MD,3.0,A,7.6,601.0,8.9,601.0,10.1,701.0,1.7,701.0,10.1,701.0,43.6,330.0,1.0,701.0,8.7,701.0,1.7,701.0,37.150000000000006,155.0,66.3,13600.0,29.7,705.0,11.5,1467.0,27.6,1503.0,20.9,1486.0,61.2,557.0,Jordan,11348,15.5,18,0.888888889,Jordan
1100.5,1100.5,Nanjing Normal University,China (Mainland),XL,SP,Unknown,3.0,A,5.1,601.0,1.7,601.0,16.6,701.0,21.6,532.0,18.6,606.0,4.6,701.0,7.5,701.0,6.4,701.0,7.1,701.0,37.150000000000006,155.0,66.3,9300.0,25.1,992.0,15.1,1114.0,66.5,636.0,50.7,798.0,29.8,1502.0,China,32700,13.5,2,0.888888889,China (Mainland)
1100.5,900.5,Novosibirsk State Technical University,Russia,M,FO,VH,4.0,A,6.8,601.0,5.9,601.0,29.1,532.0,1.8,701.0,1.4,701.0,44.6,325.0,1.0,701.0,9.9,701.0,1.3,701.0,37.150000000000006,1501.0,66.3,17700.0,20.2,1360.0,12.4,1369.0,12.8,1801.0,23.2,1392.0,36.1,1271.0,Russian Federation,12615,14.6,17,0.888888889,Russia
1100.5,1300.5,Panjab University,India,L,CO,VH,4.0,A,6.7,601.0,5.9,601.0,5.6,701.0,21.0,545.0,18.6,606.0,1.8,701.0,1.9,701.0,29.8,265.0,2.2,701.0,37.150000000000006,155.0,66.3,7440.0,32.6,566.0,16.2,1036.0,67.9,605.0,39.2,1001.0,23.5,1758.0,India,19695,18.6,1,0.888888889,India
1100.5,900.5,Russian Presidential Academy of National Economy and Public Administration,Russia,XL,FO,HI,3.0,A,5.2,601.0,6.8,601.0,49.0,320.0,1.1,701.0,2.0,701.0,3.0,701.0,1.1,701.0,26.0,315.0,1.1,701.0,37.150000000000006,1501.0,66.3,18160.0,26.8,884.0,17.1,965.0,18.1,1712.0,19.4,1568.0,23.2,1771.0,Russian Federation,18646,10.4,4,0.888888889,Russia
1100.5,900.5,Saint-Petersburg Mining University,Russia,M,FO,VH,5.0,A,3.7,601.0,3.1,601.0,53.9,285.0,2.2,701.0,19.7,592.0,20.6,539.0,1.0,701.0,12.0,701.0,4.1,701.0,37.150000000000006,155.0,66.3,7600.0,29.7,709.0,16.9,979.0,69.3,572.0,50.4,801.0,43.1,1017.0,Russian Federation,8345,13.4,12,0.888888889,Russia
1100.5,1100.5,San Diego State University,United States,XL,CO,VH,5.0,A,5.2,601.0,3.0,601.0,3.2,701.0,17.1,598.0,6.5,701.0,4.4,701.0,27.1,479.0,17.8,467.0,23.7,506.0,37.150000000000006,155.0,66.3,9630.0,21.5,1272.0,11.9,1417.0,71.1,535.0,58.3,672.0,37.0,1240.0,United States,32069,28.1,5,0.888888889,United States
1100.5,1100.5,Sheffield Hallam University,United Kingdom,L,CO,HI,3.0,A,6.5,601.0,12.1,601.0,10.0,701.0,4.9,701.0,35.0,455.0,30.9,412.0,6.7,701.0,11.9,701.0,2.5,701.0,37.150000000000006,155.0,66.3,9700.0,19.4,1437.0,14.4,1170.0,66.7,632.0,33.1,1126.0,64.0,503.0,United Kingdom,26580,17.7,12,0.888888889,United Kingdom
1100.5,1100.5,Silesian University of Technology,Poland,L,FO,VH,4.0,A,6.5,601.0,3.6,601.0,27.7,549.0,6.2,701.0,2.4,701.0,4.4,701.0,9.0,697.0,11.1,701.0,1.4,701.0,37.150000000000006,155.0,66.3,14250.0,21.8,1248.0,15.6,1079.0,39.4,1227.0,31.5,1149.0,26.6,1635.0,Poland,17424,12.0,4,0.888888889,Poland
1100.5,900.5,Slovak University of Technology in Bratislava,Slovakia,L,FO,VH,4.0,A,9.7,601.0,7.9,601.0,34.7,460.0,3.6,701.0,2.1,701.0,2.7,701.0,2.6,701.0,18.2,459.0,1.4,701.0,37.150000000000006,1501.0,66.3,18460.0,27.6,837.0,12.0,1410.0,22.3,1629.0,28.7,1215.0,32.8,1394.0,Slovakia,10678,8.5,7,0.888888889,Slovakia
1100.5,585.5,Soonchunhyang University,South Korea,M,FC,HI,3.0,B,5.0,601.0,2.9,601.0,46.6,337.0,7.3,701.0,5.7,701.0,4.8,701.0,1.0,701.0,6.8,701.0,1.1,701.0,37.150000000000006,155.0,66.3,14290.0,19.8,1394.0,25.4,592.0,33.0,1376.0,48.2,835.0,35.0,1320.0,South Korea,10329,21.4,6,0.888888889,South Korea
1100.5,900.5,Széchenyi István University,Hungary,M,FC,MD,2.0,C,8.1,601.0,24.7,388.0,22.8,622.0,1.6,701.0,4.2,701.0,6.6,701.0,1.0,701.0,9.2,701.0,1.3,701.0,37.150000000000006,1501.0,66.3,18620.0,19.1,1460.0,11.7,1446.0,23.2,1605.0,17.4,1717.0,29.6,1514.0,Hungary,9573,14.8,5,0.888888889,Hungary
1100.5,1100.5,Taibah University,Saudi Arabia,XL,FC,HI,2.0,A,5.7,601.0,2.3,601.0,4.1,701.0,3.2,701.0,97.7,121.0,2.3,701.0,2.4,701.0,4.5,701.0,2.1,701.0,37.150000000000006,155.0,66.3,11740.0,14.4,1783.0,10.2,1628.0,54.2,910.0,18.5,1628.0,76.0,314.0,Saudi Arabia,61471,24.4,2,0.888888889,Saudi Arabia
1100.5,900.5,Technical University of Liberec,Czech Republic,M,SP,Unknown,4.0,A,4.3,601.0,3.2,601.0,45.5,346.0,4.3,701.0,16.4,647.0,10.1,701.0,1.6,701.0,7.8,701.0,1.0,701.0,37.150000000000006,1501.0,66.3,18640.0,21.0,1302.0,18.9,872.0,18.2,1711.0,34.5,1102.0,44.2,983.0,Czech Republic,5303,13.3,10,0.888888889,Czech Republic
1100.5,1100.5,Telkom University,Indonesia,L,SP,Unknown,2.0,C,7.4,601.0,9.4,601.0,27.0,561.0,1.4,701.0,22.3,568.0,3.6,701.0,1.0,701.0,10.4,701.0,3.4,701.0,37.150000000000006,1501.0,66.3,18710.0,15.0,1754.0,11.0,1530.0,28.5,1485.0,21.3,1468.0,38.1,1189.0,Indonesia,18956,16.8,3,0.888888889,Indonesia
1100.5,1100.5,Tokai University,Japan,L,FC,HI,2.0,B,11.4,601.0,6.4,601.0,14.4,701.0,3.0,701.0,6.0,701.0,3.1,701.0,1.6,701.0,7.8,701.0,1.2,701.0,37.150000000000006,155.0,66.3,14620.0,18.3,1533.0,12.0,1411.0,36.5,1292.0,46.0,880.0,30.4,1486.0,Japan,28334,16.0,4,0.888888889,Japan
1100.5,725.5,Tokushima University,Japan,M,FC,VH,4.0,A,4.8,601.0,1.9,601.0,66.3,200.0,6.6,701.0,2.7,701.0,2.4,701.0,1.2,701.0,9.0,701.0,1.0,701.0,37.150000000000006,155.0,66.3,14630.0,29.2,737.0,24.0,653.0,24.4,1575.0,81.6,243.0,26.4,1649.0,Japan,7482,9.7,2,0.888888889,Japan
1100.5,900.5,Universidad del Valle,Colombia,XL,FC,MD,4.0,A,18.2,492.0,15.0,549.0,8.1,701.0,2.0,701.0,2.2,701.0,1.4,701.0,1.2,701.0,10.0,701.0,2.1,701.0,37.150000000000006,1501.0,66.3,18880.0,23.2,1143.0,8.7,1836.0,12.2,1817.0,17.9,1678.0,40.6,1100.0,Colombia,33442,8.9,1,0.888888889,Colombia
1100.5,1100.5,Universitas Sebelas Maret,Indonesia,XL,FC,HI,3.0,A,10.7,601.0,11.5,601.0,13.6,701.0,1.5,701.0,10.3,701.0,2.0,701.0,1.0,701.0,7.5,701.0,7.0,701.0,37.150000000000006,155.0,66.3,14130.0,19.3,1444.0,19.3,851.0,33.9,1354.0,48.3,834.0,33.3,1381.0,Indonesia,27580,16.9,2,0.888888889,Indonesia
1100.5,1100.5,Université de Poitiers,France,L,CO,VH,5.0,A,8.7,601.0,2.0,601.0,4.9,701.0,6.2,701.0,18.6,606.0,29.1,431.0,36.3,409.0,7.8,701.0,2.3,701.0,37.150000000000006,155.0,66.3,9490.0,28.6,768.0,25.7,585.0,36.0,1300.0,45.0,893.0,58.9,605.0,France,29280,31.5,11,0.888888889,France
1100.5,900.5,Universiti Malaysia Perlis,Malaysia,M,FO,VH,2.0,A,7.3,601.0,5.5,601.0,24.1,590.0,7.5,701.0,2.0,701.0,4.0,701.0,1.6,701.0,9.0,701.0,15.6,601.0,37.150000000000006,155.0,66.3,13410.0,21.6,1258.0,12.5,1359.0,46.0,1097.0,26.0,1300.0,33.3,1379.0,Malaysia,10836,13.6,3,0.888888889,Malaysia
1100.5,1100.5,Universiti Malaysia Sabah (UMS),Malaysia,L,FC,HI,3.0,A,13.6,601.0,10.0,601.0,7.8,701.0,3.3,701.0,9.8,701.0,4.0,701.0,1.7,701.0,9.6,701.0,2.0,701.0,37.150000000000006,1501.0,66.3,18840.0,17.8,1574.0,14.3,1183.0,25.0,1563.0,21.8,1449.0,41.8,1061.0,Malaysia,17316,16.6,4,0.888888889,Malaysia
1100.5,1100.5,Universiti Malaysia Sarawak (UNIMAS),Malaysia,L,FC,HI,3.0,A,12.6,601.0,8.7,601.0,11.9,701.0,3.0,701.0,37.3,433.0,8.7,701.0,1.3,701.0,8.9,701.0,1.2,701.0,37.150000000000006,155.0,66.3,11080.0,29.9,695.0,19.3,849.0,22.9,1614.0,66.9,505.0,61.0,564.0,Malaysia,12158,14.9,13,0.888888889,Malaysia
1100.5,1100.5,Universiti Malaysia Terengganu (UMT),Malaysia,M,FO,VH,2.0,A,10.0,601.0,4.6,601.0,10.8,701.0,9.3,701.0,12.9,701.0,6.7,701.0,7.4,701.0,8.6,701.0,23.7,506.0,37.150000000000006,155.0,66.3,11870.0,19.1,1462.0,18.7,885.0,47.6,1069.0,30.1,1180.0,49.7,813.0,Malaysia,10143,16.8,5,0.888888889,Malaysia
1100.5,1300.5,University of Colombo,Sri Lanka,L,CO,HI,5.0,A,11.7,601.0,14.8,555.0,2.5,701.0,3.1,701.0,1.1,701.0,1.3,701.0,1.1,701.0,44.5,161.0,19.9,545.0,37.150000000000006,155.0,66.3,10350.0,25.4,974.0,10.6,1569.0,60.2,768.0,18.7,1607.0,39.3,1139.0,Sri Lanka,34058,32.0,0,0.888888889,Sri Lanka
1100.5,1100.5,University of Derby,United Kingdom,L,CO,HI,3.0,A,4.8,601.0,3.2,601.0,11.3,701.0,4.7,701.0,30.5,486.0,48.5,305.0,4.4,701.0,9.3,701.0,3.8,701.0,37.150000000000006,155.0,66.3,6420.0,18.5,1504.0,12.8,1322.0,71.8,514.0,26.5,1281.0,75.0,329.0,United Kingdom,16170,15.8,18,0.888888889,United Kingdom
1100.5,585.5,University of Deusto,Spain,M,FO,VH,5.0,Unknown,5.8,601.0,20.9,445.0,5.0,701.0,6.8,701.0,18.6,606.0,14.4,632.0,1.3,701.0,12.7,677.0,19.9,545.0,37.150000000000006,155.0,66.3,8540.0,22.5,1186.0,23.2,676.0,54.3,904.0,36.6,1059.0,42.3,1040.0,Spain,9570,18.8,6,0.888888889,Spain
1100.5,1300.5,University of Karachi,Pakistan,XL,CO,HI,4.0,A,10.4,601.0,15.3,540.0,1.6,701.0,4.6,701.0,3.8,701.0,1.1,701.0,2.6,701.0,6.9,701.0,12.3,640.0,37.150000000000006,1501.0,66.3,16740.0,14.1,1797.0,10.6,1574.0,19.5,1689.0,24.5,1352.0,44.4,976.0,Pakistan,47337,39.3,0,0.888888889,Pakistan
1100.5,1100.5,University of Nairobi,Kenya,XL,FC,MD,4.0,A,9.6,601.0,14.6,557.0,18.1,701.0,1.7,701.0,18.6,606.0,14.4,632.0,3.6,701.0,54.4,116.0,4.1,701.0,37.150000000000006,155.0,66.3,13640.0,12.0,1877.0,10.6,1577.0,45.9,1099.0,18.8,1604.0,49.8,805.0,Kenya,52678,34.5,2,0.888888889,Kenya
1100.5,1300.5,University of North Carolina at Charlotte,United States,L,CO,VH,4.0,A,5.7,601.0,4.5,601.0,5.0,701.0,14.1,656.0,8.7,701.0,5.5,701.0,14.4,605.0,10.6,701.0,23.0,514.0,37.150000000000006,155.0,66.3,7280.0,23.2,1139.0,22.1,725.0,74.4,455.0,58.7,667.0,37.0,1239.0,United States,26819,20.6,6,0.888888889,United States
1100.5,1300.5,University of Novi Sad,Serbia,XL,FC,HI,4.0,A,8.8,601.0,3.6,601.0,9.3,701.0,3.4,701.0,18.6,606.0,14.4,632.0,47.5,330.0,9.0,701.0,2.2,701.0,37.150000000000006,1501.0,66.3,17690.0,19.0,1466.0,11.7,1444.0,29.1,1465.0,36.4,1064.0,33.6,1369.0,Serbia,47978,15.1,1,0.888888889,Serbia
1100.5,1100.5,University of Pardubice,Czech Republic,M,FO,VH,4.0,A,4.8,601.0,2.6,601.0,39.8,398.0,3.3,701.0,11.5,701.0,11.1,689.0,1.1,701.0,7.8,701.0,1.0,701.0,37.150000000000006,1501.0,66.3,17880.0,21.1,1297.0,17.7,934.0,17.7,1717.0,30.0,1183.0,39.8,1122.0,Czech Republic,7375,13.5,10,0.888888889,Czech Republic
1100.5,1100.5,University of Primorska,Slovenia,M,CO,HI,3.0,A,3.1,601.0,2.3,601.0,9.4,701.0,5.1,701.0,26.3,520.0,28.6,435.0,5.7,701.0,67.8,80.0,1.4,701.0,37.150000000000006,1501.0,66.3,18080.0,16.4,1672.0,14.9,1136.0,26.5,1526.0,21.9,1444.0,61.8,547.0,Slovenia,5805,15.3,18,0.888888889,Slovenia
1100.5,1100.5,University of Regina,Canada,L,CO,HI,3.0,A,3.5,601.0,2.9,601.0,4.0,701.0,21.2,542.0,8.8,701.0,41.1,338.0,5.7,701.0,8.3,701.0,19.9,545.0,37.150000000000006,155.0,66.3,9550.0,17.8,1571.0,19.5,840.0,62.9,709.0,36.1,1074.0,71.0,391.0,Canada,14167,24.6,26,0.888888889,Canada
1100.5,585.5,University of the Free State,South Africa,L,FO,VH,5.0,A,5.6,601.0,6.6,601.0,3.5,701.0,7.9,701.0,18.6,606.0,4.9,701.0,66.4,211.0,9.6,701.0,19.9,545.0,37.150000000000006,155.0,66.3,8630.0,22.4,1192.0,18.7,881.0,56.4,859.0,26.9,1261.0,51.7,749.0,South Africa,33247,35.6,2,0.888888889,South Africa
1100.5,1100.5,University of Toledo,United States,L,FC,HI,4.0,A,3.8,601.0,4.4,601.0,8.7,701.0,21.4,538.0,9.6,701.0,8.8,701.0,5.1,701.0,10.3,701.0,19.9,545.0,37.150000000000006,155.0,66.3,7810.0,35.7,438.0,16.7,996.0,54.5,898.0,68.8,460.0,56.7,649.0,United States,16199,17.0,9,0.888888889,United States
1100.5,1100.5,University of Wolverhampton,United Kingdom,L,CO,HI,5.0,A,3.4,601.0,3.2,601.0,10.4,701.0,9.4,701.0,34.7,457.0,72.1,200.0,3.7,701.0,8.8,701.0,1.4,701.0,37.150000000000006,155.0,66.3,7950.0,19.1,1464.0,14.7,1151.0,64.7,680.0,40.7,964.0,81.1,238.0,United Kingdom,15115,16.7,28,0.888888889,United Kingdom
1100.5,900.5,University of Wyoming,United States,M,CO,VH,5.0,A,3.0,601.0,1.4,601.0,25.9,570.0,23.4,508.0,7.7,701.0,4.0,701.0,10.7,660.0,9.8,701.0,6.3,701.0,37.150000000000006,155.0,66.3,7980.0,35.9,434.0,20.3,799.0,62.1,732.0,58.6,668.0,37.7,1212.0,United States,10174,14.1,4,0.888888889,United States
1100.5,900.5,University of Žilina,Slovakia,M,FO,VH,4.0,A,5.7,601.0,1.0,601.0,56.1,264.0,6.2,701.0,2.5,701.0,2.9,701.0,1.2,701.0,13.4,641.0,1.1,701.0,37.150000000000006,155.0,66.3,12020.0,27.7,828.0,18.0,922.0,48.2,1052.0,30.6,1169.0,31.8,1435.0,Slovakia,7154,14.0,3,0.888888889,Slovakia
1100.5,1300.5,VSB - Technical University of Ostrava,Czech Republic,M,FO,VH,5.0,A,5.4,601.0,10.3,601.0,15.5,701.0,4.3,701.0,8.4,701.0,22.0,514.0,1.8,701.0,9.4,701.0,8.4,695.0,37.150000000000006,155.0,66.3,14840.0,26.8,887.0,19.7,829.0,27.8,1499.0,31.0,1157.0,46.9,893.0,Czech Republic,11390,14.7,13,0.888888889,Czech Republic
1100.5,1100.5,Western Michigan University,United States,L,FC,HI,5.0,A,5.3,601.0,3.6,601.0,10.8,701.0,5.8,701.0,32.3,472.0,10.4,701.0,2.2,701.0,17.0,498.0,1.9,701.0,37.150000000000006,155.0,66.3,11930.0,24.0,1083.0,17.1,970.0,39.2,1235.0,39.3,998.0,43.1,1019.0,United States,16486,21.3,8,0.888888889,United States
1100.5,1300.5,Yarmouk University,Jordan,L,FC,MD,3.0,A,11.9,601.0,14.5,564.0,2.8,701.0,2.5,701.0,7.8,701.0,13.9,643.0,3.9,701.0,28.4,283.0,1.1,701.0,37.150000000000006,155.0,66.3,15000.0,19.9,1385.0,12.9,1317.0,41.5,1194.0,20.8,1496.0,53.1,709.0,Jordan,31177,28.3,11,0.888888889,Jordan
1100.5,900.5,Yerevan State University,Armenia,M,CO,HI,5.0,A,7.0,601.0,3.0,601.0,45.4,347.0,1.4,701.0,5.2,701.0,1.6,701.0,1.0,701.0,35.2,215.0,1.0,701.0,37.150000000000006,1501.0,66.3,19020.0,23.9,1087.0,8.6,1849.0,26.8,1521.0,16.4,1821.0,38.1,1193.0,Armenia,13838,8.0,2,0.888888889,Armenia
1300.5,1300.5,Lucian Blaga University of Sibiu,Romania,L,FC,MD,3.0,A,3.7,601.0,2.5,601.0,8.1,701.0,1.8,701.0,12.5,701.0,3.1,701.0,49.8,313.0,9.0,701.0,1.8,701.0,37.150000000000006,1501.0,66.3,17090.0,18.5,1506.0,14.0,1205.0,29.7,1452.0,16.8,1774.0,28.4,1563.0,Romania,13369,16.5,3,0.888888889,Romania
1300.5,1300.5,Al-Azhar University,Egypt,XL,CO,VH,4.0,A,11.2,601.0,6.8,601.0,11.1,701.0,1.3,701.0,1.5,701.0,10.4,701.0,5.2,701.0,13.6,628.0,1.2,701.0,37.150000000000006,155.0,66.3,8060.0,19.2,1448.0,10.9,1533.0,69.2,575.0,20.4,1515.0,57.4,633.0,Egypt,269733,22.0,9,0.888888889,Egypt
1300.5,1300.5,Alexandru Ioan Cuza University,Romania,L,FO,VH,5.0,A,8.0,601.0,8.0,601.0,5.3,701.0,2.9,701.0,3.6,701.0,10.9,693.0,1.8,701.0,8.0,701.0,1.2,701.0,37.150000000000006,1501.0,66.3,15190.0,16.5,1658.0,12.1,1395.0,31.6,1407.0,18.3,1640.0,40.2,1109.0,Romania,25443,22.3,8,0.888888889,Romania
1300.5,1300.5,Anadolu University,Turkey,L,FO,VH,4.0,A,4.0,601.0,4.0,601.0,13.8,701.0,2.9,701.0,1.9,701.0,3.1,701.0,1.4,701.0,10.6,701.0,1.1,701.0,37.150000000000006,155.0,66.3,12110.0,22.3,1199.0,11.8,1421.0,41.2,1195.0,22.0,1437.0,32.7,1395.0,Turkey,21491,17.0,8,0.888888889,Turkey
1300.5,1300.5,Aoyama Gakuin University,Japan,L,CO,MD,4.0,B,6.9,601.0,12.3,601.0,5.4,701.0,2.0,701.0,16.3,648.0,2.7,701.0,1.0,701.0,11.4,701.0,1.0,701.0,37.150000000000006,1501.0,66.3,15310.0,20.0,1370.0,8.9,1807.0,10.4,1849.0,22.2,1430.0,36.2,1265.0,Japan,19692,12.2,3,0.888888889,Japan
1300.5,1100.5,Benemérita Universidad Autónoma de Puebla,Mexico,XL,FC,HI,5.0,A,15.3,569.0,6.5,601.0,3.2,701.0,2.0,701.0,2.9,701.0,1.3,701.0,1.3,701.0,6.5,701.0,3.0,701.0,37.150000000000006,1501.0,66.3,15500.0,15.6,1722.0,9.5,1705.0,17.1,1728.0,19.4,1564.0,37.7,1208.0,Mexico,79695,45.2,1,0.888888889,Mexico
1300.5,1300.5,Central Michigan University,United States,L,FC,HI,4.0,A,3.6,601.0,4.2,601.0,7.8,701.0,8.1,701.0,3.5,701.0,3.1,701.0,2.1,701.0,10.8,701.0,19.9,545.0,37.150000000000006,155.0,66.3,10310.0,28.8,752.0,15.3,1093.0,46.8,1079.0,44.9,894.0,33.4,1374.0,United States,13780,18.3,3,0.888888889,United States
1300.5,585.5,Chaoyang University of Technology,Taiwan,L,FO,VH,3.0,C,5.6,601.0,6.7,601.0,4.2,701.0,3.5,701.0,6.7,701.0,5.7,701.0,1.0,701.0,7.9,701.0,3.3,701.0,37.150000000000006,1501.0,66.3,15780.0,14.1,1796.0,18.2,906.0,28.2,1487.0,47.0,863.0,38.9,1152.0,Taiwan,14432,37.5,5,0.888888889,Taiwan
1300.5,1300.5,Feng Chia University,Taiwan,L,FO,VH,3.0,C,10.0,601.0,7.5,601.0,4.5,701.0,6.0,701.0,3.9,701.0,5.8,701.0,1.0,701.0,14.4,584.0,1.1,701.0,37.150000000000006,155.0,66.3,12790.0,18.4,1514.0,18.9,868.0,25.5,1550.0,40.9,955.0,37.7,1209.0,Taiwan,19770,23.3,7,0.888888889,Taiwan
1300.5,1300.5,Fu Jen Catholic University,Taiwan,L,FC,HI,4.0,B,7.3,601.0,7.5,601.0,4.3,701.0,6.8,701.0,7.9,701.0,7.4,701.0,1.0,701.0,21.8,381.0,1.5,701.0,37.150000000000006,155.0,66.3,10580.0,24.0,1078.0,29.2,491.0,26.3,1531.0,65.5,538.0,31.1,1459.0,Taiwan,16382,27.2,6,0.888888889,Taiwan
1300.5,1300.5,German University in Cairo,Egypt,L,CO,MD,2.0,B,7.9,601.0,11.4,601.0,7.3,701.0,2.1,701.0,14.2,680.0,1.2,701.0,1.0,701.0,6.0,701.0,1.0,701.0,37.150000000000006,1501.0,66.3,16300.0,18.6,1490.0,8.7,1826.0,34.0,1348.0,16.8,1772.0,48.6,845.0,Egypt,12332,12.8,2,0.888888889,Egypt
1300.5,1300.5,Hanoi University of Science and Technology,Vietnam,XL,FO,VH,4.0,A,6.1,601.0,8.7,601.0,2.4,701.0,4.3,701.0,3.8,701.0,1.2,701.0,1.6,701.0,15.3,549.0,1.2,701.0,37.150000000000006,1501.0,66.3,16380.0,15.7,1717.0,15.7,1070.0,27.4,1507.0,43.4,915.0,39.7,1125.0,Vietnam,37891,34.1,0,0.888888889,Vietnam
1300.5,1100.5,Ivan Franko National University of Lviv,Ukraine,L,CO,HI,5.0,A,4.3,601.0,10.1,601.0,34.2,467.0,1.3,701.0,1.4,701.0,2.0,701.0,1.0,701.0,12.0,701.0,1.1,701.0,37.150000000000006,155.0,66.3,13150.0,24.5,1042.0,10.5,1589.0,10.0,1855.0,17.9,1674.0,31.7,1437.0,Ukraine,19799,10.7,2,0.888888889,Ukraine
1300.5,585.5,Jahangirnagar University,Bangladesh,Unknown,FO,Unknown,4.0,Unknown,8.5,601.0,13.7,590.0,18.9,696.0,17.8,586.0,18.6,606.0,14.4,632.0,1.2,701.0,14.6,575.0,19.9,545.0,37.150000000000006,155.0,66.3,8860.0,24.1,1074.0,8.9,1810.0,71.9,509.0,19.5,1561.0,49.7,810.0,Bangladesh,12649,17.3,0,0.888888889,Bangladesh
1300.5,585.5,King Mongkut's University of Technology North Bangkok,Thailand,L,FO,VH,3.0,A,8.1,601.0,5.8,601.0,3.7,701.0,3.0,701.0,3.4,701.0,1.1,701.0,1.1,701.0,8.3,701.0,1.1,701.0,37.150000000000006,155.0,66.3,13310.0,16.2,1684.0,12.7,1336.0,50.9,997.0,25.9,1304.0,28.7,1551.0,Thailand,28122,23.3,0,0.888888889,Thailand
1300.5,1300.5,Kwansei Gakuin University,Japan,L,CO,HI,4.0,B,4.2,601.0,6.4,601.0,4.5,701.0,2.5,701.0,24.4,543.0,3.9,701.0,1.0,701.0,10.6,701.0,1.0,701.0,37.150000000000006,1501.0,66.3,16950.0,15.7,1718.0,9.5,1712.0,15.4,1757.0,20.7,1499.0,40.9,1084.0,Japan,25232,24.7,4,0.888888889,Japan
1300.5,1300.5,Marmara University,Turkey,XL,FO,VH,5.0,A,6.8,601.0,8.3,601.0,5.0,701.0,2.3,701.0,3.0,701.0,3.6,701.0,2.1,701.0,15.4,548.0,6.1,701.0,37.150000000000006,1501.0,66.3,17160.0,17.0,1625.0,11.7,1440.0,31.9,1402.0,26.9,1262.0,30.7,1472.0,Turkey,62991,30.6,5,0.888888889,Turkey
1300.5,1100.5,Marquette University,United States,M,CO,VH,5.0,B,3.4,601.0,3.8,601.0,23.7,600.0,9.3,701.0,6.8,701.0,2.7,701.0,1.5,701.0,13.2,651.0,1.1,701.0,37.150000000000006,155.0,66.3,9210.0,36.9,392.0,18.2,908.0,54.0,914.0,49.3,822.0,33.1,1384.0,United States,10317,12.2,3,0.888888889,United States
1300.5,1100.5,Mendeleev University of Chemical Technology,Russia,M,FO,VH,5.0,A,4.9,601.0,3.9,601.0,30.5,515.0,2.7,701.0,1.1,701.0,5.7,701.0,1.0,701.0,7.2,701.0,1.0,701.0,37.150000000000006,1501.0,66.3,17220.0,19.6,1413.0,14.1,1197.0,14.3,1779.0,43.4,916.0,23.6,1755.0,Russian Federation,7338,14.9,6,0.888888889,Russia
1300.5,585.5,Naresuan University,Thailand,L,FC,MD,3.0,A,6.5,601.0,3.3,601.0,6.5,701.0,2.0,701.0,5.9,701.0,1.3,701.0,1.0,701.0,7.9,701.0,4.4,701.0,37.150000000000006,1501.0,66.3,17420.0,15.8,1710.0,10.5,1590.0,14.8,1769.0,28.3,1226.0,33.1,1385.0,Thailand,27234,18.3,1,0.888888889,Thailand
1300.5,1300.5,National Dong Hwa University,Taiwan,M,FO,VH,2.0,A,6.3,601.0,2.3,601.0,6.5,701.0,6.4,701.0,3.2,701.0,10.2,701.0,1.0,701.0,7.6,701.0,2.3,701.0,37.150000000000006,155.0,66.3,13710.0,19.1,1459.0,23.8,664.0,26.3,1534.0,33.5,1122.0,48.6,848.0,Taiwan,9970,18.6,9,0.888888889,Taiwan
1300.5,1300.5,National Taipei University,Taiwan,M,FO,HI,2.0,A,7.5,601.0,4.5,601.0,8.2,701.0,3.2,701.0,2.7,701.0,5.2,701.0,1.0,701.0,16.1,518.0,3.1,701.0,37.150000000000006,1501.0,66.3,17560.0,20.6,1331.0,15.1,1115.0,22.4,1626.0,23.3,1386.0,30.5,1478.0,Taiwan,8386,15.7,6,0.888888889,Taiwan
1300.5,1100.5,National Taiwan Ocean University,Taiwan,M,FO,VH,3.0,A,5.7,601.0,3.2,601.0,11.6,701.0,10.1,701.0,5.6,701.0,7.7,701.0,1.1,701.0,8.6,701.0,5.6,701.0,37.150000000000006,155.0,66.3,13750.0,19.7,1403.0,25.0,612.0,30.2,1438.0,63.0,591.0,34.7,1331.0,Taiwan,8244,16.2,8,0.888888889,Taiwan
1300.5,1300.5,National University of Life and Environmental Sciences of Ukraine,Ukraine,L,FO,HI,5.0,A,5.7,601.0,4.4,601.0,17.2,701.0,1.4,701.0,1.2,701.0,1.2,701.0,1.1,701.0,9.8,701.0,1.1,701.0,37.150000000000006,1501.0,66.3,17510.0,20.3,1350.0,8.9,1814.0,30.1,1442.0,25.3,1328.0,25.7,1676.0,Ukraine,17628,15.2,1,0.888888889,Ukraine
1300.5,1300.5,Nova Southeastern University,United States,L,CO,HI,4.0,Unknown,2.9,601.0,3.3,601.0,14.0,701.0,3.1,701.0,4.4,701.0,3.9,701.0,1.1,701.0,10.2,701.0,19.9,545.0,37.150000000000006,155.0,66.3,9400.0,39.1,331.0,12.2,1389.0,50.1,1020.0,38.9,1008.0,34.4,1342.0,United States,17973,16.5,4,0.888888889,United States
1300.5,1300.5,Óbuda University,Hungary,M,FO,VH,2.0,A,4.5,601.0,3.9,601.0,2.1,701.0,6.6,701.0,13.6,693.0,7.6,701.0,1.3,701.0,5.6,701.0,1.0,701.0,37.150000000000006,155.0,66.3,11330.0,14.4,1782.0,16.4,1019.0,55.7,870.0,20.7,1501.0,42.6,1029.0,Hungary,10997,34.4,7,0.970833333,Hungary
1300.5,900.5,Pondicherry University,India,XL,CO,HI,3.0,A,4.0,601.0,1.9,601.0,6.5,701.0,12.2,694.0,1.1,701.0,1.1,701.0,1.2,701.0,4.7,701.0,8.4,695.0,37.150000000000006,155.0,66.3,11410.0,33.5,521.0,18.4,897.0,38.3,1253.0,42.5,931.0,19.4,1880.0,India,8187,21.5,1,0.888888889,India
1300.5,1300.5,Portland State University,United States,L,CO,VH,4.0,A,4.3,601.0,2.1,601.0,9.5,701.0,10.5,701.0,1.6,701.0,5.3,701.0,4.9,701.0,10.3,701.0,18.4,560.0,37.150000000000006,155.0,66.3,9510.0,22.1,1224.0,23.2,679.0,55.7,871.0,54.7,733.0,35.0,1319.0,United States,18763,20.5,5,0.888888889,United States
1300.5,1300.5,Rikkyo University,Japan,L,FO,HI,5.0,C,4.1,601.0,12.0,601.0,10.1,701.0,2.6,701.0,24.9,537.0,6.2,701.0,1.0,701.0,8.6,701.0,1.0,701.0,37.150000000000006,155.0,66.3,14040.0,18.6,1496.0,9.3,1751.0,34.0,1350.0,19.7,1550.0,58.4,617.0,Japan,19783,14.4,4,0.888888889,Japan
1300.5,1100.5,Saitama University,Japan,M,CO,VH,4.0,A,4.5,601.0,1.8,601.0,14.1,701.0,9.2,701.0,10.5,701.0,6.2,701.0,1.2,701.0,7.9,701.0,2.2,701.0,37.150000000000006,1501.0,66.3,18240.0,22.9,1160.0,15.5,1084.0,19.4,1691.0,41.2,951.0,41.5,1067.0,Japan,8321,15.3,6,0.888888889,Japan
1300.5,1300.5,Shibaura Institute of Technology,Japan,M,FO,VH,4.0,B,3.7,601.0,2.3,601.0,2.8,701.0,4.8,701.0,13.8,689.0,9.8,701.0,1.1,701.0,7.9,701.0,1.1,701.0,37.150000000000006,155.0,66.3,14220.0,20.8,1316.0,20.1,809.0,22.3,1628.0,36.3,1066.0,42.3,1042.0,Japan,9001,29.7,5,0.806944444,Japan
1300.5,585.5,Silpakorn University,Thailand,L,CO,HI,4.0,A,6.2,601.0,6.7,601.0,4.5,701.0,2.7,701.0,4.6,701.0,1.2,701.0,1.0,701.0,7.4,701.0,1.0,701.0,37.150000000000006,1501.0,66.3,18430.0,19.3,1445.0,13.6,1244.0,20.7,1666.0,38.0,1019.0,29.0,1540.0,Thailand,22163,18.8,2,0.888888889,Thailand
1300.5,1300.5,Soongsil University,South Korea,L,CO,HI,3.0,C,5.0,601.0,6.5,601.0,10.1,701.0,4.3,701.0,5.9,701.0,13.9,641.0,1.0,701.0,4.2,701.0,1.0,701.0,37.150000000000006,155.0,66.3,14300.0,26.7,895.0,15.0,1125.0,25.1,1560.0,47.4,857.0,35.6,1291.0,South Korea,15808,18.6,12,0.888888889,South Korea
1300.5,1300.5,Suez Canal University,Egypt,XL,FC,HI,3.0,A,3.9,601.0,2.6,601.0,16.2,701.0,2.2,701.0,2.2,701.0,1.8,701.0,5.7,701.0,4.7,701.0,1.2,701.0,37.150000000000006,155.0,66.3,11700.0,19.7,1404.0,8.8,1823.0,57.6,829.0,28.3,1228.0,50.6,787.0,Egypt,45981,13.1,1,0.888888889,Egypt
1300.5,1300.5,Tamkang University,Taiwan,L,FO,VH,3.0,C,5.7,601.0,5.5,601.0,3.6,701.0,5.6,701.0,8.4,701.0,7.4,701.0,1.1,701.0,20.9,395.0,4.9,701.0,37.150000000000006,155.0,66.3,14480.0,15.3,1740.0,12.7,1338.0,34.1,1347.0,43.6,912.0,42.9,1022.0,Taiwan,23600,22.5,7,0.888888889,Taiwan
1300.5,1300.5,Technical University of Cluj-Napoca,Romania,L,SP,Unknown,5.0,A,5.0,601.0,4.8,601.0,7.3,701.0,3.7,701.0,1.7,701.0,2.7,701.0,2.8,701.0,8.0,701.0,1.1,701.0,37.150000000000006,155.0,66.3,14510.0,17.0,1627.0,13.2,1288.0,39.3,1230.0,29.5,1194.0,25.0,1709.0,Romania,19065,20.5,2,0.888888889,Romania
1300.5,1300.5,The Hashemite University,Jordan,L,FC,MD,3.0,A,8.0,601.0,13.0,601.0,3.8,701.0,3.4,701.0,9.0,701.0,8.0,701.0,3.0,701.0,6.2,701.0,1.1,701.0,37.150000000000006,155.0,66.3,12960.0,13.2,1835.0,14.2,1188.0,40.6,1212.0,25.4,1320.0,53.1,707.0,Jordan,17665,23.0,7,0.888888889,Jordan
1300.5,1300.5,Tunghai University,Taiwan,L,CO,HI,4.0,C,6.2,601.0,6.1,601.0,5.2,701.0,4.5,701.0,10.2,701.0,9.3,701.0,1.1,701.0,12.6,688.0,3.9,701.0,37.150000000000006,155.0,66.3,14700.0,16.5,1664.0,14.4,1171.0,37.8,1262.0,49.4,821.0,46.6,913.0,Taiwan,15201,20.4,10,0.888888889,Taiwan
1300.5,1300.5,Universidad de Cartagena,Colombia,L,FC,MD,5.0,A,4.9,601.0,5.4,601.0,4.0,701.0,4.3,701.0,2.2,701.0,1.1,701.0,1.0,701.0,6.8,701.0,11.0,656.0,37.150000000000006,155.0,66.3,12390.0,13.8,1811.0,9.1,1775.0,56.8,851.0,17.2,1733.0,41.2,1072.0,Colombia,21749,21.3,1,0.888888889,Colombia
1300.5,1300.5,Universidad Nacional del Litoral,Argentina,XL,CO,HI,5.0,A,11.7,601.0,5.8,601.0,2.2,701.0,2.7,701.0,1.5,701.0,1.1,701.0,1.1,701.0,2.7,701.0,3.2,701.0,37.150000000000006,1501.0,66.3,17400.0,12.0,1876.0,9.4,1736.0,16.9,1733.0,24.1,1365.0,29.2,1532.0,Argentina,50145,35.2,0,0.888888889,Argentina
1300.5,1100.5,Universidade do Estado do Rio de Janeiro (UERJ),Brazil,XL,FC,HI,4.0,A,9.4,601.0,4.0,601.0,17.6,701.0,2.6,701.0,3.8,701.0,1.2,701.0,5.7,701.0,7.6,701.0,2.4,701.0,37.150000000000006,155.0,66.3,12640.0,31.8,594.0,13.5,1250.0,24.6,1570.0,26.3,1285.0,30.4,1483.0,Brazil,22879,9.4,0,0.888888889,Brazil
1300.5,1300.5,Universidade Federal da Bahia,Brazil,XL,FC,HI,4.0,A,9.1,601.0,2.4,601.0,8.9,701.0,3.1,701.0,5.4,701.0,1.5,701.0,4.3,701.0,8.1,701.0,4.4,701.0,37.150000000000006,155.0,66.3,12670.0,27.5,841.0,12.3,1375.0,30.5,1426.0,19.7,1546.0,28.4,1561.0,Brazil,51291,19.9,0,0.888888889,Brazil
1300.5,1300.5,Universidade Federal do Ceará (UFC),Brazil,XL,FC,HI,4.0,A,7.3,601.0,3.1,601.0,7.7,701.0,5.8,701.0,1.4,701.0,1.3,701.0,3.2,701.0,4.3,701.0,24.8,490.0,37.150000000000006,155.0,66.3,12680.0,24.2,1068.0,16.6,1000.0,24.6,1571.0,44.5,902.0,27.2,1607.0,Brazil,40899,19.8,1,0.888888889,Brazil
1300.5,585.5,Universitas Pendidikan Indonesia,Indonesia,XL,FO,VH,4.0,A,9.6,601.0,3.1,601.0,11.0,701.0,1.4,701.0,14.6,673.0,1.7,701.0,1.0,701.0,7.9,701.0,3.4,701.0,37.150000000000006,1501.0,66.3,17930.0,19.8,1391.0,12.1,1401.0,33.0,1375.0,16.3,1829.0,23.9,1745.0,Indonesia,32713,18.5,1,0.888888889,Indonesia
1300.5,1300.5,Universitas Sumatera Utara,Indonesia,XL,FC,HI,4.0,A,7.6,601.0,6.2,601.0,21.0,646.0,1.3,701.0,9.8,701.0,2.4,701.0,1.0,701.0,9.2,701.0,5.3,701.0,37.150000000000006,1501.0,66.3,18610.0,16.5,1663.0,10.5,1593.0,26.6,1524.0,17.1,1749.0,27.6,1598.0,Indonesia,35761,19.2,2,0.888888889,Indonesia
1300.5,585.5,Universiti Teknikal Malaysia Melaka,Malaysia,M,FO,VH,2.0,A,6.0,601.0,6.2,601.0,9.8,701.0,5.4,701.0,3.5,701.0,5.7,701.0,1.2,701.0,9.2,701.0,4.3,701.0,37.150000000000006,155.0,66.3,14550.0,20.1,1369.0,11.4,1482.0,32.6,1389.0,19.6,1555.0,44.2,984.0,Malaysia,11730,16.1,6,0.888888889,Malaysia
1300.5,1300.5,University of Babylon,Iraq,L,FC,HI,3.0,A,3.6,601.0,6.3,601.0,13.2,701.0,1.9,701.0,1.1,701.0,1.0,701.0,1.6,701.0,9.7,701.0,2.6,701.0,37.150000000000006,155.0,66.3,12220.0,21.4,1274.0,8.2,1866.0,47.3,1072.0,30.3,1173.0,21.4,1826.0,Iraq,30973,14.9,0,0.888888889,Iraq
1300.5,1300.5,University of Basrah,Iraq,XL,FC,MD,4.0,A,4.4,601.0,6.0,601.0,15.9,701.0,1.4,701.0,1.3,701.0,1.1,701.0,1.4,701.0,9.3,701.0,1.0,701.0,37.150000000000006,1501.0,66.3,15460.0,23.4,1117.0,7.8,1888.0,14.6,1773.0,16.2,1834.0,26.1,1659.0,Iraq,42848,11.7,0,0.888888889,Iraq
1300.5,585.5,University of Iceland,Iceland,Unknown,CO,Unknown,5.0,Unknown,7.8,601.0,5.5,601.0,18.9,696.0,17.8,586.0,18.6,606.0,14.4,632.0,37.9,396.0,14.6,575.0,19.9,545.0,37.150000000000006,155.0,66.3,5430.0,23.4,1121.0,34.0,378.0,70.6,547.0,75.6,323.0,55.8,663.0,Iceland,9899,17.0,12,0.888888889,Iceland
1300.5,1100.5,University of Kufa,Iraq,L,FC,HI,3.0,A,3.3,601.0,8.5,601.0,30.6,511.0,1.4,701.0,4.7,701.0,1.1,701.0,1.0,701.0,8.8,701.0,1.0,701.0,37.150000000000006,1501.0,66.3,16940.0,20.0,1375.0,8.7,1829.0,18.0,1715.0,16.7,1785.0,29.5,1519.0,Iraq,28175,12.3,0,0.888888889,Iraq
1300.5,1300.5,University of Memphis,United States,L,CO,VH,4.0,A,3.1,601.0,5.1,601.0,14.9,701.0,8.9,701.0,2.1,701.0,4.4,701.0,5.0,701.0,10.7,701.0,19.9,545.0,37.150000000000006,155.0,66.3,9240.0,27.5,845.0,19.0,863.0,55.0,887.0,63.0,589.0,35.0,1317.0,United States,16549,14.9,5,0.888888889,United States
1300.5,1100.5,University of Ostrava,Czech Republic,M,FO,VH,3.0,A,6.0,601.0,1.0,601.0,19.9,669.0,4.1,701.0,18.6,605.0,12.3,673.0,1.8,701.0,7.7,701.0,1.2,701.0,37.150000000000006,1501.0,66.3,17820.0,19.5,1424.0,16.3,1026.0,23.2,1604.0,18.2,1653.0,46.2,923.0,Czech Republic,8526,16.0,9,0.888888889,Czech Republic
1300.5,1100.5,University of Pannonia,Hungary,S,FO,VH,4.0,A,4.5,601.0,3.5,601.0,23.7,603.0,8.3,701.0,18.6,606.0,9.2,701.0,5.9,701.0,5.8,701.0,1.0,701.0,37.150000000000006,1501.0,66.3,17870.0,22.2,1214.0,15.6,1078.0,21.5,1648.0,45.5,887.0,37.9,1201.0,Hungary,5241,19.5,7,0.888888889,Hungary
1300.5,1100.5,University of Rijeka,Croatia,L,CO,HI,4.0,A,5.9,601.0,2.7,601.0,17.1,701.0,4.3,701.0,2.6,701.0,1.9,701.0,5.7,701.0,10.1,701.0,2.6,701.0,37.150000000000006,1501.0,66.3,18150.0,18.7,1486.0,16.7,994.0,29.9,1446.0,25.8,1306.0,29.2,1533.0,Croatia,13163,15.6,3,0.888888889,Croatia
1300.5,1300.5,University of Silesia in Katowice,Poland,L,CO,VH,4.0,A,5.3,601.0,4.3,601.0,17.2,701.0,3.3,701.0,3.3,701.0,3.3,701.0,11.5,644.0,8.3,701.0,1.4,701.0,37.150000000000006,1501.0,66.3,18420.0,23.2,1140.0,13.5,1256.0,23.4,1598.0,21.8,1448.0,29.7,1507.0,Poland,19222,11.6,4,0.888888889,Poland
1300.5,1300.5,University of Split,Croatia,L,FC,HI,3.0,A,5.9,601.0,2.5,601.0,4.2,701.0,3.9,701.0,1.5,701.0,2.1,701.0,5.9,701.0,11.0,701.0,1.4,701.0,37.150000000000006,155.0,66.3,14370.0,17.9,1558.0,13.9,1217.0,49.1,1038.0,23.1,1398.0,36.0,1279.0,Croatia,19354,15.7,2,0.888888889,Croatia
1300.5,1100.5,University of Warmia and Mazury in Olsztyn,Poland,L,FO,VH,2.0,A,6.0,601.0,10.8,601.0,24.2,589.0,3.5,701.0,2.0,701.0,2.7,701.0,4.3,701.0,6.3,701.0,1.3,701.0,37.150000000000006,1501.0,66.3,18980.0,16.9,1634.0,13.5,1260.0,35.3,1317.0,21.8,1450.0,23.3,1767.0,Poland,16899,17.5,3,0.888888889,Poland
1300.5,1100.5,Voronezh State University,Russia,L,CO,HI,5.0,A,5.9,601.0,2.3,601.0,19.9,670.0,1.3,701.0,3.4,701.0,25.6,466.0,1.0,701.0,6.6,701.0,1.4,701.0,37.150000000000006,1501.0,66.3,18960.0,22.7,1173.0,10.7,1568.0,7.7,1885.0,17.4,1719.0,37.0,1243.0,Russian Federation,16386,11.1,15,0.888888889,Russia
1300.5,585.5,Yogyakarta State University,Indonesia,L,FO,HI,2.0,A,9.6,601.0,2.8,601.0,8.0,701.0,1.4,701.0,15.4,662.0,1.8,701.0,1.0,701.0,7.8,701.0,1.0,701.0,37.150000000000006,1501.0,66.3,19030.0,16.9,1635.0,10.5,1595.0,28.8,1478.0,23.1,1399.0,30.6,1477.0,Indonesia,24073,16.3,1,0.888888889,Indonesia
1300.5,1300.5,Yuan Ze University,Taiwan,M,FO,VH,3.0,C,5.4,601.0,5.4,601.0,7.4,701.0,10.6,701.0,7.0,701.0,9.6,701.0,1.0,701.0,7.9,701.0,1.0,701.0,37.150000000000006,155.0,66.3,15030.0,18.5,1511.0,24.1,649.0,32.1,1398.0,69.0,455.0,42.8,1026.0,Taiwan,6852,23.0,8,0.888888889,Taiwan
1300.5,1300.5,Zagazig University,Egypt,XL,FC,HI,3.0,A,6.6,601.0,3.8,601.0,2.9,701.0,2.4,701.0,1.2,701.0,2.4,701.0,15.3,593.0,2.8,701.0,7.7,701.0,37.150000000000006,155.0,66.3,9980.0,14.2,1795.0,9.2,1771.0,71.4,526.0,49.8,812.0,49.0,830.0,Egypt,166653,25.2,2,0.888888889,Egypt
1401.0,1300.5,Al-Balqa Applied University,Jordan,L,FC,MD,3.0,A,5.0,601.0,6.7,601.0,4.3,701.0,2.4,701.0,3.8,701.0,1.8,701.0,2.0,701.0,7.6,701.0,1.0,701.0,37.150000000000006,155.0,66.3,10080.0,12.0,1874.0,13.6,1235.0,59.2,800.0,22.5,1416.0,39.3,1138.0,Jordan,27973,27.3,2,0.888888889,Jordan
1401.0,1401.0,Cukurova University,Turkey,XL,FC,HI,4.0,A,4.4,601.0,2.8,601.0,4.5,701.0,2.5,701.0,2.1,701.0,5.0,701.0,3.8,701.0,6.9,701.0,13.9,625.0,37.150000000000006,155.0,66.3,12510.0,23.8,1090.0,23.4,671.0,26.2,1536.0,26.7,1270.0,28.9,1545.0,Turkey,35424,15.4,4,0.888888889,Turkey
1401.0,585.5,Georgian Technical University,Georgia,Unknown,FO,Unknown,5.0,A,6.3,601.0,4.2,601.0,18.9,696.0,17.8,586.0,18.6,606.0,14.4,632.0,1.0,701.0,14.6,575.0,19.9,545.0,37.150000000000006,1501.0,66.3,16290.0,32.4,573.0,9.3,1745.0,22.2,1632.0,16.1,1847.0,40.8,1087.0,Georgia,19873,15.0,2,0.110416667,Georgia
1401.0,1300.5,Irkutsk State University,Russia,L,CO,HI,5.0,A,3.6,601.0,1.6,601.0,17.6,701.0,1.4,701.0,1.9,701.0,3.8,701.0,1.1,701.0,8.7,701.0,1.5,701.0,37.150000000000006,1501.0,66.3,16570.0,18.6,1492.0,11.5,1464.0,9.1,1864.0,18.9,1598.0,28.1,1572.0,Russian Federation,13496,14.2,4,0.888888889,Russia
1401.0,585.5,Khulna University,Bangladesh,Unknown,SP,Unknown,3.0,Unknown,5.9,601.0,5.3,601.0,18.9,696.0,17.8,586.0,18.6,606.0,14.4,632.0,1.0,701.0,14.6,575.0,19.9,545.0,37.150000000000006,155.0,66.3,13300.0,17.0,1624.0,9.5,1711.0,46.9,1078.0,17.1,1745.0,43.7,996.0,Bangladesh,6997,13.9,0,0.888888889,Bangladesh
1401.0,585.5,Kwame Nkrumah University of Science and Technology,Ghana,Unknown,CO,Unknown,4.0,Unknown,5.9,601.0,7.6,601.0,18.9,696.0,17.8,586.0,18.6,606.0,14.4,632.0,10.8,656.0,14.6,575.0,19.9,545.0,37.150000000000006,155.0,66.3,10970.0,16.2,1685.0,20.7,783.0,50.8,999.0,52.0,772.0,47.2,883.0,Ghana,71529,60.8,1,0.888888889,Ghana
1401.0,1300.5,MIREA - Russian Technological University,Russia,L,FO,VH,4.0,A,5.2,601.0,4.9,601.0,7.5,701.0,1.4,701.0,1.3,701.0,3.4,701.0,1.0,701.0,7.3,701.0,1.0,701.0,37.150000000000006,1501.0,66.3,17260.0,15.0,1751.0,11.7,1441.0,8.6,1874.0,48.1,839.0,22.2,1802.0,Russian Federation,26765,21.5,5,0.888888889,Russia
1401.0,1300.5,Pontifícia Universidade Católica do Paraná,Brazil,M,FC,HI,4.0,B,4.3,601.0,2.7,601.0,6.0,701.0,4.2,701.0,1.9,701.0,1.4,701.0,1.4,701.0,5.6,701.0,1.0,701.0,37.150000000000006,155.0,66.3,13950.0,26.3,924.0,12.8,1327.0,34.3,1342.0,43.0,922.0,30.7,1473.0,Brazil,11476,13.0,1,0.888888889,Brazil
1401.0,1401.0,Sakarya University,Turkey,XL,FC,MD,3.0,A,3.7,601.0,3.0,601.0,2.8,701.0,3.1,701.0,1.7,701.0,12.6,669.0,1.3,701.0,7.5,701.0,1.0,701.0,37.150000000000006,155.0,66.3,14080.0,16.5,1662.0,10.6,1581.0,45.4,1110.0,24.0,1368.0,28.4,1566.0,Turkey,42601,26.6,7,0.888888889,Turkey
1401.0,585.5,Shahjalal University of Science and Technology,Bangladesh,Unknown,FO,Unknown,3.0,Unknown,6.8,601.0,8.9,601.0,18.9,696.0,17.8,586.0,18.6,606.0,14.4,632.0,1.0,701.0,14.6,575.0,19.9,545.0,37.150000000000006,155.0,66.3,14200.0,13.2,1836.0,8.4,1859.0,43.4,1156.0,16.6,1800.0,44.8,964.0,Bangladesh,9585,17.8,0,0.888888889,Bangladesh
1401.0,585.5,State University of Malang,Indonesia,L,FO,VH,4.0,A,5.3,601.0,2.3,601.0,7.9,701.0,1.7,701.0,9.9,701.0,1.3,701.0,1.0,701.0,7.5,701.0,1.0,701.0,37.150000000000006,1501.0,66.3,18560.0,18.5,1510.0,11.1,1516.0,30.0,1443.0,15.8,1890.0,31.4,1449.0,Indonesia,33358,30.5,4,0.888888889,Indonesia
1401.0,585.5,Technical University of Crete,Greece,Unknown,SP,Unknown,4.0,Unknown,5.9,601.0,5.4,601.0,18.9,696.0,17.8,586.0,18.6,606.0,14.4,632.0,2.6,701.0,14.6,575.0,19.9,545.0,37.150000000000006,155.0,66.3,14520.0,13.1,1841.0,11.1,1517.0,50.4,1014.0,40.6,967.0,40.7,1094.0,Greece,6935,33.2,4,0.888888889,Greece
1401.0,1300.5,Universidad Autónoma de Chile,Chile,XL,FO,HI,3.0,B,5.5,601.0,2.2,601.0,4.9,701.0,2.9,701.0,11.1,701.0,1.4,701.0,1.9,701.0,8.5,701.0,1.7,701.0,37.150000000000006,155.0,66.3,10140.0,12.5,1859.0,12.2,1385.0,54.5,895.0,16.1,1846.0,55.4,668.0,Chile,30336,25.5,1,0.888888889,Chile
1401.0,1300.5,Universidade do Estado de Santa Catarina,Brazil,XL,CO,HI,4.0,A,3.9,601.0,1.3,601.0,20.2,660.0,1.6,701.0,18.6,606.0,14.4,632.0,1.0,701.0,5.1,701.0,1.0,701.0,37.150000000000006,1501.0,66.3,16060.0,26.5,909.0,11.0,1522.0,15.7,1752.0,17.0,1753.0,21.2,1835.0,Brazil,12417,11.5,1,0.888888889,Brazil
1401.0,1300.5,Universitas Andalas,Indonesia,XL,CO,HI,4.0,A,6.9,601.0,3.9,601.0,4.9,701.0,1.4,701.0,2.1,701.0,1.1,701.0,1.0,701.0,6.1,701.0,1.1,701.0,37.150000000000006,1501.0,66.3,15230.0,24.7,1023.0,12.7,1332.0,16.5,1737.0,36.1,1069.0,33.2,1382.0,Indonesia,32695,22.0,1,0.888888889,Indonesia
1401.0,1401.0,University of Craiova,Romania,L,CO,HI,4.0,A,4.1,601.0,2.0,601.0,2.9,701.0,2.0,701.0,18.6,606.0,14.4,632.0,1.1,701.0,7.9,701.0,1.0,701.0,37.150000000000006,1501.0,66.3,15900.0,18.3,1526.0,11.5,1459.0,25.2,1556.0,18.4,1632.0,24.0,1739.0,Romania,16907,20.9,4,0.888888889,Romania
1401.0,585.5,University of Ibadan,Nigeria,Unknown,CO,Unknown,4.0,Unknown,9.0,601.0,6.6,601.0,18.9,696.0,17.8,586.0,18.6,606.0,14.4,632.0,8.2,701.0,14.6,575.0,19.9,545.0,37.150000000000006,155.0,66.3,8740.0,27.6,832.0,14.4,1163.0,59.3,795.0,24.4,1354.0,41.0,1080.0,Nigeria,41269,19.7,0,0.888888889,Nigeria
1401.0,1300.5,University of Kragujevac,Serbia,L,FO,VH,3.0,A,4.0,601.0,2.4,601.0,10.3,701.0,3.6,701.0,1.0,701.0,1.1,701.0,2.7,701.0,9.2,701.0,1.0,701.0,37.150000000000006,155.0,66.3,10940.0,23.8,1092.0,10.7,1560.0,60.0,778.0,21.2,1475.0,31.8,1432.0,Serbia,16543,13.7,1,0.888888889,Serbia
1401.0,585.5,University of Lagos,Nigeria,Unknown,CO,Unknown,4.0,Unknown,7.4,601.0,5.6,601.0,18.9,696.0,17.8,586.0,18.6,606.0,14.4,632.0,1.5,701.0,14.6,575.0,19.9,545.0,37.150000000000006,155.0,66.3,10980.0,14.6,1774.0,14.4,1166.0,65.5,665.0,20.9,1485.0,41.5,1066.0,Nigeria,41048,27.5,0,0.888888889,Nigeria
1401.0,585.5,University of Lampung,Indonesia,L,FC,MD,4.0,Unknown,3.4,601.0,1.8,601.0,4.7,701.0,1.3,701.0,1.0,701.0,1.0,701.0,1.0,701.0,5.8,701.0,19.9,545.0,37.150000000000006,1501.0,66.3,17010.0,17.1,1617.0,8.1,1872.0,26.3,1533.0,16.8,1773.0,18.4,1892.0,Indonesia,34807,13.1,0,0.888888889,Indonesia
1401.0,1401.0,University of Oradea,Romania,L,FC,MD,4.0,A,5.0,601.0,2.0,601.0,3.6,701.0,1.7,701.0,1.6,701.0,7.0,701.0,1.8,701.0,5.9,701.0,2.2,701.0,37.150000000000006,155.0,66.3,13820.0,16.7,1653.0,14.6,1155.0,35.0,1328.0,16.9,1765.0,41.0,1081.0,Romania,15820,17.5,6,0.888888889,Romania
1401.0,585.5,University of Stavanger,Norway,Unknown,CO,Unknown,2.0,Unknown,7.2,601.0,5.7,601.0,18.9,696.0,17.8,586.0,18.6,606.0,14.4,632.0,26.3,489.0,14.6,575.0,19.9,545.0,37.150000000000006,155.0,66.3,7710.0,24.7,1032.0,15.6,1080.0,66.6,634.0,30.2,1177.0,74.4,340.0,Norway,11428,10.5,13,0.888888889,Norway
