Institution_Name,Country,Country_Code,Region,Size,Focus,Research,Age,Status,Rank_2026,Previous_Rank_2025,Rank_2024,Rank_2023,Overall_Score_2026,Overall_Score_2024,Academic_Reputation_Score_2026,Academic_Reputation_Rank_2026,Employer_Reputation_Score_2026,Employer_Reputation_Rank_2026,Faculty_Student_Score_2026,Faculty_Student_Rank_2026,Citations_per_Faculty_Score_2026,Citations_per_Faculty_Rank_2026,International_Faculty_Score_2026,International_Faculty_Rank_2026,International_Students_Score_2026,International_Students_Rank_2026,International_Students_Diversity_Score_2026,International_Students_Diversity_Rank_2026,International_Research_Network_Score_2026,International_Research_Network_Rank_2026,Employment_Outcomes_Score_2026,Employment_Outcomes_Rank_2026,Sustainability_Score_2026,Sustainability_Rank_2026,Academic_Reputation_Score_2024,Academic_Reputation_Rank_2024,Employer_Reputation_Score_2024,Employer_Reputation_Rank_2024,Faculty_Student_Score_2024,Faculty_Student_Rank_2024,Citations_per_Faculty_Score_2024,Citations_per_Faculty_Rank_2024,International_Faculty_Score_2024,International_Faculty_Rank_2024,International_Students_Score_2024,International_Students_Rank_2024,International_Research_Network_Score_2024,International_Research_Network_Rank_2024,Employment_Outcomes_Score_2024,Employment_Outcomes_Rank_2024,Sustainability_Score_2024,Sustainability_Rank_2024
Aalborg University,Denmark,DK,Europe,L,FC,VH,3,Public,306,306,=336,330,44.9,32.2,26.4,478,25.0,538,27.7,685,77.2,167,89.0,231,29.4,597,35.4,546,91.7,148,25.4,634,79.1,186,20.0,442,22.2,424,31.5,500,42.4,317,76.4,244,18.2,570,79.2,151,14.7,569,35.8,393=
Aalto University,Finland,FI,Europe,L,FO,VH,2,Public,114,113,109,116=,66.3,58.7,57.5,189,56.1,212,35.1,564,79.6,160,97.2,147,60.0,343,63.9,312,80.9,332,97.1,55,88.3,77,44.6,187,41.8,223,40.2,391,79.4,112,95.5,147,37.7,363,56.2,277,88.9,39,95,53=
Aarhus University,Denmark,DK,Europe,L,FC,VH,4,Public,131,144,=143,161,64.3,52.0,68.3,140,41.7,325,42.4,472,74.1,183,96.7,157,25.5,654,19.1,777,96.3,52,79.4,164,73.2,271=,55.8,140,24.7,387,32.5,490,54.1,238,90.3,181,13.1,661,94.8,56,45.1,156,98.4,18=
Abai Kazakh National Pedagogical University,Kazakhstan,KZ,,L,CO,MD,4,A,,,681-690,511-520,,-,,,,,,,,,,,,,,,,,,,,,23.2,372,17.0,510,47.8,327,1.2,701+,38.0,423,2.8,701+,1.0,701+,12.1,701+,1,701+
Aberystwyth University,United Kingdom,UK,Europe,M,CO,VH,5,Public,741-750,661-670,661-670,651-700,-,-,12.8,701+,11.5,701+,27.6,687,23.9,658,61.3,382=,42.0,475,45.4,457,63.3,646,11.0,801+,63.1,439=,9.5,601+,6.4,601+,19.5,680,23.5,507,46.1,374,49.5,300,27.1,482,10.5,701+,9.6,678=
Abo Akademi University,Finland,FI,Europe,M,CO,VH,5,Public,643,621-630,601-610,601-650,26.9,-,9.5,701+,7.9,701+,22.1,789,53.9,341,60.7,386,43.6,462,32.6,582,59.8,696,13.5,801+,45.2,801+,8.3,601+,6.2,601+,23.6,605,40.7,336,45.2,377,15.5,612,29.5,460,11.5,701+,11.8,644=
Abu Dhabi University,United Arab Emirates,AE,Asia,S,FO,VH,2,Private for Profit,391,501,=580,651-700,38.3,20.4,24.6,518,49.8,256,23.9,755,35.9,518,100.0,5,99.9,44,99.9,32,34.5,801+,10.1,801+,49.6,711=,11.5,601+,17.9,490,12.6,701+,12.4,689,100.0,5,99.9,32,1.2,701+,11.3,701+,1.1,701+
Abylkas Saginov Karaganda Technical University,Kazakhstan,,Asia,M,FO,HI,,Public,951-1000,851-900,,,-,,10.3,701+,16.9,701+,90.3,102,1.3,801+,15.5,794,25.6,652,26.4,665,3.1,801+,7.8,801+,29.7,801+,,,,,,,,,,,,,,,,,,
ADA University,Azerbaijan,,Asia,S,SP,LO,,Public,1201-1400,,,,-,,8.4,701+,22.4,595,62.3,286,1.3,801+,20.2,710,7.7,801+,11.9,801+,5.2,801+,12.0,801+,,,,,,,,,,,,,,,,,,,,
Adam Mickiewicz University,Poland,,Europe,L,CO,VH,,Public,741-750,761-770,,,-,,24.1,528,12.3,701+,45.7,427,8.8,801+,10.9,801+,15.6,801+,21.7,737,88.7,196,15.8,801+,63.6,431,,,,,,,,,,,,,,,,,,
"Adam Mickiewicz University, Poznań",Poland,PL,,L,CO,VH,5,A,,,731-740,801-1000,,-,,,,,,,,,,,,,,,,,,,,,15.8,554,8.7,601+,29.7,523,5.0,701+,7.0,701+,7.0,701+,59.5,247,12.6,689,38.4,373=
Adamson University,Philippines,,Asia,M,CO,MD,,Private for Profit,1001-1200,,,,-,,39.3,306,17.9,701+,7.6,801+,1.7,801+,18.1,741,2.8,801+,7.1,801+,4.8,801+,3.5,801+,10.1,801+,,,,,,,,,,,,,,,,,,
Addis Ababa University,Ethiopia,ET,Africa,XL,FO,VH,,,851-900,771-780,851-900,,-,-,7.8,701+,12.1,701+,65.3,267,2.5,801+,,,,,,,63.8,636,96.9,62,41.7,801+,5.6,601+,10.8,601+,61.1,231,1.7,701+,,,,,14.3,608,54.7,114,,
Adelaide University,Australia,,Oceania,XL,CO,VH,,,82,,,,72.6,,78.3,102,62.7,176,30.5,621,69.8,218,100.0,90,97.5,96,72.5,251,96.7,46,70.4,207,86.1,98=,,,,,,,,,,,,,,,,,,
Aga Khan University,Pakistan,,Asia,S,FO,VH,,Private not for Profit,1001-1200,,,,-,,6.4,701+,10.0,701+,100.0,2,11.4,801+,1.5,801+,2.0,801+,1.7,801+,18.2,801+,8.3,801+,22.6,801+,,,,,,,,,,,,,,,,,,
AGH University of Krakow,Poland,,Europe,L,CO,VH,,Public,801-850,851-900,,,-,,13.1,701+,30.6,465,54.7,344,12.7,801+,4.4,801+,7.3,801+,12.1,801+,75.6,430,4.0,801+,47.4,776=,,,,,,,,,,,,,,,,,,
AGH University of Science and Technology,Poland,PL,,L,CO,VH,5,A,,,901-950,801-1000,,-,,,,,,,,,,,,,,,,,,,,,9.2,601+,15.2,542,37.3,422,7.0,701+,2.7,701+,4.5,701+,13.2,623,8.8,701+,2.5,701+
Ahlia University,Bahrain,BH,Asia,S,SP,HI,2,Private not for Profit,801-850,711-720,751-760,651-700,-,-,18.1,677,9.9,701+,38.4,528,10.3,801+,100.0,51,61.7,330,46.0,454,11.1,801+,12.1,801+,26.4,801+,12.8,601+,8.0,601+,31.7,495,3.0,701+,100.0,73=,31.0,411,1.0,701+,8.3,701+,1,701+
"Ahmadu Bello University, Zaria",Nigeria,,Africa,XL,CO,HI,,,1201-1400,,,,-,,6.3,701+,9.4,701+,10.0,801+,2.2,801+,2.0,801+,1.4,801+,5.8,801+,44.1,801+,80.8,154,28.0,801+,,,,,,,,,,,,,,,,,,
Ain Shams University,Egypt,EG,Africa,XL,FC,VH,4,Public,542,592,721-730,801-1000,30.3,-,35.6,340,38.8,357,17.1,801+,3.5,801+,29.5,590,13.7,801+,19.7,769,80.8,336,69.6,216,56.7,562=,22.4,394,25.4,377,10.2,701+,1.9,701+,25.0,536,5.6,701+,22.2,526,30.2,255,7,701+
Airlangga University,Indonesia,ID,,L,FC,HI,4,A,,,=345,369=,,31.5,,,,,,,,,,,,,,,,,,,,,34.0,254,72.5,95,52.4,301,1.4,701+,44.6,379,6.3,701+,1.4,701+,14.4,582,30.5,444=
Aix-Marseille University,France,FR,Europe,XL,FC,VH,5,Public,428,481,=387,490=,35.9,28.3,51.0,218,15.9,701+,11.0,801+,29.7,591,22.8,678,29.0,604,21.7,734,99.0,15,29.0,571,63.2,436=,36.1,241,4.5,601+,8.3,701+,26.5,468,18.5,609,19.9,549,99.4,13,11.3,701+,64.5,228=
Ajman University,United Arab Emirates,AE,Asia,S,FO,VH,3,Private not for Profit,440,477,=551,651-700,34.9,21.3,27.8,454,51.3,241,15.7,801+,10.2,801+,100.0,8,100.0,4,99.7,37,65.2,621,12.8,801+,46.2,801+,13.6,601+,34.7,279,8.2,701+,2.2,701+,100.0,8,100.0,3,2.0,701+,13.3,644,3,701+
Ajou University,Republic of Korea,,Asia,M,FC,VH,,Private not for Profit,563,631-640,,,29.4,,19.8,623,22.1,600,70.2,230,34.3,530,13.3,801+,58.0,355,58.4,350,18.1,801+,5.3,801+,53.3,636=,,,,,,,,,,,,,,,,,,
Ajou University ,South Korea,KR,,M,FC,VH,4,B,,,631-640,488=,,-,,,,,,,,,,,,,,,,,,,,,15.5,563,15.4,535,65.1,211,17.4,595,6.2,701+,13.7,648,1.1,701+,8.3,701+,5,701+
Akdeniz Üniversitesi,Turkey,TR,Asia,XL,FC,HI,3,Public,1401+,1401+,1401+,1201-1400,-,-,8.3,701+,8.0,701+,5.6,801+,6.1,801+,2.2,801+,6.0,801+,11.4,801+,47.6,801+,2.4,801+,22.1,801+,5.2,601+,3.8,601+,3.4,701+,2.8,701+,1.2,701+,1.1,701+,1.9,701+,7.5,701+,1,701+
Al-Ahliyya Amman University,Jordan,JO,Asia,M,FO,VH,3,Private not for Profit,761-770,801-850,801-850,,-,-,17.1,701+,21.0,625,15.8,801+,6.4,801+,93.7,196,100.0,29,98.0,79,32.7,801+,6.0,801+,38.2,801+,6.8,601+,5.9,601+,9.3,701+,2.3,701+,72.9,262,100.0,25,1.0,701+,10.4,701+,1.6,701+
Al Ain University,United Arab Emirates,AE,Asia,S,FO,VH,2,Private not for Profit,558,552,611-620,601-650,29.5,-,25.6,494,20.8,631,20.8,801+,17.0,764,100.0,1,100.0,20,74.4,238,37.1,801+,7.3,801+,42.9,801+,17.4,509,11.0,601+,11.9,701+,4.2,701+,100.0,1,100.0,21,1.4,701+,11.4,701+,1,701+
Al Azhar University,Egypt,EG,Africa,XL,CO,VH,4,Public,1001-1200,1001-1200,1201-1400,1201-1400,-,-,21.5,574,13.9,701+,14.9,801+,2.0,801+,1.7,801+,16.8,782,12.7,801+,64.4,630,33.2,510,35.3,801+,11.2,601+,6.8,601+,11.1,701+,1.3,701+,1.5,701+,10.4,701+,5.2,701+,13.6,628,1.2,701+
Al-Balqa Applied University,Jordan,JO,Asia,L,FC,HI,3,Public,1201-1400,1201-1400,1401+,1201-1400,-,-,10.2,701+,15.4,701+,6.0,801+,5.8,801+,15.2,801+,5.2,801+,9.2,801+,46.0,801+,5.5,801+,41.8,801+,5.0,601+,6.7,601+,4.3,701+,2.4,701+,3.8,701+,1.8,701+,2.0,701+,7.6,701+,1,701+
Al-Farabi Kazakh National University,Kazakhstan,KZ,Asia,L,FC,HI,4,Public,166,163,=230,150,59.8,41.6,60.7,172,86.3,85,99.6,36,2.1,801+,80.9,288,83.2,204,79.3,213,75.7,426,66.2,234,62.8,443,51.4,155,74.9,85,98.9,38,1.4,701+,28.8,497,34.0,386,12.0,634,11.5,701+,5.1,701+
Al Jouf University,Saudi Arabia,,Asia,M,FC,VH,,Public,901-950,801-850,,,-,,12.6,701+,9.8,701+,44.8,440,7.0,801+,99.2,126,3.2,801+,7.3,801+,56.9,740,2.9,801+,23.7,801+,,,,,,,,,,,,,,,,,,
Al Nahrain University,Iraq,,Asia,M,FO,VH,,Public,951-1000,,,,-,,8.2,701+,24.1,559,98.9,45,3.7,801+,2.5,801+,1.0,801+,5.5,801+,15.6,801+,10.1,801+,29.4,801+,,,,,,,,,,,,,,,,,,
Al-Quds University,Palestine,,Asia,M,FC,MD,,Public,951-1000,851-900,,,-,,10.1,701+,20.5,644,19.4,801+,2.8,801+,72.3,327,90.5,163,76.3,229,15.0,801+,12.3,801+,40.1,801+,,,,,,,,,,,,,,,,,,
Al Quds University The Arab University in Jerusalem,"Palestinian Territory, Occupied",PS,,M,FC,MD,3,A,,,1001-1200,1001-1200,,-,,,,,,,,,,,,,,,,,,,,,4.2,601+,10.7,601+,11.3,701+,1.6,701+,55.1,335,34.5,384,1.1,701+,12.3,701+,1,701+
Al Zaytoonah University,Jordan,,Asia,M,CO,HI,,Private not for Profit,1201-1400,,,,-,,5.9,701+,7.7,701+,4.9,801+,8.1,801+,26.9,628,52.4,394,48.3,432,16.8,801+,5.3,801+,14.1,801+,,,,,,,,,,,,,,,,,,
Albert-Ludwigs-Universitaet Freiburg,Germany,DE,,L,FC,VH,5,A,,,=192,189,,46.7,,,,,,,,,,,,,,,,,,,,,46.1,179,19.8,460,29.1,531,63.3,187,68.8,281,36.3,371,82.7,131,25.3,328,68.2,213
Alexandria University,Egypt,EG,Africa,XL,FC,VH,4,Public,781-790,801-850,901-950,1001-1200,-,-,32.7,376,24.2,555,7.2,801+,3.5,801+,1.9,801+,13.6,801+,19.0,780,80.7,341,33.0,514,56.6,568=,21.5,400,13.1,601+,5.0,701+,1.9,701+,1.7,701+,5.0,701+,28.7,466,13.5,635,2.7,701+
Alexandru Ioan Cuza University,Romania,RO,Europe,L,CO,HI,5,Public,1001-1200,1201-1400,1201-1400,1201-1400,-,-,11.7,701+,20.6,641,7.8,801+,5.8,801+,4.6,801+,17.0,779,21.4,742,49.1,801+,23.1,668,48.7,737=,8.0,601+,8.0,601+,5.3,701+,2.9,701+,3.6,701+,10.9,693,1.8,701+,8,701+,1.2,701+
Alfaisal University,Saudi Arabia,SA,Asia,S,FO,VH,2,Private not for Profit,801-850,791-800,731-740,651-700,-,-,7.9,701+,5.9,701+,31.7,605,21.8,687,100.0,29,96.7,102,92.4,127,28.1,801+,5.7,801+,31.0,801+,3.9,601+,3.2,601+,23.9,594,10.7,701+,100.0,26,89.4,120,1.1,701+,9.2,701+,1.2,701+
Aligarh Muslim University,India,IN,,L,CO,VH,5,A,,,1001-1200,1001-1200,,-,,,,,,,,,,,,,,,,,,,,,9.7,601+,2.5,601+,20.8,651,10.2,701+,1.2,701+,1.7,701+,5.0,701+,6.1,701+,17.1,579=
"Aligarh Muslim University (AMU), Aligarh",India,,Asia,L,CO,VH,,Public,1001-1200,1001-1200,,,-,,15.4,701+,5.3,701+,18.4,801+,24.7,645,,,1.8,801+,6.2,801+,64.8,622,3.2,801+,45.8,801+,,,,,,,,,,,,,,,,,,
Alma Mater Studiorum - University of Bologna,Italy,IT,Europe,XL,FC,VH,5,Public,138,133,=154,167=,63.3,50.5,90.6,66,67.5,156,6.0,801+,51.9,363,29.9,585,26.5,639,32.5,583,95.6,67,67.4,229,83.2,133,79.6,73,40.0,237,3.4,701+,49.5,267,8.0,701+,10.9,695,91.0,75,34.8,219,56.5,268=
Almaty Technological University,Kazakhstan,KZ,Asia,M,CO,MD,4,Public,1001-1200,951-1000,801-850,561-570,-,-,5.9,701+,8.9,701+,93.9,86,1.1,801+,27.8,613,14.4,801+,17.4,801+,4.4,801+,4.2,801+,26.6,801+,5.1,601+,3.3,601+,92.1,75,1.0,701+,26.0,523,5.2,701+,1.0,701+,11.8,701+,1,701+
Altai State University,Russia,RU,Europe,M,CO,VH,4,Public,851-900,741-750,701-710,521-530,-,-,12.9,701+,7.0,701+,90.7,101,1.9,801+,8.6,801+,71.3,266,68.1,283,18.3,801+,2.0,801+,46.2,801+,10.0,601+,3.7,601+,84.4,110,1.4,701+,6.7,701+,69.9,212,1.0,701+,7.6,701+,6.1,701+
American International University-Bangladesh (AIUB),Bangladesh,,Asia,M,FO,VH,,Private not for Profit,1401+,,,,-,,8.3,701+,8.5,701+,9.0,801+,4.4,801+,5.4,801+,17.7,770,18.5,788,7.9,801+,4.6,801+,30.3,801+,,,,,,,,,,,,,,,,,,
American University,United States,US,Americas,M,CO,VH,5,Private not for Profit,587,711-720,791-800,701-750,28.6,-,19.8,624,50.2,253,45.1,433,7.6,801+,16.7,770,27.0,630,33.1,574,34.6,801+,51.6,328,74.6,247=,16.2,542,22.8,418,30.0,522,4.1,701+,3.0,701+,15.6,610,1.2,701+,33.3,231,3,701+
American University in Dubai,United Arab Emirates,AE,Asia,S,FO,HI,3,Private for Profit,678,621-630,601-610,651-700,26,-,14.4,701+,38.3,364,26.2,714,3.8,801+,100.0,2,100.0,11,100.0,6,4.3,801+,45.6,383,25.4,801+,9.8,601+,16.8,513,20.4,657,1.9,701+,100.0,3,100.0,8,1.0,701+,37.3,195,1,701+
American University of Beirut (AUB),Lebanon,LB,Asia,M,FC,VH,5,Private not for Profit,237,250,=226,252,51.6,41.9,41.5,288,58.1,200,52.3,358,37.8,494,71.4,330,45.2,449,50.2,413,68.7,554,98.7,33,77.7,204,27.6,316,41.6,225,57.3,254,24.2,499,67.8,288,46.8,310,35.6,415,88.5,40,93.2,70=
American University of Central Asia,Kyrgyzstan,,Asia,S,FO,MD,,Private not for Profit,901-950,,,,-,,12.7,701+,14.5,701+,60.9,296,2.4,801+,58.0,398,96.4,105,81.5,193,4.3,801+,6.6,801+,7.5,801+,,,,,,,,,,,,,,,,,,
American University of Ras Al Khaimah ( AURAK ),United Arab Emirates,,Asia,S,SP,MD,,Public,591,485,,,28.5,,8.4,701+,9.5,701+,37.6,536,48.6,383,100.0,9,100.0,15,97.4,88,15.3,801+,4.4,801+,25.3,801+,,,,,,,,,,,,,,,,,,
American University of Sharjah,United Arab Emirates,AE,,S,CO,VH,3,B,,,=364,369=,,30.3,,,,,,,,,,,,,,,,,,,,,20.0,438,39.1,243,20.7,653,20.0,559,100.0,2,100.0,6,6.4,701+,36.9,202,3,701+
American University of Sharjah (AUS),United Arab Emirates,,Asia,M,CO,VH,,Private not for Profit,272,332,,,48.2,,31.7,388,65.1,163,24.6,742,43.8,428,100.0,3,100.0,9,100.0,4,50.6,801+,60.6,268,54.4,613=,,,,,,,,,,,,,,,,,,
American University of the Middle East,Kuwait,KW,Asia,M,SP,HI,2,Private for Profit,563,611-620,671-680,701-750,29.4,-,25.9,487,34.7,416,28.9,652,8.9,801+,100.0,7,36.9,528,38.6,512,67.2,586,6.1,801+,47.2,783=,17.7,504,18.0,487,17.8,701+,3.3,701+,100.0,6,25.0,474,1.3,701+,12.7,680,1.1,701+
Amirkabir University of Technology,Iran (Islamic Republic of),,Asia,M,SP,VH,,Public,456,403,,,34.1,,8.5,701+,26.7,513,7.4,801+,100.0,9,41.7,485,5.7,801+,4.5,801+,67.2,583,5.4,801+,35.5,801+,,,,,,,,,,,,,,,,,,
Amirkabir University of Technology,"Iran, Islamic Republic of",IR,,M,FO,VH,4,A,,,=375,443=,,29.5,,,,,,,,,,,,,,,,,,,,,4.1,601+,33.4,295,5.1,701+,99.8,13,15.9,652,2.8,701+,9.5,681,10.3,701+,16.5,586=
Amity University,India,IN,Asia,L,CO,VH,2,Private not for Profit,951-1000,1001-1200,1001-1200,1001-1200,-,-,10.5,701+,18.3,700,18.2,801+,14.9,801+,12.1,801+,34.9,540,36.3,531,67.5,578,4.9,801+,54.7,608=,8.5,601+,7.6,601+,10.6,701+,5.9,701+,3.8,701+,21.8,519,22.4,524,9.1,701+,1.9,701+
Amman Arab University,Jordan,,Asia,S,FO,VH,,Private not for Profit,1201-1400,,,,-,,8.4,701+,6.0,701+,13.0,801+,16.0,783,10.6,801+,58.6,349,53.4,384,12.2,801+,5.4,801+,8.9,801+,,,,,,,,,,,,,,,,,,
Amrita Vishwa Vidyapeetham,India,IN,Asia,L,FC,VH,2,Private not for Profit,1001-1200,1001-1200,1001-1200,1001-1200,-,-,6.9,701+,6.6,701+,39.2,518,10.7,801+,36.7,524,2.5,801+,2.1,801+,67.4,579,1.2,801+,26.8,801+,4.8,601+,4.1,601+,25.3,579,5.2,701+,37.0,438,1.7,701+,1.4,701+,4.5,701+,1.1,701+
An-Najah National University,Palestine,,Asia,L,FC,MD,,Public,1001-1200,1001-1200,,,-,,13.5,701+,14.5,701+,11.5,801+,4.3,801+,49.8,441,47.4,426,43.8,475,39.0,801+,11.3,801+,47.1,785=,,,,,,,,,,,,,,,,,,
An-Najah National University,"Palestinian Territory, Occupied",PS,,L,FC,MD,4,A,,,1001-1200,1001-1200,,-,,,,,,,,,,,,,,,,,,,,,6.4,601+,16.5,518,7.3,701+,2.2,701+,36.2,446,25.0,473,1.3,701+,10.9,701+,3.1,701+
Anadolu University,Turkey,TR,Asia,L,SP,VH,4,Public,1401+,1201-1400,1201-1400,1201-1400,-,-,6.2,701+,8.4,701+,17.5,801+,5.1,801+,2.2,801+,5.3,801+,4.2,801+,24.9,801+,22.3,691,22.3,801+,4.0,601+,4.0,601+,13.8,701+,2.9,701+,1.9,701+,3.1,701+,1.4,701+,10.6,701+,1.1,701+
Ankara Üniversitesi,Turkey,TR,Asia,XL,FC,HI,4,Public,697,801-850,901-950,1001-1200,25.1,-,30.6,400,30.4,468,12.8,801+,4.6,801+,2.8,801+,9.7,801+,15.4,801+,74.0,466,61.2,262,61.0,480=,18.5,481,11.7,601+,8.1,701+,2.7,701+,2.5,701+,5.4,701+,32.4,441,15.4,546,16.1,592=
Anna University,India,IN,Asia,L,SP,VH,3,Public,465,383,427,551-560,33.8,26.5,15.0,701+,19.4,674,9.2,801+,99.8,23,,,1.6,801+,6.0,801+,47.3,801+,17.8,763,64.5,409=,8.5,601+,8.5,601+,5.3,701+,99.8,12,,,1.5,701+,33.8,427,9.8,701+,,
Aoyama Gakuin University,Japan,JP,Asia,L,FO,HI,4,Private not for Profit,1401+,1201-1400,1201-1400,1201-1400,-,-,7.1,701+,16.8,701+,7.4,801+,2.5,801+,20.3,707,4.5,801+,3.6,801+,9.5,801+,14.5,801+,9.6,801+,6.9,601+,12.3,601+,5.4,701+,2.0,701+,16.3,648,2.7,701+,1.0,701+,11.4,701+,1,701+
Applied Science Private University - Jordan,Jordan,,Asia,M,CO,HI,,Private for Profit,791-800,851-900,,,-,,16.4,701+,27.8,497,30.0,631,7.4,801+,36.3,528,82.1,212,79.3,214,44.9,801+,5.9,801+,39.4,801+,,,,,,,,,,,,,,,,,,
Applied Science University - Bahrain,Bahrain,BH,Asia,S,FO,VH,2,Private not for Profit,613,539,=582,561-570,27.8,20.3,26.6,473,29.4,485,51.6,367,4.5,801+,100.0,14,62.3,324,46.5,447,12.3,801+,11.9,801+,23.9,801+,18.2,493,21.9,429,36.8,431,1.7,701+,100.0,21,44.9,324,1.0,701+,8.3,701+,,
"Arab Academy for Science, Technology and Maritime Transport",Egypt,EG,Africa,L,FO,VH,4,Public,1001-1200,1001-1200,1001-1200,,-,-,7.5,701+,12.4,701+,44.7,441,2.4,801+,9.2,801+,34.9,542,33.6,569,27.0,801+,16.8,789,29.7,801+,5.3,601+,5.8,601+,32.6,486,1.5,701+,6.9,701+,26.8,450,1.1,701+,11.4,701+,1.1,701+
Aristotle University of Thessaloniki,Greece,GR,Europe,XL,FC,VH,4,Public,485,508,=530,651-700,32.9,22.1,38.2,311,35.9,402,6.4,801+,28.4,602,2.1,801+,8.1,801+,13.8,801+,90.9,160,48.3,359,66.4,371=,28.7,305,25.9,370,3.8,701+,13.5,667,1.4,701+,4.0,701+,75.4,169,15.7,532,36.6,388
Arizona State University,United States,US,Americas,XL,CO,VH,5,Public,173,200,179,219,59.1,48.1,63.9,159,63.3,171,9.5,801+,61.5,277,72.5,326,53.2,385,57.7,353,95.2,81,42.2,415,85.8,102=,46.7,174,36.7,265,6.8,701+,61.5,199,64.5,299,30.1,422,87.9,97,26.6,307,97.3,33=
Asfendiyarov Kazakh National Medical University,Kazakhstan,,Asia,M,FO,HI,,Public,1001-1200,951-1000,,,-,,7.3,701+,8.8,701+,67.2,255,1.3,801+,15.8,783,76.8,244,70.3,267,6.4,801+,7.8,801+,,,,,,,,,,,,,,,,,,,,
Ashoka University,India,,Asia,S,SP,VH,,Private for Profit,1201-1400,,,,-,,10.1,701+,7.2,701+,28.4,672,6.2,801+,20.5,702,7.5,801+,10.9,801+,3.4,801+,1.9,801+,26.3,801+,,,,,,,,,,,,,,,,,,
Asia Pacific University of Technology and Innovation (APU),Malaysia,MY,,S,FO,VH,2,C,,,621-630,,,-,,,,,,,,,,,,,,,,,,,,,6.4,601+,8.6,601+,57.8,250,1.5,701+,89.8,185,100.0,16,1.0,701+,9.4,701+,1,701+
Asia Pacific University of Technology and Innovation (APU) Malaysia,Malaysia,,Asia,S,SP,HI,,Private for Profit,597,611-620,,,28.3,,17.3,701+,23.7,565,74.2,204,2.9,801+,95.6,169,100.0,16,100.0,10,14.1,801+,5.3,801+,39.0,801+,,,,,,,,,,,,,,,,,,
Asia University Taiwan,Taiwan,TW,Asia,M,CO,VH,2,Private for Profit,711-720,801-850,901-950,1001-1200,-,-,9.0,701+,2.8,701+,5.1,801+,79.9,156,14.5,801+,6.0,801+,10.2,801+,64.2,633,2.1,801+,36.6,801+,5.9,601+,1.8,601+,3.3,701+,38.7,358,9.5,701+,3.5,701+,12.0,637,7.9,701+,2.3,701+
Assiut University,Egypt,EG,Africa,XL,FC,HI,4,Public,1001-1200,1001-1200,1001-1200,1001-1200,-,-,16.3,701+,15.1,701+,20.7,801+,4.0,801+,21.1,697,7.2,801+,10.6,801+,66.5,596,3.0,801+,53.3,636=,11.2,601+,6.9,601+,12.3,701+,2.3,701+,15.5,660,4.0,701+,10.7,658,6.9,701+,1.9,701+
Aston University,United Kingdom,UK,Europe,L,CO,VH,4,Public,395,423,=446,561-570,38.1,25.7,18.1,673,27.1,506,12.0,801+,56.7,309,97.9,142,63.4,317,67.0,290,81.8,317,28.3,587,67.6,355=,12.9,601+,22.8,416,10.0,701+,34.1,400,93.0,164,38.3,359,50.5,310,18.1,463,12.3,640=
Aswan University,Egypt,,Africa,L,FC,HI,,Public,1401+,,,,-,,7.1,701+,2.2,701+,11.8,801+,6.4,801+,1.1,801+,1.8,801+,6.1,801+,53.9,784,2.9,801+,40.0,801+,,,,,,,,,,,,,,,,,,
Ataturk University,Turkey,TR,Asia,XL,CO,VH,4,Public,1201-1400,1201-1400,1401+,1401+,-,-,8.1,701+,2.9,701+,4.1,801+,9.7,801+,4.7,801+,20.7,715,26.9,657,49.3,801+,11.3,801+,34.6,801+,4.9,601+,2.0,601+,2.8,701+,3.9,701+,2.7,701+,3.6,701+,2.3,701+,9.4,701+,4.3,701+
Ateneo de Manila University,Philippines,PH,Asia,L,FC,MD,5,Private not for Profit,511,516,=563,651-700,31.6,20.9,32.2,385,70.0,148,33.1,586,3.0,801+,3.6,801+,4.3,801+,8.5,801+,24.3,801+,80.4,157,60.5,497=,19.7,451,57.9,141,29.0,533,1.7,701+,3.3,701+,2.7,701+,1.1,701+,54.6,115,1.7,701+
Athens University of Economics And Business,Greece,GR,Europe,M,SP,HI,5,Public,951-1000,951-1000,901-950,1001-1200,-,-,10.1,701+,37.2,380,2.1,801+,31.9,565,1.9,801+,6.6,801+,11.0,801+,14.8,801+,33.9,501,39.8,801+,7.4,601+,33.3,296,1.6,701+,17.7,588,1.7,701+,3.3,701+,1.0,701+,15.7,530,4.1,701+
Atma Jaya Catholic University Indonesia,Indonesia,,Asia,M,FO,HI,,Private for Profit,1401+,1201-1400,,,-,,11.1,701+,10.7,701+,10.5,801+,2.0,801+,9.8,801+,1.7,801+,6.1,801+,7.4,801+,22.6,678,30.2,801+,,,,,,,,,,,,,,,,,,
Atma Jaya Catholic University Jakarta,Indonesia,ID,,M,FO,HI,4,C,,,1201-1400,,,-,,,,,,,,,,,,,,,,,,,,,5.8,601+,6.3,601+,8.8,701+,1.3,701+,2.1,701+,1.1,701+,1.0,701+,15.9,526,1.4,701+
Auburn University,United States,US,Americas,XL,CO,VH,4,Public,851-900,951-1000,801-850,1001-1200,-,-,11.6,701+,17.6,701+,10.7,801+,24.3,650,58.1,397,10.1,801+,16.0,801+,57.2,728,29.6,553,50.1,701=,7.2,601+,8.5,601+,7.4,701+,19.0,568,23.9,551,7.8,701+,14.3,610,17.4,479,53.4,288=
Auckland University of Technology,New Zealand,,Oceania,L,CO,VH,,Public,410,412,,,36.7,,29.6,417,22.5,587,13.7,801+,33.2,549,100.0,76,100.0,39,100.0,27,50.4,801+,23.4,663,74.0,259=,,,,,,,,,,,,,,,,,,
Auckland University of Technology (AUT),New Zealand,NZ,,L,CO,VH,2,A,,,=407,486=,,27.4,,,,,,,,,,,,,,,,,,,,,19.3,464,11.7,601+,10.3,701+,18.5,575,100.0,59,99.3,48,12.0,635,19.3,433,71.5,196=
Auezov South Kazakhstan State University (SKSU),Kazakhstan,,Asia,L,CO,MD,,Public,731-740,621-630,,,-,,21.2,585,33.9,424,91.6,99,1.1,801+,20.1,711,29.3,598,27.9,641,5.0,801+,4.1,801+,35.3,801+,,,,,,,,,,,,,,,,,,
Auezov South Kazakhstan University (SKU),Kazakhstan,KZ,,L,CO,MD,4,A,,,611-620,443=,,-,,,,,,,,,,,,,,,,,,,,,15.2,574,21.5,432,92.0,76,1.0,701+,13.3,697,21.3,526,1.0,701+,11.2,701+,1,701+
Australian Catholic University,Australia,AU,Oceania,L,CO,HI,3,Public,851-900,901-950,801-850,801-1000,-,-,12.0,701+,11.8,701+,8.0,801+,19.4,724,86.4,251,61.7,329,65.4,301,35.6,801+,1.7,801+,49.3,725=,8.3,601+,10.5,601+,4.7,701+,13.5,669,70.2,277,43.2,333,3.2,701+,8.1,701+,4.7,701+
Australian National University,Australia,,Oceania,L,FC,VH,,Public,32,30,,,87.4,,97.9,37,82.6,96,40.9,495,91.7,93,100.0,49,99.0,68,99.1,59,93.1,123,67.1,232,91.8,48,,,,,,,,,,,,,,,,,,
Azerbaijan State Oil and Industry University,Azerbaijan,AZ,Asia,L,FO,HI,5,Public,851-900,1001-1200,1201-1400,,-,-,13.1,701+,19.0,685,73.3,208,1.5,801+,46.8,456,9.7,801+,13.9,801+,8.5,801+,45.0,391,31.0,801+,4.9,601+,3.0,601+,27.3,556,1.1,701+,10.1,701+,2.7,701+,1.0,701+,29.5,271,1.3,701+
Azerbaijan State University of Economics,Azerbaijan,AZ,Asia,L,FO,HI,4,Public,801-850,1001-1200,1001-1200,1001-1200,-,-,21.2,587,37.2,379,36.7,548,1.5,801+,32.0,563,10.7,801+,13.9,801+,11.7,801+,51.5,329,39.2,801+,10.1,601+,9.4,601+,22.0,631,1.2,701+,7.0,701+,2.6,701+,1.0,701+,10.4,701+,1.4,701+
Azerbaijan Technical University,Azerbaijan,,Asia,M,SP,MD,,,851-900,,,,-,,19.1,645,25.5,532,82.2,157,1.4,801+,13.9,801+,13.4,801+,16.5,801+,4.2,801+,11.6,801+,27.9,801+,,,,,,,,,,,,,,,,,,
Azerbaijan University of Architecture and Construction,Azerbaijan,,Asia,M,FO,MD,,Public,1001-1200,,,,-,,25.7,492,20.7,638,42.1,477,1.0,801+,9.9,801+,14.5,801+,17.1,801+,1.3,801+,11.8,801+,25.8,801+,,,,,,,,,,,,,,,,,,
Babes-Bolyai University,Romania,RO,Europe,XL,CO,VH,5,Public,761-770,781-790,801-850,1001-1200,-,-,21.9,569,34.9,410,8.7,801+,8.0,801+,18.9,729,7.1,801+,12.6,801+,83.9,278,35.9,477,65.0,398=,16.4,533,13.7,591,4.7,701+,4.2,701+,7.7,701+,4.0,701+,42.6,358,23.1,362,48.4,316=
Bahauddin Zakariya University,Pakistan,PK,Asia,L,CO,VH,3,Public,1201-1400,1201-1400,1201-1400,1201-1400,-,-,8.5,701+,7.8,701+,4.1,801+,30.3,584,,,1.0,801+,1.0,801+,50.8,801+,8.3,801+,25.7,801+,5.4,601+,5.5,601+,1.7,701+,12.1,698,,,1.0,701+,2.7,701+,5.7,701+,1.1,701+
Baku Engineering University,Azerbaijan,,Asia,M,FO,MD,,Public,901-950,,,,-,,24.9,511,37.5,373,37.1,542,1.5,801+,21.3,693,8.7,801+,12.3,801+,3.8,801+,11.7,801+,29.4,801+,,,,,,,,,,,,,,,,,,
Baku State University,Azerbaijan,AZ,Asia,L,CO,HI,5,Public,688,951-1000,1001-1200,1001-1200,25.6,-,22.0,566,20.1,654,94.0,85,1.9,801+,13.4,801+,7.0,801+,11.2,801+,22.1,801+,64.1,243,43.3,801+,9.6,601+,3.2,601+,33.9,472,1.4,701+,2.1,701+,1.7,701+,1.1,701+,9.6,701+,1,701+
Banaras Hindu University,India,IN,Asia,L,FC,VH,5,Public,1001-1200,1001-1200,1001-1200,1001-1200,-,-,18.9,648,10.6,701+,14.4,801+,18.8,737,1.5,801+,3.0,801+,7.2,801+,59.3,704,15.6,801+,44.5,801+,12.1,601+,6.5,601+,15.9,701+,7.8,701+,1.2,701+,1.6,701+,15.3,591,6.3,701+,4.1,701+
Bandung Institute of Technology (ITB),Indonesia,ID,Asia,L,CO,VH,5,Public,255,256,=281,235=,49.9,36.6,58.5,181,85.3,90,54.7,345,5.4,801+,94.7,182,8.0,801+,13.7,801+,39.8,801+,68.6,224,59.2,516=,41.0,203,65.6,122,65.6,208,2.5,701+,84.4,213,2.3,701+,1.2,701+,35.7,209,21.2,533=
Bangladesh University of Engineering and Technology,Bangladesh,BD,Asia,M,SP,VH,4,Public,761-770,761-770,801-850,801-1000,-,-,21.3,582,42.5,316,15.6,801+,30.8,578,,,,,,,23.0,801+,29.9,551,30.0,801+,15.6,561,34.8,278,16.9,701+,12.0,701+,,,1.0,701+,1.2,701+,7,701+,3.4,701+
Bangor University,United Kingdom,UK,Europe,M,FC,VH,5,Public,566,474,=481,601-650,29.3,23.9,12.8,701+,10.5,701+,18.9,801+,44.4,422,38.1,515,77.4,239,79.5,210,74.7,447,16.9,787,78.0,195=,8.8,601+,5.3,601+,14.9,701+,39.7,346,42.2,391,55.4,267,24.6,503,13,661,87.4,108=
Bar-Ilan University,Israel,IL,Asia,L,FC,VH,4,Public,660,671-680,=545,501-510,26.5,21.5,11.0,701+,14.3,701+,10.4,801+,59.4,293,54.4,416,4.9,801+,3.9,801+,53.2,792,33.1,511,41.7,801+,8.0,601+,5.3,601+,7.8,701+,62.2,194,47.9,366,2.9,701+,10.2,667,15.2,554,28.4,463=
Bauman Moscow State Technical University,Russia,RU,Europe,L,CO,VH,5,Public,320,298,=319,230,43.5,33.2,41.1,289,63.8,168,99.9,25,2.0,801+,81.0,287,85.8,190,87.1,160,14.2,801+,10.1,801+,47.6,770=,31.3,279,44.4,202,100.0,18,1.4,701+,53.6,343,58.9,256,1.0,701+,12.2,701+,10.5,663=
Baylor University,United States,US,Americas,L,CO,VH,5,Private not for Profit,1001-1200,1001-1200,1001-1200,1001-1200,-,-,8.7,701+,20.9,628,17.5,801+,12.8,801+,3.7,801+,6.6,801+,5.2,801+,46.9,801+,24.5,650,42.9,801+,6.1,601+,16.8,514,11.7,701+,8.3,701+,2.4,701+,3.8,701+,3.5,701+,12.8,673,3.8,701+
Beihang University (former BUAA),China (Mainland),CN,Asia,L,CO,VH,2,Public,388,452,=473,443=,38.5,24.4,18.3,665,23.5,569,57.8,313,91.6,95,9.5,801+,8.3,801+,6.4,801+,50.1,801+,20.9,711,36.7,801+,13.1,601+,5.5,601+,36.1,440,68.7,150,7.5,701+,4.9,701+,7.0,701+,13.1,656,15.2,608=
Beijing Foreign Studies University,China (Mainland),CN,Asia,M,SP,VH,4,Public,1201-1400,1201-1400,1001-1200,801-1000,-,-,8.4,701+,7.8,701+,42.6,470,2.5,801+,25.4,646,48.4,418,36.1,532,4.4,801+,15.5,801+,10.0,801+,6.6,601+,2.5,601+,27.3,557,1.5,701+,20.7,585,28.0,440,1.0,701+,7.8,701+,1,701+
Beijing Institute of Technology,China (Mainland),CN,Asia,XL,FO,VH,4,Public,259,302,=340,355=,49.5,32.1,34.3,355,46.7,282,42.7,469,96.4,62,12.3,801+,15.5,801+,11.8,801+,75.3,439,22.5,681,58.8,525=,22.7,385,18.1,484,41.1,381,76.4,125,3.1,701+,4.2,701+,17.1,572,14.1,599,23.7,506=
Beijing Jiaotong University,China (Mainland),CN,Asia,L,FO,VH,2,Public,851-900,901-950,901-950,801-1000,-,-,12.3,701+,16.8,701+,31.4,609,34.4,529,4.9,801+,17.0,780,12.9,801+,46.1,801+,13.5,801+,30.8,801+,10.1,601+,4.2,601+,16.0,701+,28.8,446,5.0,701+,10.6,701+,2.6,701+,8.2,701+,1.7,701+
Beijing Normal University,China (Mainland),CN,Asia,L,CO,VH,5,Public,247,271,=272,262=,50.6,37.3,47.6,244,29.6,483,30.3,626,98.6,44,9.0,801+,32.9,559,24.7,690,77.1,403,18.2,754,55.5,591=,38.4,227,6.8,601+,25.6,576,86.4,87,7.1,701+,23.3,496,22.8,520,12.2,701+,30.5,444=
Beijing University of Chemical Technology,China (Mainland),CN,Asia,L,CO,VH,4,Public,697,701-710,721-730,521-530,25.1,-,6.1,701+,7.2,701+,28.6,668,81.5,149,3.2,801+,2.5,801+,7.1,801+,36.6,801+,2.8,801+,40.5,801+,4.8,601+,1.8,601+,15.6,701+,62.7,192,,,,,2.0,701+,5.9,701+,1.4,701+
Beijing University of Chinese Medicine,China (Mainland),CN,Asia,L,FO,VH,2,Public,1201-1400,1201-1400,1001-1200,801-1000,-,-,5.7,701+,6.4,701+,44.2,448,14.7,801+,,,13.3,801+,10.1,801+,7.6,801+,4.1,801+,8.4,801+,4.9,601+,1.4,601+,35.8,444,8.2,701+,,,9.2,701+,1.0,701+,5.3,701+,1,701+
Beijing University of Posts and Telecommunications,China (Mainland),CN,Asia,L,FO,VH,3,Public,1001-1200,901-950,851-900,801-1000,-,-,4.3,701+,9.2,701+,19.8,801+,45.2,411,6.4,801+,2.8,801+,2.3,801+,22.1,801+,22.4,686,27.3,801+,3.9,601+,2.2,601+,10.0,701+,49.2,271,5.0,701+,1.8,701+,1.1,701+,10.4,701+,1.2,701+
Beijing University of Technology,China (Mainland),CN,Asia,L,CO,VH,4,Public,791-800,801-850,801-850,751-800,-,-,9.0,701+,10.8,701+,41.9,481,55.4,325,5.3,801+,2.7,801+,7.5,801+,38.4,801+,7.6,801+,33.4,801+,8.3,601+,3.5,601+,42.9,367,26.6,466,4.8,701+,2.9,701+,1.7,701+,8.9,701+,2.9,701+
Beirut Arab University,Lebanon,LB,Asia,S,FC,HI,4,Private not for Profit,676,641-650,711-720,801-1000,26.1,-,20.0,614,22.2,597,28.8,661,7.6,801+,94.8,180,61.1,334,56.5,362,29.6,801+,44.1,401,42.1,801+,13.4,601+,18.8,474,16.5,701+,2.7,701+,80.1,228,51.3,281,1.1,701+,18.2,460,1.1,701+
Belarusian National Technical University,Belarus,,Europe,L,SP,LO,,Public,851-900,801-850,,,-,,16.6,701+,41.3,329,64.6,273,1.0,801+,2.6,801+,66.9,299,62.0,323,3.2,801+,7.5,801+,,,,,,,,,,,,,,,,,,,,
Belarusian National Technical University (BNTU),Belarus,BY,,L,SP,,5,A,,,801-850,751-800,,-,,,,,,,,,,,,,,,,,,,,,13.1,601+,29.8,327,45.6,345,1.0,701+,2.2,701+,12.6,670,1.0,701+,7.1,701+,,
Belarusian State University,Belarus,BY,Europe,L,CO,HI,5,Public,447,387,=387,288=,34.6,28.3,32.5,377,51.5,239,91.8,98,1.7,801+,4.9,801+,71.1,268,67.5,286,34.4,801+,61.3,258,,,26.6,327,42.5,219,95.3,61,1.3,701+,4.1,701+,49.9,294,3.4,701+,24.5,341,1.4,701+
Belarusian State University of Informatics and Radioelectronics,Belarus,BY,Europe,M,CO,HI,4,Public,1401+,1201-1400,1201-1400,1001-1200,-,-,6.7,701+,23.4,573,26.1,716,1.4,801+,2.6,801+,17.6,772,20.4,754,7.2,801+,7.5,801+,,,7.4,601+,18.3,478,12.0,701+,1.3,701+,1.2,701+,5.6,701+,1.0,701+,10.9,701+,,
Belgorod State University,Russia,,Europe,L,FC,HI,,Public,1401+,1201-1400,,,-,,3.1,701+,1.9,701+,17.5,801+,2.8,801+,1.9,801+,70.3,276,73.2,247,14.1,801+,2.1,801+,22.7,801+,,,,,,,,,,,,,,,,,,
Ben Gurion University of The Negev,Israel,IL,Asia,L,FC,VH,4,Public,469,471,=469,490=,33.7,24.6,19.5,631,26.9,510,15.0,801+,58.7,295,71.2,332,23.8,679,17.9,798,63.4,643,24.5,649,48.8,734=,14.6,592,14.2,577,11.7,701+,52.7,245,65.3,294,15.7,607,20.1,544,10.5,701+,18.2,564=
Benemérita Universidad Autónoma de Puebla,Mexico,MX,Americas,XL,FC,HI,5,Public,1201-1400,1201-1400,1201-1400,1001-1200,-,-,19.9,616,8.0,701+,2.4,801+,2.9,801+,3.6,801+,1.7,801+,6.1,801+,29.1,801+,2.3,801+,28.9,801+,15.3,569,6.5,601+,3.2,701+,2.0,701+,2.9,701+,1.3,701+,1.3,701+,6.5,701+,3,701+
Benha University,Egypt,,Africa,XL,FC,HI,,Public,1401+,,,,-,,6.2,701+,4.4,701+,8.2,801+,4.2,801+,1.0,801+,2.4,801+,6.7,801+,59.7,699,2.9,801+,36.1,801+,,,,,,,,,,,,,,,,,,
Beni-Suef University,Egypt,,Africa,XL,FC,HI,,Public,1201-1400,,,,-,,8.7,701+,4.1,701+,2.1,801+,11.1,801+,13.7,801+,1.6,801+,6.0,801+,51.5,801+,2.8,801+,39.8,801+,,,,,,,,,,,,,,,,,,
Bielefeld University,Germany,DE,,L,CO,VH,4,A,,,951-1000,1001-1200,,-,,,,,,,,,,,,,,,,,,,,,14.6,594,3.8,601+,8.4,701+,8.2,701+,21.2,580,7.7,701+,32.8,437,8.1,701+,6.5,701+
Bilkent University,Turkey,TR,Asia,M,CO,VH,3,Private not for Profit,415,477,=502,561-570,36.6,23.1,33.8,361,73.3,134,14.5,801+,27.7,610,61.6,379,7.6,801+,12.1,801+,40.5,801+,27.0,609,51.7,667=,22.2,396,44.9,196,17.2,701+,12.9,679,72.0,264,5.7,701+,4.1,701+,14.3,588,14.2,621=
Bina Nusantara University (BINUS),Indonesia,ID,,L,CO,VH,3,C,,,1001-1200,1001-1200,,-,,,,,,,,,,,,,,,,,,,,,11.0,601+,16.1,527,20.6,655,1.9,701+,25.6,525,4.5,701+,1.0,701+,13.8,617,1.1,701+
Binghamton University SUNY,United States,US,Americas,L,CO,VH,4,Public,1001-1200,1001-1200,1001-1200,1001-1200,-,-,10.1,701+,14.1,701+,9.3,801+,19.5,723,17.3,760,15.5,801+,21.6,739,26.2,801+,11.3,801+,44.8,801+,6.8,601+,4.8,601+,6.2,701+,16.9,604,8.0,701+,9.9,701+,1.6,701+,10.8,701+,3.9,701+
BINUS UNIVERSITY (Bina Nusantara University),Indonesia,,Asia,L,CO,VH,,Private for Profit,851-900,951-1000,,,-,,20.1,611,33.3,432,28.5,670,4.3,801+,51.5,429,8.7,801+,13.5,801+,14.4,801+,20.6,714,41.1,801+,,,,,,,,,,,,,,,,,,
"Birkbeck College, University of London",United Kingdom,,Europe,M,CO,VH,,Public,388,408,,,38.5,,15.5,701+,5.9,701+,19.1,801+,79.6,159,98.9,130,98.7,78,98.7,66,60.1,690,17.7,766,45.6,801+,,,,,,,,,,,,,,,,,,
"Birkbeck, University of London",United Kingdom,UK,,M,FO,VH,5,A,,,374,343=,,29.7,,,,,,,,,,,,,,,,,,,,,10.8,601+,3.5,601+,14.1,701+,65.1,172,97.5,123,98.0,62,9.1,692,12.3,701+,12,642=
Birla Institute of Technology and Science,India,,Asia,L,CO,VH,,Private not for Profit,668,801-850,,,26.3,,18.0,678,32.6,441,12.4,801+,39.3,480,2.9,801+,4.0,801+,7.9,801+,41.8,801+,55.0,302,58.8,525=,,,,,,,,,,,,,,,,,,
"Birla Institute of Technology and Science, Pilani",India,IN,,L,CO,VH,5,B,,,951-1000,1001-1200,,-,,,,,,,,,,,,,,,,,,,,,9.1,601+,14.4,571,7.3,701+,17.3,596,1.8,701+,2.6,701+,2.2,701+,24,352,7.9,701+
Birmingham City University,United Kingdom,UK,Europe,XL,FO,HI,3,Public,1001-1200,1001-1200,1001-1200,1001-1200,-,-,8.2,701+,8.0,701+,8.7,801+,6.5,801+,54.9,412,65.5,304,68.8,278,44.5,801+,12.1,801+,37.9,801+,5.8,601+,4.6,601+,7.6,701+,3.1,701+,43.5,385,76.5,179,1.4,701+,11.3,701+,1.3,701+
Birzeit university,Palestine,,Asia,M,CO,HI,,Private not for Profit,1201-1400,1201-1400,,,-,,12.5,701+,8.5,701+,6.7,801+,5.1,801+,17.9,748,7.4,801+,5.7,801+,20.0,801+,38.3,451,12.3,801+,,,,,,,,,,,,,,,,,,
Birzeit university,"Palestinian Territory, Occupied",PS,,M,CO,MD,4,B,,,1201-1400,1201-1400,,-,,,,,,,,,,,,,,,,,,,,,6.3,601+,9.4,601+,4.9,701+,2.7,701+,14.3,678,4.3,701+,1.2,701+,16.8,505,1,701+
Bogazici University,Turkey,,Asia,M,CO,VH,,Public,371,418,,,40.3,,36.2,335,85.8,88,5.1,801+,23.7,662,28.2,603,7.5,801+,12.6,801+,49.0,801+,88.7,116,68.5,342=,,,,,,,,,,,,,,,,,,
Bond University,Australia,AU,Oceania,S,FO,VH,3,Private not for Profit,591,587,=567,481=,28.5,20.8,5.9,701+,8.3,701+,52.1,362,53.8,346,63.5,366,90.4,164,91.2,139,24.6,801+,11.6,801+,23.5,801+,4.7,601+,5.2,601+,44.1,356,22.8,518,87.7,195,93.6,96,1.1,701+,11.7,701+,1.1,701+
Boston College,United States,US,Americas,L,CO,VH,5,Private not for Profit,526,631-640,631-640,561-570,30.9,-,29.9,407,30.2,471,28.0,681,26.8,618,9.8,801+,28.5,608,34.5,556,47.7,801+,64.8,240,56.0,579=,20.5,426,12.9,601+,19.3,684,21.5,535,12.0,701+,18.3,568,9.1,694,38.4,189,15.9,596=
Boston University,United States,US,Americas,L,FC,VH,5,Private not for Profit,88,108,=93,108,71.1,61.4,75.3,111,86.7,83,40.6,497,61.9,273,40.0,500,92.8,150,93.3,124,84.9,256,86.9,127,73.7,264,61.7,113,68.3,109,32.7,485,60.1,204,21.6,576,87.5,132,72.6,187,68.6,76,85.9,113=
Bournemouth University,United Kingdom,UK,Europe,L,CO,VH,3,Public,801-850,771-780,731-740,801-1000,-,-,8.0,701+,11.0,701+,8.1,801+,29.4,594,84.7,261,47.7,422,52.6,391,76.3,418,7.7,801+,43.4,801+,5.7,601+,8.3,601+,6.1,701+,17.4,594,81.2,224,50.1,293,23.3,515,10,701+,18.4,560=
Boğaziçi University,Turkey,TR,,L,CO,HI,5,A,,,=514,701-750,,22.7,,,,,,,,,,,,,,,,,,,,,23.0,378,58.4,138,4.0,701+,14.3,649,11.1,701+,2.6,701+,4.9,701+,52.7,121,6.2,701+
BRAC University,Bangladesh,BD,Asia,L,CO,HI,2,Private not for Profit,1201-1400,1001-1200,1001-1200,1001-1200,-,-,14.9,701+,33.4,429,11.6,801+,3.6,801+,1.7,801+,1.8,801+,6.2,801+,30.4,801+,4.5,801+,30.0,801+,10.6,601+,29.1,336,12.4,701+,1.9,701+,2.5,701+,1.4,701+,1.1,701+,9.6,701+,1.1,701+
Brandeis University,United States,US,Americas,M,CO,VH,4,Private not for Profit,741-750,721-730,661-670,497=,-,-,12.8,701+,9.7,701+,50.2,381,25.0,638,33.0,554,83.4,201,62.1,322,24.7,801+,30.5,544,28.8,801+,9.8,601+,4.3,601+,49.9,311,16.3,609,26.2,521,70.6,207,1.4,701+,17.4,477,1.5,701+
Brigham Young University,United States,US,Americas,XL,CO,VH,5,Private not for Profit,1001-1200,1001-1200,1001-1200,1001-1200,-,-,7.7,701+,13.5,701+,6.7,801+,15.8,787,1.3,801+,5.3,801+,4.2,801+,51.9,801+,36.9,469,44.6,801+,7.0,601+,5.3,601+,4.6,701+,13.3,673,1.3,701+,3.3,701+,8.2,701+,22,377,7,701+
British University in Egypt,Egypt,EG,Africa,M,FO,VH,2,Private for Profit,1201-1400,1201-1400,1201-1400,1201-1400,-,-,8.4,701+,10.8,701+,36.7,549,4.6,801+,1.8,801+,6.1,801+,10.1,801+,18.4,801+,3.0,801+,20.6,801+,5.7,601+,4.5,601+,23.1,614,2.2,701+,2.8,701+,2.6,701+,1.0,701+,6.8,701+,1.4,701+
Brno University of Technology,Czech Republic,CZ,Europe,L,FO,VH,5,Public,575,611-620,611-620,701-750,29.1,-,17.7,691,36.4,393,37.0,544,13.7,801+,26.7,631,77.3,241,79.2,215,80.7,339,15.7,801+,61.3,471=,13.1,601+,34.7,280,22.7,623,6.7,701+,9.0,701+,70.9,204,38.6,387,14.2,597,2.7,701+
Brock University,Canada,CA,Americas,L,CO,HI,4,Public,1201-1400,1201-1400,1201-1400,1001-1200,-,-,6.7,701+,10.9,701+,4.7,801+,16.6,772,4.2,801+,27.5,621,33.5,570,29.2,801+,6.7,801+,41.5,801+,4.1,601+,6.8,601+,2.4,701+,15.1,632,2.2,701+,18.8,563,2.5,701+,8.7,701+,2,701+
Brown University,United States,US,Americas,M,FC,VH,5,Private not for Profit,69,79,=73,63,76.2,66.4,72.4,126,64.3,166,84.5,139,82.2,143,91.0,218,67.0,297,70.2,269,80.1,352,81.9,151,72.6,280,58.3,131,42.4,221,77.8,145,85.9,89,84.5,212,52.0,279,58.3,258,74.8,59,70.4,201=
Brunel University London,United Kingdom,UK,,L,CO,VH,4,A,,,343,412=,,31.9,,,,,,,,,,,,,,,,,,,,,11.3,601+,13.3,601+,7.9,701+,44.2,303,99.7,84,99.6,39,56.9,269,18.5,450,62.8,235=
Brunel University of London,United Kingdom,,Europe,L,CO,VH,,Public,385,342,,,39.1,,17.6,694,25.2,536,12.2,801+,51.8,364,99.5,114,100.0,32,100.0,20,76.7,410,28.8,578,80.4,163=,,,,,,,,,,,,,,,,,,
Budapest University of Technology and Economics,Hungary,HU,Europe,L,FO,VH,5,Public,711-720,721-730,741-750,801-1000,-,-,20.8,595,37.5,375,18.6,801+,15.3,800,4.6,801+,22.7,691,28.8,629,60.0,691,37.8,460,57.9,545,14.3,601+,19.4,464,15.2,701+,8.9,701+,2.5,701+,18.8,562,25.4,493,25,329,40.8,360=
Ca' Foscari University of Venice,Italy,IT,Europe,M,CO,VH,5,Public,660,601-610,661-670,801-1000,26.5,-,27.1,462,21.7,609,10.1,801+,20.7,703,44.0,471,18.6,749,24.7,688,68.2,564,20.0,729,74.0,259=,18.8,474,14.8,554,4.9,701+,14.2,653,35.1,454,8.2,701+,15.5,590,10.8,701+,62.8,235=
Cairo University,Egypt,EG,Africa,XL,FC,VH,5,Public,347,350,=371,551-560,41.6,29.9,60.8,170,52.7,232,13.8,801+,6.0,801+,4.2,801+,14.4,801+,10.9,801+,88.9,190,98.0,43,66.6,368=,43.7,193,33.2,297,8.0,701+,2.8,701+,2.7,701+,6.2,701+,48.7,321,72.5,63,78.6,157
California Institute of Technology (Caltech),United States,US,Americas,S,FO,VH,5,Private not for Profit,10,10,15,6=,94.3,87.8,98.3,33,99.2,23,100.0,5,100.0,3,100.0,65,90.7,161,91.4,136,61.8,665,49.1,352,79.2,185,96.1,30,93.7,41,100.0,5,100.0,3,100.0,63,81.0,159,22.8,521,34.2,225,41.4,357
California Polytechnic State University,United States,US,Americas,L,CO,HI,,Public,1201-1400,1401+,1201-1400,1201-1400,-,-,5.6,701+,20.0,655,9.4,801+,4.9,801+,,,,,,,43.6,801+,19.4,736,32.8,801+,3.7,601+,9.3,601+,7.0,701+,3.4,701+,,,,,1.5,701+,13.2,647,,
California State University Long Beach,United States,US,,XL,CO,VH,4,A,,,1401+,1401+,,-,,,,,,,,,,,,,,,,,,,,,4.0,601+,2.8,601+,8.1,701+,,,,,,,,,9.6,701+,,
California State University - Los Angeles,United States,US,,L,CO,HI,4,A,,,1401+,1201-1400,,-,,,,,,,,,,,,,,,,,,,,,5.4,601+,2.5,601+,3.5,701+,3.2,701+,4.0,701+,5.6,701+,1.1,701+,9.5,701+,,
Can Tho University,Viet Nam,,Asia,XL,CO,HI,,Public,1201-1400,,,,-,,10.2,701+,6.2,701+,3.1,801+,4.6,801+,65.2,357,1.0,801+,5.5,801+,36.8,801+,6.6,801+,39.7,801+,,,,,,,,,,,,,,,,,,
Canadian University Dubai,United Arab Emirates,AE,,S,FO,HI,2,C,,,=551,541-550,,21.3,,,,,,,,,,,,,,,,,,,,,14.7,591,14.4,567,31.3,505,2.3,701+,100.0,4,100.0,5,1.0,701+,22.3,371,1,701+
Canadian University of Dubai,United Arab Emirates,,Asia,S,FO,HI,,Private for Profit,604,523,,,28.2,,22.7,553,29.7,478,40.3,499,7.0,801+,100.0,4,100.0,7,74.4,237,18.8,801+,18.1,758,17.6,801+,,,,,,,,,,,,,,,,,,
Canterbury Christ Church University,United Kingdom,UK,Europe,XL,CO,MD,4,Public,1201-1400,1001-1200,1001-1200,1001-1200,-,-,6.8,701+,4.7,701+,5.3,801+,6.8,801+,41.5,487,60.4,340,64.2,309,21.9,801+,2.2,801+,21.7,801+,5.7,601+,2.1,601+,5.8,701+,4.1,701+,35.9,447,72.8,194,1.0,701+,8.6,701+,1,701+
Cardiff University,United Kingdom,UK,Europe,L,FC,VH,5,Public,181,186,=154,166,57.8,50.5,60.1,175,54.4,223,48.2,403,42.2,451,87.2,243,70.1,278,73.0,248,93.4,120,33.5,502,88.9,71=,46.5,176,48.3,181,33.7,474,39.6,347,84.0,217,70.6,206,81.6,138,18.9,442,97.9,25
Carleton University,Canada,CA,Americas,L,CO,VH,4,Public,781-790,741-750,671-680,601-650,-,-,15.6,701+,16.8,701+,7.3,801+,18.6,743,17.6,756,56.9,364,42.4,489,74.9,443,43.1,407,61.1,477=,10.9,601+,13.9,584,3.1,701+,21.8,531,21.6,575,46.0,316,16.8,576,28.5,281,35.8,393=
Carnegie Mellon University,United States,US,Americas,L,FC,VH,5,Private not for Profit,52,58,52,52,82.3,73.7,80.1,98,94.4,52,51.1,370,98.6,43,52.4,426,98.7,77,73.4,245,79.2,364,79.9,161,66.2,375,71.2,87,75.3,83,49.1,319,99.9,10,46.6,371,98.2,59,57.4,264,60,100,47.2,323=
Case Western Reserve University,United States,US,Americas,M,FC,VH,4,Private not for Profit,294,259,255,176,46,38.8,22.4,560,20.5,642,88.6,111,66.3,239,47.6,449,76.7,246,79.0,218,58.3,715,40.9,429,70.8,303=,18.4,486,17.1,507,83.0,118,63.9,185,38.2,420,68.3,216,21.0,537,27,301,34.6,403=
Catania University,Italy,IT,Europe,L,FC,VH,5,Public,851-900,901-950,851-900,801-1000,-,-,17.5,701+,6.2,701+,8.7,801+,35.9,517,15.4,798,8.2,801+,12.6,801+,74.4,456,9.4,801+,46.3,801+,11.7,601+,3.1,601+,4.8,701+,27.4,459,2.8,701+,2.6,701+,30.4,456,6.1,701+,25.1,489
Católica de Córdoba,Argentina,AR,,M,FC,MD,4,B,,,1201-1400,1201-1400,,-,,,,,,,,,,,,,,,,,,,,,4.7,601+,2.7,601+,18.1,701+,1.2,701+,4.2,701+,4.8,701+,1.0,701+,9.1,701+,1,701+
Central Michigan University,United States,US,Americas,L,FC,HI,4,Public,1401+,1201-1400,1201-1400,1201-1400,-,-,3.6,701+,5.0,701+,11.5,801+,11.2,801+,4.8,801+,23.4,684,17.6,801+,26.2,801+,15.0,801+,29.2,801+,3.6,601+,4.2,601+,7.8,701+,8.1,701+,3.5,701+,3.1,701+,2.1,701+,10.8,701+,,
Central Queensland University Australia (CQUniversity),Australia,,Oceania,S,CO,VH,,Public,499,495,,,32.2,,13.6,701+,8.5,701+,42.2,474,39.7,473,97.6,145,99.9,43,99.4,47,47.5,801+,5.0,801+,64.2,417=,,,,,,,,,,,,,,,,,,
Central Queensland University (CQUniversity Australia),Australia,AU,,S,CO,VH,3,A,,,=590,651-700,,20.1,,,,,,,,,,,,,,,,,,,,,8.7,601+,9.5,601+,24.0,592,16.0,619,98.0,113,98.1,61,1.2,701+,8.3,701+,5.6,701+
Central South University,China (Mainland),CN,Asia,XL,FO,VH,2,Public,491,431,=452,499=,32.6,25.5,12.1,701+,10.2,701+,7.3,801+,100.0,8,9.0,801+,7.0,801+,5.4,801+,73.8,472,23.2,667,42.7,801+,8.8,601+,3.4,601+,5.6,701+,98.4,28,6.6,701+,3.6,701+,13.5,616,9.9,701+,8.9,689=
CEU University,Spain,,Europe,L,FO,VH,,,1001-1200,1201-1400,,,-,,7.3,701+,20.8,634,26.5,703,3.1,801+,8.4,801+,58.4,352,62.4,319,18.5,801+,16.6,793,35.6,801+,,,,,,,,,,,,,,,,,,
Chalmers University of Technology,Sweden,SE,Europe,M,FO,VH,5,Private not for Profit,165,139,129,125=,60.2,54.0,34.6,350,56.6,207,59.5,303,80.9,152,100.0,56,74.3,257,76.8,226,77.0,405,53.3,319,82.7,138=,26.6,326,51.5,158,51.1,306,80.9,107,100.0,49,67.4,220,52.2,299,28.7,278,82.9,132
Chandigarh University,India,IN,Asia,XL,FC,HI,2,Private not for Profit,575,691-700,771-780,801-1000,29.1,-,22.4,561,70.0,147,34.2,573,2.8,801+,44.5,469,25.1,662,29.4,621,66.3,603,1.7,801+,44.0,801+,11.5,601+,43.4,212,21.1,642,1.3,701+,34.1,463,15.1,619,1.1,701+,8.1,701+,2.8,701+
Chang Gung University,Taiwan,TW,Asia,M,FO,VH,3,Private not for Profit,668,631-640,621-630,475=,26.3,-,9.3,701+,6.6,701+,74.6,200,58.2,298,7.9,801+,9.5,801+,13.2,801+,25.5,801+,2.1,801+,48.8,734=,5.7,601+,4.6,601+,70.0,184,43.0,309,4.3,701+,4.7,701+,1.4,701+,7.9,701+,4.1,701+
Chang Jung Christian University,Taiwan,TW,Asia,M,CO,HI,3,Private not for Profit,1201-1400,1001-1200,1001-1200,801-1000,-,-,8.5,701+,4.9,701+,57.0,323,2.6,801+,8.2,801+,9.3,801+,12.6,801+,6.0,801+,2.2,801+,34.9,801+,6.3,601+,2.5,601+,44.5,353,1.6,701+,6.4,701+,5.4,701+,1.0,701+,7.9,701+,1.1,701+
Chaoyang University of Technology,Taiwan,TW,Asia,L,FO,VH,3,Private for Profit,1401+,1201-1400,1201-1400,,-,-,5.0,701+,6.7,701+,6.4,801+,8.4,801+,7.4,801+,13.2,801+,15.9,801+,22.2,801+,2.1,801+,40.6,801+,5.6,601+,6.7,601+,4.2,701+,3.5,701+,6.7,701+,5.7,701+,1.0,701+,7.9,701+,3.3,701+
Charles Darwin University,Australia,AU,Oceania,M,FO,VH,2,Public,584,621-630,601-610,701-750,28.7,-,7.8,701+,7.3,701+,6.4,801+,65.1,247,41.8,483,88.9,178,88.5,154,49.7,801+,4.8,801+,70.7,305=,5.8,601+,4.7,601+,4.0,701+,41.3,331,37.4,429,76.7,176,3.6,701+,8.5,701+,45.3,334
Charles Sturt University,Australia,AU,Oceania,L,CO,VH,3,Public,951-1000,851-900,801-850,801-1000,-,-,6.4,701+,9.4,701+,14.1,801+,13.9,801+,66.0,356,47.2,427,52.2,396,60.4,684,13.4,801+,64.9,403=,5.0,601+,6.0,601+,7.0,701+,8.6,701+,31.7,476,74.0,190,10.5,663,10.3,701+,53.4,288=
Charles University,Czech Republic,CZ,Europe,XL,FC,VH,5,Public,265,246,=248,288=,49,39.6,58.5,182,55.5,217,37.0,543,14.3,801+,33.5,549,61.7,328,65.4,300,97.2,33,73.2,196,76.9,217,45.5,183,43.5,210,34.8,456,9.4,701+,24.8,539,51.2,283,90.9,77,27.6,294,83.9,125
Chiang Mai University,Thailand,TH,Asia,XL,FC,HI,4,Public,526,567,=571,601-650,30.9,20.7,48.8,236,30.4,467,22.0,790,8.8,801+,5.5,801+,8.7,801+,13.3,801+,65.8,613,28.7,584,67.6,355=,33.8,256,19.3,466,16.4,701+,3.9,701+,5.1,701+,4.1,701+,20.9,538,17.1,495,59.2,252=
Chiba University,Japan,JP,Asia,L,FC,VH,4,Public,791-800,771-780,701-710,490=,-,-,22.5,555,12.5,701+,65.8,261,17.8,755,11.3,801+,7.9,801+,12.1,801+,30.2,801+,6.2,801+,48.7,737=,16.8,527,8.4,601+,62.3,226,10.9,701+,7.5,701+,5.2,701+,2.5,701+,8.6,701+,18.8,555=
China Agricultural University,China (Mainland),CN,Asia,L,FC,VH,3,Public,504,484,=534,591-600,32,22.0,12.3,701+,10.3,701+,19.2,801+,98.7,42,4.8,801+,2.3,801+,2.0,801+,62.1,663,9.6,801+,44.4,801+,9.6,601+,2.1,601+,19.9,667,78.7,119,3.4,701+,1.6,701+,3.3,701+,6.5,701+,8.4,695=
China University of Geosciences,China (Mainland),CN,Asia,L,FO,VH,3,Public,851-900,771-780,801-850,651-700,-,-,6.6,701+,5.6,701+,60.4,299,40.1,469,1.8,801+,4.5,801+,3.6,801+,60.0,693,1.3,801+,43.3,801+,5.3,601+,1.4,601+,55.9,267,25.3,480,1.6,701+,2.9,701+,26.1,491,5.3,701+,7,701+
China University of Mining and Technology,China (Mainland),CN,Asia,L,FO,VH,3,Public,654,681-690,781-790,801-1000,26.6,-,4.3,701+,6.4,701+,25.5,727,87.2,114,,,,,,,55.5,761,16.3,801+,39.2,801+,3.7,601+,1.6,601+,9.5,701+,60.5,202,,,,,2.9,701+,9,701+,3,701+
China University of Petroleum,China (Mainland),CN,Asia,L,CO,VH,3,Public,686,631-640,711-720,541-550,25.7,-,3.1,701+,6.8,701+,10.7,801+,94.5,77,7.2,801+,5.2,801+,4.1,801+,26.4,801+,26.2,621,35.3,801+,3.8,601+,1.5,601+,9.8,701+,64.8,178,1.5,701+,3.2,701+,1.2,701+,17.1,493,2.5,701+
China University of Political Science and Law,China (Mainland),CN,Asia,L,FO,MD,3,Public,1201-1400,1201-1400,1201-1400,1201-1400,-,-,3.5,701+,62.2,181,11.1,801+,1.5,801+,5.0,801+,2.2,801+,6.8,801+,7.9,801+,9.6,801+,10.2,801+,3.7,601+,27.6,351,9.1,701+,1.2,701+,4.0,701+,1.5,701+,1.0,701+,9.2,701+,1,701+
Chitkara University,India,IN,Asia,L,CO,VH,2,Private not for Profit,1201-1400,1201-1400,1201-1400,,-,-,10.0,701+,10.9,701+,18.2,801+,5.4,801+,13.1,801+,5.4,801+,9.1,801+,44.0,801+,1.7,801+,47.4,776=,4.8,601+,4.6,601+,20.3,658,1.9,701+,4.3,701+,3.2,701+,1.3,701+,8.1,701+,1.7,701+
Chittagong University of Engineering and Technology,Bangladesh,BD,Asia,M,SP,HI,3,Public,1401+,1201-1400,1201-1400,,-,-,10.0,701+,16.2,701+,10.0,801+,12.1,801+,1.6,801+,,,,,8.1,801+,4.8,801+,20.3,801+,8.0,601+,12.6,601+,7.2,701+,4.5,701+,,,,,1.0,701+,11.3,701+,,
Chongqing University,China (Mainland),CN,Asia,XL,SP,VH,4,Public,504,489,=561,651-700,32,21.0,11.9,701+,9.8,701+,18.2,801+,93.8,82,28.1,605,3.9,801+,3.2,801+,58.1,717,19.1,743,40.0,801+,8.4,601+,3.8,601+,13.2,701+,70.4,146,14.7,672,2.2,701+,11.4,645,13.6,630,10.3,665=
Chonnam National University,Republic of Korea,,Asia,L,FC,VH,,Public,901-950,851-900,,,-,,12.2,701+,6.8,701+,47.3,415,24.0,654,14.6,801+,16.3,793,21.9,731,29.2,801+,6.5,801+,61.3,471=,,,,,,,,,,,,,,,,,,
Chonnam National University,South Korea,KR,,L,FC,VH,4,A,,,851-900,751-800,,-,,,,,,,,,,,,,,,,,,,,,11.7,601+,5.0,601+,44.0,357,14.3,652,11.4,701+,6.5,701+,1.7,701+,6,701+,4,701+
"CHRIST (Deemed to be University), Bengaluru",India,,Asia,XL,CO,HI,,Private not for Profit,1401+,,,,-,,7.0,701+,5.6,701+,8.0,801+,4.7,801+,4.7,801+,2.4,801+,6.8,801+,34.0,801+,6.3,801+,33.2,801+,,,,,,,,,,,,,,,,,,
Christian-Albrechts-University zu Kiel,Germany,DE,,L,FC,VH,5,A,,,=530,521-530,,22.1,,,,,,,,,,,,,,,,,,,,,18.6,478,10.1,601+,47.7,328,16.1,616,,,9.4,701+,79.9,145,10.5,701+,42.3,351=
Christian-Albrechts-Universität zu Kiel,Germany,,Europe,L,FC,VH,,Public,618,611-620,,,27.7,,24.4,522,14.6,701+,56.7,325,20.9,700,,,15.1,801+,11.5,801+,92.4,139,24.5,648,59.2,516=,,,,,,,,,,,,,,,,,,
Chulalongkorn University,Thailand,TH,Asia,XL,FC,VH,5,Public,221,229,211,224=,53.9,44.3,82.0,89,52.7,233,44.8,439,12.5,801+,32.0,564,6.2,801+,11.0,801+,80.6,342,96.4,64,80.0,169=,66.6,101,50.1,170,31.5,498,7.0,701+,15.0,668,2.9,701+,49.4,318,87.2,44,85.9,113=
Chung-Ang University,Republic of Korea,,Asia,L,FC,VH,,Private not for Profit,479,489,,,33.3,,24.9,512,37.6,372,79.2,172,16.7,769,19.7,719,62.4,323,66.1,297,31.3,801+,17.3,777,68.9,331=,,,,,,,,,,,,,,,,,,
Chung-Ang University (CAU),South Korea,KR,,L,FC,VH,4,B,,,=494,392=,,23.4,,,,,,,,,,,,,,,,,,,,,19.8,445,36.2,271,69.5,186,8.9,701+,13.8,690,36.3,373,1.7,701+,12.8,672,2.5,701+
Chung Yuan Christian University,Taiwan,TW,Asia,L,CO,HI,3,Public,1001-1200,1001-1200,1001-1200,1201-1400,-,-,9.9,701+,9.2,701+,6.9,801+,25.2,637,5.3,801+,11.8,801+,14.9,801+,17.3,801+,28.6,585,46.7,799=,5.8,601+,5.2,601+,4.4,701+,15.1,631,4.4,701+,7.2,701+,1.0,701+,19.2,437,3.2,701+
Chungbuk National University,Republic of Korea,,Asia,M,FC,VH,,Public,1001-1200,1001-1200,,,-,,6.5,701+,4.6,701+,47.9,405,19.6,717,10.7,801+,21.5,703,21.6,740,33.4,801+,1.8,801+,50.9,684=,,,,,,,,,,,,,,,,,,
Chungbuk National University,South Korea,KR,,L,FC,HI,4,A,,,1001-1200,1001-1200,,-,,,,,,,,,,,,,,,,,,,,,5.4,601+,2.8,601+,30.6,512,8.6,701+,7.0,701+,4.3,701+,1.9,701+,4.5,701+,1.1,701+
Chungnam National University,Republic of Korea,,Asia,L,FC,VH,,Public,851-900,851-900,,,-,,11.7,701+,10.6,701+,54.7,343,21.0,697,8.4,801+,20.0,729,25.1,681,40.8,801+,6.7,801+,59.9,504=,,,,,,,,,,,,,,,,,,
Chungnam National University,South Korea,KR,,L,FC,VH,4,A,,,851-900,751-800,,-,,,,,,,,,,,,,,,,,,,,,11.7,601+,8.0,601+,45.3,348,10.6,701+,8.2,701+,10.7,701+,1.6,701+,8,701+,2.1,701+
"City St George’s, University of London",United Kingdom,,Europe,L,FO,VH,,,310,,,,44.5,,26.9,466,32.3,444,9.2,801+,57.8,301,92.4,207,97.9,90,98.0,77,77.2,402,65.8,238,62.3,452=,,,,,,,,,,,,,,,,,,
City University of Hong Kong,Hong Kong,HK,,M,CO,VH,3,A,,,70,54,,67.7,,,,,,,,,,,,,,,,,,,,,59.6,122,27.3,356,86.6,99,99.9,9,100.0,17,100.0,2,17.4,570,29.5,269,82.1,136
City University of Hong Kong,"Hong Kong SAR, China",,Asia,M,CO,VH,,Public,63,62,,,78.9,,75.5,109,46.7,284,94.8,75,100.0,2,100.0,16,100.0,5,100.0,2,64.5,628,48.5,356,75.2,232=,,,,,,,,,,,,,,,,,,
"City, University of London",United Kingdom,UK,,L,CO,VH,5,A,,,=328,355=,,32.6,,,,,,,,,,,,,,,,,,,,,21.4,405,18.1,483,6.7,701+,42.2,321,95.0,151,99.3,46,22.1,527,28.3,284,41.7,356
City University of New York,United States,US,Americas,XL,FC,VH,4,Public,613,661-670,=545,701-750,27.8,21.5,25.3,505,59.4,195,14.3,801+,6.4,801+,8.4,801+,8.3,801+,6.4,801+,92.9,128,31.3,532,55.4,593=,22.7,386,34.1,286,9.4,701+,5.8,701+,6.6,701+,4.9,701+,89.0,90,19.3,434,31.3,428=
Clark University,United States,US,Americas,S,CO,VH,5,Private not for Profit,1001-1200,951-1000,801-850,751-800,-,-,2.5,701+,3.6,701+,25.6,724,23.5,666,15.2,801+,94.6,133,93.8,119,29.1,801+,19.3,739,42.4,801+,3.0,601+,5.3,601+,23.4,610,18.3,578,14.2,682,72.6,198,1.2,701+,14.9,561,33.2,416=
Clarkson University,United States,US,Americas,S,CO,VH,5,Private not for Profit,951-1000,851-900,791-800,801-1000,-,-,1.0,701+,4.0,701+,19.0,801+,47.3,400,42.9,478,38.0,515,42.1,493,31.0,801+,12.2,801+,26.9,801+,1.6,601+,2.4,601+,16.9,701+,39.0,351,64.7,297,8.6,701+,2.6,701+,10.7,701+,1.2,701+
Clemson University,United States,US,Americas,L,CO,VH,5,Public,951-1000,951-1000,851-900,801-1000,-,-,9.6,701+,15.2,701+,18.5,801+,24.8,643,16.3,773,10.6,801+,8.1,801+,75.8,420,13.5,801+,47.7,765=,8.3,601+,10.8,601+,12.9,701+,16.7,606,8.3,701+,4.5,701+,36.4,408,11.1,701+,32.1,423
Cleveland State University,United States,US,Americas,M,FO,VH,4,Public,1401+,1201-1400,1201-1400,1201-1400,-,-,4.5,701+,6.2,701+,12.3,801+,7.7,801+,5.6,801+,47.6,423,35.6,540,17.9,801+,12.4,801+,25.7,801+,4.3,601+,4.2,601+,8.9,701+,4.8,701+,4.3,701+,17.2,585,1.0,701+,11.1,701+,,
Colegio de México,Mexico,MX,Americas,S,SP,VH,4,Public,901-950,771-780,681-690,402=,-,-,19.5,630,5.8,701+,100.0,1,2.9,801+,11.5,801+,26.7,637,20.0,762,9.8,801+,3.3,801+,13.9,801+,15.6,559,3.1,601+,100.0,2,1.6,701+,9.1,701+,18.0,576,1.0,701+,7.7,701+,1,701+
College of William and Mary,United States,US,,M,CO,VH,5,A,,,901-950,801-1000,,-,,,,,,,,,,,,,,,,,,,,,8.3,601+,10.6,601+,25.7,574,15.6,624,6.9,701+,6.8,701+,2.5,701+,21.4,390,8.1,701+
Colorado School of Mines,United States,US,Americas,M,FO,VH,5,Public,571,501,=465,501-510,29.2,24.7,11.3,701+,22.5,588,18.8,801+,69.9,216,28.7,599,11.2,801+,17.1,801+,30.9,801+,29.4,558,54.7,608=,7.2,601+,9.6,601+,19.7,675,70.8,143,29.6,491,9.0,701+,2.3,701+,17.4,481,42,355
Colorado State University,United States,US,Americas,L,CO,VH,5,Public,458,442,409,408=,34,27.3,25.2,508,30.1,473,73.1,209,22.8,672,22.7,679,9.0,801+,14.7,801+,82.5,303,32.3,524,75.0,236,18.8,475,18.2,482,56.8,258,20.3,553,12.3,701+,4.2,701+,54.9,285,15,559,97.7,29
Columbia University,United States,US,Americas,XL,FC,VH,5,Private not for Profit,38,34,23,22,85.6,85.9,99.9,13,99.9,11,100.0,19,44.5,418,48.5,445,98.1,88,72.9,250,98.4,18,100.0,8,77.9,198=,99.6,12,98.3,16,100.0,15,40.7,339,56.1,332,96.8,76,97.6,25,99.9,10,94.2,64=
Comenius University Bratislava,Slovakia,SK,Europe,L,FC,HI,5,Public,684,661-670,771-780,651-700,25.8,-,16.8,701+,14.7,701+,61.3,293,6.9,801+,8.4,801+,39.0,504,44.5,469,68.8,549,87.0,126,43.7,801+,14.1,601+,5.2,601+,55.8,268,3.4,701+,4.1,701+,30.5,419,13.0,625,32.8,233,4.1,701+
Complutense University of Madrid,Spain,ES,,XL,FC,VH,4,A,,,=171,226=,,48.8,,,,,,,,,,,,,,,,,,,,,68.2,96,69.3,105,25.8,573,7.0,701+,9.0,701+,25.6,469,83.4,127,57.9,106,96.3,41
COMSATS University Islamabad,Pakistan,PK,Asia,XL,CO,VH,2,Public,664,711-720,651-660,1001-1200,26.4,-,17.0,701+,35.8,403,17.0,801+,36.8,506,1.4,801+,1.6,801+,6.0,801+,87.3,212,8.3,801+,62.7,444=,10.4,601+,29.2,333,14.4,701+,13.9,658,1.6,701+,1.6,701+,62.6,229,8.1,701+,50.9,301=
Concordia University,Canada,CA,Americas,XL,CO,VH,3,Public,465,415,=387,551-560,33.8,28.3,21.7,572,18.0,701+,5.2,801+,32.0,563,64.0,362,94.4,135,94.8,112,75.6,429,58.4,281,81.8,153,15.0,580,15.2,544,3.0,701+,23.7,504,80.3,227,89.3,122,40.4,373,30.2,254,88.8,97=
Cornell University,United States,US,Americas,L,FC,VH,5,Private not for Profit,16,16,13,20,91.6,89.3,99.5,25,98.8,27,64.3,276,98.0,48,57.6,401,75.7,251,56.4,363,93.0,126,99.3,24,76.8,218,98.1,26,90.5,47,52.9,297,99.1,18,68.7,283,64.0,234,79.9,144,98,18,94.7,58=
Corvinus University of Budapest,Hungary,HU,,M,FO,VH,5,B,,,1001-1200,1001-1200,,-,,,,,,,,,,,,,,,,,,,,,10.9,601+,16.0,529,4.8,701+,3.1,701+,7.8,701+,37.5,367,1.2,701+,5.5,701+,1.1,701+
Coventry University,United Kingdom,UK,Europe,L,CO,VH,3,Public,558,526,=571,651-700,29.5,20.7,16.0,701+,18.5,697,21.8,798,14.8,801+,85.1,258,99.5,62,99.5,51,84.3,271,18.4,752,71.2,297=,9.2,601+,12.5,601+,15.7,701+,6.8,701+,74.8,257,100.0,26,50.7,308,13.7,626,26.6,481=
Cracow University of Technology of Tadeusz Kościuszko,Poland,,Europe,L,SP,VH,,Public,1001-1200,1001-1200,,,-,,12.6,701+,28.1,495,28.3,677,10.0,801+,3.4,801+,9.2,801+,12.6,801+,44.2,801+,10.3,801+,20.5,801+,,,,,,,,,,,,,,,,,,
Cracow University of Technology (Politechnika Krakowska),Poland,PL,,L,FO,VH,4,A,,,1001-1200,801-1000,,-,,,,,,,,,,,,,,,,,,,,,11.4,601+,23.7,406,19.6,676,4.4,701+,2.1,701+,2.0,701+,1.6,701+,8.8,701+,1.4,701+
Cukurova University,Turkey,TR,Asia,XL,FC,HI,4,Public,1201-1400,1201-1400,1401+,1401+,-,-,6.7,701+,6.1,701+,8.6,801+,4.9,801+,2.5,801+,6.5,801+,12.0,801+,56.0,749,14.1,801+,42.3,801+,4.4,601+,2.8,601+,4.5,701+,2.5,701+,2.1,701+,5.0,701+,3.8,701+,6.9,701+,13.9,625=
CUNY The City College of New York,United States,US,,M,FC,HI,3,A,,,1201-1400,1001-1200,,-,,,,,,,,,,,,,,,,,,,,,6.2,601+,1.8,601+,11.4,701+,15.0,636,4.3,701+,5.5,701+,1.5,701+,6.9,701+,,
Curtin University,Australia,AU,Oceania,L,CO,VH,3,Public,183,174,183,193,57.6,47.8,46.3,254,39.3,348,17.7,801+,89.6,104,100.0,57,54.3,382,58.7,348,94.2,96,37.9,459,82.0,149=,32.4,271,31.8,309,14.3,701+,86.2,88,100.0,43,26.4,459,84.9,119,25.7,320,50.6,305=
CY Cergy Paris University,France,FR,Europe,M,FO,VH,1,Public,951-1000,851-900,851-900,751-800,-,-,5.2,701+,5.2,701+,64.9,270,7.4,801+,55.1,410,59.0,347,62.9,314,47.9,801+,1.3,801+,31.4,801+,3.4,601+,2.7,601+,41.9,376,6.5,701+,54.3,340,45.1,321,8.1,701+,7.4,701+,9.6,678=
Cyprus University of Technology,Cyprus,,Asia,S,CO,VH,,Public,686,,,,25.7,,8.1,701+,4.9,701+,49.3,389,39.8,472,68.1,343,42.0,474,43.4,478,46.6,801+,11.3,801+,49.6,711=,,,,,,,,,,,,,,,,,,
Czech Technical University In Prague,Czech Republic,CZ,Europe,L,SP,VH,5,Public,416,420,=454,378=,36.5,25.2,26.8,468,51.3,243,89.4,107,6.2,801+,28.7,598,56.0,374,60.2,341,69.4,542,23.1,670,53.6,630=,21.5,403,37.6,259,75.8,161,4.1,701+,25.6,526,39.2,349,15.3,592,13.8,618,1.6,701+
Czech University of Life Sciences in Prague,Czech Republic,CZ,Europe,L,FO,VH,5,Public,761-770,711-720,701-710,801-1000,-,-,11.6,701+,8.7,701+,13.7,801+,22.3,680,36.0,530,82.5,208,84.1,175,85.4,249,5.0,801+,72.5,281=,11.0,601+,8.8,601+,9.2,701+,9.5,701+,26.6,514,64.5,233,54.7,288,9.4,701+,35.8,393=
D. Serikbayev East Kazakhstan state technical university,Kazakhstan,KZ,,M,CO,MD,4,A,,,901-950,,,-,,,,,,,,,,,,,,,,,,,,,11.6,601+,6.3,601+,59.9,237,1.2,701+,17.3,623,2.7,701+,1.0,701+,12.6,686,1.6,701+
D. Serikbayev East Kazakhstan Technical University,Kazakhstan,,Asia,M,FO,HI,,Public,1001-1200,951-1000,,,-,,14.6,701+,18.2,701+,75.9,190,1.4,801+,23.7,665,5.5,801+,9.5,801+,5.2,801+,4.4,801+,31.0,801+,,,,,,,,,,,,,,,,,,
Daegu Gyeongbuk Institute of Science and Technology (DGIST),Republic of Korea,,Asia,S,FO,VH,,Public,370,326,,,40.4,,17.0,701+,28.1,494,82.3,156,100.0,4,5.1,801+,7.3,801+,10.8,801+,15.8,801+,2.5,801+,42.8,801+,,,,,,,,,,,,,,,,,,
Daegu Gyeongbuk Institute of Science and Technology (DGIST),South Korea,KR,,S,FO,VH,2,A,,,307,,,34.0,,,,,,,,,,,,,,,,,,,,,10.4,601+,7.5,601+,89.0,90,100.0,7,5.3,701+,3.7,701+,1.0,701+,4.7,701+,,
Daffodil International University,Bangladesh,BD,Asia,L,FO,VH,2,Private not for Profit,1001-1200,1201-1400,1201-1400,,-,-,15.6,701+,23.0,578,5.7,801+,6.9,801+,7.7,801+,5.0,801+,8.6,801+,45.1,801+,8.3,801+,51.7,667=,8.0,601+,16.5,520,3.9,701+,2.4,701+,4.8,701+,2.0,701+,1.0,701+,10.1,701+,2,701+
Dalhousie University,Canada,CA,Americas,L,FC,VH,5,Public,283,275,298,308=,47.2,34.9,27.1,465,23.9,563,15.8,801+,76.2,171,100.0,88,79.4,225,81.3,195,79.9,353,39.8,439,85.3,107=,19.2,465,18.0,488,16.0,701+,41.8,323,99.0,97,74.7,187,37.2,399,21.6,385,94.4,61=
Dalian University of Technology,China (Mainland),CN,Asia,XL,CO,VH,4,Public,482,448,=491,561-570,33,23.5,11.4,701+,11.0,701+,23.4,766,95.7,65,15.4,800,5.3,801+,4.2,801+,59.8,697,21.8,697,46.8,798,9.1,601+,3.2,601+,16.8,701+,79.8,110,12.2,701+,3.2,701+,16.3,582,13.7,627,8.7,691=
Damascus University,Syrian Arab Republic,SY,Asia,XL,FC,MD,5,Public,1201-1400,1201-1400,1201-1400,1401+,-,-,8.0,701+,6.4,701+,1.7,801+,1.5,801+,5.4,801+,11.2,801+,14.6,801+,23.2,801+,95.8,69,32.0,801+,5.1,601+,4.2,601+,1.1,701+,1.2,701+,1.6,701+,3.9,701+,1.0,701+,64,90,1.1,701+
Dankook University,Republic of Korea,,Asia,L,FC,HI,,Private not for Profit,1001-1200,1001-1200,,,-,,10.0,701+,8.3,701+,72.0,213,4.8,801+,5.5,801+,12.6,801+,16.2,801+,17.1,801+,3.6,801+,47.6,770=,,,,,,,,,,,,,,,,,,
Dankook University ,South Korea,KR,,L,FC,HI,4,B,,,1001-1200,751-800,,-,,,,,,,,,,,,,,,,,,,,,4.8,601+,3.5,601+,68.9,188,2.8,701+,4.5,701+,5.8,701+,1.0,701+,6.8,701+,1,701+
Dartmouth College,United States,US,Americas,M,FC,VH,5,Private not for Profit,247,243,=237,205=,50.6,40.9,30.7,398,54.3,225,79.9,167,56.9,307,13.5,801+,58.5,351,62.5,318,46.2,801+,87.7,122,82.2,146=,21.1,415,24.2,398,57.9,248,78.6,121,5.3,701+,33.9,388,6.6,701+,72.1,65,66.8,217=
De La Salle University,Philippines,PH,Asia,L,CO,HI,4,Private not for Profit,654,641-650,681-690,801-1000,26.6,-,32.7,374,58.6,197,9.6,801+,6.8,801+,2.8,801+,3.5,801+,7.8,801+,27.3,801+,60.7,266,44.1,801+,21.0,419,45.1,191,10.5,701+,4.2,701+,2.0,701+,2.7,701+,1.3,701+,35.6,210,5.6,701+
De Montfort University,United Kingdom,UK,Europe,L,FO,VH,5,Public,801-850,711-720,801-850,801-1000,-,-,6.4,701+,9.5,701+,6.8,801+,16.7,770,81.4,284,96.4,107,96.6,92,57.1,734,10.5,801+,64.5,409=,5.5,601+,4.8,601+,5.8,701+,7.6,701+,75.3,250,97.5,67,8.8,701+,10.5,701+,4.9,701+
Deakin University,Australia,AU,Oceania,XL,FC,VH,3,Public,207,197,=233,266,54.9,41.3,42.3,281,32.6,440,5.9,801+,86.2,116,97.2,148,83.3,202,84.8,172,86.8,222,43.6,406,86.7,91=,29.6,291,25.8,373,4.8,701+,67.4,160,96.7,130,59.9,249,51.4,303,26.2,312,54.3,283=
Delft University of Technology,Netherlands,NL,Europe,L,CO,VH,5,Public,47,49,=47,61=,84.3,76.2,86.2,76,90.4,71,49.1,392,84.6,126,100.0,68,94.8,128,95.1,109,93.8,102,66.0,235,96.3,15=,73.0,84,79.0,73,36.9,428,84.9,95,100.0,66,89.3,121,91.4,72,42.1,170,98.4,18=
Delta University for Science & Technology,Egypt,,Africa,L,FO,HI,,Private not for Profit,1201-1400,,,,-,,26.2,483,8.8,701+,5.7,801+,5.1,801+,8.5,801+,2.4,801+,6.6,801+,14.0,801+,3.2,801+,33.1,801+,,,,,,,,,,,,,,,,,,
Dhofar University,Oman,,Asia,S,FO,VH,,Private not for Profit,851-900,,,,-,,10.0,701+,9.5,701+,12.1,801+,19.6,719,100.0,21,11.1,801+,13.8,801+,35.1,801+,70.3,208,18.7,801+,,,,,,,,,,,,,,,,,,
Diponegoro University,Indonesia,ID,Asia,XL,FC,HI,4,Public,624,721-730,791-800,801-1000,27.5,-,30.0,405,53.2,229,30.5,622,2.3,801+,46.4,461,7.1,801+,12.0,801+,35.5,801+,24.2,655,51.0,680=,17.2,517,33.9,289,15.7,701+,1.4,701+,22.8,566,2.8,701+,1.0,701+,15,558,13.1,634
Dokuz Eylül Üniversitesi,Turkey,TR,Asia,XL,FC,HI,3,Public,1201-1400,1201-1400,1201-1400,1201-1400,-,-,9.5,701+,13.8,701+,5.9,801+,3.5,801+,2.7,801+,19.4,738,25.6,677,51.6,801+,9.2,801+,56.8,560=,5.7,601+,5.9,601+,2.9,701+,2.4,701+,3.2,701+,6.2,701+,2.1,701+,7.5,701+,16.7,584=
 Don State Technical University,Russia,RU,,L,CO,HI,4,A,,,1201-1400,1201-1400,,-,,,,,,,,,,,,,,,,,,,,,4.2,601+,3.1,601+,13.3,701+,1.4,701+,1.6,701+,14.8,624,1.0,701+,7.2,701+,1.3,701+
Dongguk University,Republic of Korea,,Asia,L,FC,HI,,Private not for Profit,618,701-710,,,27.7,,12.8,701+,18.0,701+,76.3,189,29.9,589,22.9,676,52.3,395,56.8,360,36.2,801+,6.7,801+,56.5,571=,,,,,,,,,,,,,,,,,,
Dongguk University ,South Korea,KR,,L,FC,HI,4,B,,,671-680,481=,,-,,,,,,,,,,,,,,,,,,,,,10.4,601+,11.5,601+,88.5,90,8.5,701+,8.5,701+,23.4,495,2.8,701+,4.9,701+,1.6,701+
Donghua University,China (Mainland),CN,Asia,L,CO,VH,3,Public,801-850,851-900,901-950,801-1000,-,-,4.5,701+,4.4,701+,32.4,596,70.6,213,2.0,801+,4.2,801+,3.4,801+,32.1,801+,5.1,801+,28.5,801+,4.0,601+,1.5,601+,26.9,562,37.9,370,2.3,701+,3.4,701+,1.9,701+,6.2,701+,1.3,701+
Doshisha University,Japan,JP,Asia,L,CO,HI,5,Private not for Profit,1201-1400,1201-1400,1001-1200,1001-1200,-,-,11.1,701+,16.2,701+,7.0,801+,2.5,801+,22.1,685,6.3,801+,11.6,801+,18.7,801+,26.3,620,22.1,801+,9.0,601+,13.7,592,5.3,701+,2.1,701+,18.6,606,4.0,701+,1.1,701+,15.9,527,1,701+
Drexel University,United States,US,Americas,L,FC,VH,5,Private not for Profit,711-720,721-730,601-610,651-700,-,-,8.9,701+,11.2,701+,30.2,630,36.9,503,31.3,572,37.4,521,43.0,483,68.8,552,35.3,487,48.7,737=,8.4,601+,6.1,601+,21.1,644,35.1,388,32.8,468,22.3,511,28.4,467,26,316,34.6,403=
Dublin City University,Ireland,IE,Europe,L,FC,HI,3,Public,410,421,=436,471=,36.7,26.0,29.2,423,37.5,376,27.8,683,22.0,685,80.8,292,43.2,466,48.4,429,78.0,381,40.2,436,79.7,175=,19.7,452,27.0,360,25.6,575,12.4,690,76.0,248,19.3,557,19.3,548,24.8,334,81.7,137=
Duke University,United States,US,Americas,L,FC,VH,5,Private not for Profit,62,61,57,50=,79,72.0,92.9,54,91.0,68,100.0,7,47.1,402,28.3,602,62.0,326,46.2,450,90.8,163,95.6,73,77.6,205,85.7,53,69.3,106,100.0,7,40.2,344,16.8,634,52.2,278,90.0,82,89.3,37,95,53=
Durham University,United Kingdom,UK,Europe,L,FC,VH,5,Public,94,89,78,92,70.1,65.1,74.1,117,91.9,64,37.3,539,42.9,441,99.2,123,94.5,134,94.9,111,90.9,161,53.6,316,95.2,22,59.5,124,89.3,50,27.8,548,53.3,241,97.5,125,86.9,135,86.2,108,29.2,274,97.6,30=
Duy Tan University,Viet Nam,,Asia,L,CO,VH,,Private for Profit,482,495,,,33,,13.7,701+,27.7,500,6.3,801+,76.0,172,43.4,475,2.1,801+,6.3,801+,87.7,206,6.4,801+,58.7,528=,,,,,,,,,,,,,,,,,,
Duy Tan University,Vietnam,VN,,L,CO,VH,3,C,,,=514,801-1000,,22.7,,,,,,,,,,,,,,,,,,,,,10.7,601+,26.3,367,3.8,701+,33.6,408,37.0,436,1.2,701+,63.7,222,10.9,701+,57.4,263=
East China Normal University,China (Mainland),CN,Asia,XL,CO,VH,4,Public,433,501,=511,541-550,35.6,22.8,19.9,619,16.4,701+,20.2,801+,82.1,145,46.7,457,15.7,801+,11.9,801+,69.2,544,14.5,801+,47.7,765=,15.2,571,3.7,601+,19.1,693,53.1,243,23.3,562,19.6,553,31.0,453,11.7,701+,19.7,548
East China University of Science and Technology,China (Mainland),CN,Asia,XL,CO,VH,4,Public,673,641-650,681-690,601-650,26.2,-,9.1,701+,10.3,701+,15.4,801+,82.5,140,3.3,801+,2.5,801+,2.1,801+,43.5,801+,12.5,801+,40.2,801+,7.5,601+,2.6,601+,13.0,701+,61.4,200,2.7,701+,1.8,701+,2.8,701+,11.7,701+,3.6,701+
East West University,Bangladesh,BD,Asia,L,FO,HI,3,Private not for Profit,1401+,1401+,1201-1400,,-,-,8.8,701+,17.7,701+,3.7,801+,4.5,801+,1.4,801+,1.0,801+,5.5,801+,9.2,801+,8.3,801+,32.5,801+,5.8,601+,14.6,559,3.1,701+,2.5,701+,1.3,701+,1.0,701+,1.0,701+,10.5,701+,1,701+
Eastern Mediterranean University,Northern Cyprus,,Asia,L,FC,HI,,Public,691,611-620,,,25.4,,9.2,701+,4.5,701+,5.6,801+,31.3,571,77.1,311,100.0,19,100.0,13,51.3,801+,53.6,315,45.4,801+,,,,,,,,,,,,,,,,,,
Eberhard Karls Universität Tübingen,Germany,DE,Europe,L,FC,VH,5,Public,215,222,213,169,54.5,44.1,61.0,169,36.1,397,85.7,126,32.2,560,88.2,235,40.5,486,30.3,611,93.6,112,36.5,473,64.5,409=,45.8,180,29.9,325,92.9,71,19.7,560,67.6,289,26.7,454,89.9,84,21.1,393,42.3,351=
Ecole des Ponts ParisTech,France,FR,,S,FO,VH,5,A,,,=192,174=,,46.7,,,,,,,,,,,,,,,,,,,,,8.3,601+,57.9,142,98.2,45,80.7,109,34.6,458,96.8,75,5.6,701+,30,261,19.2,549=
Ecole Normale Supérieure de Lyon,France,,Europe,S,CO,VH,,Public,205,187,,,55.1,,41.7,286,25.7,528,98.8,46,89.2,106,61.5,380,23.9,677,26.7,662,73.1,485,17.9,760,50.2,699=,,,,,,,,,,,,,,,,,,
Edinburgh Napier University,United Kingdom,UK,Europe,L,CO,HI,3,Public,851-900,801-850,801-850,801-1000,-,-,7.9,701+,5.5,701+,6.1,801+,21.9,686,89.5,227,84.7,196,86.1,167,59.4,702,8.6,801+,40.1,801+,4.9,601+,4.2,601+,4.1,701+,10.4,701+,73.8,259,87.9,130,5.9,701+,10.8,701+,2.9,701+
Edith Cowan University,Australia,AU,Oceania,L,CO,VH,3,Public,487,516,529,601-650,32.8,22.2,13.7,701+,13.1,701+,6.0,801+,60.4,285,96.4,160,82.4,210,84.0,176,63.8,637,7.4,801+,51.0,680=,8.7,601+,8.1,601+,6.2,701+,41.0,335,77.5,240,72.6,197,18.7,554,12,701+,11.7,647=
Effat University,Saudi Arabia,,Asia,S,FO,VH,,Private not for Profit,851-900,721-730,,,-,,4.9,701+,5.4,701+,25.3,728,22.7,674,100.0,20,98.9,73,91.3,138,18.8,801+,3.4,801+,26.1,801+,,,,,,,,,,,,,,,,,,
EGE UNIVERSITY,Turkey,TR,,XL,FC,HI,3,A,,,1001-1200,1201-1400,,-,,,,,,,,,,,,,,,,,,,,,8.6,601+,10.3,601+,13.8,701+,3.0,701+,1.3,701+,3.3,701+,10.6,661,8.5,701+,17.2,574=
Ege Üniversitesi,Turkey,,Asia,XL,FC,HI,,Public,1001-1200,1001-1200,,,-,,14.5,701+,24.4,549,21.0,801+,5.1,801+,1.4,801+,9.2,801+,14.9,801+,71.3,511,6.6,801+,33.0,801+,,,,,,,,,,,,,,,,,,
Eindhoven University of Technology,Netherlands,NL,Europe,M,FO,VH,4,Public,140,136,=124,138,63.2,55.0,40.5,296,77.3,115,43.6,455,81.9,146,100.0,87,95.7,119,95.9,101,74.3,459,33.1,512,74.1,255=,29.3,295,76.2,78,40.4,390,89.7,75,100.0,30,70.8,205,40.1,377,19.7,426,18,567=
Emory University,United States,US,Americas,L,FC,VH,5,Private not for Profit,182,196,=199,155=,57.7,45.9,34.5,353,37.7,369,92.8,88,85.7,120,70.0,335,49.6,411,54.3,378,85.0,255,42.4,413,63.5,432,25.6,342,16.4,522,97.7,50,69.7,149,37.3,431,31.1,409,57.0,268,23.6,357,85.7,115
Eotvos Lorand University,Hungary,,Europe,XL,CO,VH,,Public,584,564,,,28.7,,31.6,390,29.7,479,16.6,801+,9.3,801+,5.7,801+,26.1,644,32.2,588,79.8,354,69.2,220,68.1,349=,,,,,,,,,,,,,,,,,,
EPFL,Switzerland,CH,,M,FO,VH,5,A,,,36,16=,,80.4,,,,,,,,,,,,,,,,,,,,,84.6,57,59.9,133,92.4,73,98.0,34,100.0,25,100.0,12,65.6,213,19.4,431,42.3,351=
Erasmus University Rotterdam,Netherlands,NL,Europe,L,FO,VH,5,Public,140,158,=176,208=,63.2,48.5,49.4,230,74.8,129,20.7,801+,75.7,174,81.8,280,81.6,216,60.8,333,81.8,318,94.0,81,62.2,454=,37.3,232,50.9,165,22.5,624,53.4,240,83.0,221,60.1,247,71.6,190,63.7,91,49.4,312=
Erciyes Üniversitesi,Turkey,TR,Asia,XL,FC,HI,3,Public,1201-1400,1201-1400,1201-1400,1401+,-,-,6.8,701+,4.5,701+,3.7,801+,11.5,801+,9.9,801+,14.7,801+,20.8,751,53.1,794,2.1,801+,52.3,656=,3.9,601+,3.1,601+,1.9,701+,4.9,701+,3.5,701+,6.5,701+,3.0,701+,7.5,701+,10.3,665=
Escuela Politécnica Nacional,Ecuador,EC,Americas,M,FO,VH,5,Public,1401+,1201-1400,1001-1200,1001-1200,-,-,10.2,701+,10.8,701+,18.8,801+,5.7,801+,6.3,801+,3.0,801+,7.1,801+,16.9,801+,6.6,801+,25.2,801+,6.3,601+,17.6,498,16.6,701+,3.3,701+,6.7,701+,1.9,701+,1.1,701+,10.6,701+,1.1,701+
Escuela Superior Politécnica del Litoral - ESPOL,Ecuador,EC,Americas,M,CO,VH,4,Public,951-1000,1001-1200,1001-1200,1001-1200,-,-,22.7,552,21.5,612,32.6,593,5.0,801+,20.1,712,2.4,801+,6.7,801+,27.4,801+,12.3,801+,49.3,725=,12.9,601+,9.1,601+,19.2,690,2.7,701+,13.0,701+,1.7,701+,1.4,701+,11.9,701+,23,514=
"Essex, University of",United Kingdom,UK,,L,CO,VH,4,A,,,459,465=,,25.1,,,,,,,,,,,,,,,,,,,,,16.4,535,5.1,601+,13.0,701+,25.6,475,99.8,82,99.0,53,40.1,380,13.4,638,9.6,678=
ETH Zurich (Swiss Federal Institute of Technology),Switzerland,CH,Europe,L,FO,VH,5,Public,7,7,7,9,96.7,93.3,99.7,18,96.3,42,71.7,214,98.8,40,100.0,28,99.3,58,73.9,241,95.8,64,95.0,76,99.6,2,98.8,19,83.6,62,72.1,177,98.9,21,100.0,22,98.5,56,96.0,42,79.1,52,88.4,103=
European University of Lefke (EUL),Northern Cyprus,,Asia,M,FO,HI,,Public,851-900,,,,-,,6.7,701+,14.4,701+,10.0,801+,11.5,801+,100.0,66,100.0,2,100.0,26,13.7,801+,55.0,303,18.7,801+,,,,,,,,,,,,,,,,,,
Ewha Womans University,Republic of Korea,,Asia,L,FC,HI,,Private not for Profit,504,511,,,32,,33.5,363,26.6,515,75.1,195,13.6,801+,9.6,801+,37.5,519,43.1,481,32.9,801+,28.4,586,67.1,361,,,,,,,,,,,,,,,,,,
Ewha Womans University,South Korea,KR,,L,FC,HI,4,B,,,=498,346,,23.2,,,,,,,,,,,,,,,,,,,,,26.7,325,23.0,413,77.4,150,7.7,701+,7.8,701+,19.8,551,1.6,701+,15.3,552,6.9,701+
Eötvös Loránd University,Hungary,HU,,L,CO,VH,5,A,,,701-710,701-750,,-,,,,,,,,,,,,,,,,,,,,,23.9,359,16.8,515,13.2,701+,7.8,701+,5.0,701+,11.3,685,31.1,452,30.8,248,10.2,667=
Far Eastern Federal University,Russia,RU,Europe,L,CO,HI,5,Public,731-740,631-640,641-650,434=,-,-,13.9,701+,9.5,701+,98.7,47,2.6,801+,16.7,769,79.3,226,80.5,204,48.0,801+,7.1,801+,37.5,801+,10.6,601+,3.5,601+,94.9,62,1.8,701+,14.1,685,66.1,227,5.1,701+,8.2,701+,1.2,701+
Feng Chia University,Taiwan,TW,Asia,L,FO,VH,3,Private for Profit,1201-1400,1201-1400,1201-1400,1201-1400,-,-,12.3,701+,11.8,701+,6.4,801+,11.7,801+,5.6,801+,6.8,801+,11.0,801+,10.1,801+,21.0,707,53.9,624=,10.0,601+,7.5,601+,4.5,701+,6.0,701+,3.9,701+,5.8,701+,1.0,701+,14.4,584,1.1,701+
Ferdowsi University of Mashhad,Iran (Islamic Republic of),,Asia,L,CO,VH,,Public,951-1000,951-1000,,,-,,11.1,701+,10.9,701+,5.7,801+,35.1,524,,,9.5,801+,12.4,801+,74.5,453,12.9,801+,33.3,801+,,,,,,,,,,,,,,,,,,
Ferdowsi University of Mashhad,"Iran, Islamic Republic of",IR,,L,CO,VH,4,A,,,1001-1200,,,-,,,,,,,,,,,,,,,,,,,,,5.8,601+,10.3,601+,3.5,701+,25.8,472,1.3,701+,7.9,701+,18.1,559,5.4,701+,,
Financial University under the Government of the Russian Federation,Russia,RU,Europe,L,FO,VH,5,Public,1001-1200,951-1000,1001-1200,1001-1200,-,-,4.9,701+,17.4,701+,44.1,450,2.7,801+,6.7,801+,39.2,500,44.7,467,37.6,801+,57.5,291,43.8,801+,5.5,601+,7.8,601+,37.1,426,1.6,701+,4.1,701+,13.1,660,1.9,701+,33.4,230,5.2,701+
Flinders University,Australia,AU,Oceania,L,FC,VH,4,Public,387,336,380,425=,39,29.2,19.6,629,9.7,701+,11.3,801+,64.3,252,97.9,144,97.3,99,97.4,87,77.3,400,15.5,801+,81.6,154=,13.3,601+,6.7,601+,6.5,701+,42.6,313,97.0,127,89.5,119,38.9,385,10.5,701+,64.8,226=
Florida Atlantic University - Boca Raton,United States,US,Americas,L,FC,HI,4,Public,1001-1200,1201-1400,1201-1400,1201-1400,-,-,6.6,701+,15.2,701+,6.2,801+,18.2,746,8.4,801+,13.1,801+,9.9,801+,65.3,618,13.0,801+,48.4,746=,4.9,601+,3.8,601+,5.6,701+,10.1,701+,10.2,701+,3.6,701+,7.2,701+,9.5,701+,3.4,701+
Florida International University,United States,US,Americas,XL,FC,HI,4,Public,582,574,=556,751-800,28.8,21.1,22.7,551,38.3,363,18.3,801+,17.5,759,27.7,617,22.6,692,28.7,630,84.7,260,28.0,595,79.0,187,14.9,586,35.4,274,12.0,701+,12.8,682,21.1,581,12.1,676,68.1,207,14.2,594,39,367=
Florida State University,United States,US,Americas,XL,FC,VH,5,Public,549,573,=461,511-520,30.1,24.9,32.7,375,24.0,562,11.4,801+,34.1,536,16.4,772,9.0,801+,14.7,801+,74.5,454,34.8,493,62.5,449,25.1,349,25.7,374,6.8,701+,30.7,430,15.6,659,3.9,701+,40.1,379,20.5,407,54.3,283=
Fordham University,United States,US,Americas,L,CO,HI,5,Private not for Profit,1001-1200,1001-1200,1001-1200,1001-1200,-,-,9.1,701+,16.8,701+,19.3,801+,9.6,801+,10.5,801+,23.3,685,17.5,801+,23.3,801+,47.6,369,32.1,801+,6.4,601+,7.3,601+,15.4,701+,5.9,701+,7.8,701+,14.6,629,1.5,701+,24.7,338,1.3,701+
Free University of Bozen-Bolzano,Italy,IT,,S,FO,VH,3,A,,,641-650,701-750,,-,,,,,,,,,,,,,,,,,,,,,5.0,601+,1.5,601+,11.0,701+,47.6,285,74.8,256,26.3,460,11.1,651,8,701+,1.9,701+
Freie Universitaet Berlin,Germany,DE,,L,FC,VH,4,A,,,98,118=,,60.8,,,,,,,,,,,,,,,,,,,,,80.8,70,51.0,163,4.4,701+,71.4,141,62.8,308,43.6,332,84.9,118,21.9,378,60.1,251
Freie Universität Berlin,Germany,,Europe,L,FC,VH,,Public,88,97,,,71.1,,88.3,71,66.4,160,8.3,801+,84.3,128,73.8,322,56.0,373,60.2,340,94.4,92,46.9,374,65.4,391,,,,,,,,,,,,,,,,,,
Friedrich-Alexander-Universität Erlangen-Nürnberg,Germany,DE,,L,FC,VH,5,A,,,229,340=,,41.7,,,,,,,,,,,,,,,,,,,,,25.2,347,20.9,446,2.8,701+,95.8,48,26.8,511,39.9,342,75.1,172,15.5,541,69.9,207=
Fu Jen Catholic University,Taiwan,TW,Asia,L,FC,HI,4,Private not for Profit,1201-1400,1201-1400,1201-1400,1201-1400,-,-,10.6,701+,10.8,701+,4.5,801+,14.9,801+,13.2,801+,8.1,801+,12.5,801+,9.3,801+,35.8,479,44.5,801+,7.3,601+,7.5,601+,4.3,701+,6.8,701+,7.9,701+,7.4,701+,1.0,701+,21.8,381,1.5,701+
Fudan University,China (Mainland),CN,Asia,XL,FC,VH,4,Public,30,39,50,34=,88.4,74.4,93.7,50,95.1,49,84.8,137,92.8,89,88.5,234,46.4,433,51.4,402,75.5,431,73.3,193,83.1,134,84.7,55,89.8,49,84.5,108,72.4,136,88.3,193,33.0,393,22.7,522,49.6,134,43.8,341
Fundación CEU San Pablo,Spain,ES,,L,CO,HI,5,,,,1001-1200,1001-1200,,-,,,,,,,,,,,,,,,,,,,,,4.5,601+,7.3,601+,16.6,701+,2.2,701+,4.0,701+,50.6,287,1.0,701+,5.1,701+,,
Fundación Universidad De Bogotá-Jorge Tadeo Lozano,Colombia,CO,,M,FO,HI,4,C,,,1201-1400,1201-1400,,-,,,,,,,,,,,,,,,,,,,,,6.0,601+,4.5,601+,9.2,701+,1.7,701+,2.3,701+,1.1,701+,1.0,701+,7.8,701+,1,701+
Future University in Egypt,Egypt,EG,Africa,M,FO,VH,2,Private not for Profit,901-950,901-950,1001-1200,1001-1200,-,-,7.1,701+,40.5,334,47.2,416,5.3,801+,18.2,738,33.0,558,34.5,558,50.4,801+,3.3,801+,35.7,801+,4.5,601+,27.8,349,31.4,503,1.8,701+,6.9,701+,14.7,627,1.0,701+,8.8,701+,1.6,701+
Gadjah Mada University,Indonesia,ID,,XL,FC,HI,4,A,,,263,231,,38.0,,,,,,,,,,,,,,,,,,,,,51.7,152,66.5,118,54.4,282,1.7,701+,38.5,419,1.6,701+,2.1,701+,42.6,169,47.2,323=
Galgotias University,India,,Asia,L,CO,HI,,Private not for Profit,1201-1400,,,,-,,16.6,701+,4.6,701+,36.2,553,3.2,801+,21.1,696,15.0,801+,18.1,793,16.9,801+,3.3,801+,,,,,,,,,,,,,,,,,,,,
Gazi Üniversitesi,Turkey,TR,Asia,XL,FC,HI,4,Public,901-950,901-950,1001-1200,1001-1200,-,-,23.7,533,24.4,551,9.8,801+,7.6,801+,1.2,801+,7.5,801+,13.1,801+,61.2,676,28.9,576,55.6,589=,16.4,534,11.3,601+,5.5,701+,4.0,701+,1.1,701+,2.8,701+,14.4,604,14.5,580,14.5,617=
Gdansk University of Technology,Poland,,Europe,L,FO,VH,,Public,801-850,801-850,,,-,,12.0,701+,24.1,560,31.8,603,25.5,630,6.9,801+,7.8,801+,12.7,801+,70.0,531,4.0,801+,64.0,422=,,,,,,,,,,,,,,,,,,
Gdańsk University of Technology,Poland,PL,,M,FO,VH,5,A,,,851-900,801-1000,,-,,,,,,,,,,,,,,,,,,,,,9.2,601+,14.4,566,36.3,437,11.8,701+,3.3,701+,7.1,701+,11.8,638,8.6,701+,14.9,614=
Gebze Technical University,Turkey,,Asia,M,CO,VH,,Public,1001-1200,1001-1200,,,-,,7.0,701+,9.5,701+,9.1,801+,40.3,463,19.7,718,10.6,801+,15.3,801+,41.4,801+,2.5,801+,42.2,801+,,,,,,,,,,,,,,,,,,
Gebze Yüksek Teknoloji Enstitüsü (GYTE),Turkey,TR,,M,CO,VH,3,A,,,1201-1400,1201-1400,,-,,,,,,,,,,,,,,,,,,,,,3.9,601+,2.7,601+,10.1,701+,13.2,675,3.0,701+,2.7,701+,1.6,701+,9.1,701+,1.1,701+
Georg-August-Universität Göttingen,Germany,,Europe,L,FC,VH,,Public,243,252,,,51.1,,57.3,190,35.6,405,87.0,122,25.8,626,59.2,395,37.9,517,43.4,479,95.2,80,51.2,334,61.0,480=,,,,,,,,,,,,,,,,,,
George Mason University,United States,US,Americas,L,CO,VH,4,Public,951-1000,1001-1200,951-1000,1001-1200,-,-,12.0,701+,11.6,701+,17.1,801+,18.0,753,15.6,790,17.1,778,12.9,801+,67.6,575,17.4,776,56.1,578,9.0,601+,6.0,601+,12.6,701+,11.4,701+,12.4,701+,10.6,701+,17.2,571,14.5,581,28.6,462
George Washington University,United States,US,Americas,L,FC,VH,5,Private not for Profit,358,371,=340,362,41.1,32.1,31.7,389,45.8,297,30.3,628,43.4,436,13.0,801+,39.2,498,44.7,466,78.7,373,85.8,133,60.0,502=,26.9,323,24.5,393,28.3,541,29.3,439,31.6,478,27.6,444,61.0,239,49.5,135,62.8,235=
Georgetown University,United States,US,Americas,L,FC,VH,5,Private not for Profit,285,301,297,281=,47,35.3,38.2,312,60.6,190,74.2,203,21.7,689,22.8,677,51.1,401,55.8,366,67.4,581,96.0,67,69.1,329=,30.3,288,34.4,285,59.0,242,18.6,574,17.0,629,39.8,344,14.4,606,87.8,43,66.8,217=
Georgia Institute of Technology,United States,US,Americas,XL,CO,VH,5,Public,123,114,97,88,65.5,60.9,76.0,107,92.8,61,32.4,595,54.2,340,21.5,692,60.4,339,64.2,308,79.0,368,67.5,228,66.1,376=,67.4,100,85.1,59,15.3,701+,67.1,163,38.8,417,65.4,230,33.2,432,41.7,175,70.4,201=
Georgia State University,United States,US,Americas,L,FO,VH,4,Public,781-790,851-900,851-900,801-1000,-,-,14.8,701+,29.1,486,6.0,801+,33.2,547,6.6,801+,18.9,747,14.3,801+,64.6,627,29.0,572,47.3,780=,11.7,601+,13.6,594,4.9,701+,20.3,556,10.5,701+,7.4,701+,17.0,573,16.1,519,11.8,644=
Georgian Technical University,Georgia,GE,Asia,L,FO,HI,5,Public,1001-1200,901-950,1401+,,-,-,7.1,701+,7.1,701+,1.0,801+,54.4,336,,,,,,,7.8,801+,29.3,562,3.0,801+,6.3,601+,4.2,601+,,,,,,,,,1.0,701+,,,,
German Jordanian University,Jordan,JO,Asia,S,FO,VH,2,Public,801-850,901-950,1001-1200,801-1000,-,-,14.6,701+,28.7,490,34.6,569,12.7,801+,85.3,256,23.9,676,26.0,668,18.3,801+,11.3,801+,22.1,801+,7.1,601+,13.4,601+,18.8,701+,4.8,701+,44.1,382,14.4,632,1.1,701+,10.6,701+,1,701+
German university in Cairo,Egypt,EG,Africa,L,CO,HI,2,Private not for Profit,1201-1400,1201-1400,1201-1400,1201-1400,-,-,11.6,701+,21.3,617,9.8,801+,3.3,801+,17.8,750,1.4,801+,1.3,801+,20.4,801+,5.7,801+,9.5,801+,7.9,601+,11.4,601+,7.3,701+,2.1,701+,14.2,680,1.2,701+,1.0,701+,6,701+,1,701+
German University of Technology in Oman  (GUTECH),Oman,,Asia,S,FO,HI,,Private for Profit,1001-1200,,,,-,,9.1,701+,14.3,701+,5.7,801+,8.5,801+,100.0,36,5.9,801+,9.8,801+,14.4,801+,73.2,195,,,,,,,,,,,,,,,,,,,,
Ghent University,Belgium,BE,Europe,XL,FC,VH,5,Public,162,169,=159,143=,60.8,50.2,68.2,141,39.1,350,84.5,140,32.4,557,83.4,267,33.8,549,39.5,504,99.2,11,84.9,136,94.0,30=,53.4,146,25.2,379,78.9,141,25.1,486,79.6,231,21.2,528,99.8,8,52,124,91.3,84=
Gifu University,Japan,JP,Asia,M,FO,VH,4,Public,1001-1200,1001-1200,951-1000,601-650,-,-,6.4,701+,4.5,701+,58.9,308,14.3,801+,7.1,801+,6.2,801+,10.2,801+,23.4,801+,1.8,801+,44.1,801+,6.3,601+,2.5,601+,67.4,196,7.3,701+,5.3,701+,3.7,701+,1.1,701+,7.9,701+,1.1,701+
Glasgow Caledonian University,United Kingdom,UK,Europe,L,FO,VH,3,Public,1001-1200,1001-1200,1001-1200,1001-1200,-,-,7.2,701+,9.5,701+,6.3,801+,11.2,801+,45.5,465,77.3,242,79.4,212,40.3,801+,8.5,801+,56.7,562=,5.5,601+,4.9,601+,4.4,701+,6.5,701+,31.4,479,37.5,366,2.4,701+,11.2,701+,14,624
Goethe-University Frankfurt am Main,Germany,DE,,XL,FC,VH,5,A,,,=302,328=,,34.5,,,,,,,,,,,,,,,,,,,,,44.4,189,29.1,335,21.4,638,21.3,539,41.3,402,25.6,468,82.1,134,11.5,701+,46.6,327=
Goethe Universität Frankfurt am Main,Germany,,Europe,L,FC,VH,,Public,316,309,,,44,,52.1,214,38.6,362,27.0,697,31.7,567,54.9,411,30.0,590,36.0,535,87.7,205,28.7,583,82.9,135=,,,,,,,,,,,,,,,,,,
"Goldsmiths, University of London",United Kingdom,UK,Europe,M,FO,VH,5,Public,711-720,681-690,=593,511-520,-,20.0,18.3,668,7.5,701+,20.8,801+,17.0,765,89.1,230,97.8,93,97.9,82,22.7,801+,25.2,637,43.0,801+,14.9,587,6.0,601+,14.7,701+,13.6,663,97.8,117,92.8,101,1.2,701+,17.2,490,1.8,701+
"Government College University, Faisalabad",Pakistan,,Asia,L,CO,VH,,Public,761-770,,,,-,,4.2,701+,7.1,701+,7.6,801+,72.2,197,1.3,801+,1.1,801+,5.5,801+,77.6,392,33.5,503,32.2,801+,,,,,,,,,,,,,,,,,,
Graz University of Technology,Austria,AT,Europe,M,FO,VH,5,Public,427,413,=421,284=,36,26.7,21.9,568,22.1,601,99.2,43,18.8,735,86.6,248,71.3,267,53.1,388,52.3,801+,15.2,801+,42.6,801+,14.5,595,11.0,601+,99.5,31,13.6,664,75.0,255,58.8,258,10.4,664,13.6,629,4.2,701+
Griffith University,Australia,AU,Oceania,L,FC,VH,4,Public,268,255,243,300=,48.7,40.1,37.7,318,16.6,701+,13.3,801+,75.1,178,100.0,91,70.7,271,73.5,243,93.4,119,26.6,615,91.7,49=,26.5,332,16.2,526,7.5,701+,65.8,166,100.0,70,31.7,403,72.7,185,15.5,539,93.3,69
Gulf University for Science and Technology,Kuwait,KW,,S,FO,HI,2,C,,,851-900,801-1000,,-,,,,,,,,,,,,,,,,,,,,,10.7,601+,7.3,601+,9.3,701+,4.3,701+,100.0,15,23.3,497,1.0,701+,14,610,1.9,701+
Gulf University for Science and Technology (GUST),Kuwait,,Asia,S,FO,VH,,Private for Profit,901-950,851-900,,,-,,15.9,701+,15.1,701+,18.4,801+,10.6,801+,100.0,22,34.6,545,37.8,517,19.5,801+,11.8,801+,28.7,801+,,,,,,,,,,,,,,,,,,
Gunma University,Japan,JP,Asia,M,FO,VH,4,Public,1201-1400,1001-1200,951-1000,651-700,-,-,3.8,701+,2.8,701+,89.8,104,9.0,801+,5.5,801+,5.2,801+,8.6,801+,10.5,801+,1.8,801+,15.4,801+,3.8,601+,2.2,601+,82.0,128,4.7,701+,4.5,701+,3.7,701+,1.0,701+,7.9,701+,1,701+
Guru Gobind Singh Indraprastha University,India,IN,Asia,S,CO,VH,3,Public,951-1000,1001-1200,1401+,,-,-,5.8,701+,14.6,701+,12.5,801+,48.5,384,5.0,801+,9.4,801+,12.6,801+,26.9,801+,12.8,801+,43.0,801+,3.3,601+,2.6,601+,,,,,,,,,1.0,701+,,,,
Gwangju Institute of Science and Technology (GIST),Republic of Korea,,Asia,S,SP,VH,,Public,385,359,,,39.1,,21.3,584,12.4,701+,56.7,326,99.9,16,15.7,787,18.5,751,20.8,750,28.9,801+,2.2,801+,55.3,596=,,,,,,,,,,,,,,,,,,
Gwangju Institute of Science and Technology (GIST),South Korea,KR,,S,FO,VH,3,A,,,=328,288=,,32.6,,,,,,,,,,,,,,,,,,,,,17.4,513,8.9,601+,38.4,411,100.0,5,21.6,577,10.0,701+,1.3,701+,8.1,701+,2.1,701+
Hacettepe University,Turkey,TR,Asia,L,FC,VH,4,Public,571,641-650,761-770,801-1000,29.2,-,33.0,371,50.5,251,18.5,801+,11.8,801+,3.9,801+,6.1,801+,10.9,801+,73.5,483,30.8,536,58.3,539=,20.4,427,22.7,419,10.1,701+,6.0,701+,3.2,701+,3.4,701+,27.0,483,13.8,619,31.6,425=
Hallym University,Republic of Korea,,Asia,M,FC,VH,,Private not for Profit,1001-1200,951-1000,,,-,,3.4,701+,2.7,701+,95.6,70,13.1,801+,4.3,801+,3.5,801+,7.6,801+,9.1,801+,1.8,801+,41.4,801+,,,,,,,,,,,,,,,,,,
Hallym University ,South Korea,KR,,M,FC,VH,3,B,,,901-950,571-580,,-,,,,,,,,,,,,,,,,,,,,,2.6,601+,1.9,601+,94.0,65,6.9,701+,4.2,701+,2.7,701+,1.0,701+,4.2,701+,1,701+
Hamad Bin Khalifa University,Qatar,QA,Asia,S,FO,VH,3,Public,244,183,=310,,50.9,33.8,14.3,701+,6.8,701+,100.0,20,100.0,6,100.0,10,100.0,6,99.9,29,75.7,424,6.8,801+,38.5,801+,11.5,601+,3.9,601+,100.0,4,88.6,79,,,,,28.1,469,10.3,701+,,
Hanoi University of Science and Technology,Viet Nam,,Asia,XL,FO,VH,,Public,1201-1400,1201-1400,,,-,,12.3,701+,15.9,701+,3.3,801+,10.0,801+,5.7,801+,1.5,801+,5.8,801+,23.3,801+,30.8,537,51.3,677=,,,,,,,,,,,,,,,,,,
Hanoi University of Science and Technology,Vietnam,VN,,XL,FO,VH,4,A,,,1201-1400,1201-1400,,-,,,,,,,,,,,,,,,,,,,,,6.1,601+,8.7,601+,2.4,701+,4.3,701+,3.8,701+,1.2,701+,1.6,701+,15.3,549,1.2,701+
Hanyang University,Republic of Korea,,Asia,L,FC,VH,,Private not for Profit,159,162,,,61.2,,58.2,184,81.9,99,81.7,159,42.9,440,23.7,664,70.1,279,73.0,249,65.5,615,54.5,307,82.8,137,,,,,,,,,,,,,,,,,,
Hanyang University,South Korea,KR,,L,FC,VH,4,B,,,=164,157,,49.7,,,,,,,,,,,,,,,,,,,,,49.0,167,81.3,70,83.5,117,23.3,510,16.9,632,54.3,269,15.6,587,24.8,336,77.7,163=
Harbin Engineering University,China (Mainland),CN,Asia,L,FO,VH,4,Public,1001-1200,1001-1200,1001-1200,801-1000,-,-,5.2,701+,6.5,701+,24.0,752,46.8,406,3.0,801+,3.6,801+,8.6,801+,40.0,801+,7.2,801+,24.3,801+,4.6,601+,2.0,601+,14.6,701+,23.0,513,2.5,701+,2.0,701+,2.1,701+,6.2,701+,1.3,701+
Harbin Institute of Technology,China (Mainland),CN,Asia,XL,FO,VH,4,Public,256,252,=256,217=,49.8,38.7,33.3,367,47.9,270,42.0,479,99.8,22,12.9,801+,9.2,801+,14.9,801+,73.6,481,35.2,490,48.1,757=,28.6,306,14.9,552,41.6,378,98.8,24,8.6,701+,8.4,701+,23.2,517,20.3,412,15.4,603=
Harper Adams University,United Kingdom,UK,Europe,M,FO,HI,2,Public,1401+,1201-1400,1001-1200,1001-1200,-,-,4.0,701+,15.7,701+,7.1,801+,12.4,801+,21.8,690,5.9,801+,9.8,801+,14.1,801+,1.0,801+,18.6,801+,4.2,601+,12.6,601+,6.1,701+,8.5,701+,18.5,607,9.1,701+,1.0,701+,9.3,701+,1,701+
Harvard University,United States,US,Americas,L,FC,VH,5,Private not for Profit,5,4,4,5,97.7,98.3,100.0,1,100.0,1,98.3,50,100.0,1,79.1,300,81.4,217,60.6,335,99.4,8,100.0,1,77.8,201=,100.0,1,100.0,1,98.3,44,100.0,1,84.6,210,66.8,223,100.0,5,100,1,96.7,39
Hasanuddin University,Indonesia,,Asia,XL,FC,HI,,Public,951-1000,1001-1200,,,-,,23.5,538,17.5,701+,41.9,484,1.7,801+,11.9,801+,3.1,801+,7.8,801+,20.0,801+,22.0,695,53.0,646=,,,,,,,,,,,,,,,,,,
Hasselt University,Belgium,BE,Europe,M,FC,HI,4,Public,597,554,=551,449=,28.3,21.3,8.8,701+,5.2,701+,85.7,128,22.8,671,78.5,306,41.1,483,46.4,448,69.8,533,6.6,801+,62.7,444=,5.8,601+,3.4,601+,78.8,143,18.3,579,76.0,247,23.9,488,27.2,478,10.2,701+,15.9,596=
Hebrew University of Jerusalem,Israel,,Asia,L,FC,VH,,Public,240,281,,,51.3,,42.9,276,36.4,394,74.6,201,41.9,452,81.9,279,33.5,551,38.8,509,74.2,460,97.1,57,65.5,387=,,,,,,,,,,,,,,,,,,
Helwan University,Egypt,EG,Africa,XL,CO,HI,3,Public,1201-1400,1201-1400,1201-1400,1201-1400,-,-,11.0,701+,15.0,701+,4.9,801+,2.6,801+,1.2,801+,3.4,801+,2.8,801+,63.6,642,20.1,724,36.1,801+,7.0,601+,10.1,601+,4.4,701+,1.6,701+,1.2,701+,2.3,701+,5.2,701+,9.2,701+,1.2,701+
Heriot-Watt University,United Kingdom,UK,Europe,M,CO,VH,4,Public,287,256,235,281=,46.8,41.2,25.7,490,34.8,415,27.3,692,61.8,275,100.0,78,97.0,100,97.2,89,75.7,425,37.0,467,77.2,210=,16.4,537,21.1,438,18.6,701+,79.4,113,100.0,67,97.6,66,40.2,375,21.3,392,43.5,342=
Herzen State Pedagogical University of Russia,Russia,,Europe,L,FO,HI,,Public,1401+,1201-1400,,,-,,3.8,701+,4.2,701+,22.2,785,1.5,801+,1.7,801+,59.8,344,56.4,364,11.4,801+,7.2,801+,25.4,801+,,,,,,,,,,,,,,,,,,
Hiroshima University,Japan,JP,Asia,L,FC,VH,4,Public,480,474,472,338,33.2,24.5,34.6,351,17.1,701+,79.8,168,17.2,762,19.2,725,22.7,690,17.1,801+,70.3,525,12.4,801+,73.2,271=,23.6,366,14.0,581,81.0,136,9.6,701+,17.3,624,12.9,663,30.0,457,9.8,701+,37.5,382=
Hitotsubashi University,Japan,JP,Asia,M,SP,VH,4,Public,553,539,=481,531-540,29.8,23.9,19.7,627,78.1,112,42.2,473,4.0,801+,31.3,573,33.5,553,36.1,533,11.7,801+,57.5,290,32.2,801+,14.4,601+,80.6,72,28.6,538,2.2,701+,21.6,578,22.4,508,1.0,701+,38.4,190,1.1,701+
Hohai University,China (Mainland),CN,Asia,XL,FO,VH,3,Public,1001-1200,1001-1200,1201-1400,1201-1400,-,-,3.2,701+,2.7,701+,17.8,801+,33.2,548,,,,,,,74.1,463,1.2,801+,39.3,801+,4.1,601+,1.5,601+,8.3,701+,13.6,665,,,,,11.2,648,5.9,701+,4.1,701+
Hokkaido University,Japan,JP,Asia,L,FC,VH,5,Public,170,173,196,141=,59.3,46.2,71.5,129,68.8,151,76.8,185,42.7,445,28.2,604,20.5,724,26.6,664,77.5,393,26.4,617,78.5,192=,57.3,134,66.0,119,75.8,162,27.8,451,17.5,621,14.4,633,38.1,392,12.9,665,30.7,438=
Holy Spirit University of Kaslik,Lebanon,LB,Asia,M,FO,HI,4,Private not for Profit,771-780,771-780,661-670,571-580,-,-,11.1,701+,20.7,637,70.4,226,3.8,801+,99.4,117,52.2,397,53.4,383,9.6,801+,7.3,801+,38.0,801+,6.0,601+,12.0,601+,60.6,234,2.0,701+,99.0,98,38.3,358,1.0,701+,9.5,701+,2.6,701+
Hong Kong Baptist University,Hong Kong,HK,,M,CO,VH,3,A,,,=295,281=,,35.4,,,,,,,,,,,,,,,,,,,,,19.4,458,12.6,601+,56.0,265,51.9,249,97.8,118,100.0,20,2.6,701+,15.1,557,17.2,574=
Hong Kong Baptist University,"Hong Kong SAR, China",,Asia,M,CO,VH,,Public,244,252,,,50.9,,28.3,445,21.7,610,67.3,251,82.3,141,99.4,118,100.0,22,99.9,33,38.2,801+,23.0,672,67.5,358=,,,,,,,,,,,,,,,,,,
Hong Kong Metropolitan University,"Hong Kong SAR, China",,Asia,L,FO,HI,,,781-790,,,,-,,26.5,476,7.1,701+,4.2,801+,9.7,801+,90.3,222,92.9,147,81.9,189,11.2,801+,29.3,563,36.6,801+,,,,,,,,,,,,,,,,,,
Hongik University,Republic of Korea,,Asia,L,FO,VH,,Private for Profit,1401+,1201-1400,,,-,,6.3,701+,8.7,701+,13.8,801+,5.3,801+,18.9,731,14.8,801+,18.2,791,14.6,801+,6.4,801+,26.9,801+,,,,,,,,,,,,,,,,,,
Hongik University ,South Korea,KR,,L,FO,VH,4,C,,,1201-1400,1201-1400,,-,,,,,,,,,,,,,,,,,,,,,5.9,601+,5.9,601+,9.3,701+,3.1,701+,17.6,620,10.0,701+,1.0,701+,6.8,701+,1,701+
Howard University,United States,US,Americas,M,FC,HI,5,Private not for Profit,1001-1200,1001-1200,1001-1200,751-800,-,-,8.3,701+,16.1,701+,43.6,457,6.0,801+,1.2,801+,6.4,801+,5.0,801+,35.2,801+,37.8,461,37.9,801+,6.5,601+,7.7,601+,46.7,336,3.4,701+,1.1,701+,3.8,701+,2.6,701+,16.1,520,1.2,701+
HSE University,Russia,RU,,XL,FO,VH,3,A,,,399,308=,,28.0,,,,,,,,,,,,,,,,,,,,,27.3,318,31.9,308,90.7,82,1.9,701+,6.3,701+,16.1,597,71.1,191,13.4,639,5.1,701+
Huazhong Agricultural University,China (Mainland),CN,Asia,XL,CO,VH,4,Public,901-950,801-850,851-900,1001-1200,-,-,5.2,701+,2.1,701+,8.5,801+,65.6,245,5.0,801+,2.4,801+,2.0,801+,41.4,801+,5.1,801+,38.8,801+,4.1,601+,1.8,601+,6.3,701+,48.7,278,4.0,701+,1.6,701+,2.8,701+,5.9,701+,4,701+
Huazhong University of Science and Technology,China (Mainland),CN,Asia,XL,FC,VH,4,Public,319,300,275,306,43.8,37.1,30.9,395,33.4,431,11.6,801+,100.0,10,7.1,801+,5.2,801+,4.1,801+,80.3,349,33.5,505,55.7,582=,22.7,384,29.2,332,10.0,701+,99.3,16,5.5,701+,3.2,701+,45.4,340,16.8,504,27.1,480
Hue University,Viet Nam,,Asia,XL,CO,HI,,Public,1401+,1201-1400,,,-,,7.6,701+,15.0,701+,3.7,801+,2.6,801+,1.5,801+,2.0,801+,6.2,801+,27.7,801+,6.6,801+,28.3,801+,,,,,,,,,,,,,,,,,,
HUFS - Hankuk (Korea) University of Foreign Studies,Republic of Korea,,Asia,L,CO,HI,,Private not for Profit,680,651-660,,,25.9,,17.6,696,25.5,531,85.2,133,2.5,801+,40.1,498,70.5,275,73.3,246,14.1,801+,3.6,801+,51.5,673=,,,,,,,,,,,,,,,,,,
HUFS - Hankuk (Korea) University of Foreign Studies ,South Korea,KR,,L,CO,HI,3,B,,,=575,410=,,20.6,,,,,,,,,,,,,,,,,,,,,13.4,601+,23.9,404,85.3,104,1.6,701+,32.3,471,45.1,320,1.0,701+,5.7,701+,1.3,701+
Humboldt State University,United States,US,,M,CO,HI,3,A,,,1401+,1201-1400,,-,,,,,,,,,,,,,,,,,,,,,3.8,601+,2.2,601+,8.9,701+,4.6,701+,2.3,701+,1.6,701+,1.0,701+,7.9,701+,,
Humboldt-Universität zu Berlin,Germany,DE,Europe,XL,FC,VH,5,Public,130,126,120,131=,64.5,56.3,94.3,47,75.3,126,10.5,801+,43.4,435,75.7,314,47.6,424,35.5,541,95.0,85,27.5,603,58.4,536=,90.2,43,65.9,120,7.6,701+,31.3,425,68.1,286,31.5,406,86.0,110,14.4,586,37.5,382=
Hunan University,China (Mainland),CN,Asia,XL,FO,VH,4,Public,504,448,=494,591-600,32,23.4,10.9,701+,11.8,701+,20.8,801+,94.7,74,5.9,801+,2.8,801+,2.3,801+,57.7,721,32.5,520,40.6,801+,8.6,601+,8.4,601+,13.8,701+,82.0,104,4.9,701+,1.9,701+,3.8,701+,18.7,447,7,701+
Hungarian University of Agriculture and Life Sciences,Hungary,HU,,M,FO,VH,5,B,,,1001-1200,801-1000,,-,,,,,,,,,,,,,,,,,,,,,5.6,601+,4.0,601+,34.1,469,2.9,701+,1.9,701+,29.1,429,8.5,701+,5.5,701+,1.4,701+
I.M. Sechenov First Moscow State Medical University,Russia,,Europe,L,SP,VH,,Public,851-900,791-800,,,-,,5.0,701+,10.3,701+,63.9,277,10.4,801+,12.2,801+,74.0,259,75.8,231,84.3,268,2.0,801+,24.3,801+,,,,,,,,,,,,,,,,,,
IE University,Spain,ES,Europe,M,FO,HI,2,Private for Profit,438,435,428,347=,35.1,26.4,12.7,701+,70.4,144,47.6,409,3.8,801+,94.0,194,100.0,3,100.0,1,6.4,801+,70.4,206,53.0,646=,7.0,601+,40.9,230,56.2,262,2.6,701+,94.6,154,100.0,4,1.0,701+,39.4,183,6,701+
IIT Gandhinagar,India,,Asia,S,FO,VH,,Public,801-850,,,,-,,7.0,701+,9.1,701+,51.9,364,53.2,350,2.7,801+,2.2,801+,6.4,801+,20.1,801+,1.9,801+,42.3,801+,,,,,,,,,,,,,,,,,,
Illinois Institute of Technology,United States,US,Americas,M,CO,VH,5,Private not for Profit,591,601-610,=469,443=,28.5,24.6,16.9,701+,23.3,575,15.8,801+,47.5,396,18.7,734,99.7,48,99.7,38,27.3,801+,22.5,683,32.5,801+,14.2,601+,15.6,532,13.0,701+,48.5,280,30.1,490,94.1,93,1.5,701+,13.6,632,2.5,701+
Illinois State University,United States,US,,L,CO,HI,5,,,,1401+,1201-1400,,-,,,,,,,,,,,,,,,,,,,,,3.7,601+,3.5,601+,5.9,701+,5.2,701+,4.9,701+,2.5,701+,1.1,701+,10.9,701+,,
Imam Abdulrahman Bin Faisal University (formerly University of Dammam),Saudi Arabia,,Asia,L,FC,HI,,Public,491,513,,,32.6,,16.9,701+,31.4,456,94.9,74,5.6,801+,99.2,125,34.8,544,35.4,544,73.9,471,2.9,801+,55.3,596=,,,,,,,,,,,,,,,,,,
Imam Abdulrahman Bin Faisal University (IAU) (formerly UNIVERSITY OF DAMMAM),Saudi Arabia,SA,,L,FC,HI,3,A,,,=595,477=,,19.9,,,,,,,,,,,,,,,,,,,,,7.6,601+,7.1,601+,85.9,101,2.3,701+,98.5,105,16.5,589,11.6,640,8.1,701+,19,552=
Imam Mohammad Ibn Saud Islamic University – IMSIU,Saudi Arabia,SA,,XL,FO,HI,4,A,,,1001-1200,1001-1200,,-,,,,,,,,,,,,,,,,,,,,,10.6,601+,4.8,601+,14.8,701+,1.4,701+,46.6,370,2.9,701+,1.8,701+,5.6,701+,1,701+
Imam Muhammad Ibn Saud Islamic University - IMSIU,Saudi Arabia,,Asia,XL,FC,HI,,Public,851-900,901-950,,,-,,16.7,701+,11.9,701+,27.1,696,2.4,801+,91.9,210,18.5,753,24.6,693,56.8,741,35.6,483,34.8,801+,,,,,,,,,,,,,,,,,,
Immanuel Kant Baltic Federal University,Russia,RU,Europe,M,CO,VH,4,Public,951-1000,801-850,801-850,601-650,-,-,7.7,701+,4.7,701+,86.3,124,3.1,801+,28.1,607,53.2,386,51.0,407,34.5,801+,1.9,801+,32.1,801+,8.1,601+,2.3,601+,75.5,164,1.8,701+,17.9,616,32.0,400,2.7,701+,6.3,701+,1.9,701+
Imperial College London,United Kingdom,UK,Europe,L,FO,VH,5,Public,2,2,6,6=,99.4,97.8,99.6,22,100.0,9,99.3,42,95.0,69,100.0,74,100.0,35,100.0,22,97.5,28,95.9,68,98.3,7=,98.3,23,99.4,12,98.5,42,94.0,58,100.0,61,100.0,14,96.7,35,83,45,94.4,61=
"Independent University,Bangladesh",Bangladesh,,Asia,M,CO,HI,,Private not for Profit,1401+,,,,-,,8.8,701+,16.9,701+,2.5,801+,7.3,801+,1.3,801+,1.1,801+,5.5,801+,12.1,801+,11.6,801+,24.9,801+,,,,,,,,,,,,,,,,,,
Indian Institute of Information Technology - Allahabad,India,,Asia,S,FO,VH,,Public,1401+,1401+,,,-,,4.2,701+,12.7,701+,3.2,801+,27.5,613,,,4.0,801+,7.9,801+,8.4,801+,1.9,801+,6.6,801+,,,,,,,,,,,,,,,,,,
Indian Institute of Science,India,IN,,S,SP,,5,A,,,225,155=,,42.1,,,,,,,,,,,,,,,,,,,,,41.5,202,20.0,454,46.4,340,100.0,6,4.8,701+,1.7,701+,4.4,701+,13.8,621,10.7,660
Indian Institute of Science (IISc) Bangalore,India,,Asia,M,SP,VH,,Public,219,211,,,54.2,,56.6,198,46.4,286,39.1,520,99.9,15,5.6,801+,2.1,801+,6.4,801+,45.4,801+,15.1,801+,66.3,374,,,,,,,,,,,,,,,,,,
Indian Institute of Technology (BHU) Varanasi,India,IN,,M,FO,VH,5,A,,,=571,651-700,,20.7,,,,,,,,,,,,,,,,,,,,,4.4,601+,3.6,601+,3.9,701+,88.7,78,1.4,701+,1.1,701+,1.5,701+,8.2,701+,4,701+
Indian Institute of Technology BHU Varanasi (IIT BHU Varanasi),India,,Asia,M,FO,VH,,Public,566,531,,,29.3,,9.3,701+,19.4,670,5.2,801+,98.0,47,2.5,801+,1.2,801+,5.6,801+,30.5,801+,10.3,801+,48.3,749=,,,,,,,,,,,,,,,,,,
Indian Institute of Technology Bhubaneswar,India,IN,,S,FO,VH,2,A,,,731-740,801-1000,,-,,,,,,,,,,,,,,,,,,,,,3.8,601+,3.4,601+,12.0,701+,63.3,188,1.6,701+,1.0,701+,1.0,701+,8.2,701+,1,701+
Indian Institute of Technology Bhubaneswar (IIT BBS),India,,Asia,S,FO,VH,,Public,951-1000,951-1000,,,-,,5.0,701+,12.4,701+,15.9,801+,55.6,321,,,1.1,801+,5.5,801+,10.8,801+,1.8,801+,42.4,801+,,,,,,,,,,,,,,,,,,
Indian Institute of Technology Bombay (IITB),India,IN,Asia,L,FO,VH,4,Public,129,118,=149,172=,64.8,51.7,73.3,120,96.7,39,16.1,801+,82.9,136,6.5,801+,1.6,801+,1.5,801+,46.6,801+,72.6,198,75.2,232=,55.5,141,81.9,69,18.9,697,73.1,133,4.7,701+,1.4,701+,8.5,701+,47.4,146,54.9,277=
Indian Institute of Technology Delhi (IITD),India,IN,Asia,M,FO,VH,4,Public,123,150,197,174=,65.5,46.1,67.9,142,95.0,50,21.9,792,93.1,86,3.2,801+,1.9,801+,6.3,801+,66.9,590,50.5,340,79.9,172=,51.2,158,75.9,80,22.0,630,64.3,182,2.4,701+,1.4,701+,6.6,701+,32.8,234,37.5,382=
Indian Institute of Technology Guwahati (IITG),India,IN,Asia,M,CO,VH,3,Public,334,344,=364,384=,42.3,30.3,25.4,500,62.0,184,10.2,801+,96.9,56,8.1,801+,1.6,801+,5.9,801+,53.1,795,8.7,801+,43.0,801+,17.0,523,25.2,381,7.7,701+,98.1,32,3.0,701+,1.3,701+,5.8,701+,5.5,701+,4.4,701+
Indian Institute of Technology Hyderabad,India,IN,,S,CO,VH,2,A,,,691-700,581-590,,-,,,,,,,,,,,,,,,,,,,,,5.1,601+,2.7,601+,16.6,701+,64.3,181,1.2,701+,1.1,701+,1.0,701+,8.2,701+,2.6,701+
Indian Institute of Technology Hyderabad (IITH),India,,Asia,S,CO,VH,,Public,664,681-690,,,26.4,,10.3,701+,15.0,701+,20.2,801+,84.0,130,1.3,801+,1.9,801+,6.2,801+,18.0,801+,6.5,801+,42.3,801+,,,,,,,,,,,,,,,,,,
Indian Institute of Technology Indore,India,,Asia,S,FO,VH,,Public,556,477,,,29.6,,8.0,701+,16.9,701+,28.8,658,96.9,57,1.8,801+,1.3,801+,5.7,801+,28.2,801+,5.3,801+,34.7,801+,,,,,,,,,,,,,,,,,,
Indian Institute of Technology Indore (IIT Indore),India,IN,,S,FO,VH,2,A,,,=454,396=,,25.2,,,,,,,,,,,,,,,,,,,,,5.6,601+,4.3,601+,33.3,478,94.4,57,2.3,701+,1.1,701+,1.2,701+,8.4,701+,2,701+
Indian Institute of Technology Kanpur (IITK),India,IN,Asia,M,FO,VH,4,Public,222,263,=278,264=,53.7,36.9,49.4,229,82.7,95,16.1,801+,84.1,129,3.1,801+,1.4,801+,5.8,801+,42.1,801+,47.6,366,74.7,243=,34.7,247,49.3,175,14.2,701+,75.5,126,2.1,701+,1.1,701+,3.3,701+,20.6,404,21.8,524=
Indian Institute of Technology Kharagpur (IIT-KGP),India,IN,,L,FO,VH,4,A,,,271,270=,,37.4,,,,,,,,,,,,,,,,,,,,,32.2,272,43.5,211,11.8,701+,85.8,90,3.1,701+,1.3,701+,10.7,659,21.5,388,18,567=
Indian Institute of Technology Kharagpur (IITKGP),India,,Asia,L,CO,VH,,Public,215,222,,,54.5,,42.5,278,78.6,109,10.6,801+,97.0,55,,,1.3,801+,5.7,801+,70.1,528,47.7,365,77.8,201=,,,,,,,,,,,,,,,,,,
Indian Institute of Technology Madras (IITM),India,IN,Asia,M,CO,VH,4,Public,180,227,=285,250,58.4,36.1,56.8,196,85.8,87,21.3,801+,90.2,102,3.1,801+,3.2,801+,7.4,801+,45.6,801+,45.8,380,73.0,274,40.1,212,55.9,147,26.6,563,54.7,235,2.6,701+,1.4,701+,2.7,701+,26,317,6.5,701+
Indian Institute of Technology Roorkee (IITR),India,IN,Asia,M,FO,VH,5,Public,339,335,=369,369=,42.2,30.0,26.8,470,52.2,234,9.5,801+,96.6,61,2.0,801+,3.6,801+,7.8,801+,54.5,776,19.5,734,57.5,550=,17.8,500,22.5,421,7.8,701+,91.2,72,1.3,701+,2.2,701+,3.6,701+,10.5,701+,27.6,471=
Indian Statistical Institute,India,IN,,,FO,,4,,,,1401+,,,-,,,,,,,,,,,,,,,,,,,,,7.5,601+,3.4,601+,,,,,,,,,1.9,701+,,,,
Indiana State University,United States,US,,M,CO,HI,4,A,,,1201-1400,1201-1400,,-,,,,,,,,,,,,,,,,,,,,,6.3,601+,4.8,601+,7.8,701+,2.8,701+,1.9,701+,2.4,701+,1.0,701+,9.1,701+,1,701+
Indiana University Bloomington,United States,US,Americas,XL,FC,VH,5,Public,306,355,=313,339,44.9,33.5,44.7,266,50.3,252,34.4,570,31.2,573,51.7,428,18.4,757,24.5,694,86.5,228,77.0,171,66.0,381=,35.1,246,24.4,397,30.5,514,21.6,533,40.5,409,12.7,667,68.5,205,52.2,122,62.5,239=
Indiana University–Purdue University Indianapolis,United States,US,,L,FC,HI,4,A,,,951-1000,801-1000,,-,,,,,,,,,,,,,,,,,,,,,7.7,601+,6.1,601+,15.4,701+,17.0,600,29.4,494,5.8,701+,2.6,701+,7.7,701+,8.5,694
Industrial University of Ho Chi Minh City,Viet Nam,,Asia,L,CO,HI,,Public,1201-1400,,,,-,,22.6,554,15.2,701+,5.2,801+,5.0,801+,1.5,801+,2.8,801+,6.9,801+,13.1,801+,6.7,801+,19.5,801+,,,,,,,,,,,,,,,,,,
Inha University,Republic of Korea,,Asia,L,FC,VH,,Private not for Profit,643,631-640,,,26.9,,17.5,699,19.9,659,74.7,198,23.8,661,17.7,752,25.7,650,29.4,622,28.1,801+,17.1,779,64.7,405=,,,,,,,,,,,,,,,,,,
Inha University,South Korea,KR,,L,FC,VH,4,B,,,691-700,531-540,,-,,,,,,,,,,,,,,,,,,,,,10.9,601+,15.3,539,72.9,172,11.7,701+,8.8,701+,14.4,634,1.4,701+,12.4,700,3,701+
Institut National des Sciences Appliquées de Lyon (INSA),France,FR,Europe,M,FO,VH,4,Public,406,405,=392,457=,37.1,28.2,9.4,701+,38.0,367,42.7,468,69.0,222,34.4,542,77.5,237,79.7,208,58.7,711,17.8,764,39.1,801+,7.8,601+,29.4,331,37.1,425,50.8,258,29.4,492,69.3,213,18.8,553,12.8,674,20.5,540=
Institut Polytechnique de Paris,France,FR,Europe,M,CO,VH,1,Public,41,46,=38,48,85.4,79.5,58.1,185,99.8,14,94.8,76,97.3,52,99.9,99,99.2,61,99.2,50,93.0,125,99.1,25,77.9,198=,44.8,185,99.6,10,97.3,51,93.8,59,98.5,106,98.3,58,76.9,163,90.3,35,72.5,189=
Institut Teknologi Nasional Bandung (ITENAS Bandung),Indonesia,,Asia,M,SP,LO,,Private not for Profit,1201-1400,,,,-,,22.4,562,5.0,701+,13.2,801+,1.5,801+,3.1,801+,1.3,801+,5.7,801+,3.4,801+,2.8,801+,26.9,801+,,,,,,,,,,,,,,,,,,
Institut Teknologi Sepuluh Nopember (ITS),Indonesia,,Asia,L,CO,VH,,Public,509,585,,,31.9,,27.4,456,60.2,192,62.1,287,2.7,801+,69.6,337,11.9,801+,17.9,800,27.6,801+,17.0,782,52.5,654,,,,,,,,,,,,,,,,,,
Institut Teknologi Sepuluh Nopember (ITS Surabaya),Indonesia,ID,,L,SP,,2,A,,,621-630,701-750,,-,,,,,,,,,,,,,,,,,,,,,15.3,570,41.0,227,36.9,427,1.7,701+,43.1,388,5.2,701+,1.0,701+,14.5,577,26.3,484
institution,location,location code,,size,focus,research,age band,status,,,rank display,rank display2,,Overall Score,,,,,,,,,,,,,,,,,,,,,ar score,ar rank,er score,er rank,fsr score,fsr rank,cpf score,cpf rank,ifr score,ifr rank,isr score,isr rank,irn score,irn rank,ger score,ger rank,SUS SCORE,SUS RANK
Instituto Politécnico Nacional (IPN),Mexico,MX,Americas,XL,FO,VH,4,Public,851-900,801-850,741-750,751-800,-,-,26.6,474,33.9,423,17.0,801+,3.1,801+,6.7,801+,2.1,801+,6.6,801+,47.4,801+,12.7,801+,56.3,573=,20.4,429,40.2,235,8.7,701+,2.1,701+,2.6,701+,1.1,701+,6.9,701+,9.8,701+,33.5,413=
Instituto Tecnológico Autonomo de México (ITAM),Mexico,,Americas,S,SP,MD,,Private not for Profit,801-850,751-760,,,-,,21.5,575,40.0,343,22.3,784,2.7,801+,51.1,436,2.2,801+,6.6,801+,8.7,801+,80.0,159,24.6,801+,,,,,,,,,,,,,,,,,,
Instituto Tecnológico Autónomo de México (ITAM),Mexico,MX,,S,FO,HI,4,B,,,651-660,751-800,,-,,,,,,,,,,,,,,,,,,,,,15.5,565,35.1,276,11.7,701+,1.8,701+,65.6,293,1.5,701+,1.0,701+,64.9,88,1.2,701+
Instituto Tecnológico de Buenos Aires (ITBA),Argentina,AR,,S,FO,HI,4,B,,,791-800,751-800,,-,,,,,,,,,,,,,,,,,,,,,9.0,601+,38.8,251,35.2,449,1.4,701+,26.7,512,13.5,652,1.0,701+,6.6,701+,,
Instituto Tecnológico de Santo Domingo (INTEC),Dominican Republic,DO,Americas,M,FO,MD,4,Public,1201-1400,1201-1400,1001-1200,801-1000,-,-,1.9,701+,6.3,701+,36.2,554,2.0,801+,22.9,674,5.2,801+,9.2,801+,7.3,801+,49.7,348,17.6,801+,2.7,601+,7.9,601+,31.4,502,1.4,701+,18.5,608,3.1,701+,1.0,701+,19.8,422,,
International Christian University,Japan,JP,Asia,S,FO,HI,4,Private for Profit,1201-1400,1001-1200,1001-1200,801-1000,-,-,6.3,701+,14.8,701+,21.5,801+,1.9,801+,83.2,269,15.8,800,12.0,801+,6.0,801+,14.9,801+,15.5,801+,4.9,601+,13.2,601+,17.9,701+,1.7,701+,76.6,242,6.0,701+,1.0,701+,13.5,636,1,701+
International Islamic University Islamabad (IIU),Pakistan,PK,Asia,L,CO,HI,3,Public,1201-1400,1001-1200,1201-1400,1201-1400,-,-,9.3,701+,14.3,701+,5.0,801+,15.5,795,5.7,801+,9.6,801+,13.2,801+,57.9,719,3.3,801+,28.8,801+,6.3,601+,10.8,601+,3.6,701+,7.2,701+,4.5,701+,6.7,701+,4.4,701+,6.9,701+,1.1,701+
International Islamic University Malaysia (IIUM),Malaysia,MY,Asia,L,FC,HI,3,Public,613,661-670,711-720,651-700,27.8,-,36.0,337,27.3,503,17.9,801+,6.2,801+,29.1,592,69.0,282,51.4,401,58.6,712,32.3,523,32.0,801+,22.8,383,17.2,506,14.2,701+,2.9,701+,24.0,546,60.2,246,12.2,632,7.2,701+,3,701+
"International University of Business, Agriculture and Technology (IUBAT)",Bangladesh,BD,,,CO,,3,,,,1401+,,,-,,,,,,,,,,,,,,,,,,,,,5.9,601+,3.6,601+,,,,,,,,,1.0,701+,,,,
INTI International University,Malaysia,MY,Asia,S,CO,VH,2,Private for Profit,509,516,=556,,31.9,21.1,14.3,701+,37.8,368,95.1,73,3.0,801+,100.0,39,99.7,50,99.5,46,19.2,801+,5.2,801+,33.2,801+,5.0,601+,14.8,556,84.3,112,1.7,701+,75.2,252,88.4,126,1.0,701+,9.1,701+,1,701+
Iowa State University,United States,US,Americas,L,CO,VH,5,Public,449,470,=400,481=,34.4,27.9,26.4,479,21.6,611,10.8,801+,61.0,281,6.7,801+,17.8,764,24.0,703,78.9,370,50.6,339,65.0,398=,20.0,440,13.5,597,8.4,701+,58.7,217,4.6,701+,11.1,690,50.9,307,27.2,300,51.8,295=
IPB University (a.k.a. Bogor Agricultural University),Indonesia,ID,,L,CO,VH,4,A,,,=489,449=,,23.6,,,,,,,,,,,,,,,,,,,,,21.6,399,39.0,244,66.1,203,1.7,701+,54.6,339,3.8,701+,1.2,701+,24.1,347,3.4,701+
IPB University (aka Bogor Agricultural University),Indonesia,,Asia,L,FO,VH,,Public,399,426,,,37.6,,35.1,342,56.0,213,82.9,153,3.0,801+,73.7,323,6.0,801+,10.8,801+,26.2,801+,45.3,386,63.2,436=,,,,,,,,,,,,,,,,,,
Iran University of Science and Technology,Iran (Islamic Republic of),,Asia,M,FO,VH,,Public,496,436,,,32.4,,11.8,701+,24.3,553,4.3,801+,99.9,19,7.0,801+,8.6,801+,11.3,801+,64.4,629,9.4,801+,27.3,801+,,,,,,,,,,,,,,,,,,
Iran University of Science and Technology,"Iran, Islamic Republic of",IR,,L,FO,VH,4,A,,,451,531-540,,25.6,,,,,,,,,,,,,,,,,,,,,6.6,601+,23.2,410,2.5,701+,94.8,54,,,1.5,701+,11.1,652,5.5,701+,1.5,701+
Irkutsk State University,Russia,RU,,L,CO,HI,5,A,,,1401+,1201-1400,,-,,,,,,,,,,,,,,,,,,,,,3.6,601+,1.6,601+,17.6,701+,1.4,701+,1.9,701+,3.8,701+,1.1,701+,8.7,701+,1.5,701+
ISCTE - Instituto Universitario de Lisboa,Portugal,PT,Europe,L,FO,VH,,Public,711-720,661-670,751-760,,-,-,8.6,701+,19.0,687,3.2,801+,42.4,448,27.1,623,55.8,375,60.0,342,49.8,801+,40.3,435,56.7,562=,7.0,601+,6.2,601+,1.4,701+,59.2,211,,,,,8.1,701+,10,701+,,
Isfahan University of Technology,Iran (Islamic Republic of),,Asia,M,FO,VH,,,571,489,,,29.2,,7.8,701+,22.6,586,6.4,801+,97.7,50,2.2,801+,3.9,801+,7.7,801+,45.7,801+,9.6,801+,28.0,801+,,,,,,,,,,,,,,,,,,
Islamic Azad University,Iran (Islamic Republic of),,Asia,,CO,,,,1201-1400,,,,-,,6.1,701+,5.0,701+,1.7,801+,8.5,801+,,,1.1,801+,1.1,801+,96.3,55,35.7,482,29.4,801+,,,,,,,,,,,,,,,,,,
Islamic University of Indonesia (Universitas Islam Indonesia),Indonesia,,Asia,L,CO,HI,,Private not for Profit,1401+,1201-1400,,,-,,17.5,701+,7.4,701+,2.8,801+,3.2,801+,3.8,801+,1.2,801+,1.1,801+,12.9,801+,5.1,801+,34.4,801+,,,,,,,,,,,,,,,,,,
Islamic University of Lebanon,Lebanon,,Asia,M,FO,MD,,Private for Profit,1001-1200,,,,-,,10.6,701+,13.4,701+,39.6,513,1.2,801+,36.7,523,98.8,75,81.8,190,2.2,801+,3.9,801+,,,,,,,,,,,,,,,,,,,,
Islamic University of Madinah,Saudi Arabia,SA,Asia,L,FO,HI,4,Public,1201-1400,1001-1200,951-1000,801-1000,-,-,8.1,701+,3.5,701+,7.8,801+,3.0,801+,46.5,459,100.0,8,100.0,3,19.1,801+,2.6,801+,7.6,801+,4.4,601+,1.9,601+,8.1,701+,1.4,701+,55.4,333,100.0,9,1.0,701+,5.2,701+,,
Islamic University of Technology,Bangladesh,,Asia,S,FO,VH,,Public,1201-1400,,,,-,,6.5,701+,15.2,701+,13.9,801+,16.2,781,5.6,801+,25.5,653,25.5,680,6.0,801+,5.0,801+,15.2,801+,,,,,,,,,,,,,,,,,,
Istanbul Aydin University,Turkey,TR,Asia,L,FO,HI,2,Private not for Profit,1201-1400,1201-1400,1201-1400,1001-1200,-,-,8.6,701+,6.2,701+,19.1,801+,2.1,801+,13.6,801+,68.6,284,71.7,255,10.2,801+,2.4,801+,32.1,801+,3.7,601+,2.8,601+,12.1,701+,1.4,701+,9.5,701+,50.5,289,1.0,701+,8.4,701+,2.4,701+
Istanbul Bilgi Üniversitesi,Turkey,TR,Asia,M,FO,HI,3,Private not for Profit,1401+,1201-1400,1201-1400,1201-1400,-,-,5.6,701+,9.6,701+,15.2,801+,2.7,801+,4.1,801+,25.4,656,30.9,604,6.6,801+,24.2,653,38.8,801+,4.4,601+,4.5,601+,12.6,701+,2.0,701+,6.4,701+,25.5,470,1.0,701+,10.2,701+,2.6,701+
Istanbul Technical University,Turkey,TR,Asia,L,FO,VH,5,Public,298,326,=404,601-650,45.8,27.6,39.6,305,85.3,91,11.5,801+,35.3,521,10.4,801+,36.5,531,42.2,491,76.2,419,79.7,162,68.5,342=,24.2,357,60.4,131,12.1,701+,13.3,674,7.3,701+,18.3,569,37.2,398,23,365,63.1,232=
Istanbul University,Turkey,TR,Asia,XL,FC,HI,5,Public,628,621-630,711-720,801-1000,27.4,-,33.3,368,43.0,313,4.5,801+,5.1,801+,7.0,801+,20.6,720,26.8,660,70.5,518,78.8,166,37.5,801+,26.4,333,19.1,469,3.0,701+,4.2,701+,6.4,701+,15.7,606,36.1,411,34.7,220,3.4,701+
"ITESO, Universidad Jesuita de Guadalajara",Mexico,MX,,M,CO,MD,4,B,,,1001-1200,801-1000,,-,,,,,,,,,,,,,,,,,,,,,6.3,601+,5.5,601+,58.8,245,1.0,701+,2.5,701+,1.5,701+,1.0,701+,6.6,701+,,
ITMO University,Russia,RU,Europe,L,FO,VH,5,Public,711-720,595,=542,359=,-,21.7,12.7,701+,17.4,701+,92.6,89,11.0,801+,27.2,621,44.5,453,49.7,418,60.1,689,3.9,801+,26.6,801+,12.0,601+,11.6,601+,96.2,55,6.9,701+,21.4,579,38.9,354,27.3,476,7.3,701+,15,612=
IU Indianapolis,United States,,Americas,L,FC,HI,,Public,1001-1200,1001-1200,,,-,,8.9,701+,8.4,701+,23.5,761,22.6,676,38.8,509,9.0,801+,14.7,801+,51.3,801+,6.5,801+,43.7,801+,,,,,,,,,,,,,,,,,,
Ivan Franko National University of Lviv,Ukraine,UA,Europe,L,CO,HI,5,Public,1201-1400,1201-1400,1201-1400,1001-1200,-,-,9.6,701+,25.3,533,32.8,590,1.7,801+,1.3,801+,1.6,801+,6.0,801+,13.3,801+,26.1,622,43.1,801+,4.3,601+,10.1,601+,34.2,467,1.3,701+,1.4,701+,2.0,701+,1.0,701+,12,701+,1.1,701+
Ivane Javakhishvili Tbilisi State University,Georgia,GE,Asia,L,FC,MD,5,Public,951-1000,791-800,801-850,601-650,-,-,11.9,701+,1.4,701+,83.5,150,1.4,801+,1.9,801+,7.5,801+,12.2,801+,24.7,801+,95.2,75,18.2,801+,9.7,601+,2.6,601+,76.0,158,1.2,701+,1.9,701+,3.5,701+,1.2,701+,43.4,166,1.1,701+
Izmir Institute of Technology (IZTECH),Turkey,TR,,M,CO,HI,3,A,,,1201-1400,1201-1400,,-,,,,,,,,,,,,,,,,,,,,,6.6,601+,3.5,601+,5.9,701+,7.5,701+,3.4,701+,2.3,701+,1.0,701+,6.9,701+,3.5,701+
Izmir Yüksek Teknoloji Enstitüsü (IYTE),Turkey,,Asia,S,CO,VH,,Public,1201-1400,1201-1400,,,-,,11.0,701+,10.8,701+,8.3,801+,18.6,742,8.7,801+,5.2,801+,9.4,801+,22.7,801+,2.4,801+,38.7,801+,,,,,,,,,,,,,,,,,,
Jadara University,Jordan,,Asia,M,CO,MD,,Private not for Profit,1401+,,,,-,,9.9,701+,4.2,701+,29.4,644,3.3,801+,4.5,801+,49.7,410,37.1,525,4.2,801+,5.9,801+,,,,,,,,,,,,,,,,,,,,
Jadavpur University,India,IN,Asia,M,FO,VH,5,Public,676,721-730,741-750,701-750,26.1,-,23.2,544,10.5,701+,13.7,801+,55.8,319,,,1.1,801+,5.5,801+,44.0,801+,19.5,733,61.4,470,16.3,538,5.1,601+,8.3,701+,37.9,368,,,1.0,701+,3.1,701+,14.4,587,21.2,533=
Jagiellonian University,Poland,PL,Europe,XL,FO,VH,5,Public,303,312,=304,293=,45.1,34.3,49.9,226,54.4,224,75.3,193,10.4,801+,8.0,801+,30.0,591,35.9,536,88.6,198,61.5,256,71.6,296,37.3,233,47.2,188,65.1,210,6.2,701+,4.9,701+,13.4,655,59.4,248,27.9,289,57.7,259=
Jahangirnagar University,Bangladesh,BD,Asia,L,CO,HI,4,,1201-1400,1201-1400,1201-1400,,-,-,12.2,701+,17.5,701+,5.7,801+,9.3,801+,,,,,,,35.3,801+,4.5,801+,33.2,801+,8.5,601+,13.7,590,,,,,,,,,1.2,701+,,,,
James Cook University,Australia,AU,Oceania,M,FC,VH,4,Public,440,445,=415,461=,34.9,27.0,21.0,591,11.0,701+,27.5,689,60.3,286,46.9,454,37.6,518,43.2,480,83.8,279,11.2,801+,81.9,151=,15.4,567,8.7,601+,14.1,701+,51.1,255,42.0,393,13.5,650,42.5,359,9,701+,83.3,131
Jamia Hamdard,India,IN,,M,CO,VH,3,A,,,1201-1400,1201-1400,,-,,,,,,,,,,,,,,,,,,,,,4.2,601+,1.5,601+,7.6,701+,12.6,686,,,3.0,701+,1.0,701+,7.7,701+,1,701+
"Jamia Hamdard, New Delhi",India,,Asia,M,FO,VH,,Public,1401+,1201-1400,,,-,,6.3,701+,2.8,701+,13.5,801+,25.5,629,,,3.8,801+,7.8,801+,13.7,801+,1.8,801+,14.4,801+,,,,,,,,,,,,,,,,,,
Jamia Millia Islamia,India,IN,,M,CO,VH,5,A,,,951-1000,801-1000,,-,,,,,,,,,,,,,,,,,,,,,8.0,601+,2.6,601+,34.7,458,20.7,551,3.5,701+,4.4,701+,2.0,701+,7.2,701+,3.8,701+
"Jamia Millia Islamia, New Delhi",India,,Asia,M,CO,VH,,Public,761-770,851-900,,,-,,13.0,701+,5.6,701+,40.1,500,47.7,394,4.2,801+,10.7,801+,14.8,801+,60.5,683,6.3,801+,49.7,708=,,,,,,,,,,,,,,,,,,
Jawaharlal Nehru University,India,IN,Asia,M,CO,VH,4,Public,558,580,601-610,601-650,29.5,-,39.8,303,17.4,701+,16.7,801+,37.6,497,,,1.7,801+,6.0,801+,56.9,737,20.6,716,59.3,514=,29.1,298,10.6,601+,12.2,701+,24.1,500,,,1.6,701+,4.8,701+,13.2,648,47.5,320=
Jeju National University,Republic of Korea,,Asia,M,FC,VH,,Public,1201-1400,1201-1400,,,-,,5.1,701+,3.4,701+,44.3,446,13.5,801+,9.4,801+,9.3,801+,13.1,801+,23.4,801+,1.8,801+,53.4,632=,,,,,,,,,,,,,,,,,,
Jeju National University ,South Korea,KR,,M,FC,HI,4,A,,,1201-1400,1001-1200,,-,,,,,,,,,,,,,,,,,,,,,4.8,601+,2.0,601+,25.3,580,6.6,701+,3.8,701+,4.2,701+,1.1,701+,5.2,701+,1.1,701+
Jeonbuk National University,South Korea,KR,,L,FC,VH,4,A,,,721-730,551-560,,-,,,,,,,,,,,,,,,,,,,,,16.7,531,10.7,601+,65.8,207,9.7,701+,8.2,701+,7.4,701+,2.9,701+,5.1,701+,3.1,701+
Jeonbuk National University (formerly known as Chonbuk National University),Republic of Korea,,Asia,L,FC,VH,,Public,701-710,681-690,,,-,,19.9,618,14.2,701+,73.7,207,21.4,693,12.5,801+,16.5,789,20.4,756,34.0,801+,3.5,801+,64.6,407=,,,,,,,,,,,,,,,,,,
Jiangnan University,China (Mainland),CN,Asia,L,FC,VH,2,Public,851-900,1001-1200,1001-1200,1001-1200,-,-,5.8,701+,4.7,701+,15.6,801+,65.0,248,,,,,,,58.3,716,1.2,801+,30.0,801+,4.9,601+,6.8,601+,16.8,701+,20.5,552,,,,,5.8,701+,5.3,701+,1.2,701+
Jilin University,China (Mainland),CN,Asia,XL,FC,VH,4,Public,473,497,=502,497=,33.5,23.1,16.2,701+,47.3,276,35.8,557,53.9,342,15.6,791,2.2,801+,1.9,801+,65.3,620,33.0,513,48.5,743=,14.3,601+,47.1,189,39.3,405,23.6,506,12.4,701+,2.2,701+,17.9,563,18.3,458,13.7,627=
Jinan University (China),China (Mainland),CN,Asia,XL,FC,VH,4,Public,540,580,631-640,701-750,30.5,-,8.6,701+,8.7,701+,12.3,801+,75.3,177,41.6,486,89.1,174,66.3,295,47.2,801+,10.5,801+,40.5,801+,5.6,601+,2.1,601+,9.4,701+,42.9,310,36.7,440,85.2,142,9.6,677,7.3,701+,5,701+
Johannes Gutenberg Universität Mainz,Germany,DE,Europe,L,FO,VH,5,Public,452,501,464,420=,34.2,24.8,32.5,378,19.8,667,70.5,225,18.1,750,51.3,433,26.4,641,32.4,584,87.5,209,18.1,756,52.2,658=,22.6,389,12.7,601+,54.5,281,14.8,641,38.5,418,16.2,594,70.2,193,10.4,701+,19,552=
Johannes Kepler University Linz,Austria,AT,Europe,M,FO,VH,4,Public,473,472,=446,350=,33.5,25.7,17.5,700,14.9,701+,80.0,166,25.2,635,89.9,223,57.5,360,61.6,327,56.6,743,15.3,801+,61.0,480=,12.5,601+,13.5,598,82.9,122,16.1,617,86.3,201,27.2,447,26.5,487,11.1,701+,18.4,560=
Johns Hopkins University,United States,US,Americas,L,FC,VH,5,Private not for Profit,24,32,28,24,89.7,84.5,93.2,51,79.2,108,100.0,14,85.8,118,70.8,333,94.2,137,94.6,113,97.4,29,84.1,141,93.0,35,87.3,51,59.7,134,100.0,8,89.4,77,64.4,300,91.4,111,98.1,21,74.5,60,84.6,122
Jordan University of Science & Technology,Jordan,JO,Asia,L,CO,VH,3,Public,461,554,731-740,801-1000,33.9,-,32.0,386,47.8,273,23.1,774,12.3,801+,66.7,350,87.9,183,83.8,180,54.6,775,5.8,801+,52.1,661=,18.5,480,24.5,391,16.4,701+,4.7,701+,13.9,687,31.6,405,9.9,670,9.8,701+,22,523
Jouf University,Saudi Arabia,SA,,L,FC,HI,2,A,,,801-850,701-750,,-,,,,,,,,,,,,,,,,,,,,,8.8,601+,5.3,601+,45.1,350,1.9,701+,100.0,27,2.8,701+,2.2,701+,8,701+,1,701+
Julius-Maximilians-Universität Würzburg,Germany,DE,Europe,L,FC,VH,5,Public,416,428,440,410=,36.5,25.9,21.4,579,9.9,701+,8.9,801+,87.0,115,60.1,389,19.7,731,14.9,801+,78.3,379,17.0,783,50.2,699=,17.4,511,6.0,601+,4.9,701+,68.0,154,35.5,449,16.4,591,41.9,363,9.5,701+,11.7,647=
Justus-Liebig-University Giessen,Germany,DE,,L,FC,VH,5,A,,,=396,490=,,28.1,,,,,,,,,,,,,,,,,,,,,13.6,601+,6.1,601+,1.7,701+,85.7,92,12.1,701+,18.9,561,63.8,221,9.5,701+,11.1,655
Justus-Liebig-Universität Gießen,Germany,,Europe,L,FC,VH,,Public,496,445,,,32.4,,15.4,701+,9.6,701+,2.7,801+,85.6,121,19.3,724,28.9,605,21.7,738,80.7,340,17.0,784,53.4,632=,,,,,,,,,,,,,,,,,,
Kagoshima University,Japan,JP,Asia,M,FC,VH,4,Public,1201-1400,1001-1200,1001-1200,701-750,-,-,7.8,701+,4.7,701+,69.6,234,6.1,801+,5.1,801+,5.0,801+,4.0,801+,24.0,801+,1.6,801+,23.0,801+,6.1,601+,2.9,601+,65.8,206,3.9,701+,4.0,701+,3.0,701+,1.8,701+,7.2,701+,1.3,701+
KAIST - Korea Advanced Institute of Science & Technology,South Korea,KR,,M,CO,VH,4,A,,,56,42=,,72.2,,,,,,,,,,,,,,,,,,,,,89.9,44,88.8,53,66.2,202,97.7,35,22.3,570,11.6,682,10.6,662,41.8,174,14.2,621=
Kalinga Institute of Industrial Technology,India,,Asia,L,CO,VH,,Private not for Profit,1001-1200,,,,-,,6.4,701+,5.2,701+,52.1,360,5.3,801+,18.0,744,25.0,664,29.4,623,53.3,790,1.7,801+,50.7,692,,,,,,,,,,,,,,,,,,
Kanazawa University,Japan,JP,Asia,M,FC,VH,4,Public,901-950,901-950,851-900,601-650,-,-,13.2,701+,7.1,701+,58.1,311,22.1,684,11.6,801+,10.8,801+,15.4,801+,33.9,801+,1.7,801+,53.1,644=,9.3,601+,4.4,601+,60.8,232,12.1,696,9.2,701+,5.8,701+,2.4,701+,7.9,701+,1.4,701+
Kangwon National University,Republic of Korea,,Asia,L,FC,HI,,Public,1001-1200,1001-1200,,,-,,8.0,701+,7.1,701+,32.0,601,15.4,798,6.5,801+,10.2,801+,14.2,801+,28.6,801+,3.5,801+,56.6,568=,,,,,,,,,,,,,,,,,,
Kangwon National University ,South Korea,KR,,L,FC,HI,2,A,,,1001-1200,1001-1200,,-,,,,,,,,,,,,,,,,,,,,,5.8,601+,5.4,601+,20.0,665,8.9,701+,4.0,701+,2.5,701+,1.7,701+,6,701+,17.6,573
Kansas State University,United States,US,Americas,L,CO,VH,5,Public,901-950,851-900,851-900,801-1000,-,-,9.1,701+,11.9,701+,16.2,801+,31.6,569,26.2,633,9.5,801+,7.3,801+,60.4,685,21.0,706,43.4,801+,8.9,601+,8.0,601+,12.0,701+,20.0,558,24.0,547,5.2,701+,19.0,550,13,660,26.1,485=
Karaganda Buketov University,Kazakhstan,KZ,Asia,L,CO,MD,4,Private not for Profit,901-950,901-950,851-900,801-1000,-,-,17.6,698,36.7,389,60.0,301,1.2,801+,14.5,801+,18.5,754,19.8,766,5.7,801+,10.5,801+,22.3,801+,13.7,601+,19.9,457,32.4,491,1.2,701+,22.2,571,7.3,701+,1.0,701+,11.9,701+,1,701+
Karaganda State Technical University,Kazakhstan,KZ,,M,FO,HI,4,A,,,801-850,651-700,,-,,,,,,,,,,,,,,,,,,,,,8.4,601+,6.8,601+,80.6,138,1.1,701+,8.2,701+,18.4,569,1.0,701+,12.1,701+,2.1,701+
Karl-Franzens-Universitaet Graz,Austria,AT,,L,CO,VH,5,A,,,661-670,651-700,,-,,,,,,,,,,,,,,,,,,,,,21.3,407,9.5,601+,12.3,701+,10.9,701+,46.9,369,28.4,439,15.2,596,18.3,456,19.2,549=
Karl-Franzens-Universität Graz,Austria,,Europe,L,FO,VH,,Public,668,671-680,,,26.3,,26.8,469,13.1,701+,18.9,801+,13.6,801+,53.4,424,38.6,511,28.9,628,70.3,524,44.0,403,52.7,652=,,,,,,,,,,,,,,,,,,
Karlsruhe Institute of Technology (KIT),Germany,,Europe,L,FO,VH,,Public,98,102,,,69.1,,57.1,194,87.4,82,48.9,397,77.1,168,83.8,265,56.9,363,61.1,330,86.9,219,61.5,254,79.5,180=,,,,,,,,,,,,,,,,,,
Kasetsart University,Thailand,TH,Asia,XL,CO,VH,4,Public,701-710,781-790,751-760,801-1000,-,-,37.4,320,37.1,383,10.3,801+,4.6,801+,7.7,801+,1.7,801+,6.2,801+,46.2,801+,31.2,534,60.8,491=,24.3,356,21.8,431,6.2,701+,2.5,701+,4.8,701+,1.3,701+,5.2,701+,19.3,435,51.5,297=
Kaunas University of Technology,Lithuania,LT,Europe,M,FO,VH,5,Public,741-750,751-760,801-850,801-1000,-,-,15.1,701+,22.0,602,37.9,533,17.5,761,4.8,801+,40.0,489,45.4,458,68.6,556,29.0,570,58.9,521=,11.3,601+,21.8,430,31.5,499,6.8,701+,3.3,701+,24.1,486,16.9,575,8.4,701+,1.9,701+
Kazakh Ablai khan University of International Relations and World Languages,Kazakhstan,KZ,Asia,M,SP,LO,4,Public,1201-1400,1201-1400,1001-1200,1001-1200,-,-,10.4,701+,16.7,701+,54.1,348,1.0,801+,9.9,801+,8.7,801+,11.8,801+,1.3,801+,4.2,801+,,,6.5,601+,6.7,601+,35.5,448,1.0,701+,6.7,701+,4.4,701+,1.0,701+,12.1,701+,1.8,701+
Kazakh-British Technical University,Kazakhstan,KZ,Asia,M,FO,HI,2,Public,1001-1200,1001-1200,1001-1200,801-1000,-,-,15.9,701+,41.9,321,17.8,801+,2.6,801+,15.3,801+,4.1,801+,8.2,801+,13.9,801+,4.3,801+,32.7,801+,13.1,601+,22.6,420,20.0,666,1.4,701+,5.3,701+,2.1,701+,1.0,701+,12.2,701+,1,701+
Kazakh National Agrarian University,Kazakhstan,,Asia,M,SP,MD,,Public,697,671-680,,,25.1,,22.8,550,27.7,499,92.6,91,1.4,801+,26.2,634,39.2,499,35.2,550,7.7,801+,4.3,801+,38.7,801+,,,,,,,,,,,,,,,,,,
Kazakh National Agrarian University KazNAU,Kazakhstan,KZ,,M,SP,,4,A,,,641-650,481=,,-,,,,,,,,,,,,,,,,,,,,,17.4,510,13.1,601+,79.8,139,1.1,701+,20.2,588,24.3,481,1.0,701+,11.8,701+,1.1,701+
Kazakh National Pedagogical University Abai,Kazakhstan,,Asia,L,CO,MD,,Public,628,671-680,,,27.4,,31.7,387,34.9,409,71.2,217,1.3,801+,55.4,409,13.5,801+,15.7,801+,9.0,801+,16.6,792,35.6,801+,,,,,,,,,,,,,,,,,,
Kazan Federal University,Russia,,Europe,L,FC,VH,,Public,450,401,,,34.3,,27.2,460,19.5,669,98.1,54,3.8,801+,14.0,801+,97.7,94,97.8,83,86.7,225,19.6,732,55.3,596=,,,,,,,,,,,,,,,,,,
Kazan National Research Technological University,Russia,RU,Europe,L,CO,HI,5,Public,1401+,1201-1400,1001-1200,1001-1200,-,-,5.3,701+,7.8,701+,27.9,682,2.0,801+,1.9,801+,30.9,581,32.4,585,10.3,801+,5.5,801+,13.7,801+,5.0,601+,3.6,601+,23.1,615,1.4,701+,2.5,701+,44.0,329,1.0,701+,7.8,701+,1,701+
Kazan (Volga region) Federal University,Russia,RU,,L,FC,VH,5,A,,,=396,322,,28.1,,,,,,,,,,,,,,,,,,,,,22.7,387,7.6,601+,93.7,68,2.8,701+,10.5,701+,96.1,82,61.7,234,11.2,701+,24.4,497=
Keele University,United Kingdom,UK,Europe,M,FC,VH,4,Public,801-850,791-800,781-790,751-800,-,-,8.5,701+,8.0,701+,21.3,801+,28.5,600,60.9,385,50.7,408,42.3,490,66.4,601,10.1,801+,39.4,801+,6.7,601+,4.3,601+,15.2,701+,27.1,462,53.1,344,33.2,391,11.6,642,10.5,701+,3.1,701+
Keio University,Japan,JP,Asia,XL,FC,VH,5,Private not for Profit,215,188,214,197=,54.5,44.0,65.5,153,93.8,57,65.2,268,9.4,801+,15.2,801+,19.6,735,25.8,674,55.6,759,95.8,71,68.9,331=,51.4,156,93.5,42,58.0,246,6.0,701+,9.6,701+,9.2,701+,9.2,689,79.8,50,39.3,366
Kent State University,United States,US,Americas,L,FO,VH,5,Public,1001-1200,1001-1200,1001-1200,1001-1200,-,-,7.0,701+,4.8,701+,9.0,801+,20.0,711,25.4,645,15.7,801+,11.9,801+,62.5,659,11.3,801+,40.8,801+,5.9,601+,4.1,601+,6.6,701+,15.1,633,27.2,506,4.8,701+,7.5,701+,10.4,701+,4.4,701+
Kenyatta University,Kenya,KE,,XL,CO,MD,,,,,1201-1400,,,-,,,,,,,,,,,,,,,,,,,,,7.1,601+,8.0,601+,1.4,701+,1.3,701+,,,,,1.0,701+,15.1,555,,
Khalifa University of Science and Technology,United Arab Emirates,AE,Asia,S,SP,VH,2,Public,177,202,=230,181=,58.8,41.6,34.3,356,42.8,314,83.2,152,83.9,131,100.0,11,83.0,206,82.5,186,81.1,329,12.6,801+,68.1,349=,19.7,448,20.4,451,87.2,98,48.3,281,100.0,10,75.3,184,29.6,459,9,701+,66.5,220=
Kharkiv National University of Radio Electronics,Ukraine,UA,Europe,M,SP,HI,4,Public,1201-1400,1201-1400,1201-1400,1001-1200,-,-,3.2,701+,22.5,591,31.1,615,2.2,801+,1.8,801+,10.7,801+,14.9,801+,12.9,801+,4.7,801+,33.3,801+,3.7,601+,13.1,601+,26.0,569,1.5,701+,1.4,701+,10.9,696,1.0,701+,10.5,701+,2.1,701+
Khazar University,Azerbaijan,,Asia,M,CO,MD,,Private not for Profit,951-1000,,,,-,,7.8,701+,15.1,701+,60.6,297,3.3,801+,82.3,277,37.1,525,35.8,538,7.6,801+,11.9,801+,27.5,801+,,,,,,,,,,,,,,,,,,
Khoja Akhmet Yassawi International Kazakh-Turkish University,Kazakhstan,KZ,Asia,M,FC,MD,3,Public,761-770,801-850,781-790,701-750,-,-,19.1,646,46.3,287,57.5,316,1.3,801+,27.8,612,45.5,442,40.0,503,4.1,801+,10.7,801+,30.1,801+,14.6,593,20.9,443,53.0,294,1.2,701+,8.5,701+,15.5,611,1.0,701+,11.6,701+,4.4,701+
Khon Kaen University,Thailand,TH,Asia,XL,FC,HI,4,Public,901-950,951-1000,951-1000,801-1000,-,-,26.6,472,22.6,585,11.7,801+,8.8,801+,6.4,801+,3.3,801+,7.6,801+,57.1,733,5.9,801+,59.9,504=,16.4,536,12.1,601+,8.1,701+,4.1,701+,6.9,701+,2.7,701+,3.3,701+,9.7,701+,29.9,449=
Khulna University,Bangladesh,BD,Asia,M,CO,HI,3,,1401+,1201-1400,1401+,,-,-,8.6,701+,7.9,701+,14.3,801+,8.6,801+,,,,,,,20.8,801+,4.3,801+,25.4,801+,5.9,601+,5.3,601+,,,,,,,,,1.0,701+,,,,
Khulna University of Engineering and Technology,Bangladesh,BD,Asia,M,SP,HI,3,Public,1401+,1201-1400,1201-1400,,-,-,7.3,701+,16.7,701+,10.5,801+,13.4,801+,1.4,801+,,,,,12.6,801+,4.5,801+,22.0,801+,5.9,601+,11.4,601+,11.2,701+,4.8,701+,,,,,1.0,701+,8.3,701+,1,701+
Kindai University (Kinki University),Japan,JP,,XL,FC,HI,4,C,,,1201-1400,1201-1400,,-,,,,,,,,,,,,,,,,,,,,,5.3,601+,4.6,601+,10.6,701+,4.5,701+,16.4,646,2.1,701+,1.2,701+,7.8,701+,1.1,701+
Kindai University (previously Kinki University),Japan,,Asia,XL,FC,HI,,Private for Profit,1401+,1201-1400,,,-,,5.3,701+,6.4,701+,10.2,801+,8.6,801+,25.7,637,3.2,801+,7.4,801+,30.4,801+,1.7,801+,41.2,801+,,,,,,,,,,,,,,,,,,
King Abdul Aziz University (KAU),Saudi Arabia,,Asia,XL,FC,VH,,Public,163,149,,,60.7,,67.5,145,76.6,118,41.4,490,47.8,390,83.1,270,9.2,801+,14.9,801+,95.0,84,44.9,392,77.5,206=,,,,,,,,,,,,,,,,,,
King Abdulaziz University (KAU),Saudi Arabia,SA,,XL,FC,VH,4,A,,,=143,106=,,52.0,,,,,,,,,,,,,,,,,,,,,54.5,143,61.6,127,52.5,300,37.5,374,97.5,124,23.1,500,84.4,121,17.3,483,43.5,342=
King Fahd University of Petroleum & Minerals,Saudi Arabia,SA,Asia,M,FO,VH,4,Public,67,101,=180,160,76.5,48.0,53.5,206,75.6,124,92.4,93,93.2,85,100.0,27,76.2,250,76.6,228,81.0,330,97.8,48,62.7,444=,32.9,267,36.5,268,82.8,124,65.8,165,100.0,24,31.8,402,25.7,492,38.9,185,20.9,536=
King Faisal University,Saudi Arabia,SA,Asia,L,FC,HI,3,Public,648,761-770,851-900,801-1000,26.8,-,25.3,506,29.8,476,24.5,743,6.3,801+,99.4,121,11.0,801+,14.9,801+,66.0,609,14.9,801+,54.3,617=,15.0,585,8.6,601+,11.4,701+,2.4,701+,99.2,95,2.0,701+,3.1,701+,7.5,701+,1.1,701+
King Khalid University,Saudi Arabia,SA,Asia,L,FC,VH,3,Public,535,601-610,761-770,701-750,30.6,-,25.8,489,17.6,701+,64.6,274,7.0,801+,100.0,30,35.9,535,26.9,658,84.4,266,2.7,801+,45.7,801+,12.8,601+,5.1,601+,43.0,366,2.2,701+,100.0,31,10.2,701+,7.8,701+,7.8,701+,1.1,701+
King Mongkut's Institute of Technology Ladkrabang,Thailand,TH,Asia,L,CO,VH,4,Public,1201-1400,1201-1400,1201-1400,1201-1400,-,-,13.5,701+,11.4,701+,6.3,801+,6.1,801+,31.2,576,4.2,801+,8.5,801+,20.2,801+,10.7,801+,36.7,801+,8.1,601+,7.4,601+,4.8,701+,3.1,701+,15.7,656,1.6,701+,1.1,701+,9.5,701+,1.3,701+
King Mongkut's University of Technology North Bangkok,Thailand,TH,Asia,L,FO,VH,3,Public,1201-1400,1201-1400,1201-1400,,-,-,13.4,701+,11.9,701+,5.3,801+,7.3,801+,3.8,801+,1.4,801+,5.8,801+,31.1,801+,3.1,801+,31.7,801+,8.1,601+,5.8,601+,3.7,701+,3.0,701+,3.4,701+,1.1,701+,1.1,701+,8.3,701+,1.1,701+
King Mongkut's University of Technology Thonburi,Thailand,TH,Asia,L,CO,VH,3,Public,901-950,951-1000,951-1000,801-1000,-,-,20.8,596,15.1,701+,17.9,801+,17.7,757,11.7,801+,7.1,801+,11.5,801+,45.0,801+,3.1,801+,61.5,467=,13.1,601+,7.2,601+,14.0,701+,7.6,701+,12.5,701+,3.5,701+,1.6,701+,8.4,701+,49.4,312=
King's College London,United Kingdom,UK,,XL,FC,VH,5,A,,,40,37,,79.3,,,,,,,,,,,,,,,,,,,,,89.5,46,82.3,68,64.6,215,61.1,201,98.8,99,100.0,23,99.2,14,34.4,223,81.1,142=
King's College London (KCL),United Kingdom,,Europe,XL,FC,VH,,Public,31,40,,,88.3,,96.2,44,91.8,65,74.4,202,70.2,215,99.5,115,99.0,70,99.0,61,98.4,19,76.4,174,96.5,14,,,,,,,,,,,,,,,,,,
King Saud University,Saudi Arabia,SA,Asia,XL,FC,VH,4,Public,143,200,=203,237=,63.1,45.2,54.8,204,57.7,201,55.7,336,65.6,244,100.0,89,29.2,600,35.2,549,96.8,41,99.4,23,63.1,439=,36.9,236,21.3,435,64.2,218,32.2,419,99.7,83,21.3,525,88.6,92,71.7,67,75.8,171=
"Kingston University, London",United Kingdom,UK,Europe,L,CO,HI,3,Public,660,601-610,601-610,601-650,26.5,-,20.7,598,24.6,547,7.2,801+,12.7,801+,77.3,309,95.8,115,96.1,98,52.0,801+,16.4,801+,49.5,715=,17.5,506,12.6,601+,6.1,701+,8.7,701+,71.9,265,99.4,45,9.2,690,14.1,605,9.8,669=
"KIT, Karlsruhe Institute of Technology",Germany,DE,,L,CO,VH,4,A,,,119,141=,,56.4,,,,,,,,,,,,,,,,,,,,,45.6,182,76.8,76,36.0,443,71.9,139,70.4,275,46.7,312,76.0,166,38.7,187,23.9,504=
Kobe University,Japan,JP,Asia,L,FC,VH,4,Public,482,465,=476,363=,33,24.3,36.9,324,39.0,353,45.0,434,19.4,725,11.2,801+,10.7,801+,15.9,801+,53.3,791,27.0,608,73.3,269=,28.5,308,38.8,248,53.2,292,11.6,701+,7.4,701+,7.7,701+,8.7,701+,11.9,701+,10.9,658=
Koc University,Turkey,,Asia,M,FC,VH,,Private not for Profit,323,401,,,43.1,,36.0,338,77.5,113,21.0,801+,52.6,359,30.1,584,22.2,697,27.7,643,50.4,801+,10.8,801+,62.4,450=,,,,,,,,,,,,,,,,,,
Konkuk University,Republic of Korea,,Asia,L,FC,VH,,Private not for Profit,654,721-730,,,26.6,,11.6,701+,12.8,701+,61.3,292,34.1,537,16.2,774,43.9,458,49.1,424,52.5,799,14.7,801+,61.8,460=,,,,,,,,,,,,,,,,,,
Konkuk University ,South Korea,KR,,L,FC,VH,4,B,,,801-850,651-700,,-,,,,,,,,,,,,,,,,,,,,,9.4,601+,9.3,601+,59.0,241,13.8,660,7.7,701+,9.8,701+,2.8,701+,9.9,701+,2.3,701+
Kookmin University,Republic of Korea,,Asia,L,CO,HI,,Private for Profit,1001-1200,1201-1400,,,-,,5.3,701+,6.2,701+,51.0,371,5.3,801+,7.0,801+,63.5,316,63.9,311,9.9,801+,5.2,801+,43.7,801+,,,,,,,,,,,,,,,,,,
Kookmin University ,South Korea,KR,,L,CO,HI,4,C,,,1001-1200,1001-1200,,-,,,,,,,,,,,,,,,,,,,,,5.2,601+,4.0,601+,28.8,535,3.5,701+,5.5,701+,21.0,535,1.0,701+,6.5,701+,1,701+
Korea University,Republic of Korea,,Asia,L,FC,VH,,Private not for Profit,61,67,,,79.6,,89.2,70,95.4,48,77.0,183,68.2,229,24.5,656,64.0,311,67.5,287,67.7,573,93.6,83,85.9,101,,,,,,,,,,,,,,,,,,
Korea University,South Korea,KR,,L,FC,VH,4,B,,,79,74,,64.7,,,,,,,,,,,,,,,,,,,,,82.2,64,94.0,40,81.0,137,36.6,382,13.6,694,36.3,370,19.6,546,70.6,71,58.6,255=
Korkyt Ata Kyzylorda University,Kazakhstan,KZ,,M,FO,MD,4,A,,,1201-1400,,,-,,,,,,,,,,,,,,,,,,,,,5.9,601+,6.3,601+,5.1,701+,1.0,701+,2.6,701+,1.2,701+,1.0,701+,12.4,701+,1.3,701+
Koç University,Turkey,TR,,M,FC,HI,3,B,,,=431,477=,,26.2,,,,,,,,,,,,,,,,,,,,,22.4,393,47.3,187,24.0,591,28.6,448,27.3,504,11.2,687,6.4,701+,11,701+,29.9,449=
KTH Royal Institute of Technology,Sweden,SE,Europe,L,FO,VH,5,Public,78,74,=73,89,73.6,66.4,60.2,174,62.1,183,68.3,242,88.2,109,95.6,171,81.8,215,60.9,331,91.7,147,72.7,197,89.8,66,45.7,181,51.1,162,66.2,201,90.2,74,93.2,162,68.1,217,80.7,142,56.9,108,96.1,44=
KU Leuven,Belgium,BE,Europe,XL,FC,VH,5,Public,60,63,61,76,79.7,70.1,93.0,53,63.5,169,9.6,801+,94.7,75,95.8,166,65.1,307,48.5,428,99.5,4,83.5,143,94.7,25,84.6,56,42.4,220,7.0,701+,92.7,66,93.1,163,45.7,318,99.9,6,56.1,111,75.6,173=
Kumamoto University,Japan,JP,Asia,M,FC,VH,4,Public,951-1000,951-1000,901-950,651-700,-,-,9.2,701+,4.4,701+,67.5,249,21.4,692,8.2,801+,6.9,801+,11.4,801+,33.9,801+,3.4,801+,50.4,696=,7.6,601+,3.1,601+,56.0,266,12.3,691,5.9,701+,3.4,701+,3.1,701+,8.1,701+,1.9,701+
Kuwait University,Kuwait,KW,Asia,XL,FC,HI,4,Public,781-790,801-850,851-900,1001-1200,-,-,20.9,594,17.5,701+,9.4,801+,5.5,801+,24.1,662,32.0,567,37.8,519,55.1,769,97.1,56,58.3,539=,13.6,601+,8.3,601+,6.4,701+,2.2,701+,30.4,487,21.0,534,10.9,654,51.3,128,18.8,555=
Kwame Nkrumah University of Science and Technology,Ghana,GH,Africa,XL,CO,HI,,,1201-1400,1201-1400,1401+,,-,-,10.2,701+,9.2,701+,6.0,801+,3.9,801+,,,,,,,65.9,611,49.9,344,42.3,801+,5.9,601+,7.6,601+,,,,,,,,,10.8,656,,,,
Kwansei Gakuin University,Japan,JP,,L,CO,HI,4,B,,,1201-1400,1201-1400,,-,,,,,,,,,,,,,,,,,,,,,4.2,601+,6.4,601+,4.5,701+,2.5,701+,24.4,543,3.9,701+,1.0,701+,10.6,701+,1,701+
Kyoto Institute of Technology,Japan,JP,Asia,S,FO,VH,4,Public,1201-1400,1201-1400,1001-1200,1001-1200,-,-,8.0,701+,6.3,701+,18.6,801+,18.7,741,15.3,801+,13.6,801+,17.1,801+,13.2,801+,1.8,801+,24.6,801+,6.4,601+,4.0,601+,16.2,701+,12.9,678,11.0,701+,7.9,701+,1.0,701+,7.8,701+,1.1,701+
Kyoto University,Japan,JP,Asia,L,FC,VH,5,Public,57,50,46,36,80.2,76.3,99.7,19,99.3,22,94.3,80,50.9,369,22.9,675,29.2,601,35.1,551,85.5,247,85.9,132,84.0,124=,98.7,20,99.1,14,94.7,63,49.3,270,14.9,670,20.8,538,57.3,266,53.2,118,88.4,103=
Kyrgyz National University,Kyrgyzstan,,Asia,L,CO,LO,,Public,1201-1400,,,,-,,14.3,701+,12.6,701+,28.4,671,1.1,801+,2.6,801+,14.0,801+,16.2,801+,4.5,801+,51.7,327,,,,,,,,,,,,,,,,,,,,
Kyrgyz Russian Slavic University,Kyrgyzstan,,Asia,M,CO,MD,,Public,1001-1200,851-900,,,-,,10.9,701+,13.4,701+,99.9,30,1.0,801+,,,,,,,1.6,801+,35.4,486,,,,,,,,,,,,,,,,,,,,
Kyrgyz State Technical University named after I. Razzakov,Kyrgyzstan,,Asia,L,SP,LO,,Public,1201-1400,1201-1400,,,-,,16.1,701+,15.1,701+,13.9,801+,1.0,801+,10.7,801+,11.5,801+,14.2,801+,1.1,801+,30.6,542,8.5,801+,,,,,,,,,,,,,,,,,,
Kyrgyz-Turkish Manas University,Kyrgyzstan,KG,Asia,S,CO,HI,3,Public,951-1000,901-950,851-900,801-1000,-,-,19.2,642,23.0,579,14.5,801+,3.0,801+,95.3,175,28.2,613,26.6,663,8.2,801+,7.9,801+,33.1,801+,13.0,601+,7.3,601+,12.2,701+,1.6,701+,85.3,206,24.7,478,1.0,701+,14.5,578,,
Kyung Hee University,Republic of Korea,,Asia,L,FC,VH,,Private not for Profit,331,328,,,42.5,,34.6,349,43.0,312,86.2,125,25.9,625,19.8,715,68.5,286,71.5,256,66.8,592,21.6,698,74.9,237=,,,,,,,,,,,,,,,,,,
Kyung Hee University,South Korea,KR,,L,FC,VH,4,B,,,=332,270=,,32.5,,,,,,,,,,,,,,,,,,,,,28.0,312,41.6,224,84.8,106,14.0,657,14.2,684,54.0,272,16.7,577,12.1,701+,33.5,413=
Kyungpook National University,Republic of Korea,,Asia,L,FC,VH,,Public,519,516,,,31.3,,18.0,680,20.3,649,78.5,175,29.6,593,18.7,733,44.6,452,49.7,417,55.8,752,15.5,801+,68.3,344=,,,,,,,,,,,,,,,,,,
Kyungpook National University,South Korea,KR,,L,FC,VH,4,A,,,=520,501-510,,22.6,,,,,,,,,,,,,,,,,,,,,11.1,601+,18.0,486,64.5,217,17.2,597,9.8,701+,20.1,545,7.7,701+,43.1,168,54.6,279=
Kyushu Institute of Technology,Japan,JP,Asia,M,SP,VH,5,Public,1001-1200,1001-1200,1001-1200,1001-1200,-,-,5.0,701+,9.0,701+,12.9,801+,37.5,499,10.4,801+,5.9,801+,10.1,801+,21.6,801+,1.8,801+,34.9,801+,4.7,601+,5.4,601+,11.3,701+,23.0,514,9.0,701+,4.6,701+,1.1,701+,8,701+,1,701+
Kyushu University,Japan,JP,Asia,L,FC,VH,5,Public,170,167,=164,135,59.3,49.7,71.3,130,72.1,140,87.1,121,34.2,534,24.5,657,39.0,502,44.5,468,76.4,416,20.9,710,74.8,241=,57.4,132,70.0,104,85.7,103,23.9,503,14.7,671,25.6,467,32.8,436,15.4,547,77.7,163=
L.N. Gumilyov Eurasian National University,Kazakhstan,,Asia,L,FO,VH,,Public,317,321,,,43.9,,40.1,300,85.8,86,94.7,78,2.0,801+,84.6,262,25.8,649,27.2,650,31.4,801+,7.5,801+,46.6,801+,,,,,,,,,,,,,,,,,,
L.N. Gumilyov Eurasian National University (ENU),Kazakhstan,KZ,,L,FO,VH,3,A,,,=355,277,,30.9,,,,,,,,,,,,,,,,,,,,,29.5,293,51.7,157,96.8,53,1.4,701+,59.3,319,5.7,701+,1.1,701+,10.9,701+,9.6,678=
La Trobe University,Australia,AU,Oceania,L,CO,VH,4,Public,233,217,242,316,52.1,40.3,33.4,365,29.0,488,13.2,801+,87.8,110,95.6,173,97.4,97,97.5,85,82.1,310,28.0,594,82.2,146=,22.6,388,20.2,453,6.9,701+,77.5,124,94.4,156,98.4,57,45.8,337,14.3,591,28.9,460=
Lahore University of Management Sciences (LUMS),Pakistan,PK,Asia,S,CO,VH,3,Private not for Profit,555,535,=540,601-650,29.7,21.8,21.4,578,77.3,114,28.8,660,16.5,775,10.8,801+,3.1,801+,7.3,801+,26.2,801+,48.4,358,45.0,801+,15.7,555,72.0,97,35.1,452,6.0,701+,7.3,701+,1.9,701+,1.1,701+,22.2,373,1.4,701+
Lancaster University,United Kingdom,UK,Europe,L,FC,VH,4,Public,157,141,122,146,61.4,55.7,51.2,217,45.8,296,36.1,555,77.5,166,96.4,161,93.3,141,93.8,117,87.0,216,38.2,452,89.2,68=,39.7,215,40.2,236,25.2,581,79.3,115,93.6,157,90.6,116,75.3,171,20.7,400,98,24
Lanzhou University,China (Mainland),CN,Asia,XL,CO,VH,5,Public,791-800,721-730,791-800,751-800,-,-,9.4,701+,5.3,701+,43.4,460,47.7,393,3.0,801+,2.2,801+,1.9,801+,69.6,540,11.1,801+,45.3,801+,8.3,601+,2.3,601+,26.3,566,38.1,366,2.5,701+,1.6,701+,15.3,594,6.2,701+,9.8,669=
Lappeenranta-Lahti University of Technology LUT,Finland,FI,Europe,M,SP,VH,4,Public,397,336,=351,388=,37.7,31.2,8.7,701+,15.7,701+,11.9,801+,95.9,63,70.1,334,58.1,354,62.1,321,54.4,778,10.4,801+,72.2,289=,6.9,601+,13.3,601+,11.1,701+,97.7,36,45.2,378,18.2,573,14.7,599,11.4,701+,39,367=
Latvia University of Life Sciences and Technologies,Latvia,,Europe,S,FO,VH,,Public,1201-1400,,,,-,,7.5,701+,10.1,701+,5.7,801+,7.9,801+,1.8,801+,16.5,790,19.1,776,24.1,801+,17.7,768,35.8,801+,,,,,,,,,,,,,,,,,,
Laval University,Canada,,Americas,L,FC,VH,,Public,469,423,,,33.7,,25.3,503,11.3,701+,33.3,585,29.8,590,57.4,402,54.9,378,59.2,345,78.8,371,49.9,347,81.6,154=,,,,,,,,,,,,,,,,,,
Lebanese American University,Lebanon,LB,Asia,M,FC,HI,4,Private not for Profit,535,701-710,661-670,601-650,30.6,-,20.2,610,44.6,301,31.3,612,10.7,801+,80.6,293,26.6,638,31.7,593,78.3,380,29.2,564,58.3,539=,10.5,601+,28.2,342,35.5,447,3.2,701+,78.9,233,26.4,457,1.0,701+,10.4,701+,7.8,701+
Lebanese University,Lebanon,LB,Asia,XL,FC,HI,4,Public,515,567,=577,601-650,31.5,20.5,32.9,372,55.3,219,16.0,801+,3.4,801+,52.2,427,47.2,428,44.1,474,59.9,695,38.9,445,45.2,801+,23.7,364,49.8,171,11.6,701+,2.1,701+,43.3,387,31.9,401,2.3,701+,9.9,701+,2.1,701+
Leeds Beckett University,United Kingdom,UK,Europe,L,CO,HI,3,Public,1001-1200,1001-1200,1001-1200,1001-1200,-,-,5.1,701+,10.3,701+,5.2,801+,13.5,801+,46.9,453,45.2,447,50.3,412,36.6,801+,10.8,801+,61.7,464=,4.4,601+,8.0,601+,4.4,701+,8.1,701+,35.2,453,18.0,574,2.2,701+,11.5,701+,1.6,701+
Lehigh University,United States,US,Americas,M,CO,VH,5,Private not for Profit,668,641-650,=548,591-600,26.3,21.4,7.2,701+,12.4,701+,30.5,625,37.1,501,68.9,339,40.0,490,45.4,459,44.9,801+,45.4,385,61.5,467=,5.8,601+,4.2,601+,26.2,567,38.4,362,62.4,311,29.6,426,9.1,693,28.3,285,47.5,320=
Leibniz University Hannover,Germany,DE,,L,CO,VH,5,A,,,=481,601-650,,23.9,,,,,,,,,,,,,,,,,,,,,21.3,408,33.2,298,16.8,701+,14.8,640,40.5,408,30.6,418,44.3,350,13.1,654,29.9,449=
Leibniz Universität Hannover,Germany,,Europe,L,FO,VH,,Public,433,426,,,35.6,,29.6,419,37.2,378,19.9,801+,33.7,540,54.7,413,33.3,556,39.1,507,80.5,345,20.3,720,78.7,188=,,,,,,,,,,,,,,,,,,
Leiden University,Netherlands,NL,Europe,XL,FC,VH,5,Public,119,141,=126,131=,65.7,54.8,80.4,97,46.3,288,30.3,629,64.9,249,89.7,225,68.4,288,50.9,408,94.3,93,61.2,263,58.6,530=,69.1,95,26.8,362,20.2,659,62.7,190,85.5,204,50.2,292,93.7,61,26.9,303,46,331=
Libera Universita' di Bolzano,Italy,,Europe,S,FO,VH,,Public,643,661-670,,,26.9,,7.8,701+,3.1,701+,20.6,801+,62.4,267,66.1,355,56.3,370,60.5,338,51.9,801+,4.0,801+,37.4,801+,,,,,,,,,,,,,,,,,,
Lincoln University,New Zealand,NZ,Oceania,S,SP,VH,3,Public,407,371,=362,368,37,30.6,13.3,701+,10.7,701+,32.4,597,62.6,264,100.0,55,99.6,53,99.1,58,25.4,801+,45.1,389,62.0,458=,7.9,601+,5.3,601+,39.9,393,51.5,253,100.0,62,91.0,113,1.2,701+,31.7,241,37.8,379=
"Lincoln University College, Malaysia",Malaysia,,Asia,S,CO,HI,,Private for Profit,638,,,,27.1,,11.1,701+,26.0,521,95.6,69,1.8,801+,100.0,75,100.0,26,99.2,55,5.2,801+,5.3,801+,12.5,801+,,,,,,,,,,,,,,,,,,
"Lingnan University, Hong Kong",Hong Kong,HK,,S,SP,,2,A,,,641-650,601-650,,-,,,,,,,,,,,,,,,,,,,,,9.3,601+,5.5,601+,14.6,701+,16.3,611,100.0,32,95.0,88,1.1,701+,8,701+,1.1,701+
"Lingnan University, Hong Kong","Hong Kong SAR, China",,Asia,S,CO,VH,,Public,701-710,711-720,,,-,,16.0,701+,12.5,701+,19.3,801+,22.3,681,100.0,38,99.6,55,93.1,126,10.6,801+,5.0,801+,47.0,789=,,,,,,,,,,,,,,,,,,
Linköping University,Sweden,SE,Europe,L,CO,VH,3,Public,310,304,=268,320=,44.5,37.5,25.4,501,32.2,446,50.2,382,55.2,328,85.8,255,46.3,437,48.3,430,81.5,320,50.8,336,68.2,346=,19.0,470,26.6,363,34.8,457,48.8,277,77.8,239,30.3,420,57.9,260,34.7,221,87.4,108=
Liverpool John Moores University,United Kingdom,UK,Europe,L,CO,VH,3,Public,851-900,801-850,751-760,801-1000,-,-,13.5,701+,12.0,701+,9.6,801+,20.4,707,53.8,420,21.2,707,27.3,648,89.7,178,11.5,801+,53.9,624=,9.9,601+,6.8,601+,8.4,701+,14.5,645,48.1,365,24.4,480,56.2,278,10.4,701+,24.4,497=
Lobachevsky State University of Nizhni Novgorod,Russia,,Europe,L,FO,VH,,Public,1001-1200,1001-1200,,,-,,10.0,701+,8.2,701+,50.9,372,3.5,801+,2.6,801+,37.0,526,42.6,487,18.0,801+,3.9,801+,38.2,801+,,,,,,,,,,,,,,,,,,
Lobachevsky University,Russia,RU,,L,FO,VH,5,A,,,1001-1200,751-800,,-,,,,,,,,,,,,,,,,,,,,,8.8,601+,3.7,601+,45.9,342,2.1,701+,2.2,701+,21.9,516,1.3,701+,8.5,701+,5.9,701+
Lodz University,Poland,,Europe,L,CO,VH,,Public,951-1000,901-950,,,-,,15.4,701+,7.3,701+,47.9,406,6.9,801+,5.7,801+,19.0,743,25.1,684,75.7,427,21.0,705,29.8,801+,,,,,,,,,,,,,,,,,,
Lodz University of Technology,Poland,PL,Europe,M,SP,VH,4,Public,1001-1200,1001-1200,1001-1200,801-1000,-,-,6.0,701+,7.3,701+,59.0,306,16.0,784,4.1,801+,8.3,801+,12.4,801+,49.2,801+,4.1,801+,40.3,801+,5.4,601+,3.7,601+,42.4,372,8.3,701+,4.2,701+,3.5,701+,7.8,701+,8.4,701+,3.9,701+
Lomonosov Moscow State University,Russia,RU,Europe,L,FC,VH,5,Public,105,94,=87,75,67.6,62.2,83.7,83,87.9,80,99.9,26,7.3,801+,25.5,641,96.0,112,96.1,97,87.0,214,98.3,37,48.8,734=,81.2,69,78.3,74,99.8,26,4.6,701+,20.3,587,92.3,105,85.2,115,82.2,48,13.4,631=
London Metropolitan University,United Kingdom,UK,Europe,L,CO,MD,2,Public,1001-1200,1001-1200,901-950,801-1000,-,-,5.9,701+,7.3,701+,4.7,801+,7.0,801+,68.5,340,97.6,95,97.7,84,22.4,801+,20.8,713,20.9,801+,5.5,601+,2.9,601+,4.5,701+,3.2,701+,60.8,315,100.0,18,1.0,701+,14,609,1,701+
London School of Economics and Political Science (LSE),United Kingdom,,Europe,L,FO,VH,,Public,56,50,,,80.5,,80.6,96,99.4,20,47.2,417,64.0,256,100.0,41,100.0,14,100.0,9,76.4,417,99.9,14,92.7,39=,,,,,,,,,,,,,,,,,,
London South Bank University,United Kingdom,UK,Europe,L,FO,VH,3,Public,901-950,801-850,851-900,801-1000,-,-,4.9,701+,6.3,701+,13.6,801+,8.5,801+,94.1,192,98.1,87,98.2,75,47.7,801+,15.2,801+,50.8,688=,3.5,601+,2.9,601+,8.3,701+,5.6,701+,78.2,237,95.9,83,2.3,701+,11.1,701+,1.1,701+
Loughborough University,United Kingdom,UK,Europe,L,CO,VH,4,Public,225,224,212,256=,53.3,44.2,42.8,277,64.5,165,26.9,699,50.6,371,94.6,183,71.1,269,73.9,242,81.4,324,33.2,509,87.9,80=,30.5,283,66.8,116,23.6,604,34.6,392,87.3,198,63.5,237,77.1,162,18.8,446,63.4,231
Louisiana State University,United States,US,Americas,XL,CO,VH,5,Public,851-900,901-950,801-850,801-1000,-,-,14.1,701+,12.9,701+,9.6,801+,23.8,659,22.4,682,6.9,801+,12.5,801+,63.4,644,36.8,471,75.4,228=,9.7,601+,8.3,601+,7.1,701+,16.2,612,10.1,701+,4.1,701+,15.5,589,17.2,487,70.7,200
Lovely Professional University (LPU),India,,Asia,XL,CO,VH,,Private not for Profit,901-950,,,,-,,20.0,615,27.3,504,17.1,801+,10.9,801+,14.0,801+,7.0,801+,11.5,801+,73.7,477,1.7,801+,49.4,719=,,,,,,,,,,,,,,,,,,
Loyola University Chicago,United States,US,Americas,L,FC,HI,5,Private not for Profit,1001-1200,1001-1200,901-950,801-1000,-,-,12.2,701+,21.2,621,30.5,624,12.6,801+,9.3,801+,5.0,801+,4.0,801+,36.2,801+,24.1,656,33.5,801+,8.7,601+,29.6,330,21.3,640,8.0,701+,7.4,701+,3.0,701+,1.6,701+,13.1,659,2.5,701+
Lublin University of Technology,Poland,,Europe,M,FO,VH,,Public,1401+,1201-1400,,,-,,6.9,701+,3.0,701+,28.1,680,8.9,801+,2.5,801+,29.5,595,27.5,645,14.4,801+,3.9,801+,17.7,801+,,,,,,,,,,,,,,,,,,
Lucian Blaga University of Sibiu,Romania,RO,,L,FC,MD,3,A,,,1201-1400,1201-1400,,-,,,,,,,,,,,,,,,,,,,,,3.7,601+,2.5,601+,8.1,701+,1.8,701+,12.5,701+,3.1,701+,49.8,313,9,701+,1.8,701+
Ludwig-Maximilians-Universität München,Germany,DE,Europe,XL,FC,VH,5,Public,58,59,54,59,80.1,72.5,97.1,41,95.5,47,41.0,493,62.3,271,80.3,296,53.2,387,57.6,354,95.5,72,76.8,172,87.0,89,92.7,40,83.5,63,46.7,335,51.4,254,73.3,260,37.7,362,94.4,57,48.5,140,77.3,167=
Lund University,Sweden,SE,Europe,L,FC,VH,5,Public,72,75,=85,95,75.7,62.8,80.1,99,64.1,167,68.1,246,56.6,312,98.8,134,82.0,213,83.7,181,97.1,35,96.1,65,98.8,3=,69.3,93,47.5,185,50.2,310,37.7,373,98.8,102,77.4,173,95.2,52,66,83,99.1,14
Lviv Polytechnic National University,Ukraine,UA,,L,CO,VH,5,A,,,951-1000,801-1000,,-,,,,,,,,,,,,,,,,,,,,,8.1,601+,14.8,553,37.2,423,1.8,701+,1.9,701+,1.6,701+,1.1,701+,14,608,22.7,520
M.Kh. Dulaty Taraz Regional University,Kazakhstan,KZ,,L,CO,MD,1,A,,,1201-1400,,,-,,,,,,,,,,,,,,,,,,,,,6.6,601+,2.6,601+,10.8,701+,1.0,701+,,,20.5,540,1.0,701+,9.9,701+,1,701+
M. Kozybayev North Kazakhstan University,Kazakhstan,,Asia,M,CO,MD,,Public,1401+,,,,-,,6.8,701+,12.5,701+,33.4,582,1.3,801+,5.4,801+,8.0,801+,11.2,801+,3.8,801+,4.1,801+,24.1,801+,,,,,,,,,,,,,,,,,,
Maastricht University,Netherlands,NL,Europe,L,FO,VH,3,Public,239,230,=256,278,51.4,38.7,32.8,373,33.7,425,18.6,801+,71.7,203,99.9,103,100.0,21,100.0,14,85.6,243,49.6,350,80.2,166=,23.4,369,22.3,422,12.8,701+,62.7,193,99.5,90,100.0,17,46.5,333,27,302,13.7,627=
Macao Polytechnic University,"Macao SAR, China",,Asia,M,FO,HI,,,901-950,,,,-,,5.6,701+,10.0,701+,34.3,571,3.0,801+,100.0,40,96.4,106,81.5,194,5.6,801+,38.1,454,22.6,801+,,,,,,,,,,,,,,,,,,
Macau University of Science and Technology,"Macao SAR, China",,Asia,L,CO,VH,,Private not for Profit,440,464,,,34.9,,7.4,701+,10.9,701+,4.8,801+,79.5,161,100.0,18,100.0,1,87.9,157,23.9,801+,36.8,472,52.0,663=,,,,,,,,,,,,,,,,,,
Macau University of Science and Technology,Macau SAR,MO,,L,CO,VH,2,B,,,=505,581-590,,23.0,,,,,,,,,,,,,,,,,,,,,4.2,601+,4.2,601+,4.5,701+,47.8,283,100.0,12,100.0,1,2.4,701+,20.9,394,1.1,701+
Macquarie University,Australia,AU,Oceania,L,FC,VH,4,Public,138,133,=130,195=,63.3,53.7,47.7,242,56.7,206,13.6,801+,85.8,119,100.0,86,97.3,98,97.5,86,91.0,156,62.2,252,90.6,59,31.6,276,41.0,228,10.3,701+,81.3,105,98.6,104,93.6,94,81.4,139,43.2,167,91.8,80=
Mahasarakham University,Thailand,,Asia,XL,FC,MD,,Public,1401+,,,,-,,18.5,662,2.7,701+,2.8,801+,2.6,801+,8.7,801+,3.6,801+,7.7,801+,11.0,801+,10.3,801+,23.9,801+,,,,,,,,,,,,,,,,,,
Mahidol University,Thailand,TH,Asia,L,FC,VH,4,Public,358,368,=382,256=,41.1,29.0,59.4,177,38.8,358,82.4,155,9.0,801+,8.5,801+,9.1,801+,14.0,801+,67.9,569,17.4,774,61.2,474=,42.4,200,30.3,322,77.7,147,4.7,701+,6.0,701+,5.1,701+,10.3,666,11,701+,27.6,471=
Makerere University,Uganda,UG,Africa,XL,FC,HI,5,Public,1001-1200,901-950,951-1000,1201-1400,-,-,13.4,701+,5.3,701+,5.8,801+,6.5,801+,8.3,801+,13.6,801+,10.3,801+,65.3,617,98.3,38,42.0,801+,10.2,601+,4.7,601+,3.4,701+,4.6,701+,10.3,701+,8.2,701+,17.8,564,79.5,51,9.2,685=
Management and Science University,Malaysia,MY,,S,FO,VH,2,C,,,621-630,601-650,,-,,,,,,,,,,,,,,,,,,,,,12.4,601+,12.2,601+,33.5,476,1.6,701+,90.5,180,94.1,92,1.0,701+,10.1,701+,1,701+
Management and Science University - MSU Malaysia,Malaysia,,Asia,S,FO,VH,,Private for Profit,597,580,,,28.3,,25.1,509,20.9,629,55.3,340,3.2,801+,99.6,107,100.0,23,99.7,40,10.8,801+,5.3,801+,36.8,801+,,,,,,,,,,,,,,,,,,
Manav Rachna International Institute of Research and Studies (MRIIRS),India,,Asia,M,CO,HI,,Private for Profit,1401+,,,,-,,5.9,701+,2.5,701+,43.9,453,3.7,801+,7.4,801+,3.4,801+,7.6,801+,3.3,801+,1.8,801+,23.6,801+,,,,,,,,,,,,,,,,,,
Manchester Metropolitan University,United Kingdom,,Europe,XL,CO,VH,,Public,643,601-610,,,26.9,,18.8,654,16.4,701+,11.4,801+,16.8,766,63.1,369,61.4,331,65.2,302,89.0,189,19.2,741,78.0,195=,,,,,,,,,,,,,,,,,,
Manchester Metropolitan University (MMU),United Kingdom,UK,,XL,CO,VH,4,A,,,=590,801-1000,,20.1,,,,,,,,,,,,,,,,,,,,,12.0,601+,13.4,601+,8.5,701+,9.8,701+,44.4,380,40.5,339,66.6,210,14.6,576,69.3,210=
"Manipal Academy of Higher Education, Manipal, Karnataka, India",India,IN,,L,FC,VH,3,B,,,951-1000,751-800,,-,,,,,,,,,,,,,,,,,,,,,9.6,601+,7.0,601+,46.4,339,4.0,701+,1.7,701+,7.1,701+,13.0,626,11.3,701+,1.7,701+
Manipal Academy of Higher Education - Manipal University (MAHE),India,,Asia,L,FC,VH,,Private not for Profit,851-900,901-950,,,-,,14.7,701+,11.8,701+,50.3,379,9.7,801+,2.9,801+,17.4,775,20.7,752,73.7,476,13.7,801+,65.0,398=,,,,,,,,,,,,,,,,,,
Mansoura University,Egypt,EG,Africa,XL,FC,VH,4,Public,1001-1200,951-1000,1001-1200,1201-1400,-,-,18.8,653,15.8,701+,5.2,801+,5.0,801+,9.9,801+,21.2,706,24.5,695,81.9,315,12.6,801+,55.5,591=,12.9,601+,8.1,601+,3.2,701+,2.4,701+,5.8,701+,4.1,701+,33.5,428,9.6,701+,19.9,545=
Mapua University,Philippines,,Asia,M,FO,VH,,Private for Profit,1401+,,,,-,,9.7,701+,16.2,701+,4.3,801+,9.3,801+,3.0,801+,1.9,801+,1.7,801+,6.3,801+,3.9,801+,37.0,801+,,,,,,,,,,,,,,,,,,
Marmara University,Turkey,TR,Asia,XL,FO,VH,5,Public,1001-1200,1001-1200,1201-1400,1201-1400,-,-,11.8,701+,23.1,577,5.4,801+,4.9,801+,5.5,801+,6.8,801+,12.3,801+,52.5,801+,38.1,453,42.6,801+,6.8,601+,8.3,601+,5.0,701+,2.3,701+,3.0,701+,3.6,701+,2.1,701+,15.4,548,6.1,701+
Marquette University,United States,US,Americas,M,CO,VH,5,Private not for Profit,1201-1400,1201-1400,1201-1400,1001-1200,-,-,3.6,701+,3.2,701+,28.5,669,15.2,801+,8.6,801+,5.0,801+,10.0,801+,31.7,801+,27.3,605,30.0,801+,3.4,601+,3.8,601+,23.7,600,9.3,701+,6.8,701+,2.7,701+,1.5,701+,13.2,651,1.1,701+
Martin-Luther-Universität Halle-Wittenberg,Germany,DE,Europe,L,FC,VH,5,Public,751-760,671-680,611-620,477=,-,-,15.1,701+,9.9,701+,89.4,106,11.2,801+,,,17.0,781,12.9,801+,86.5,230,6.3,801+,47.1,785=,14.4,599,4.3,601+,82.8,123,6.9,701+,,,9.8,701+,73.4,179,7.6,701+,5.8,701+
Masaryk University,Czech Republic,CZ,Europe,XL,CO,VH,5,Public,430,408,=400,551-560,35.7,27.9,32.3,383,37.3,377,13.1,801+,18.8,738,34.5,541,76.8,245,79.0,217,79.8,355,58.8,278,77.0,214=,23.2,371,32.2,305,10.4,701+,15.2,628,31.0,481,68.7,215,56.2,276,14.6,575,69.9,207=
Massachusetts Institute of Technology (MIT),United States,US,Americas,M,CO,VH,5,Private not for Profit,1,1,1,1,100,100.0,100.0,4,100.0,2,100.0,16,100.0,7,100.0,63,91.6,153,92.3,130,94.1,98,100.0,7,93.8,33,100.0,4,100.0,2,100.0,16,100.0,4,100.0,56,88.2,128,94.3,58,100,4,95.2,51
Massey University,New Zealand,NZ,Oceania,M,CO,VH,4,Public,230,239,=239,292,52.9,40.6,42.1,284,24.1,558,57.3,319,50.5,373,99.4,120,98.9,71,98.9,62,82.2,308,60.7,265,83.7,129=,30.4,286,16.0,528,43.2,364,22.7,520,98.2,111,97.9,64,65.2,215,44.9,157,94.7,58=
MATE Hungarian University of Agriculture and Life Sciences,Hungary,,Europe,M,FO,VH,,Private not for Profit,1001-1200,1001-1200,,,-,,7.1,701+,8.0,701+,34.1,577,7.2,801+,4.1,801+,43.1,467,48.3,431,59.0,707,4.8,801+,55.4,593=,,,,,,,,,,,,,,,,,,
Maynooth University,Ireland,IE,,M,FO,VH,3,A,,,801-850,801-1000,,-,,,,,,,,,,,,,,,,,,,,,10.0,601+,9.2,601+,8.7,701+,12.6,684,89.4,187,15.6,608,4.7,701+,9,701+,4.7,701+
McGill University,Canada,CA,Americas,L,FC,VH,5,Public,27,29,30,31,88.9,83.7,98.1,35,93.5,58,67.3,250,72.4,194,88.6,232,93.5,138,69.6,272,92.9,130,98.9,27,96.3,15=,93.7,34,87.6,58,64.0,219,62.1,195,88.9,188,93.3,98,86.2,107,92.5,33,94.2,64=
McMaster University,Canada,CA,Americas,L,FC,VH,5,Public,173,176,=189,152,59.1,46.8,52.5,211,43.6,307,61.8,289,56.6,311,94.6,184,66.3,302,69.6,273,84.3,270,60.0,271,86.6,93=,40.5,210,38.2,255,75.1,166,29.0,444,99.3,93,59.5,250,40.2,376,37.2,197,70.1,204=
Meiji University,Japan,JP,Asia,XL,FO,HI,5,Private for Profit,1201-1400,1201-1400,1001-1200,1201-1400,-,-,9.4,701+,24.6,545,5.9,801+,2.5,801+,14.5,801+,8.9,801+,13.3,801+,12.6,801+,29.4,559,29.4,801+,7.4,601+,24.5,390,4.9,701+,1.7,701+,10.1,701+,5.3,701+,1.5,701+,16,524,1.1,701+
Memorial University of Newfoundland,Canada,CA,Americas,L,FC,VH,4,Public,660,661-670,641-650,751-800,26.5,-,10.7,701+,10.5,701+,15.7,801+,43.7,431,30.7,581,78.5,230,80.6,200,73.6,479,17.4,773,53.3,636=,7.0,601+,4.6,601+,11.0,701+,28.5,449,25.3,529,71.9,202,36.5,406,11.8,701+,31,432=
Mendel University in Brno,Czech Republic,CZ,Europe,M,FO,VH,5,Public,851-900,851-900,901-950,801-1000,-,-,9.8,701+,8.3,701+,68.8,239,8.3,801+,14.3,801+,38.8,507,41.5,495,74.1,461,4.8,801+,49.4,719=,6.4,601+,8.6,601+,48.8,322,3.9,701+,10.4,701+,37.1,368,13.1,624,8.7,701+,1.3,701+
Mendeleev University of Chemical Technology,Russia,RU,,M,FO,VH,5,A,,,1201-1400,1001-1200,,-,,,,,,,,,,,,,,,,,,,,,4.9,601+,3.9,601+,30.5,515,2.7,701+,1.1,701+,5.7,701+,1.0,701+,7.2,701+,1,701+
Mendeleev University of Chemical Technology of Russia,Russia,,Europe,M,FO,VH,,Public,1401+,1201-1400,,,-,,4.7,701+,7.3,701+,26.1,715,5.6,801+,1.1,801+,15.7,801+,19.2,775,15.5,801+,14.2,801+,10.4,801+,,,,,,,,,,,,,,,,,,
MGIMO University,Russia,RU,Europe,M,CO,HI,4,Public,650,567,=526,345,26.7,22.3,10.7,701+,38.7,359,100.0,18,1.7,801+,15.4,799,57.2,361,61.3,329,6.7,801+,69.8,212,21.7,801+,11.8,601+,21.3,436,100.0,17,1.4,701+,12.7,701+,46.2,315,1.0,701+,47.6,144,1,701+
Miami University,United States,US,Americas,L,CO,HI,5,Public,1201-1400,1201-1400,1201-1400,1201-1400,-,-,3.4,701+,11.8,701+,8.9,801+,14.0,801+,7.0,801+,11.1,801+,8.5,801+,44.4,801+,42.5,412,37.9,801+,4.2,601+,4.7,601+,6.5,701+,8.7,701+,6.5,701+,6.6,701+,1.2,701+,23,364,4.1,701+
Michigan State University,United States,US,Americas,XL,FC,VH,5,Public,161,152,136,159,60.9,52.7,67.3,146,62.9,174,13.9,801+,61.2,280,67.2,348,21.1,708,27.3,649,97.6,27,75.6,180,94.2,28,59.9,120,49.4,174,11.3,701+,58.0,221,58.6,320,12.8,665,95.6,45,45.5,153,71.2,199
Michigan Technological University,United States,US,Americas,M,CO,VH,5,Public,901-950,901-950,851-900,751-800,-,-,6.2,701+,10.2,701+,32.2,599,38.2,490,18.2,740,20.1,728,15.2,801+,55.2,766,4.6,801+,37.9,801+,4.4,601+,4.2,601+,26.0,568,32.1,420,19.6,593,9.4,701+,8.3,701+,8.6,701+,3.2,701+
Middle East Technical University,Turkey,TR,Asia,L,CO,VH,4,Public,269,285,=336,501-510,48.5,32.2,44.8,265,88.7,77,12.8,801+,34.4,528,18.0,743,31.0,579,36.9,528,79.2,365,82.2,148,71.8,294=,29.0,299,63.7,125,9.0,701+,22.2,525,11.3,701+,17.4,583,32.2,443,24.6,339,84.8,120=
Middle East University Jordan,Jordan,,Asia,S,FO,VH,,Private not for Profit,1001-1200,,,,-,,9.1,701+,7.2,701+,12.4,801+,13.2,801+,10.6,801+,90.9,158,80.9,196,47.7,801+,5.9,801+,8.0,801+,,,,,,,,,,,,,,,,,,
Middlesex University,United Kingdom,UK,Europe,L,CO,HI,4,Public,801-850,721-730,661-670,751-800,-,-,7.5,701+,9.3,701+,11.3,801+,14.3,801+,88.6,233,99.7,49,99.7,39,56.5,744,24.6,647,40.0,801+,5.6,601+,4.8,601+,8.3,701+,14.3,650,85.1,209,99.6,38,20.6,540,15.8,529,8.6,693
MIREA - Russian Technological University,Russia,RU,,L,FO,VH,4,A,,,1401+,1201-1400,,-,,,,,,,,,,,,,,,,,,,,,5.2,601+,4.9,601+,7.5,701+,1.4,701+,1.3,701+,3.4,701+,1.0,701+,7.3,701+,1,701+
Mississippi State University,United States,US,Americas,L,CO,VH,5,Public,1001-1200,1001-1200,1001-1200,1001-1200,-,-,7.2,701+,8.7,701+,9.1,801+,33.5,542,19.7,720,5.5,801+,4.3,801+,70.2,527,12.8,801+,38.5,801+,6.0,601+,5.8,601+,6.7,701+,18.4,576,15.7,657,3.2,701+,9.2,688,10.8,701+,11.7,647=
Missouri University of Science and Technology,United States,US,Americas,M,CO,VH,5,Public,628,527,480,501-510,27.4,24.0,4.9,701+,10.5,701+,8.6,801+,87.7,112,26.9,627,32.5,563,35.3,547,41.7,801+,8.8,801+,34.0,801+,4.6,601+,4.8,601+,6.5,701+,85.1,94,61.1,313,12.3,674,2.1,701+,9.6,701+,1.6,701+
Monash University,Australia,AU,Oceania,XL,FC,VH,4,Public,36,37,42,57,85.8,78.2,95.7,45,87.5,81,11.3,801+,93.0,88,100.0,61,100.0,24,100.0,15,94.7,87,86.7,128,91.7,49=,88.4,49,75.2,84,9.6,701+,88.4,81,100.0,50,100.0,19,86.8,102,61,95,71.8,194=
Moscow City University,Russia,RU,,L,FO,MD,3,A,,,1401+,1201-1400,,-,,,,,,,,,,,,,,,,,,,,,6.1,601+,1.6,601+,9.3,701+,1.1,701+,2.9,701+,3.6,701+,1.0,701+,7.6,701+,1.2,701+
Moscow Institute of Physics and Technology (MIPT / Moscow Phystech),Russia,RU,,M,FO,VH,4,A,,,=415,267=,,27.0,,,,,,,,,,,,,,,,,,,,,19.8,446,19.9,455,96.0,57,16.0,620,31.4,480,53.1,273,5.4,701+,15.7,534,1.2,701+
Moscow Institute of Physics and Technology State University,Russia,,Europe,M,FO,VH,,Public,477,456,,,33.4,,20.3,606,34.1,421,95.3,71,18.1,748,38.6,512,54.8,380,55.6,368,47.1,801+,38.0,458,21.9,801+,,,,,,,,,,,,,,,,,,
Moscow Pedagogical State University,Russia,RU,,L,FO,HI,5,A,,,1201-1400,1201-1400,,-,,,,,,,,,,,,,,,,,,,,,8.3,601+,2.7,601+,7.6,701+,1.4,701+,1.2,701+,25.9,464,1.0,701+,7.1,701+,1,701+
Multimedia University (MMU),Malaysia,MY,Asia,M,FO,VH,3,Private for Profit,851-900,1001-1200,1001-1200,1001-1200,-,-,18.9,651,27.0,508,17.3,801+,9.2,801+,53.6,422,56.8,365,60.8,334,26.9,801+,5.1,801+,39.1,801+,8.8,601+,17.6,497,11.6,701+,5.8,701+,16.3,649,23.5,494,1.3,701+,9.1,701+,1.3,701+
Murdoch University,Australia,AU,Oceania,M,CO,VH,3,Public,423,436,=431,561-570,36.1,26.2,13.0,701+,8.7,701+,7.4,801+,73.9,184,89.6,226,82.5,209,61.4,328,75.1,442,24.9,642,53.4,632=,7.3,601+,5.3,601+,5.4,701+,53.1,242,86.3,200,76.6,178,40.1,378,14.2,593,23.7,506=
Mustansiriyah University,Iraq,IQ,Asia,XL,FC,HI,4,Public,1001-1200,1001-1200,1001-1200,1001-1200,-,-,8.3,701+,23.5,572,64.9,269,1.8,801+,43.6,474,6.3,801+,5.0,801+,19.2,801+,10.4,801+,26.5,801+,3.7,601+,5.3,601+,43.7,359,1.3,701+,33.0,466,4.0,701+,1.0,701+,9.3,701+,1,701+
Mutah University,Jordan,JO,Asia,L,FC,MD,3,Public,1001-1200,1001-1200,1001-1200,1001-1200,-,-,15.6,701+,21.8,608,12.1,801+,3.4,801+,15.7,788,32.9,560,32.2,587,28.0,801+,10.1,801+,33.2,801+,7.6,601+,8.9,601+,10.1,701+,1.7,701+,10.1,701+,43.6,330,1.0,701+,8.7,701+,1.7,701+
Mykolas Romeris University,Lithuania,LT,Europe,S,FO,VH,2,Public,1001-1200,1001-1200,1001-1200,1001-1200,-,-,6.0,701+,12.9,701+,22.7,778,7.1,801+,12.1,801+,51.6,398,55.0,374,23.6,801+,53.2,320,50.4,696=,5.3,601+,9.5,601+,14.3,701+,4.2,701+,12.5,701+,27.8,441,1.0,701+,21.7,382,8.4,695=
Nagasaki University,Japan,JP,Asia,M,FC,VH,4,Public,901-950,851-900,801-850,571-580,-,-,9.0,701+,3.7,701+,84.3,143,12.2,801+,8.5,801+,10.8,801+,15.3,801+,48.4,801+,3.4,801+,59.6,509=,6.9,601+,2.2,601+,84.2,113,6.2,701+,6.5,701+,4.2,701+,11.8,639,8.3,701+,2,701+
Nagoya Institute of Technology (NIT),Japan,JP,Asia,M,FO,VH,2,Public,1201-1400,1201-1400,1201-1400,1001-1200,-,-,9.5,701+,4.4,701+,11.5,801+,28.6,599,6.9,801+,7.8,801+,6.0,801+,19.6,801+,8.6,801+,18.1,801+,5.9,601+,2.3,601+,6.8,701+,15.3,627,5.5,701+,4.5,701+,1.2,701+,9.5,701+,1,701+
Nagoya University,Japan,JP,Asia,L,FC,VH,4,Public,164,152,=176,112=,60.3,48.5,74.2,116,71.5,141,84.2,144,38.2,491,22.6,681,27.6,619,33.6,568,66.0,610,39.2,443,74.1,255=,61.5,114,65.1,123,87.5,96,33.0,412,15.4,661,19.1,558,17.6,565,16.6,509,24.1,502=
Nanjing Agricultural University,China (Mainland),CN,Asia,L,CO,VH,3,Public,951-1000,711-720,781-790,801-1000,-,-,6.1,701+,2.3,701+,17.8,801+,53.0,352,,,2.2,801+,1.9,801+,54.8,772,1.2,801+,39.1,801+,5.5,601+,1.9,601+,7.2,701+,58.8,215,,,1.5,701+,6.5,701+,5.3,701+,2.5,701+
Nanjing Normal University,China (Mainland),CN,Asia,XL,SP,VH,3,Public,951-1000,1001-1200,1001-1200,1001-1200,-,-,6.4,701+,4.6,701+,20.7,801+,42.8,443,,,7.8,801+,6.0,801+,57.2,730,8.2,801+,40.2,801+,5.1,601+,1.7,601+,16.6,701+,21.6,532,,,4.6,701+,7.5,701+,6.4,701+,7.1,701+
Nanjing University,China (Mainland),CN,Asia,XL,FC,VH,5,Public,103,145,=141,133,67.7,52.1,72.1,128,61.2,188,37.2,541,99.0,39,82.9,273,15.9,799,12.0,801+,69.5,541,39.7,440,59.5,513,59.6,123,25.4,378,31.3,504,96.9,42,55.1,334,7.3,701+,26.4,488,23.7,356,39,367=
Nanjing University of Aeronautics and Astronautics,China (Mainland),CN,Asia,L,FO,VH,3,Public,680,761-770,801-850,801-1000,25.9,-,6.3,701+,10.9,701+,26.4,707,79.7,158,7.2,801+,8.8,801+,6.8,801+,46.2,801+,1.3,801+,37.0,801+,4.7,601+,2.6,601+,13.1,701+,47.3,287,5.7,701+,3.2,701+,4.5,701+,5.3,701+,1.5,701+
Nanjing University of Science and Technology,China (Mainland),CN,Asia,L,FO,VH,2,Public,701-710,565,=600,601-650,-,19.8,7.0,701+,8.5,701+,14.6,801+,86.1,117,,,,,,,38.2,801+,6.4,801+,39.4,801+,5.1,601+,2.2,601+,10.9,701+,82.2,103,,,,,3.4,701+,6.2,701+,1.8,701+
Nankai University,China (Mainland),CN,Asia,XL,FC,VH,4,Public,355,377,=384,378=,41.2,28.6,27.1,464,24.4,552,28.8,659,93.9,81,17.8,749,5.0,801+,3.9,801+,56.1,748,47.3,370,44.9,801+,21.1,414,8.6,601+,29.5,526,73.9,132,11.2,701+,3.5,701+,8.1,701+,18.9,440,22.5,521=
Nantes University,France,,Europe,XL,CO,VH,,Public,851-900,851-900,,,-,,14.8,701+,5.9,701+,12.3,801+,30.6,582,20.2,709,25.0,665,31.0,603,88.1,201,4.6,801+,48.3,749=,,,,,,,,,,,,,,,,,,
"Nanyang Technological University, Singapore (NTU)",Singapore,SG,,L,FC,VH,3,A,,,=26,19,,84.5,,,,,,,,,,,,,,,,,,,,,91.0,42,67.1,115,77.6,149,94.4,56,100.0,35,80.2,161,66.1,212,68.4,79,78.2,160=
"Nanyang Technological University, Singapore (NTU Singapore)",Singapore,,Asia,L,FC,VH,,Public,12,15,,,93.7,,97.1,42,91.4,67,83.9,148,94.6,76,100.0,43,93.1,145,93.6,121,86.9,217,87.7,121,87.2,88,,,,,,,,,,,,,,,,,,
Nara Institute of Science and Technology,Japan,JP,,,FO,,3,,,,1401+,,,-,,,,,,,,,,,,,,,,,,,,,5.6,601+,2.3,601+,,,,,,,,,1.5,701+,,,,
Naresuan University,Thailand,TH,Asia,L,FC,MD,3,Public,1401+,1401+,1201-1400,,-,-,10.9,701+,5.3,701+,9.3,801+,3.0,801+,6.9,801+,1.8,801+,6.2,801+,12.5,801+,3.1,801+,39.6,801+,6.5,601+,3.3,601+,6.5,701+,2.0,701+,5.9,701+,1.3,701+,1.0,701+,7.9,701+,4.4,701+
Narxoz University,Kazakhstan,KZ,Asia,M,FO,MD,4,Private not for Profit,1001-1200,1001-1200,1201-1400,,-,-,15.7,701+,14.9,701+,26.1,717,1.5,801+,31.0,578,20.7,716,22.1,730,1.0,801+,69.7,214,35.6,801+,8.0,601+,5.0,601+,8.4,701+,1.4,701+,5.3,701+,2.1,701+,1.0,701+,12.4,701+,1,701+
National and Kapodistrian University of Athens,Greece,GR,Europe,XL,FC,VH,5,Public,390,393,=444,601-650,38.4,25.8,34.9,344,38.9,354,3.0,801+,45.1,412,12.7,801+,27.2,624,32.7,581,79.7,358,88.9,115,64.3,415=,26.3,336,31.6,312,2.0,701+,29.1,441,9.9,701+,16.2,595,72.8,182,28.9,276,16.1,592=
National Central University,Taiwan,TW,Asia,M,CO,VH,4,Public,587,641-650,611-620,581-590,28.6,-,28.9,428,38.7,360,26.4,706,25.6,628,18.5,735,18.4,755,20.4,755,33.9,801+,18.7,747,60.6,496,21.5,402,27.1,358,23.0,617,17.8,586,12.9,701+,9.1,701+,2.1,701+,6.5,701+,30.2,447=
National Cheng Kung University (NCKU),Taiwan,TW,Asia,L,FC,VH,4,Public,203,215,228,224=,55.2,41.8,66.4,150,79.4,106,33.8,578,39.8,471,28.6,600,24.4,670,30.5,610,58.0,718,56.3,297,79.7,175=,49.4,164,75.6,82,32.9,482,21.2,544,23.7,557,15.7,605,10.9,653,30.2,257,78.2,160=
National Chengchi University,Taiwan,TW,Asia,L,CO,HI,4,Public,604,601-610,=567,601-650,28.2,20.8,28.3,444,46.9,279,21.2,801+,3.4,801+,38.0,516,36.2,532,41.1,497,12.8,801+,93.3,84,41.4,801+,19.5,455,39.0,245,19.7,674,2.7,701+,27.1,507,23.5,491,1.0,701+,81,49,1.9,701+
National Chin-Yi University of Technology,Taiwan,,Asia,M,FO,VH,,Public,1201-1400,,,,-,,13.0,701+,16.4,701+,8.8,801+,12.9,801+,3.1,801+,20.6,718,21.3,745,15.6,801+,2.1,801+,40.0,801+,,,,,,,,,,,,,,,,,,
National Chung Cheng University,Taiwan,TW,Asia,M,CO,VH,3,Public,951-1000,1001-1200,901-950,801-1000,-,-,18.9,650,34.8,412,16.6,801+,9.5,801+,7.9,801+,6.3,801+,10.5,801+,28.9,801+,5.1,801+,51.6,669=,13.0,601+,26.2,368,18.2,701+,5.2,701+,4.5,701+,3.9,701+,1.1,701+,4.2,701+,8.3,701+
National Chung Hsing University,Taiwan,TW,Asia,L,CO,VH,4,Public,628,661-670,661-670,651-700,27.4,-,28.6,436,30.9,463,29.4,642,22.5,677,12.3,801+,14.0,801+,19.0,781,34.5,801+,42.2,416,56.3,573=,20.2,434,24.1,400,27.6,552,11.8,701+,7.9,701+,5.6,701+,2.2,701+,20.4,410,20.1,544
National Dong Hwa University,Taiwan,TW,Asia,M,CO,HI,2,Public,1201-1400,1201-1400,1201-1400,1201-1400,-,-,16.3,701+,7.0,701+,8.6,801+,8.7,801+,13.9,801+,18.6,750,22.2,729,10.7,801+,2.1,801+,46.9,793=,6.3,601+,2.3,601+,6.5,701+,6.4,701+,3.2,701+,10.2,701+,1.0,701+,7.6,701+,2.3,701+
National Institute of Technology Tiruchirappalli,India,IN,Asia,M,FO,VH,4,Public,731-740,701-710,781-790,801-1000,-,-,4.1,701+,5.3,701+,10.6,801+,89.5,105,,,3.5,801+,7.5,801+,38.2,801+,8.8,801+,37.4,801+,3.7,601+,2.7,601+,11.8,701+,58.9,214,,,2.1,701+,1.5,701+,7.7,701+,1.1,701+
National Research Nuclear University MEPhI (Moscow Engineering Physics Institute),Russia,RU,Europe,M,FO,VH,2,Public,591,497,=461,308=,28.5,24.9,10.3,701+,20.9,627,99.3,40,11.2,801+,60.6,387,93.3,142,93.8,118,30.2,801+,17.6,769,23.0,801+,10.2,601+,10.1,601+,99.0,36,10.9,701+,54.1,341,90.7,115,2.0,701+,18,466,1.2,701+
National Research Saratov State University,Russia,RU,Europe,M,FO,VH,5,Public,1001-1200,901-950,851-900,551-560,-,-,5.0,701+,5.3,701+,97.6,60,2.4,801+,4.0,801+,26.9,632,20.2,761,14.4,801+,1.8,801+,10.2,801+,5.2,601+,2.5,601+,95.8,58,1.7,701+,3.2,701+,18.2,572,1.2,701+,4.7,701+,1,701+
National Research Tomsk Polytechnic University,Russia,RU,,M,FO,VH,5,A,,,=586,398=,,20.2,,,,,,,,,,,,,,,,,,,,,9.7,601+,7.5,601+,93.9,66,4.0,701+,8.1,701+,76.6,177,21.3,535,8.1,701+,8.3,701+
"National Research University Higher School of Economics (HSE, Moscow)",Russia,,Europe,XL,CO,VH,,Public,440,410,,,34.9,,28.1,449,52.9,231,92.0,96,2.7,801+,10.2,801+,24.0,675,30.1,614,84.7,261,19.4,737,57.6,549,,,,,,,,,,,,,,,,,,
National Research University Moscow Power Engineering Institute (MPEI),Russia,RU,Europe,M,FO,VH,5,Public,1201-1400,1201-1400,1201-1400,1201-1400,-,-,6.6,701+,8.4,701+,21.9,797,2.5,801+,6.0,801+,54.9,379,55.1,373,15.8,801+,17.2,778,16.8,801+,5.8,601+,3.5,601+,11.7,701+,2.0,701+,7.9,701+,45.0,323,1.1,701+,7.8,701+,1.4,701+
National Sun Yat-sen University,Taiwan,TW,Asia,M,CO,VH,3,Public,439,485,=505,428=,35,23.0,36.8,326,32.1,447,35.6,558,38.0,492,35.5,534,16.5,788,22.2,728,46.4,801+,14.7,801+,67.0,362,26.5,330,24.4,395,29.5,527,25.2,483,23.8,552,10.3,701+,2.5,701+,12.1,701+,20.9,536=
National Taipei University,Taiwan,TW,Asia,M,FO,HI,2,Public,1401+,1201-1400,1201-1400,1201-1400,-,-,12.4,701+,8.0,701+,11.6,801+,4.4,801+,5.9,801+,10.1,801+,14.6,801+,3.9,801+,26.6,614,26.6,801+,7.5,601+,4.5,601+,8.2,701+,3.2,701+,2.7,701+,5.2,701+,1.0,701+,16.1,518,3.1,701+
National Taipei University of Technology,Taiwan,TW,Asia,M,FO,VH,3,Public,420,425,=431,436=,36.3,26.2,18.2,672,57.6,202,28.6,667,58.8,294,25.6,639,31.7,573,34.9,552,25.6,801+,29.2,565,58.9,521=,15.0,584,57.7,144,27.0,560,34.3,398,21.1,582,18.2,571,1.3,701+,17.3,485,12.6,638
National Taiwan Normal University,Taiwan,TW,Asia,M,CO,VH,4,Public,435,452,=431,332,35.4,26.2,47.8,240,28.2,493,68.3,243,9.6,801+,19.7,717,39.6,495,42.6,486,24.1,801+,29.0,573,68.2,346=,34.5,248,20.8,448,65.4,209,5.9,701+,14.5,674,26.7,452,1.5,701+,14.7,571,43.2,344
National Taiwan Ocean University,Taiwan,TW,Asia,M,FO,VH,3,Public,1201-1400,1201-1400,1201-1400,1001-1200,-,-,7.7,701+,6.3,701+,16.0,801+,18.5,745,10.2,801+,13.9,801+,16.6,801+,18.6,801+,4.1,801+,55.7,582=,5.7,601+,3.2,601+,11.6,701+,10.1,701+,5.6,701+,7.7,701+,1.1,701+,8.6,701+,5.6,701+
National Taiwan University (NTU),Taiwan,TW,Asia,L,FC,VH,4,Public,63,68,69,77,78.9,67.9,97.7,38,94.2,54,38.8,522,70.9,209,25.3,647,59.2,346,63.1,313,67.1,587,100.0,11,88.4,74=,92.8,39,91.3,46,30.9,508,47.0,288,17.7,619,20.0,547,33.2,431,99.7,12,95.6,49
National Taiwan University of Science and Technology (Taiwan Tech),Taiwan,TW,Asia,M,FO,VH,3,Public,345,392,=387,327,41.7,28.3,36.7,330,48.6,266,50.6,374,46.8,405,31.3,571,35.3,538,38.9,508,45.6,801+,25.4,632,56.8,560=,27.1,321,37.8,256,43.6,360,27.0,463,17.5,622,31.1,410,1.9,701+,18.5,451,26.6,481=
"National Technical University ""Kharkiv Polytechnic Institute""",Ukraine,UA,Europe,M,CO,VH,5,Public,1001-1200,1001-1200,901-950,651-700,-,-,7.6,701+,20.8,633,61.1,294,1.8,801+,2.3,801+,33.3,555,34.7,553,17.1,801+,4.6,801+,38.9,801+,6.6,601+,12.1,601+,63.3,224,1.3,701+,1.8,701+,24.0,487,1.0,701+,10.2,701+,,
National Technical University of Athens,Greece,GR,Europe,L,FO,VH,5,Public,355,321,=347,422=,41.2,31.4,28.2,448,51.2,244,5.9,801+,80.9,153,,,9.6,801+,14.9,801+,72.0,499,51.4,331,49.3,725=,20.5,425,42.7,215,4.7,701+,72.3,137,1.3,701+,4.3,701+,32.0,447,31.8,240,7.8,701+
"National Technical University of Ukraine ""Igor Sikorsky Kyiv Polytechnic Institute""",Ukraine,UA,Europe,L,CO,VH,5,Public,801-850,801-850,731-740,701-750,-,-,18.4,663,49.0,261,38.5,527,2.1,801+,1.3,801+,3.0,801+,7.3,801+,22.7,801+,48.8,355,37.2,801+,16.1,544,33.7,292,47.0,333,1.5,701+,1.1,701+,2.5,701+,1.4,701+,18.9,441,1.4,701+
National Tsing Hua University,Taiwan,TW,Asia,M,CO,VH,4,Public,176,210,=233,177,59,41.3,67.0,148,77.1,116,34.2,574,73.5,187,26.7,630,37.3,522,40.4,501,42.1,801+,25.4,633,57.8,546=,53.1,147,67.7,111,28.3,542,38.3,363,16.8,635,20.1,546,6.7,701+,15.9,525,30.5,444=
National University Lviv Polytechnic,Ukraine,,Europe,L,CO,VH,,Public,1001-1200,1001-1200,,,-,,9.6,701+,26.3,518,38.6,525,2.6,801+,3.7,801+,2.1,801+,6.4,801+,20.2,801+,17.9,761,50.8,688=,,,,,,,,,,,,,,,,,,
National University of Kyiv-Mohyla Academy (NaUKMA),Ukraine,UA,Europe,S,FO,VH,5,Public,1201-1400,1001-1200,1001-1200,1001-1200,-,-,5.6,701+,26.8,512,57.1,322,1.5,801+,2.6,801+,1.3,801+,5.7,801+,6.1,801+,29.9,550,16.5,801+,5.2,601+,11.6,601+,39.9,396,1.2,701+,2.2,701+,1.4,701+,1.0,701+,12.7,685,1.3,701+
National University of Life and Environmental Sciences of Ukraine,Ukraine,UA,,L,FO,HI,5,A,,,1201-1400,1201-1400,,-,,,,,,,,,,,,,,,,,,,,,5.7,601+,4.4,601+,17.2,701+,1.4,701+,1.2,701+,1.2,701+,1.1,701+,9.8,701+,1.1,701+
"National University of Modern Languages (NUML), Islamabad",Pakistan,PK,,L,FO,MD,4,,,,1201-1400,,,-,,,,,,,,,,,,,,,,,,,,,6.6,601+,7.2,601+,5.3,701+,1.4,701+,4.8,701+,1.3,701+,1.0,701+,7.8,701+,,
National University of Science and Technology MISiS,Russia,,Europe,M,FO,VH,,Public,721-730,711-720,,,-,,7.2,701+,15.5,701+,76.8,186,21.0,698,10.7,801+,67.4,294,70.2,268,43.7,801+,25.1,638,37.5,801+,,,,,,,,,,,,,,,,,,
National University of Sciences And Technology (NUST) Islamabad,Pakistan,PK,Asia,L,FC,VH,3,Public,371,353,367,334,40.3,30.2,29.3,421,76.3,121,66.7,259,32.3,559,5.7,801+,5.0,801+,9.3,801+,76.6,411,3.4,801+,63.3,435,18.9,472,72.7,93,77.4,151,11.7,701+,2.6,701+,3.9,701+,23.5,512,9,701+,30.7,438=
National University of Singapore (NUS),Singapore,SG,Asia,XL,FC,VH,3,Public,8,8,8,11,95.9,92.7,99.9,14,98.2,32,71.5,216,95.9,64,100.0,37,96.9,101,72.1,253,92.4,140,100.0,9,90.0,63=,99.4,15,88.6,54,76.5,157,93.2,64,100.0,33,81.9,154,76.3,165,100,7,88.1,106=
National University of Uzbekistan,Uzbekistan,,Asia,L,CO,HI,,Public,721-730,781-790,,,-,,29.7,412,38.9,355,7.5,801+,1.9,801+,92.9,200,6.8,801+,10.4,801+,21.3,801+,30.4,545,43.5,801+,,,,,,,,,,,,,,,,,,
National Yang Ming Chiao Tung University,Taiwan,TW,Asia,L,FC,VH,1,Public,199,219,217,202,55.7,43.3,42.1,285,68.5,153,55.4,339,71.8,202,29.1,593,31.9,569,37.7,520,54.1,782,75.8,179,74.1,255=,33.3,262,67.9,110,53.9,286,52.1,247,19.0,601,18.5,566,4.4,701+,44.6,160,54.3,283=
New Jersey Institute of Technology (NJIT),United States,US,Americas,M,FO,VH,5,Public,761-770,791-800,641-650,651-700,-,-,7.5,701+,19.8,666,13.2,801+,40.6,462,36.0,529,65.4,306,68.7,281,37.7,801+,10.4,801+,54.2,619=,3.9,601+,6.1,601+,14.0,701+,27.5,454,84.5,211,69.9,211,1.9,701+,9.9,701+,20.5,540=
New Mexico State University,United States,,Americas,L,CO,VH,,,1201-1400,,,,-,,6.6,701+,6.8,701+,13.0,801+,21.3,695,10.4,801+,10.0,801+,7.7,801+,38.6,801+,10.8,801+,43.0,801+,,,,,,,,,,,,,,,,,,
New York University (NYU),United States,US,Americas,XL,FC,VH,5,Private not for Profit,55,43,=38,39,81.1,79.5,98.6,32,99.9,12,89.0,109,31.7,568,33.1,553,99.7,52,99.7,42,93.5,115,99.5,19,91.3,52,95.9,32,98.5,15,95.5,60,26.7,465,26.4,518,95.0,87,85.4,114,99.7,13,98.3,20
Newcastle University,United Kingdom,UK,Europe,L,FC,VH,4,Public,137,129,110,122,63.9,58.6,62.9,162,68.7,152,49.5,388,49.1,379,92.5,205,81.0,220,82.8,185,95.8,65,40.5,433,90.9,56,48.0,170,74.5,87,35.6,445,50.2,264,90.0,182,70.9,203,96.1,39,24.1,349,98.8,17
Nicolaus Copernicus University,Poland,PL,Europe,L,FC,HI,4,Public,1001-1200,901-950,901-950,801-1000,-,-,10.3,701+,4.8,701+,65.8,262,9.4,801+,4.6,801+,11.3,801+,15.8,801+,81.3,325,3.9,801+,30.1,801+,7.5,601+,3.0,601+,48.7,323,4.8,701+,3.4,701+,4.8,701+,51.1,305,8.2,701+,2,701+
Niigata University,Japan,JP,Asia,L,FC,HI,4,Public,1001-1200,951-1000,851-900,561-570,-,-,6.6,701+,5.1,701+,88.7,110,6.7,801+,6.6,801+,6.1,801+,10.6,801+,23.1,801+,7.2,801+,43.0,801+,4.9,601+,3.3,601+,88.1,93,4.6,701+,4.2,701+,3.3,701+,1.2,701+,9.2,701+,3,701+
Nile University,Egypt,,Africa,S,SP,HI,,Private not for Profit,1401+,,,,-,,8.6,701+,4.6,701+,29.2,646,7.4,801+,5.5,801+,2.7,801+,6.9,801+,9.8,801+,3.3,801+,19.8,801+,,,,,,,,,,,,,,,,,,
NJSC KIMEP University,Kazakhstan,KZ,,S,SP,,3,B,,,951-1000,801-1000,,-,,,,,,,,,,,,,,,,,,,,,5.9,601+,11.9,601+,17.7,701+,3.5,701+,75.2,251,19.8,550,1.0,701+,14.8,567,1.2,701+
North Carolina State University,United States,US,Americas,XL,CO,VH,5,Public,272,311,274,312=,48.2,37.2,36.4,333,47.9,271,12.2,801+,72.9,190,67.5,347,25.6,651,31.7,594,79.8,356,37.7,464,86.7,91=,27.8,315,25.0,384,8.9,701+,67.3,162,63.0,306,15.3,613,49.6,317,20.8,398,64.5,228=
North South University,Bangladesh,BD,Asia,L,FO,HI,3,Private not for Profit,951-1000,901-950,851-900,1001-1200,-,-,16.9,701+,54.1,226,7.5,801+,6.6,801+,10.5,801+,1.6,801+,6.0,801+,30.2,801+,11.7,801+,37.3,801+,12.1,601+,48.4,180,5.6,701+,2.3,701+,12.2,701+,2.4,701+,1.1,701+,13.3,645,1.1,701+
North-West University,South Africa,ZA,Africa,XL,CO,VH,2,Public,951-1000,851-900,801-850,1001-1200,-,-,8.4,701+,14.9,701+,7.0,801+,24.9,641,9.2,801+,3.1,801+,7.7,801+,94.6,89,24.8,643,60.4,499=,7.1,601+,9.1,601+,5.2,701+,13.0,677,5.8,701+,2.4,701+,88.2,95,12.7,676,49.7,309=
Northeastern University,United States,US,Americas,XL,CO,VH,5,Private not for Profit,384,396,=375,388=,39.3,29.5,28.0,450,31.3,457,23.3,769,33.7,541,63.3,368,95.8,116,96.1,99,66.3,602,54.3,309,80.2,166=,19.4,463,9.5,601+,19.1,691,24.2,497,60.2,316,94.3,90,33.2,433,35.4,211,87.3,112
Northern Arizona University,United States,US,Americas,L,CO,VH,5,Public,1001-1200,1001-1200,1001-1200,1201-1400,-,-,9.5,701+,16.2,701+,6.7,801+,23.4,667,3.5,801+,3.8,801+,3.1,801+,48.0,801+,7.5,801+,45.2,801+,6.5,601+,6.0,601+,4.8,701+,12.2,695,2.8,701+,2.4,701+,7.4,701+,9.1,701+,12.4,639
Northern Borders University,Saudi Arabia,SA,Asia,M,FC,HI,2,Public,1001-1200,951-1000,901-950,801-1000,-,-,13.4,701+,6.4,701+,28.8,657,4.5,801+,100.0,42,16.1,797,12.2,801+,18.0,801+,3.0,801+,15.7,801+,10.4,601+,3.7,601+,21.9,632,2.0,701+,98.2,112,5.2,701+,1.0,701+,8.2,701+,1,701+
Northumbria University at Newcastle,United Kingdom,UK,Europe,L,CO,VH,4,Public,550,535,=548,651-700,30,21.4,16.6,701+,19.1,681,18.2,801+,30.6,580,64.5,360,63.6,313,67.1,289,81.5,321,20.0,725,77.8,201=,10.5,601+,15.9,530,10.7,701+,16.0,621,67.2,291,72.3,199,49.8,314,16,523,29.1,456=
Northwest Agriculture and Forestry University,China (Mainland),CN,Asia,XL,CO,VH,2,Public,801-850,851-900,951-1000,801-1000,-,-,5.2,701+,2.9,701+,35.0,565,61.5,278,,,2.0,801+,1.7,801+,70.6,516,5.1,801+,39.0,801+,4.7,601+,1.4,601+,30.0,520,28.9,445,,,1.4,701+,5.5,701+,5.6,701+,2.3,701+
Northwest University (China),China (Mainland),CN,Asia,L,CO,VH,5,Public,1001-1200,1001-1200,1001-1200,801-1000,-,-,5.8,701+,3.2,701+,55.7,338,31.8,566,4.8,801+,4.7,801+,9.3,801+,37.6,801+,5.1,801+,33.1,801+,4.7,601+,1.5,601+,50.9,308,14.3,647,3.8,701+,2.8,701+,3.0,701+,5.9,701+,2.7,701+
Northwestern Polytechnical University,China (Mainland),CN,Asia,XL,CO,VH,4,Public,499,547,621-630,551-560,32.2,-,9.5,701+,9.9,701+,52.3,356,82.6,139,25.5,640,10.1,801+,7.8,801+,57.6,724,11.5,801+,39.0,801+,5.9,601+,2.5,601+,46.0,341,53.6,239,13.9,686,4.8,701+,6.1,701+,10.1,701+,3.2,701+
Northwestern University,United States,US,Americas,L,FC,VH,5,Private not for Profit,42,50,=47,32,85.1,76.2,92.2,59,89.4,74,99.1,44,71.2,205,57.7,399,67.2,295,50.0,414,86.5,229,99.5,20,74.4,250=,83.8,60,60.2,132,98.9,39,70.3,147,48.2,364,44.2,327,79.2,152,97.7,19,78,162
Norwegian University of Life Sciences (UMB),Norway,NO,Europe,M,FO,VH,,,791-800,691-700,1201-1400,,-,-,8.2,701+,8.2,701+,100.0,15,13.4,801+,,,,,,,77.7,390,25.5,630,50.8,688=,5.9,601+,3.7,601+,,,,,,,,,41.5,366,,,,
Norwegian University of Science And Technology,Norway,NO,Europe,XL,FC,VH,5,Public,267,264,=292,352=,48.9,35.7,45.9,255,33.4,430,30.7,620,45.1,413,87.4,240,17.7,769,23.8,709,95.2,77,90.5,101,80.3,165,34.0,253,19.4,465,23.6,609,27.5,456,76.1,246,10.3,701+,88.9,91,51,129,65.7,223=
Notre Dame University-Louaize (NDU),Lebanon,LB,Asia,S,CO,HI,3,Private not for Profit,1001-1200,,901-950,801-1000,-,-,6.5,701+,19.8,662,25.1,732,3.8,801+,87.9,236,27.1,628,30.5,609,7.3,801+,3.9,801+,17.5,801+,4.5,601+,13.8,587,24.9,585,2.6,701+,84.2,216,21.9,517,1.0,701+,8,701+,1,701+
Nottingham Trent University,United Kingdom,UK,Europe,XL,CO,VH,3,Public,609,592,=595,801-1000,27.9,19.9,16.4,701+,22.9,580,15.5,801+,10.7,801+,67.1,349,90.4,165,91.2,140,84.8,258,20.4,717,77.5,206=,10.6,601+,20.5,450,10.2,701+,5.2,701+,56.9,326,61.0,243,52.1,300,13.8,616,50.6,305=
Nova Southeastern University,United States,US,,L,CO,HI,4,,,,1201-1400,1201-1400,,-,,,,,,,,,,,,,,,,,,,,,2.9,601+,3.3,601+,14.0,701+,3.1,701+,4.4,701+,3.9,701+,1.1,701+,10.2,701+,,
Novosibirsk State Technical University,Russia,RU,Europe,L,FO,VH,4,Public,1201-1400,1201-1400,1001-1200,801-1000,-,-,5.7,701+,11.1,701+,27.7,686,2.8,801+,2.0,801+,56.7,366,55.2,372,11.6,801+,7.3,801+,15.2,801+,6.8,601+,5.9,601+,29.1,532,1.8,701+,1.4,701+,44.6,325,1.0,701+,9.9,701+,1.3,701+
Novosibirsk State University,Russia,RU,Europe,M,FO,VH,4,Public,461,442,=421,260=,33.9,26.7,28.8,432,31.1,460,93.6,87,13.0,801+,9.1,801+,70.6,272,69.5,274,55.7,758,13.3,801+,43.8,801+,27.5,317,14.4,572,93.5,69,12.6,685,6.7,701+,56.3,264,5.3,701+,12.9,667,6.8,701+
O.P. Jindal Global University,India,IN,,M,SP,,2,B,,,951-1000,651-700,,-,,,,,,,,,,,,,,,,,,,,,6.6,601+,13.1,601+,51.1,305,1.5,701+,25.1,533,1.2,701+,1.0,701+,8.7,701+,1.5,701+
O. P. Jindal Global University (JGU),India,,Asia,M,SP,VH,,Private not for Profit,851-900,1001-1200,,,-,,15.9,701+,29.7,481,66.8,257,3.2,801+,34.3,543,2.1,801+,6.5,801+,23.3,801+,3.5,801+,46.7,799=,,,,,,,,,,,,,,,,,,
Obuda University,Hungary,,Europe,M,FO,VH,,Public,1001-1200,1201-1400,,,-,,7.9,701+,8.9,701+,3.9,801+,19.6,721,34.7,538,13.3,801+,19.3,774,44.5,801+,5.1,801+,42.4,801+,,,,,,,,,,,,,,,,,,
Ocean University of China,China (Mainland),CN,Asia,XL,FC,VH,3,Public,801-850,801-850,901-950,1001-1200,-,-,6.3,701+,5.8,701+,9.6,801+,72.1,198,4.0,801+,2.6,801+,2.2,801+,49.8,801+,3.9,801+,41.5,801+,5.5,601+,1.9,601+,9.9,701+,40.5,341,3.3,701+,2.0,701+,9.4,684,5.9,701+,4.9,701+
Odessa I.I.Mechnikov National University,Ukraine,UA,Europe,M,FO,HI,5,Public,1201-1400,1201-1400,1001-1200,1001-1200,-,-,3.9,701+,6.3,701+,70.5,224,1.6,801+,2.2,801+,6.1,801+,10.1,801+,12.9,801+,16.8,790,15.5,801+,4.1,601+,2.6,601+,47.7,329,1.3,701+,1.8,701+,3.6,701+,1.0,701+,10.5,701+,1,701+
Ohio State University,United States,,Americas,XL,FC,VH,,Public,190,208,,,56.9,,71.1,131,63.0,173,53.1,353,33.8,539,37.4,519,20.6,721,26.7,661,93.7,106,66.0,236,69.2,326=,,,,,,,,,,,,,,,,,,
Ohio University,United States,US,Americas,L,FC,HI,5,Public,1001-1200,1001-1200,1001-1200,1001-1200,-,-,10.9,701+,13.3,701+,7.6,801+,14.0,801+,3.9,801+,6.3,801+,11.7,801+,51.8,801+,27.9,598,38.3,801+,8.5,601+,9.3,601+,5.5,701+,14.3,651,5.5,701+,3.9,701+,15.1,597,15.5,538,3.9,701+
Okayama University,Japan,JP,Asia,L,FC,VH,4,Public,951-1000,851-900,901-950,601-650,-,-,11.5,701+,5.1,701+,67.5,248,14.7,801+,8.3,801+,11.6,801+,17.0,801+,41.7,801+,3.4,801+,58.3,539=,8.9,601+,3.9,601+,62.1,227,8.4,701+,5.6,701+,6.3,701+,3.6,701+,8.2,701+,1.6,701+
Oklahoma State University,United States,US,Americas,L,FC,HI,5,Public,851-900,851-900,851-900,801-1000,-,-,10.6,701+,12.8,701+,12.2,801+,21.3,694,65.0,358,12.0,801+,17.9,799,71.4,509,30.6,543,50.5,695,8.4,601+,9.7,601+,10.7,701+,15.1,630,37.3,432,4.3,701+,23.4,513,16.6,512,20.9,536=
Oregon State University,United States,US,Americas,L,CO,VH,5,Public,624,641-650,=505,601-650,27.5,23.0,19.7,626,11.9,701+,20.4,801+,44.4,423,17.3,761,11.9,801+,9.1,801+,80.3,350,28.8,579,64.1,420=,15.7,556,4.6,601+,18.9,698,41.1,334,17.0,627,9.6,701+,58.2,259,14.1,607,53.1,291
Osaka Metropolitan University,Japan,,Asia,L,FC,VH,,,901-950,901-950,,,-,,18.1,676,14.0,701+,57.2,321,12.3,801+,6.2,801+,5.2,801+,9.4,801+,34.1,801+,8.9,801+,47.7,765=,,,,,,,,,,,,,,,,,,
Osaka University,Japan,JP,,L,FC,VH,4,A,,,80,68,,63.9,,,,,,,,,,,,,,,,,,,,,81.3,67,89.1,51,55.3,272,62.7,191,28.6,498,13.2,658,26.7,486,23.4,361,58.6,255=
OSMANIA UNIVERSITY,India,IN,,M,CO,VH,5,A,,,1201-1400,1201-1400,,-,,,,,,,,,,,,,,,,,,,,,4.7,601+,3.5,601+,3.5,701+,17.5,590,,,5.9,701+,1.0,701+,7.5,701+,1,701+
"Osmania University, Hyderabad",India,,Asia,M,CO,VH,,Public,1201-1400,1201-1400,,,-,,6.0,701+,6.2,701+,5.0,801+,35.1,523,,,9.3,801+,7.1,801+,25.2,801+,16.3,801+,20.5,801+,,,,,,,,,,,,,,,,,,
Oxford Brookes University,United Kingdom,UK,Europe,L,CO,HI,3,Public,374,416,=413,438=,40,27.1,38.7,309,62.3,178,14.8,801+,12.4,801+,80.8,291,89.8,168,90.7,143,61.8,666,26.0,624,59.8,506,28.9,301,29.7,329,13.8,701+,8.4,701+,68.8,282,70.3,209,27.1,481,18.4,454,34.3,409=
Ozyegin University,Turkey,,Asia,M,FO,VH,,Private not for Profit,1201-1400,,,,-,,6.6,701+,16.1,701+,10.2,801+,10.1,801+,14.7,801+,33.5,552,38.7,510,18.4,801+,2.6,801+,45.1,801+,,,,,,,,,,,,,,,,,,
Pakistan Institute of Engineering and Applied Sciences (PIEAS),Pakistan,PK,Asia,S,SP,HI,3,Public,721-730,691-700,641-650,390=,-,-,7.4,701+,15.1,701+,62.8,281,66.0,241,,,,,,,19.0,801+,3.8,801+,10.4,801+,5.5,601+,9.5,601+,76.6,156,34.4,396,,,1.0,701+,1.1,701+,10.9,701+,1,701+
Palacký University in Olomouc,Czech Republic,,Europe,L,FO,VH,,Public,668,651-660,,,26.3,,21.5,576,19.8,665,36.5,550,14.7,801+,40.1,499,28.5,606,34.5,555,85.8,239,9.0,801+,67.5,358=,,,,,,,,,,,,,,,,,,
Palacký University Olomouc,Czech Republic,CZ,,L,FO,VH,5,A,,,631-640,651-700,,-,,,,,,,,,,,,,,,,,,,,,15.0,583,17.9,492,29.6,524,8.6,701+,33.3,465,19.5,555,54.0,292,9.5,701+,23.7,506=
Palestine Technical University - Kadoorie,Palestine,,Asia,S,CO,HI,,Public,1201-1400,,,,-,,9.4,701+,9.1,701+,29.8,637,3.5,801+,66.5,351,16.4,791,17.5,801+,18.0,801+,12.0,801+,6.1,801+,,,,,,,,,,,,,,,,,,
Panjab University,India,IN,Asia,L,CO,VH,4,Public,901-950,1001-1200,1001-1200,1201-1400,-,-,9.4,701+,11.5,701+,10.3,801+,43.5,433,,,3.2,801+,7.5,801+,33.0,801+,39.6,441,50.9,684=,6.7,601+,5.9,601+,5.6,701+,21.0,545,,,1.8,701+,1.9,701+,29.8,265,2.2,701+
Paris Lodron University of Salzburg,Austria,AT,Europe,M,CO,VH,5,Public,650,601-610,681-690,751-800,26.7,-,13.3,701+,4.8,701+,38.7,524,11.6,801+,98.4,137,98.1,86,98.2,74,59.1,705,23.7,661,62.2,454=,9.4,601+,2.3,601+,13.0,701+,8.0,701+,95.1,150,97.5,68,13.3,621,12,701+,6.3,701+
Paul Valéry University Montpellier,France,FR,,L,FO,VH,5,A,,,1001-1200,1001-1200,,-,,,,,,,,,,,,,,,,,,,,,12.2,601+,2.7,601+,2.9,701+,4.6,701+,5.4,701+,34.8,381,6.6,701+,6.4,701+,2.4,701+
Pavlodar State University named after Toraighyrov,Kazakhstan,,Asia,M,CO,MD,,Public,1401+,1201-1400,,,-,,8.9,701+,12.4,701+,28.9,654,1.4,801+,3.4,801+,5.7,801+,4.5,801+,3.0,801+,4.2,801+,21.8,801+,,,,,,,,,,,,,,,,,,
Pavol Josef Safarik University,Slovakia,,Europe,M,FC,HI,,Public,1001-1200,851-900,,,-,,6.4,701+,5.6,701+,69.2,238,5.5,801+,7.0,801+,78.5,232,74.5,236,41.6,801+,5.5,801+,22.2,801+,,,,,,,,,,,,,,,,,,
Pavol Jozef Šafárik University in Košice,Slovakia,SK,,M,FC,HI,4,A,,,851-900,701-750,,-,,,,,,,,,,,,,,,,,,,,,5.1,601+,3.6,601+,55.5,270,3.6,701+,2.0,701+,63.8,236,3.3,701+,13,663,1.3,701+
Peking University,China (Mainland),CN,Asia,XL,FC,VH,5,Public,14,14,=17,12,92.6,87.0,99.9,12,99.6,17,96.2,66,99.2,35,59.9,391,37.3,523,27.9,640,83.2,290,97.0,58,70.6,308=,99.4,14,95.4,37,90.4,85,97.5,38,50.8,354,23.5,492,43.2,353,82.6,46,68.8,212
Pennsylvania State University,United States,US,Americas,XL,FC,VH,5,Public,82,89,83,93,72.6,63.1,86.1,77,85.8,89,29.1,647,67.2,235,37.4,518,38.2,514,43.8,476,97.4,31,79.2,165,95.4,19=,77.5,76,63.0,126,28.4,540,62.9,189,23.4,560,26.8,449,96.6,36,47.5,145,95.1,52
Perm State National Research University,Russia,RU,,M,FO,VH,5,A,,,1201-1400,801-1000,,-,,,,,,,,,,,,,,,,,,,,,5.0,601+,1.7,601+,41.1,383,1.5,701+,1.4,701+,5.8,701+,1.0,701+,7.7,701+,2.5,701+
Perm State University,Russia,,Europe,M,CO,VH,,Public,1401+,1201-1400,,,-,,4.0,701+,3.3,701+,35.4,559,2.1,801+,1.8,801+,20.4,725,22.2,727,6.0,801+,4.0,801+,29.7,801+,,,,,,,,,,,,,,,,,,
Perugia University,Italy,,Europe,L,FC,VH,,Public,801-850,801-850,,,-,,12.0,701+,5.2,701+,5.0,801+,53.0,355,8.8,801+,10.0,801+,13.9,801+,71.5,507,5.2,801+,49.3,725=,,,,,,,,,,,,,,,,,,
Peter the Great St.Petersburg Polytechnic University,Russia,RU,Europe,L,CO,VH,5,Public,609,559,=534,382=,27.9,22.0,18.0,679,17.8,701+,79.8,169,4.9,801+,18.9,730,89.8,167,90.7,142,70.4,522,11.1,801+,51.6,669=,16.7,529,9.0,601+,77.6,148,3.0,701+,15.0,669,87.6,131,21.9,528,4.3,701+,18.2,564=
Petra Christian University,Indonesia,,Asia,M,FO,HI,,Private for Profit,1401+,1401+,,,-,,11.7,701+,8.7,701+,12.5,801+,2.6,801+,7.6,801+,1.2,801+,5.6,801+,6.7,801+,2.9,801+,28.7,801+,,,,,,,,,,,,,,,,,,
Philipps-Universität Marburg,Germany,DE,Europe,L,FC,VH,5,Public,771-780,801-850,761-770,751-800,-,-,16.3,701+,15.1,701+,7.4,801+,39.6,475,19.0,727,31.9,568,23.9,705,65.9,612,8.9,801+,47.6,770=,14.0,601+,7.5,601+,5.5,701+,31.1,428,16.8,638,22.6,504,16.2,583,9.1,701+,6.1,701+
Plekhanov Russian University of Economics,Russia,RU,Europe,L,FO,VH,5,Public,741-750,711-720,791-800,651-700,-,-,15.5,701+,30.1,474,57.8,314,3.3,801+,4.1,801+,26.7,636,31.7,595,61.2,674,55.2,300,42.4,801+,12.6,601+,14.3,574,49.6,312,2.8,701+,6.0,701+,21.2,530,5.8,701+,30.1,258,7.5,701+
Pohang University of Science And Technology (POSTECH),Republic of Korea,,Asia,S,FO,VH,,Private not for Profit,102,98,,,67.9,,61.3,166,83.3,94,99.9,27,98.3,45,31.6,568,4.2,801+,8.3,801+,29.6,801+,16.0,801+,64.3,415=,,,,,,,,,,,,,,,,,,
Pohang University of Science And Technology (POSTECH),South Korea,KR,,S,FO,VH,3,B,,,=100,71,,60.4,,,,,,,,,,,,,,,,,,,,,51.6,153,75.9,79,99.9,21,98.3,29,33.8,464,2.6,701+,1.3,701+,13.4,637,16.9,581=
Politecnico di Bari,Italy,IT,Europe,M,SP,VH,3,Public,801-850,580,=556,591-600,-,21.1,9.8,701+,9.0,701+,13.1,801+,64.7,251,6.3,801+,13.1,801+,10.0,801+,47.6,801+,3.7,801+,27.4,801+,6.5,601+,4.6,601+,15.6,701+,79.3,114,5.0,701+,7.9,701+,4.1,701+,5.5,701+,1.1,701+
Politecnico di Milano,Italy,IT,Europe,XL,CO,VH,5,Public,98,111,123,139,69.1,55.2,83.4,84,90.1,72,9.3,801+,53.9,343,74.4,317,69.3,281,72.3,252,87.0,215,72.0,199,72.9,275=,69.3,94,71.2,99,5.2,701+,48.3,282,63.8,302,56.6,262,75.1,173,36.9,201,29.4,453=
Politecnico di Torino,Italy,IT,Europe,XL,FO,VH,5,Public,242,241,252,325=,51.2,39.2,50.3,223,64.6,164,4.5,801+,68.1,230,7.3,801+,57.9,356,61.9,324,79.1,366,37.8,462,73.6,265=,38.5,225,44.9,194,2.4,701+,57.9,222,4.1,701+,46.7,313,49.9,313,21.3,391,57.4,263=
Pondicherry University,India,IN,Asia,M,CO,VH,3,Public,1201-1400,1201-1400,1201-1400,801-1000,-,-,5.1,701+,3.4,701+,7.4,801+,33.4,545,2.3,801+,1.6,801+,6.0,801+,34.7,801+,3.2,801+,47.1,785=,4.0,601+,1.9,601+,6.5,701+,12.2,694,1.1,701+,1.1,701+,1.2,701+,4.7,701+,8.4,695=
Pontificia Universidad Catolica del Ecuador,Ecuador,,Americas,L,FO,HI,,Private not for Profit,1001-1200,951-1000,,,-,,24.4,524,19.1,682,13.5,801+,1.9,801+,18.0,745,2.6,801+,2.2,801+,35.3,801+,46.2,377,23.0,801+,,,,,,,,,,,,,,,,,,
Pontificia Universidad Catolica Madre y Maestra,Dominican Republic,DO,,M,FO,MD,4,B,,,1201-1400,1201-1400,,-,,,,,,,,,,,,,,,,,,,,,3.6,601+,8.0,601+,9.8,701+,1.2,701+,13.7,692,13.9,645,1.0,701+,19.9,418,,
Pontificia Universidad Catolica Madre y Maestra (PUCMM),Dominican Republic,,Americas,L,FC,LO,,Private not for Profit,1401+,1201-1400,,,-,,6.0,701+,7.5,701+,14.8,801+,1.6,801+,12.0,801+,14.2,801+,17.2,801+,9.4,801+,51.8,325,24.8,801+,,,,,,,,,,,,,,,,,,
Pontificia Universidad Católica Argentina,Argentina,AR,,L,FC,MD,4,B,,,=514,323,,22.7,,,,,,,,,,,,,,,,,,,,,20.4,431,32.3,303,99.9,22,1.1,701+,1.9,701+,8.8,701+,1.0,701+,19.8,420,1,701+
Pontificia Universidad Católica Argentina Santa María de los Buenos Aires - UCA,Argentina,,Americas,L,FC,MD,,Private not for Profit,517,481,,,31.4,,30.2,402,39.9,344,100.0,22,1.2,801+,3.0,801+,14.8,801+,11.2,801+,10.5,801+,89.8,108,26.7,801+,,,,,,,,,,,,,,,,,,
Pontificia Universidad Católica de Chile,Chile,,Americas,L,FC,VH,,Private not for Profit,116,93,,,66.1,,98.0,36,98.6,29,35.1,562,14.2,801+,42.0,482,7.8,801+,11.9,801+,81.2,328,99.9,13,80.0,169=,,,,,,,,,,,,,,,,,,
Pontificia Universidad Católica de Chile (UC),Chile,CL,,L,FC,VH,5,B,,,103,121,,59.9,,,,,,,,,,,,,,,,,,,,,92.9,38,99.5,11,20.6,654,11.6,701+,16.4,645,3.5,701+,56.8,270,76.3,56,91.3,84=
Pontificia Universidad Católica de Valparaíso,Chile,CL,Americas,L,CO,VH,4,Private not for Profit,791-800,801-850,681-690,751-800,-,-,36.4,332,29.0,487,6.8,801+,13.2,801+,15.1,801+,2.6,801+,2.2,801+,43.3,801+,12.2,801+,36.9,801+,27.3,319,39.6,239,4.9,701+,6.6,701+,10.4,701+,1.6,701+,5.3,701+,8.7,701+,1.8,701+
Pontificia Universidad Católica del Ecuador (PUCE),Ecuador,EC,,L,FC,MD,4,B,,,901-950,801-1000,,-,,,,,,,,,,,,,,,,,,,,,16.8,526,28.7,339,10.5,701+,1.3,701+,16.9,630,1.6,701+,1.1,701+,15.5,540,1.2,701+
Pontificia Universidad Católica del Perú,Peru,PE,,L,FO,VH,5,B,,,=336,363=,,32.2,,,,,,,,,,,,,,,,,,,,,46.3,177,77.1,75,25.9,572,1.8,701+,3.9,701+,1.4,701+,2.5,701+,35.2,214,31.3,428=
Pontificia Universidad Católica del Perú (PUCP),Peru,,Americas,L,FO,VH,,Private not for Profit,345,359,,,41.7,,63.1,161,66.7,158,50.0,384,2.3,801+,4.2,801+,1.9,801+,6.4,801+,44.4,801+,50.6,338,59.7,507=,,,,,,,,,,,,,,,,,,
Pontificia Universidad Javeriana,Colombia,CO,Americas,L,FC,HI,5,Private not for Profit,371,377,=347,382=,40.3,31.4,60.5,173,61.8,185,37.8,535,2.7,801+,3.8,801+,3.7,801+,8.5,801+,38.7,801+,83.1,144,58.6,530=,43.2,198,72.7,94,22.9,619,1.7,701+,4.0,701+,2.7,701+,4.2,701+,57.3,107,29.1,456=
Pontificia Universidade Católica de São Paulo (PUC -SP),Brazil,,Americas,M,FC,MD,,Private not for Profit,1001-1200,1001-1200,,,-,,13.2,701+,21.2,620,48.8,399,1.7,801+,5.2,801+,1.5,801+,5.9,801+,2.9,801+,44.1,402,14.9,801+,,,,,,,,,,,,,,,,,,
Pontificia Universidade Católica do Campinas - PUC Campinas,Brazil,BR,,M,CO,MD,4,C,,,1401+,1201-1400,,-,,,,,,,,,,,,,,,,,,,,,4.9,601+,3.3,601+,6.4,701+,2.0,701+,2.4,701+,1.2,701+,1.0,701+,9.6,701+,1,701+
Pontificia Universidade Católica do Minas Gerais - PUC Minas,Brazil,BR,,XL,FO,HI,4,C,,,1401+,1401+,,-,,,,,,,,,,,,,,,,,,,,,5.0,601+,3.8,601+,1.6,701+,1.5,701+,,,,,1.0,701+,6.2,701+,1,701+
Pontificia Universidade Católica do Rio de Janeiro (PUC - Rio),Brazil,,Americas,M,CO,VH,,Private not for Profit,571,611-620,,,29.2,,42.5,279,23.5,570,17.2,801+,14.6,801+,16.1,776,2.6,801+,7.1,801+,46.1,801+,73.4,192,51.3,677=,,,,,,,,,,,,,,,,,,
Pontificia Universidade Católica do Rio Grande do Sul,Brazil,,Americas,M,FC,HI,,Private not for Profit,1201-1400,1201-1400,,,-,,8.7,701+,6.0,701+,18.4,801+,19.9,714,3.2,801+,2.2,801+,6.6,801+,19.8,801+,11.7,801+,28.5,801+,,,,,,,,,,,,,,,,,,
Pontifícia Universidade Católica de São Paulo,Brazil,BR,,M,FC,MD,4,B,,,1001-1200,801-1000,,-,,,,,,,,,,,,,,,,,,,,,11.3,601+,11.2,601+,34.1,470,1.2,701+,4.4,701+,1.2,701+,1.0,701+,13.8,615,1.2,701+
Pontifícia Universidade Católica do Paraná,Brazil,BR,,M,FC,HI,4,B,,,1401+,1201-1400,,-,,,,,,,,,,,,,,,,,,,,,4.3,601+,2.7,601+,6.0,701+,4.2,701+,1.9,701+,1.4,701+,1.4,701+,5.6,701+,1,701+
Pontifícia Universidade Católica do Rio de Janeiro,Brazil,BR,,M,CO,VH,4,B,,,=595,601-650,,19.9,,,,,,,,,,,,,,,,,,,,,33.4,261,24.5,392,9.3,701+,7.7,701+,12.4,701+,1.6,701+,2.4,701+,28.6,279,32.7,420=
Pontifícia Universidade Católica do Rio Grande do Sul (PUCRS),Brazil,BR,,M,FC,HI,4,B,,,1201-1400,1201-1400,,-,,,,,,,,,,,,,,,,,,,,,6.9,601+,3.8,601+,10.5,701+,7.8,701+,2.4,701+,2.2,701+,1.2,701+,6.7,701+,4.1,701+
Portland State University,United States,US,Americas,L,CO,VH,4,Public,1201-1400,1201-1400,1201-1400,1201-1400,-,-,4.9,701+,2.6,701+,14.8,801+,15.7,789,2.1,801+,10.8,801+,8.3,801+,42.3,801+,16.5,796,47.0,789=,4.3,601+,2.1,601+,9.5,701+,10.5,701+,1.6,701+,5.3,701+,4.9,701+,10.3,701+,18.4,560=
Poznan University of Life Sciences,Poland,PL,Europe,M,FO,VH,5,Public,1001-1200,851-900,801-850,521-530,-,-,6.6,701+,4.1,701+,92.2,95,14.8,801+,1.7,801+,11.1,801+,14.5,801+,37.5,801+,4.1,801+,26.6,801+,5.8,601+,1.8,601+,98.0,46,5.2,701+,3.2,701+,5.4,701+,1.7,701+,8.2,701+,1.1,701+
Poznan University of Technology,Poland,,Europe,L,FO,VH,,Public,1001-1200,1001-1200,,,-,,10.9,701+,13.1,701+,39.8,510,12.8,801+,3.4,801+,10.7,801+,15.5,801+,47.8,801+,7.4,801+,27.6,801+,,,,,,,,,,,,,,,,,,
Poznań University of Technology,Poland,PL,,L,SP,,5,A,,,1001-1200,801-1000,,-,,,,,,,,,,,,,,,,,,,,,7.4,601+,5.6,601+,32.6,488,5.9,701+,2.2,701+,4.0,701+,5.5,701+,7.5,701+,1.2,701+
Pratt Institute,United States,,Americas,M,FO,HI,,Private not for Profit,1201-1400,,,,-,,6.9,701+,7.0,701+,47.5,413,1.7,801+,7.5,801+,95.6,120,71.1,262,2.1,801+,7.1,801+,10.1,801+,,,,,,,,,,,,,,,,,,
Prince Mohammad Bin Fahd University,Saudi Arabia,SA,Asia,S,SP,VH,2,Private not for Profit,436,513,=590,651-700,35.2,20.1,22.5,558,33.6,427,33.1,588,54.7,331,100.0,13,29.6,593,22.2,726,32.3,801+,3.3,801+,37.4,801+,15.4,568,19.1,468,20.8,650,20.3,555,100.0,11,20.5,542,1.1,701+,9.4,701+,1,701+
Prince of Songkla University,Thailand,TH,Asia,XL,FC,HI,4,Public,851-900,951-1000,901-950,801-1000,-,-,32.4,380,13.5,701+,20.4,801+,6.9,801+,7.4,801+,2.7,801+,7.2,801+,55.4,764,5.6,801+,60.9,486=,20.1,437,7.1,601+,16.4,701+,3.2,701+,4.9,701+,1.9,701+,4.0,701+,7.7,701+,42.6,345=
Prince Sattam Bin Abdulaziz University,Saudi Arabia,,Asia,L,FO,VH,,Public,721-730,,,,-,,6.4,701+,3.1,701+,69.3,237,19.6,720,99.6,109,15.5,801+,18.4,789,93.6,109,3.0,801+,36.3,801+,,,,,,,,,,,,,,,,,,
Prince Sultan University,Saudi Arabia,,Asia,S,SP,VH,,Private not for Profit,535,681-690,,,30.6,,10.6,701+,12.0,701+,19.4,801+,61.9,274,100.0,35,23.2,686,24.7,691,62.7,654,15.9,801+,45.7,801+,,,,,,,,,,,,,,,,,,
Princess Nourah bint Abdulrahman University,Saudi Arabia,SA,Asia,L,CO,VH,4,Public,731-740,681-690,661-670,701-750,-,-,18.3,666,24.1,561,28.7,664,7.2,801+,83.8,264,31.3,575,35.9,537,74.6,452,2.8,801+,49.8,706=,16.6,532,16.5,519,19.4,683,1.9,701+,92.5,167,47.7,307,6.3,701+,8.2,701+,2.5,701+
Princess Sumaya University for Technology,Jordan,JO,Asia,S,SP,HI,3,Private not for Profit,901-950,901-950,901-950,801-1000,-,-,11.0,701+,36.8,385,14.3,801+,12.1,801+,60.1,390,57.2,362,54.4,377,8.8,801+,6.3,801+,31.3,801+,8.0,601+,19.5,462,10.7,701+,4.5,701+,42.1,392,39.9,343,1.0,701+,11.7,701+,1,701+
Princeton University,United States,US,Americas,M,CO,VH,5,Private not for Profit,25,22,=17,16=,89.4,87.0,100.0,10,99.8,13,67.3,253,100.0,5,12.7,801+,70.0,280,52.2,397,82.6,300,98.9,28,76.0,222,99.8,10,97.5,23,64.5,216,100.0,2,16.7,640,57.5,261,52.5,298,94.6,27,79.3,155
PSL University,France,,Europe,L,CO,VH,,Public,28,24,,,88.6,,82.6,86,98.5,31,98.6,48,85.1,123,69.6,336,75.5,252,77.9,222,99.7,3,97.5,51,87.8,83=,,,,,,,,,,,,,,,,,,
Pukyong National University,Republic of Korea,,Asia,L,CO,VH,,Public,1201-1400,1201-1400,,,-,,9.4,701+,6.0,701+,21.2,801+,13.6,801+,6.6,801+,13.9,801+,10.6,801+,33.9,801+,1.7,801+,58.6,530=,,,,,,,,,,,,,,,,,,
Pukyong National University ,South Korea,KR,,L,CO,VH,3,A,,,1201-1400,1201-1400,,-,,,,,,,,,,,,,,,,,,,,,6.6,601+,3.4,601+,10.3,701+,7.0,701+,6.6,701+,8.1,701+,1.6,701+,4.2,701+,1.3,701+
Purdue University,United States,US,Americas,XL,FC,VH,5,Public,88,89,99,129=,71.1,60.7,74.3,115,92.7,62,16.4,801+,62.4,265,96.4,159,55.3,377,59.6,344,91.0,157,81.0,153,88.4,74=,63.9,108,81.2,71,10.3,701+,68.4,155,41.5,398,45.8,317,75.4,170,53.4,117,67.4,215=
Pusan National University,Republic of Korea,,Asia,L,FC,VH,,Public,473,524,,,33.5,,28.6,439,20.2,650,57.6,315,36.7,509,19.9,714,27.1,626,33.2,573,57.5,726,18.9,744,73.6,265=,,,,,,,,,,,,,,,,,,
Pusan National University,South Korea,KR,,L,FC,VH,4,A,,,611-620,601-650,,-,,,,,,,,,,,,,,,,,,,,,23.0,379,18.5,475,38.0,416,17.1,599,10.4,701+,12.4,672,7.9,701+,13.3,643,8.1,701+
Qassim University,Saudi Arabia,SA,Asia,L,FC,VH,2,Public,801-850,781-790,901-950,801-1000,-,-,15.5,701+,6.5,701+,47.0,421,3.8,801+,100.0,64,25.1,661,31.1,600,72.1,497,3.0,801+,52.2,658=,7.2,601+,2.9,601+,30.6,513,1.6,701+,98.4,107,8.6,701+,8.2,701+,8.8,701+,1.5,701+
Qatar University,Qatar,QA,Asia,M,FC,VH,3,Public,112,122,=173,208=,66.5,48.7,43.3,273,56.5,208,73.8,206,73.3,188,100.0,26,98.6,83,98.6,70,89.6,179,98.9,29,72.2,289=,27.1,320,43.9,206,64.8,213,38.8,356,100.0,20,96.8,74,59.8,244,95.8,24,35.5,397=
Quaid-i-azam University,Pakistan,PK,Asia,M,CO,VH,4,Public,354,315,=315,363=,41.3,33.4,24.0,530,47.6,274,5.3,801+,97.5,51,9.8,801+,3.1,801+,7.8,801+,67.5,577,27.8,599,46.9,793=,15.8,552,40.3,234,2.8,701+,97.0,40,3.4,701+,1.4,701+,23.0,519,5.8,701+,23,514=
"Queen Margaret University , Edinburgh",United Kingdom,UK,Europe,M,FO,HI,2,Public,1201-1400,951-1000,851-900,801-1000,-,-,4.3,701+,6.5,701+,6.3,801+,19.1,729,68.4,341,67.4,293,70.6,265,3.5,801+,1.0,801+,18.6,801+,3.8,601+,4.0,601+,5.3,701+,17.0,601,61.2,312,76.0,181,1.0,701+,8.7,701+,1,701+
Queen Mary University of London,United Kingdom,UK,,L,FC,VH,5,A,,,=145,125=,,51.9,,,,,,,,,,,,,,,,,,,,,48.8,168,32.8,300,38.7,409,50.7,260,99.7,85,99.4,43,72.8,184,16.8,506,69.9,207=
Queen Mary University of London (QMUL),United Kingdom,,Europe,L,FC,VH,,Public,110,120,,,66.6,,63.6,160,47.1,277,31.0,618,83.4,134,99.9,100,99.9,45,99.9,34,91.9,146,40.1,438,82.4,144=,,,,,,,,,,,,,,,,,,
Queen's University at Kingston,Canada,CA,,L,FC,VH,5,A,,,209,246=,,44.5,,,,,,,,,,,,,,,,,,,,,40.5,209,56.7,146,5.3,701+,45.1,300,70.1,278,30.6,417,22.5,523,71.5,68,85.4,117
Queen's University Belfast,United Kingdom,UK,Europe,L,FC,VH,5,Public,199,206,202,233=,55.7,45.8,49.6,228,43.4,309,30.3,627,57.5,304,100.0,79,98.8,74,98.9,65,95.4,73,19.5,735,89.5,67,33.6,258,30.3,321,27.5,554,43.5,307,100.0,75,98.9,54,84.1,124,14.3,589,91,87
"Queen's University, Ontario",Canada,,Americas,L,FC,VH,,Public,191,193,,,56.8,,50.9,219,75.7,123,7.9,801+,56.3,315,75.6,315,35.5,536,41.2,496,79.0,369,92.3,87,86.6,93=,,,,,,,,,,,,,,,,,,
Queensland University of Technology,Australia,,Oceania,XL,CO,VH,,Public,226,213,,,53.2,,51.6,215,38.8,356,11.6,801+,70.9,211,96.6,158,44.8,451,49.9,416,83.4,287,25.6,629,88.5,73,,,,,,,,,,,,,,,,,,
Queensland University of Technology (QUT),Australia,AU,,XL,CO,VH,3,A,,,=189,222=,,46.8,,,,,,,,,,,,,,,,,,,,,40.9,205,37.6,261,7.4,701+,64.9,176,96.0,141,26.4,458,68.8,202,16.8,502,90.6,89=
Radboud University ,Netherlands,NL,,L,FC,VH,5,A,,,=222,232,,42.5,,,,,,,,,,,,,,,,,,,,,28.9,302,13.9,585,27.6,551,74.9,129,78.3,236,20.2,544,78.8,155,15.7,533,82.7,133=
Radboud University Nijmegen,Netherlands,,Europe,L,FC,VH,,Public,279,272,,,47.6,,38.6,310,20.3,648,34.8,566,73.2,189,83.5,266,30.1,589,36.0,534,92.5,136,34.9,492,67.7,353=,,,,,,,,,,,,,,,,,,
Rajshahi University,Bangladesh,BD,,,CO,,4,,,,1401+,,,-,,,,,,,,,,,,,,,,,,,,,9.2,601+,9.7,601+,,,,,,,,,1.1,701+,,,,
Rajshahi University of Engineering and Technology,Bangladesh,,Asia,M,SP,HI,,,1401+,,,,-,,6.9,701+,13.3,701+,9.9,801+,16.0,782,,,,,,,9.8,801+,4.1,801+,18.0,801+,,,,,,,,,,,,,,,,,,
Renmin (People’s) University of China,China (Mainland),CN,Asia,L,FO,VH,4,Public,566,621-630,=556,601-650,29.3,21.1,29.7,416,50.0,255,21.3,801+,16.6,771,8.9,801+,9.1,801+,7.0,801+,26.0,801+,83.6,142,44.5,801+,23.7,363,40.4,233,17.2,701+,8.0,701+,7.0,701+,5.3,701+,1.5,701+,62.4,94,18.2,564=
Rensselaer Polytechnic Institute,United States,US,Americas,M,CO,VH,5,Private not for Profit,695,601-610,=494,461=,25.3,23.4,10.2,701+,17.9,701+,28.7,662,54.7,330,,,34.4,547,25.7,675,25.8,801+,41.3,423,38.7,801+,8.3,601+,7.0,601+,19.5,682,70.7,144,4.0,701+,44.3,326,1.6,701+,24.1,350,2.7,701+
Rheinisch-Westfälische Technische Hochschule Aachen,Germany,,Europe,L,FC,VH,,Public,105,99,,,67.6,,57.7,187,95.7,46,10.7,801+,79.7,157,59.6,393,93.0,146,93.5,122,86.0,237,55.9,298,82.9,135=,,,,,,,,,,,,,,,,,,
Rheinische Friedrich-Wilhelms-Universität Bonn,Germany,DE,Europe,L,FC,VH,5,Public,207,227,=239,201,54.9,40.6,67.7,144,35.5,407,76.5,188,24.9,640,51.4,432,56.4,369,60.6,337,96.2,56,50.0,343,86.4,95,52.4,151,19.8,458,58.0,247,22.1,526,41.5,397,37.5,365,90.7,79,25.9,319,35.2,399
Rhodes University,South Africa,ZA,Africa,M,FO,VH,5,Public,1001-1200,951-1000,901-950,801-1000,-,-,8.0,701+,9.1,701+,17.2,801+,18.9,733,,,46.4,434,34.6,554,56.5,745,42.9,408,42.2,801+,6.7,601+,9.5,601+,13.6,701+,16.5,607,,,35.8,375,11.6,641,19.6,429,6.5,701+
Rice University,United States,US,Americas,M,CO,VH,5,Private not for Profit,119,141,=145,100,65.7,51.9,50.6,221,51.0,245,74.9,196,81.6,148,91.3,215,96.6,104,96.8,91,66.3,605,45.7,381,81.5,156,38.7,222,22.9,415,65.9,205,82.5,101,91.0,176,94.8,89,9.8,671,30,262,42.6,345=
Riga Stradins University,Latvia,LV,Europe,M,SP,HI,4,Public,1001-1200,951-1000,901-950,801-1000,-,-,7.4,701+,16.2,701+,16.3,801+,3.4,801+,30.9,580,96.1,111,95.9,102,15.9,801+,14.8,801+,29.5,801+,6.7,601+,14.1,578,14.4,701+,1.8,701+,16.9,633,86.4,138,1.0,701+,11.7,701+,4.1,701+
Riga Technical University,Latvia,LV,Europe,M,CO,VH,5,Public,761-770,721-730,751-760,751-800,-,-,12.6,701+,31.9,449,31.7,606,6.0,801+,22.1,686,84.9,195,86.3,165,38.2,801+,40.5,432,47.6,770=,11.4,601+,28.2,343,19.7,673,2.9,701+,16.4,644,59.9,248,1.4,701+,18.5,452,15.2,608=
Rikkyo University,Japan,JP,Asia,L,FO,HI,5,Private for Profit,1401+,1201-1400,1201-1400,1201-1400,-,-,5.5,701+,14.3,701+,9.9,801+,3.0,801+,32.8,556,10.6,801+,14.2,801+,12.3,801+,10.0,801+,30.0,801+,4.1,601+,12.0,601+,10.1,701+,2.6,701+,24.9,537,6.2,701+,1.0,701+,8.6,701+,1,701+
Riphah International University,Pakistan,,Asia,L,CO,HI,,Private not for Profit,1201-1400,,,,-,,13.8,701+,8.2,701+,26.2,712,6.4,801+,2.2,801+,1.5,801+,5.9,801+,51.8,801+,3.2,801+,32.3,801+,,,,,,,,,,,,,,,,,,
Ritsumeikan Asia Pacific University,Japan,JP,Asia,M,SP,LO,2,Private for Profit,1001-1200,901-950,801-850,801-1000,-,-,8.3,701+,11.8,701+,4.3,801+,4.1,801+,99.5,110,99.7,51,99.7,41,4.7,801+,1.7,801+,14.4,801+,5.1,601+,9.4,601+,2.4,701+,2.6,701+,99.6,87,99.6,37,1.0,701+,7.8,701+,1,701+
Ritsumeikan University,Japan,JP,Asia,XL,CO,HI,5,Private not for Profit,680,641-650,631-640,701-750,25.9,-,25.7,493,61.5,187,10.3,801+,5.0,801+,36.5,525,17.8,766,23.9,704,41.1,801+,4.8,801+,64.4,413=,15.2,572,68.4,108,8.1,701+,3.8,701+,24.7,540,10.2,701+,2.0,701+,8.7,701+,2.2,701+
RMIT University,Australia,AU,Oceania,XL,CO,VH,3,Public,125,123,140,190=,65.3,52.4,55.1,202,60.3,191,7.2,801+,91.3,96,100.0,45,95.2,125,95.5,106,83.1,292,49.9,345,87.9,80=,38.6,223,49.6,173,5.4,701+,68.6,151,100.0,37,92.8,102,57.3,267,28.8,277,96.2,43
Robert Gordon University,United Kingdom,UK,,M,CO,HI,3,A,,,901-950,801-1000,,-,,,,,,,,,,,,,,,,,,,,,3.5,601+,11.7,601+,5.4,701+,4.9,701+,63.9,300,76.7,175,1.5,701+,9.8,701+,1.2,701+
Rochester Institute of Technology (RIT),United States,US,Americas,L,CO,VH,5,Private not for Profit,951-1000,1001-1200,1001-1200,1001-1200,-,-,10.0,701+,28.4,491,24.6,741,11.5,801+,8.7,801+,26.9,631,33.0,576,41.2,801+,13.7,801+,55.1,602=,6.2,601+,9.4,601+,19.8,672,7.6,701+,5.0,701+,17.7,579,7.8,701+,17.3,482,1.9,701+
Rovira i Virgili University,Spain,,Europe,L,FC,VH,,Public,771-780,731-740,,,-,,9.5,701+,4.5,701+,19.9,801+,48.0,388,9.8,801+,28.4,610,34.4,559,82.2,309,1.8,801+,65.0,398=,,,,,,,,,,,,,,,,,,
Royal Holloway University of London,United Kingdom,UK,Europe,L,CO,VH,5,Public,461,477,=413,402=,33.9,27.1,22.8,548,11.8,701+,15.1,801+,41.0,460,96.3,164,88.9,177,89.9,151,73.0,487,12.3,801+,61.7,464=,16.0,546,5.7,601+,13.7,701+,36.3,384,94.4,155,88.7,125,23.7,511,11.1,701+,38.1,377=
RUDN University,Russia,RU,Europe,XL,FC,VH,4,Public,367,316,342,295,40.5,32.0,28.4,443,61.2,189,94.0,84,3.9,801+,10.9,801+,95.3,123,95.6,105,88.3,199,14.3,801+,58.9,521=,22.4,395,45.0,192,92.2,74,2.0,701+,8.2,701+,92.7,103,60.1,242,12.2,701+,4.4,701+
Ruhr-Universität Bochum,Germany,DE,Europe,XL,FC,VH,4,Public,395,396,=375,416=,38.1,29.5,29.1,427,11.8,701+,3.9,801+,65.8,243,59.3,394,55.6,376,59.9,343,90.0,174,21.4,701,72.5,281=,21.2,411,11.0,601+,2.3,701+,59.7,208,61.1,314,29.6,425,62.3,231,14.7,570,18,567=
Ruprecht-Karls-Universität Heidelberg,Germany,DE,Europe,L,FO,VH,5,Public,80,84,=87,65=,73,62.2,87.1,74,72.2,138,99.8,32,41.4,456,66.2,352,71.4,265,74.1,240,94.7,88,34.6,494,85.5,106,78.3,75,52.0,156,99.7,29,38.2,365,52.5,349,50.4,290,89.7,88,19.8,423,42.6,345=
Russian Presidential Academy of National Economy and Public Administration,Russia,RU,,XL,FO,HI,3,A,,,1001-1200,801-1000,,-,,,,,,,,,,,,,,,,,,,,,5.2,601+,6.8,601+,49.0,320,1.1,701+,2.0,701+,3.0,701+,1.1,701+,26,315,1.1,701+
Russian State Agrarian University - Moscow Timiryazev Agricultural Academy,Russia,RU,,L,FO,HI,5,A,,,1201-1400,1201-1400,,-,,,,,,,,,,,,,,,,,,,,,7.1,601+,3.5,601+,7.7,701+,1.3,701+,2.0,701+,4.8,701+,1.0,701+,9.9,701+,5.3,701+
Russian State University for the Humanities ,Russia,RU,,M,FO,VH,3,A,,,1201-1400,1201-1400,,-,,,,,,,,,,,,,,,,,,,,,5.4,601+,2.6,601+,17.5,701+,1.3,701+,1.7,701+,4.1,701+,1.0,701+,8.6,701+,1,701+
"Rutgers, The State University of New Jersey, Camden",United States,US,,M,FO,HI,,,,,1201-1400,1201-1400,,-,,,,,,,,,,,,,,,,,,,,,3.9,601+,3.0,601+,17.6,701+,4.3,701+,22.2,572,3.0,701+,1.0,701+,6.9,701+,,
Rutgers University – New Brunswick,United States,US,Americas,XL,CO,VH,5,Public,328,328,299,267=,42.6,34.8,47.7,243,45.8,295,53.4,351,16.5,774,24.1,661,38.8,508,44.3,471,75.3,437,44.6,393,87.5,87,36.9,234,24.7,386,48.7,324,18.1,583,18.9,602,32.8,395,59.7,245,20.7,403,95.9,47
Rutgers University - Newark,United States,US,Americas,M,CO,VH,4,Public,771-780,801-850,771-780,801-1000,-,-,13.7,701+,14.2,701+,26.1,718,26.0,623,31.2,575,44.8,450,49.1,423,26.9,801+,44.6,394,61.2,474=,11.1,601+,5.2,601+,15.5,701+,19.3,564,26.3,519,46.8,311,2.2,701+,28.6,280,15.4,603=
RWTH Aachen University,Germany,DE,,XL,FC,VH,5,A,,,106,147=,,59.3,,,,,,,,,,,,,,,,,,,,,49.7,163,93.0,44,5.5,701+,78.7,120,49.0,362,83.0,151,63.5,223,23.9,354,53.4,288=
Ryerson University,Canada,CA,,XL,CO,VH,4,A,,,851-900,801-1000,,-,,,,,,,,,,,,,,,,,,,,,7.0,601+,14.4,565,1.7,701+,30.7,431,,,3.6,701+,14.6,600,12.7,683,8,701+
S.D. Asfendiyarov Kazakh National Medical University,Kazakhstan,KZ,,M,SP,,2,A,,,901-950,651-700,,-,,,,,,,,,,,,,,,,,,,,,5.5,601+,3.8,601+,59.3,240,1.1,701+,9.6,701+,55.6,266,1.0,701+,12.5,695,1,701+
Sabanci University,Turkey,TR,Asia,S,CO,VH,3,Private not for Profit,404,516,=526,531-540,37.2,22.3,26.5,477,62.6,177,40.0,505,39.2,483,51.2,434,28.0,614,30.9,606,35.5,801+,12.8,801+,50.1,701=,18.1,496,37.5,262,34.5,465,19.2,567,37.0,437,15.0,620,1.8,701+,11.2,701+,15.4,603=
Saint Joseph University of Beirut (USJ),Lebanon,LB,Asia,M,FC,HI,5,Private not for Profit,618,711-720,631-640,531-540,27.7,-,13.4,701+,38.2,366,62.3,285,4.2,801+,94.3,186,40.7,485,46.1,453,30.2,801+,40.8,431,35.0,801+,9.2,601+,27.6,354,46.8,334,2.5,701+,90.8,178,19.7,552,1.0,701+,13,664,9.7,673=
Saint Louis University,United States,,Americas,L,CO,VH,,Private not for Profit,951-1000,951-1000,,,-,,5.7,701+,4.2,701+,50.8,373,23.8,660,20.6,701,42.2,473,31.5,596,23.5,801+,18.5,748,35.9,801+,,,,,,,,,,,,,,,,,,
Saint Petersburg Electrotechnical University ETU-LETI,Russia,RU,,M,FO,VH,5,A,,,951-1000,751-800,,-,,,,,,,,,,,,,,,,,,,,,5.7,601+,3.5,601+,49.4,315,1.8,701+,4.6,701+,49.2,302,1.1,701+,9.4,701+,1.2,701+
Saint-Petersburg Electrotechnical University LETI,Russia,,Europe,M,FO,VH,,Public,1201-1400,1001-1200,,,-,,4.8,701+,6.3,701+,51.9,363,3.0,801+,5.6,801+,56.2,371,58.5,349,15.9,801+,7.3,801+,26.4,801+,,,,,,,,,,,,,,,,,,
Saint-Petersburg Mining University,Russia,RU,Europe,M,FO,VH,5,Public,1001-1200,1001-1200,1001-1200,801-1000,-,-,3.1,701+,5.9,701+,79.1,173,3.7,801+,28.1,606,44.4,454,49.6,419,9.6,801+,13.2,801+,28.3,801+,3.7,601+,3.1,601+,53.9,285,2.2,701+,19.7,592,20.6,539,1.0,701+,12,701+,4.1,701+
Saint Petersburg State University,Russia,RU,Europe,L,FC,VH,5,Public,375,365,=315,270=,39.9,33.4,42.2,283,43.6,305,65.8,263,7.9,801+,6.7,801+,52.2,396,56.8,361,83.7,280,80.1,158,44.6,801+,40.8,207,24.0,403,61.6,228,5.1,701+,5.2,701+,41.7,335,69.5,198,52.8,120,36.1,391=
Saitama University,Japan,JP,,M,CO,VH,4,A,,,1201-1400,1001-1200,,-,,,,,,,,,,,,,,,,,,,,,4.5,601+,1.8,601+,14.1,701+,9.2,701+,10.5,701+,6.2,701+,1.2,701+,7.9,701+,2.2,701+
Sakarya University,Turkey,TR,Asia,XL,FC,HI,3,Public,1401+,1401+,1401+,1401+,-,-,5.9,701+,7.6,701+,4.9,801+,6.6,801+,2.6,801+,21.8,701,27.9,639,26.1,801+,2.3,801+,49.5,715=,3.7,601+,3.0,601+,2.8,701+,3.1,701+,1.7,701+,12.6,669,1.3,701+,7.5,701+,1,701+
Saken Seifullin Kazakh Agrotechnical University,Kazakhstan,KZ,Asia,M,FO,HI,4,Private not for Profit,1201-1400,1201-1400,1201-1400,1201-1400,-,-,10.2,701+,18.0,701+,42.2,475,1.5,801+,23.5,669,9.4,801+,12.5,801+,3.6,801+,4.2,801+,36.7,801+,8.3,601+,6.8,601+,22.2,627,1.1,701+,8.5,701+,4.1,701+,1.0,701+,12.4,701+,1,701+
Samara National Research University (Samara University),Russia,RU,Europe,M,CO,VH,4,Public,1201-1400,1001-1200,901-950,601-650,-,-,4.0,701+,3.7,701+,74.6,199,3.2,801+,2.9,801+,22.3,696,27.1,652,19.5,801+,13.2,801+,30.6,801+,4.6,601+,2.2,601+,81.8,130,2.3,701+,2.8,701+,14.3,637,1.1,701+,10.6,701+,3.3,701+
Samarkand State University,Uzbekistan,,Asia,L,CO,MD,,Public,1001-1200,,,,-,,23.7,534,18.0,701+,41.0,494,1.3,801+,25.1,651,6.5,801+,10.4,801+,7.3,801+,9.5,801+,11.6,801+,,,,,,,,,,,,,,,,,,
San Diego State University,United States,US,Americas,XL,CO,VH,5,Public,1001-1200,1001-1200,1001-1200,1001-1200,-,-,7.9,701+,8.7,701+,4.5,801+,22.8,670,7.9,801+,4.6,801+,3.7,801+,70.6,515,32.1,526,46.5,801+,5.2,601+,3.0,601+,3.2,701+,17.1,598,6.5,701+,4.4,701+,27.1,479,17.8,467,23.7,506=
San Francisco State University,United States,US,Americas,L,CO,HI,5,,1401+,1201-1400,1201-1400,1201-1400,-,-,5.2,701+,7.1,701+,8.3,801+,6.7,801+,4.9,801+,7.7,801+,6.0,801+,32.4,801+,16.4,800,36.1,801+,4.9,601+,2.4,601+,5.2,701+,4.8,701+,4.5,701+,6.8,701+,1.5,701+,10.9,701+,,
Sapienza University of Rome,Italy,IT,Europe,XL,FC,VH,5,Public,128,132,=134,171,64.9,52.9,90.7,65,66.4,161,7.8,801+,62.9,261,4.0,801+,14.8,801+,20.9,749,95.9,61,91.5,92,81.9,151=,79.2,74,41.0,229,4.6,701+,44.9,301,3.0,701+,10.8,697,96.9,33,59.8,101,92,79
Satbayev University,Kazakhstan,KZ,,M,FO,VH,4,A,,,=481,405,,23.9,,,,,,,,,,,,,,,,,,,,,23.3,370,36.0,272,84.3,111,1.2,701+,40.5,407,4.2,701+,1.0,701+,10.5,701+,1.3,701+
Satbayev University (previously Kazakh Technical University named after K.I. Satpaev),Kazakhstan,,Asia,M,FO,VH,,Public,331,405,,,42.5,,40.6,295,58.8,196,94.2,81,1.7,801+,89.2,229,53.7,383,48.5,427,25.7,801+,33.0,515,48.7,737=,,,,,,,,,,,,,,,,,,
Sathyabama Institute of Science and Technology,India,,Asia,L,CO,VH,,Private not for Profit,1201-1400,1201-1400,,,-,,11.0,701+,10.4,701+,27.0,698,9.4,801+,7.5,801+,6.1,801+,10.6,801+,29.5,801+,1.7,801+,51.0,680=,,,,,,,,,,,,,,,,,,
Sathyabama Institute of Science and Technology (deemed to be university),India,IN,,L,CO,VH,3,B,,,1001-1200,1001-1200,,-,,,,,,,,,,,,,,,,,,,,,5.0,601+,6.3,601+,29.1,530,3.9,701+,5.9,701+,4.1,701+,1.1,701+,8.7,701+,7.5,701+
Saveetha Institute of Medical And Technical Sciences (SIMATS),India,,Asia,L,FO,VH,,Private not for Profit,901-950,951-1000,,,-,,8.9,701+,2.9,701+,26.2,713,20.3,708,84.0,263,10.7,801+,15.4,801+,83.0,293,1.7,801+,48.2,751=,,,,,,,,,,,,,,,,,,
Savitribai Phule Pune University,India,IN,Asia,M,CO,VH,4,Public,566,631-640,711-720,541-550,29.3,-,11.1,701+,20.3,647,47.1,420,63.8,257,,,3.3,801+,7.5,801+,54.7,773,30.4,547,43.0,801+,7.8,601+,11.3,601+,55.1,276,30.4,432,1.2,701+,3.3,701+,3.0,701+,7.2,701+,4.9,701+
Sciences Po ,France,FR,,L,SP,,5,A,,,=319,259,,33.2,,,,,,,,,,,,,,,,,,,,,17.7,502,27.6,353,88.0,94,3.2,701+,54.9,337,97.1,73,1.4,701+,76.3,55,54.6,279=
Sciences Po Paris,France,,Europe,L,SP,VH,,Public,367,350,,,40.5,,24.6,520,51.5,240,81.1,163,4.7,801+,61.8,377,98.2,85,98.3,72,29.6,801+,98.0,44,54.5,610=,,,,,,,,,,,,,,,,,,
Seattle University,United States,US,Americas,M,CO,HI,4,Private not for Profit,1201-1400,1201-1400,1201-1400,1001-1200,-,-,6.6,701+,14.0,701+,40.5,498,3.2,801+,1.7,801+,22.1,698,28.3,636,6.0,801+,15.3,801+,42.5,801+,5.4,601+,4.2,601+,29.3,529,2.4,701+,1.5,701+,13.9,644,1.0,701+,13.6,633,1,701+
Sebelas Maret University,Indonesia,,Asia,XL,FC,HI,,Public,1001-1200,1001-1200,,,-,,21.2,586,21.4,616,25.2,730,2.5,801+,33.3,550,11.2,801+,16.9,801+,20.5,801+,2.8,801+,50.8,688=,,,,,,,,,,,,,,,,,,
Sechenov University,Russia,RU,,L,SP,,4,A,,,771-780,651-700,,-,,,,,,,,,,,,,,,,,,,,,5.8,601+,4.4,601+,59.7,239,3.4,701+,9.6,701+,66.0,228,46.5,334,4.7,701+,1.1,701+
SEGi University,Malaysia,,Asia,M,FO,HI,,Private for Profit,731-740,,,,-,,6.7,701+,12.6,701+,91.2,100,2.1,801+,94.9,179,100.0,13,100.0,8,6.6,801+,9.4,801+,30.7,801+,,,,,,,,,,,,,,,,,,
Sejong University,Republic of Korea,,Asia,L,CO,VH,,Private not for Profit,392,396,,,38.2,,16.3,701+,19.4,672,16.3,801+,92.2,92,32.4,558,50.7,407,37.8,516,77.8,388,1.8,801+,61.3,471=,,,,,,,,,,,,,,,,,,
Sejong University ,South Korea,KR,,L,CO,VH,3,B,,,=436,551-560,,26.0,,,,,,,,,,,,,,,,,,,,,13.8,601+,17.3,504,14.7,701+,65.5,169,24.6,542,26.7,451,29.2,462,5.7,701+,8.7,691=
Selcuk University,Turkey,,Asia,L,CO,VH,,Public,1201-1400,,,,-,,7.5,701+,3.7,701+,23.7,757,7.3,801+,2.4,801+,23.6,682,29.7,619,53.8,786,13.6,801+,45.7,801+,,,,,,,,,,,,,,,,,,
Seoul National University,Republic of Korea,,Asia,L,FC,VH,,Public,38,31,,,85.6,,99.7,20,99.1,24,85.6,130,81.2,150,13.2,801+,27.5,622,33.5,571,77.6,391,100.0,6,90.8,57,,,,,,,,,,,,,,,,,,
Seoul National University,South Korea,KR,,L,FC,VH,4,A,,,41,29,,78.5,,,,,,,,,,,,,,,,,,,,,99.0,18,98.2,17,85.1,105,64.9,175,11.5,701+,14.5,631,36.9,401,100,8,73.8,181
Seoul National University of Science and Technology,Republic of Korea,,Asia,M,FO,VH,,Public,1001-1200,1201-1400,,,-,,10.5,701+,7.9,701+,20.5,801+,18.9,734,12.0,801+,32.2,565,28.6,633,28.6,801+,1.9,801+,49.7,708=,,,,,,,,,,,,,,,,,,
Seoul National University of Science and Technology,South Korea,KR,,M,FO,VH,3,A,,,1001-1200,1001-1200,,-,,,,,,,,,,,,,,,,,,,,,7.4,601+,3.8,601+,10.8,701+,10.0,701+,11.1,701+,11.9,680,1.0,701+,7.6,701+,1,701+
Shahid Beheshti University (SBU),Iran (Islamic Republic of),,Asia,L,FO,VH,,Public,741-750,851-900,,,-,,11.8,701+,22.5,590,6.0,801+,49.4,377,5.2,801+,24.7,668,25.1,683,68.0,567,24.2,654,33.6,801+,,,,,,,,,,,,,,,,,,
Shahid Beheshti University (SBU),"Iran, Islamic Republic of",IR,,L,FO,VH,4,A,,,951-1000,1001-1200,,-,,,,,,,,,,,,,,,,,,,,,6.7,601+,12.3,601+,4.0,701+,29.1,442,1.6,701+,1.7,701+,8.5,701+,6.9,701+,1.9,701+
Shahjalal University of Science and Technology,Bangladesh,BD,,,FO,,3,,,,1401+,,,-,,,,,,,,,,,,,,,,,,,,,6.8,601+,8.9,601+,,,,,,,,,1.0,701+,,,,
"Shakarim University of the City of Semey, Kazakhstan",Kazakhstan,,Asia,M,CO,MD,,Public,1401+,,,,-,,10.4,701+,10.2,701+,16.4,801+,1.7,801+,27.7,615,3.3,801+,7.2,801+,2.4,801+,4.2,801+,31.3,801+,,,,,,,,,,,,,,,,,,
Shandong University,China (Mainland),CN,Asia,XL,FC,VH,4,Public,339,316,=360,396=,42.2,30.7,22.8,549,39.0,352,21.8,799,97.1,54,11.2,801+,5.7,801+,4.5,801+,72.8,490,26.8,610,57.5,550=,15.6,558,31.8,310,17.6,701+,78.7,118,8.8,701+,3.4,701+,16.3,580,17.4,480,28.4,463=
Shanghai International Studies University,China (Mainland),CN,Asia,L,SP,VH,3,Public,1201-1400,1201-1400,1001-1200,1001-1200,-,-,7.2,701+,6.4,701+,21.7,801+,3.3,801+,33.8,546,40.0,491,29.9,618,10.8,801+,9.3,801+,9.4,801+,5.3,601+,2.5,601+,17.6,701+,1.7,701+,28.2,500,29.6,424,1.0,701+,6.8,701+,1,701+
Shanghai Jiao Tong University,China (Mainland),CN,Asia,XL,FC,VH,4,Public,47,45,51,46,84.3,74.3,92.7,56,93.8,56,64.5,275,100.0,13,40.9,490,19.1,741,14.4,801+,77.7,389,88.2,119,82.5,141=,83.7,61,83.3,64,54.7,279,99.4,15,39.2,415,35.5,377,38.3,390,55.5,113,44.1,339=
Shanghai Normal University,China (Mainland),CN,Asia,XL,CO,HI,3,Public,1401+,1401+,1201-1400,1201-1400,-,-,4.4,701+,3.4,701+,17.0,801+,9.5,801+,6.8,801+,4.9,801+,10.0,801+,24.9,801+,1.4,801+,32.2,801+,4.3,601+,1.4,601+,13.4,701+,3.8,701+,4.4,701+,2.9,701+,1.1,701+,7.4,701+,1.1,701+
Shanghai University,China (Mainland),CN,Asia,XL,FO,VH,3,Public,465,489,=514,422=,33.8,22.7,29.8,410,21.4,615,51.1,369,48.5,385,29.6,589,10.2,801+,7.8,801+,62.5,657,12.5,801+,42.9,801+,22.2,397,9.0,601+,53.3,291,25.4,476,43.8,383,5.9,701+,11.5,643,11.1,701+,15.8,598=
Shanghai University of Finance and Economics,China (Mainland),CN,Asia,L,SP,VH,4,Public,1201-1400,1201-1400,1201-1400,1201-1400,-,-,5.8,701+,15.1,701+,12.2,801+,9.9,801+,20.4,706,3.6,801+,8.7,801+,14.1,801+,48.0,360,32.0,801+,5.2,601+,4.4,601+,9.3,701+,3.3,701+,16.4,643,2.3,701+,1.0,701+,20.2,415,1.2,701+
Sharif University of Technology,Iran (Islamic Republic of),,Asia,M,FO,VH,,Public,375,342,,,39.9,,17.8,686,48.2,267,8.2,801+,99.2,36,2.6,801+,1.6,801+,5.9,801+,68.4,560,38.7,448,38.7,801+,,,,,,,,,,,,,,,,,,
Sharif University of Technology,"Iran, Islamic Republic of",IR,,M,FO,VH,4,A,,,334,380=,,32.4,,,,,,,,,,,,,,,,,,,,,10.1,601+,43.8,207,6.1,701+,99.1,19,7.3,701+,1.3,701+,9.7,675,25.7,321,1.9,701+
Sheffield Hallam University,United Kingdom,UK,Europe,XL,CO,HI,3,Public,1001-1200,1001-1200,1001-1200,1001-1200,-,-,9.8,701+,13.4,701+,10.9,801+,7.1,801+,42.6,480,42.7,469,48.0,434,60.6,682,12.3,801+,40.6,801+,6.5,601+,12.1,601+,10.0,701+,4.9,701+,35.0,455,30.9,412,6.7,701+,11.9,701+,2.5,701+
Shenzhen University,China (Mainland),CN,Asia,XL,CO,VH,3,Public,452,508,=595,581-590,34.2,19.9,11.9,701+,8.7,701+,40.1,501,90.9,100,15.9,780,2.7,801+,7.5,801+,69.0,547,26.0,623,48.2,751=,8.4,601+,2.3,601+,55.2,275,42.6,314,13.2,698,1.4,701+,14.3,609,17.6,472,15.8,598=
Shibaura Institute of Technology,Japan,JP,,M,FO,VH,4,B,,,1201-1400,1201-1400,,-,,,,,,,,,,,,,,,,,,,,,3.7,601+,2.3,601+,2.8,701+,4.8,701+,13.8,689,9.8,701+,1.1,701+,7.9,701+,1.1,701+
Shinshu University,Japan,JP,Asia,M,FC,VH,4,Public,1201-1400,1001-1200,1001-1200,801-1000,-,-,4.7,701+,4.9,701+,39.9,507,20.2,709,6.8,801+,4.7,801+,8.8,801+,25.2,801+,3.4,801+,24.6,801+,3.4,601+,3.4,601+,35.1,450,12.0,699,10.7,701+,2.9,701+,1.3,701+,7.8,701+,1.1,701+
Shiraz University,Iran (Islamic Republic of),,Asia,L,CO,VH,,Public,701-710,691-700,,,-,,10.2,701+,10.9,701+,6.0,801+,68.3,228,1.2,801+,4.3,801+,8.0,801+,68.1,565,23.4,664,45.7,801+,,,,,,,,,,,,,,,,,,
Shiraz University,"Iran, Islamic Republic of",IR,,L,CO,VH,4,A,,,681-690,751-800,,-,,,,,,,,,,,,,,,,,,,,,5.7,601+,10.4,601+,5.1,701+,54.9,234,1.2,701+,1.8,701+,6.4,701+,13.4,640,27.6,471=
Shiv Nadar University,India,,Asia,S,CO,VH,,Private for Profit,1201-1400,,,,-,,7.5,701+,6.1,701+,42.1,476,20.8,701,17.4,759,3.2,801+,7.3,801+,13.5,801+,1.8,801+,30.4,801+,,,,,,,,,,,,,,,,,,
Shoolini University of Biotechnology and Management Sciences,India,IN,Asia,S,CO,VH,2,Private not for Profit,503,587,771-780,801-1000,32.1,-,16.2,701+,22.5,589,12.1,801+,82.6,138,29.0,595,2.2,801+,6.4,801+,54.1,781,1.8,801+,57.3,555=,8.3,601+,12.6,601+,7.3,701+,42.4,319,24.2,545,1.7,701+,2.1,701+,8,701+,1,701+
Siberian Federal University,Russia,,Europe,M,CO,VH,,Public,1001-1200,1001-1200,,,-,,7.8,701+,9.9,701+,29.9,634,7.9,801+,56.8,406,46.0,438,47.4,437,37.7,801+,10.3,801+,44.4,801+,,,,,,,,,,,,,,,,,,
"Siberian Federal University, SibFU",Russia,RU,,M,CO,VH,2,A,,,1001-1200,1001-1200,,-,,,,,,,,,,,,,,,,,,,,,7.8,601+,3.8,601+,15.5,701+,3.5,701+,45.5,375,31.2,408,2.4,701+,10.4,701+,7.4,701+
Sichuan University,China (Mainland),CN,Asia,XL,FC,VH,3,Public,324,336,=355,406=,43,30.9,30.8,397,34.5,418,14.0,801+,99.9,20,9.7,801+,9.2,801+,7.1,801+,72.9,489,21.0,709,45.3,801+,20.1,436,7.6,601+,11.4,701+,94.7,55,6.6,701+,5.4,701+,26.2,490,14.8,564,18.8,555=
Siksha 'O' Anusandhan (Deemed to be University),India,IN,,L,FO,VH,3,B,,,1201-1400,1001-1200,,-,,,,,,,,,,,,,,,,,,,,,4.6,601+,2.0,601+,32.9,481,4.7,701+,1.7,701+,2.1,701+,1.1,701+,8.1,701+,1,701+
"Siksha ‘O’ Anusandhan (Deemed to be University), SOA",India,,Asia,L,FO,VH,,Private not for Profit,1201-1400,1201-1400,,,-,,8.2,701+,5.5,701+,41.6,485,11.4,801+,3.2,801+,4.0,801+,8.2,801+,28.7,801+,1.7,801+,35.8,801+,,,,,,,,,,,,,,,,,,
Silesian University of Technology,Poland,PL,,L,FO,VH,4,A,,,1001-1200,1001-1200,,-,,,,,,,,,,,,,,,,,,,,,6.5,601+,3.6,601+,27.7,549,6.2,701+,2.4,701+,4.4,701+,9.0,697,11.1,701+,1.4,701+
Silesian University of Technology in Gliwice,Poland,,Europe,L,FO,VH,,Public,1001-1200,1001-1200,,,-,,8.7,701+,9.8,701+,39.3,516,15.2,801+,4.9,801+,7.1,801+,12.4,801+,75.2,440,13.2,801+,32.1,801+,,,,,,,,,,,,,,,,,,
Silpakorn University,Thailand,TH,Asia,L,CO,HI,4,Public,1401+,1401+,1201-1400,,-,-,10.4,701+,12.6,701+,5.7,801+,4.5,801+,8.0,801+,2.7,801+,7.1,801+,26.7,801+,3.1,801+,22.6,801+,6.2,601+,6.7,601+,4.5,701+,2.7,701+,4.6,701+,1.2,701+,1.0,701+,7.4,701+,1,701+
Simon Fraser University,Canada,CA,Americas,L,CO,VH,4,Public,308,319,318,328=,44.7,33.3,34.9,345,20.7,636,7.6,801+,59.6,289,99.1,127,86.1,189,87.3,158,78.4,376,34.0,500,85.2,109,25.5,343,13.5,600,5.7,701+,42.5,315,96.8,128,86.3,139,34.5,423,17.6,474,54.3,283=
Singapore Management University,Singapore,SG,Asia,M,SP,VH,2,Public,511,585,=545,561-570,31.6,21.5,19.4,635,27.4,502,14.2,801+,30.9,577,100.0,48,83.2,203,80.4,205,23.0,801+,38.1,455,58.9,521=,11.8,601+,15.3,538,10.5,701+,20.9,546,100.0,39,63.3,238,1.2,701+,25,331,21.4,531=
Singapore University of Technology and Design,Singapore,SG,Asia,S,SP,VH,2,,519,440,=429,,31.3,26.3,11.0,701+,11.3,701+,99.3,41,71.0,208,,,,,,,35.2,801+,5.3,801+,25.0,801+,7.0,601+,5.8,601+,99.2,34,64.6,180,,,,,3.1,701+,7.5,701+,,
Slovak University of Agriculture in Nitra,Slovakia,,Europe,S,SP,HI,,Public,1201-1400,1001-1200,,,-,,8.9,701+,10.6,701+,36.7,547,15.5,794,8.8,801+,8.9,801+,12.3,801+,28.5,801+,5.7,801+,24.9,801+,,,,,,,,,,,,,,,,,,
Slovak University of Technology in Bratislava,Slovakia,SK,Europe,M,FO,VH,4,Public,1001-1200,1001-1200,1001-1200,801-1000,-,-,10.8,701+,10.6,701+,48.9,396,7.7,801+,4.8,801+,29.1,602,21.8,732,54.2,779,17.9,762,28.1,801+,9.7,601+,7.9,601+,34.7,460,3.6,701+,2.1,701+,2.7,701+,2.6,701+,18.2,459,1.4,701+
SOAS University of London,United Kingdom,UK,Europe,M,FO,VH,5,Public,511,508,=511,443=,31.6,22.8,24.7,516,19.0,686,18.4,801+,23.7,663,100.0,67,99.2,63,99.2,52,17.8,801+,35.2,489,65.0,398=,18.1,494,9.5,601+,18.3,701+,15.2,629,100.0,51,99.0,51,1.0,701+,19.6,427,3.8,701+
"Sofia University ""St. Kliment Ohridski""",Bulgaria,BG,Europe,L,CO,VH,5,Public,731-740,661-670,741-750,561-570,-,-,16.0,701+,25.2,537,55.0,342,3.1,801+,4.0,801+,15.6,801+,21.1,748,55.7,755,88.6,117,49.4,719=,14.4,598,16.3,523,54.1,284,2.1,701+,3.1,701+,8.4,701+,12.9,627,27.3,298,16.7,584=
Sogang University,Republic of Korea,,Asia,M,CO,VH,,Private not for Profit,558,576,,,29.5,,27.3,459,51.9,235,61.3,290,8.9,801+,9.5,801+,35.3,537,39.2,505,16.2,801+,23.4,665,49.8,706=,,,,,,,,,,,,,,,,,,
Sogang University,South Korea,KR,,M,CO,VH,4,B,,,=509,457=,,22.9,,,,,,,,,,,,,,,,,,,,,21.5,401,49.1,178,55.7,269,5.5,701+,7.2,701+,24.3,483,1.0,701+,16.5,513,1.4,701+
Sohar University,Oman,,Asia,S,FO,VH,,Private not for Profit,951-1000,1001-1200,,,-,,8.1,701+,10.5,701+,3.8,801+,19.9,715,100.0,27,4.6,801+,8.7,801+,23.6,801+,71.0,204,34.2,801+,,,,,,,,,,,,,,,,,,
Soka University,Japan,,Asia,M,CO,MD,,Private not for Profit,1401+,,,,-,,5.9,701+,8.2,701+,10.7,801+,3.1,801+,67.7,345,13.3,801+,16.1,801+,11.9,801+,1.6,801+,11.8,801+,,,,,,,,,,,,,,,,,,
Soochow University,China (Mainland),CN,Asia,XL,CO,VH,3,Public,801-850,641-650,681-690,651-700,-,-,9.2,701+,8.2,701+,25.8,721,57.3,305,3.4,801+,2.4,801+,7.2,801+,51.1,801+,24.0,657,35.6,801+,6.2,601+,2.3,601+,16.8,701+,58.5,218,6.7,701+,2.7,701+,10.4,665,11.1,701+,3.8,701+
Soochow University (Taiwan),Taiwan,TW,,L,FO,MD,4,C,,,1401+,1201-1400,,-,,,,,,,,,,,,,,,,,,,,,4.7,601+,6.0,601+,4.3,701+,1.8,701+,4.0,701+,4.0,701+,1.0,701+,8.3,701+,2.2,701+
Sookmyung Women's University,Republic of Korea,,Asia,M,CO,HI,,Private for Profit,1201-1400,1201-1400,,,-,,6.9,701+,9.7,701+,46.8,422,4.9,801+,4.8,801+,5.0,801+,9.3,801+,6.1,801+,1.9,801+,39.8,801+,,,,,,,,,,,,,,,,,,
Sookmyung Women's University ,South Korea,KR,,M,CO,HI,4,C,,,1201-1400,1001-1200,,-,,,,,,,,,,,,,,,,,,,,,5.4,601+,6.4,601+,21.4,637,4.5,701+,4.7,701+,2.0,701+,1.0,701+,7.3,701+,1,701+
Soonchunhyang University,Republic of Korea,,Asia,M,FC,VH,,Private not for Profit,1001-1200,1001-1200,,,-,,7.7,701+,9.1,701+,70.9,219,10.1,801+,7.5,801+,7.3,801+,11.0,801+,12.8,801+,1.9,801+,45.2,801+,,,,,,,,,,,,,,,,,,
Soonchunhyang University,South Korea,KR,,M,FC,HI,3,B,,,1001-1200,,,-,,,,,,,,,,,,,,,,,,,,,5.0,601+,2.9,601+,46.6,337,7.3,701+,5.7,701+,4.8,701+,1.0,701+,6.8,701+,1.1,701+
Soongsil University,Republic of Korea,,Asia,L,FO,VH,,Private for Profit,1401+,1401+,,,-,,3.4,701+,6.9,701+,12.0,801+,9.2,801+,5.7,801+,24.0,674,18.0,796,22.3,801+,3.5,801+,20.3,801+,,,,,,,,,,,,,,,,,,
Soongsil University,South Korea,KR,,L,CO,HI,3,C,,,1201-1400,1201-1400,,-,,,,,,,,,,,,,,,,,,,,,5.0,601+,6.5,601+,10.1,701+,4.3,701+,5.9,701+,13.9,641,1.0,701+,4.2,701+,1,701+
Sophia University,Japan,JP,Asia,L,CO,HI,4,Private not for Profit,951-1000,951-1000,901-950,801-1000,-,-,18.7,657,27.2,505,25.9,720,2.5,801+,41.0,489,20.3,726,26.4,666,9.1,801+,21.3,702,48.7,737=,12.1,601+,19.9,456,21.3,639,2.1,701+,35.2,452,12.0,679,1.0,701+,12.5,694,5.9,701+
Sorbonne University,France,FR,,XL,FC,VH,1,A,,,59,60,,71.7,,,,,,,,,,,,,,,,,,,,,88.6,48,53.2,151,43.3,361,85.4,93,35.2,451,49.8,297,100.0,4,39.5,182,75.8,171=
Sorbonne University (merged from Paris IV & UPMC),France,,Europe,XL,FC,VH,,Public,72,63,,,75.7,,93.2,52,62.1,182,56.4,329,68.8,225,35.5,533,66.8,300,70.0,270,99.4,9,84.2,140,89.2,68=,,,,,,,,,,,,,,,,,,
South China University of Technology,China (Mainland),CN,Asia,XL,FO,VH,3,Public,377,385,=392,406=,39.8,28.2,18.8,652,20.8,635,29.4,641,99.3,31,15.9,778,10.5,801+,16.4,801+,64.8,623,40.4,434,50.1,701=,12.5,601+,4.2,601+,19.0,694,95.4,50,10.4,701+,4.5,701+,9.7,674,21.9,380,10.2,667=
South Ural State University,Russia,,Europe,L,CO,VH,,Public,951-1000,901-950,,,-,,8.6,701+,9.4,701+,57.4,317,8.3,801+,5.6,801+,22.5,694,26.0,669,84.2,272,5.5,801+,33.3,801+,,,,,,,,,,,,,,,,,,
South Ural State University (National Research University),Russia,RU,,L,CO,VH,4,A,,,951-1000,801-1000,,-,,,,,,,,,,,,,,,,,,,,,9.3,601+,4.2,601+,39.4,402,3.0,701+,9.7,701+,16.4,591,36.6,404,5.1,701+,1.3,701+
Southeast University,China (Mainland),CN,,XL,FC,VH,3,A,,,=454,461=,,25.2,,,,,,,,,,,,,,,,,,,,,12.8,601+,7.4,601+,23.9,593,73.1,134,15.1,664,3.5,701+,21.1,536,8.8,701+,16.9,581=
"Southeast University, China",China (Mainland),,Asia,XL,FC,VH,,Public,392,428,,,38.2,,21.1,588,20.8,632,24.5,745,93.6,83,31.6,569,6.1,801+,11.5,801+,76.9,407,9.6,801+,45.0,801+,,,,,,,,,,,,,,,,,,
Southern Cross University,Australia,AU,Oceania,M,CO,VH,2,Public,638,576,651-660,701-750,27.1,-,6.0,701+,4.3,701+,3.9,801+,55.5,322,92.7,203,62.6,322,66.2,296,61.1,677,6.2,801+,65.9,385=,4.7,601+,3.4,601+,3.2,701+,38.6,361,71.2,270,66.2,226,9.3,687,6.9,701+,11,656=
Southern Federal University,Russia,RU,Europe,L,CO,VH,5,Public,1001-1200,951-1000,851-900,541-550,-,-,7.0,701+,7.5,701+,65.4,266,3.5,801+,4.9,801+,42.3,470,47.6,435,43.6,801+,3.7,801+,31.4,801+,7.6,601+,3.6,601+,77.8,146,1.8,701+,3.5,701+,23.1,499,5.1,701+,6.6,701+,11.7,647=
Southern Methodist University,United States,US,Americas,M,CO,VH,5,Private not for Profit,1001-1200,1001-1200,1001-1200,801-1000,-,-,6.4,701+,10.9,701+,37.6,537,11.9,801+,15.8,782,16.3,792,12.4,801+,28.8,801+,62.4,251,41.9,801+,5.2,601+,3.8,601+,28.0,545,8.6,701+,13.0,700,8.8,701+,2.7,701+,30.5,252,1.6,701+
Southern University of Science and Technology,China (Mainland),CN,,M,FO,VH,2,A,,,301,226=,,34.6,,,,,,,,,,,,,,,,,,,,,9.1,601+,2.1,601+,94.6,64,95.0,53,37.2,434,1.5,701+,6.8,701+,7.4,701+,6.9,701+
Southern University of Science and Technology (SUSTech),China (Mainland),,Asia,M,FO,VH,,Public,343,284,,,41.8,,14.9,701+,9.4,701+,87.5,116,100.0,14,42.7,479,2.8,801+,7.2,801+,47.2,801+,1.3,801+,65.5,387=,,,,,,,,,,,,,,,,,,
Southwest University,China (Mainland),CN,Asia,XL,CO,VH,2,Public,1001-1200,1001-1200,1001-1200,1201-1400,-,-,3.2,701+,3.5,701+,12.0,801+,45.1,414,1.5,801+,5.3,801+,4.2,801+,51.4,801+,16.5,798,37.9,801+,3.9,601+,1.7,601+,12.6,701+,19.2,566,1.3,701+,1.7,701+,5.9,701+,9,701+,5.8,701+
SRM INSTITUTE OF SCIENCE AND TECHNOLOGY,India,IN,,XL,CO,VH,3,B,,,1201-1400,1201-1400,,-,,,,,,,,,,,,,,,,,,,,,7.0,601+,13.1,601+,12.2,701+,3.7,701+,1.7,701+,2.1,701+,8.1,701+,7.5,701+,3.8,701+
SRM Institute of Science and Technology (f.k.a SRM University),India,,Asia,XL,CO,VH,,Private not for Profit,1001-1200,1001-1200,,,-,,14.1,701+,21.8,606,17.1,801+,8.6,801+,1.7,801+,2.6,801+,7.1,801+,75.1,441,4.9,801+,49.2,729=,,,,,,,,,,,,,,,,,,
St. Louis University,United States,US,,M,CO,VH,5,B,,,901-950,601-650,,-,,,,,,,,,,,,,,,,,,,,,4.2,601+,2.7,601+,66.3,199,11.1,701+,16.5,642,6.5,701+,2.1,701+,11.1,701+,,
Stamford University Bangladesh,Bangladesh,BD,,,FO,,2,,,,1401+,,,-,,,,,,,,,,,,,,,,,,,,,10.0,601+,2.8,601+,,,,,,,,,1.0,701+,,,,
Stanford University,United States,US,Americas,L,FC,VH,5,Private not for Profit,3,6,5,3,98.9,98.1,100.0,5,100.0,3,100.0,17,99.7,24,94.2,188,73.5,261,76.1,230,96.5,49,100.0,2,95.4,19=,100.0,5,100.0,3,100.0,11,99.9,8,99.9,78,51.2,284,95.8,44,100,2,94.4,63
State University Malang (Universitas Negeri Malang),Indonesia,,Asia,XL,FO,VH,,Public,1401+,1401+,,,-,,10.5,701+,4.9,701+,9.9,801+,2.9,801+,23.4,670,1.6,801+,6.1,801+,13.0,801+,7.3,801+,34.1,801+,,,,,,,,,,,,,,,,,,
State University of Malang,Indonesia,ID,,L,FO,VH,4,A,,,1401+,,,-,,,,,,,,,,,,,,,,,,,,,5.3,601+,2.3,601+,7.9,701+,1.7,701+,9.9,701+,1.3,701+,1.0,701+,7.5,701+,1,701+
Stefan cel Mare University of Suceava,Romania,RO,Europe,M,CO,HI,3,Public,1401+,1401+,1201-1400,1201-1400,-,-,5.5,701+,5.3,701+,7.1,801+,8.9,801+,3.3,801+,38.7,509,35.4,545,25.2,801+,5.3,801+,34.3,801+,3.8,601+,2.3,601+,4.9,701+,3.8,701+,2.4,701+,27.7,443,1.1,701+,8.5,701+,1,701+
Stellenbosch University,South Africa,ZA,Africa,L,FC,VH,5,Public,302,296,283,454=,45.2,36.5,36.7,331,44.8,299,5.0,801+,67.5,233,25.4,642,14.5,801+,11.0,801+,93.6,111,88.9,114,61.0,480=,25.0,351,39.4,240,3.1,701+,59.9,206,20.0,591,7.8,701+,92.0,69,50.1,132,44.1,339=
Stevens Institute of Technology,United States,US,Americas,M,FO,VH,5,Private not for Profit,673,701-710,621-630,701-750,26.2,-,4.0,701+,10.0,701+,8.4,801+,60.9,282,54.1,418,98.7,79,98.2,73,21.7,801+,13.5,801+,46.7,799=,2.7,601+,2.9,601+,4.7,701+,52.4,246,37.5,428,91.4,110,1.2,701+,12.2,701+,1.1,701+
Stockholm University,Sweden,SE,Europe,L,CO,VH,4,Public,147,128,118,153,62.5,56.8,65.1,155,29.5,484,28.3,678,73.6,186,83.0,271,79.4,224,59.1,346,96.7,45,90.5,102,72.1,291=,54.1,145,15.2,543,28.2,543,71.9,138,81.5,223,84.1,147,95.3,51,76.2,57,75.1,175=
Stony Brook University,United States,,Americas,L,FC,VH,,Public,452,460,,,34.2,,24.2,527,17.8,701+,43.6,459,32.4,556,47.4,451,53.4,384,57.9,352,73.7,474,31.9,527,82.5,141=,,,,,,,,,,,,,,,,,,
"Stony Brook University, State University of New York",United States,US,,L,FC,VH,4,A,,,=396,416=,,28.1,,,,,,,,,,,,,,,,,,,,,18.9,473,7.6,601+,30.4,517,31.8,424,45.2,376,51.0,285,34.4,424,18.5,449,88.8,97=
Sudan University of Science and Technology,Sudan,SD,,XL,CO,MD,3,A,,,1401+,1401+,,-,,,,,,,,,,,,,,,,,,,,,4.1,601+,2.7,601+,3.2,701+,1.2,701+,1.9,701+,1.6,701+,1.0,701+,9.4,701+,1,701+
Suez Canal University,Egypt,EG,Africa,XL,FC,HI,3,Public,1401+,1201-1400,1201-1400,1201-1400,-,-,6.1,701+,3.9,701+,17.4,801+,4.4,801+,2.5,801+,3.0,801+,7.3,801+,52.2,801+,2.9,801+,48.0,762,3.9,601+,2.6,601+,16.2,701+,2.2,701+,2.2,701+,1.8,701+,5.7,701+,4.7,701+,1.2,701+
Suleyman Demirel University,Turkey,TR,,XL,FC,MD,3,A,,,1201-1400,,,-,,,,,,,,,,,,,,,,,,,,,6.8,601+,3.8,601+,4.1,701+,2.4,701+,1.8,701+,5.1,701+,1.5,701+,7.5,701+,1.1,701+
"Suleyman Demirel University, Kazakhstan",Kazakhstan,KZ,,M,FO,MD,3,B,,,1201-1400,,,-,,,,,,,,,,,,,,,,,,,,,9.8,601+,8.5,601+,3.6,701+,1.3,701+,3.9,701+,1.2,701+,1.0,701+,12.7,682,1.1,701+
Sultan Qaboos University,Oman,OM,Asia,M,FC,VH,3,Public,334,362,=454,384=,42.3,25.2,28.9,430,25.9,522,62.3,284,39.5,478,100.0,81,6.0,801+,9.9,801+,80.9,333,70.0,209,69.6,320,16.7,528,13.7,593,56.7,259,18.4,577,100.0,58,3.4,701+,48.3,325,17.4,478,8,701+
Sumgait State University,Azerbaijan,,Asia,M,CO,MD,,Public,1001-1200,,,,-,,14.1,701+,12.6,701+,97.9,58,1.1,801+,2.6,801+,1.4,801+,5.8,801+,1.8,801+,12.0,801+,,,,,,,,,,,,,,,,,,,,
Sumy State University,Ukraine,UA,Europe,M,FC,HI,3,Public,1001-1200,1001-1200,951-1000,801-1000,-,-,6.3,701+,11.0,701+,47.1,418,5.2,801+,3.9,801+,29.1,603,29.5,620,35.5,801+,4.5,801+,48.2,751=,5.6,601+,5.7,601+,42.4,373,2.3,701+,2.9,701+,63.1,239,1.2,701+,9.7,701+,3.4,701+
Sun Yat-sen University,China (Mainland),CN,Asia,XL,FC,VH,4,Public,276,331,=323,267=,48,32.8,45.4,259,39.0,351,53.4,352,72.6,193,4.1,801+,6.8,801+,5.3,801+,78.4,377,38.8,446,56.7,562=,36.4,238,22.3,423,48.8,321,44.1,304,2.4,701+,4.2,701+,33.3,429,16.7,508,38.4,373=
Sungkyunkwan University,Republic of Korea,,Asia,L,FC,VH,,Private not for Profit,126,123,,,65.2,,68.4,139,75.6,125,83.8,149,62.3,269,24.2,659,57.6,359,61.6,326,49.5,801+,44.2,400,74.7,243=,,,,,,,,,,,,,,,,,,
Sungkyunkwan University(SKKU),South Korea,KR,,L,FC,VH,5,B,,,=145,99,,51.9,,,,,,,,,,,,,,,,,,,,,64.2,106,71.6,98,81.8,129,37.9,369,17.8,618,34.0,387,9.8,672,26.8,304,27.6,471=
Sungshin Women's University,Republic of Korea,,Asia,M,CO,MD,,Private not for Profit,1001-1200,1001-1200,,,-,,9.1,701+,13.4,701+,85.0,135,1.5,801+,3.7,801+,6.6,801+,10.6,801+,2.7,801+,1.8,801+,28.5,801+,,,,,,,,,,,,,,,,,,
Sungshin Women's University,South Korea,KR,,M,CO,MD,3,B,,,901-950,591-600,,-,,,,,,,,,,,,,,,,,,,,,5.1,601+,7.4,601+,88.4,91,1.2,701+,2.8,701+,4.2,701+,1.0,701+,5.1,701+,1,701+
Sunway University,Malaysia,MY,Asia,M,CO,VH,2,Private not for Profit,410,539,=586,601-650,36.7,20.2,20.9,592,53.3,228,56.9,324,25.2,636,57.1,405,66.9,298,68.7,279,61.4,671,5.1,801+,61.2,474=,10.5,601+,44.1,204,52.2,303,7.2,701+,35.5,450,24.3,482,4.4,701+,9.2,701+,5.4,701+
Suranaree University of Technology,Thailand,TH,Asia,L,FC,HI,3,Public,1201-1400,1201-1400,1201-1400,1201-1400,-,-,10.2,701+,6.5,701+,5.9,801+,16.7,768,7.4,801+,2.4,801+,6.7,801+,27.3,801+,3.2,801+,44.6,801+,6.2,601+,3.1,601+,3.4,701+,8.6,701+,6.1,701+,1.5,701+,1.6,701+,8.5,701+,1.7,701+
Swansea University,United Kingdom,UK,Europe,L,FC,VH,5,Public,292,298,=307,425=,46.2,33.9,34.7,348,54.7,222,28.6,666,43.0,439,76.9,312,80.5,221,82.4,187,79.7,357,13.7,801+,84.4,121,21.0,418,45.0,193,23.6,608,27.4,460,73.1,261,54.1,271,59.0,254,10.6,701+,61,248
Swarthmore College,United States,US,,S,CO,HI,5,B,,,741-750,501-510,,-,,,,,,,,,,,,,,,,,,,,,3.4,601+,1.8,601+,85.9,102,17.0,602,5.4,701+,28.8,432,1.0,701+,18.5,453,,
Swinburne University of Technology,Australia,AU,Oceania,L,CO,VH,3,Public,294,291,=285,296=,46,36.1,18.8,655,19.3,675,14.7,801+,95.0,68,87.8,237,94.7,130,70.5,266,74.0,467,22.8,675,73.4,267=,13.4,601+,12.0,601+,11.0,701+,89.5,76,97.9,114,65.5,229,23.9,507,10.8,701+,25.8,487
Symbiosis International (Deemed University),India,,Asia,L,CO,VH,,Private not for Profit,696,641-650,,,25.2,,9.2,701+,94.7,51,26.5,704,3.3,801+,23.3,673,16.1,796,20.4,757,29.4,801+,8.9,801+,45.6,801+,,,,,,,,,,,,,,,,,,
Syracuse University,United States,US,Americas,L,CO,VH,5,Private not for Profit,741-750,801-850,781-790,751-800,-,-,17.0,701+,18.3,699,16.1,801+,17.0,763,25.2,648,45.5,443,50.5,410,56.7,742,58.0,285,60.9,486=,13.6,601+,9.6,601+,11.8,701+,13.7,661,4.8,701+,44.1,328,11.1,650,30.2,256,23,514=
Széchenyi István University,Hungary,HU,Europe,M,FO,VH,2,Private for Profit,1001-1200,1001-1200,1001-1200,801-1000,-,-,12.2,701+,36.6,391,28.9,655,2.9,801+,4.9,801+,13.4,801+,19.3,773,16.5,801+,4.8,801+,44.9,801+,8.1,601+,24.7,388,22.8,622,1.6,701+,4.2,701+,6.6,701+,1.0,701+,9.2,701+,1.3,701+
Taibah University,Saudi Arabia,SA,Asia,XL,FC,HI,2,Public,1201-1400,1001-1200,1001-1200,1001-1200,-,-,9.2,701+,4.3,701+,7.6,801+,7.4,801+,90.6,221,3.6,801+,8.2,801+,38.0,801+,2.5,801+,32.5,801+,5.7,601+,2.3,601+,4.1,701+,3.2,701+,97.7,121,2.3,701+,2.4,701+,4.5,701+,2.1,701+
Taif University,Saudi Arabia,,Asia,XL,FC,VH,,Public,901-950,,,,-,,7.0,701+,2.7,701+,9.2,801+,30.2,586,100.0,44,4.7,801+,9.2,801+,80.5,343,2.9,801+,46.0,801+,,,,,,,,,,,,,,,,,,
Taipei Medical University,Taiwan,,Asia,M,SP,VH,,Private not for Profit,597,611-620,,,28.3,,16.9,701+,14.7,701+,94.2,83,32.3,558,20.0,713,22.0,699,16.6,801+,24.7,801+,11.9,801+,48.1,757=,,,,,,,,,,,,,,,,,,
Taipei Medical University (TMU),Taiwan,TW,,M,SP,,2,B,,,=577,384=,,20.5,,,,,,,,,,,,,,,,,,,,,10.3,601+,15.4,536,91.1,81,17.9,585,15.1,667,15.6,609,1.3,701+,9.9,701+,9,688
Tallinn University,Estonia,EE,Europe,M,FO,VH,2,Public,901-950,1001-1200,1001-1200,1001-1200,-,-,11.1,701+,12.4,701+,12.6,801+,9.9,801+,63.9,363,30.6,585,36.5,529,55.1,768,45.6,382,44.3,801+,8.7,601+,5.7,601+,6.9,701+,6.1,701+,40.0,412,19.3,556,9.3,686,11,701+,1.3,701+
Tallinn University of Technology,Estonia,,Europe,M,FO,VH,,Public,635,621-630,,,27.2,,16.2,701+,18.6,694,33.5,581,23.5,665,53.2,425,26.8,635,32.8,578,81.2,326,50.5,341,43.0,801+,,,,,,,,,,,,,,,,,,
Tallinn University of Technology (TalTech),Estonia,EE,,M,FO,VH,5,A,,,651-660,701-750,,-,,,,,,,,,,,,,,,,,,,,,12.9,601+,11.4,601+,27.6,553,9.6,701+,49.5,360,25.0,475,48.5,323,32,239,3.5,701+
Tamkang University,Taiwan,TW,Asia,L,CO,HI,3,Private for Profit,1201-1400,1201-1400,1201-1400,1201-1400,-,-,7.8,701+,9.9,701+,5.2,801+,11.0,801+,8.0,801+,11.6,801+,16.4,801+,24.6,801+,35.6,484,45.7,801+,5.7,601+,5.5,601+,3.6,701+,5.6,701+,8.4,701+,7.4,701+,1.1,701+,20.9,395,4.9,701+
Tampere University,Finland,FI,Europe,L,FC,VH,1,Public,423,462,=436,415,36.1,26.0,29.2,424,24.7,543,24.8,737,47.7,392,61.6,378,13.9,801+,19.6,771,84.0,277,42.1,417,49.2,729=,22.5,391,19.5,463,23.9,595,31.8,422,32.0,473,6.4,701+,56.4,275,20.6,406,37.2,387
Tanta University,Egypt,EG,Africa,XL,FC,HI,4,Public,1201-1400,1201-1400,1201-1400,1201-1400,-,-,7.7,701+,9.8,701+,7.2,801+,4.0,801+,1.5,801+,3.0,801+,7.3,801+,73.3,484,5.7,801+,48.1,757=,6.3,601+,4.3,601+,4.1,701+,2.1,701+,1.6,701+,2.0,701+,21.4,533,6.5,701+,13.9,625=
Taras Shevchenko National University of Kyiv,Ukraine,UA,Europe,L,CO,VH,5,Public,721-730,701-710,681-690,651-700,-,-,21.9,567,50.1,254,30.7,619,3.9,801+,1.7,801+,3.7,801+,8.2,801+,37.6,801+,72.0,200,37.9,801+,19.2,467,38.6,252,33.4,477,2.3,701+,1.5,701+,5.1,701+,2.9,701+,28,288,1.9,701+
Tashkent Institute of Irrigation and Agricultural Mechanization Engineers - National Research University (TIIAME-NRU),Uzbekistan,,Asia,M,CO,VH,,Public,469,547,,,33.7,,35.6,341,46.0,292,87.1,120,4.2,801+,44.3,470,16.7,785,18.5,787,18.6,801+,24.8,644,46.9,793=,,,,,,,,,,,,,,,,,,
Tashkent State Technical University,Uzbekistan,,Asia,L,CO,HI,,Public,901-950,,,,-,,30.6,399,16.2,701+,20.1,801+,2.1,801+,62.9,371,1.8,801+,6.1,801+,9.9,801+,30.7,540,33.9,801+,,,,,,,,,,,,,,,,,,
Tashkent State Transport University,Uzbekistan,,Asia,L,FO,HI,,Public,1201-1400,,,,-,,19.3,640,10.8,701+,24.7,740,1.3,801+,3.5,801+,2.3,801+,6.5,801+,2.0,801+,9.2,801+,30.1,801+,,,,,,,,,,,,,,,,,,
Tashkent State University of Economics,Uzbekistan,,Asia,L,SP,MD,,Public,1001-1200,,,,-,,15.7,701+,31.4,455,14.0,801+,1.5,801+,19.2,726,11.3,801+,13.9,801+,13.5,801+,23.7,660,36.7,801+,,,,,,,,,,,,,,,,,,
Tashkent University of Information Technologies,Uzbekistan,,Asia,L,SP,HI,,Public,1401+,,,,-,,10.7,701+,15.4,701+,7.4,801+,1.7,801+,10.4,801+,3.3,801+,7.4,801+,3.5,801+,9.4,801+,27.7,801+,,,,,,,,,,,,,,,,,,
Taylor's University,Malaysia,MY,,S,FO,VH,2,C,,,284,284=,,36.2,,,,,,,,,,,,,,,,,,,,,24.0,358,82.8,67,63.3,225,8.5,701+,54.1,342,98.8,55,3.8,701+,10.5,701+,2.3,701+
Taylor's University (Malaysia),Malaysia,,Asia,M,CO,VH,,Private for Profit,253,251,,,50,,40.2,298,85.2,92,69.7,233,21.0,696,73.0,324,100.0,34,100.0,25,53.5,789,5.2,801+,57.8,546=,,,,,,,,,,,,,,,,,,
Technical University of Cluj-Napoca,Romania,RO,Europe,L,SP,VH,5,Public,1201-1400,1201-1400,1201-1400,1201-1400,-,-,5.8,701+,10.7,701+,10.5,801+,8.2,801+,4.0,801+,5.6,801+,10.1,801+,46.5,801+,5.1,801+,42.1,801+,5.0,601+,4.8,601+,7.3,701+,3.7,701+,1.7,701+,2.7,701+,2.8,701+,8,701+,1.1,701+
Technical University of Crete,Greece,GR,,,SP,,,,,,1401+,,,-,,,,,,,,,,,,,,,,,,,,,5.9,601+,5.4,601+,,,,,,,,,2.6,701+,,,,
Technical University of Darmstadt,Germany,DE,,L,FO,VH,5,A,,,=246,275=,,39.7,,,,,,,,,,,,,,,,,,,,,21.0,417,37.5,263,6.2,701+,79.0,117,62.6,310,74.6,188,32.5,439,33.5,229,19.9,545=
Technical University of Denmark,Denmark,DK,Europe,M,FO,VH,5,Public,107,109,121,104=,67.5,56.2,44.8,264,36.2,396,98.4,49,90.9,99,100.0,52,95.9,113,96.1,96,87.1,213,60.5,269,68.0,351=,32.5,270,16.3,525,99.8,27,83.4,99,100.0,53,82.0,153,71.6,189,28.9,275,54.9,277=
Technical University of Kosice,Slovakia,SK,Europe,M,FO,VH,4,Public,1001-1200,1001-1200,1001-1200,801-1000,-,-,8.2,701+,13.8,701+,21.4,801+,10.3,801+,1.8,801+,89.6,169,66.7,291,40.5,801+,21.4,699,21.9,801+,7.5,601+,2.5,601+,22.8,621,5.2,701+,1.5,701+,59.3,251,1.7,701+,12.8,670,1.1,701+
Technical University of Liberec,Czech Republic,CZ,Europe,M,CO,VH,4,Public,1201-1400,1201-1400,1001-1200,801-1000,-,-,5.6,701+,5.0,701+,43.9,452,9.3,801+,15.6,789,14.9,801+,18.7,785,28.5,801+,2.5,801+,15.7,801+,4.3,601+,3.2,601+,45.5,346,4.3,701+,16.4,647,10.1,701+,1.6,701+,7.8,701+,1,701+
Technical University of Lublin,Poland,PL,,M,FO,VH,2,A,,,1201-1400,1001-1200,,-,,,,,,,,,,,,,,,,,,,,,5.7,601+,1.9,601+,23.8,596,2.7,701+,,,11.3,686,1.0,701+,6.2,701+,1,701+
Technical University of Munich,Germany,DE,Europe,XL,FO,VH,5,Public,22,28,37,49,90.2,80.0,92.0,60,99.7,16,70.5,223,92.6,90,86.3,252,98.9,72,98.9,63,95.9,63,57.3,293,87.8,83=,83.9,59,98.2,19,88.8,89,59.6,210,76.5,243,97.3,71,86.7,103,25,330,84.8,120=
Technical University of Ostrava,Czech Republic,,Europe,M,FO,VH,,Public,1001-1200,1001-1200,,,-,,7.7,701+,21.5,614,28.9,653,10.3,801+,15.2,801+,41.1,482,45.1,463,56.9,738,5.0,801+,46.5,801+,,,,,,,,,,,,,,,,,,
Technion - Israel Institute of Technology,Israel,IL,Asia,L,FO,VH,5,Public,350,416,=392,408=,41.5,28.2,32.2,384,35.6,404,67.3,252,33.3,546,91.1,217,10.6,801+,8.1,801+,57.5,725,65.9,237,53.2,641=,25.4,345,27.8,347,43.9,358,25.4,479,64.8,296,4.6,701+,12.8,628,30.7,250,26.1,485=
Technische Universität Bergakademie Freiberg,Germany,DE,Europe,S,FO,VH,,,487,380,1401+,,32.8,-,7.4,701+,6.4,701+,10.1,801+,90.9,101,59.7,392,100.0,25,100.0,16,35.1,801+,1.4,801+,32.9,801+,5.5,601+,4.6,601+,,,,,,,,,4.9,701+,,,,
Technische Universität Berlin,Germany,,Europe,L,CO,VH,,Public,145,147,,,62.8,,64.6,156,79.4,107,70.6,221,34.3,533,64.2,361,84.5,197,85.9,168,89.0,187,47.6,367,68.3,344=,,,,,,,,,,,,,,,,,,
Technische Universität Berlin (TU Berlin),Germany,DE,,L,CO,VH,5,A,,,=154,158,,50.5,,,,,,,,,,,,,,,,,,,,,56.2,137,69.3,107,53.0,296,24.9,492,51.3,351,68.8,214,55.0,284,25.4,327,52.1,294
Technische Universität Braunschweig,Germany,DE,Europe,L,CO,VH,5,Public,711-720,751-760,751-760,601-650,-,-,14.4,701+,21.9,604,69.9,232,9.7,801+,,,50.9,405,38.0,515,66.1,608,19.3,738,47.4,776=,11.0,601+,14.5,561,58.8,244,6.3,701+,,,26.8,448,20.2,542,12,701+,4.8,701+
Technische Universität Darmstadt,Germany,,Europe,L,CO,VH,,Public,253,241,,,50,,28.2,447,41.9,320,9.8,801+,82.2,142,67.8,344,92.8,149,93.4,123,73.8,473,53.5,318,78.6,190=,,,,,,,,,,,,,,,,,,
Technische Universität Dortmund,Germany,,Europe,L,FO,VH,,Public,673,801-850,,,26.2,,18.5,661,35.5,406,42.7,466,11.1,801+,32.3,559,36.7,529,27.5,646,76.5,412,12.5,801+,43.0,801+,,,,,,,,,,,,,,,,,,
Technische Universität Dresden,Germany,DE,Europe,L,FC,VH,5,Public,218,234,=246,200,54.3,39.7,47.2,247,49.2,259,74.9,197,58.6,296,40.4,495,42.0,476,47.3,439,95.3,75,12.5,801+,87.9,80=,37.5,231,37.7,258,91.2,79,14.8,639,46.2,373,35.2,379,87.4,98,11.2,701+,30.7,438=
Technische Universität Hamburg-Harburg,Germany,DE,,,SP,,,,,,1401+,,,-,,,,,,,,,,,,,,,,,,,,,8.8,601+,5.6,601+,,,,,,,,,2.8,701+,,,,
Technische Universität Kaiserslautern,Germany,DE,Europe,L,CO,VH,,,1201-1400,1201-1400,1401+,,-,-,8.6,701+,6.0,701+,22.2,787,7.5,801+,,,,,,,63.4,645,5.4,801+,,,6.5,601+,3.2,601+,,,,,,,,,10.8,655,,,,
Technische Universität Wien,Austria,AT,,M,FO,VH,5,A,,,=184,179=,,47.6,,,,,,,,,,,,,,,,,,,,,32.9,266,44.4,201,13.1,701+,85.7,91,79.3,232,89.0,123,45.1,347,13.2,649,19,552=
Technological University Dublin,Ireland,IE,,L,CO,HI,1,A,,,851-900,801-1000,,-,,,,,,,,,,,,,,,,,,,,,12.1,601+,12.4,601+,12.6,701+,3.1,701+,32.7,470,39.6,346,5.0,701+,13.1,653,16.9,581=
Technological University of Dublin,Ireland,,Europe,L,CO,HI,,Public,781-790,851-900,,,-,,17.7,690,22.4,594,18.0,801+,6.1,801+,49.8,440,63.7,312,67.3,288,53.7,787,22.6,679,58.7,528=,,,,,,,,,,,,,,,,,,
Tecnológico de Costa Rica (TEC),Costa Rica,CR,Americas,M,FO,HI,4,Public,1201-1400,1001-1200,951-1000,801-1000,-,-,11.2,701+,24.9,539,23.2,770,2.1,801+,9.7,801+,3.0,801+,7.3,801+,11.1,801+,11.6,801+,17.8,801+,8.4,601+,33.8,291,23.2,612,1.4,701+,6.8,701+,2.0,701+,1.0,701+,12.4,701+,1.9,701+
Tecnológico de Monterrey,Mexico,MX,,XL,FC,HI,4,B,,,=184,170,,47.6,,,,,,,,,,,,,,,,,,,,,51.3,157,96.8,28,63.5,222,2.3,701+,32.7,469,11.7,681,13.5,618,88.3,41,65.7,223=
Tecnológico de Monterrey (ITESM),Mexico,,Americas,XL,FC,HI,,Private not for Profit,187,185,,,57.1,,69.9,136,93.9,55,69.4,236,4.8,801+,24.5,658,18.3,758,24.4,696,74.6,451,97.4,52,73.8,262=,,,,,,,,,,,,,,,,,,
Tel Aviv University,Israel,IL,Asia,L,FC,VH,4,Public,223,209,215,260=,53.6,43.9,43.6,269,31.0,462,6.1,801+,99.7,25,48.9,444,15.3,801+,21.3,743,78.3,378,94.2,79,77.0,214=,33.2,264,23.6,407,3.8,701+,99.9,11,40.4,410,4.6,701+,39.5,382,72.9,62,38.4,373=
Telkom University,Indonesia,ID,,L,SP,,2,C,,,1001-1200,1001-1200,,-,,,,,,,,,,,,,,,,,,,,,7.4,601+,9.4,601+,27.0,561,1.4,701+,22.3,568,3.6,701+,1.0,701+,10.4,701+,3.4,701+
Telkom University (aka Telkom Institute of Technology),Indonesia,,Asia,L,SP,VH,,Private for Profit,1001-1200,1001-1200,,,-,,13.6,701+,14.7,701+,23.3,768,2.5,801+,53.5,423,12.1,801+,17.0,801+,15.5,801+,11.6,801+,36.3,801+,,,,,,,,,,,,,,,,,,
Temple University,United States,US,Americas,L,FC,VH,5,Public,721-730,681-690,721-730,751-800,-,-,16.8,701+,15.0,701+,37.9,534,24.6,647,4.4,801+,11.6,801+,17.5,801+,64.7,625,38.7,447,72.1,291=,12.5,601+,7.9,601+,26.4,565,18.8,570,3.4,701+,5.7,701+,48.1,326,18.3,455,23,514=
Texas A&M University,United States,US,Americas,XL,FC,VH,5,Public,144,154,=134,164=,63,52.9,72.9,124,81.5,101,6.2,801+,75.5,175,28.0,608,20.7,717,15.6,801+,93.0,124,63.8,244,61.0,480=,62.0,112,59.6,135,4.5,701+,68.4,152,23.1,564,13.3,656,88.4,93,30.1,259,61.3,246=
Texas Tech University,United States,US,Americas,XL,FC,HI,5,Public,731-740,781-790,801-850,1001-1200,-,-,14.5,701+,26.9,509,10.0,801+,18.8,739,63.8,364,17.4,777,23.5,714,70.6,517,28.1,591,66.1,376=,11.0,601+,11.8,601+,5.0,701+,15.3,625,8.5,701+,7.1,701+,20.3,541,13.7,622,56.1,270
Thammasat University,Thailand,TH,Asia,XL,FC,HI,4,Public,551,596,=600,651-700,29.9,19.8,36.7,329,38.3,365,27.2,694,3.9,801+,15.9,779,2.2,801+,6.9,801+,45.7,801+,90.6,100,60.7,494=,23.8,360,26.4,365,25.1,583,2.1,701+,11.6,701+,1.7,701+,2.0,701+,72.5,64,29.4,453=
Thapar Institute of Engineering & Technology,India,IN,Asia,M,FO,VH,4,Public,771-780,851-900,951-1000,1001-1200,-,-,4.0,701+,9.3,701+,14.3,801+,71.2,206,17.1,763,4.7,801+,8.7,801+,33.7,801+,11.6,801+,58.5,534=,3.8,601+,4.0,601+,7.9,701+,36.9,379,3.7,701+,1.6,701+,1.6,701+,8.7,701+,1.2,701+
The American University in Cairo,Egypt,EG,Africa,M,CO,VH,5,Private not for Profit,381,410,=415,416=,39.4,27.0,40.8,292,46.9,278,39.0,521,12.2,801+,98.0,141,7.1,801+,11.7,801+,46.8,801+,88.6,118,51.6,669=,30.3,287,23.8,405,42.8,368,4.6,701+,97.9,115,3.9,701+,1.4,701+,63.3,92,16.3,588=
The Australian National University,Australia,AU,,L,FC,VH,4,A,,,=34,30,,81.5,,,,,,,,,,,,,,,,,,,,,93.2,37,70.2,102,34.9,455,92.8,65,100.0,38,93.3,97,78.5,156,43.9,164,87.4,108=
The Catholic University of Korea,Republic of Korea,,Asia,M,FC,VH,,Private not for Profit,741-750,801-850,,,-,,7.9,701+,6.0,701+,97.4,61,31.0,576,4.7,801+,52.9,390,47.1,441,14.3,801+,1.9,801+,44.8,801+,,,,,,,,,,,,,,,,,,
The Catholic University of Korea ,South Korea,KR,,M,FC,VH,3,B,,,781-790,494=,,-,,,,,,,,,,,,,,,,,,,,,3.6,601+,2.7,601+,99.0,37,12.0,700,3.3,701+,13.0,662,1.0,701+,7.2,701+,1.1,701+
The Chinese University of Hong Kong,"Hong Kong SAR, China",,Asia,L,FC,VH,,Public,32,36,,,87.4,,94.2,48,67.3,157,75.9,191,95.0,71,100.0,50,93.3,143,90.3,147,68.2,563,91.2,94,84.1,123,,,,,,,,,,,,,,,,,,
The Chinese University of Hong Kong (CUHK),Hong Kong,HK,,L,FC,VH,4,A,,,=47,38,,76.2,,,,,,,,,,,,,,,,,,,,,88.4,50,46.3,190,60.0,236,92.3,67,100.0,57,77.1,174,32.7,438,78.6,53,61.3,246=
The City College of New York,United States,,Americas,L,FC,HI,,Public,1001-1200,1201-1400,,,-,,11.8,701+,8.0,701+,15.0,801+,17.8,756,5.0,801+,8.6,801+,6.6,801+,46.7,801+,7.1,801+,39.0,801+,,,,,,,,,,,,,,,,,,
The Education University of Hong Kong,"Hong Kong SAR, China",,Asia,M,FO,VH,,,530,,,,30.8,,9.4,701+,7.8,701+,71.7,215,39.7,474,99.8,104,68.6,285,61.7,325,43.4,801+,9.4,801+,35.3,801+,,,,,,,,,,,,,,,,,,
"The Federal University of Sao Carlos, UFSCar",Brazil,,Americas,L,FC,VH,,Public,1001-1200,1001-1200,,,-,,15.0,701+,10.8,701+,20.3,801+,28.8,597,3.4,801+,2.5,801+,2.1,801+,47.1,801+,1.8,801+,41.3,801+,,,,,,,,,,,,,,,,,,
"The ""Gheorghe Asachi"" Technical University of Iasi",Romania,RO,Europe,L,SP,VH,4,Public,1201-1400,1201-1400,1201-1400,1201-1400,-,-,6.5,701+,14.5,701+,3.8,801+,10.0,801+,,,8.6,801+,6.6,801+,49.3,801+,5.3,801+,22.7,801+,6.0,601+,6.8,601+,2.4,701+,5.5,701+,,,5.0,701+,2.2,701+,6.5,701+,1.1,701+
The Hashemite University,Jordan,JO,Asia,L,FC,HI,3,Public,1001-1200,1001-1200,1201-1400,1201-1400,-,-,15.6,701+,23.7,566,5.5,801+,7.8,801+,9.9,801+,18.4,756,13.9,801+,45.1,801+,5.1,801+,45.4,801+,8.0,601+,13.0,601+,3.8,701+,3.4,701+,9.0,701+,8.0,701+,3.0,701+,6.2,701+,1.1,701+
The Hebrew University of Jerusalem,Israel,IL,,L,FC,VH,5,A,,,251,222=,,39.3,,,,,,,,,,,,,,,,,,,,,34.3,252,29.1,334,81.2,135,22.5,521,54.7,338,16.0,600,37.1,400,77.7,54,50.9,301=
The Herzen State Pedagogical University of Russia,Russia,RU,,L,FO,HI,5,A,,,1201-1400,1001-1200,,-,,,,,,,,,,,,,,,,,,,,,4.0,601+,1.9,601+,24.9,586,1.2,701+,1.5,701+,38.9,353,1.0,701+,8.8,701+,1.5,701+
The Hong Kong Polytechnic University,Hong Kong,HK,,L,CO,VH,3,A,,,=65,65=,,68.7,,,,,,,,,,,,,,,,,,,,,68.1,97,30.2,323,68.0,192,88.8,77,100.0,40,87.4,133,42.0,362,49.2,138,92.8,73
The Hong Kong Polytechnic University,"Hong Kong SAR, China",,Asia,L,CO,VH,,Public,54,57,,,81.2,,81.2,93,47.5,275,77.1,182,98.7,41,100.0,34,98.8,76,97.9,81,82.8,296,74.1,187,80.8,160,,,,,,,,,,,,,,,,,,
The Hong Kong University of Science and Technology,Hong Kong,HK,,M,CO,VH,3,A,,,60,40,,71.1,,,,,,,,,,,,,,,,,,,,,83.3,63,42.6,216,53.6,289,99.1,20,100.0,19,91.4,111,5.3,701+,50.3,131,31,432=
The Hong Kong University of Science and Technology,"Hong Kong SAR, China",,Asia,M,FO,VH,,Public,44,47,,,84.8,,89.4,69,69.7,149,67.5,247,100.0,12,100.0,23,99.3,59,99.0,60,49.5,801+,76.6,173,79.7,175=,,,,,,,,,,,,,,,,,,
"The Islamia University of Bahawalpur,Pakistan",Pakistan,,Asia,XL,CO,HI,,Public,1401+,,,,-,,6.2,701+,7.0,701+,4.7,801+,9.1,801+,,,,,,,55.8,751,3.1,801+,36.2,801+,,,,,,,,,,,,,,,,,,
The Josip Juraj Strossmayer University of Osijek,Croatia,HR,,L,CO,HI,3,A,,,1201-1400,1001-1200,,-,,,,,,,,,,,,,,,,,,,,,4.3,601+,,,30.2,519,2.9,701+,,,,,5.3,701+,9.9,701+,1,701+
The London School of Economics and Political Science (LSE),United Kingdom,UK,,M,SP,VH,5,A,,,45,56,,76.9,,,,,,,,,,,,,,,,,,,,,67.7,98,96.1,32,39.6,401,80.2,110,100.0,35,100.0,10,32.4,440,98.6,16,97.8,28
"The National Research University ""Belgorod State University""",Russia,RU,,L,FC,MD,5,A,,,1201-1400,1001-1200,,-,,,,,,,,,,,,,,,,,,,,,4.0,601+,1.3,601+,18.4,701+,2.0,701+,2.4,701+,52.9,275,1.2,701+,7.9,701+,3.5,701+
The National University of Science and Technology MISIS,Russia,RU,,M,SP,,2,A,,,681-690,467=,,-,,,,,,,,,,,,,,,,,,,,,6.5,601+,8.0,601+,75.5,163,14.7,642,7.9,701+,49.9,295,3.6,701+,9.8,701+,1.1,701+
The New School,United States,US,,M,FO,VH,5,B,,,641-650,521-530,,-,,,,,,,,,,,,,,,,,,,,,15.9,549,14.9,551,44.3,355,2.8,701+,6.0,701+,91.7,107,1.2,701+,24.7,337,1.1,701+
"The New School, New York City and Paris",United States,,Americas,M,FO,VH,,Private not for Profit,801-850,781-790,,,-,,20.4,603,17.9,701+,47.6,411,4.6,801+,8.2,801+,97.9,92,98.0,80,21.1,801+,24.9,641,24.1,801+,,,,,,,,,,,,,,,,,,
The Ohio State University,United States,US,,XL,FC,VH,5,A,,,=151,140,,51.3,,,,,,,,,,,,,,,,,,,,,59.4,125,55.8,148,53.8,287,30.8,429,49.7,359,16.5,590,85.0,116,35.2,216,78.4,158=
The Robert Gordon University,United Kingdom,,Europe,L,CO,HI,,Public,951-1000,901-950,,,-,,4.0,701+,19.4,671,6.7,801+,11.4,801+,78.5,303,84.4,199,85.8,170,34.2,801+,9.4,801+,46.9,793=,,,,,,,,,,,,,,,,,,
The Russian Presidential Academy of National Economy and Public Administration,Russia,,Europe,XL,FO,VH,,Public,1201-1400,1001-1200,,,-,,5.6,701+,14.9,701+,48.4,401,1.2,801+,2.1,801+,4.6,801+,9.3,801+,21.8,801+,53.7,312,14.3,801+,,,,,,,,,,,,,,,,,,
The University of Adelaide,Australia,AU,,L,FC,VH,5,A,,,89,109,,62.0,,,,,,,,,,,,,,,,,,,,,54.2,144,36.5,267,16.2,701+,87.1,83,100.0,69,99.6,40,78.8,154,38.4,191,96.3,42
The University of Alabama,United States,US,,XL,CO,VH,5,A,,,951-1000,1001-1200,,-,,,,,,,,,,,,,,,,,,,,,9.7,601+,19.0,471,5.9,701+,12.8,681,8.9,701+,2.7,701+,8.8,701+,13.3,646,16.3,588=
The University of Amsterdam,Netherlands,,Europe,XL,FC,VH,,Public,53,55,,,81.5,,92.5,57,72.6,135,27.5,688,87.2,113,98.8,133,95.8,117,71.3,259,95.1,82,90.3,104,64.0,422=,,,,,,,,,,,,,,,,,,
The University of Arizona,United States,US,,XL,FC,VH,5,A,,,=285,262=,,36.1,,,,,,,,,,,,,,,,,,,,,38.5,226,18.4,476,72.5,175,19.5,562,11.0,701+,9.3,701+,88.0,96,31,245,71.5,196=
The University of Auckland,New Zealand,NZ,Oceania,XL,FC,VH,5,Public,65,65,68,87,77.5,68.0,91.7,63,55.2,220,17.6,801+,79.1,162,100.0,83,95.5,122,95.8,104,88.8,194,96.9,61,95.7,17,81.6,65,40.8,231,19.3,687,61.7,198,100.0,68,91.6,108,64.4,220,94.3,28,99.6,9
The University of Edinburgh,United Kingdom,UK,,XL,FC,VH,5,A,,,22,15,,86.1,,,,,,,,,,,,,,,,,,,,,98.1,25,96.9,26,72.4,176,58.7,216,98.8,100,99.9,33,99.6,12,48.1,141,99.7,6
The University of Exeter,United Kingdom,UK,,L,FC,VH,4,A,,,153,163,,50.9,,,,,,,,,,,,,,,,,,,,,43.0,199,51.1,161,27.4,555,43.3,308,91.6,174,76.2,180,89.8,85,19.7,424,94.8,57
The University of Georgia,United States,US,Americas,XL,FC,VH,5,Public,525,587,=514,601-650,31.1,22.7,27.9,452,36.7,388,14.0,801+,33.0,552,11.1,801+,8.8,801+,6.8,801+,85.0,254,35.8,478,65.9,385=,20.9,421,18.2,481,9.7,701+,29.7,435,9.7,701+,4.5,701+,59.1,253,17.7,470,46.6,327=
The University of Hong Kong,Hong Kong,HK,,L,FC,VH,5,A,,,=26,21,,84.5,,,,,,,,,,,,,,,,,,,,,97.6,27,51.4,159,82.9,121,82.3,102,100.0,28,99.0,52,42.7,355,99.5,14,97.3,32
The University of Hong Kong,"Hong Kong SAR, China",,Asia,L,FC,VH,,Public,11,17,,,94.2,,99.3,27,82.5,97,85.3,131,96.6,60,100.0,31,100.0,38,100.0,24,82.3,305,99.8,15,84.8,112=,,,,,,,,,,,,,,,,,,
The University of Lahore,Pakistan,PK,,L,FO,VH,2,B,,,1001-1200,1001-1200,,-,,,,,,,,,,,,,,,,,,,,,9.4,601+,17.5,499,15.3,701+,2.6,701+,3.0,701+,2.5,701+,6.9,701+,9.1,701+,10.6,661=
The University of Manchester,United Kingdom,UK,Europe,XL,FC,VH,5,Public,35,34,32,28,86.4,82.2,98.6,31,98.8,26,58.2,310,56.8,308,95.3,176,99.5,56,99.5,45,99.4,7,91.9,90,98.2,9=,95.4,33,98.0,21,53.8,288,49.1,274,93.5,160,99.4,44,99.7,10,71.9,66,92.3,75=
The University of Melbourne,Australia,AU,Oceania,XL,FC,VH,5,Public,19,13,14,33,90.8,87.9,99.7,21,97.4,35,20.5,801+,94.8,72,96.7,156,100.0,37,74.4,239,96.9,40,98.3,39,98.2,9=,98.4,21,92.3,45,15.4,701+,92.1,69,92.9,166,99.7,36,97.2,30,93.3,31,90.4,92=
The University of New South Wales,Australia,,Oceania,XL,FC,VH,,Public,20,19,,,90.7,,96.3,43,93.5,59,29.9,632,96.9,58,100.0,69,99.9,41,99.9,30,97.6,25,98.7,32,97.0,12=,,,,,,,,,,,,,,,,,,
The University of New South Wales (UNSW Sydney),Australia,AU,,XL,FC,VH,4,A,,,=19,45,,86.7,,,,,,,,,,,,,,,,,,,,,89.7,45,88.1,55,18.2,701+,95.9,47,100.0,55,99.1,50,99.0,15,95.5,25,99.6,10
The University of Newcastle,Australia,,Oceania,L,FC,VH,,Public,227,179,,,53.1,,36.0,336,30.5,466,29.7,638,95.2,67,100.0,92,36.2,533,41.8,494,81.8,319,20.8,712,84.8,112=,,,,,,,,,,,,,,,,,,
"The University of Newcastle, Australia (UON)",Australia,AU,,M,FC,VH,4,A,,,=173,192,,48.7,,,,,,,,,,,,,,,,,,,,,29.3,296,26.9,361,36.5,436,91.4,71,100.0,73=,17.3,584,49.2,319,12.5,696,93.2,70=
The University of Northampton,United Kingdom,UK,Europe,L,CO,MD,2,Public,1201-1400,1001-1200,1001-1200,1001-1200,-,-,3.4,701+,3.9,701+,6.4,801+,4.4,801+,51.5,431,93.4,140,93.9,116,16.8,801+,5.9,801+,19.0,801+,3.4,601+,2.9,601+,5.7,701+,2.9,701+,37.8,426,96.7,78,1.0,701+,9.6,701+,1,701+
"The University of Notre Dame, Australia",Australia,AU,Oceania,M,FC,HI,3,Private not for Profit,1201-1400,1401+,1401+,1201-1400,-,-,3.4,701+,5.9,701+,6.3,801+,10.2,801+,53.7,421,21.9,700,28.0,637,11.5,801+,1.7,801+,34.1,801+,3.2,601+,4.2,601+,3.1,701+,7.6,701+,2.9,701+,1.5,701+,1.0,701+,6.2,701+,1,701+
The University of Nottingham,United Kingdom,,Europe,XL,FC,VH,,Public,97,108,,,69.4,,75.4,110,78.4,110,44.5,444,48.6,382,92.7,202,78.5,231,80.6,201,97.4,30,53.7,313,92.9,36=,,,,,,,,,,,,,,,,,,
The University of Osaka,Japan,,Asia,L,FC,VH,,Public,91,86,,,71,,90.5,67,90.0,73,45.6,430,65.8,242,25.2,649,21.1,709,27.2,651,72.0,500,51.4,330,79.5,180=,,,,,,,,,,,,,,,,,,
The University of Queensland,Australia,AU,Oceania,XL,FC,VH,5,Public,42,40,43,50=,85.1,78.1,94.3,46,79.5,105,26.5,705,94.2,79,100.0,60,100.0,28,100.0,18,97.0,36,66.6,233,92.5,41,87.1,52,73.7,89,21.6,635,87.0,84,100.0,41,100.0,22,95.0,53,44.4,163,73.1,187=
The University of Sheffield,United Kingdom,UK,Europe,L,FC,VH,5,Public,92,105,104,96=,70.9,59.7,73.0,122,61.7,186,50.3,378,68.4,226,81.6,281,98.0,89,98.1,76,96.8,42,47.9,363,94.3,27,58.7,130,52.3,153,54.7,278,46.9,289,84.0,218,97.5,69,96.1,38,24.9,332,76.3,169
The University of Sydney,Australia,AU,Oceania,XL,FC,VH,5,Public,25,18,=19,41,89.4,86.7,98.9,29,94.2,53,15.7,801+,94.3,78,99.9,101,100.0,18,100.0,12,95.5,71,95.8,70,97.6,11,96.0,31,87.7,57,11.8,701+,93.5,63,99.5,89,100.0,13,91.9,70,88.1,42,99.7,7
"The University of Tennessee, Knoxville",United States,US,,L,FC,VH,5,A,,,=446,601-650,,25.7,,,,,,,,,,,,,,,,,,,,,10.3,601+,15.4,534,10.8,701+,72.5,135,4.2,701+,2.5,701+,45.2,345,11.9,701+,30.7,438=
The University of Texas at Arlington,United States,US,,XL,CO,VH,5,A,,,1001-1200,1201-1400,,-,,,,,,,,,,,,,,,,,,,,,5.2,601+,4.7,601+,4.7,701+,10.4,701+,2.3,701+,20.5,541,7.9,701+,10,701+,34.3,409=
The University of Tokyo,Japan,JP,Asia,L,FC,VH,5,Public,36,32,28,23,85.8,84.3,100.0,7,99.9,10,92.4,94,69.9,217,15.9,777,44.0,457,49.2,422,88.8,193,100.0,10,92.3,44,100.0,7,99.8,9,90.4,84,70.0,148,10.3,701+,29.2,427,70.0,196,99.8,11,99.7,5
The University of Warwick,United Kingdom,UK,Europe,L,FC,VH,4,Public,74,69,67,64,75.2,68.6,82.7,85,93.0,60,48.3,402,43.6,432,99.5,111,99.2,60,99.3,49,93.8,101,75.3,182,84.6,117=,71.3,86,88.0,56,37.3,420,49.0,275,98.2,109,99.3,47,89.7,87,47.2,148,62.5,239=
The University of Western Australia,Australia,AU,Oceania,L,FC,VH,5,Public,77,77,72,90,73.7,66.9,69.0,137,56.5,209,15.1,801+,99.2,34,100.0,77,100.0,36,100.0,23,93.2,122,82.6,147,83.7,129=,56.2,138,44.6,200,16.5,701+,98.9,23,100.0,29,99.8,34,90.0,83,66,82,70.1,204=
Tianjin University,China (Mainland),CN,Asia,L,CO,VH,4,Public,257,269,=285,307,49.7,36.1,26.3,481,37.6,371,51.6,368,99.9,18,29.9,586,33.5,550,25.1,682,72.5,491,38.7,449,56.2,576=,18.7,477,8.6,601+,34.7,461,98.2,31,24.3,544,27.4,446,18.6,555,24,351,25.6,488
Tilburg University,Netherlands,NL,Europe,L,SP,VH,4,Public,347,347,=371,398=,41.6,29.9,20.5,602,37.1,382,16.8,801+,67.1,236,99.0,128,77.4,238,79.5,209,61.1,678,23.1,669,50.6,693=,15.2,573,33.4,294,10.4,701+,44.2,302,96.6,131,58.4,259,9.4,683,14.1,602,31,432=
Tishk International University,Iraq,,Asia,M,CO,HI,,Private for Profit,1201-1400,,,,-,,13.4,701+,4.0,701+,8.0,801+,11.8,801+,74.2,318,1.6,801+,5.9,801+,33.5,801+,5.9,801+,17.3,801+,,,,,,,,,,,,,,,,,,
Tohoku University,Japan,JP,Asia,L,FC,VH,5,Public,109,107,113,79,66.7,58.0,84.5,82,86.5,84,98.2,52,35.5,519,20.5,705,19.4,739,25.5,678,70.1,529,36.5,474,82.0,149=,72.4,85,84.2,61,98.5,41,29.6,436,14.2,683,13.8,647,27.6,474,17.2,486,74.8,177=
Tokai University,Japan,JP,Asia,L,FC,HI,2,Private not for Profit,1201-1400,1201-1400,1001-1200,1001-1200,-,-,12.8,701+,9.0,701+,18.1,801+,5.4,801+,7.7,801+,5.3,801+,4.2,801+,28.8,801+,3.4,801+,34.4,801+,11.4,601+,6.4,601+,14.4,701+,3.0,701+,6.0,701+,3.1,701+,1.6,701+,7.8,701+,1.2,701+
Tokushima University,Japan,JP,Asia,M,SP,VH,4,Public,1201-1400,1001-1200,1001-1200,701-750,-,-,5.4,701+,3.2,701+,70.1,231,10.2,801+,3.3,801+,3.8,801+,7.8,801+,18.2,801+,6.4,801+,23.3,801+,4.8,601+,1.9,601+,66.3,200,6.6,701+,2.7,701+,2.4,701+,1.2,701+,9,701+,1,701+
Tokyo Institute of Technology,Japan,,Asia,M,FO,VH,,Public,85,84,,,72.1,,85.0,80,95.7,45,87.6,115,54.2,339,29.8,587,43.4,464,46.6,446,67.8,571,33.5,504,74.2,253=,,,,,,,,,,,,,,,,,,
Tokyo Institute of Technology (Tokyo Tech),Japan,JP,,M,CO,VH,4,A,,,=91,55,,61.6,,,,,,,,,,,,,,,,,,,,,74.4,79,94.8,39,84.4,109,53.0,244,31.8,475,31.7,404,8.9,701+,19.7,425,18,567=
Tokyo Medical and Dental University,Japan,,Asia,S,FO,VH,,Public,697,661-670,,,25.1,,15.7,701+,9.5,701+,100.0,13,29.1,595,3.1,801+,22.6,693,24.3,698,23.3,801+,1.8,801+,37.5,801+,,,,,,,,,,,,,,,,,,
Tokyo Medical and Dental University (TMDU),Japan,JP,,S,FO,VH,4,A,,,611-620,392=,,-,,,,,,,,,,,,,,,,,,,,,11.5,601+,5.8,601+,100.0,10,18.2,580,3.5,701+,15.3,614,1.2,701+,8,701+,1.1,701+
Tokyo Metropolitan University,Japan,JP,Asia,M,CO,VH,2,Public,1001-1200,1001-1200,951-1000,701-750,-,-,17.5,701+,8.2,701+,41.9,483,14.8,801+,9.7,801+,8.0,801+,11.6,801+,39.5,801+,4.9,801+,26.4,801+,12.6,601+,5.4,601+,28.7,536,14.3,648,6.9,701+,6.3,701+,2.3,701+,8.8,701+,1.1,701+
Tokyo University of Agriculture and Technology,Japan,JP,Asia,M,FO,VH,4,Public,851-900,851-900,801-850,701-750,-,-,15.6,701+,11.2,701+,18.7,801+,40.3,464,11.6,801+,11.3,801+,15.3,801+,42.4,801+,1.7,801+,33.2,801+,13.6,601+,6.7,601+,13.3,701+,32.9,413,5.8,701+,9.5,701+,6.0,701+,7.8,701+,1.8,701+
Tokyo University of Science,Japan,JP,,L,FO,VH,4,B,,,661-670,801-1000,,-,,,,,,,,,,,,,,,,,,,,,11.0,601+,54.8,149,10.6,701+,11.7,701+,13.3,696,3.8,701+,1.2,701+,29.8,267,7,701+
Tokyo University of Science (RIKADAI),Japan,,Asia,L,FO,VH,,Private not for Profit,801-850,751-760,,,-,,11.5,701+,57.5,205,12.1,801+,16.3,778,15.1,801+,7.2,801+,10.7,801+,22.6,801+,49.0,353,46.5,801+,,,,,,,,,,,,,,,,,,
Tomas Bata University in Zlin,Czech Republic,CZ,Europe,M,CO,HI,2,Public,1201-1400,1201-1400,1001-1200,1001-1200,-,-,6.1,701+,10.3,701+,13.6,801+,11.1,801+,33.1,552,30.7,583,35.5,542,31.2,801+,5.1,801+,26.2,801+,4.4,601+,15.0,547,11.3,701+,5.0,701+,19.5,595,33.9,389,1.2,701+,10.1,701+,1,701+
Tomsk Polytechnic University,Russia,,Europe,M,FO,VH,,Public,688,576,,,25.6,,9.4,701+,15.4,701+,96.0,67,7.0,801+,14.8,801+,88.8,179,83.9,178,60.4,686,2.0,801+,47.7,765=,,,,,,,,,,,,,,,,,,
Tomsk State University,Russia,RU,Europe,M,CO,VH,5,Public,499,431,418,264=,32.2,26.9,25.3,502,20.0,656,99.3,39,7.0,801+,28.0,609,94.7,131,93.2,125,66.4,599,7.1,801+,30.6,801+,23.1,376,10.9,601+,99.4,32,5.1,701+,23.7,555,91.5,109,23.4,514,7.3,701+,3,701+
Ton Duc Thang University,Viet Nam,,Asia,L,CO,VH,,Public,684,711-720,,,25.8,,6.1,701+,13.3,701+,8.6,801+,74.8,180,7.7,801+,2.0,801+,6.3,801+,88.1,200,6.8,801+,43.9,801+,,,,,,,,,,,,,,,,,,
Ton Duc Thang University,Vietnam,VN,,L,FO,VH,3,B,,,721-730,1001-1200,,-,,,,,,,,,,,,,,,,,,,,,4.2,601+,10.2,601+,5.1,701+,34.6,394,18.4,610,1.6,701+,84.9,117,11.8,701+,6.8,701+
Tongji University,China (Mainland),CN,Asia,XL,FC,VH,5,Public,177,192,216,212=,58.8,43.5,45.2,261,41.2,331,31.2,613,99.6,27,92.6,204,47.4,425,52.4,393,74.6,449,33.4,507,77.2,210=,34.4,251,13.1,601+,28.8,534,91.8,70,56.7,327,32.6,396,21.3,534,18,464,65.4,225
Tongmyong University,Republic of Korea,,Asia,M,FO,HI,,,1401+,,,,-,,6.3,701+,3.6,701+,38.8,523,2.0,801+,8.5,801+,60.2,341,53.2,386,1.9,801+,1.9,801+,5.3,801+,,,,,,,,,,,,,,,,,,
Toraighyrov University,Kazakhstan,KZ,,M,FO,HI,4,A,,,1201-1400,1201-1400,,-,,,,,,,,,,,,,,,,,,,,,7.0,601+,4.2,601+,14.7,701+,1.3,701+,3.0,701+,2.8,701+,1.0,701+,12.5,698,1,701+
Toronto Metropolitan University (formerly Ryerson University),Canada,,Americas,XL,CO,VH,,Public,711-720,801-850,,,-,,12.5,701+,19.4,673,2.3,801+,41.0,459,46.5,458,19.6,736,25.7,676,60.9,679,20.1,723,66.0,381=,,,,,,,,,,,,,,,,,,
Toyota Technological Institute in Japan,Japan,JP,,S,FO,VH,3,C,,,=446,,,25.7,,,,,,,,,,,,,,,,,,,,,5.2,601+,1.6,601+,37.5,419,96.4,45,7.7,701+,1.6,701+,1.0,701+,8.4,701+,,
Transilvania University of Brasov,Romania,RO,Europe,L,FC,HI,4,Public,1201-1400,1201-1400,1201-1400,1201-1400,-,-,9.0,701+,10.2,701+,8.4,801+,7.1,801+,5.0,801+,3.8,801+,8.9,801+,69.6,538,5.3,801+,32.2,801+,6.0,601+,3.8,601+,6.0,701+,3.3,701+,2.4,701+,2.0,701+,3.4,701+,7.9,701+,1.6,701+
"Trinity College Dublin, The University of Dublin",Ireland,IE,Europe,L,FC,VH,5,Public,75,87,=81,98,73.9,63.5,82.5,87,68.1,154,28.7,662,66.0,240,100.0,88,94.9,126,95.2,107,89.4,183,95.3,74,73.8,262=,69.3,92,39.8,238,23.7,601,64.1,184,99.8,79,92.5,104,82.2,132,70.6,70,75.6,173=
Tsinghua University,China (Mainland),CN,Asia,XL,FC,VH,4,Public,17,20,25,14,91.2,84.9,99.9,16,99.7,15,97.1,63,99.6,26,39.5,502,31.9,570,23.9,707,80.4,347,97.0,60,68.7,339=,99.1,16,96.9,27,93.9,67,98.9,22,9.4,701+,15.7,603,47.8,328,82.2,47,55.8,271=
TU Dortmund University,Germany,DE,,L,CO,VH,4,A,,,851-900,801-1000,,-,,,,,,,,,,,,,,,,,,,,,13.6,601+,13.8,589,22.2,626,7.4,701+,20.2,589,19.1,559,17.0,574,9.1,701+,4.4,701+
Tufts University,United States,US,Americas,L,FC,VH,5,Private not for Profit,334,344,379,312=,42.3,29.4,23.8,532,21.2,619,65.6,264,52.5,360,42.9,477,48.3,419,53.2,387,67.0,588,69.3,219,86.3,96,18.1,497,5.3,601+,56.2,263,42.9,312,25.2,532,36.2,374,18.9,552,47.7,143,50.9,301=
Tulane University,United States,US,Americas,L,FC,HI,5,Private not for Profit,597,631-640,=600,471=,28.3,19.8,14.5,701+,13.8,701+,87.2,117,17.5,760,20.3,708,18.5,752,24.6,692,79.2,363,46.2,375,51.8,665=,9.6,601+,5.0,601+,81.5,134,10.4,701+,16.9,631,14.5,630,45.5,339,22.7,367,21.4,531=
Tunghai University,Taiwan,TW,Asia,L,FO,VH,4,Private for Profit,1201-1400,1201-1400,1201-1400,1201-1400,-,-,10.1,701+,9.2,701+,6.7,801+,13.1,801+,13.5,801+,17.8,765,21.7,735,28.2,801+,21.9,696,47.5,774=,6.2,601+,6.1,601+,5.2,701+,4.5,701+,10.2,701+,9.3,701+,1.1,701+,12.6,688,3.9,701+
UCAM Universidad Católica San Antonio de Murcia,Spain,,Europe,L,FO,VH,,,1201-1400,,,,-,,9.6,701+,5.6,701+,9.9,801+,7.5,801+,14.6,801+,43.8,460,49.0,425,23.9,801+,1.8,801+,41.4,801+,,,,,,,,,,,,,,,,,,
UCL,United Kingdom,UK,,XL,FC,VH,5,A,,,9,8,,92.4,,,,,,,,,,,,,,,,,,,,,99.5,13,97.9,22,98.4,43,74.3,131,99.1,96,100.0,15,100.0,2,51.6,126,92.5,74
UCL (University College London),United Kingdom,,Europe,XL,FC,VH,,Public,9,9,,,95.8,,99.9,15,99.4,18,94.8,77,80.9,151,99.6,108,100.0,27,100.0,17,99.9,2,89.3,111,98.5,5=,,,,,,,,,,,,,,,,,,
UCSI University,Malaysia,MY,Asia,M,FO,VH,2,Private for Profit,269,265,300,284=,48.5,34.7,40.7,293,70.4,145,87.7,113,8.6,801+,92.9,201,99.0,69,98.9,64,50.0,801+,13.3,801+,61.6,466,22.5,392,58.4,140,72.6,174,3.2,701+,83.7,219,98.0,63,1.3,701+,15.8,528,24.6,495=
Udayana University,Indonesia,ID,,L,FC,MD,4,A,,,1401+,,,-,,,,,,,,,,,,,,,,,,,,,5.6,601+,3.9,601+,6.5,701+,1.3,701+,3.6,701+,9.6,701+,1.0,701+,5,701+,1.1,701+
Ufa State Aviation Technical University ,Russia,RU,,M,FO,VH,3,A,,,1001-1200,801-1000,,-,,,,,,,,,,,,,,,,,,,,,3.9,601+,2.0,601+,51.0,307,1.5,701+,1.2,701+,2.3,701+,,,8,701+,1.2,701+
Ulsan National Institute of Science and Technology,Republic of Korea,,Asia,S,FO,VH,,Public,310,280,,,44.5,,21.8,571,16.3,701+,92.5,92,99.5,29,37.4,520,15.5,801+,18.9,782,26.7,801+,3.9,801+,57.5,550=,,,,,,,,,,,,,,,,,,
Ulsan National Institute of Science and Technology (UNIST),South Korea,KR,,S,FO,VH,2,A,,,=266,197=,,37.7,,,,,,,,,,,,,,,,,,,,,15.0,579,11.9,601+,84.1,114,98.6,25,41.5,399,10.9,692,1.2,701+,8.4,701+,1.8,701+
Ulster University,United Kingdom,UK,,L,CO,VH,4,A,,,=498,601-650,,23.2,,,,,,,,,,,,,,,,,,,,,8.4,601+,13.0,601+,11.9,701+,12.1,697,100.0,72,90.5,117,38.5,388,11.6,701+,63.7,230
Umea University,Sweden,SE,,L,FC,VH,4,A,,,=465,369=,,24.7,,,,,,,,,,,,,,,,,,,,,19.7,449,13.9,583,68.3,191,14.9,637,23.8,554,9.6,701+,44.8,349,12.7,681,47.8,318=
Umeå University,Sweden,,Europe,L,FC,VH,,Public,401,456,,,37.4,,27.2,461,20.2,652,80.7,165,25.0,639,77.2,310,37.5,520,28.0,638,76.9,406,11.9,801+,77.1,213,,,,,,,,,,,,,,,,,,
Umm Al-Qura University,Saudi Arabia,SA,Asia,XL,FC,HI,4,Public,622,559,601-610,449=,27.6,-,23.6,537,15.4,701+,61.3,291,4.9,801+,100.0,95,26.1,643,19.6,770,71.3,510,11.5,801+,36.8,801+,18.3,489,9.4,601+,56.9,256,2.0,701+,100.0,71,17.6,581,4.5,701+,8.2,701+,3.1,701+
UNESP,Brazil,BR,,XL,FC,VH,3,A,,,=419,477=,,26.8,,,,,,,,,,,,,,,,,,,,,39.3,219,34.6,282,15.0,701+,16.2,614,6.2,701+,2.8,701+,34.5,422,5.7,701+,53.7,287
United Arab Emirates University,United Arab Emirates,AE,Asia,M,FC,VH,3,Public,229,261,290,296=,53,35.9,43.3,272,58.1,199,55.1,341,35.1,522,100.0,24,39.1,501,44.4,470,88.9,191,87.9,120,68.6,341,28.3,310,37.8,257,52.6,299,13.8,659,100.0,16,38.7,356,56.5,273,60.9,96,16.3,588=
United International University,Bangladesh,BD,,M,CO,MD,2,C,,,1201-1400,,,-,,,,,,,,,,,,,,,,,,,,,5.6,601+,8.9,601+,2.5,701+,2.4,701+,,,1.2,701+,1.0,701+,9.7,701+,1,701+
Universidad Adolfo Ibáñez,Chile,CL,Americas,M,SP,VH,3,Private not for Profit,578,576,=567,751-800,29,20.8,28.7,433,63.3,170,7.6,801+,9.1,801+,46.4,460,8.0,801+,11.7,801+,34.4,801+,60.7,267,40.0,801+,19.1,469,73.5,90,4.2,701+,4.4,701+,37.7,427,4.2,701+,1.2,701+,13.7,624,1.1,701+
Universidad Alberto Hurtado,Chile,CL,,M,CO,HI,3,B,,,1201-1400,,,-,,,,,,,,,,,,,,,,,,,,,8.9,601+,5.4,601+,3.1,701+,2.9,701+,14.2,679,1.8,701+,1.0,701+,7.8,701+,1,701+
Universidad Anahuac,Mexico,,Americas,L,CO,MD,,Private not for Profit,851-900,801-850,,,-,,18.0,681,29.7,480,60.9,295,1.4,801+,6.2,801+,5.2,801+,9.5,801+,3.7,801+,68.7,221,25.3,801+,,,,,,,,,,,,,,,,,,
Universidad Andrés Bello,Chile,CL,,XL,FC,HI,3,B,,,1001-1200,1001-1200,,-,,,,,,,,,,,,,,,,,,,,,11.0,601+,11.0,601+,6.2,701+,2.5,701+,7.0,701+,1.5,701+,7.5,701+,8.5,701+,9.6,678=
Universidad Andrés Bello - UNAB,Chile,,Americas,XL,FC,HI,,Private not for Profit,1001-1200,1001-1200,,,-,,19.5,633,16.4,701+,11.1,801+,3.9,801+,9.6,801+,3.8,801+,8.2,801+,60.9,680,2.5,801+,56.9,559,,,,,,,,,,,,,,,,,,
Universidad Anáhuac México,Mexico,MX,,L,CO,MD,4,B,,,771-780,601-650,,-,,,,,,,,,,,,,,,,,,,,,13.4,601+,24.1,399,45.6,344,1.1,701+,6.7,701+,3.7,701+,1.0,701+,49.5,136,1.2,701+
Universidad Argentina de la Empresa -UADE,Argentina,,Americas,L,FO,MD,,Private not for Profit,1001-1200,,,,-,,6.4,701+,17.3,701+,98.1,55,1.0,801+,2.7,801+,9.9,801+,14.2,801+,1.3,801+,29.2,566,,,,,,,,,,,,,,,,,,,,
Universidad Austral,Argentina,AR,,S,FO,VH,3,B,,,=520,432,,22.6,,,,,,,,,,,,,,,,,,,,,19.4,460,52.5,152,75.4,165,1.8,701+,2.4,701+,8.5,701+,1.0,701+,9.4,701+,1.2,701+
Universidad Austral - Argentina,Argentina,,Americas,M,FC,MD,,Private not for Profit,519,524,,,31.3,,29.8,409,48.9,263,89.6,105,2.5,801+,2.9,801+,16.7,786,18.7,784,13.4,801+,69.9,211,29.2,801+,,,,,,,,,,,,,,,,,,
Universidad Austral de Chile,Chile,CL,Americas,L,FC,HI,4,Private not for Profit,1001-1200,1001-1200,1001-1200,1001-1200,-,-,19.3,638,15.4,701+,4.1,801+,14.3,801+,20.5,703,2.5,801+,6.8,801+,45.8,801+,4.8,801+,44.0,801+,15.6,560,10.7,601+,3.5,701+,6.6,701+,16.0,650,1.9,701+,7.6,701+,4.7,701+,2.2,701+
Universidad Autonoma de Yucatan,Mexico,MX,,L,CO,HI,5,A,,,1401+,1201-1400,,-,,,,,,,,,,,,,,,,,,,,,5.6,601+,1.5,601+,5.0,701+,2.4,701+,2.3,701+,1.1,701+,1.0,701+,3.9,701+,1,701+
Universidad Autónoma Chapingo,Mexico,MX,Americas,M,FO,VH,5,Public,1201-1400,1001-1200,1001-1200,751-800,-,-,4.1,701+,4.2,701+,77.6,178,2.1,801+,8.7,801+,1.3,801+,1.2,801+,6.4,801+,13.0,801+,16.8,801+,4.1,601+,2.5,601+,73.5,169,1.4,701+,2.8,701+,1.3,701+,1.0,701+,6.7,701+,1.6,701+
Universidad Autónoma de Aguascalientes,Mexico,MX,,L,FC,MD,4,A,,,1201-1400,1001-1200,,-,,,,,,,,,,,,,,,,,,,,,3.3,601+,1.9,601+,34.2,468,1.2,701+,,,,,1.0,701+,3.9,701+,1,701+
Universidad Autónoma de Baja California,Mexico,MX,Americas,XL,CO,HI,4,Public,1401+,1401+,1201-1400,1201-1400,-,-,10.5,701+,7.6,701+,6.0,801+,2.3,801+,4.8,801+,5.8,801+,4.6,801+,13.7,801+,2.3,801+,49.0,732,7.7,601+,2.9,601+,4.4,701+,1.5,701+,2.7,701+,2.9,701+,1.0,701+,7.7,701+,7.7,701+
Universidad Autónoma de Chile,Chile,CL,Americas,XL,FO,VH,3,Private not for Profit,1401+,1401+,1401+,1201-1400,-,-,7.9,701+,4.7,701+,6.2,801+,6.2,801+,15.6,792,1.7,801+,1.5,801+,38.9,801+,2.5,801+,35.9,801+,5.5,601+,2.2,601+,4.9,701+,2.9,701+,11.1,701+,1.4,701+,1.9,701+,8.5,701+,1.7,701+
Universidad Autónoma de Guadalajara,Mexico,,Americas,M,FC,MD,,Private for Profit,1201-1400,1201-1400,,,-,,10.3,701+,5.2,701+,28.7,665,1.2,801+,45.7,464,23.6,681,17.8,801+,2.4,801+,2.1,801+,7.3,801+,,,,,,,,,,,,,,,,,,
Universidad Autónoma de Guadalajara (UAG),Mexico,MX,,L,FC,LO,4,C,,,1001-1200,1401+,,-,,,,,,,,,,,,,,,,,,,,,6.5,601+,5.2,601+,17.5,701+,1.1,701+,39.4,414,20.0,548,1.0,701+,3.9,701+,,
Universidad Autónoma de Madrid,Spain,ES,Europe,XL,FC,VH,4,Public,206,198,=199,215=,55,45.9,73.1,121,71.5,142,39.7,511,26.5,620,22.3,683,29.6,594,35.5,543,92.5,135,52.5,322,72.5,281=,60.4,117,57.7,145,34.5,464,25.1,485,7.8,701+,12.0,678,80.4,143,19.6,428,88.8,97=
Universidad Autónoma de Nuevo León,Mexico,MX,,XL,FC,HI,4,A,,,1001-1200,1001-1200,,-,,,,,,,,,,,,,,,,,,,,,15.4,566,12.5,601+,2.2,701+,1.8,701+,3.4,701+,1.1,701+,2.2,701+,11.5,701+,15.4,603=
Universidad Autónoma de Nuevo León (UANL),Mexico,,Americas,XL,FC,HI,,Public,1201-1400,1001-1200,,,-,,20.9,593,10.7,701+,3.1,801+,2.9,801+,4.0,801+,1.3,801+,1.2,801+,39.1,801+,18.4,750,43.7,801+,,,,,,,,,,,,,,,,,,
Universidad Autónoma de Querétaro (UAQ),Mexico,MX,,L,FC,MD,4,A,,,1401+,1201-1400,,-,,,,,,,,,,,,,,,,,,,,,4.9,601+,2.9,601+,5.2,701+,2.4,701+,5.4,701+,1.6,701+,1.0,701+,6,701+,1,701+
Universidad Autónoma de San Luis de Potosí,Mexico,MX,,XL,FC,MD,5,A,,,1401+,1201-1400,,-,,,,,,,,,,,,,,,,,,,,,6.2,601+,2.4,601+,5.5,701+,2.4,701+,1.6,701+,1.4,701+,1.3,701+,3.9,701+,1.2,701+
Universidad Autónoma del Estado de Hidalgo,Mexico,,Americas,XL,FC,MD,,Public,1201-1400,1201-1400,,,-,,3.6,701+,8.3,701+,51.7,366,1.9,801+,2.6,801+,2.9,801+,7.2,801+,13.3,801+,2.3,801+,41.8,801+,,,,,,,,,,,,,,,,,,
Universidad Autónoma del Estado de Hidalgo (UAEH),Mexico,MX,,XL,FC,MD,5,A,,,1001-1200,801-1000,,-,,,,,,,,,,,,,,,,,,,,,3.9,601+,7.2,601+,43.2,362,1.4,701+,2.4,701+,1.8,701+,1.0,701+,7.6,701+,2.6,701+
Universidad Autónoma del Estado de Morelos (UAEM),Mexico,MX,,L,FC,MD,4,A,,,1401+,1201-1400,,-,,,,,,,,,,,,,,,,,,,,,4.0,601+,2.2,601+,13.0,701+,1.6,701+,3.2,701+,1.1,701+,1.1,701+,4,701+,3.8,701+
Universidad Autónoma del Estado de México,Mexico,,Americas,XL,FC,MD,,Public,1201-1400,1001-1200,,,-,,23.0,547,12.8,701+,7.5,801+,2.0,801+,3.9,801+,1.7,801+,6.1,801+,15.6,801+,2.1,801+,39.8,801+,,,,,,,,,,,,,,,,,,
Universidad Autónoma del Estado de México (UAEMex),Mexico,MX,,XL,FC,MD,5,A,,,1001-1200,801-1000,,-,,,,,,,,,,,,,,,,,,,,,21.4,404,6.5,601+,4.9,701+,1.5,701+,3.0,701+,1.1,701+,1.1,701+,3.9,701+,8.4,695=
Universidad Autónoma Metropolitana (UAM),Mexico,MX,Americas,XL,FC,HI,3,Public,951-1000,951-1000,901-950,801-1000,-,-,32.5,379,16.0,701+,5.3,801+,4.3,801+,11.5,801+,1.5,801+,1.4,801+,47.1,801+,6.2,801+,47.7,765=,23.1,375,14.5,563,4.1,701+,2.6,701+,8.6,701+,1.3,701+,4.8,701+,7.6,701+,24.8,490=
Universidad Bernardo O'Higgins,Chile,CL,,M,FO,HI,3,B,,,1201-1400,1201-1400,,-,,,,,,,,,,,,,,,,,,,,,4.9,601+,2.8,601+,9.7,701+,2.0,701+,12.2,701+,2.0,701+,1.0,701+,8.3,701+,1.2,701+
Universidad Carlos III de Madrid,Spain,,Europe,L,FO,VH,,Public,301,285,,,45.4,,45.2,260,65.3,162,50.5,376,8.1,801+,73.8,321,75.2,254,56.0,365,67.8,572,26.3,618,77.3,208=,,,,,,,,,,,,,,,,,,
Universidad Carlos III de Madrid (UC3M),Spain,ES,,L,FO,VH,3,A,,,=319,320=,,33.2,,,,,,,,,,,,,,,,,,,,,32.9,265,49.1,177,53.3,290,4.8,701+,56.5,328,41.2,337,18.5,556,12.9,668,62.5,239=
Universidad Católica Andres Bello,Venezuela,VE,,M,FO,MD,4,B,,,=582,751-800,,20.3,,,,,,,,,,,,,,,,,,,,,26.6,328,67.7,112,3.7,701+,1.0,701+,2.5,701+,2.9,701+,,,29.8,266,,
Universidad Católica Andrés Bello - UCAB,Venezuela (Bolivarian Republic of),,Americas,M,FO,MD,,Private not for Profit,901-950,741-750,,,-,,33.6,362,56.4,210,7.4,801+,1.0,801+,5.5,801+,5.3,801+,9.2,801+,,,22.6,677,,,,,,,,,,,,,,,,,,,,
"Universidad Católica Boliviana ""San Pablo""",Bolivia,BO,,L,FO,MD,4,B,,,1401+,1401+,,-,,,,,,,,,,,,,,,,,,,,,5.3,601+,3.2,601+,3.9,701+,1.1,701+,2.5,701+,3.0,701+,1.0,701+,16.1,521,,
Universidad Católica de Colombia ,Colombia,CO,,M,FO,HI,4,B,,,1401+,1201-1400,,-,,,,,,,,,,,,,,,,,,,,,6.4,601+,4.9,601+,5.2,701+,1.5,701+,3.2,701+,1.3,701+,1.0,701+,7.9,701+,1.6,701+
Universidad Católica de La Santísima Concepción - UCSC,Chile,CL,,M,FC,HI,3,B,,,1401+,1201-1400,,-,,,,,,,,,,,,,,,,,,,,,3.7,601+,2.4,601+,8.6,701+,2.6,701+,5.5,701+,1.1,701+,1.2,701+,4.1,701+,1.4,701+
Universidad Católica de Santiago de Guayaquil,Ecuador,EC,,L,FO,MD,4,B,,,1401+,1401+,,-,,,,,,,,,,,,,,,,,,,,,3.9,601+,4.2,601+,2.9,701+,1.3,701+,6.9,701+,1.3,701+,1.0,701+,14.4,585,1,701+
Universidad Católica de Temuco,Chile,CL,Americas,M,CO,HI,4,Private not for Profit,1401+,1401+,1201-1400,1401+,-,-,5.4,701+,2.5,701+,2.7,801+,9.7,801+,49.7,442,1.4,801+,1.3,801+,21.9,801+,2.5,801+,26.7,801+,4.3,601+,1.7,601+,2.0,701+,4.6,701+,36.3,445,,,1.1,701+,4.1,701+,1,701+
Universidad Católica del Norte,Chile,CL,Americas,M,FC,HI,4,Private not for Profit,1201-1400,1201-1400,1201-1400,1201-1400,-,-,5.7,701+,5.0,701+,10.9,801+,9.3,801+,21.9,688,8.5,801+,6.5,801+,45.0,801+,2.5,801+,53.0,646=,4.9,601+,3.4,601+,7.0,701+,5.8,701+,13.8,688,2.8,701+,4.4,701+,4.1,701+,1.2,701+
Universidad Católica del Uruguay (UCU),Uruguay,UY,Americas,S,CO,MD,3,Private not for Profit,901-950,901-950,851-900,701-750,-,-,18.2,669,25.5,530,77.3,180,1.5,801+,13.2,801+,6.0,801+,10.0,801+,9.1,801+,27.4,604,22.6,801+,12.2,601+,12.4,601+,57.0,255,1.2,701+,8.7,701+,2.6,701+,1.0,701+,13.1,655,1.2,701+
Universidad Central de Chile,Chile,CL,,L,FO,MD,3,C,,,1401+,1201-1400,,-,,,,,,,,,,,,,,,,,,,,,4.8,601+,3.2,601+,3.2,701+,1.7,701+,4.2,701+,1.9,701+,1.0,701+,4.1,701+,1,701+
Universidad Central de Venezuela,Venezuela,VE,,XL,FC,MD,5,A,,,631-640,701-750,,-,,,,,,,,,,,,,,,,,,,,,23.1,374,58.4,139,21.0,648,1.1,701+,,,,,1.2,701+,14.3,590,1.1,701+
Universidad Central de Venezuela - UCV,Venezuela (Bolivarian Republic of),,Americas,L,FC,MD,,Public,731-740,691-700,,,-,,28.9,431,45.3,298,41.5,487,1.4,801+,3.3,801+,2.0,801+,6.3,801+,13.3,801+,57.5,289,36.3,801+,,,,,,,,,,,,,,,,,,
Universidad Central del Ecuador,Ecuador,EC,,XL,FC,MD,5,A,,,1201-1400,1201-1400,,-,,,,,,,,,,,,,,,,,,,,,8.5,601+,5.0,601+,10.9,701+,1.2,701+,,,,,1.0,701+,10.1,701+,1,701+
Universidad Central Marta Abreu de Las Villas,Cuba,CU,Americas,M,CO,HI,4,Public,1201-1400,901-950,851-900,531-540,-,-,4.8,701+,2.0,701+,99.9,28,1.6,801+,1.1,801+,1.6,801+,1.4,801+,9.4,801+,26.5,616,10.2,801+,5.7,601+,1.1,601+,99.9,23,1.2,701+,1.1,701+,1.3,701+,1.1,701+,14.6,572,1,701+
Universidad Cientifica del Sur,Peru,,Americas,L,FC,MD,,Private for Profit,1201-1400,,,,-,,6.1,701+,6.8,701+,68.3,244,1.7,801+,4.2,801+,1.3,801+,5.7,801+,14.8,801+,4.8,801+,30.1,801+,,,,,,,,,,,,,,,,,,
Universidad de Alcalá,Spain,ES,Europe,L,FC,VH,3,Public,697,621-630,=538,511-520,25.1,21.9,13.8,701+,10.2,701+,72.5,212,10.8,801+,11.8,801+,50.9,403,55.6,369,79.4,361,11.8,801+,72.1,291=,10.0,601+,4.7,601+,68.8,189,5.2,701+,20.0,590,66.3,225,37.9,395,9.4,701+,74.3,179
Universidad de Alicante,Spain,,Europe,L,FC,VH,,Public,781-790,801-850,,,-,,21.1,589,11.5,701+,36.0,556,14.2,801+,11.5,801+,21.4,704,27.5,644,79.3,362,10.4,801+,70.9,301=,,,,,,,,,,,,,,,,,,
Universidad de Antioquia,Colombia,CO,Americas,XL,FO,VH,5,Public,781-790,791-800,701-710,651-700,-,-,39.7,304,24.1,557,5.9,801+,7.1,801+,4.9,801+,,,,,55.7,753,26.7,612,45.5,801+,31.0,281,33.9,288,4.2,701+,4.3,701+,3.9,701+,1.3,701+,3.9,701+,9.6,701+,5.2,701+
Universidad de Belgrano,Argentina,AR,Americas,M,FO,MD,4,Private not for Profit,951-1000,781-790,761-770,461=,-,-,11.2,701+,15.3,701+,85.1,134,1.0,801+,7.3,801+,39.0,503,29.2,624,,,44.3,397,,,9.9,601+,10.7,601+,88.1,92,1.0,701+,5.7,701+,26.3,463,1.0,701+,8.7,701+,,
Universidad de Buenos Aires,Argentina,,Americas,XL,FC,VH,,Public,84,71,,,72.3,,98.1,34,95.8,44,82.0,158,2.3,801+,72.3,328,78.5,233,80.5,202,75.8,423,99.9,12,66.1,376=,,,,,,,,,,,,,,,,,,
Universidad de Buenos Aires (UBA),Argentina,AR,,XL,FC,VH,5,A,,,=95,67,,61.0,,,,,,,,,,,,,,,,,,,,,93.3,36,98.0,20,73.5,170,1.7,701+,62.6,309,66.7,224,28.1,470,26.2,311,18.8,555=
Universidad de Caldas,Colombia,CO,,L,FC,MD,4,A,,,1401+,1201-1400,,-,,,,,,,,,,,,,,,,,,,,,5.4,601+,4.0,601+,3.0,701+,1.5,701+,,,,,1.0,701+,6.2,701+,1,701+
Universidad de Carabobo,Venezuela,VE,,L,FC,LO,5,A,,,1201-1400,1201-1400,,-,,,,,,,,,,,,,,,,,,,,,3.7,601+,8.0,601+,18.3,701+,1.0,701+,,,,,1.0,701+,14.5,579,1,701+
Universidad de Cartagena,Colombia,CO,,L,FC,MD,5,A,,,1201-1400,1201-1400,,-,,,,,,,,,,,,,,,,,,,,,4.9,601+,5.4,601+,4.0,701+,4.3,701+,2.2,701+,1.1,701+,1.0,701+,6.8,701+,11,656=
Universidad de Castilla-La Mancha,Spain,ES,Europe,L,FC,VH,3,Public,1001-1200,1001-1200,951-1000,1001-1200,-,-,10.7,701+,4.7,701+,22.0,791,17.9,754,2.7,801+,9.7,801+,15.5,801+,70.4,521,7.9,801+,46.9,793=,8.9,601+,2.0,601+,15.5,701+,9.6,701+,2.0,701+,4.5,701+,35.3,418,7.5,701+,55.2,275=
Universidad de Chile,Chile,CL,Americas,XL,FC,VH,5,Public,173,139,=159,167=,59.1,50.2,91.9,61,92.0,63,10.9,801+,18.2,747,12.2,801+,8.1,801+,13.1,801+,77.9,384,97.6,50,69.5,321=,81.5,66,96.6,30,9.7,701+,12.5,687,9.0,701+,5.0,701+,48.6,322,50.4,130,36.3,389=
Universidad de Concepción,Chile,CL,Americas,L,FC,HI,5,Private not for Profit,613,631-640,601-610,601-650,27.8,-,36.8,325,34.0,422,20.2,801+,12.3,801+,14.5,801+,2.6,801+,6.9,801+,64.1,634,16.9,786,69.5,321=,27.0,322,35.6,273,13.1,701+,7.4,701+,13.1,699,2.2,701+,16.3,581,9.5,701+,31.6,425=
Universidad de Costa Rica,Costa Rica,CR,Americas,XL,CO,HI,4,Public,499,497,544,511-520,32.2,21.6,46.4,253,31.6,453,44.4,445,2.5,801+,3.0,801+,3.4,801+,2.8,801+,46.1,801+,86.1,130,53.7,627=,33.5,260,37.6,260,34.7,459,1.8,701+,,,,,6.0,701+,33.7,227,4.7,701+
Universidad de Cuenca,Ecuador,EC,Americas,L,FC,MD,5,Public,1401+,1401+,1401+,1201-1400,-,-,11.1,701+,5.1,701+,6.1,801+,3.1,801+,6.8,801+,3.2,801+,2.6,801+,20.2,801+,16.1,801+,39.3,801+,6.3,601+,2.3,601+,4.4,701+,2.3,701+,3.3,701+,1.5,701+,1.1,701+,6.1,701+,1.1,701+
Universidad de Córdoba - Colombia,Colombia,CO,,L,CO,MD,4,A,,,1201-1400,1001-1200,,-,,,,,,,,,,,,,,,,,,,,,15.0,578,2.5,601+,2.7,701+,1.4,701+,,,,,1.0,701+,4.1,701+,1,701+
Universidad de Córdoba - España,Spain,ES,Europe,L,CO,VH,4,,951-1000,951-1000,1001-1200,,-,-,15.5,701+,6.5,701+,32.8,591,18.1,749,,,,,,,79.5,360,5.9,801+,46.0,801+,10.6,601+,3.4,601+,28.0,546,10.4,701+,,,,,33.3,430,4.3,701+,,
Universidad de Guadalajara (UDG),Mexico,MX,Americas,XL,FC,HI,5,Public,1001-1200,1001-1200,851-900,801-1000,-,-,26.5,475,12.5,701+,21.3,801+,1.6,801+,2.8,801+,1.3,801+,5.7,801+,45.1,801+,9.8,801+,55.2,601,20.3,432,9.2,601+,19.6,677,1.3,701+,2.4,701+,1.1,701+,7.5,701+,8.5,701+,37.8,379=
Universidad de Guanajuato,Mexico,MX,Americas,XL,CO,HI,4,Public,1401+,1401+,1201-1400,1201-1400,-,-,11.4,701+,3.6,701+,7.2,801+,4.8,801+,7.5,801+,2.0,801+,6.3,801+,24.6,801+,9.5,801+,23.5,801+,7.9,601+,3.0,601+,5.9,701+,3.0,701+,6.0,701+,1.4,701+,1.1,701+,8.7,701+,1.2,701+
Universidad de la Frontera (UFRO),Chile,CL,Americas,M,CO,VH,3,Public,1201-1400,1001-1200,1201-1400,1201-1400,-,-,14.4,701+,7.5,701+,6.5,801+,19.2,726,3.1,801+,1.7,801+,1.5,801+,44.0,801+,2.7,801+,32.3,801+,9.7,601+,4.4,601+,3.6,701+,8.5,701+,6.6,701+,1.2,701+,9.4,682,9,701+,2.1,701+
Universidad de la Habana,Cuba,CU,Americas,L,FO,HI,5,Public,801-850,691-700,641-650,467=,-,-,19.9,617,17.8,701+,71.0,218,2.4,801+,3.3,801+,6.9,801+,5.3,801+,19.3,801+,86.0,131,32.2,801+,19.5,454,17.3,501,72.9,173,1.6,701+,1.9,701+,4.0,701+,1.2,701+,35.3,212,1.2,701+
Universidad de la República (UdelaR),Uruguay,UY,Americas,XL,FC,HI,5,Public,650,661-670,801-850,751-800,26.7,-,40.0,302,20.4,645,18.2,801+,2.3,801+,10.7,801+,4.1,801+,3.3,801+,63.2,649,90.6,99,43.3,801+,25.1,350,14.4,568,17.5,701+,1.6,701+,8.4,701+,2.5,701+,8.3,701+,22.5,368,4.1,701+
Universidad de La Sabana,Colombia,CO,Americas,M,FC,HI,3,Private not for Profit,951-1000,951-1000,791-800,701-750,-,-,30.1,403,30.1,472,21.8,800,3.6,801+,3.7,801+,2.6,801+,6.9,801+,17.6,801+,14.4,801+,31.5,801+,19.4,459,39.1,242,15.4,701+,2.0,701+,6.7,701+,3.3,701+,1.0,701+,11.3,701+,3.7,701+
Universidad de La Salle,Colombia,CO,,M,FO,HI,4,B,,,1401+,1201-1400,,-,,,,,,,,,,,,,,,,,,,,,6.3,601+,4.8,601+,5.8,701+,1.3,701+,2.2,701+,1.5,701+,1.0,701+,7.3,701+,1.1,701+
Universidad de La Serena,Chile,CL,,M,FO,HI,3,A,,,1401+,1201-1400,,-,,,,,,,,,,,,,,,,,,,,,3.9,601+,2.0,601+,3.0,701+,7.3,701+,4.7,701+,1.3,701+,1.0,701+,7.7,701+,1.2,701+
Universidad de las Américas Puebla (UDLAP),Mexico,MX,Americas,M,FC,MD,4,Private not for Profit,1001-1200,1001-1200,951-1000,801-1000,-,-,11.7,701+,13.1,701+,56.0,332,3.4,801+,21.9,689,15.7,801+,16.6,801+,6.9,801+,4.7,801+,18.6,801+,8.3,601+,13.1,601+,39.9,394,1.9,701+,26.1,522,5.3,701+,1.0,701+,9.5,701+,1,701+
Universidad de Las Américas (UDLA) Ecuador,Ecuador,EC,Americas,L,CO,HI,3,Private not for Profit,1201-1400,1201-1400,1201-1400,1201-1400,-,-,14.4,701+,8.4,701+,21.1,801+,2.6,801+,24.7,654,5.0,801+,9.2,801+,18.3,801+,7.0,801+,30.9,801+,7.1,601+,4.5,601+,12.6,701+,1.6,701+,22.8,565,2.5,701+,1.1,701+,10.6,701+,1,701+
Universidad de las Fuerzas Armadas ESPE (Ex - Escuela Politécnica del Ejército),Ecuador,EC,,L,CO,HI,5,A,,,1201-1400,1201-1400,,-,,,,,,,,,,,,,,,,,,,,,5.1,601+,5.4,601+,9.4,701+,1.4,701+,3.0,701+,1.1,701+,1.0,701+,7.3,701+,6.7,701+
Universidad de León,Spain,ES,Europe,M,CO,VH,3,,1001-1200,951-1000,1001-1200,,-,-,10.4,701+,7.1,701+,52.1,361,9.6,801+,3.7,801+,20.6,722,15.5,801+,46.6,801+,3.5,801+,60.7,494=,5.7,601+,3.1,601+,63.9,220,3.9,701+,3.5,701+,4.4,701+,4.5,701+,8.1,701+,,
Universidad de Lima,Peru,PE,Americas,L,SP,HI,4,Private not for Profit,1201-1400,1001-1200,1001-1200,1001-1200,-,-,14.1,701+,31.8,450,6.8,801+,1.7,801+,3.7,801+,3.7,801+,8.1,801+,11.3,801+,30.3,548,33.9,801+,10.3,601+,27.3,355,4.3,701+,1.2,701+,3.4,701+,2.0,701+,1.0,701+,16.1,522,1.5,701+
Universidad de los Andes,Colombia,CO,,L,FC,HI,4,B,,,198,220=,,46.0,,,,,,,,,,,,,,,,,,,,,65.4,103,95.7,35,17.6,701+,5.9,701+,26.4,517,2.0,701+,11.1,649,96.2,23,40.2,362=
Universidad de los Andes Chile,Chile,CL,Americas,M,FC,HI,3,Private not for Profit,901-950,951-1000,951-1000,801-1000,-,-,25.3,504,36.5,392,13.4,801+,4.7,801+,15.1,801+,3.5,801+,7.7,801+,17.9,801+,45.2,388,28.9,801+,15.0,581,24.5,394,9.0,701+,3.0,701+,12.4,701+,2.3,701+,1.2,701+,9.1,701+,1.1,701+
Universidad de Los Andes Colombia,Colombia,,Americas,L,FC,HI,,Private not for Profit,212,179,,,54.6,,81.5,92,90.5,70,17.6,801+,10.8,801+,28.7,597,3.3,801+,7.9,801+,54.7,774,98.4,35,75.9,223=,,,,,,,,,,,,,,,,,,
Universidad de los Andes Mérida,Venezuela (Bolivarian Republic of),,Americas,L,FC,MD,,Public,1201-1400,1001-1200,,,-,,20.2,608,12.7,701+,26.3,711,1.6,801+,1.5,801+,2.0,801+,6.3,801+,19.3,801+,22.4,688,32.0,801+,,,,,,,,,,,,,,,,,,
Universidad de Los Andes - (ULA) Mérida,Venezuela,VE,,L,FC,MD,5,A,,,1001-1200,801-1000,,-,,,,,,,,,,,,,,,,,,,,,16.2,541,12.8,601+,23.0,616,1.2,701+,1.3,701+,1.8,701+,1.2,701+,10.4,701+,2.3,701+
Universidad de Medellín,Colombia,CO,,M,SP,,4,C,,,1201-1400,1201-1400,,-,,,,,,,,,,,,,,,,,,,,,6.9,601+,5.2,601+,6.8,701+,2.1,701+,3.4,701+,1.8,701+,1.0,701+,8.4,701+,1.8,701+
Universidad de Monterrey,Mexico,,Americas,M,FO,HI,,Private not for Profit,1201-1400,1201-1400,,,-,,19.8,622,15.4,701+,8.7,801+,2.4,801+,18.2,737,6.8,801+,5.3,801+,9.2,801+,6.4,801+,32.5,801+,,,,,,,,,,,,,,,,,,
Universidad de Monterrey (UDEM),Mexico,MX,,M,FO,HI,4,B,,,1001-1200,1001-1200,,-,,,,,,,,,,,,,,,,,,,,,12.2,601+,23.1,411,9.9,701+,1.4,701+,8.6,701+,1.5,701+,1.0,701+,9.2,701+,1,701+
Universidad de Montevideo,Uruguay,,Americas,S,FC,MD,,Private not for Profit,801-850,741-750,,,-,,24.9,513,25.8,525,81.2,161,1.4,801+,27.0,625,6.1,801+,9.9,801+,7.9,801+,13.4,801+,11.7,801+,,,,,,,,,,,,,,,,,,
Universidad de Montevideo (UM),Uruguay,UY,,S,FC,MD,3,B,,,651-660,449=,,-,,,,,,,,,,,,,,,,,,,,,18.6,479,13.5,599,80.2,138,1.1,701+,23.7,556,3.3,701+,1.0,701+,18.8,443,,
Universidad de Oriente Santiago de Cuba,Cuba,CU,,L,FO,MD,4,A,,,1001-1200,801-1000,,-,,,,,,,,,,,,,,,,,,,,,10.6,601+,10.8,601+,25.9,571,1.1,701+,,,,,1.0,701+,13.9,612,,
Universidad de Oviedo,Spain,ES,Europe,L,CO,VH,5,Public,901-950,1001-1200,1001-1200,1001-1200,-,-,18.2,671,8.4,701+,34.1,576,11.6,801+,5.8,801+,6.0,801+,11.4,801+,74.0,468,11.9,801+,63.7,429=,12.6,601+,3.5,601+,14.3,701+,7.7,701+,,,,,24.8,500,4.3,701+,7.2,701+
Universidad de Palermo,Argentina,,Americas,S,FO,HI,,Private not for Profit,771-780,621-630,,,-,,15.8,701+,16.0,701+,96.0,68,1.1,801+,42.0,481,94.3,136,90.0,148,3.6,801+,10.1,801+,,,,,,,,,,,,,,,,,,,,
Universidad de Palermo (UP),Argentina,AR,,S,FO,MD,3,B,,,=530,390=,,22.1,,,,,,,,,,,,,,,,,,,,,9.3,601+,17.8,493,90.5,83,1.1,701+,40.4,411,96.6,79,1.0,701+,9.6,701+,1,701+
Universidad de Panama,Panama,PA,Americas,XL,FO,MD,4,Public,1401+,1201-1400,1201-1400,1201-1400,-,-,8.5,701+,6.4,701+,4.3,801+,1.2,801+,4.1,801+,4.6,801+,8.9,801+,11.2,801+,63.1,247,25.9,801+,6.5,601+,8.0,601+,3.2,701+,1.1,701+,4.9,701+,2.3,701+,1.0,701+,13.7,625,1.2,701+
Universidad de Piura,Peru,PE,Americas,M,FO,HI,4,Private not for Profit,1401+,1201-1400,1201-1400,1201-1400,-,-,11.8,701+,14.1,701+,8.0,801+,1.4,801+,7.6,801+,1.2,801+,1.2,801+,4.7,801+,15.4,801+,13.9,801+,6.4,601+,10.2,601+,4.5,701+,1.2,701+,8.4,701+,1.0,701+,1.0,701+,17.1,497,1.6,701+
Universidad de Puerto Rico,Puerto Rico,PR,Americas,XL,FC,HI,5,Public,1001-1200,1001-1200,1001-1200,1201-1400,-,-,14.8,701+,10.8,701+,23.0,776,3.5,801+,8.3,801+,2.1,801+,6.4,801+,43.4,801+,71.8,202,37.7,801+,9.4,601+,6.2,601+,11.4,701+,2.1,701+,1.4,701+,1.5,701+,2.4,701+,46.4,150,29.1,456=
Universidad de San Andrés,Argentina,,Americas,S,SP,HI,,Private not for Profit,1001-1200,951-1000,,,-,,11.7,701+,25.2,535,53.0,354,4.1,801+,10.2,801+,7.6,801+,5.9,801+,11.7,801+,32.5,522,,,,,,,,,,,,,,,,,,,,
Universidad de San Andrés - UdeSA,Argentina,AR,,S,SP,,3,B,,,801-850,751-800,,-,,,,,,,,,,,,,,,,,,,,,6.8,601+,32.6,301,48.1,326,2.1,701+,8.0,701+,4.4,701+,1.0,701+,18,465,1,701+
Universidad de San Carlos de Guatemala - USAC,Guatemala,GT,,XL,FC,LO,5,A,,,1201-1400,1201-1400,,-,,,,,,,,,,,,,,,,,,,,,9.3,601+,7.6,601+,3.9,701+,1.0,701+,,,,,1.0,701+,20.6,405,1,701+
Universidad de San Francisco de Quito,Ecuador,,Americas,M,FC,HI,,Private not for Profit,801-850,801-850,,,-,,25.0,510,18.2,701+,41.4,489,4.6,801+,57.2,403,2.9,801+,7.3,801+,32.1,801+,12.5,801+,54.8,606=,,,,,,,,,,,,,,,,,,
Universidad de Santander - UDES,Colombia,CO,,L,FO,MD,3,C,,,1401+,1201-1400,,-,,,,,,,,,,,,,,,,,,,,,3.8,601+,2.9,601+,6.7,701+,1.3,701+,8.7,701+,1.6,701+,1.0,701+,8,701+,1,701+
Universidad de Santiago de Chile - USACH,Chile,CL,Americas,L,FC,HI,5,Public,490,461,=410,465=,32.7,27.2,50.4,222,59.9,193,11.4,801+,7.8,801+,10.6,801+,3.8,801+,8.0,801+,53.9,783,17.5,772,53.7,627=,43.3,197,72.9,92,8.7,701+,4.0,701+,6.6,701+,2.2,701+,7.3,701+,4,701+,12.9,635
Universidad de Sevilla,Spain,ES,Europe,XL,FC,VH,5,Public,469,462,=494,561-570,33.7,23.4,52.7,210,20.6,640,23.4,763,15.1,801+,5.1,801+,25.8,648,31.9,591,90.8,164,22.1,694,66.1,376=,38.8,220,10.4,601+,16.7,701+,8.5,701+,3.6,701+,16.0,599,82.0,135,8,701+,29.1,456=
Universidad de Sonora,Mexico,MX,,XL,CO,HI,4,A,,,1401+,1201-1400,,-,,,,,,,,,,,,,,,,,,,,,4.0,601+,1.7,601+,4.5,701+,1.8,701+,3.7,701+,1.5,701+,1.0,701+,8.2,701+,1,701+
Universidad de Talca,Chile,CL,Americas,M,FO,VH,3,Public,1001-1200,1001-1200,1001-1200,1001-1200,-,-,14.4,701+,11.7,701+,9.1,801+,13.2,801+,27.4,619,1.9,801+,1.7,801+,46.4,801+,2.5,801+,29.4,801+,11.0,601+,8.6,601+,6.7,701+,5.7,701+,22.5,567,1.4,701+,3.8,701+,6.8,701+,7,701+
Universidad de Tarapaca,Chile,CL,Americas,M,CO,VH,3,Public,1401+,1201-1400,1401+,1401+,-,-,4.1,701+,2.1,701+,4.4,801+,20.4,706,17.7,755,,,,,49.6,801+,2.5,801+,21.0,801+,3.6,601+,2.3,601+,2.1,701+,8.0,701+,,,,,2.6,701+,4.1,701+,1,701+
Universidad de Valladolid,Spain,ES,Europe,L,CO,VH,4,,901-950,851-900,951-1000,1001-1200,-,-,16.1,701+,6.4,701+,41.2,491,7.1,801+,9.6,801+,7.7,801+,13.3,801+,84.9,257,20.3,721,59.2,516=,10.3,601+,3.6,601+,30.0,521,4.5,701+,5.3,701+,3.9,701+,54.4,290,9.5,701+,,
Universidad de Valparaíso,Chile,,Americas,L,FC,HI,,Public,1201-1400,1201-1400,,,-,,15.5,701+,8.4,701+,12.8,801+,5.0,801+,8.6,801+,2.9,801+,2.4,801+,34.3,801+,4.8,801+,39.7,801+,,,,,,,,,,,,,,,,,,
Universidad de Valparaíso (UV),Chile,CL,,L,FC,MD,3,A,,,1201-1400,1001-1200,,-,,,,,,,,,,,,,,,,,,,,,10.4,601+,6.8,601+,7.8,701+,3.5,701+,7.2,701+,1.8,701+,4.6,701+,8.5,701+,6.3,701+
Universidad de Zaragoza,Spain,ES,Europe,L,FC,VH,5,Public,638,544,=523,551-560,27.1,22.5,29.7,413,9.9,701+,54.6,346,15.6,792,2.3,801+,10.2,801+,16.0,801+,89.2,185,14.8,801+,69.7,319,22.9,381,4.5,601+,57.6,252,7.1,701+,4.1,701+,9.7,701+,55.3,282,8,701+,80.6,145
Universidad del Bio-Bio,Chile,,Americas,M,CO,VH,,Public,1401+,1201-1400,,,-,,11.6,701+,5.0,701+,4.9,801+,8.6,801+,11.8,801+,1.9,801+,1.6,801+,32.1,801+,2.5,801+,24.0,801+,,,,,,,,,,,,,,,,,,
Universidad del Bío-Bío,Chile,CL,,L,CO,HI,4,A,,,1201-1400,1201-1400,,-,,,,,,,,,,,,,,,,,,,,,8.6,601+,4.2,601+,2.9,701+,3.8,701+,9.7,701+,1.4,701+,1.4,701+,4.1,701+,1.1,701+
Universidad del Cauca,Colombia,CO,,L,CO,MD,5,A,,,1201-1400,1201-1400,,-,,,,,,,,,,,,,,,,,,,,,9.5,601+,4.0,601+,5.3,701+,1.8,701+,23.6,559,1.1,701+,1.0,701+,4.5,701+,1,701+
Universidad del Desarrollo,Chile,,Americas,L,CO,HI,,Private not for Profit,1201-1400,1201-1400,,,-,,11.8,701+,15.7,701+,15.7,801+,4.0,801+,10.6,801+,3.3,801+,7.6,801+,18.3,801+,6.8,801+,47.5,774=,,,,,,,,,,,,,,,,,,
Universidad del Desarrollo (UDD),Chile,CL,,L,CO,HI,3,B,,,1201-1400,1201-1400,,-,,,,,,,,,,,,,,,,,,,,,6.6,601+,14.6,560,12.9,701+,2.2,701+,7.6,701+,2.0,701+,1.1,701+,8.4,701+,3.5,701+
Universidad del Magdalena,Colombia,CO,,L,CO,MD,4,A,,,1401+,1201-1400,,-,,,,,,,,,,,,,,,,,,,,,4.2,601+,4.6,601+,2.7,701+,1.3,701+,6.4,701+,1.3,701+,1.0,701+,6.4,701+,1,701+
Universidad del Norte,Colombia,CO,Americas,M,FC,HI,4,Private not for Profit,1201-1400,1001-1200,1001-1200,1001-1200,-,-,13.2,701+,14.3,701+,12.7,801+,6.0,801+,8.5,801+,1.7,801+,6.0,801+,27.1,801+,10.8,801+,44.2,801+,9.8,601+,20.8,447,12.3,701+,2.7,701+,8.3,701+,1.3,701+,1.7,701+,9.2,701+,1.7,701+
Universidad del Pacífico,Peru,PE,,M,SP,,4,B,,,1001-1200,1001-1200,,-,,,,,,,,,,,,,,,,,,,,,7.3,601+,30.8,318,3.3,701+,3.1,701+,18.2,612,3.0,701+,1.0,701+,7.7,701+,1,701+
Universidad del Pais Vasco,Spain,,Europe,XL,CO,VH,,Public,624,641-650,,,27.5,,28.6,435,10.8,701+,38.4,530,27.8,608,3.0,801+,6.3,801+,4.9,801+,90.1,172,31.2,533,51.5,673=,,,,,,,,,,,,,,,,,,
Universidad del Rosario,Colombia,CO,Americas,M,FC,HI,5,Private not for Profit,781-790,771-780,711-720,751-800,-,-,23.8,531,32.7,439,35.1,563,4.4,801+,9.8,801+,5.8,801+,4.6,801+,31.2,801+,48.5,357,58.2,543=,14.4,601+,43.4,213,21.0,645,2.7,701+,9.5,701+,2.4,701+,1.1,701+,27.5,295,22.5,521=
Universidad del Salvador,Argentina,AR,,L,FO,MD,4,B,,,1201-1400,1201-1400,,-,,,,,,,,,,,,,,,,,,,,,4.3,601+,9.0,601+,16.7,701+,1.0,701+,5.3,701+,8.0,701+,1.0,701+,7.1,701+,,
Universidad del Valle,Colombia,CO,Americas,XL,FC,MD,4,Public,1001-1200,1001-1200,1001-1200,801-1000,-,-,24.1,529,9.7,701+,11.1,801+,2.8,801+,3.3,801+,2.2,801+,6.6,801+,24.7,801+,28.8,580,34.9,801+,18.2,492,15.0,549,8.1,701+,2.0,701+,2.2,701+,1.4,701+,1.2,701+,10,701+,2.1,701+
Universidad del Valle de Guatemala (UVG),Guatemala,,Americas,M,CO,MD,,Private not for Profit,1201-1400,,,,-,,6.5,701+,11.0,701+,61.9,288,1.4,801+,9.4,801+,3.2,801+,7.4,801+,5.6,801+,15.3,801+,11.0,801+,,,,,,,,,,,,,,,,,,
Universidad del Valle de Mexico (UVM),Mexico,MX,,XL,FO,MD,4,C,,,1401+,1201-1400,,-,,,,,,,,,,,,,,,,,,,,,3.7,601+,13.3,601+,4.6,701+,1.0,701+,1.2,701+,1.3,701+,1.0,701+,4.2,701+,1,701+
Universidad del Zulia,Venezuela,VE,,M,FC,MD,5,A,,,1201-1400,1201-1400,,-,,,,,,,,,,,,,,,,,,,,,10.9,601+,7.6,601+,3.2,701+,2.4,701+,,,,,1.0,701+,10.9,701+,1,701+
Universidad del Zulia,Venezuela (Bolivarian Republic of),,Americas,L,FC,MD,,Public,1401+,1201-1400,,,-,,14.7,701+,12.8,701+,5.2,801+,2.6,801+,1.2,801+,1.5,801+,1.4,801+,14.5,801+,12.4,801+,8.3,801+,,,,,,,,,,,,,,,,,,
Universidad Diego Portales,Chile,,Americas,L,FO,VH,,Private not for Profit,1001-1200,1001-1200,,,-,,19.0,647,25.8,526,11.9,801+,5.5,801+,17.5,758,6.3,801+,4.9,801+,37.1,801+,8.8,801+,36.4,801+,,,,,,,,,,,,,,,,,,
Universidad Diego Portales (UDP),Chile,CL,,L,FC,MD,3,B,,,951-1000,801-1000,,-,,,,,,,,,,,,,,,,,,,,,15.0,582,22.2,425,8.6,701+,4.7,701+,14.3,677,3.1,701+,2.8,701+,8.4,701+,1.2,701+
Universidad EAFIT,Colombia,CO,Americas,L,CO,HI,4,Private not for Profit,951-1000,901-950,731-740,801-1000,-,-,19.4,634,46.0,293,6.8,801+,4.1,801+,4.1,801+,1.9,801+,1.7,801+,10.8,801+,51.8,326,45.4,801+,13.1,601+,61.5,128,4.5,701+,2.3,701+,4.6,701+,1.6,701+,1.0,701+,35.1,217,1.1,701+
Universidad Espíritu Santo (UEES),Ecuador,,Americas,S,FO,VH,,Private not for Profit,951-1000,,,,-,,6.1,701+,8.9,701+,33.7,580,11.2,801+,62.5,373,63.5,315,47.3,438,25.3,801+,13.1,801+,42.8,801+,,,,,,,,,,,,,,,,,,
Universidad Europea de Madrid,Spain,,Europe,L,FC,MD,,,901-950,,,,-,,7.7,701+,19.7,668,56.6,328,3.0,801+,14.4,801+,96.1,110,96.4,95,11.6,801+,10.7,801+,45.0,801+,,,,,,,,,,,,,,,,,,
Universidad Externado de Colombia,Colombia,CO,Americas,L,FO,MD,5,Private not for Profit,951-1000,901-950,751-760,651-700,-,-,15.8,701+,33.5,428,48.9,395,1.2,801+,10.7,801+,2.1,801+,1.8,801+,5.6,801+,41.2,424,23.8,801+,14.0,601+,43.7,209,31.2,506,1.1,701+,11.3,701+,1.6,701+,1.0,701+,18.8,445,1,701+
Universidad Iberoamericana IBERO,Mexico,MX,,L,FC,MD,4,B,,,691-700,701-750,,-,,,,,,,,,,,,,,,,,,,,,19.1,468,31.1,315,31.6,496,1.3,701+,5.5,701+,2.4,701+,1.0,701+,51.4,127,7.4,701+
Universidad Iberoamericana (UIA),Mexico,,Americas,M,FC,MD,,Private not for Profit,901-950,801-850,,,-,,24.2,526,30.2,469,34.2,575,1.8,801+,8.1,801+,3.6,801+,7.8,801+,5.4,801+,71.4,203,25.7,801+,,,,,,,,,,,,,,,,,,
Universidad ICESI,Colombia,CO,Americas,M,FO,HI,3,Private not for Profit,1001-1200,1001-1200,901-950,651-700,-,-,7.8,701+,8.8,701+,87.6,114,2.4,801+,5.1,801+,5.2,801+,9.3,801+,7.4,801+,12.9,801+,15.9,801+,5.5,601+,9.7,601+,74.3,168,1.7,701+,4.7,701+,2.5,701+,1.0,701+,12.5,692,1.2,701+
Universidad Industrial de Santander,Colombia,,Americas,L,FC,MD,,Public,1201-1400,1201-1400,,,-,,12.7,701+,17.6,701+,5.8,801+,3.4,801+,6.0,801+,2.0,801+,6.3,801+,18.5,801+,13.3,801+,28.5,801+,,,,,,,,,,,,,,,,,,
Universidad Industrial de Santander - UIS,Colombia,CO,,L,FC,MD,4,A,,,1001-1200,1001-1200,,-,,,,,,,,,,,,,,,,,,,,,10.3,601+,25.2,380,5.2,701+,2.1,701+,4.3,701+,1.3,701+,1.0,701+,6.4,701+,6.2,701+
Universidad Jesuita de Guadalajara - ITESO,Mexico,,Americas,M,FO,MD,,Private not for Profit,1201-1400,1001-1200,,,-,,9.3,701+,7.8,701+,84.6,138,1.2,801+,3.8,801+,2.5,801+,2.1,801+,3.7,801+,2.3,801+,21.8,801+,,,,,,,,,,,,,,,,,,
Universidad La Salle (ULSA),Mexico,MX,Americas,M,FO,MD,4,Private for Profit,1401+,1201-1400,1001-1200,1201-1400,-,-,6.2,701+,17.4,701+,28.9,651,1.4,801+,3.4,801+,2.4,801+,2.0,801+,1.8,801+,6.4,801+,10.1,801+,3.9,601+,26.5,364,20.1,663,1.1,701+,4.1,701+,1.7,701+,1.0,701+,9.6,701+,1.2,701+
Universidad Latinoamericana de Ciencia y Tecnología Costa Rica (ULACIT),Costa Rica,,Americas,S,CO,LO,,Private not for Profit,1401+,1201-1400,,,-,,7.8,701+,17.2,701+,32.6,592,1.1,801+,13.8,801+,12.8,801+,9.8,801+,1.1,801+,12.3,801+,,,,,,,,,,,,,,,,,,,,
Universidad Mayor de San Andrés (UMSA),Bolivia,BO,,XL,FC,LO,5,A,,,1201-1400,1201-1400,,-,,,,,,,,,,,,,,,,,,,,,7.7,601+,2.4,601+,1.1,701+,1.6,701+,6.8,701+,1.0,701+,1.1,701+,14.8,565,1,701+
Universidad Mayor de San Simón Cochabamba,Bolivia,BO,,XL,CO,LO,5,A,,,1401+,1401+,,-,,,,,,,,,,,,,,,,,,,,,5.0,601+,2.6,601+,1.2,701+,1.1,701+,,,1.1,701+,1.0,701+,17.1,491,1,701+
Universidad Metropolitana,Venezuela,VE,,S,CO,LO,4,B,,,1001-1200,1201-1400,,-,,,,,,,,,,,,,,,,,,,,,6.5,601+,14.6,558,5.2,701+,1.1,701+,9.9,701+,1.5,701+,,,41.2,178,,
Universidad Metropolitana,Venezuela (Bolivarian Republic of),,Americas,M,CO,LO,,Private not for Profit,1401+,1201-1400,,,-,,9.8,701+,24.4,550,6.4,801+,1.1,801+,3.9,801+,3.3,801+,7.4,801+,2.3,801+,28.1,590,,,,,,,,,,,,,,,,,,,,
Universidad Michoacana de San Nicolás de Hidalgo,Mexico,MX,,XL,FC,MD,5,A,,,1401+,1401+,,-,,,,,,,,,,,,,,,,,,,,,3.9,601+,1.8,601+,2.9,701+,2.1,701+,,,,,1.1,701+,3.9,701+,1,701+
Universidad Nacional Agraria la Molina,Peru,PE,Americas,M,FO,VH,5,Public,1401+,1201-1400,1201-1400,1001-1200,-,-,9.3,701+,8.0,701+,16.7,801+,2.8,801+,1.5,801+,2.8,801+,7.0,801+,12.6,801+,4.7,801+,34.4,801+,6.8,601+,8.7,601+,14.6,701+,1.6,701+,1.4,701+,1.8,701+,1.0,701+,9.8,701+,1,701+
Universidad Nacional Autónoma de Honduras (UNAH),Honduras,HN,,XL,FC,LO,5,A,,,1401+,1401+,,-,,,,,,,,,,,,,,,,,,,,,4.1,601+,5.0,601+,2.9,701+,1.0,701+,1.7,701+,,,1.0,701+,22.4,369,1,701+
Universidad Nacional Autónoma de México (UNAM),Mexico,MX,Americas,XL,FC,VH,5,Public,136,94,=93,104=,64,61.4,99.2,28,95.9,43,47.1,419,4.1,801+,10.0,801+,5.4,801+,10.7,801+,93.6,110,97.9,47,82.2,146=,96.6,28,98.2,18,39.8,397,2.7,701+,8.3,701+,2.5,701+,84.5,120,68.4,78,88.5,101=
Universidad Nacional Costa Rica,Costa Rica,CR,Americas,L,CO,MD,4,Public,1201-1400,1201-1400,1001-1200,1001-1200,-,-,13.5,701+,18.4,698,17.5,801+,2.2,801+,13.1,801+,4.1,801+,3.3,801+,16.8,801+,11.4,801+,23.3,801+,10.8,601+,18.3,479,12.8,701+,1.5,701+,10.4,701+,2.5,701+,1.1,701+,9.6,701+,1.1,701+
Universidad Nacional de Asunción,Paraguay,,Americas,XL,FC,MD,,Public,1201-1400,1001-1200,,,-,,7.6,701+,5.5,701+,43.1,462,1.2,801+,1.5,801+,2.7,801+,7.0,801+,13.1,801+,73.8,189,28.8,801+,,,,,,,,,,,,,,,,,,
Universidad Nacional de Colombia,Colombia,CO,Americas,XL,FC,HI,5,Public,259,219,=226,243=,49.5,41.9,81.1,94,90.9,69,6.7,801+,6.9,801+,8.1,801+,2.2,801+,6.6,801+,62.6,656,57.3,292,69.3,325,69.5,91,96.8,29,6.1,701+,3.5,701+,6.4,701+,1.5,701+,13.3,620,29.9,263,49.7,309=
Universidad Nacional de Cuyo,Argentina,AR,Americas,XL,FC,HI,4,Public,1201-1400,1001-1200,1001-1200,1001-1200,-,-,17.8,684,10.7,701+,23.9,754,2.8,801+,2.1,801+,11.6,801+,8.9,801+,26.5,801+,14.8,801+,43.7,801+,12.3,601+,6.2,601+,21.1,643,1.7,701+,1.9,701+,15.3,615,1.8,701+,5.1,701+,1.6,701+
Universidad Nacional de Córdoba,Argentina,,Americas,XL,FC,HI,,Public,851-900,901-950,,,-,,39.0,308,23.3,576,8.0,801+,2.3,801+,1.6,801+,2.2,801+,1.9,801+,41.3,801+,20.0,726,39.1,801+,,,,,,,,,,,,,,,,,,
Universidad Nacional de Córdoba - UNC,Argentina,AR,,XL,FO,VH,5,A,,,951-1000,801-1000,,-,,,,,,,,,,,,,,,,,,,,,24.4,353,15.5,533,7.3,701+,1.6,701+,1.4,701+,1.5,701+,5.8,701+,8.5,701+,2.2,701+
Universidad Nacional de Ingeniería Peru,Peru,PE,Americas,L,FO,HI,5,,1201-1400,1201-1400,951-1000,,-,-,11.2,701+,31.2,458,10.2,801+,2.0,801+,1.3,801+,1.4,801+,5.8,801+,7.1,801+,27.5,602,10.5,801+,7.9,601+,42.5,218,21.9,633,1.3,701+,,,,,1.0,701+,4.7,701+,,
Universidad Nacional de la Asunción,Paraguay,PY,,XL,FC,MD,5,A,,,1001-1200,1001-1200,,-,,,,,,,,,,,,,,,,,,,,,5.4,601+,10.2,601+,28.6,537,1.1,701+,1.4,701+,1.8,701+,1.0,701+,21.5,389,3.4,701+
Universidad Nacional de La Plata,Argentina,,Americas,XL,FC,HI,,Public,458,534,,,34,,55.7,199,30.8,464,40.8,496,2.9,801+,7.2,801+,41.6,478,31.1,601,54.1,780,37.7,463,39.4,801+,,,,,,,,,,,,,,,,,,
Universidad Nacional de La Plata (UNLP),Argentina,AR,,XL,FC,HI,5,A,,,=540,541-550,,21.8,,,,,,,,,,,,,,,,,,,,,38.7,221,31.0,316,23.8,598,2.1,701+,3.6,701+,29.9,423,9.1,695,8.6,701+,5.1,701+
Universidad Nacional de Mar del Plata,Argentina,AR,,L,CO,HI,3,A,,,1201-1400,1201-1400,,-,,,,,,,,,,,,,,,,,,,,,9.5,601+,2.8,601+,5.7,701+,3.7,701+,,,,,1.3,701+,5.1,701+,1.2,701+
Universidad Nacional de Quilmes,Argentina,AR,,L,FO,HI,3,A,,,1401+,1201-1400,,-,,,,,,,,,,,,,,,,,,,,,7.4,601+,2.2,601+,3.2,701+,1.8,701+,3.1,701+,1.8,701+,1.0,701+,5.1,701+,1,701+
Universidad Nacional de Rosario,Argentina,,Americas,XL,FC,MD,,Public,1001-1200,951-1000,,,-,,27.4,457,14.9,701+,29.9,635,1.4,801+,,,10.8,801+,8.3,801+,27.0,801+,15.2,801+,18.8,801+,,,,,,,,,,,,,,,,,,
Universidad Nacional de Rosario (UNR),Argentina,AR,,XL,FC,MD,4,A,,,951-1000,801-1000,,-,,,,,,,,,,,,,,,,,,,,,19.4,456,8.8,601+,27.6,550,1.1,701+,,,7.0,701+,1.1,701+,5,701+,1.3,701+
Universidad Nacional de Río Cuarto - UNRC,Argentina,AR,,L,CO,MD,4,A,,,1201-1400,1001-1200,,-,,,,,,,,,,,,,,,,,,,,,4.4,601+,1.5,601+,34.9,454,1.5,701+,,,,,1.0,701+,5.1,701+,1,701+
Universidad Nacional de San Luis,Argentina,AR,Americas,L,FO,HI,4,Public,1201-1400,1001-1200,1001-1200,801-1000,-,-,3.9,701+,2.0,701+,84.8,136,1.4,801+,,,,,,,10.1,801+,1.5,801+,18.0,801+,4.1,601+,1.9,601+,67.5,195,1.2,701+,,,,,1.0,701+,5.1,701+,1,701+
Universidad Nacional de San Martín (UNSAM),Argentina,AR,Americas,L,CO,HI,3,Public,1401+,1201-1400,1201-1400,1201-1400,-,-,15.7,701+,4.7,701+,7.6,801+,3.9,801+,1.9,801+,6.9,801+,5.4,801+,29.1,801+,1.5,801+,26.9,801+,11.5,601+,3.2,601+,7.5,701+,2.3,701+,1.6,701+,4.7,701+,1.3,701+,5.1,701+,4.6,701+
Universidad Nacional de Tucumán,Argentina,AR,,XL,FC,MD,5,A,,,1401+,1201-1400,,-,,,,,,,,,,,,,,,,,,,,,7.4,601+,2.7,601+,2.6,701+,1.6,701+,,,,,2.3,701+,5.1,701+,1,701+
Universidad Nacional del Centro de la Provincia de Buenos Aires,Argentina,,Americas,L,FC,MD,,Public,1201-1400,1001-1200,,,-,,6.3,701+,6.3,701+,81.4,160,1.8,801+,,,,,,,7.7,801+,1.5,801+,20.5,801+,,,,,,,,,,,,,,,,,,
Universidad Nacional del Centro de la Provincia de Buenos Aires (UNICEN),Argentina,AR,,L,FC,MD,3,A,,,1001-1200,651-700,,-,,,,,,,,,,,,,,,,,,,,,5.4,601+,2.7,601+,78.8,142,1.4,701+,,,,,1.0,701+,5.1,701+,1,701+
Universidad Nacional del Comahue,Argentina,AR,,XL,FC,MD,4,A,,,1201-1400,1201-1400,,-,,,,,,,,,,,,,,,,,,,,,4.3,601+,2.5,601+,21.5,636,1.4,701+,,,,,1.1,701+,5.1,701+,1.1,701+
Universidad Nacional del Litoral,Argentina,AR,Americas,XL,CO,HI,5,Public,1201-1400,1201-1400,1201-1400,1201-1400,-,-,18.1,674,10.1,701+,3.1,801+,4.1,801+,6.6,801+,1.5,801+,1.4,801+,26.8,801+,7.1,801+,41.0,801+,11.7,601+,5.8,601+,2.2,701+,2.7,701+,1.5,701+,1.1,701+,1.1,701+,2.7,701+,3.2,701+
Universidad Nacional del Sur,Argentina,AR,Americas,L,FC,HI,4,Public,1401+,1201-1400,1401+,1201-1400,-,-,8.1,701+,4.6,701+,23.1,775,2.4,801+,,,,,,,30.0,801+,4.7,801+,29.0,801+,5.9,601+,2.5,601+,14.1,701+,1.8,701+,,,,,2.1,701+,5.1,701+,1.1,701+
Universidad Nacional Mayor de San Marcos,Peru,PE,Americas,XL,FC,HI,5,Public,951-1000,901-950,901-950,801-1000,-,-,28.9,429,28.4,492,11.0,801+,1.7,801+,,,,,,,32.9,801+,53.0,321,24.3,801+,21.1,416,27.8,348,7.0,701+,1.3,701+,,,,,1.9,701+,4.7,701+,1.2,701+
Universidad ORT Uruguay,Uruguay,UY,Americas,M,FO,MD,4,Private not for Profit,1001-1200,851-900,771-780,494=,-,-,13.2,701+,22.2,598,84.2,145,1.4,801+,17.1,765,2.9,801+,2.4,801+,3.6,801+,7.0,801+,7.4,801+,11.8,601+,11.8,601+,82.6,126,1.2,701+,17.9,617,1.9,701+,1.0,701+,13,662,1,701+
Universidad Panamericana (UP),Mexico,MX,Americas,L,FO,HI,4,Private not for Profit,701-710,691-700,661-670,541-550,-,-,15.9,701+,34.4,419,81.2,162,1.7,801+,24.5,655,5.0,801+,4.0,801+,14.3,801+,73.5,191,36.2,801+,8.7,601+,22.0,427,81.5,133,1.2,701+,10.5,701+,2.5,701+,1.2,701+,49.4,137,1,701+
Universidad Peruana Cayetano Heredia,Peru,,Americas,M,FO,VH,,Private not for Profit,1001-1200,1001-1200,,,-,,15.2,701+,12.1,701+,59.1,305,3.6,801+,1.6,801+,1.8,801+,1.6,801+,23.9,801+,4.6,801+,53.2,641=,,,,,,,,,,,,,,,,,,
Universidad Peruana Cayetano Heredia (UPCH),Peru,PE,,M,FO,VH,4,B,,,951-1000,651-700,,-,,,,,,,,,,,,,,,,,,,,,9.7,601+,10.4,601+,54.9,277,2.3,701+,1.2,701+,1.2,701+,2.3,701+,8.4,701+,9.8,669=
Universidad Peruana de Ciencias Aplicadas,Peru,PE,,XL,FO,HI,3,B,,,1001-1200,1001-1200,,-,,,,,,,,,,,,,,,,,,,,,10.7,601+,25.8,372,3.3,701+,1.1,701+,16.6,641,1.8,701+,1.0,701+,9.9,701+,1.3,701+
Universidad Peruana de Ciencias Aplicadas (UPC),Peru,,Americas,XL,FO,HI,,Private not for Profit,1201-1400,1201-1400,,,-,,17.8,689,26.8,511,4.7,801+,1.4,801+,17.1,766,2.1,801+,1.8,801+,10.1,801+,4.8,801+,32.0,801+,,,,,,,,,,,,,,,,,,
UNIVERSIDAD POLITECNICA SALESIANA,Ecuador,EC,,L,CO,MD,3,B,,,1401+,,,-,,,,,,,,,,,,,,,,,,,,,6.0,601+,3.0,601+,3.7,701+,1.5,701+,7.0,701+,1.7,701+,1.0,701+,6.1,701+,1,701+
Universidad Politécnica de Madrid,Spain,,Europe,XL,CO,VH,,Public,334,321,,,42.3,,43.0,275,67.8,155,24.8,736,19.6,722,4.3,801+,45.2,448,33.8,567,81.9,316,69.4,218,70.7,305=,,,,,,,,,,,,,,,,,,
Universidad Politécnica de Madrid (UPM),Spain,ES,,XL,SP,,4,A,,,=349,488=,,31.3,,,,,,,,,,,,,,,,,,,,,31.2,280,49.3,176,14.9,701+,11.4,701+,3.2,701+,30.7,416,59.9,243,37.3,196,83.5,128=
Universidad Pontificia Bolivariana,Colombia,CO,Americas,M,FO,VH,4,Private not for Profit,1001-1200,901-950,801-850,601-650,-,-,10.7,701+,12.7,701+,83.9,146,2.8,801+,4.8,801+,4.5,801+,8.8,801+,17.7,801+,27.6,601,28.5,801+,9.3,601+,15.4,537,69.9,185,1.6,701+,4.9,701+,2.1,701+,1.2,701+,18.2,461,3.3,701+
Universidad Pontificia Comillas,Spain,ES,Europe,M,FO,VH,3,Private not for Profit,581,544,=582,601-650,28.9,20.3,12.3,701+,76.7,117,48.4,400,4.1,801+,25.4,644,11.2,801+,16.6,801+,10.4,801+,87.1,125,49.2,729=,8.1,601+,65.9,121,39.9,395,2.3,701+,19.3,597,5.8,701+,1.0,701+,45.5,154,2,701+
Universidad Popular Autónoma del Estado de Puebla (UPAEP),Mexico,MX,,M,FO,HI,4,C,,,1201-1400,1201-1400,,-,,,,,,,,,,,,,,,,,,,,,5.0,601+,4.5,601+,16.1,701+,1.2,701+,4.5,701+,3.1,701+,1.0,701+,8,701+,1.4,701+
Universidad Rey Juan Carlos,Spain,ES,Europe,XL,CO,VH,3,Public,1001-1200,1001-1200,951-1000,1001-1200,-,-,12.5,701+,16.9,701+,11.5,801+,9.4,801+,24.2,660,20.3,727,26.4,667,65.3,619,14.5,801+,64.0,422=,7.3,601+,9.4,601+,6.4,701+,4.1,701+,15.3,663,14.8,623,13.7,614,9.3,701+,60.4,249=
Universidad San Francisco de Quito (USFQ),Ecuador,EC,,M,FC,HI,3,B,,,801-850,701-750,,-,,,,,,,,,,,,,,,,,,,,,14.4,600,10.7,601+,36.1,439,2.3,701+,56.9,324,2.0,701+,1.5,701+,11,701+,7.8,701+
Universidad San Ignacio de Loyola,Peru,PE,,L,FO,MD,3,B,,,1201-1400,1201-1400,,-,,,,,,,,,,,,,,,,,,,,,6.2,601+,9.2,601+,1.8,701+,1.3,701+,3.9,701+,1.3,701+,1.0,701+,8.5,701+,2,701+
Universidad Simón Bolívar (USB),Venezuela,VE,,S,FO,VH,4,A,,,951-1000,801-1000,,-,,,,,,,,,,,,,,,,,,,,,17.2,521,21.2,437,11.6,701+,2.9,701+,1.8,701+,1.0,701+,1.0,701+,11.6,701+,1,701+
Universidad Simón Bolívar Venezuela,Venezuela (Bolivarian Republic of),,Americas,S,FO,VH,,Public,1001-1200,1001-1200,,,-,,19.5,632,22.6,584,23.5,762,3.8,801+,2.1,801+,1.1,801+,1.1,801+,11.6,801+,42.0,418,11.6,801+,,,,,,,,,,,,,,,,,,
Universidad Tecnica Particular De Loja (UTPL),Ecuador,EC,,XL,FO,HI,4,B,,,1401+,1201-1400,,-,,,,,,,,,,,,,,,,,,,,,5.1,601+,2.8,601+,1.2,701+,1.6,701+,9.3,701+,1.3,701+,1.0,701+,9.5,701+,3.9,701+
Universidad Tecnológica Centroamericana (UNITEC) - Honduras,Honduras,,Americas,M,FO,HI,,Private not for Profit,1401+,,,,-,,7.9,701+,7.7,701+,29.9,633,1.3,801+,6.0,801+,3.3,801+,7.4,801+,10.6,801+,24.4,652,24.7,801+,,,,,,,,,,,,,,,,,,
Universidad Tecnológica de Bolívar,Colombia,CO,,M,FO,HI,4,B,,,1401+,1401+,,-,,,,,,,,,,,,,,,,,,,,,2.6,601+,5.4,601+,2.8,701+,2.5,701+,8.3,701+,6.6,701+,1.0,701+,9,701+,1,701+
"Universidad Tecnológica de la Habana José Antonio Echeverría, Cujae",Cuba,CU,,M,SP,,3,A,,,1201-1400,1201-1400,,-,,,,,,,,,,,,,,,,,,,,,6.2,601+,1.1,601+,20.1,662,1.1,701+,3.3,701+,4.5,701+,1.0,701+,14.2,595,,
Universidad Tecnológica de Panamá (UTP),Panama,PA,Americas,L,CO,MD,3,Public,1201-1400,1001-1200,951-1000,1001-1200,-,-,9.5,701+,19.9,661,38.2,531,1.2,801+,4.9,801+,8.0,801+,12.0,801+,5.2,801+,7.3,801+,24.5,801+,8.8,601+,30.7,319,23.8,599,1.1,701+,2.7,701+,3.9,701+,1.0,701+,14.1,604,1,701+
Universidad Tecnológica de Pereira,Colombia,CO,,L,CO,MD,4,A,,,1401+,1201-1400,,-,,,,,,,,,,,,,,,,,,,,,4.0,601+,7.1,601+,3.3,701+,1.9,701+,1.4,701+,1.0,701+,1.0,701+,6.7,701+,1,701+
Universidad Tecnológica Nacional (UTN),Argentina,AR,Americas,XL,SP,HI,4,Public,1201-1400,1001-1200,1001-1200,801-1000,-,-,5.2,701+,19.2,678,56.6,327,1.2,801+,,,3.8,801+,3.1,801+,10.9,801+,9.2,801+,19.1,801+,4.1,601+,24.1,401,49.1,318,1.1,701+,,,1.5,701+,1.0,701+,5,701+,1,701+
Universidad Torcuato Di Tella,Argentina,AR,Americas,S,SP,HI,3,Private not for Profit,951-1000,951-1000,851-900,801-1000,-,-,18.4,664,35.9,401,18.5,801+,3.8,801+,41.2,488,13.6,801+,10.3,801+,5.3,801+,41.5,420,18.5,801+,11.9,601+,25.4,376,17.9,701+,3.2,701+,34.5,460,8.2,701+,1.0,701+,17.1,496,1,701+
Universidad Técnica Federico Santa María,Chile,,Americas,L,FO,VH,,Private not for Profit,1001-1200,951-1000,,,-,,13.3,701+,37.5,374,4.7,801+,8.3,801+,19.0,728,1.8,801+,1.6,801+,46.3,801+,17.7,767,42.7,801+,,,,,,,,,,,,,,,,,,
Universidad Técnica Federico Santa María (USM),Chile,CL,,L,FO,VH,4,B,,,801-850,1001-1200,,-,,,,,,,,,,,,,,,,,,,,,10.0,601+,50.6,166,3.7,701+,5.9,701+,15.8,654,1.9,701+,9.5,680,10.1,701+,7.9,701+
Universidad Veracruzana,Mexico,MX,,XL,FO,HI,4,A,,,1201-1400,1201-1400,,-,,,,,,,,,,,,,,,,,,,,,8.7,601+,3.2,601+,7.8,701+,1.4,701+,,,,,1.0,701+,3.9,701+,1.1,701+
"Universidade Católica Portuguesa, UCP",Portugal,PT,Europe,M,FO,VH,3,Private not for Profit,781-790,901-950,901-950,801-1000,-,-,16.5,701+,31.2,459,14.1,801+,12.9,801+,17.1,767,58.3,353,62.3,320,33.8,801+,57.7,286,47.9,763=,13.3,601+,11.1,601+,13.9,701+,6.5,701+,9.1,701+,26.3,461,1.6,701+,29.3,272,9.7,673=
Universidade da Coruña,Spain,ES,Europe,L,CO,VH,3,Public,1001-1200,1001-1200,1001-1200,1001-1200,-,-,8.5,701+,7.1,701+,29.3,645,13.8,801+,3.5,801+,9.4,801+,15.2,801+,61.7,667,3.6,801+,61.1,477=,5.8,601+,5.6,601+,25.1,582,7.1,701+,2.8,701+,4.6,701+,12.0,636,7.6,701+,42.6,345=
Universidade de Brasilia (UnB),Brazil,,Americas,XL,FC,VH,,Public,801-850,751-760,,,-,,34.8,347,10.8,701+,9.0,801+,8.3,801+,12.8,801+,2.1,801+,6.7,801+,63.7,639,36.3,476,66.6,368=,,,,,,,,,,,,,,,,,,
Universidade de Brasília,Brazil,BR,,XL,FC,HI,4,A,,,801-850,801-1000,,-,,,,,,,,,,,,,,,,,,,,,26.1,339,14.5,562,8.4,701+,4.2,701+,11.9,701+,1.6,701+,15.3,595,11.5,701+,9.4,683=
Universidade de Santiago de Compostela,Spain,ES,Europe,L,CO,VH,5,Public,628,651-660,701-710,751-800,27.4,-,33.9,359,16.0,701+,17.5,801+,27.6,612,3.0,801+,11.8,801+,17.7,801+,77.3,399,20.0,728,62.4,450=,23.5,368,10.3,601+,13.0,701+,16.1,618,2.8,701+,6.0,701+,38.0,394,8.1,701+,23.2,511=
Universidade de São Paulo,Brazil,BR,,XL,FC,VH,4,A,,,=85,115,,62.8,,,,,,,,,,,,,,,,,,,,,92.4,41,82.9,66,19.2,688,29.9,434,6.0,701+,2.3,701+,90.9,76,89.7,36,96.1,44=
Universidade de São Paulo (USP),Brazil,,Americas,XL,FC,VH,,Public,108,92,,,67.3,,97.3,40,81.0,102,30.5,623,40.3,467,9.2,801+,3.5,801+,8.5,801+,95.3,76,98.8,31,89.0,70,,,,,,,,,,,,,,,,,,
Universidade de Vigo,Spain,ES,Europe,L,CO,VH,3,Public,851-900,901-950,901-950,1001-1200,-,-,14.0,701+,9.1,701+,15.4,801+,32.5,555,4.5,801+,11.4,801+,8.7,801+,81.5,323,5.1,801+,72.7,279,8.3,601+,5.4,601+,8.6,701+,17.0,603,2.3,701+,4.1,701+,35.3,417,7,701+,42.6,345=
Universidade do Estado de Santa Catarina,Brazil,BR,,XL,CO,HI,4,A,,,1401+,1201-1400,,-,,,,,,,,,,,,,,,,,,,,,3.9,601+,1.3,601+,20.2,660,1.6,701+,,,,,1.0,701+,5.1,701+,1,701+
Universidade do Estado do Rio de Janeiro (UERJ),Brazil,BR,Americas,XL,FC,HI,4,Public,1201-1400,1201-1400,1201-1400,1001-1200,-,-,13.2,701+,6.5,701+,22.6,780,4.0,801+,4.8,801+,1.4,801+,1.3,801+,48.0,801+,22.6,680,31.8,801+,9.4,601+,4.0,601+,17.6,701+,2.6,701+,3.8,701+,1.2,701+,5.7,701+,7.6,701+,2.4,701+
Universidade Estadual de Campinas (Unicamp),Brazil,BR,Americas,XL,FC,VH,4,Public,233,232,=220,210=,52.1,42.7,81.7,91,50.9,247,22.1,788,37.2,500,15.1,801+,4.0,801+,8.7,801+,84.5,265,32.5,521,79.5,180=,70.3,90,50.1,169,13.0,701+,24.9,489,11.7,701+,2.9,701+,53.7,294,9.6,701+,74.8,177=
Universidade Estadual de Londrina,Brazil,BR,,L,FC,HI,4,A,,,1401+,1201-1400,,-,,,,,,,,,,,,,,,,,,,,,3.5,601+,2.5,601+,13.4,701+,3.5,701+,2.2,701+,1.3,701+,1.1,701+,3.8,701+,3.4,701+
"Universidade Estadual Paulista ""Júlio de Mesquita Filho"" (UNESP)",Brazil,,Americas,XL,FC,VH,,Public,450,489,,,34.3,,53.3,207,36.8,387,20.1,801+,22.2,683,7.4,801+,5.3,801+,10.1,801+,73.6,480,1.6,801+,58.5,534=,,,,,,,,,,,,,,,,,,
Universidade Federal da Bahia,Brazil,BR,Americas,XL,FC,HI,4,Public,1201-1400,1201-1400,1201-1400,1201-1400,-,-,13.5,701+,5.0,701+,11.8,801+,5.7,801+,6.9,801+,2.0,801+,1.8,801+,48.7,801+,20.6,715,41.4,801+,9.1,601+,2.4,601+,8.9,701+,3.1,701+,5.4,701+,1.5,701+,4.3,701+,8.1,701+,4.4,701+
Universidade Federal da Paraíba,Brazil,BR,,XL,CO,VH,4,A,,,1401+,1201-1400,,-,,,,,,,,,,,,,,,,,,,,,4.1,601+,2.7,601+,8.7,701+,3.1,701+,2.7,701+,1.1,701+,3.3,701+,3.8,701+,1.4,701+
Universidade Federal de Goiás,Brazil,BR,,XL,CO,VH,4,A,,,1401+,1201-1400,,-,,,,,,,,,,,,,,,,,,,,,3.6,601+,1.6,601+,7.1,701+,4.2,701+,3.7,701+,1.3,701+,1.5,701+,3.8,701+,1.4,701+
Universidade Federal de Juiz de Fora- (UFJF),Brazil,BR,,L,CO,HI,4,A,,,1201-1400,1001-1200,,-,,,,,,,,,,,,,,,,,,,,,3.6,601+,2.3,601+,31.4,501,3.0,701+,,,,,1.4,701+,3.8,701+,1,701+
Universidade Federal de Minas Gerais,Brazil,BR,Americas,XL,FC,VH,5,Public,595,671-680,691-700,701-750,28.4,-,45.4,257,16.9,701+,21.1,801+,11.8,801+,9.0,801+,2.5,801+,7.0,801+,67.6,574,50.9,335,48.2,751=,32.7,268,5.7,601+,12.4,701+,7.6,701+,7.1,701+,1.8,701+,24.7,501,25.6,322,13.7,627=
Universidade Federal de Pelotas ,Brazil,BR,,L,CO,VH,4,A,,,1201-1400,1001-1200,,-,,,,,,,,,,,,,,,,,,,,,5.1,601+,1.4,601+,27.0,559,5.0,701+,,,1.4,701+,1.2,701+,3.8,701+,1.1,701+
Universidade Federal de Pernambuco (UFPE),Brazil,BR,Americas,XL,FC,HI,4,Public,1201-1400,1001-1200,1001-1200,1001-1200,-,-,16.0,701+,4.4,701+,20.3,801+,7.6,801+,4.8,801+,1.4,801+,5.9,801+,58.3,713,6.8,801+,36.1,801+,12.4,601+,2.6,601+,17.6,701+,4.2,701+,1.7,701+,1.3,701+,10.0,669,4.6,701+,1.6,701+
Universidade Federal de Santa Catarina,Brazil,BR,Americas,L,FC,VH,4,Public,801-850,781-790,801-850,801-1000,-,-,26.1,485,8.3,701+,25.2,731,15.8,786,5.9,801+,4.0,801+,8.7,801+,64.4,631,23.7,659,65.2,393=,19.6,453,4.4,601+,19.0,695,8.0,701+,4.4,701+,2.0,701+,18.0,560,8.2,701+,57.4,263=
Universidade Federal de Santa Maria,Brazil,BR,Americas,L,FC,HI,4,Public,1201-1400,1201-1400,1201-1400,1201-1400,-,-,7.0,701+,2.2,701+,25.0,734,9.9,801+,2.9,801+,2.1,801+,6.5,801+,52.5,800,8.4,801+,55.7,582=,6.5,601+,1.6,601+,15.8,701+,5.2,701+,2.6,701+,1.2,701+,3.4,701+,9.6,701+,17.8,571=
Universidade Federal de São Carlos (UFSCar),Brazil,BR,,L,FC,VH,4,A,,,1001-1200,801-1000,,-,,,,,,,,,,,,,,,,,,,,,12.4,601+,5.1,601+,16.3,701+,16.1,615,2.8,701+,1.7,701+,6.5,701+,3.8,701+,4,701+
Universidade Federal de São Paulo,Brazil,BR,,L,FC,VH,4,A,,,731-740,441=,,-,,,,,,,,,,,,,,,,,,,,,11.4,601+,4.3,601+,97.0,52,6.3,701+,5.0,701+,1.5,701+,7.2,701+,4.7,701+,4.5,701+
Universidade Federal de São Paulo (UNIFESP),Brazil,,Americas,L,FC,VH,,Public,801-850,691-700,,,-,,14.1,701+,8.8,701+,97.9,59,10.4,801+,6.1,801+,2.2,801+,6.7,801+,49.5,801+,3.6,801+,61.8,460=,,,,,,,,,,,,,,,,,,
Universidade Federal de Uberlândia,Brazil,BR,Americas,L,FC,HI,3,Public,1401+,1401+,1401+,1201-1400,-,-,5.4,701+,2.6,701+,21.0,801+,6.0,801+,2.4,801+,1.8,801+,6.2,801+,32.8,801+,3.0,801+,42.5,801+,3.6,601+,1.9,601+,12.6,701+,3.5,701+,2.2,701+,1.3,701+,1.8,701+,3.8,701+,10.9,658=
Universidade Federal de Viçosa,Brazil,,Americas,L,FC,HI,,Public,1201-1400,1201-1400,,,-,,6.8,701+,4.3,701+,17.4,801+,16.2,780,3.4,801+,3.7,801+,8.1,801+,26.5,801+,5.7,801+,49.6,711=,,,,,,,,,,,,,,,,,,
Universidade Federal de Viçosa (UFV),Brazil,BR,,L,FC,HI,5,A,,,1201-1400,1201-1400,,-,,,,,,,,,,,,,,,,,,,,,5.0,601+,2.3,601+,13.3,701+,8.7,701+,2.9,701+,1.8,701+,1.1,701+,4.4,701+,1.8,701+
Universidade Federal do Ceará (UFC),Brazil,BR,Americas,XL,FC,HI,4,Public,1201-1400,1201-1400,1201-1400,1201-1400,-,-,11.3,701+,4.8,701+,7.9,801+,10.1,801+,1.5,801+,1.7,801+,6.1,801+,41.7,801+,8.0,801+,36.2,801+,7.3,601+,3.1,601+,7.7,701+,5.8,701+,1.4,701+,1.3,701+,3.2,701+,4.3,701+,24.8,490=
Universidade Federal do Estado do Rio de Janeiro - UNIRIO,Brazil,BR,,L,FC,MD,4,A,,,1401+,1201-1400,,-,,,,,,,,,,,,,,,,,,,,,3.2,601+,1.9,601+,10.0,701+,2.1,701+,,,,,1.0,701+,3.8,701+,1,701+
Universidade Federal do Paraná (UFPR),Brazil,BR,Americas,XL,FC,VH,5,Public,1001-1200,1001-1200,1001-1200,801-1000,-,-,19.4,637,8.7,701+,25.7,722,9.8,801+,3.9,801+,11.2,801+,8.5,801+,55.4,762,18.0,759,40.0,801+,13.0,601+,5.8,601+,18.8,699,5.5,701+,3.1,701+,4.0,701+,3.0,701+,5.9,701+,3.8,701+
Universidade Federal do Parà - UFPA,Brazil,BR,,XL,FC,HI,4,A,,,1401+,1201-1400,,-,,,,,,,,,,,,,,,,,,,,,3.4,601+,1.8,601+,6.7,701+,2.5,701+,2.8,701+,1.1,701+,1.9,701+,3.8,701+,6.4,701+
Universidade Federal do Rio de Janeiro,Brazil,BR,Americas,XL,FC,VH,5,Public,317,304,=371,333,43.9,29.9,73.0,123,36.2,395,18.2,801+,13.8,801+,10.3,801+,2.3,801+,6.5,801+,81.0,331,89.9,107,70.9,301=,60.1,119,17.0,509,15.4,701+,8.3,701+,7.9,701+,1.6,701+,51.7,302,36.8,203,23,514=
Universidade Federal do Rio Grande Do Norte,Brazil,BR,Americas,XL,FC,HI,4,Public,1401+,1201-1400,1401+,1201-1400,-,-,6.7,701+,1.6,701+,10.8,801+,7.0,801+,,,1.3,801+,5.8,801+,50.1,801+,1.4,801+,31.3,801+,4.6,601+,1.5,601+,8.6,701+,3.2,701+,,,,,5.6,701+,3.8,701+,1.4,701+
Universidade Federal do Rio Grande Do Sul,Brazil,BR,Americas,XL,FC,VH,5,Public,691,691-700,691-700,751-800,25.4,-,36.8,327,9.2,701+,20.0,801+,15.7,788,3.8,801+,2.4,801+,7.0,801+,80.5,344,32.3,525,63.9,425=,28.6,307,3.8,601+,10.9,701+,10.1,701+,2.2,701+,1.6,701+,36.0,412,9.5,701+,46.3,330
Universidade Federal Fluminense,Brazil,BR,Americas,XL,FC,HI,4,Public,1201-1400,1001-1200,1201-1400,1201-1400,-,-,12.5,701+,3.1,701+,17.4,801+,6.4,801+,8.8,801+,1.3,801+,5.8,801+,57.0,736,17.6,770,55.7,582=,10.0,601+,2.3,601+,11.7,701+,3.7,701+,5.3,701+,1.1,701+,10.1,668,7.6,701+,4.1,701+
Universidade Nova de Lisboa,Portugal,PT,Europe,L,FC,VH,4,Public,327,388,=400,369=,42.8,27.9,40.1,301,42.6,315,18.1,801+,37.6,498,27.2,620,77.7,236,79.8,207,84.1,273,59.4,275,66.9,363=,28.0,313,20.2,452,19.6,679,24.2,498,24.0,548,47.0,309,63.5,224,18.8,444,40.2,362=
Universidade Presbiteriana Mackenzie,Brazil,BR,Americas,M,CO,HI,4,Private not for Profit,1201-1400,1201-1400,1201-1400,1201-1400,-,-,5.8,701+,12.6,701+,19.5,801+,3.8,801+,2.3,801+,1.1,801+,5.6,801+,13.8,801+,56.4,295,18.1,801+,3.5,601+,7.6,601+,10.6,701+,1.9,701+,5.1,701+,1.0,701+,1.0,701+,37,200,1,701+
Universita' degli Studi della Tuscia,Italy,,Europe,M,FO,VH,,Public,851-900,901-950,,,-,,4.0,701+,1.8,701+,8.4,801+,67.2,234,19.3,722,28.5,607,32.8,580,40.5,801+,2.0,801+,36.7,801+,,,,,,,,,,,,,,,,,,
Universita' degli Studi di Ferrara,Italy,IT,Europe,L,FC,HI,5,Public,951-1000,851-900,851-900,801-1000,-,-,9.3,701+,4.7,701+,3.6,801+,47.3,399,3.8,801+,6.8,801+,12.3,801+,65.5,614,7.0,801+,54.2,619=,6.5,601+,2.4,601+,2.4,701+,38.6,360,2.5,701+,3.5,701+,26.8,484,8.4,701+,17.8,571=
"Universita' degli Studi di Napoli ""Parthenope""",Italy,,Europe,M,FO,VH,,Public,1001-1200,1001-1200,,,-,,5.6,701+,3.4,701+,4.2,801+,47.2,401,2.0,801+,4.2,801+,8.7,801+,33.3,801+,1.8,801+,41.2,801+,,,,,,,,,,,,,,,,,,
Universita' degli studi di Salerno,Italy,,Europe,L,FC,VH,,Public,801-850,801-850,,,-,,12.3,701+,6.1,701+,9.6,801+,46.9,404,4.4,801+,2.6,801+,7.4,801+,85.5,246,5.4,801+,58.4,536=,,,,,,,,,,,,,,,,,,
Universita' degli Studi di Urbino Carlo Bo,Italy,,Europe,L,FO,VH,,Public,1201-1400,,,,-,,6.8,701+,2.8,701+,3.0,801+,14.5,801+,22.6,680,9.1,801+,14.2,801+,28.5,801+,13.8,801+,27.3,801+,,,,,,,,,,,,,,,,,,
"Universita degli Studi ""G. D'Annunzio"" Chieti-Pescara",Italy,IT,Europe,L,FO,VH,4,Public,1001-1200,1001-1200,1001-1200,1201-1400,-,-,4.9,701+,3.0,701+,4.6,801+,45.9,407,5.1,801+,5.1,801+,4.0,801+,60.3,688,3.2,801+,29.6,801+,3.6,601+,1.5,601+,3.3,701+,25.3,481,4.1,701+,3.0,701+,5.5,701+,4.7,701+,1,701+
Universita' Politecnica delle Marche,Italy,IT,,M,FO,VH,4,A,,,721-730,801-1000,,-,,,,,,,,,,,,,,,,,,,,,6.0,601+,2.8,601+,11.0,701+,49.1,273,3.9,701+,4.8,701+,40.9,369,6.9,701+,6.5,701+
Universita' Politecnica delle Marche - UNIVPM,Italy,,Europe,M,FO,VH,,Public,801-850,751-760,,,-,,8.0,701+,5.2,701+,17.1,801+,55.3,326,8.6,801+,11.6,801+,17.5,801+,77.4,396,3.9,801+,57.3,555=,,,,,,,,,,,,,,,,,,
Universitas Airlangga,Indonesia,,Asia,XL,FC,VH,,Public,287,308,,,46.8,,52.2,213,88.3,78,69.6,235,2.5,801+,77.3,308,10.8,801+,16.7,801+,52.9,797,24.0,658,56.6,568=,,,,,,,,,,,,,,,,,,
Universitas Andalas,Indonesia,ID,Asia,XL,CO,HI,4,Public,1401+,1401+,1401+,1201-1400,-,-,13.4,701+,8.1,701+,13.9,801+,1.5,801+,14.4,801+,3.6,801+,7.8,801+,6.0,801+,5.1,801+,39.1,801+,6.9,601+,3.9,601+,4.9,701+,1.4,701+,2.1,701+,1.1,701+,1.0,701+,6.1,701+,1.1,701+
Universitas Brawijaya ,Indonesia,ID,,XL,FC,HI,4,A,,,801-850,801-1000,,-,,,,,,,,,,,,,,,,,,,,,17.2,519,34.5,284,10.5,701+,1.4,701+,6.2,701+,1.5,701+,1.1,701+,14,611,14.5,617=
Universitas Gadjah Mada,Indonesia,,Asia,XL,FC,VH,,Public,224,239,,,53.5,,70.2,134,84.7,93,65.4,265,3.0,801+,63.0,370,8.9,801+,14.6,801+,46.3,801+,75.9,177,66.0,381=,,,,,,,,,,,,,,,,,,
Universitas Hasanuddin,Indonesia,ID,,XL,FC,HI,4,A,,,1001-1200,1001-1200,,-,,,,,,,,,,,,,,,,,,,,,12.5,601+,9.5,601+,14.5,701+,1.3,701+,4.6,701+,1.2,701+,1.1,701+,10.2,701+,1.8,701+
UNIVERSITAS INDONESIA,Indonesia,ID,Asia,XL,FC,VH,4,Public,189,206,=237,248=,57,40.9,69.9,135,89.3,76,68.8,240,3.9,801+,86.6,249,10.9,801+,16.3,801+,59.6,701,87.2,124,60.9,486=,50.5,161,73.0,91,50.4,309,2.0,701+,75.8,249,4.8,701+,2.0,701+,58.7,103,42.3,351=
Universitas Islam Indonesia,Indonesia,ID,,L,CO,HI,4,B,,,1201-1400,,,-,,,,,,,,,,,,,,,,,,,,,10.4,601+,3.8,601+,2.0,701+,1.7,701+,2.3,701+,1.2,701+,1.0,701+,7.6,701+,1.8,701+
Universitas Kristen Petra,Indonesia,ID,,M,FO,HI,4,C,,,1401+,,,-,,,,,,,,,,,,,,,,,,,,,6.1,601+,4.2,601+,7.3,701+,1.6,701+,2.7,701+,1.4,701+,1.0,701+,8.1,701+,,
Universitas Muhammadiyah Surakarta,Indonesia,ID,,L,FO,HI,3,B,,,1401+,1201-1400,,-,,,,,,,,,,,,,,,,,,,,,5.3,601+,2.4,601+,7.8,701+,1.1,701+,6.5,701+,1.1,701+,1.0,701+,7.1,701+,1.4,701+
Universitas Muhammadiyah Yogyakarta,Indonesia,ID,,L,FO,HI,3,B,,,1201-1400,,,-,,,,,,,,,,,,,,,,,,,,,6.3,601+,2.5,601+,2.8,701+,1.4,701+,36.6,441,2.0,701+,1.0,701+,7.4,701+,1,701+
Universitas Muhammadiyah Yogyakarta (UMY),Indonesia,,Asia,L,FO,HI,,Private not for Profit,1201-1400,1201-1400,,,-,,10.9,701+,4.2,701+,4.8,801+,2.2,801+,82.5,275,3.9,801+,8.3,801+,8.3,801+,2.7,801+,37.9,801+,,,,,,,,,,,,,,,,,,
Universitas Negeri Padang,Indonesia,,Asia,XL,FO,HI,,Public,1401+,,,,-,,10.5,701+,2.5,701+,31.5,608,1.3,801+,17.7,753,2.1,801+,6.4,801+,6.4,801+,2.6,801+,39.2,801+,,,,,,,,,,,,,,,,,,
Universitas Negeri Yogyakarta,Indonesia,,Asia,L,CO,HI,,Public,1201-1400,1201-1400,,,-,,17.4,701+,6.7,701+,12.2,801+,2.0,801+,18.8,732,2.8,801+,7.2,801+,10.8,801+,2.8,801+,32.5,801+,,,,,,,,,,,,,,,,,,
Universitas Padjadjaran,Indonesia,ID,,XL,FO,VH,4,A,,,661-670,751-800,,-,,,,,,,,,,,,,,,,,,,,,16.8,525,34.0,287,36.6,433,1.4,701+,24.0,549,1.7,701+,1.2,701+,22,375,24.8,490=
Universitas Padjadjaran (UNPAD),Indonesia,,Asia,XL,FO,VH,,Public,515,596,,,31.5,,29.9,408,51.7,237,55.9,334,2.2,801+,54.3,417,4.4,801+,9.4,801+,31.8,801+,45.4,384,59.7,507=,,,,,,,,,,,,,,,,,,
Universitas Pendidikan Indonesia,Indonesia,ID,Asia,XL,CO,HI,4,Public,1201-1400,1201-1400,1201-1400,,-,-,17.4,701+,5.7,701+,16.2,801+,2.2,801+,17.6,757,2.5,801+,7.1,801+,20.0,801+,2.7,801+,43.1,801+,9.6,601+,3.1,601+,11.0,701+,1.4,701+,14.6,673,1.7,701+,1.0,701+,7.9,701+,3.4,701+
Universitas Sebelas Maret,Indonesia,ID,,XL,FC,HI,3,A,,,1001-1200,1001-1200,,-,,,,,,,,,,,,,,,,,,,,,10.7,601+,11.5,601+,13.6,701+,1.5,701+,10.3,701+,2.0,701+,1.0,701+,7.5,701+,7,701+
Universitas Sumatera Utara,Indonesia,ID,Asia,XL,FC,HI,4,Public,1001-1200,1201-1400,1201-1400,1201-1400,-,-,14.4,701+,13.4,701+,38.0,532,1.8,801+,14.1,801+,2.6,801+,7.0,801+,28.6,801+,7.4,801+,46.0,801+,7.6,601+,6.2,601+,21.0,646,1.3,701+,9.8,701+,2.4,701+,1.0,701+,9.2,701+,5.3,701+
Universitas Syiah Kuala,Indonesia,,Asia,L,FC,HI,,Public,1401+,,,,-,,8.6,701+,3.0,701+,18.1,801+,3.6,801+,3.1,801+,2.5,801+,6.8,801+,24.4,801+,2.6,801+,38.6,801+,,,,,,,,,,,,,,,,,,
Universitas Trisakti,Indonesia,,Asia,M,FO,VH,,Private not for Profit,1201-1400,,,,-,,14.3,701+,5.8,701+,29.0,649,1.5,801+,3.0,801+,1.3,801+,5.7,801+,4.1,801+,41.1,425,33.3,801+,,,,,,,,,,,,,,,,,,
Universitat Autònoma de Barcelona,Spain,ES,,XL,FC,VH,4,A,,,=149,178,,51.7,,,,,,,,,,,,,,,,,,,,,63.2,109,39.0,246,10.6,701+,70.6,145,18.0,615,17.4,582,84.2,123,13.7,623,94.6,60
Universitat Autónoma de Barcelona,Spain,,Europe,XL,FC,VH,,Public,172,175,,,59.2,,76.4,105,42.1,318,15.2,801+,76.2,170,26.5,632,27.2,625,33.3,572,93.7,105,30.4,546,90.3,61=,,,,,,,,,,,,,,,,,,
Universitat de Barcelona,Spain,ES,,XL,FC,VH,5,A,,,=164,184,,49.7,,,,,,,,,,,,,,,,,,,,,73.2,83,23.0,412,13.1,701+,41.8,325,21.8,574,28.5,437,97.8,23,39.8,180,98.1,23
Universitat de Lleida,Spain,ES,Europe,M,CO,VH,3,,1001-1200,1001-1200,1001-1200,,-,-,7.4,701+,3.7,701+,27.5,690,21.5,691,7.3,801+,16.2,795,22.3,724,56.4,747,5.2,801+,59.1,519,5.8,601+,1.9,601+,18.7,701+,13.1,676,2.9,701+,12.5,671,4.9,701+,7.9,701+,,
Universitat de Valencia,Spain,ES,Europe,XL,FC,VH,5,Public,430,445,485,571-580,35.7,23.8,49.7,227,17.2,701+,17.3,801+,31.0,575,2.7,801+,39.4,497,44.8,465,91.4,151,16.5,797,74.1,255=,33.9,255,7.3,601+,10.9,701+,22.4,523,2.3,701+,16.6,588,83.4,128,6.6,701+,31.6,425=
Universitat Jaume I,Spain,,Europe,L,CO,VH,,Public,1001-1200,,,,-,,7.7,701+,3.3,701+,20.8,801+,28.4,601,4.8,801+,24.1,671,30.2,612,51.1,801+,1.7,801+,59.6,509=,,,,,,,,,,,,,,,,,,
Universitat Politecnica de Valencia,Spain,,Europe,XL,CO,VH,,Public,422,436,,,36.2,,38.0,314,27.6,501,35.3,561,31.2,572,7.7,801+,41.5,479,46.9,443,85.8,240,22.4,689,79.5,180=,,,,,,,,,,,,,,,,,,
Universitat Politècnica de Catalunya,Spain,,Europe,L,CO,VH,,Public,392,371,,,38.2,,40.8,291,32.8,437,42.5,471,27.0,617,16.7,771,31.0,578,36.9,527,84.0,276,35.7,481,77.0,214=,,,,,,,,,,,,,,,,,,
Universitat Politècnica de Catalunya · BarcelonaTech (UPC),Spain,ES,,L,FO,VH,4,A,,,354,343=,,31.0,,,,,,,,,,,,,,,,,,,,,31.9,274,22.0,426,41.2,380,22.3,524,8.0,701+,21.2,532,72.8,183,15.1,556,73.3,186
Universitat Politècnica de València,Spain,ES,,L,CO,VH,4,A,,,=476,400=,,24.3,,,,,,,,,,,,,,,,,,,,,26.2,338,12.0,601+,47.0,332,19.6,561,4.3,701+,23.9,489,56.8,271,8.1,701+,28.1,467=
Universitat Pompeu Fabra,Spain,,Europe,M,FO,VH,,Public,265,265,,,49,,43.7,268,39.5,346,19.1,801+,70.6,212,84.7,260,40.0,487,45.5,456,75.8,422,23.0,671,66.4,371=,,,,,,,,,,,,,,,,,,
Universitat Pompeu Fabra (Barcelona),Spain,ES,,M,FO,VH,3,A,,,=310,233=,,33.8,,,,,,,,,,,,,,,,,,,,,30.9,282,22.8,417,13.1,701+,55.6,232,77.9,238,26.6,455,38.4,389,15.3,551,13.2,633
Universitat Ramon Llull,Spain,ES,Europe,L,CO,HI,3,Private not for Profit,436,466,621-630,651-700,35.2,-,17.5,701+,72.5,136,10.3,801+,15.5,797,80.4,295,68.0,290,71.1,261,31.3,801+,81.2,152,56.7,562=,10.4,601+,43.7,208,6.3,701+,8.5,701+,94.7,153,32.2,399,2.4,701+,15.6,535,1.4,701+
Universitat Rovira i Virgili,Spain,ES,,L,FC,HI,3,A,,,661-670,751-800,,-,,,,,,,,,,,,,,,,,,,,,6.7,601+,2.0,601+,16.6,701+,37.4,375,7.6,701+,22.5,507,38.6,386,7.5,701+,47.2,323=
Universitatea de Vest din Timisoara / West University of Timisoara,Romania,RO,,L,FO,HI,4,A,,,1201-1400,1201-1400,,-,,,,,,,,,,,,,,,,,,,,,9.6,601+,6.3,601+,4.8,701+,2.6,701+,1.6,701+,5.2,701+,1.1,701+,8.2,701+,1.1,701+
Universite libre de Bruxelles,Belgium,BE,,L,FC,VH,5,A,,,=189,210=,,46.8,,,,,,,,,,,,,,,,,,,,,34.4,249,38.9,247,3.3,701+,63.3,186,97.1,126,85.0,144,69.1,201,35.7,207,60.4,249=
Universiti Brunei Darussalam (UBD),Brunei,BN,,S,CO,VH,3,A,,,=387,256=,,28.3,,,,,,,,,,,,,,,,,,,,,21.0,420,5.5,601+,96.3,54,8.2,701+,100.0,47,65.1,231,2.3,701+,27.4,296,4,701+
Universiti Brunei Darussalam (UBD),Brunei Darussalam,,Asia,S,CO,VH,,Public,367,385,,,40.5,,29.9,406,20.5,643,94.2,82,22.5,679,100.0,70,43.5,463,42.1,492,53.0,796,58.2,283,52.4,655,,,,,,,,,,,,,,,,,,
Universiti Kebangsaan Malaysia (UKM),Malaysia,MY,Asia,L,FC,VH,4,Public,126,138,=159,129=,65.2,50.2,76.2,106,76.4,119,78.7,174,30.1,587,50.1,439,94.7,129,94.0,114,86.1,235,35.5,485,74.7,243=,59.7,121,70.1,103,87.5,95,11.7,701+,52.7,347,61.1,242,56.7,272,11.2,701+,24.4,497=
Universiti Kuala Lumpur (UniKL),Malaysia,MY,Asia,L,FC,HI,2,Private for Profit,1201-1400,1201-1400,1001-1200,1001-1200,-,-,9.9,701+,10.8,701+,33.8,579,4.1,801+,7.1,801+,5.0,801+,9.8,801+,18.1,801+,5.1,801+,23.2,801+,6.4,601+,9.9,601+,33.6,475,2.1,701+,8.0,701+,3.8,701+,1.1,701+,9.8,701+,1.1,701+
Universiti Malaya (UM),Malaysia,MY,Asia,L,FC,VH,4,Public,58,60,=65,70,80.1,68.7,92.3,58,96.7,40,74.2,205,47.4,398,69.2,338,86.8,188,87.3,159,92.9,127,77.7,167,84.7,115=,81.2,68,96.0,34,71.6,178,32.7,416,52.8,346,58.9,254,79.3,148,28.1,286,93.4,68
Universiti Malaysia Kelantan,Malaysia,,Asia,M,CO,VH,,Public,1201-1400,,,,-,,9.5,701+,3.6,701+,7.1,801+,10.6,801+,17.0,768,14.2,801+,16.4,801+,25.5,801+,5.1,801+,47.9,763=,,,,,,,,,,,,,,,,,,
Universiti Malaysia Pahang,Malaysia,MY,,M,SP,,2,A,,,781-790,801-1000,,-,,,,,,,,,,,,,,,,,,,,,10.1,601+,7.1,601+,15.2,701+,28.3,450,23.6,558,9.7,701+,5.9,701+,9.9,701+,28.4,463=
Universiti Malaysia Pahang Al-Sultan Abdullah (UMPSA),Malaysia,,Asia,M,FO,VH,,Public,609,741-750,,,27.9,,17.2,701+,9.9,701+,23.6,760,57.9,300,32.1,561,19.0,746,21.1,747,61.6,668,5.2,801+,51.4,675=,,,,,,,,,,,,,,,,,,
Universiti Malaysia Perlis,Malaysia,MY,,M,FO,VH,2,A,,,1001-1200,801-1000,,-,,,,,,,,,,,,,,,,,,,,,7.3,601+,5.5,601+,24.1,590,7.5,701+,2.0,701+,4.0,701+,1.6,701+,9,701+,15.6,601=
Universiti Malaysia Perlis (UniMAP),Malaysia,,Asia,M,FO,VH,,Public,1001-1200,1201-1400,,,-,,10.7,701+,9.1,701+,29.8,636,13.7,801+,1.8,801+,4.9,801+,9.1,801+,47.9,801+,5.2,801+,43.1,801+,,,,,,,,,,,,,,,,,,
Universiti Malaysia Sabah (UMS),Malaysia,MY,,L,FC,HI,3,A,,,1001-1200,1001-1200,,-,,,,,,,,,,,,,,,,,,,,,13.6,601+,10.0,601+,7.8,701+,3.3,701+,9.8,701+,4.0,701+,1.7,701+,9.6,701+,2,701+
Universiti Malaysia Sarawak (UNIMAS),Malaysia,MY,Asia,M,FC,HI,3,Public,1001-1200,1001-1200,1001-1200,1001-1200,-,-,20.1,612,14.4,701+,17.3,801+,6.8,801+,43.9,472,19.7,732,23.0,719,35.9,801+,5.0,801+,42.6,801+,12.6,601+,8.7,601+,11.9,701+,3.0,701+,37.3,433,8.7,701+,1.3,701+,8.9,701+,1.2,701+
Universiti Malaysia Terengganu (UMT),Malaysia,MY,Asia,M,CO,VH,2,Public,801-850,1001-1200,1001-1200,1001-1200,-,-,16.7,701+,8.2,701+,18.6,801+,28.9,596,23.6,668,30.3,588,31.7,592,58.9,709,5.0,801+,58.2,543=,10.0,601+,4.6,601+,10.8,701+,9.3,701+,12.9,701+,6.7,701+,7.4,701+,8.6,701+,23.7,506=
Universiti Pendidikan Sultan Idris (UPSI),Malaysia,MY,Asia,M,FO,VH,3,Public,851-900,951-1000,951-1000,801-1000,-,-,17.0,701+,18.5,696,39.1,519,5.5,801+,45.3,466,63.4,318,56.9,359,23.0,801+,5.2,801+,42.5,801+,11.9,601+,11.0,601+,25.0,584,2.5,701+,21.0,583,28.7,433,1.1,701+,9.6,701+,6.6,701+
Universiti Putra Malaysia (UPM),Malaysia,MY,Asia,L,FC,VH,4,Public,134,148,158,123,64.1,50.4,75.7,108,73.4,133,66.8,258,38.3,487,45.2,467,98.4,84,98.5,71,86.8,221,23.2,666,68.9,331=,58.8,129,67.5,113,67.6,194,22.7,519,44.3,381,97.3,72,45.4,341,9.7,701+,23.2,511=
Universiti Sains Islam Malaysia,Malaysia,MY,,M,CO,HI,3,A,,,1201-1400,,,-,,,,,,,,,,,,,,,,,,,,,6.0,601+,2.9,601+,9.2,701+,1.9,701+,9.0,701+,6.7,701+,1.0,701+,4.2,701+,1,701+
Universiti Sains Malaysia (USM),Malaysia,MY,Asia,L,FC,VH,4,Public,134,146,=137,143=,64.1,52.6,77.6,104,79.8,104,47.6,410,38.4,486,34.7,539,99.3,57,99.3,48,92.5,137,29.1,568,74.5,249,61.4,115,74.7,86,55.2,273,16.2,613,24.9,538,88.9,124,59.6,246,18.2,462,85.5,116
Universiti Sultan Zainal Abidin,Malaysia,,Asia,M,CO,VH,,Public,1401+,,,,-,,8.0,701+,2.8,701+,13.8,801+,5.4,801+,19.5,721,9.9,801+,13.6,801+,28.1,801+,5.1,801+,16.9,801+,,,,,,,,,,,,,,,,,,
Universiti Teknikal Malaysia Melaka,Malaysia,MY,,M,FO,VH,2,A,,,1201-1400,,,-,,,,,,,,,,,,,,,,,,,,,6.0,601+,6.2,601+,9.8,701+,5.4,701+,3.5,701+,5.7,701+,1.2,701+,9.2,701+,4.3,701+
Universiti Teknikal Malaysia Melaka (UTeM),Malaysia,,Asia,M,SP,VH,,Public,1201-1400,1201-1400,,,-,,10.3,701+,11.2,701+,18.0,801+,11.4,801+,5.4,801+,10.7,801+,13.9,801+,34.7,801+,5.2,801+,36.4,801+,,,,,,,,,,,,,,,,,,
Universiti Teknologi Brunei,Brunei,BN,,S,FO,VH,3,A,,,525,340=,,22.4,,,,,,,,,,,,,,,,,,,,,13.7,601+,3.9,601+,90.3,86,8.6,701+,100.0,46,5.5,701+,1.0,701+,34.2,226,1,701+
Universiti Teknologi Brunei,Brunei Darussalam,,Asia,S,FO,VH,,Public,578,562,,,29,,20.2,609,13.1,701+,86.5,123,22.7,673,100.0,62,7.7,801+,11.5,801+,20.7,801+,16.6,794,34.7,801+,,,,,,,,,,,,,,,,,,
Universiti Teknologi Malaysia ,Malaysia,MY,,L,CO,VH,3,A,,,188,203=,,46.9,,,,,,,,,,,,,,,,,,,,,46.6,175,63.8,124,42.5,371,33.9,403,16.0,651,85.2,141,58.6,257,13.6,631,66.8,217=
Universiti Teknologi Malaysia (UTM),Malaysia,,Asia,L,CO,VH,,Public,153,181,,,61.6,,64.0,158,72.1,139,58.8,309,57.8,302,15.5,797,91.4,155,92.1,132,90.6,167,19.9,730,69.2,326=,,,,,,,,,,,,,,,,,,
Universiti Teknologi MARA - UiTM,Malaysia,MY,Asia,XL,FC,VH,2,Public,542,587,555,651-700,30.3,21.2,44.5,267,48.8,265,26.3,709,5.6,801+,2.5,801+,3.4,801+,7.7,801+,74.3,458,4.9,801+,55.4,593=,28.9,303,47.6,184,15.8,701+,2.8,701+,1.9,701+,2.1,701+,24.3,504,8.7,701+,31,432=
Universiti Teknologi Petronas (UTP),Malaysia,MY,Asia,S,SP,VH,3,Private not for Profit,251,269,=307,361,50.2,33.9,29.7,415,41.0,332,44.6,442,95.0,70,87.0,245,29.5,596,30.7,608,72.1,498,5.2,801+,50.0,704,18.2,491,31.6,313,34.6,463,65.7,167,85.2,207,18.5,567,24.2,505,9.9,701+,2.9,701+
Universiti Tenaga Nasional (UNITEN),Malaysia,MY,Asia,S,SP,VH,3,Private for Profit,551,641-650,761-770,701-750,29.9,-,9.5,701+,19.9,660,76.6,187,34.1,535,34.7,537,70.5,274,65.6,299,55.7,754,5.3,801+,48.7,737=,7.3,601+,13.8,588,49.1,317,14.6,644,5.7,701+,50.2,291,3.0,701+,10.4,701+,1.8,701+
Universiti Tun Hussein Onn University of Malaysia (UTHM),Malaysia,MY,Asia,L,CO,VH,2,Public,1001-1200,1001-1200,1001-1200,1001-1200,-,-,14.5,701+,12.2,701+,11.7,801+,18.6,744,6.8,801+,12.0,801+,15.0,801+,45.8,801+,5.0,801+,49.7,708=,9.1,601+,7.0,601+,9.6,701+,7.7,701+,8.0,701+,7.0,701+,5.0,701+,9.4,701+,11.3,654
Universiti Tunku Abdul Rahman (UTAR),Malaysia,MY,Asia,M,FC,HI,2,Private not for Profit,791-800,801-850,801-850,801-1000,-,-,19.4,636,43.9,304,19.2,801+,13.4,801+,15.8,784,8.0,801+,11.9,801+,51.7,801+,5.1,801+,57.7,548,12.9,601+,36.4,269,11.1,701+,5.1,701+,8.4,701+,3.3,701+,2.1,701+,9.7,701+,30.7,438=
Universiti Utara Malaysia (UUM),Malaysia,MY,Asia,M,CO,VH,3,Public,491,554,=538,481=,32.6,21.9,31.2,393,39.2,349,48.0,404,12.7,801+,25.6,638,86.9,186,84.0,177,42.4,801+,16.4,799,49.5,715=,20.6,423,28.0,345,40.4,389,7.1,701+,18.8,603,79.8,164,3.4,701+,9.7,701+,10.6,661=
University at Albany SUNY,United States,US,Americas,L,CO,VH,5,Public,901-950,851-900,771-780,801-1000,-,-,10.1,701+,9.7,701+,7.3,801+,44.1,427,5.3,801+,10.1,801+,7.8,801+,63.2,647,12.8,801+,47.4,776=,8.6,601+,4.5,601+,5.3,701+,41.8,324,4.2,701+,6.0,701+,23.2,518,9.4,701+,23.9,504=
University at Buffalo SUNY,United States,US,Americas,L,FC,VH,5,Public,410,466,=491,425=,36.7,23.5,26.3,482,19.1,683,10.7,801+,53.0,354,51.5,430,52.5,393,57.0,358,74.1,462,43.7,405,82.7,138=,18.0,499,8.3,601+,7.8,701+,37.2,378,42.8,389,33.3,390,23.3,516,24.6,340,50.6,305=
University College Cork,Ireland,IE,Europe,L,FC,VH,5,Public,246,273,=292,303,50.7,35.7,43.4,270,48.1,269,22.5,782,52.7,357,86.2,253,75.0,255,77.4,224,68.8,551,49.5,351,83.8,127=,28.4,309,36.3,270,29.4,528,21.6,534,94.8,152,47.1,308,25.1,496,23.5,360,96.1,46
University College Dublin,Ireland,IE,Europe,L,FC,VH,5,Public,118,126,=171,181=,66,48.8,66.5,149,57.6,204,19.7,801+,62.0,272,99.5,112,89.6,170,90.5,144,89.0,188,92.2,88,91.7,49=,49.8,162,41.3,226,20.7,652,38.9,354,98.8,101,60.8,245,50.5,309,69,75,70.1,204=
University Complutense Madrid,Spain,,Europe,XL,FC,VH,,Public,187,164,,,57.1,,78.5,101,73.9,131,41.6,486,12.8,801+,18.2,736,32.9,561,38.7,511,92.7,132,97.3,53,80.4,163=,,,,,,,,,,,,,,,,,,
University Duesseldorf,Germany,DE,,XL,FC,HI,4,A,,,801-850,751-800,,-,,,,,,,,,,,,,,,,,,,,,12.9,601+,7.6,601+,41.1,382,7.5,701+,,,15.7,604,30.9,454,9.5,701+,1.7,701+
University of Aberdeen,United Kingdom,UK,Europe,M,FC,VH,5,A,262,236,208,220=,49.3,44.6,40.1,299,34.8,413,44.9,437,42.9,442,95.8,168,87.2,185,88.3,155,89.7,176,30.0,549,87.8,83=,29.6,292,32.5,302,29.6,525,42.1,322,95.8,144,96.7,77,73.3,180,20.5,408,98.1,21
"University of Agriculture, Faisalabad",Pakistan,PK,Asia,XL,CO,VH,4,Public,654,681-690,741-750,1001-1200,26.6,-,7.3,701+,14.6,701+,2.2,801+,83.4,133,2.6,801+,1.2,801+,5.6,801+,75.3,436,3.1,801+,48.4,746=,5.8,601+,11.9,601+,1.6,701+,49.5,268,3.2,701+,1.1,701+,19.1,549,5.7,701+,21.6,528=
University of Alabama,United States,,Americas,XL,CO,VH,,Public,901-950,951-1000,,,-,,12.1,701+,29.6,482,8.0,801+,18.8,736,7.1,801+,4.4,801+,3.5,801+,59.7,698,29.4,557,53.1,644=,,,,,,,,,,,,,,,,,,
"University of Alabama, Birmingham",United States,US,Americas,L,FC,VH,4,Public,1001-1200,901-950,901-950,651-700,-,-,7.3,701+,4.6,701+,62.6,283,24.1,653,,,,,,,57.2,732,5.0,801+,35.6,801+,6.7,601+,4.3,601+,49.4,316,18.0,584,,,,,8.9,701+,7.3,701+,,
University of Alaska Fairbanks,United States,US,Americas,S,CO,VH,,Public,901-950,801-850,781-790,467=,-,-,3.4,701+,3.5,701+,99.7,33,19.9,713,6.3,801+,5.5,801+,4.3,801+,40.4,801+,5.9,801+,37.9,801+,3.1,601+,3.2,601+,99.6,30,13.4,670,6.7,701+,3.1,701+,4.6,701+,8.4,701+,,
University of Alberta,Canada,CA,Americas,XL,FC,VH,5,Public,94,96,111,110,70.1,58.3,70.9,133,53.0,230,44.6,443,71.5,204,99.4,119,78.6,229,80.6,199,94.5,90,77.1,169,90.7,58,56.8,135,36.5,266,42.8,370,59.1,213,97.9,116,73.2,193,92.1,68,46,152,76.1,170
University of Alicante,Spain,ES,,L,FC,VH,3,A,,,801-850,801-1000,,-,,,,,,,,,,,,,,,,,,,,,13.4,601+,6.2,601+,22.9,620,8.0,701+,4.6,701+,14.0,640,41.8,365,5.5,701+,29.9,449=
University of Amsterdam,Netherlands,NL,,XL,FC,VH,5,A,,,53,58,,73.4,,,,,,,,,,,,,,,,,,,,,83.6,62,44.2,203,21.2,641,98.1,33,92.4,168,79.9,163,97.4,28,49.9,133,64.8,226=
University of Anbar,Iraq,,Asia,L,CO,HI,,Public,1001-1200,,,,-,,25.3,507,15.4,701+,27.2,695,3.0,801+,3.5,801+,1.8,801+,6.3,801+,25.9,801+,5.6,801+,31.7,801+,,,,,,,,,,,,,,,,,,
University of Antwerp,Belgium,BE,Europe,L,FC,VH,2,Public,280,267,=248,280,47.4,39.6,35.0,343,18.8,690,42.8,465,57.7,303,96.4,162,45.5,444,50.5,411,95.2,79,60.3,270,80.6,162,23.7,362,11.8,601+,45.3,349,49.2,272,90.9,177,32.3,397,90.0,81,29.6,268,80.4,146=
University of Arizona,United States,,Americas,XL,FC,VH,,Public,287,293,,,46.8,,49.3,231,40.4,336,42.8,463,47.4,397,25.4,643,15.2,801+,21.2,746,93.5,116,54.1,311,66.9,363=,,,,,,,,,,,,,,,,,,
University of Arkansas Fayetteville,United States,US,Americas,L,CO,VH,5,Public,1001-1200,1001-1200,1001-1200,1001-1200,-,-,8.4,701+,7.4,701+,7.8,801+,19.0,732,9.2,801+,4.4,801+,3.5,801+,67.8,570,34.4,496,45.1,801+,6.8,601+,4.3,601+,6.6,701+,11.9,701+,5.1,701+,3.2,701+,7.1,701+,15.7,531,6.2,701+
University of Aveiro,Portugal,PT,Europe,L,CO,VH,4,Public,419,359,344,501-510,36.4,31.6,18.6,658,15.5,701+,13.1,801+,94.7,73,5.2,801+,24.8,667,30.9,605,85.5,245,3.3,801+,64.7,405=,13.4,601+,6.6,601+,13.8,701+,84.3,98,4.3,701+,13.5,651,72.3,188,6.7,701+,69.3,210=
University of Babylon,Iraq,IQ,Asia,L,FC,HI,3,Public,1201-1400,1201-1400,1201-1400,1201-1400,-,-,7.7,701+,25.9,524,19.6,801+,3.7,801+,1.3,801+,1.2,801+,1.1,801+,36.6,801+,5.8,801+,29.8,801+,3.6,601+,6.3,601+,13.2,701+,1.9,701+,1.1,701+,1.0,701+,1.6,701+,9.7,701+,2.6,701+
University of Baghdad,Iraq,IQ,Asia,XL,FC,VH,4,Public,741-750,801-850,951-1000,801-1000,-,-,18.1,675,41.2,330,31.1,614,2.5,801+,2.8,801+,1.2,801+,1.1,801+,69.0,545,85.6,134,43.4,801+,9.5,601+,11.4,601+,30.9,507,1.5,701+,1.8,701+,1.1,701+,14.1,612,31.4,243,14.2,621=
University of Bahrain,Bahrain,BH,Asia,L,CO,HI,3,Public,951-1000,951-1000,951-1000,801-1000,-,-,14.3,701+,15.1,701+,8.1,801+,5.0,801+,94.1,191,10.5,801+,14.0,801+,38.7,801+,55.5,299,28.9,801+,10.7,601+,7.6,601+,7.3,701+,2.1,701+,87.6,196,11.4,684,1.3,701+,6.8,701+,3,701+
University of Balamand,Lebanon,LB,Asia,M,CO,HI,3,Private not for Profit,1001-1200,,801-850,531-540,-,-,8.0,701+,21.2,622,49.8,386,3.6,801+,20.5,704,26.9,633,31.2,599,14.4,801+,3.8,801+,33.6,801+,4.9,601+,13.0,601+,83.8,115,2.0,701+,12.6,701+,21.8,520,1.0,701+,8.2,701+,1,701+
University of Barcelona,Spain,,Europe,XL,FC,VH,,Public,160,165,,,61,,84.9,81,48.9,262,19.0,801+,47.8,391,39.9,501,40.8,484,46.2,451,96.4,50,77.0,170,84.7,115=,,,,,,,,,,,,,,,,,,
University of Bari,Italy,IT,Europe,XL,FO,VH,4,Public,801-850,801-850,741-750,801-1000,-,-,16.8,701+,5.3,701+,7.4,801+,43.1,437,6.9,801+,4.0,801+,9.1,801+,80.7,338,12.2,801+,56.3,573=,12.8,601+,2.9,601+,4.2,701+,27.8,452,5.0,701+,2.2,701+,64.5,219,6.8,701+,37.5,382=
University of Basel,Switzerland,CH,Europe,M,FC,VH,5,Public,158,131,=124,136,61.3,55.0,34.0,357,20.7,639,70.2,229,94.2,80,100.0,47,91.4,156,68.0,284,90.4,170,74.9,183,88.4,74=,27.8,314,17.8,494,57.4,253,96.5,44,100.0,34,85.0,143,74.4,175,41.1,179,70.4,201=
University of Basrah,Iraq,IQ,Asia,XL,FC,HI,4,Public,1201-1400,1201-1400,1201-1400,1201-1400,-,-,9.1,701+,26.6,514,18.7,801+,2.2,801+,,,1.0,801+,1.0,801+,34.7,801+,14.2,801+,20.0,801+,4.4,601+,6.0,601+,15.9,701+,1.4,701+,1.3,701+,1.1,701+,1.4,701+,9.3,701+,1,701+
University of Bath,United Kingdom,UK,Europe,L,CO,VH,4,Public,132,150,148,179=,64.2,51.8,48.9,233,81.6,100,20.5,801+,75.9,173,95.6,170,86.8,187,88.0,156,85.3,250,50.7,337,83.8,127=,35.6,244,74.3,88,16.1,701+,61.9,196,96.3,136,81.6,155,59.3,251,26.5,310,48.4,316=
University of Bayreuth,Germany,DE,,M,CO,VH,3,A,,,=509,511-520,,22.9,,,,,,,,,,,,,,,,,,,,,10.3,601+,19.3,467,46.4,338,27.0,464,50.1,357,21.9,515,40.2,374,12.1,701+,15.4,603=
University of Belgrade,Serbia,RS,Europe,XL,FC,VH,5,Public,761-770,731-740,721-730,1001-1200,-,-,23.6,536,14.0,701+,6.5,801+,10.1,801+,3.6,801+,7.4,801+,5.8,801+,94.5,91,98.4,36,52.1,661=,17.8,501,5.2,601+,4.3,701+,5.3,701+,2.9,701+,4.3,701+,95.4,50,56.7,110,16.1,592=
University of Bergen,Norway,NO,Europe,L,FC,VH,3,Public,287,291,=281,207,46.8,36.6,40.5,297,13.7,701+,67.2,254,42.5,446,96.9,150,37.9,516,43.5,477,91.0,159,69.5,217,65.1,397,32.7,269,5.4,601+,67.1,197,31.2,426,92.3,171,14.3,635,69.3,200,23.6,358,57.7,259=
University of Bern,Switzerland,CH,Europe,M,FC,VH,5,Public,184,161,=126,120,57.5,54.8,38.0,313,26.0,520,49.0,394,99.3,32,100.0,58,52.9,389,57.4,356,95.5,69,37.2,466,68.9,331=,30.5,284,24.4,396,54.6,280,99.2,17,100.0,42,36.9,369,89.1,89,26.1,313,73.6,182=
University of Bialystok,Poland,PL,,M,FO,VH,3,A,,,1201-1400,1001-1200,,-,,,,,,,,,,,,,,,,,,,,,5.8,601+,3.1,601+,28.1,544,2.5,701+,,,5.2,701+,1.5,701+,6.1,701+,1,701+
University of Birmingham,United Kingdom,UK,Europe,XL,FC,VH,5,Public,76,80,84,91,73.8,63.0,81.1,95,75.7,122,49.9,385,56.1,316,96.7,154,93.4,139,93.9,115,96.3,54,54.7,305,92.8,38,67.5,99,75.7,81,41.3,379,38.2,364,92.3,169,83.9,148,96.0,41,29.5,270,80.4,146=
University of Bordeaux,France,FR,,XL,FO,VH,5,A,,,=465,521-530,,24.7,,,,,,,,,,,,,,,,,,,,,30.2,289,5.3,601+,14.4,701+,21.4,537,25.6,527,19.5,554,91.2,74,11.9,701+,35.8,393=
University of Bradford,United Kingdom,UK,Europe,M,CO,VH,4,Public,511,531,641-650,701-750,31.6,-,14.0,701+,11.2,701+,9.3,801+,40.3,465,75.0,316,99.2,66,99.2,56,70.5,519,41.5,421,70.4,311=,8.7,601+,7.3,601+,8.2,701+,18.1,582,63.8,301,93.2,99,20.1,543,21.6,384,3.4,701+
University of Brawijaya,Indonesia,,Asia,XL,FC,HI,,Public,680,801-850,,,25.9,,30.1,404,55.3,218,20.4,801+,1.9,801+,35.9,531,2.7,801+,6.9,801+,27.3,801+,29.1,567,53.3,636=,,,,,,,,,,,,,,,,,,
University of Brescia,Italy,IT,Europe,M,FO,VH,3,Public,650,691-700,791-800,801-1000,26.7,-,7.3,701+,4.1,701+,8.7,801+,85.0,124,2.0,801+,8.5,801+,14.2,801+,58.8,710,11.6,801+,63.9,425=,3.9,601+,2.1,601+,6.8,701+,50.4,261,2.6,701+,6.9,701+,9.0,698,8.8,701+,24.8,490=
University of Brighton,United Kingdom,UK,Europe,L,FO,VH,3,Public,801-850,801-850,771-780,801-1000,-,-,9.6,701+,9.7,701+,12.4,801+,24.9,642,64.9,359,68.1,289,71.2,260,73.1,486,11.5,801+,39.1,801+,8.4,601+,7.0,601+,8.9,701+,15.8,622,56.2,330,54.2,270,27.6,473,11.2,701+,9.1,687
University of Bristol,United Kingdom,UK,Europe,XL,FC,VH,5,Public,51,54,55,61=,82.5,72.4,87.3,73,89.4,75,36.7,546,83.2,135,90.7,219,95.7,118,96.0,100,95.3,74,63.1,248,97.0,12=,74.9,78,84.7,60,47.3,331,64.7,179,85.5,205,86.8,136,84.4,122,39.6,181,81.3,141
University of British Columbia,Canada,CA,Americas,XL,FC,VH,5,Public,40,38,=34,47,85.5,81.5,99.6,23,96.5,41,34.7,568,70.9,210,98.5,135,79.8,222,81.7,191,96.6,48,84.9,135,98.5,5=,98.2,24,93.5,43,44.4,354,57.0,227,96.4,134,74.1,189,96.3,37,60.1,99,99.9,3=
University of Bucharest,Romania,RO,Europe,XL,CO,VH,5,Public,761-770,801-850,851-900,1001-1200,-,-,21.1,590,35.9,400,9.0,801+,8.3,801+,3.5,801+,4.8,801+,10.0,801+,72.3,495,67.9,226,60.8,491=,15.5,564,13.8,586,6.5,701+,4.2,701+,2.8,701+,1.9,701+,28.7,465,34.7,222,27.8,469=
University of Calabria,Italy,IT,,L,CO,VH,4,A,,,951-1000,1001-1200,,-,,,,,,,,,,,,,,,,,,,,,5.7,601+,2.0,601+,3.9,701+,25.7,473,6.2,701+,5.7,701+,49.6,316,4.7,701+,3.3,701+
University of Calcutta,India,IN,Asia,L,CO,VH,5,Public,771-780,751-760,801-850,801-1000,-,-,19.7,628,11.1,701+,7.7,801+,33.9,538,31.3,574,1.3,801+,5.7,801+,57.0,735,61.6,253,34.4,801+,15.7,557,4.3,601+,5.6,701+,20.3,554,25.9,524,1.1,701+,3.2,701+,38.8,186,1.9,701+
University of Calgary,Canada,CA,Americas,XL,FC,VH,4,Public,211,198,182,242,54.7,47.9,47.6,245,50.5,249,24.4,746,54.6,332,87.4,239,76.9,243,79.1,216,86.2,233,61.5,255,86.0,100,37.7,229,61.2,129,19.9,668,41.5,330,82.8,222,62.0,241,62.3,232,38.6,188,91.5,82
"University of California, Berkeley (UCB)",United States,US,Americas,XL,FC,VH,5,Public,17,12,10,27,91.2,90.4,100.0,6,100.0,6,29.4,643,97.2,53,95.6,172,70.6,273,52.6,392,96.7,47,99.8,17,98.8,3=,100.0,6,100.0,6,20.5,656,99.9,7,92.2,172,63.9,235,92.4,66,98.7,15,100,1
"University of California, Davis",United States,US,Americas,XL,FC,VH,5,Public,114,130,=132,102=,66.3,53.2,72.7,125,70.1,146,28.3,675,66.5,237,86.5,250,61.9,327,65.6,298,90.8,165,38.0,457,79.8,174,63.9,107,44.7,199,30.4,518,40.7,338,70.3,276,49.3,301,77.8,159,19,439,98.9,16
"University of California, Irvine",United States,US,Americas,XL,FC,VH,4,Public,293,307,=268,235=,46.1,37.5,46.6,249,37.1,381,26.8,701,53.1,351,39.5,503,64.2,310,52.3,394,81.9,313,28.0,596,64.9,403=,37.6,230,16.6,517,14.6,701+,50.3,263,56.9,325,49.6,299,65.3,214,11.4,701+,58.6,255=
"University of California, Los Angeles (UCLA)",United States,US,Americas,XL,FC,VH,5,Public,46,42,29,44,84.4,83.8,100.0,8,100.0,8,43.6,456,84.3,127,50.8,437,31.8,571,37.7,521,93.5,117,98.0,46,78.0,195=,100.0,8,99.8,8,36.6,435,84.8,96,43.4,386,24.8,477,89.8,86,97,20,91.2,86
"University of California, Riverside",United States,US,Americas,L,FC,VH,4,Public,440,497,=404,453,34.9,27.6,21.4,577,21.1,623,10.0,801+,64.2,254,80.9,290,30.4,587,36.3,530,75.4,433,7.0,801+,55.6,589=,17.5,505,7.0,601+,6.7,701+,59.9,207,63.0,307,9.1,701+,45.1,346,10,701+,46.6,327=
"University of California, San Diego (UCSD)",United States,US,Americas,XL,FC,VH,4,Public,66,72,62,53,76.9,70.0,94.0,49,80.2,103,54.4,347,80.3,155,43.8,473,47.0,431,52.0,400,94.0,99,40.8,430,72.3,286=,89.1,47,50.4,167,49.6,313,74.3,130,68.1,285,51.3,282,94.9,55,17.7,471,72.5,189=
"University of California, Santa Barbara (UCSB)",United States,US,Americas,L,CO,VH,5,Public,179,178,163,149,58.7,50.0,65.3,154,32.4,442,9.3,801+,99.0,38,81.3,286,27.5,620,20.6,753,75.4,434,25.6,628,65.2,393=,54.8,142,19.0,470,9.5,701+,96.9,41,70.4,274,21.6,522,43.5,352,10.4,701+,55.8,271=
"University of California, Santa Cruz",United States,US,Americas,L,CO,VH,4,Public,458,393,=332,375=,34,32.5,24.7,517,13.6,701+,10.0,801+,62.4,268,71.4,331,10.0,801+,15.7,801+,62.2,662,14.3,801+,84.3,122,18.4,487,4.9,601+,7.2,701+,79.6,111,63.6,304,8.9,701+,19.3,547,10.7,701+,89.1,95=
University of Cambridge,United Kingdom,UK,Europe,L,FC,VH,5,Public,6,5,2,2,97.2,99.2,100.0,3,100.0,5,100.0,23,88.6,107,100.0,80,93.1,144,93.6,120,99.2,12,100.0,5,78.4,194,100.0,3,100.0,4,100.0,14,92.3,68,100.0,64,95.8,85,99.9,7,100,6,97.3,33=
University of Canberra,Australia,AU,Oceania,M,CO,VH,3,Public,494,403,=421,511-520,32.5,26.7,18.2,670,11.9,701+,3.4,801+,50.8,370,82.8,274,83.1,205,84.6,173,66.7,593,10.9,801+,73.2,271=,13.7,601+,7.3,601+,2.3,701+,51.7,251,87.0,199,58.9,255,8.9,700,9.8,701+,55.2,275=
University of Canterbury,New Zealand,,Oceania,L,CO,VH,,Public,261,261,,,49.4,,48.8,235,34.7,417,12.1,801+,48.2,387,100.0,73,48.1,420,53.0,389,60.9,681,87.4,123,88.2,78=,,,,,,,,,,,,,,,,,,
University of Canterbury | Te Whare Wānanga o Waitaha,New Zealand,NZ,,L,CO,VH,4,A,,,=256,284,,38.7,,,,,,,,,,,,,,,,,,,,,33.8,257,33.1,299,10.9,701+,32.8,414,99.8,81,35.3,378,21.9,529,62.6,93,97.1,36=
University of Cape Town,South Africa,ZA,Africa,L,FC,VH,5,Public,150,171,=173,237=,62.3,48.7,58.2,183,62.3,179,14.6,801+,75.4,176,66.1,353,27.9,615,33.9,562,97.7,24,97.7,49,92.1,45=,44.4,190,51.0,164,12.6,701+,45.7,295,59.9,317,21.2,527,95.4,49,88.9,38,75.1,175=
University of Central Florida,United States,US,Americas,XL,FC,VH,4,Public,701-710,741-750,=593,801-1000,-,20.0,18.6,659,37.1,384,4.1,801+,33.0,553,13.2,801+,7.7,801+,6.0,801+,73.7,475,17.4,775,45.9,801+,14.4,601+,37.1,264,2.8,701+,25.7,474,17.1,626,4.5,701+,32.1,445,11.1,701+,32.7,420=
University of Central Lancashire,United Kingdom,UK,Europe,L,CO,HI,3,Public,1001-1200,951-1000,901-950,801-1000,-,-,6.5,701+,9.3,701+,12.4,801+,7.1,801+,43.2,476,78.4,234,80.5,203,56.9,739,3.3,801+,35.5,801+,5.9,601+,5.8,601+,11.5,701+,4.4,701+,37.0,439,81.6,156,16.7,579,8.9,701+,1.5,701+
University of Central Oklahoma,United States,US,,L,CO,MD,,A,,,1201-1400,1201-1400,,-,,,,,,,,,,,,,,,,,,,,,3.8,601+,1.5,601+,7.9,701+,1.4,701+,16.8,636,10.9,694,1.0,701+,9.4,701+,,
"University of Chemistry and Technology, Prague",Czech Republic,CZ,Europe,S,FO,VH,4,Public,638,570,=556,358,27.1,21.1,8.2,701+,12.2,701+,99.5,38,19.2,727,33.7,547,85.4,194,86.7,164,32.0,801+,9.4,801+,43.4,801+,6.1,601+,7.9,601+,99.0,35,12.9,680,27.8,502,71.9,201,3.2,701+,10.1,701+,1.3,701+
University of Chicago,United States,US,Americas,L,FC,VH,5,Private not for Profit,13,21,11,10,93,90.3,99.8,17,99.3,21,97.3,62,78.1,164,86.1,254,92.8,148,69.1,275,87.7,207,99.8,16,73.3,269=,99.1,17,95.4,38,92.5,72,78.5,122,81.2,225,84.4,145,61.4,236,98.3,17,81.7,137=
University of Chinese Academy of Sciences (UCAS),China (Mainland),,Asia,XL,FC,VH,,Public,362,,,,40.9,,30.9,396,11.9,701+,100.0,11,75.1,179,,,3.9,801+,3.1,801+,93.7,108,15.6,801+,,,,,,,,,,,,,,,,,,,,
University of Cincinnati,United States,US,Americas,XL,FC,VH,5,Public,721-730,761-770,691-700,701-750,-,-,15.1,701+,12.3,701+,24.8,738,31.9,564,6.2,801+,23.7,680,17.8,801+,66.9,589,47.9,362,63.2,436=,12.3,601+,7.6,601+,21.0,647,25.8,471,6.0,701+,10.8,698,32.1,446,20,417,31.3,428=
University of Coimbra,Portugal,PT,Europe,L,FC,VH,5,Public,347,355,=351,438=,41.6,31.2,39.2,307,24.9,542,14.9,801+,61.4,279,13.1,801+,33.3,554,39.1,506,92.2,142,47.6,368,75.8,226,28.9,304,13.1,601+,11.3,701+,41.6,329,10.7,701+,37.7,364,78.8,153,15.6,537,79.5,154
University of Cologne,Germany,DE,,L,FO,VH,5,A,,,=268,335=,,37.5,,,,,,,,,,,,,,,,,,,,,36.9,235,38.5,253,19.3,686,31.2,427,40.5,406,30.9,413,80.9,141,37,199,57.4,263=
University of Colombo,Sri Lanka,LK,Asia,L,CO,HI,5,Public,1001-1200,951-1000,1001-1200,1201-1400,-,-,15.1,701+,20.9,626,3.3,801+,6.1,801+,1.2,801+,1.5,801+,5.9,801+,20.7,801+,76.0,176,61.1,477=,11.7,601+,14.8,555,2.5,701+,3.1,701+,1.1,701+,1.3,701+,1.1,701+,44.5,161,19.9,545=
University of Colorado Boulder,United States,US,Americas,XL,CO,VH,5,Public,299,320,=264,317=,45.6,37.9,49.0,232,36.8,386,52.1,359,36.0,516,38.6,510,8.5,801+,14.2,801+,85.6,242,48.9,354,90.3,61=,36.9,237,13.5,596,33.2,480,49.4,269,27.1,508,5.5,701+,68.6,204,30.8,247,96.4,40
"University of Colorado, Denver",United States,US,Americas,L,FC,HI,5,Public,851-900,761-770,721-730,428=,-,-,10.5,701+,11.7,701+,100.0,4,5.0,801+,4.3,801+,20.6,719,26.8,659,39.8,801+,10.5,801+,39.7,801+,8.4,601+,6.3,601+,100.0,6,4.9,701+,3.6,701+,9.0,701+,2.3,701+,8.4,701+,15.2,608=
University of Connecticut,United States,US,Americas,L,FC,VH,5,Public,534,565,=444,350=,30.7,25.8,20.8,597,14.6,701+,28.1,679,33.5,543,54.6,415,34.9,543,40.6,500,85.1,253,40.1,437,63.4,433=,15.1,576,6.9,601+,14.5,701+,41.6,327,47.0,368,19.0,560,61.4,237,21.7,383,61.9,243=
University of Copenhagen,Denmark,DK,Europe,XL,FC,VH,5,Public,101,100,=107,82,68.4,58.8,85.5,79,41.7,324,99.6,34,36.6,512,87.3,241,26.5,640,19.9,765,98.0,22,94.4,77,76.3,221,74.1,80,25.8,371,100.0,19,21.2,543,91.4,175,22.5,506,98.2,19,60.1,98,87.4,108=
University of Craiova,Romania,RO,,L,CO,HI,4,A,,,1401+,1401+,,-,,,,,,,,,,,,,,,,,,,,,4.1,601+,2.0,601+,2.9,701+,2.0,701+,,,,,1.1,701+,7.9,701+,1,701+
University of Crete,Greece,GR,Europe,L,FC,HI,4,Public,628,601-610,=534,591-600,27.4,22.0,19.3,639,17.8,701+,3.9,801+,69.6,219,2.7,801+,7.2,801+,12.0,801+,61.9,664,4.5,801+,40.6,801+,15.1,575,14.3,573,3.0,701+,67.9,158,1.7,701+,3.8,701+,13.4,619,8.9,701+,3.5,701+
University of Cyberjaya,Malaysia,,Asia,S,FO,HI,,,951-1000,,,,-,,22.5,557,6.1,701+,48.9,398,2.1,801+,23.4,671,87.3,184,86.3,166,7.2,801+,4.8,801+,,,,,,,,,,,,,,,,,,,,
University of Cyprus,Cyprus,,Asia,M,CO,VH,,Public,452,389,,,34.2,,14.6,701+,10.8,701+,10.3,801+,62.3,270,94.3,187,42.2,471,46.1,452,69.8,534,54.6,306,52.9,650,,,,,,,,,,,,,,,,,,
University of Cyprus (UCY),Cyprus,CY,,M,CO,VH,3,A,,,368,473=,,30.1,,,,,,,,,,,,,,,,,,,,,8.9,601+,3.1,601+,4.9,701+,77.8,123,92.9,165,25.4,471,55.9,279,18.6,448,24.4,497=
University of Da Nang,Viet Nam,,Asia,XL,CO,HI,,Public,1401+,,,,-,,8.1,701+,12.3,701+,3.5,801+,3.8,801+,3.6,801+,2.3,801+,6.7,801+,44.0,801+,6.7,801+,27.6,801+,,,,,,,,,,,,,,,,,,
University of Debrecen,Hungary,HU,Europe,L,FC,HI,5,Public,563,574,671-680,651-700,29.4,-,27.3,458,21.5,613,45.9,426,7.4,801+,14.4,801+,76.5,248,78.7,220,74.9,444,25.9,625,70.4,311=,17.3,515,10.3,601+,30.4,516,3.7,701+,10.6,701+,68.0,218,39.6,381,16.9,500,3.5,701+
University of Delaware,United States,US,Americas,L,CO,VH,5,Public,553,506,=498,581-590,29.8,23.2,12.5,701+,9.4,701+,9.6,801+,64.1,255,48.2,447,22.5,695,28.6,632,68.5,559,28.7,581,72.9,275=,10.3,601+,7.9,601+,6.9,701+,59.1,212,36.3,444,13.7,649,28.2,468,19.8,419,31.8,424
University of Delhi,India,IN,Asia,L,FO,VH,5,Public,328,328,=407,521-530,42.6,27.4,46.9,248,41.9,319,6.9,801+,47.1,403,1.8,801+,2.8,801+,7.5,801+,83.0,294,98.9,30,71.2,297=,36.1,240,28.2,344,3.9,701+,22.5,522,1.4,701+,1.7,701+,24.7,502,91.4,34,31,432=
University of Denver,United States,US,Americas,M,CO,VH,5,Private not for Profit,1001-1200,951-1000,901-950,751-800,-,-,7.8,701+,12.2,701+,43.6,458,12.7,801+,6.0,801+,14.2,801+,20.2,760,31.8,801+,37.5,465,49.5,715=,5.3,601+,7.5,601+,45.7,343,11.1,701+,2.4,701+,5.6,701+,3.3,701+,23.1,363,18.8,555=
University of Derby,United Kingdom,UK,Europe,L,CO,HI,3,Public,1201-1400,1001-1200,1001-1200,1001-1200,-,-,5.4,701+,7.5,701+,12.0,801+,10.9,801+,40.8,492,49.9,409,54.6,375,42.8,801+,2.2,801+,34.0,801+,4.8,601+,3.2,601+,11.3,701+,4.7,701+,30.5,486,48.5,305,4.4,701+,9.3,701+,3.8,701+
University of Deusto,Spain,ES,Europe,M,FO,VH,5,,1001-1200,1001-1200,1001-1200,,-,-,8.9,701+,29.8,477,7.4,801+,14.3,801+,8.8,801+,29.9,592,35.8,539,29.1,801+,52.2,324,31.6,801+,5.8,601+,20.9,445,5.0,701+,6.8,701+,,,,,1.3,701+,12.7,677,,
University of Dhaka,Bangladesh,BD,Asia,XL,FC,HI,5,Public,584,554,691-700,801-1000,28.7,-,30.5,401,51.3,242,10.5,801+,6.9,801+,2.2,801+,1.4,801+,1.3,801+,57.8,720,97.0,59,54.2,619=,21.3,409,44.9,195,11.7,701+,2.6,701+,1.7,701+,1.0,701+,2.1,701+,30.3,253,11.6,652=
University of Dubai,United Arab Emirates,AE,Asia,S,SP,MD,3,Private not for Profit,851-900,851-900,801-850,801-1000,-,-,6.0,701+,11.5,701+,12.6,801+,24.2,652,100.0,6,88.7,180,82.2,188,14.4,801+,11.2,801+,19.1,801+,4.2,601+,4.5,601+,13.0,701+,10.0,701+,100.0,7,64.5,232,1.0,701+,17.3,484,1,701+
University of Dundee,United Kingdom,UK,Europe,M,FC,VH,4,Public,428,418,=441,354,35.9,25.9,25.5,497,21.3,618,44.8,438,20.6,704,92.0,209,84.4,198,85.8,169,78.7,374,13.9,801+,78.6,190=,18.3,488,13.6,595,37.5,418,14.2,654,96.0,142,79.9,162,27.4,475,10.5,701+,21.8,524=
University of East Anglia (UEA),United Kingdom,UK,Europe,L,FC,VH,4,Public,381,332,=295,342,39.4,35.4,24.7,514,15.0,701+,24.0,753,55.5,324,81.9,278,49.3,413,54.0,380,86.8,224,31.8,528,91.1,54=,19.2,466,8.5,601+,16.8,701+,66.0,164,68.0,287,38.2,360,64.8,218,12.7,678,84.3,123=
University of East London,United Kingdom,UK,Europe,L,FO,HI,3,Public,1001-1200,901-950,851-900,801-1000,-,-,3.9,701+,6.5,701+,2.6,801+,9.5,801+,83.3,268,99.8,46,99.8,35,34.5,801+,14.1,801+,29.5,801+,3.6,601+,3.5,601+,3.5,701+,6.7,701+,74.2,258,100.0,31,2.1,701+,12,701+,1.1,701+
University of Eastern Finland,Finland,FI,Europe,L,CO,VH,4,Public,604,535,=548,551-560,28.2,21.4,18.9,649,10.3,701+,45.0,435,35.3,520,39.2,507,12.0,801+,17.9,797,84.0,275,5.6,801+,71.2,297=,14.8,588,9.7,601+,39.4,403,24.6,494,30.9,482,4.8,701+,62.4,230,8.1,701+,28.4,463=
University of Edinburgh,United Kingdom,,Europe,XL,FC,VH,,Public,34,27,,,87.2,,99.6,24,98.2,33,77.3,179,54.3,338,99.7,105,99.9,42,99.9,31,99.5,5,69.7,213,98.3,7=,,,,,,,,,,,,,,,,,,
University of Electronic Science and Technology of China,China (Mainland),CN,Asia,XL,FO,VH,4,Public,519,451,=486,561-570,31.3,23.7,5.8,701+,16.3,701+,11.3,801+,99.9,17,4.2,801+,4.4,801+,3.5,801+,83.2,289,11.5,801+,37.6,801+,4.3,601+,3.0,601+,8.6,701+,96.4,46,3.4,701+,2.6,701+,21.7,530,7.6,701+,3.5,701+
University of Engineering & Technology (UET) Lahore,Pakistan,PK,Asia,L,SP,VH,4,Public,801-850,751-760,791-800,801-1000,-,-,11.1,701+,49.1,260,20.4,801+,15.1,801+,,,2.3,801+,6.5,801+,56.5,746,54.1,310,40.7,801+,8.9,601+,44.8,197,16.4,701+,5.7,701+,1.1,701+,3.6,701+,2.1,701+,16.8,501,27.3,478=
University of Essex,United Kingdom,,Europe,L,CO,VH,,Public,456,472,,,34.1,,23.7,535,9.9,701+,17.1,801+,35.1,525,99.9,102,99.2,64,99.2,53,77.0,404,24.7,645,54.5,610=,,,,,,,,,,,,,,,,,,
University of Exeter,United Kingdom,,Europe,L,FC,VH,,Public,155,169,,,61.5,,57.9,186,58.5,198,42.0,480,55.8,320,94.8,181,77.8,235,79.9,206,95.8,66,40.9,428,93.9,32,,,,,,,,,,,,,,,,,,
University of Florence,Italy,IT,Europe,XL,FC,VH,5,Public,404,375,=358,460,37.2,30.8,45.1,262,16.9,701+,7.0,801+,49.7,376,11.2,801+,20.8,713,26.9,655,86.1,234,36.9,468,72.9,275=,33.6,259,5.7,601+,4.1,701+,49.6,266,8.1,701+,10.7,701+,73.0,181,17.4,476,81.1,142=
University of Florida,United States,US,Americas,XL,FC,VH,5,Public,212,215,168,188,54.6,49.1,58.9,179,55.8,215,75.1,194,34.7,526,31.4,570,18.1,762,24.2,701,98.2,20,67.9,225,74.9,237=,48.0,171,58.7,137,71.3,180,26.6,467,18.8,604,10.8,699,97.7,24,39,184,95.7,48
University of Fribourg,Switzerland,,Europe,M,CO,VH,,Public,642,539,,,27,,13.6,701+,5.5,701+,14.1,801+,27.3,615,99.9,98,52.5,392,51.2,405,60.4,687,49.6,349,66.8,367,,,,,,,,,,,,,,,,,,
University of Galway,Ireland,IE,,L,FC,HI,5,A,,,289,270=,,36.0,,,,,,,,,,,,,,,,,,,,,26.3,335,28.2,341,61.2,230,13.5,666,92.3,170,39.3,348,45.7,338,30.7,249,90.6,89=
University of Galway / Ollscoil na Gaillimhe,Ireland,,Europe,L,FC,VH,,Public,284,273,,,47.1,,37.3,321,40.2,339,68.6,241,24.0,655,96.7,155,62.7,321,66.4,294,72.9,488,61.2,260,82.5,141=,,,,,,,,,,,,,,,,,,
University of Gdansk,Poland,PL,Europe,L,CO,VH,4,Public,851-900,851-900,951-1000,801-1000,-,-,17.4,701+,13.4,701+,41.4,488,7.4,801+,4.5,801+,5.1,801+,9.6,801+,73.9,469,23.6,662,71.0,300,11.5,601+,7.0,601+,32.1,493,3.8,701+,4.6,701+,2.3,701+,28.0,472,10,701+,2.6,701+
University of Geneva,Switzerland,CH,Europe,L,FC,VH,5,Public,155,155,128,125=,61.5,54.2,55.3,201,34.8,414,47.4,414,70.3,214,100.0,54,98.6,81,98.6,68,92.1,144,63.1,249,66.5,370,45.1,184,14.1,579,42.0,374,75.4,127,100.0,45,96.3,81,87.3,99,31,246,63.1,232=
University of Genoa,Italy,IT,Europe,L,FC,VH,5,Public,530,547,=530,651-700,30.8,22.1,28.0,451,10.6,701+,19.8,801+,52.6,358,9.2,801+,17.5,773,23.6,711,83.1,291,16.6,795,62.3,452=,17.4,511,3.8,601+,11.3,701+,40.6,340,4.8,701+,8.8,701+,54.3,291,12.7,679,61.9,243=
University of Ghana,Ghana,GH,Africa,XL,FC,HI,4,Public,851-900,851-900,951-1000,1201-1400,-,-,17.8,687,12.4,701+,2.1,801+,10.8,801+,8.1,801+,1.8,801+,1.6,801+,80.8,337,96.8,63,52.8,651,10.5,601+,9.4,601+,1.8,701+,5.1,701+,4.9,701+,1.8,701+,28.9,463,64.1,89,9.7,673=
University of Glasgow,United Kingdom,UK,Europe,XL,FC,VH,5,Public,79,78,=76,81,73.4,65.2,88.3,72,73.5,132,50.3,377,44.8,416,98.0,140,99.1,67,99.1,57,97.0,38,44.5,395,95.4,19=,76.3,77,70.7,101,41.7,377,31.8,423,96.0,143,99.5,41,90.0,80,26.7,306,99.5,11
University of Gothenburg,Sweden,SE,Europe,L,FC,VH,4,Public,202,194,187,185=,55.5,47.3,46.4,252,24.6,546,73.0,211,45.4,408,94.1,190,85.8,191,87.1,161,93.7,104,71.0,205,92.9,36=,36.2,239,16.9,511,56.3,261,39.4,349,90.6,179,80.8,160,86.4,104,46.3,151,97.6,30=
University of Granada,Spain,ES,Europe,XL,FC,VH,5,Public,401,431,403,494=,37.4,27.8,59.3,178,24.3,554,11.2,801+,26.3,622,9.9,801+,31.7,572,37.6,522,96.4,51,13.1,801+,58.4,536=,44.0,192,9.8,601+,5.6,701+,23.3,509,3.4,701+,16.1,598,96.8,34,5.1,701+,36.1,391=
University of Greenwich,United Kingdom,UK,Europe,L,CO,HI,3,Public,801-850,691-700,671-680,801-1000,-,-,6.2,701+,7.0,701+,5.2,801+,15.2,801+,94.0,193,99.6,54,99.6,43,75.8,421,19.7,731,44.9,801+,4.5,601+,4.2,601+,4.6,701+,10.6,701+,91.9,173,100.0,30,41.1,368,12.8,671,12.7,636=
University of Groningen,Netherlands,NL,Europe,XL,FC,VH,5,Public,147,159,139,145,62.5,52.5,67.2,147,41.6,326,56.2,331,53.0,353,95.4,174,89.4,173,66.6,293,93.4,118,53.5,317,67.6,355=,52.9,148,29.9,326,51.4,304,42.9,311,93.5,159,85.6,140,92.1,67,22.3,372,67.7,214
University of Guelph,Canada,CA,Americas,L,CO,VH,4,Public,504,456,=486,591-600,32,23.7,19.9,621,19.2,680,7.9,801+,55.2,327,49.6,443,24.0,672,30.1,613,74.8,446,18.2,755,80.7,161,13.5,601+,20.9,444,5.8,701+,47.5,286,43.5,384,15.1,618,22.3,525,13.1,658,36.3,389=
University of Göttingen,Germany,DE,,L,FC,VH,5,A,,,232,215=,,41.4,,,,,,,,,,,,,,,,,,,,,47.4,172,29.0,338,70.1,183,17.7,587,49.5,361,22.5,505,91.8,71,21.9,379,55.5,274
University of Ha'il,Saudi Arabia,,Asia,L,FC,HI,,Public,951-1000,901-950,,,-,,8.7,701+,4.3,701+,41.1,492,5.0,801+,100.0,46,5.4,801+,9.8,801+,62.3,660,2.9,801+,45.6,801+,,,,,,,,,,,,,,,,,,
University of Haifa,Israel,IL,Asia,L,CO,VH,4,Public,678,671-680,651-660,701-750,26,-,17.4,701+,13.0,701+,15.8,801+,44.8,417,17.8,751,6.7,801+,5.2,801+,69.6,539,29.6,554,67.4,360,13.1,601+,7.4,601+,19.6,678,30.1,433,14.2,681,3.9,701+,13.5,617,14.1,601,51.8,295=
University of Hawaii at Hilo,United States,,Americas,S,CO,HI,,,1401+,,,,-,,2.8,701+,3.8,701+,32.4,598,13.5,801+,3.3,801+,7.8,801+,6.0,801+,17.2,801+,5.5,801+,19.6,801+,,,,,,,,,,,,,,,,,,
University of Hawaii at Mañoa,United States,,Americas,L,FC,VH,,Public,546,488,,,30.2,,21.3,583,10.5,701+,32.4,594,51.8,366,25.2,650,11.1,801+,17.0,801+,84.5,264,13.3,801+,60.9,486=,,,,,,,,,,,,,,,,,,
University of Hawaiʻi at Mānoa,United States,US,,L,FC,VH,5,A,,,386,380=,,28.4,,,,,,,,,,,,,,,,,,,,,16.1,543,8.5,601+,36.8,429,48.6,279,53.0,345,12.9,664,53.7,293,10.7,701+,47.5,320=
University of Helsinki,Finland,FI,Europe,L,CO,VH,5,Public,116,117,115,106=,66.1,57.2,74.5,114,37.7,370,66.9,256,62.7,262,78.5,305,13.1,801+,19.1,779,96.1,57,94.2,80,95.6,18,65.1,105,32.3,304,63.4,223,49.8,265,71.5,268,5.4,701+,96.0,40,65.7,86,82.7,133=
University of Hertfordshire,United Kingdom,UK,Europe,L,CO,HI,3,Public,901-950,851-900,851-900,801-1000,-,-,5.8,701+,6.7,701+,6.8,801+,12.1,801+,81.4,285,100.0,12,100.0,7,57.7,723,17.0,780,39.0,801+,4.7,601+,4.8,601+,6.4,701+,5.6,701+,63.4,305,99.5,42,11.2,647,12,701+,2.7,701+
University of Hohenheim,Germany,DE,,M,SP,,5,A,,,651-660,801-1000,,-,,,,,,,,,,,,,,,,,,,,,9.8,601+,5.3,601+,10.0,701+,39.4,348,26.4,515,24.2,484,36.3,410,8.8,701+,15,612=
University of Houston,United States,US,Americas,XL,CO,VH,4,Public,556,651-660,641-650,751-800,29.6,-,18.7,656,24.9,541,8.1,801+,30.2,585,48.0,448,43.9,459,32.8,579,74.1,465,67.3,230,57.1,558,13.9,601+,10.9,601+,4.5,701+,34.0,402,8.5,701+,9.3,701+,34.0,426,29.2,273,27.8,469=
University of Hradec Kralove,Czech Republic,CZ,Europe,M,FO,VH,4,Public,1001-1200,1001-1200,1001-1200,801-1000,-,-,5.8,701+,6.9,701+,24.8,739,13.3,801+,60.2,388,6.2,801+,10.5,801+,49.4,801+,5.2,801+,23.0,801+,5.0,601+,1.9,601+,27.9,547,4.5,701+,41.4,400,3.0,701+,3.4,701+,10,701+,1,701+
University of Huddersfield,United Kingdom,UK,Europe,L,CO,VH,3,Public,524,501,=567,651-700,31.2,20.8,17.9,683,19.0,684,9.1,801+,36.3,515,79.7,298,91.6,154,92.2,131,74.6,450,2.2,801+,69.1,329=,12.5,601+,15.0,548,6.7,701+,20.9,547,65.1,295,79.4,165,41.2,367,9,701+,7.3,701+
University of Hull,United Kingdom,UK,Europe,L,FC,HI,4,Public,526,516,=523,651-700,30.9,22.5,13.2,701+,14.3,701+,15.9,801+,36.9,505,68.3,342,95.6,121,95.9,103,70.3,526,29.5,556,75.4,228=,8.5,601+,3.5,601+,13.0,701+,25.4,477,57.4,322,67.4,221,36.4,407,16.8,507,85.2,118=
University of Hyderabad,India,IN,Asia,M,FC,VH,3,Public,801-850,801-850,801-850,751-800,-,-,17.7,692,4.6,701+,20.7,801+,54.5,335,,,2.6,801+,6.9,801+,34.0,801+,3.4,801+,42.1,801+,11.9,601+,2.8,601+,16.3,701+,37.9,372,2.0,701+,2.0,701+,1.4,701+,7.8,701+,1.3,701+
University of Ibadan,Nigeria,NG,Africa,XL,CO,VH,4,,1001-1200,1001-1200,1401+,,-,-,11.6,701+,16.6,701+,6.4,801+,7.3,801+,,,,,,,64.8,624,76.2,175,41.9,801+,9.0,601+,6.6,601+,,,,,,,,,8.2,701+,,,,
University of Iceland,Iceland,IS,Europe,M,CO,VH,5,,582,547,1201-1400,,28.8,-,9.6,701+,2.0,701+,99.6,35,18.0,751,32.4,557,18.1,761,24.2,700,75.5,432,89.3,110,49.4,719=,7.8,601+,5.5,601+,,,,,,,,,37.9,396,,,,
University of Idaho,United States,US,Americas,M,CO,VH,,Public,1001-1200,1001-1200,1001-1200,801-1000,-,-,3.5,701+,1.6,701+,15.4,801+,36.9,504,8.6,801+,12.2,801+,9.3,801+,32.0,801+,7.5,801+,41.7,801+,3.7,601+,1.4,601+,12.2,701+,34.7,390,5.4,701+,5.0,701+,2.5,701+,8.3,701+,,
University of Illinois at Chicago (UIC),United States,US,,XL,FC,VH,5,A,,,=323,317=,,32.8,,,,,,,,,,,,,,,,,,,,,40.9,206,23.5,408,31.6,497,26.2,469,8.5,701+,17.0,586,50.1,312,31.5,242,62.8,235=
University of Illinois at Urbana-Champaign,United States,US,Americas,XL,FC,VH,5,Public,70,69,64,85,75.9,69.1,91.7,62,91.5,66,8.6,801+,81.6,147,14.2,801+,70.1,277,52.2,395,91.3,152,92.5,86,75.9,223=,85.0,54,70.8,100,7.5,701+,86.5,86,11.1,701+,49.2,303,76.4,164,66,84,83.5,128=
University of Illinois Chicago (UIC),United States,,Americas,L,FC,VH,,Public,334,365,,,42.3,,48.8,234,40.3,337,33.1,587,39.2,482,11.0,801+,28.4,611,21.3,744,82.3,304,36.4,475,66.9,363=,,,,,,,,,,,,,,,,,,
University of International Business and Economics,China (Mainland),CN,Asia,L,SP,VH,4,Public,1201-1400,1201-1400,1201-1400,1201-1400,-,-,3.3,701+,5.1,701+,16.5,801+,8.4,801+,8.6,801+,43.3,465,32.4,586,8.2,801+,21.2,704,29.8,801+,3.8,601+,1.8,601+,10.2,701+,2.7,701+,7.4,701+,32.8,394,1.0,701+,14.8,568,1.1,701+
University of Ioannina,Greece,GR,Europe,XL,FC,HI,,,1001-1200,1001-1200,1001-1200,,-,-,9.4,701+,5.6,701+,1.9,801+,32.0,562,2.0,801+,7.5,801+,11.9,801+,55.7,757,3.6,801+,36.5,801+,6.9,601+,3.7,601+,1.4,701+,24.6,494,1.7,701+,2.7,701+,15.2,596,8.4,701+,,
University of Iowa,United States,US,Americas,L,FC,VH,5,Public,530,596,=491,467=,30.8,23.5,25.5,498,16.2,701+,50.1,383,27.4,614,40.4,496,8.5,801+,14.2,801+,68.7,555,47.1,373,61.0,480=,19.9,444,11.2,601+,48.2,325,20.9,548,22.3,569,4.6,701+,51.3,304,22.1,374,38.4,373=
University of Isfahan,Iran (Islamic Republic of),,Asia,L,CO,VH,,Public,1001-1200,,,,-,,7.7,701+,10.7,701+,4.9,801+,30.7,579,,,2.5,801+,2.1,801+,52.8,798,4.7,801+,27.7,801+,,,,,,,,,,,,,,,,,,
University of Johannesburg,South Africa,ZA,Africa,L,CO,VH,2,Public,308,312,306,412=,44.7,34.0,25.5,496,25.9,523,46.5,424,45.2,410,98.5,136,60.1,342,63.9,310,99.1,14,69.6,215,74.8,241=,16.2,540,21.4,434,36.8,430,20.7,549,96.3,135,50.6,286,96.9,32,43.6,165,73.6,182=
University of Jordan,Jordan,JO,Asia,XL,FC,HI,4,Public,324,368,=498,591-600,43,23.2,47.9,239,59.8,194,28.9,656,7.3,801+,33.8,545,64.5,309,68.0,285,69.2,543,90.1,105,64.1,420=,29.1,297,38.8,250,17.4,701+,3.3,701+,20.6,586,34.1,385,13.8,613,29.8,264,28.9,460=
University of Jyväskylä,Finland,FI,Europe,M,FO,VH,4,Public,498,489,=446,347=,32.3,25.7,23.4,539,13.7,701+,87.8,112,20.8,702,51.1,435,6.3,801+,11.8,801+,84.3,269,13.9,801+,70.6,308=,17.2,518,12.5,601+,86.2,100,15.3,626,40.9,404,2.8,701+,54.7,287,11.4,701+,30.2,447=
University of Kansas,United States,US,Americas,L,FC,VH,5,Public,465,452,=410,369=,33.8,27.2,17.6,697,22.8,582,91.9,97,13.6,801+,79.0,301,12.6,801+,18.6,786,87.5,210,42.8,409,62.2,454=,15.1,577,13.3,601+,83.6,116,9.0,701+,72.6,263,7.8,701+,35.7,414,23.5,359,71.8,194=
University of Karachi,Pakistan,PK,Asia,XL,CO,HI,4,Public,1001-1200,1001-1200,1001-1200,1201-1400,-,-,14.5,701+,19.2,676,2.0,801+,10.4,801+,4.7,801+,1.2,801+,1.1,801+,48.4,801+,51.2,332,31.3,801+,10.4,601+,15.3,540,1.6,701+,4.6,701+,3.8,701+,1.1,701+,2.6,701+,6.9,701+,12.3,640=
University of Kent,United Kingdom,UK,Europe,L,CO,VH,4,Public,397,380,=336,375=,37.7,32.2,20.2,607,13.8,701+,16.2,801+,58.3,297,96.4,163,49.2,414,54.0,381,88.0,202,44.0,404,65.5,387=,17.0,522,6.7,601+,13.3,701+,43.9,306,96.6,133,72.8,195,43.0,354,20.2,413,85.2,118=
University of Kentucky,United States,US,Americas,L,FC,VH,5,Public,781-790,791-800,681-690,701-750,-,-,15.0,701+,15.0,701+,19.2,801+,32.1,561,18.2,739,5.7,801+,4.5,801+,77.3,401,24.4,651,59.6,509=,10.9,601+,11.5,601+,18.9,696,26.1,470,20.9,584,3.7,701+,40.6,371,13.6,634,24.1,502=
University of Kerbala,Iraq,,Asia,L,FC,HI,,Public,1201-1400,,,,-,,12.8,701+,14.8,701+,35.3,560,2.0,801+,2.1,801+,1.9,801+,1.7,801+,13.9,801+,5.6,801+,21.3,801+,,,,,,,,,,,,,,,,,,
University of Khartoum,Sudan,SD,Africa,L,FO,HI,4,Public,1201-1400,1001-1200,1201-1400,1201-1400,-,-,8.9,701+,6.9,701+,8.2,801+,5.1,801+,,,2.1,801+,1.8,801+,53.5,788,84.9,137,23.3,801+,6.2,601+,4.5,601+,8.0,701+,2.5,701+,,,1.4,701+,3.9,701+,24.9,333,1.1,701+
University of Klagenfurt,Austria,AT,Europe,S,CO,VH,4,Public,697,611-620,=580,486=,25.1,20.4,7.2,701+,5.8,701+,57.4,318,16.4,777,98.2,138,94.8,127,95.2,108,43.9,801+,13.6,801+,36.3,801+,5.5,601+,4.3,601+,60.2,235,11.4,701+,95.2,148,86.6,137,3.0,701+,12,701+,1.6,701+
University of Kragujevac,Serbia,RS,,L,FO,VH,3,A,,,1401+,1201-1400,,-,,,,,,,,,,,,,,,,,,,,,4.0,601+,2.4,601+,10.3,701+,3.6,701+,1.0,701+,1.1,701+,2.7,701+,9.2,701+,1,701+
University of Kufa,Iraq,IQ,Asia,XL,FC,HI,3,Public,1201-1400,1201-1400,1201-1400,1001-1200,-,-,7.4,701+,33.3,433,31.7,607,2.1,801+,,,1.0,801+,1.0,801+,26.3,801+,5.7,801+,15.6,801+,3.3,601+,8.5,601+,30.6,511,1.4,701+,4.7,701+,1.1,701+,1.0,701+,8.8,701+,1,701+
University of Kwazulu-Natal,South Africa,ZA,Africa,XL,FC,VH,4,Public,558,587,621-630,801-1000,29.5,-,17.9,682,14.4,701+,6.9,801+,44.5,420,29.1,591,2.1,801+,6.7,801+,95.9,62,79.4,163,63.0,441=,12.9,601+,11.8,601+,6.5,701+,22.8,516,25.1,534,1.9,701+,78.1,157,28,287,37.8,379=
University of Lagos,Nigeria,NG,Africa,XL,CO,HI,,,1001-1200,1001-1200,1401+,,-,-,9.4,701+,16.5,701+,2.5,801+,5.2,801+,,,,,,,45.9,801+,90.4,103,36.6,801+,7.4,601+,5.6,601+,,,,,,,,,1.5,701+,,,,
University of Lahore,Pakistan,,Asia,L,CO,VH,,Private not for Profit,951-1000,951-1000,,,-,,17.8,685,23.4,574,14.3,801+,8.5,801+,8.0,801+,6.0,801+,9.7,801+,76.4,415,3.4,801+,62.2,454=,,,,,,,,,,,,,,,,,,
University of Lampung,Indonesia,ID,,L,FC,MD,4,,,,1401+,,,-,,,,,,,,,,,,,,,,,,,,,3.4,601+,1.8,601+,4.7,701+,1.3,701+,1.0,701+,1.0,701+,1.0,701+,5.8,701+,,
University of Latvia,Latvia,LV,Europe,M,FC,VH,5,Public,801-850,781-790,801-850,1001-1200,-,-,14.5,701+,22.8,581,10.0,801+,10.4,801+,16.1,775,10.0,801+,15.8,801+,66.6,595,92.0,89,56.0,579=,12.5,601+,17.8,495,5.1,701+,6.1,701+,12.5,701+,5.3,701+,21.5,531,59.8,102,13.7,627=
University of Lausanne,Switzerland,CH,Europe,L,FO,VH,5,Public,212,224,=220,203=,54.6,42.7,37.0,322,40.2,340,49.0,393,69.0,223,100.0,97,67.0,296,49.9,415,83.5,286,61.1,264,70.3,313=,29.4,294,15.1,545,36.6,434,65.1,173,99.9,77,56.6,263,48.0,327,27.9,290,61.6,245
University of Leeds,United Kingdom,UK,Europe,XL,FC,VH,5,Public,86,82,75,86,72,65.5,81.8,90,82.1,98,39.7,512,48.8,380,89.7,224,96.3,108,96.5,93,99.2,13,62.9,250,76.4,219=,70.3,89,76.7,77,37.3,421,42.3,320,85.2,208,90.0,118,98.7,16,37.8,193,90.9,88
University of Leicester,United Kingdom,UK,Europe,L,FC,VH,5,Public,326,285,=272,279,42.9,37.3,29.6,418,17.7,701+,40.1,502,44.2,426,90.6,220,90.6,162,91.4,137,91.1,155,31.0,535,81.2,158=,21.2,412,14.2,576,36.1,441,45.3,298,80.8,226,94.1,91,75.7,167,17.8,468,50.9,301=
University of Liege,Belgium,,Europe,L,FC,VH,,Public,379,396,,,39.5,,24.4,523,16.9,701+,10.8,801+,63.2,259,62.1,375,65.6,303,68.9,277,95.2,78,32.9,517,79.7,175=,,,,,,,,,,,,,,,,,,
University of Limerick,Ireland,IE,Europe,L,FC,HI,4,Public,401,421,426,531-540,37.4,26.6,27.9,453,36.6,390,23.6,758,34.5,527,93.2,198,48.4,417,53.3,385,71.6,506,14.7,801+,75.9,223=,17.5,507,29.1,337,14.0,701+,21.9,529,88.4,190,28.6,434,34.6,421,13.9,614,58.9,254
University of Lincoln,United Kingdom,UK,Europe,L,CO,VH,3,Public,801-850,851-900,851-900,801-1000,-,-,8.0,701+,9.3,701+,13.0,801+,14.6,801+,84.8,259,73.7,260,75.2,234,73.7,478,6.0,801+,63.8,427=,6.1,601+,5.1,601+,9.1,701+,11.3,701+,64.6,298,30.1,421,9.6,679,8.9,701+,37.5,382=
University of Lisbon,Portugal,PT,Europe,XL,FC,VH,5,Public,230,260,=266,335=,52.9,37.7,57.1,193,46.3,289,15.5,801+,51.4,367,14.3,801+,58.6,350,62.6,317,98.4,17,97.3,54,79.3,184,42.2,201,21.0,442,12.7,701+,35.1,387,9.3,701+,30.7,415,97.4,27,65.8,85,66.5,220=
University of Liverpool,United Kingdom,UK,Europe,L,FC,VH,5,Public,147,165,=176,190=,62.5,48.5,60.7,171,48.8,264,37.3,538,61.7,276,92.4,206,91.1,157,91.8,133,97.0,39,47.8,364,92.4,42=,44.4,191,35.0,277,39.7,401,37.9,371,87.8,194,79.0,168,97.2,29,25.6,324,72,193
University of Ljubljana,Slovenia,SI,Europe,XL,FC,VH,5,Public,535,596,621-630,601-650,30.6,-,29.7,414,18.9,689,45.6,431,11.0,801+,7.1,801+,18.1,760,13.7,801+,85.7,241,98.1,41,54.2,619=,20.0,439,9.5,601+,35.6,446,6.3,701+,4.5,701+,10.7,701+,59.3,250,48.9,139,17.2,574=
University of Lodz,Poland,PL,,L,CO,VH,4,A,,,951-1000,801-1000,,-,,,,,,,,,,,,,,,,,,,,,11.7,601+,4.3,601+,39.7,400,3.2,701+,4.2,701+,12.8,666,26.7,485,11.8,701+,2.4,701+
University of Louisville,United States,US,Americas,L,FC,HI,5,Public,1001-1200,1001-1200,1001-1200,801-1000,-,-,3.9,701+,4.2,701+,43.8,454,13.3,801+,21.8,691,5.9,801+,11.3,801+,59.6,700,9.8,801+,39.5,801+,3.5,601+,4.5,601+,24.9,587,10.1,701+,34.8,456,3.3,701+,15.8,586,12.5,693,,
University of Luxembourg,Luxembourg,LU,Europe,M,FO,VH,2,,381,355,381,,39.4,29.1,13.2,701+,8.2,701+,87.2,118,39.5,479,100.0,19,100.0,33,100.0,21,68.1,566,58.8,277,42.4,801+,9.1,601+,4.9,601+,77.2,152,28.6,447,100.0,14,100.0,24,18.4,557,25.6,323,,
University of Macau,"Macao SAR, China",,Asia,L,CO,VH,,Public,285,245,,,47,,18.5,660,17.9,701+,11.7,801+,99.9,21,100.0,25,100.0,30,99.6,44,55.1,770,56.8,294,52.2,658=,,,,,,,,,,,,,,,,,,
University of Macau,Macau SAR,MO,,M,FO,VH,3,A,,,254,304,,38.9,,,,,,,,,,,,,,,,,,,,,10.6,601+,14.2,575,12.2,701+,96.9,43,100.0,18,99.3,49,11.4,646,41.6,177,4.3,701+
University of Madras,India,IN,,S,CO,VH,5,A,,,=526,541-550,,22.3,,,,,,,,,,,,,,,,,,,,,8.7,601+,3.6,601+,,,95.4,51,,,,,2.4,701+,,,1.1,701+
University of Malaysia Sabah (UMS),Malaysia,,Asia,L,FC,HI,,Public,1001-1200,1001-1200,,,-,,22.0,565,15.7,701+,15.1,801+,6.2,801+,23.9,663,12.4,801+,15.3,801+,33.2,801+,5.0,801+,48.1,757=,,,,,,,,,,,,,,,,,,
University of Malta,Malta,MT,Europe,M,FC,VH,3,Public,741-750,751-760,851-900,801-1000,-,-,9.3,701+,7.4,701+,47.7,408,10.1,801+,33.1,551,42.2,472,47.5,436,76.8,409,98.1,40,38.2,801+,5.3,601+,5.2,601+,38.2,413,6.5,701+,15.1,665,11.2,688,35.4,416,47.4,147,2.3,701+
"University of Management and Technology (UMT), Pakistan",Pakistan,,Asia,L,CO,HI,,Private not for Profit,1201-1400,,,,-,,7.2,701+,10.9,701+,17.6,801+,9.4,801+,1.9,801+,1.7,801+,6.0,801+,54.4,777,3.3,801+,46.6,801+,,,,,,,,,,,,,,,,,,
University of Manitoba,Canada,CA,Americas,L,FC,VH,5,Public,643,661-670,671-680,651-700,26.9,-,19.2,643,20.0,657,31.8,604,22.6,675,,,68.4,287,71.5,257,70.0,532,39.5,442,55.7,582=,14.5,596,12.0,601+,36.3,438,10.0,701+,,,27.8,442,29.3,461,24.1,348,32.9,419
University of Maribor,Slovenia,SI,Europe,L,FC,HI,3,Public,901-950,901-950,851-900,801-1000,-,-,10.8,701+,15.6,701+,36.4,551,12.7,801+,2.3,801+,27.3,623,28.3,635,67.4,580,41.3,422,49.9,705,7.0,601+,6.7,601+,30.8,509,6.7,701+,1.9,701+,14.3,636,16.1,584,52.1,123,31.3,428=
"University of Maryland, Baltimore",United States,,Americas,M,FC,VH,,Public,801-850,,,,-,,7.6,701+,2.3,701+,100.0,3,22.5,678,22.1,687,10.2,801+,7.9,801+,45.7,801+,2.3,801+,41.3,801+,,,,,,,,,,,,,,,,,,
"University of Maryland, Baltimore County",United States,US,Americas,L,FC,HI,4,Public,801-850,771-780,711-720,801-1000,-,-,13.6,701+,8.2,701+,18.9,801+,20.0,710,72.9,325,50.8,406,55.5,371,45.4,801+,10.3,801+,66.0,381=,10.6,601+,13.1,601+,13.4,701+,18.1,581,59.4,318,15.9,601,6.2,701+,10.8,701+,38.7,370=
"University of Maryland, College Park",United States,US,Americas,XL,FC,VH,5,Public,207,218,=169,164=,54.9,48.9,57.2,191,51.8,236,44.2,449,60.5,284,28.0,610,24.9,666,18.7,783,92.9,129,59.7,273,70.7,305=,49.2,165,26.1,369,35.1,451,68.4,154,31.6,477,14.0,639,85.5,113,41.6,176,81.7,137=
"University of Massachusetts, Amherst",United States,US,Americas,L,CO,VH,5,Public,247,275,245,253=,50.6,39.8,48.1,238,40.0,342,15.8,801+,62.4,266,77.9,307,46.3,436,51.3,404,78.8,372,44.2,399,84.5,119=,39.5,218,11.9,601+,10.7,701+,57.6,225,71.0,271,23.8,490,52.0,301,27.7,292,93.5,67
University of Massachusetts - Boston,United States,US,Americas,L,FC,HI,5,Public,951-1000,1001-1200,801-850,581-590,-,-,13.8,701+,23.5,571,14.4,801+,23.3,668,7.2,801+,27.1,629,20.3,759,35.3,801+,7.4,801+,49.4,719=,11.9,601+,4.9,601+,11.5,701+,27.5,458,5.9,701+,9.6,701+,2.3,701+,7.6,701+,40.2,362=
University of Mataram,Indonesia,ID,,L,FO,MD,4,A,,,1401+,,,-,,,,,,,,,,,,,,,,,,,,,4.9,601+,1.6,601+,3.5,701+,1.1,701+,1.2,701+,1.0,701+,1.0,701+,5,701+,,
University of Maynooth,Ireland,,Europe,L,FO,VH,,Public,771-780,801-850,,,-,,16.6,701+,13.1,701+,14.2,801+,21.0,699,91.2,216,32.2,566,38.0,514,45.1,801+,16.3,801+,52.3,656=,,,,,,,,,,,,,,,,,,
University of Memphis,United States,US,Americas,L,CO,VH,,Public,1201-1400,1201-1400,1201-1400,1201-1400,-,-,4.1,701+,4.1,701+,18.6,801+,13.9,801+,2.5,801+,19.4,737,14.7,801+,41.9,801+,15.0,801+,35.1,801+,3.1,601+,5.1,601+,14.9,701+,8.9,701+,2.1,701+,4.4,701+,5.0,701+,10.7,701+,,
University of Messina,Italy,,Europe,L,FC,VH,,Public,741-750,751-760,,,-,,12.6,701+,2.9,701+,18.6,801+,55.5,323,1.4,801+,17.8,767,23.9,706,78.6,375,1.6,801+,61.5,467=,,,,,,,,,,,,,,,,,,
University of Messina (UniME),Italy,IT,,L,FC,VH,5,A,,,851-900,801-1000,,-,,,,,,,,,,,,,,,,,,,,,8.3,601+,2.5,601+,12.7,701+,29.4,438,1.4,701+,4.4,701+,30.7,455,1,701+,23.2,511=
University of Miami,United States,US,Americas,L,FC,VH,4,Private not for Profit,314,324,=278,296=,44.3,36.9,24.5,521,40.3,338,57.9,312,48.4,386,87.8,238,25.1,660,31.2,598,85.2,251,59.6,274,64.6,407=,20.1,435,44.7,198,76.8,155,19.2,565,84.2,215,22.8,502,55.0,283,37,198,50.6,305=
University of Michigan-Ann Arbor,United States,US,Americas,XL,FC,VH,5,Public,45,44,33,25,84.7,81.7,99.3,26,98.5,30,85.7,127,54.5,334,73.9,320,56.1,372,60.3,339,96.0,59,99.1,26,77.2,210=,98.3,22,89.9,48,82.2,127,56.2,231,67.0,292,27.6,445,95.4,48,94.3,29,83.7,126=
University of Milan,Italy,IT,Europe,XL,FC,VH,4,Public,276,285,=276,324,48,37.0,65.9,152,27.0,507,10.2,801+,56.6,313,10.8,801+,13.4,801+,19.4,772,85.1,252,63.1,246,76.4,219=,51.2,159,12.7,601+,5.6,701+,47.8,284,7.5,701+,6.8,701+,59.0,255,24.2,345,92.1,77=
University of Milano-Bicocca,Italy,IT,Europe,L,FO,VH,3,Public,542,513,481,601-650,30.3,24.0,28.6,438,19.2,677,5.2,801+,56.0,317,7.3,801+,8.3,801+,14.0,801+,80.8,335,15.0,801+,53.6,630=,20.6,424,9.6,601+,2.9,701+,57.1,227,3.3,701+,4.6,701+,45.2,344,13.2,650,29.4,453=
University of Minho,Portugal,PT,Europe,L,FC,VH,4,Public,566,611-620,611-620,591-600,29.3,-,22.2,564,17.1,701+,28.3,676,38.6,485,21.3,694,26.0,645,32.0,589,83.6,284,15.7,801+,67.7,353=,15.6,562,8.7,601+,32.8,483,18.7,573,19.4,596,18.0,575,52.7,297,10.2,701+,27.6,471=
University of Minnesota (System),United States,,Americas,XL,FC,VH,,Public,210,203,,,54.8,,68.6,138,49.4,257,37.2,540,49.2,378,6.5,801+,15.4,801+,21.5,741,91.2,153,67.2,231,91.1,54=,,,,,,,,,,,,,,,,,,
University of Minnesota Twin Cities,United States,US,,XL,FC,VH,5,A,,,195,185=,,46.4,,,,,,,,,,,,,,,,,,,,,59.0,127,30.2,324,30.6,510,46.4,291,5.5,701+,9.1,701+,86.1,109,41.9,172,88.5,101=
University of Miskolc,Hungary,HU,Europe,M,FO,VH,5,Private not for Profit,1201-1400,1201-1400,1201-1400,1001-1200,-,-,9.0,701+,10.3,701+,20.4,801+,4.7,801+,3.0,801+,6.4,801+,5.0,801+,24.5,801+,16.3,801+,27.8,801+,6.2,601+,5.2,601+,23.6,606,2.3,701+,3.1,701+,6.6,701+,1.2,701+,12.7,675,1.1,701+
University of Mississippi,United States,US,Americas,L,CO,VH,5,Public,1001-1200,851-900,1001-1200,801-1000,-,-,4.6,701+,3.2,701+,78.0,177,12.0,801+,5.2,801+,5.1,801+,10.4,801+,47.6,801+,9.2,801+,35.9,801+,4.3,601+,3.2,601+,36.6,432,8.9,701+,14.5,675,2.9,701+,12.5,629,8.4,701+,4.1,701+
"University of Missouri, Columbia",United States,US,Americas,L,FC,VH,5,Public,697,641-650,=586,511-520,25.1,20.2,17.2,701+,15.7,701+,38.5,526,23.5,664,29.7,588,6.4,801+,5.0,801+,71.8,503,48.0,361,50.9,684=,14.2,601+,9.6,601+,40.2,392,17.4,591,56.4,329,3.3,701+,23.9,508,24.2,346,35.5,397=
"University of Missouri, Kansas City",United States,US,Americas,M,CO,VH,4,Public,1001-1200,1001-1200,1001-1200,1001-1200,-,-,5.1,701+,9.5,701+,21.9,795,25.7,627,6.9,801+,31.3,574,23.5,715,26.4,801+,13.4,801+,30.8,801+,4.7,601+,5.1,601+,17.8,701+,17.5,589,5.1,701+,13.5,653,2.5,701+,9.7,701+,1.3,701+
University of Missouri Saint Louis,United States,US,Americas,M,CO,HI,4,Public,1401+,1201-1400,1201-1400,1001-1200,-,-,5.1,701+,6.5,701+,19.5,801+,13.0,801+,5.8,801+,7.9,801+,6.1,801+,10.1,801+,12.7,801+,21.9,801+,4.0,601+,3.6,601+,16.2,701+,14.2,655,4.8,701+,4.2,701+,1.0,701+,11.5,701+,,
University of Modena and Reggio Emilia,Italy,IT,Europe,L,FC,VH,5,Public,801-850,721-730,641-650,801-1000,-,-,12.3,701+,7.6,701+,4.6,801+,56.7,310,4.8,801+,7.5,801+,13.1,801+,55.1,767,20.3,719,54.4,613=,8.7,601+,3.2,601+,2.3,701+,50.3,262,3.9,701+,3.8,701+,21.4,532,13.9,613,57.4,263=
University of Mons,Belgium,BE,Europe,M,CO,VH,2,Public,781-790,781-790,691-700,701-750,-,-,7.0,701+,8.1,701+,5.2,801+,53.2,349,40.9,491,47.0,432,50.6,409,43.6,801+,7.3,801+,54.4,613=,6.7,601+,13.0,601+,3.1,701+,40.3,343,35.9,448,43.6,331,5.2,701+,11.3,701+,1.8,701+
University of Montana Missoula ,United States,US,,M,CO,HI,5,A,,,1201-1400,1001-1200,,-,,,,,,,,,,,,,,,,,,,,,2.5,601+,2.6,601+,11.8,701+,9.2,701+,1.3,701+,1.7,701+,1.0,701+,8.3,701+,3.5,701+
University of Montreal,Canada,,Americas,XL,FC,VH,,Public,168,159,,,59.5,,66.1,151,44.0,303,79.5,171,26.3,621,91.5,214,66.4,301,69.6,271,88.7,195,65.4,239,89.9,65,,,,,,,,,,,,,,,,,,
University of Moratuwa,Sri Lanka,,Asia,M,SP,VH,,Public,1401+,,,,-,,6.0,701+,8.0,701+,5.3,801+,15.6,791,,,1.0,801+,1.0,801+,13.2,801+,13.1,801+,24.9,801+,,,,,,,,,,,,,,,,,,
University of Mosul,Iraq,,Asia,XL,FC,HI,,Public,1201-1400,,,,-,,7.3,701+,12.9,701+,23.4,764,1.7,801+,1.0,801+,1.3,801+,5.7,801+,30.2,801+,28.8,577,26.4,801+,,,,,,,,,,,,,,,,,,
University of Mumbai,India,IN,Asia,M,FC,VH,5,Public,664,711-720,751-760,1001-1200,26.4,-,11.3,701+,31.5,454,4.7,801+,53.7,348,3.0,801+,4.3,801+,8.5,801+,27.6,801+,91.0,95,41.3,801+,8.1,601+,25.0,383,2.4,701+,25.0,488,2.0,701+,3.5,701+,1.1,701+,70.5,72,10.5,663=
University of Murcia,Spain,ES,Europe,L,FC,VH,5,Public,1001-1200,901-950,901-950,801-1000,-,-,15.3,701+,5.4,701+,24.9,735,14.9,801+,,,7.0,801+,12.2,801+,77.9,385,4.9,801+,64.4,413=,12.6,601+,2.8,601+,32.5,489,5.7,701+,3.7,701+,8.3,701+,42.0,363,5.5,701+,9.4,683=
University of Münster,Germany,,Europe,L,FC,VH,,Public,350,367,,,41.5,,42.3,280,41.5,327,79.6,170,15.5,793,35.6,532,8.4,801+,14.1,801+,82.5,302,45.3,387,74.6,247=,,,,,,,,,,,,,,,,,,
University of Nairobi,Kenya,KE,Africa,XL,FC,HI,4,Public,1001-1200,901-950,1001-1200,1001-1200,-,-,12.8,701+,13.7,701+,25.7,723,2.6,801+,,,,,,,48.7,801+,95.6,72,39.1,801+,9.6,601+,14.6,557,18.1,701+,1.7,701+,,,,,3.6,701+,54.4,116,4.1,701+
University of Namur,Belgium,,Europe,M,FO,VH,,,801-850,,,,-,,6.4,701+,8.8,701+,5.8,801+,44.4,421,37.2,521,59.3,345,62.7,316,47.5,801+,10.3,801+,53.4,632=,,,,,,,,,,,,,,,,,,
University of Naples - Federico II,Italy,IT,Europe,XL,FC,VH,5,Public,379,347,335,416=,39.5,32.3,47.8,241,32.8,438,6.8,801+,59.5,292,2.9,801+,1.2,801+,1.2,801+,94.9,86,12.5,801+,57.5,550=,35.2,245,17.0,508,4.3,701+,61.8,197,2.4,701+,1.1,701+,81.6,137,7.1,701+,34.6,403=
University of Naples Parthenope,Italy,IT,,M,FO,VH,4,A,,,1001-1200,1001-1200,,-,,,,,,,,,,,,,,,,,,,,,3.5,601+,2.0,601+,3.7,701+,38.9,353,1.8,701+,1.9,701+,1.7,701+,4.8,701+,3.4,701+
University of Navarra,Spain,ES,Europe,L,FC,HI,4,Private not for Profit,262,249,280,253=,49.3,36.8,40.8,290,78.2,111,50.6,375,25.3,631,26.8,629,84.0,200,85.4,171,58.3,714,80.5,156,66.1,376=,29.0,300,61.2,130,56.5,260,15.1,635,25.2,531,74.8,186,28.9,464,28.4,282,45.6,333
University of Nebraska - Lincoln,United States,US,Americas,L,CO,VH,5,Public,711-720,701-710,=551,651-700,-,21.3,14.3,701+,11.5,701+,23.8,756,37.7,495,27.1,622,12.1,801+,18.1,794,79.6,359,17.5,771,63.8,427=,10.8,601+,5.9,601+,18.8,700,33.7,406,30.4,488,8.2,701+,42.6,357,12.2,701+,79.1,156
University of Nevada - Reno,United States,,Americas,L,FC,HI,,Public,1001-1200,,,,-,,6.4,701+,6.5,701+,24.2,748,24.4,648,23.4,672,4.1,801+,3.3,801+,62.9,652,13.9,801+,48.1,757=,,,,,,,,,,,,,,,,,,
University of New Brunswick,Canada,CA,Americas,M,CO,VH,5,Public,622,681-690,711-720,701-750,27.6,-,7.1,701+,17.9,701+,22.2,786,41.1,458,67.5,346,65.1,308,68.5,282,51.1,801+,24.7,646,62.7,444=,4.6,601+,6.9,601+,23.0,618,24.9,490,63.8,303,24.8,476,5.9,701+,14.4,583,32.7,420=
University of New England,Australia,,Oceania,L,CO,VH,,Public,1001-1200,1001-1200,,,-,,12.5,701+,9.6,701+,8.2,801+,16.0,785,6.3,801+,6.1,801+,10.0,801+,67.3,582,15.7,801+,50.9,684=,,,,,,,,,,,,,,,,,,
University of New England Australia,Australia,AU,,L,CO,VH,3,A,,,951-1000,801-1000,,-,,,,,,,,,,,,,,,,,,,,,10.9,601+,6.3,601+,2.3,701+,25.4,478,2.9,701+,5.5,701+,8.1,701+,9.1,701+,14.5,617=
University of New Hampshire,United States,US,Americas,L,CO,VH,5,Public,1001-1200,1001-1200,1001-1200,801-1000,-,-,6.0,701+,9.1,701+,17.7,801+,24.8,644,11.7,801+,4.9,801+,3.9,801+,32.4,801+,13.3,801+,47.1,785=,5.5,601+,4.3,601+,11.4,701+,18.7,571,10.8,701+,3.0,701+,5.7,701+,10.3,701+,11.6,652=
University of New Mexico,United States,US,Americas,L,FC,VH,5,Public,751-760,791-800,631-640,701-750,-,-,14.2,701+,16.9,701+,57.3,320,20.4,705,11.0,801+,7.1,801+,5.5,801+,83.6,283,11.4,801+,53.8,626,11.6,601+,13.9,582,38.3,412,16.4,608,15.7,658,4.0,701+,57.5,263,9.3,701+,33.8,411=
University of Nizwa,Oman,,Asia,S,CO,VH,,Private not for Profit,761-770,,,,-,,11.0,701+,12.8,701+,47.5,412,13.0,801+,100.0,32,26.2,642,27.0,653,26.1,801+,73.5,190,19.0,801+,,,,,,,,,,,,,,,,,,
University of Niš,Serbia,RS,,L,FC,HI,4,A,,,1201-1400,1201-1400,,-,,,,,,,,,,,,,,,,,,,,,5.2,601+,3.7,601+,13.2,701+,2.4,701+,,,6.2,701+,6.1,701+,9.1,701+,1.1,701+
University of North Carolina at Charlotte,United States,US,Americas,L,CO,VH,4,Public,1001-1200,1001-1200,1001-1200,1201-1400,-,-,6.7,701+,7.0,701+,7.7,801+,19.6,718,15.5,795,13.7,801+,19.7,767,66.4,598,15.3,801+,43.9,801+,5.7,601+,4.5,601+,5.0,701+,14.1,656,8.7,701+,5.5,701+,14.4,605,10.6,701+,23,514=
University of North Carolina at Greensboro,United States,US,Americas,L,FO,VH,5,Public,1201-1400,1201-1400,1201-1400,1201-1400,-,-,3.6,701+,4.5,701+,12.2,801+,15.1,801+,10.3,801+,4.3,801+,3.4,801+,49.6,801+,5.0,801+,32.8,801+,2.9,601+,2.8,601+,9.2,701+,10.6,701+,9.7,701+,2.6,701+,7.6,701+,7.1,701+,,
"University of North Carolina, Chapel Hill",United States,US,Americas,L,FC,VH,5,Public,140,155,=132,102=,63.2,53.2,72.2,127,55.5,216,85.6,129,47.9,389,31.1,577,25.0,663,31.1,602,89.5,181,74.0,188,83.9,126,63.0,110,33.9,290,72.9,171,42.5,316,24.7,541,10.1,701+,82.2,133,47.9,142,96.8,38
University of North Texas,United States,US,Americas,XL,FC,HI,5,Public,901-950,1001-1200,1001-1200,1001-1200,-,-,10.1,701+,9.7,701+,3.2,801+,30.5,583,6.3,801+,51.5,399,38.4,513,69.0,546,29.4,560,40.6,801+,7.0,601+,6.8,601+,3.4,701+,19.3,563,4.9,701+,14.7,625,9.6,678,25.5,326,8.9,689=
University of Northern British Columbia,Canada,CA,,S,CO,VH,,,,,781-790,1201-1400,,-,,,,,,,,,,,,,,,,,,,,,3.8,601+,8.5,601+,100.0,1,1.1,701+,,,,,40.3,374,7.3,701+,,
University of Notre Dame,United States,US,Americas,L,CO,VH,5,Private not for Profit,294,316,=304,243=,46,34.3,38.0,315,43.6,306,70.8,220,36.7,511,28.9,596,32.7,562,28.9,627,75.4,435,75.4,181,72.5,281=,26.5,331,32.2,306,59.7,238,39.1,350,23.3,561,17.7,578,32.0,449,45.2,155,34.6,403=
University of Nottingham,United Kingdom,UK,,XL,FC,VH,5,A,,,=100,114,,60.4,,,,,,,,,,,,,,,,,,,,,60.7,116,72.1,96,32.2,492,46.5,290,90.0,183,75.2,185,98.4,18,24.4,342,80,150=
University of Novi Sad,Serbia,RS,Europe,XL,FC,HI,4,Public,1201-1400,1001-1200,1001-1200,1201-1400,-,-,12.5,701+,6.5,701+,10.5,801+,6.9,801+,,,,,,,82.1,312,30.7,538,31.2,801+,8.8,601+,3.6,601+,9.3,701+,3.4,701+,,,,,47.5,330,9,701+,2.2,701+
University of Oklahoma,United States,US,Americas,L,FC,VH,5,Public,664,701-710,641-650,701-750,26.4,-,14.3,701+,18.6,695,19.8,801+,41.5,455,27.8,611,9.8,801+,7.5,801+,72.3,494,35.2,488,60.5,497=,9.6,601+,10.6,601+,16.3,701+,34.3,397,34.5,459,5.1,701+,17.9,562,17.2,488,33.5,413=
University of Oradea,Romania,RO,Europe,L,FC,MD,4,Public,1401+,1401+,1401+,1401+,-,-,7.5,701+,4.2,701+,6.5,801+,4.0,801+,1.7,801+,9.4,801+,13.8,801+,38.8,801+,9.0,801+,41.8,801+,5.0,601+,2.0,601+,3.6,701+,1.7,701+,1.6,701+,7.0,701+,1.8,701+,5.9,701+,2.2,701+
University of Oregon,United States,US,Americas,L,CO,VH,5,Public,751-760,801-850,721-730,701-750,-,-,23.2,543,22.5,592,14.7,801+,25.3,632,10.5,801+,5.4,801+,4.3,801+,53.8,785,36.9,470,55.7,582=,17.7,503,8.6,601+,11.2,701+,24.0,502,12.5,701+,4.5,701+,8.9,699,18.3,457,30.7,438=
University of Oslo,Norway,NO,Europe,L,FC,VH,5,Public,119,119,117,101,65.7,56.9,67.8,143,27.7,498,78.4,176,67.7,232,95.8,167,46.0,439,34.3,560,96.8,43,86.6,129,72.3,286=,55.8,139,11.2,601+,81.7,132,64.2,183,86.1,202,25.4,472,95.9,43,41.8,173,91.8,80=
University of Ostrava,Czech Republic,CZ,Europe,M,FC,HI,3,Public,1201-1400,1201-1400,1201-1400,1001-1200,-,-,8.0,701+,2.9,701+,20.5,801+,5.9,801+,34.6,540,32.2,564,24.2,702,28.9,801+,5.0,801+,24.2,801+,6.0,601+,1.0,601+,19.9,669,4.1,701+,18.6,605,12.3,673,1.8,701+,7.7,701+,1.2,701+
University of Otago,New Zealand,NZ,Oceania,L,FC,VH,5,Public,197,214,206,217=,55.8,45.0,60.0,176,36.0,399,14.8,801+,63.2,258,100.0,53,39.6,496,45.0,464,76.5,413,68.7,222,88.2,78=,46.3,178,27.1,359,11.0,701+,51.0,256,100.0,44,29.2,428,38.1,391,44.7,159,98.1,22
University of Ottawa,Canada,CA,Americas,XL,FC,VH,5,Public,219,189,=203,237=,54.2,45.2,35.8,339,38.7,361,5.4,801+,84.8,125,96.1,165,85.5,193,86.8,163,92.3,141,50.0,342,86.8,90,26.5,329,29.7,328,3.8,701+,79.1,116,85.9,203,75.9,182,85.8,111,24.3,344,54.6,279=
University of Oulu,Finland,FI,Europe,M,FC,VH,4,Public,342,344,=313,392=,42,33.5,23.0,546,21.8,607,29.5,640,74.5,181,80.9,289,19.7,733,25.8,672,87.9,203,30.6,541,75.2,232=,15.8,553,17.3,502,26.4,564,56.9,228,52.5,348,9.4,701+,75.4,168,16.6,511,88.4,103=
University of Oxford,United Kingdom,UK,Europe,L,FC,VH,5,Public,4,3,3,4,97.9,98.9,100.0,2,100.0,4,100.0,9,91.0,98,98.8,132,98.6,80,98.7,67,100.0,1,100.0,3,77.9,198=,100.0,2,100.0,5,100.0,8,90.6,73,98.2,110,98.2,60,100.0,1,100,3,97.8,26=
University of Padova,Italy,,Europe,XL,FC,VH,,Public,233,236,,,52.1,,73.5,119,40.2,341,13.5,801+,54.4,337,15.5,796,18.8,748,24.9,686,95.5,70,29.6,555,85.0,110=,,,,,,,,,,,,,,,,,,
University of Palermo,Italy,IT,,L,CO,VH,5,A,,,851-900,1001-1200,,-,,,,,,,,,,,,,,,,,,,,,10.9,601+,2.4,601+,5.1,701+,27.5,455,2.4,701+,1.9,701+,53.3,295,5.1,701+,9.7,673=
University of Pannonia,Hungary,HU,Europe,S,FO,VH,4,Public,1201-1400,1201-1400,1201-1400,1001-1200,-,-,6.1,701+,7.3,701+,33.3,584,14.9,801+,5.8,801+,7.2,801+,5.6,801+,55.5,760,5.0,801+,23.4,801+,4.5,601+,3.5,601+,23.7,603,8.3,701+,,,9.2,701+,5.9,701+,5.8,701+,1,701+
University of Pardubice,Czech Republic,CZ,Europe,M,CO,VH,4,Public,1201-1400,1201-1400,1001-1200,1001-1200,-,-,5.2,701+,5.2,701+,47.8,407,5.8,801+,12.3,801+,15.5,801+,19.7,768,36.2,801+,2.5,801+,15.8,801+,4.8,601+,2.6,601+,39.8,398,3.3,701+,11.5,701+,11.1,689,1.1,701+,7.8,701+,1,701+
University of Parma,Italy,IT,Europe,XL,FC,HI,5,Public,1001-1200,951-1000,851-900,801-1000,-,-,13.6,701+,5.8,701+,4.5,801+,33.0,551,5.2,801+,16.8,784,22.9,722,63.0,651,12.5,801+,37.0,801+,9.4,601+,2.7,601+,2.6,701+,34.6,393,2.0,701+,6.3,701+,35.1,419,10.2,701+,3.7,701+
University of Patras,Greece,GR,Europe,L,FC,VH,4,Public,721-730,761-770,791-800,801-1000,-,-,16.8,701+,25.7,527,4.2,801+,44.3,425,2.3,801+,9.2,801+,14.3,801+,66.2,606,4.7,801+,65.3,392,12.1,601+,17.7,496,2.7,701+,24.0,501,1.5,701+,5.1,701+,12.4,631,8.4,701+,41.1,358=
University of Pecs,Hungary,HU,Europe,L,FC,HI,5,Public,741-750,771-780,801-850,701-750,-,-,20.1,613,20.1,653,52.3,357,5.0,801+,12.8,801+,77.3,240,79.5,211,42.4,801+,12.8,801+,53.7,627=,13.2,601+,8.8,601+,38.1,414,2.7,701+,9.1,701+,62.4,240,4.8,701+,9.6,701+,3,701+
University of Pennsylvania,United States,US,Americas,L,FC,VH,5,Private not for Profit,15,11,12,13,92.5,89.4,98.9,30,98.7,28,99.9,29,72.0,199,96.9,151,76.3,249,78.6,221,89.4,182,100.0,4,95.0,24,96.4,29,89.1,52,99.9,24,68.4,153,96.0,140,70.3,208,83.3,129,100,5,99.9,3=
University of Peradeniya,Sri Lanka,LK,Asia,L,CO,HI,3,Public,1201-1400,1201-1400,1201-1400,1001-1200,-,-,10.4,701+,13.6,701+,14.3,801+,3.7,801+,,,1.6,801+,6.0,801+,39.5,801+,17.7,765,50.6,693=,7.8,601+,9.9,601+,14.9,701+,2.0,701+,1.0,701+,1.3,701+,2.2,701+,10.8,701+,2.2,701+
University of Peshawar,Pakistan,PK,Asia,L,FO,VH,4,Public,901-950,901-950,951-1000,801-1000,-,-,9.4,701+,11.9,701+,87.2,119,12.3,801+,,,2.0,801+,1.7,801+,49.0,801+,19.2,742,25.8,801+,6.0,601+,9.0,601+,36.0,442,17.4,592,,,2.0,701+,3.7,701+,5.9,701+,1.2,701+
University of Petra,Jordan,,Asia,M,CO,HI,,Private for Profit,1201-1400,,,,-,,8.8,701+,8.1,701+,10.0,801+,6.2,801+,25.9,635,47.1,429,44.2,472,9.9,801+,5.7,801+,34.6,801+,,,,,,,,,,,,,,,,,,
University of Petroleum and Energy Studies (UPES),India,IN,Asia,M,FO,VH,,Private for Profit,901-950,801-850,901-950,,-,-,23.4,542,7.7,701+,46.5,423,9.5,801+,23.7,666,1.4,801+,5.8,801+,66.5,597,1.7,801+,27.2,801+,18.2,490,3.7,601+,39.2,406,2.8,701+,18.1,613,1.1,701+,1.5,701+,8.1,701+,,
University of Pisa,Italy,IT,Europe,L,FC,VH,5,Public,343,382,=349,404,41.8,31.3,51.6,216,26.3,517,12.8,801+,59.6,290,5.0,801+,10.5,801+,16.3,801+,84.6,262,25.1,639,72.8,278,40.4,211,12.7,601+,7.5,701+,41.1,333,5.9,701+,4.1,701+,67.6,209,13.4,642,73.6,182=
University of Pittsburgh,United States,US,Americas,L,FC,VH,5,Public,281,275,=222,181=,47.3,42.5,45.4,258,26.4,516,98.1,57,41.7,453,9.9,801+,23.0,688,29.1,625,90.4,171,59.7,272,60.2,501,37.9,228,15.2,541,96.1,56,38.7,357,7.0,701+,14.9,621,81.1,140,33.1,232,90.5,91
University of Plymouth,United Kingdom,UK,Europe,L,FC,HI,5,Public,613,661-670,=561,651-700,27.8,21.0,13.8,701+,14.2,701+,15.4,801+,36.7,508,61.3,382=,61.4,332,65.1,303,82.1,311,13.8,801+,58.6,530=,9.0,601+,12.1,601+,12.2,701+,29.1,443,51.3,352,38.9,352,45.4,342,11.2,701+,45,335
University of Porto,Portugal,PT,Europe,XL,FC,VH,5,Public,237,278,253,274,51.6,39.0,52.5,212,41.5,328,13.6,801+,73.6,185,9.2,801+,38.2,513,33.1,575,94.3,94,61.2,261,77.3,208=,39.8,214,22.9,414,11.1,701+,58.1,219,7.3,701+,18.7,564,93.8,60,17.6,473,77.3,167=
University of Portsmouth,United Kingdom,UK,Europe,L,CO,VH,3,Public,635,631-640,=502,701-750,27.2,23.1,10.9,701+,13.1,701+,12.0,801+,27.8,607,80.1,297,90.7,160,91.4,135,81.5,322,13.5,801+,62.6,448,8.4,601+,9.6,601+,8.7,701+,18.7,572,75.1,253,87.3,134,44.8,348,12.6,690,73.1,187=
University of Pretoria,South Africa,ZA,Africa,XL,FC,VH,5,Public,362,354,=323,591-600,40.9,32.8,32.3,381,55.1,221,6.2,801+,31.2,574,57.2,404,17.4,776,23.5,713,97.6,26,84.8,138,80.1,168,23.6,365,52.3,155,3.5,701+,20.7,550,25.0,535,6.4,701+,97.6,26,58.4,104,78.4,158=
University of Primorska,Slovenia,SI,Europe,M,CO,HI,3,Public,1201-1400,1201-1400,1001-1200,1001-1200,-,-,3.6,701+,5.7,701+,12.3,801+,8.3,801+,31.6,567,38.9,506,37.4,523,45.4,801+,13.2,801+,21.8,801+,3.1,601+,2.3,601+,9.4,701+,5.1,701+,26.3,520,28.6,435,5.7,701+,67.8,80,1.4,701+
University of Rajshahi,Bangladesh,,Asia,L,CO,HI,,,1201-1400,1201-1400,,,-,,13.2,701+,13.1,701+,6.2,801+,6.4,801+,1.3,801+,1.2,801+,5.6,801+,23.5,801+,4.4,801+,39.3,801+,,,,,,,,,,,,,,,,,,
University of Reading,United Kingdom,UK,Europe,L,CO,VH,5,Public,194,172,=169,229,56.2,48.9,45.7,256,46.8,280,20.2,801+,63.0,260,95.0,178,85.8,192,87.0,162,93.3,121,57.6,287,92.4,42=,33.2,263,39.3,241,16.1,701+,67.4,161,88.4,189,81.0,158,77.8,158,32.3,237,72.5,189=
University of Regina,Canada,CA,Americas,L,CO,HI,3,Public,1001-1200,951-1000,1001-1200,1001-1200,-,-,4.7,701+,2.9,701+,5.7,801+,34.3,532,4.0,801+,51.2,400,54.5,376,48.5,801+,6.4,801+,64.2,417=,3.5,601+,2.9,601+,4.0,701+,21.2,542,8.8,701+,41.1,338,5.7,701+,8.3,701+,,
University of Rhode Island,United States,US,Americas,L,CO,VH,5,Public,1001-1200,1001-1200,1001-1200,1001-1200,-,-,7.2,701+,5.7,701+,8.7,801+,26.5,619,7.8,801+,4.3,801+,9.2,801+,53.2,793,15.8,801+,68.0,351=,5.6,601+,2.8,601+,6.9,701+,16.7,605,5.1,701+,2.7,701+,3.3,701+,12.7,684,58.6,255=
University of Rijeka,Croatia,HR,Europe,L,CO,VH,4,Public,1201-1400,1201-1400,1201-1400,1001-1200,-,-,7.3,701+,8.4,701+,17.0,801+,8.7,801+,2.8,801+,5.8,801+,10.1,801+,50.2,801+,15.3,801+,42.4,801+,5.9,601+,2.7,601+,17.1,701+,4.3,701+,2.6,701+,1.9,701+,5.7,701+,10.1,701+,2.6,701+
University of Rochester,United States,US,Americas,M,FC,VH,5,Private not for Profit,236,236,224,147=,51.9,42.4,27.1,463,32.4,443,98.2,51,56.6,314,80.5,294,96.2,109,96.5,94,63.7,641,51.2,333,72.3,286=,22.1,398,18.4,477,97.9,48,51.6,252,71.4,269,91.7,106,31.3,451,26.6,308,33.2,416=
"University of Rome ""Tor Vergata""",Italy,IT,,L,CO,VH,3,A,,,=489,499=,,23.6,,,,,,,,,,,,,,,,,,,,,31.5,277,12.6,601+,7.6,701+,38.1,367,7.1,701+,16.2,596,32.8,435,7.8,701+,15.2,608=
University of Rzeszów,Poland,PL,,L,FC,HI,3,A,,,1201-1400,1201-1400,,-,,,,,,,,,,,,,,,,,,,,,4.3,601+,1.9,601+,17.8,701+,2.6,701+,,,1.7,701+,2.0,701+,6.1,701+,1,701+
University of Salamanca,Spain,ES,Europe,L,FC,VH,5,Public,526,539,=534,601-650,30.9,22.0,36.9,323,23.5,568,36.8,545,11.8,801+,10.2,801+,25.9,647,31.9,590,86.3,231,33.4,506,70.8,303=,26.8,324,15.0,550,23.2,611,6.9,701+,6.7,701+,22.4,510,45.3,343,15.3,550,72.5,189=
University of Salento,Italy,,Europe,L,CO,VH,,Public,1001-1200,1001-1200,,,-,,6.8,701+,1.9,701+,8.2,801+,41.5,454,1.5,801+,4.5,801+,9.5,801+,71.9,501,3.4,801+,31.9,801+,,,,,,,,,,,,,,,,,,
University of Salerno,Italy,IT,,L,FC,VH,4,A,,,801-850,1001-1200,,-,,,,,,,,,,,,,,,,,,,,,7.9,601+,2.1,601+,4.8,701+,31.9,421,3.4,701+,1.8,701+,64.8,217,5.4,701+,7.6,701+
University of Salford,United Kingdom,UK,Europe,L,CO,HI,4,Public,901-950,901-950,851-900,801-1000,-,-,10.8,701+,7.9,701+,9.1,801+,12.0,801+,55.6,408,88.2,182,89.2,153,61.6,670,13.8,801+,43.4,801+,7.4,601+,4.0,601+,6.7,701+,7.8,701+,38.1,422,70.1,210,20.8,539,11.8,701+,9.8,669=
University of San Carlos,Philippines,PH,,M,FO,HI,4,C,,,1201-1400,,,-,,,,,,,,,,,,,,,,,,,,,6.2,601+,8.6,601+,3.4,701+,1.8,701+,1.9,701+,2.2,701+,1.0,701+,9.4,701+,,
University of San Diego,United States,US,Americas,M,CO,HI,4,Private not for Profit,1201-1400,1201-1400,1201-1400,1001-1200,-,-,9.0,701+,15.2,701+,27.8,684,4.5,801+,4.9,801+,10.5,801+,8.0,801+,6.9,801+,20.3,722,21.4,801+,6.8,601+,4.4,601+,24.9,588,2.8,701+,3.1,701+,6.0,701+,1.0,701+,17.2,489,1,701+
University of San Francisco,United States,US,Americas,M,CO,HI,5,Private not for Profit,1201-1400,1201-1400,1001-1200,1001-1200,-,-,6.9,701+,12.1,701+,27.5,691,5.7,801+,3.9,801+,27.1,627,20.3,758,9.3,801+,39.0,444,31.8,801+,6.6,601+,4.0,601+,17.0,701+,4.5,701+,1.8,701+,20.3,543,1.0,701+,22.8,366,1.1,701+
University of Santo Tomas,Philippines,PH,Asia,XL,FC,MD,5,Private not for Profit,851-900,851-900,801-850,801-1000,-,-,20.3,605,45.9,294,14.1,801+,1.7,801+,38.5,513,9.0,801+,7.0,801+,19.1,801+,25.5,631,40.2,801+,11.5,601+,33.5,293,15.7,701+,1.3,701+,41.4,401,8.2,701+,1.0,701+,12.5,697,1.1,701+
University of Sarajevo,Bosnia and Herzegovina,BA,Europe,L,CO,HI,4,Public,1201-1400,1001-1200,1201-1400,1201-1400,-,-,5.0,701+,1.0,701+,6.5,801+,2.9,801+,,,5.2,801+,4.1,801+,41.3,801+,89.1,113,20.5,801+,4.2,601+,3.5,601+,3.8,701+,2.0,701+,,,3.0,701+,7.0,701+,38.2,192,1,701+
University of Saskatchewan,Canada,CA,Americas,L,FC,VH,5,Public,378,340,=345,473=,39.6,31.5,16.0,701+,10.2,701+,21.1,801+,71.9,201,82.4,276,65.4,305,68.7,280,77.3,397,44.3,396,83.6,131,12.0,601+,6.8,601+,17.3,701+,54.3,237,70.0,279,51.8,280,47.2,331,20.9,396,94.9,56
University of Science and Technology Beijing,China (Mainland),CN,Asia,L,CO,VH,3,Public,480,430,=436,428=,33.2,26.0,16.4,701+,14.6,701+,13.9,801+,99.2,37,4.2,801+,5.1,801+,4.0,801+,59.1,706,8.5,801+,41.6,801+,12.6,601+,3.0,601+,10.7,701+,97.3,39,3.3,701+,3.0,701+,9.2,691,6.2,701+,3.3,701+
University of Science and Technology of China,China (Mainland),CN,Asia,L,CO,VH,4,Public,132,133,=137,94,64.2,52.6,57.6,188,50.6,248,98.1,56,99.4,30,14.9,801+,7.8,801+,13.5,801+,74.4,457,42.8,410,55.3,596=,52.5,149,17.5,500,91.2,80,98.5,26,16.8,639,5.2,701+,32.2,444,24.8,335,21.6,528=
University of Seoul,Republic of Korea,,Asia,M,CO,VH,,Public,851-900,1001-1200,,,-,,17.6,695,15.6,701+,49.2,390,16.5,773,6.4,801+,12.0,801+,16.3,801+,38.4,801+,6.9,801+,48.5,743=,,,,,,,,,,,,,,,,,,
University of Seoul ,South Korea,KR,,M,CO,VH,3,A,,,951-1000,801-1000,,-,,,,,,,,,,,,,,,,,,,,,12.1,601+,10.0,601+,37.2,424,8.2,701+,3.2,701+,5.8,701+,1.3,701+,9.2,701+,1.4,701+
University of Sharjah,United Arab Emirates,AE,Asia,L,CO,VH,3,Private not for Profit,328,434,=465,601-650,42.6,24.7,28.5,440,34.9,411,9.3,801+,52.2,362,100.0,15,100.0,40,100.0,28,84.8,259,19.3,740,58.8,525=,16.7,530,18.8,473,5.5,701+,13.5,668,100.0,9,99.7,35,35.9,413,14.1,600,24.6,495=
University of Siena,Italy,IT,Europe,M,FC,VH,5,Public,607,691-700,731-740,751-800,28,-,21.4,580,7.8,701+,15.3,801+,60.2,288,4.6,801+,19.7,734,25.8,673,61.2,675,12.3,801+,63.4,433=,12.5,601+,2.6,601+,8.6,701+,33.2,411,2.1,701+,15.1,617,16.0,585,8.3,701+,49.4,312=
University of Silesia in Katowice,Poland,PL,Europe,L,CO,VH,4,Public,1201-1400,1201-1400,1201-1400,1201-1400,-,-,8.6,701+,6.8,701+,31.3,611,5.7,801+,5.1,801+,7.4,801+,12.0,801+,59.3,703,10.1,801+,44.4,801+,5.3,601+,4.3,601+,17.2,701+,3.3,701+,3.3,701+,3.3,701+,11.5,644,8.3,701+,1.4,701+
University of South Africa,South Africa,ZA,Africa,XL,CO,VH,5,Public,901-950,851-900,851-900,,-,-,13.8,701+,13.6,701+,1.2,801+,11.7,801+,,,13.3,801+,10.1,801+,92.5,138,96.0,66,43.3,801+,9.6,601+,4.9,601+,1.0,701+,8.8,701+,,,8.0,701+,81.8,136,66.6,81,,
University of South Alabama (USA),United States,US,Americas,L,CO,HI,4,Public,1201-1400,1201-1400,1201-1400,1201-1400,-,-,5.6,701+,11.1,701+,23.1,772,13.1,801+,,,2.7,801+,2.3,801+,13.7,801+,3.2,801+,28.9,801+,5.3,601+,4.4,601+,17.3,701+,6.5,701+,,,1.8,701+,1.1,701+,7.6,701+,1.2,701+
University of South Australia,Australia,AU,,L,CO,VH,3,A,,,=326,363=,,32.7,,,,,,,,,,,,,,,,,,,,,22.5,390,14.0,580,22.4,625,32.8,415,99.8,80,45.1,322,58.6,256,15.4,544,81.7,137=
University of South Bohemia,Czech Republic,CZ,Europe,M,CO,VH,3,Public,1001-1200,951-1000,1001-1200,701-750,-,-,7.1,701+,5.8,701+,53.7,350,12.5,801+,27.7,618,19.8,730,26.0,670,57.2,731,2.5,801+,47.0,789=,5.5,601+,2.6,601+,68.7,190,4.8,701+,,,,,5.9,701+,7.7,701+,1.2,701+
University of South Carolina,United States,US,Americas,L,FC,VH,5,Public,628,601-610,=575,701-750,27.4,20.6,17.7,693,21.9,605,13.5,801+,37.1,502,54.6,414,5.9,801+,10.0,801+,68.0,568,28.0,593,68.9,331=,14.7,590,11.8,601+,8.9,701+,33.6,407,37.8,424,3.5,701+,40.8,370,17.1,494,39.6,365
University of South Florida,United States,US,Americas,XL,CO,VH,4,Public,654,621-630,=563,601-650,26.6,20.9,17.4,701+,20.4,646,13.8,801+,36.7,507,14.3,801+,41.4,480,46.7,444,81.9,314,13.5,801+,66.4,371=,13.2,601+,10.2,601+,7.9,701+,36.6,381,30.7,485,13.8,646,57.8,261,10.6,701+,34.9,400=
University of Southampton,United Kingdom,UK,Europe,L,FC,VH,5,Public,87,80,=81,78,71.2,63.5,62.6,163,55.9,214,40.1,504,87.8,111,96.8,153,98.6,82,98.6,69,97.4,32,58.6,279,95.1,23,51.5,154,51.2,160,52.8,298,71.4,140,96.1,138,97.4,70,97.0,31,32.5,235,82.7,133=
University of Southern California,United States,US,Americas,XL,FC,VH,5,Private not for Profit,146,125,116,134,62.6,57.1,61.2,167,69.6,150,19.6,801+,66.2,240,15.8,786,81.2,219,82.9,184,87.8,204,98.0,45,92.1,45=,52.5,150,47.6,183,21.7,634,68.0,157,31.8,474,73.5,191,62.8,228,93.1,32,98.9,15
University of Southern Denmark,Denmark,,Europe,L,CO,VH,,Public,303,324,,,45.1,,29.2,425,24.9,540,31.9,602,68.4,227,91.7,212,46.4,435,51.3,403,77.4,394,27.0,607,85.0,110=,,,,,,,,,,,,,,,,,,
University of Southern Denmark (SDU),Denmark,DK,,L,CO,VH,4,A,,,=326,347=,,32.7,,,,,,,,,,,,,,,,,,,,,20.0,441,18.0,485,27.1,558,40.7,337,83.2,220,22.7,503,49.7,315,17.7,469,88.7,100
University of Southern Queensland,Australia,AU,Oceania,M,CO,VH,3,Public,410,396,=410,651-700,36.7,27.2,11.0,701+,8.2,701+,7.9,801+,90.1,103,78.5,304,48.7,416,52.0,398,82.2,307,11.0,801+,65.5,387=,8.5,601+,6.8,601+,4.5,701+,59.6,209,76.1,245,26.3,462,60.6,240,12,701+,51.2,299=
University of Split,Croatia,HR,Europe,L,FC,HI,3,Public,1201-1400,1201-1400,1201-1400,1201-1400,-,-,7.6,701+,9.2,701+,8.7,801+,8.8,801+,1.6,801+,3.3,801+,7.5,801+,52.3,801+,22.4,687,44.8,801+,5.9,601+,2.5,601+,4.2,701+,3.9,701+,1.5,701+,2.1,701+,5.9,701+,11,701+,1.4,701+
University of Sri Jayewardenepura,Sri Lanka,,Asia,L,CO,HI,,Public,1401+,1201-1400,,,-,,8.0,701+,12.2,701+,5.7,801+,7.0,801+,,,1.3,801+,5.7,801+,27.8,801+,22.8,674,27.4,801+,,,,,,,,,,,,,,,,,,
University of St Andrews,United Kingdom,UK,Europe,M,FO,VH,5,Public,113,104,=95,96=,66.4,61.0,61.5,165,74.9,127,63.8,278,51.3,368,98.8,131,99.7,47,99.7,36,87.7,208,28.9,575,86.2,97,47.3,173,67.2,114,64.9,212,57.7,223,98.7,103,100.0,29,51.1,306,22.4,370,92.1,77=
University of St.Gallen (HSG),Switzerland,CH,,M,SP,,5,A,,,=436,501-510,,26.0,,,,,,,,,,,,,,,,,,,,,9.0,601+,27.6,350,6.2,701+,22.8,515,100.0,52,83.1,150,1.0,701+,94.8,26,1.6,701+
University of Stavanger,Norway,NO,Europe,M,CO,VH,2,,851-900,801-850,1401+,,-,-,10.4,701+,11.2,701+,83.2,151,10.9,801+,,,,,,,72.2,496,12.9,801+,45.2,801+,7.2,601+,5.7,601+,,,,,,,,,26.3,489,,,,
University of Stirling,United Kingdom,UK,Europe,M,CO,VH,4,Public,517,452,=431,501-510,31.4,26.2,16.8,701+,13.1,701+,14.6,801+,38.3,489,79.5,299,81.3,218,83.0,183,62.7,655,22.4,685,81.2,158=,11.5,601+,10.2,601+,10.5,701+,34.7,391,71.9,266,83.5,149,14.4,607,14.8,566,79.8,152=
University of Strathclyde,United Kingdom,UK,Europe,L,CO,VH,4,Public,251,281,=276,325=,50.2,37.0,37.5,319,40.5,335,17.8,801+,57.2,306,99.2,122,89.0,175,90.0,149,84.5,263,46.0,379,84.6,117=,26.3,334,34.6,281,17.7,701+,33.7,405,93.3,161,67.0,222,61.6,235,24,353,59.2,252=
University of Surrey,United Kingdom,UK,Europe,L,CO,VH,4,Public,262,285,244,305,49.3,39.9,29.7,411,30.0,475,33.4,583,74.4,182,98.0,139,88.7,181,89.7,152,86.6,227,30.7,539,60.4,499=,20.4,428,23.4,409,23.2,613,56.2,230,96.8,129,88.3,127,71.1,192,16.8,503,57.7,259=
University of Sussex,United Kingdom,UK,Europe,L,FC,VH,4,Public,278,246,218,240=,47.9,43.1,33.8,360,21.0,624,21.4,801+,60.7,283,99.0,129,89.5,172,90.4,146,86.3,232,53.6,314,90.0,63=,22.9,380,8.9,601+,14.6,701+,70.9,142,96.1,137,93.0,100,62.9,226,30.6,251,97.2,35
University of Szeged,Hungary,HU,Europe,L,FC,HI,5,Private not for Profit,597,570,601-610,551-560,28.3,-,26.2,484,22.7,583,41.9,482,8.9,801+,15.4,801+,56.4,368,60.6,336,75.3,438,29.0,574,69.4,323=,18.0,498,12.0,601+,44.6,352,4.9,701+,11.9,701+,50.5,288,34.6,420,9.1,701+,34.9,400=
University of Tabriz,Iran (Islamic Republic of),,Asia,L,CO,VH,,Public,578,552,,,29,,9.7,701+,11.2,701+,2.9,801+,91.7,94,1.7,801+,25.4,655,24.4,697,76.9,408,5.1,801+,29.6,801+,,,,,,,,,,,,,,,,,,
University of Tabuk,Saudi Arabia,,Asia,L,FC,HI,,Public,1001-1200,1001-1200,,,-,,8.8,701+,3.5,701+,27.3,693,6.7,801+,93.7,197,5.5,801+,9.9,801+,42.7,801+,2.8,801+,34.7,801+,,,,,,,,,,,,,,,,,,
University of Tartu,Estonia,EE,Europe,M,FC,VH,5,Public,362,358,=358,296=,40.9,30.8,28.6,437,23.7,567,94.6,79,19.1,728,62.1,374,20.8,712,26.9,654,89.0,186,89.2,112,64.2,417=,24.4,355,9.0,601+,91.5,78,11.5,701+,46.5,372,22.2,513,73.7,177,42.1,171,27.6,471=
University of Tasmania,Australia,AU,Oceania,M,CO,VH,5,Public,314,293,=307,293=,44.3,33.9,22.5,556,12.2,701+,34.3,572,72.8,192,87.1,244,91.7,152,92.3,129,80.4,348,25.0,640,84.0,124=,17.2,520,7.8,601+,17.7,701+,58.1,220,75.1,254,95.8,84,48.8,320,14.8,562,47.2,323=
University of Technology Sydney,Australia,AU,Oceania,L,CO,VH,3,Public,96,88,90,137,69.9,61.8,58.7,180,66.7,159,11.8,801+,99.3,33,97.6,146,91.7,151,92.3,128,89.7,177,52.3,323,92.0,47,43.4,195,57.8,143,9.0,701+,95.3,52,96.6,132,93.6,95,79.7,146,30.1,260,93.1,72
University of Tehran,Iran (Islamic Republic of),,Asia,XL,CO,VH,,Public,322,368,,,43.3,,31.0,394,41.8,322,4.2,801+,91.1,97,2.5,801+,3.3,801+,2.7,801+,86.8,223,58.1,284,45.5,801+,,,,,,,,,,,,,,,,,,
University of Tehran,"Iran, Islamic Republic of",IR,,XL,CO,VH,4,A,,,=360,501-510,,30.7,,,,,,,,,,,,,,,,,,,,,18.7,476,38.8,249,3.4,701+,67.5,159,2.1,701+,1.8,701+,68.6,203,17.5,475,18.4,560=
University of Tennessee,United States,,Americas,XL,FC,VH,,Public,607,481,,,28,,14.3,701+,11.7,701+,12.9,801+,69.3,220,6.9,801+,4.6,801+,9.8,801+,68.6,557,25.2,636,54.8,606=,,,,,,,,,,,,,,,,,,
University of Texas Arlington,United States,,Americas,XL,CO,VH,,Public,1001-1200,1001-1200,,,-,,7.0,701+,9.2,701+,6.6,801+,16.4,776,12.7,801+,39.7,492,45.2,460,57.7,722,14.9,801+,64.5,409=,,,,,,,,,,,,,,,,,,
University of Texas at Austin,United States,US,Americas,XL,FC,VH,5,Public,68,66,58,72,76.4,71.8,97.6,39,96.8,38,10.7,801+,85.4,122,9.1,801+,19.1,742,14.4,801+,90.5,169,93.9,82,70.6,308=,93.5,35,83.2,65,8.9,701+,86.7,85,9.3,701+,11.0,691,79.4,147,70,73,77.7,163=
University of Texas at Dallas,United States,,Americas,L,FC,VH,,Public,597,596,,,28.3,,19.3,641,33.7,426,5.5,801+,43.0,438,14.4,801+,61.1,335,64.9,305,55.3,765,9.1,801+,48.9,733,,,,,,,,,,,,,,,,,,
University of Texas at San Antonio,United States,US,Americas,L,FC,HI,4,Public,1001-1200,1001-1200,1001-1200,1001-1200,-,-,6.7,701+,6.0,701+,5.8,801+,30.6,581,14.1,801+,4.6,801+,3.7,801+,59.9,694,8.0,801+,44.5,801+,6.2,601+,3.0,601+,3.7,701+,25.2,482,13.5,695,2.8,701+,17.6,567,8.8,701+,5.9,701+
University of Texas Dallas,United States,US,,L,FC,VH,4,A,,,=520,521-530,,22.6,,,,,,,,,,,,,,,,,,,,,13.3,601+,11.6,601+,3.8,701+,54.5,236,5.4,701+,35.5,376,23.8,509,8.4,701+,41.1,358=
University of Texas El Paso,United States,US,Americas,L,CO,VH,5,Public,1201-1400,1001-1200,1001-1200,1201-1400,-,-,6.8,701+,3.7,701+,7.6,801+,21.5,690,13.9,801+,10.1,801+,7.8,801+,61.6,669,9.1,801+,41.5,801+,4.8,601+,2.1,601+,5.6,701+,15.6,623,10.5,701+,5.9,701+,15.5,588,7.5,701+,3.4,701+
University of the Algarve,Portugal,,Europe,M,CO,VH,,,1001-1200,,,,-,,7.2,701+,3.2,701+,13.6,801+,28.3,604,6.6,801+,53.0,388,57.4,355,66.3,604,3.0,801+,45.0,801+,,,,,,,,,,,,,,,,,,
University of the Basque Country,Spain,ES,,XL,CO,VH,3,A,,,621-630,701-750,,-,,,,,,,,,,,,,,,,,,,,,19.4,457,6.4,601+,34.7,462,17.4,593,2.5,701+,3.8,701+,73.6,178,7,701+,21.2,533=
University of the Free State,South Africa,ZA,Africa,L,FO,VH,5,Public,1001-1200,1001-1200,1001-1200,,-,-,7.2,701+,12.1,701+,4.9,801+,13.8,801+,,,8.3,801+,6.4,801+,93.7,107,18.4,751,41.7,801+,5.6,601+,6.6,601+,3.5,701+,7.9,701+,,,4.9,701+,66.4,211,9.6,701+,,
University of the Pacific,United States,US,Americas,M,CO,HI,5,Private not for Profit,1401+,1201-1400,1201-1400,1001-1200,-,-,1.8,701+,7.2,701+,40.1,503,4.8,801+,3.5,801+,21.0,711,15.8,801+,9.6,801+,13.0,801+,9.9,801+,2.2,601+,3.7,601+,34.3,466,3.4,701+,4.2,701+,7.2,701+,1.0,701+,10.8,701+,1,701+
University of the Philippines,Philippines,PH,Asia,XL,FC,HI,5,Public,362,336,=404,412=,40.9,27.6,50.6,220,71.1,143,42.7,467,3.2,801+,2.4,801+,1.2,801+,5.7,801+,66.4,600,80.8,155,68.9,331=,34.4,250,58.9,136,38.0,415,1.9,701+,1.6,701+,1.1,701+,9.3,685,35.3,213,38.7,370=
University of the Punjab,Pakistan,PK,Asia,XL,CO,VH,5,Public,542,570,741-750,801-1000,30.3,-,22.5,559,57.6,203,5.7,801+,24.4,649,4.0,801+,1.7,801+,6.1,801+,71.8,504,89.4,109,44.3,801+,14.2,601+,52.3,154,5.3,701+,9.8,701+,2.9,701+,1.3,701+,5.2,701+,14.6,574,4.9,701+
University of the Sunshine Coast ,Australia,AU,,L,CO,HI,3,A,,,1001-1200,1001-1200,,-,,,,,,,,,,,,,,,,,,,,,3.0,601+,2.2,601+,2.3,701+,22.8,517,2.9,701+,18.5,565,6.4,701+,6.1,701+,7.1,701+
University of the West of England,United Kingdom,UK,,XL,CO,HI,3,A,,,741-750,801-1000,,-,,,,,,,,,,,,,,,,,,,,,9.2,601+,9.4,601+,8.4,701+,10.8,701+,48.4,363,75.8,183,24.8,499,8.9,701+,21.6,528=
University of the Western Cape,South Africa,ZA,Africa,L,CO,VH,4,Public,951-1000,951-1000,951-1000,1001-1200,-,-,12.0,701+,6.4,701+,6.1,801+,23.9,656,30.3,583,5.5,801+,10.5,801+,84.4,267,28.1,592,35.7,801+,8.4,601+,7.8,601+,4.2,701+,15.1,634,26.4,516,4.0,701+,40.5,372,11.7,701+,4.9,701+
University of The Witwatersrand,South Africa,,Africa,L,FC,VH,,Public,291,267,,,46.4,,36.8,328,50.9,246,14.0,801+,40.2,468,86.8,246,9.4,801+,15.1,801+,96.7,44,99.5,21,85.6,104=,,,,,,,,,,,,,,,,,,
University of Toledo,United States,US,Americas,L,FC,HI,,Public,1001-1200,1001-1200,1001-1200,1001-1200,-,-,4.2,701+,4.5,701+,13.8,801+,28.8,598,7.7,801+,21.6,702,16.3,801+,45.4,801+,14.5,801+,39.9,801+,3.8,601+,4.4,601+,8.7,701+,21.4,538,9.6,701+,8.8,701+,5.1,701+,10.3,701+,,
University of Toronto,Canada,CA,Americas,XL,FC,VH,5,Public,29,25,21,34=,88.5,86.3,100.0,11,99.1,25,45.7,428,68.8,224,97.9,143,97.9,91,98.0,78,97.0,37,99.4,22,100.0,1,99.7,11,96.0,33,54.2,283,57.2,226,95.7,145,96.4,80,95.5,46,96.4,22,99.9,2
University of Trento,Italy,IT,Europe,L,CO,VH,4,Public,485,506,=429,457=,32.9,26.3,34.8,346,18.6,693,32.9,589,40.0,470,32.3,560,11.3,801+,17.2,801+,85.6,244,7.1,801+,51.8,665=,24.6,352,8.9,601+,19.3,685,44.0,305,26.9,509,6.2,701+,61.0,238,9.3,701+,34.9,400=
University of Trieste,Italy,IT,Europe,L,FC,VH,4,Public,751-760,721-730,691-700,701-750,-,-,16.1,701+,7.8,701+,5.5,801+,53.8,345,11.6,801+,16.8,783,22.9,721,70.8,514,18.7,746,36.4,801+,11.9,601+,3.6,601+,4.0,701+,45.5,297,6.4,701+,7.6,701+,37.6,397,12.9,666,4,701+
University of Tripoli,Libya,,Africa,XL,FC,MD,,Public,1401+,,,,-,,6.8,701+,12.8,701+,8.6,801+,1.3,801+,1.2,801+,3.4,801+,7.6,801+,30.6,801+,28.7,582,11.2,801+,,,,,,,,,,,,,,,,,,
"University of Tromso, The Arctic University of Norway",Norway,,Europe,L,FC,VH,,Public,648,621-630,,,26.8,,15.5,701+,7.9,701+,82.5,154,12.0,801+,75.9,313,12.9,801+,9.8,801+,80.8,334,9.3,801+,51.4,675=,,,,,,,,,,,,,,,,,,
University of Tromsø The Arctic University of Norway,Norway,NO,,L,FC,HI,4,A,,,=577,454=,,20.5,,,,,,,,,,,,,,,,,,,,,12.1,601+,3.7,601+,70.5,182,8.9,701+,70.4,273,7.7,701+,42.5,360,9.6,701+,21.8,524=
University of Tsukuba,Japan,JP,Asia,L,FC,VH,4,Public,350,377,=355,312=,41.5,30.9,49.9,225,32.9,436,58.9,307,30.0,588,18.1,742,31.1,577,37.0,526,68.4,561,18.1,757,73.4,267=,35.8,242,24.0,402,59.0,243,19.0,569,13.8,691,21.2,529,31.7,450,11.5,701+,57.7,259=
University of Tulsa,United States,US,Americas,S,CO,VH,5,Private not for Profit,1001-1200,1001-1200,1001-1200,801-1000,-,-,2.8,701+,5.3,701+,49.8,387,15.1,801+,20.7,699,39.7,493,45.2,461,22.2,801+,22.5,682,46.7,799=,2.4,601+,3.0,601+,37.8,417,12.3,692,5.1,701+,12.2,675,1.0,701+,15.4,543,1.1,701+
University of Turin,Italy,IT,Europe,XL,FC,VH,5,Public,408,371,=364,475=,36.9,30.3,48.1,237,14.3,701+,5.1,801+,42.5,447,5.2,801+,10.1,801+,16.0,801+,90.0,175,61.4,257,78.7,188=,39.8,213,5.7,601+,2.9,701+,36.8,380,4.6,701+,5.4,701+,69.4,199,32.5,236,84.3,123=
University of Turku,Finland,FI,Europe,L,FC,VH,5,Public,366,375,=315,291,40.6,33.4,36.3,334,20.2,651,63.2,279,39.6,476,46.2,462,8.9,801+,14.7,801+,89.2,184,46.1,378,74.4,250=,28.3,311,21.1,440,52.3,302,32.4,417,27.2,505,4.3,701+,62.9,227,27.8,291,77.7,163=
University of Twente,Netherlands,NL,Europe,M,CO,VH,4,Public,203,233,210,212=,55.2,44.4,29.3,422,40.5,333,56.0,333,77.0,169,100.0,93,95.2,124,70.8,264,85.4,248,32.6,519,79.6,179,20.6,422,38.3,254,39.4,404,65.3,171,99.3,94,91.1,112,67.6,208,12.6,687,33.2,416=
University of Tyumen,Russia,RU,Europe,M,CO,VH,4,Public,1201-1400,1201-1400,1001-1200,801-1000,-,-,2.7,701+,3.4,701+,44.0,451,2.6,801+,6.0,801+,23.2,687,25.0,685,25.1,801+,5.7,801+,30.3,801+,4.1,601+,2.3,601+,39.0,407,1.6,701+,4.8,701+,15.2,616,1.7,701+,8.7,701+,3,701+
University of Ulsan,Republic of Korea,,Asia,L,FC,VH,,Private not for Profit,801-850,801-850,,,-,,6.0,701+,3.8,701+,60.2,300,50.1,374,2.7,801+,3.6,801+,7.9,801+,29.1,801+,6.4,801+,44.2,801+,,,,,,,,,,,,,,,,,,
University of Ulsan ,South Korea,KR,,L,FC,VH,3,B,,,751-760,561-570,,-,,,,,,,,,,,,,,,,,,,,,6.9,601+,2.5,601+,57.8,249,34.3,399,2.5,701+,3.4,701+,1.8,701+,6.9,701+,1.3,701+
University of Ulster,United Kingdom,,Europe,L,CO,VH,,Public,609,559,,,27.9,,12.6,701+,19.8,664,11.4,801+,19.0,731,100.0,94,90.1,166,90.9,141,71.5,508,10.1,801+,75.6,227,,,,,,,,,,,,,,,,,,
University of Utah,United States,US,Americas,XL,FC,VH,5,Public,540,531,=441,392=,30.5,25.9,21.8,570,13.1,701+,53.8,349,38.3,488,21.2,695,18.2,759,24.3,699,74.5,455,28.3,588,59.6,509=,15.9,548,6.0,601+,53.0,295,36.5,383,25.3,530,10.1,701+,54.4,289,14.9,560,49,315
University of Vermont,United States,US,Americas,L,FC,HI,5,Public,1001-1200,1001-1200,901-950,701-750,-,-,3.7,701+,6.8,701+,39.8,509,23.0,669,8.8,801+,3.8,801+,8.8,801+,66.2,607,22.3,690,52.0,663=,3.3,601+,3.2,601+,53.2,293,12.8,683,3.3,701+,2.5,701+,14.5,602,14.6,573,20.3,542=
University of Victoria,Canada,,Americas,L,CO,VH,,Public,358,349,,,41.1,,25.6,495,17.3,701+,6.2,801+,78.7,163,97.2,149,46.0,440,51.0,406,61.3,673,21.2,703,79.9,172=,,,,,,,,,,,,,,,,,,
University of Victoria (UVic),Canada,CA,,L,CO,VH,4,A,,,322,359=,,33.0,,,,,,,,,,,,,,,,,,,,,17.3,514,7.6,601+,3.5,701+,65.0,174,95.2,149,48.6,304,19.0,551,12.2,701+,89.8,94
University of Vienna,Austria,AT,Europe,XL,FC,VH,5,Public,152,137,=130,151,61.9,53.7,82.3,88,46.4,285,31.0,617,22.2,682,100.0,71,96.6,103,96.8,90,96.3,53,92.8,85,71.8,294=,70.8,88,42.5,217,22.0,629,14.5,646,99.3,92,88.1,129,93.5,62,56.8,109,74.1,180
University of Virginia,United States,US,Americas,L,FC,VH,5,Public,275,297,260,253=,48.1,38.5,46.5,250,47.9,272,68.2,245,36.5,513,5.3,801+,19.2,740,14.5,801+,82.6,299,91.9,91,68.9,331=,35.6,243,32.0,307,56.9,257,34.1,401,7.9,701+,10.8,700,57.7,262,68.5,77,63.1,232=
University of Waikato,New Zealand,NZ,Oceania,M,CO,VH,4,Public,281,235,250,331,47.3,39.5,28.2,446,18.8,691,16.2,801+,82.1,144,99.5,116,79.7,223,81.6,192,49.0,801+,58.4,282,84.8,112=,18.4,484,13.2,601+,11.3,701+,75.0,128,99.3,91,73.3,192,17.5,568,44.5,162,79.8,152=
University of Warmia and Mazury in Olsztyn,Poland,PL,Europe,L,FC,HI,2,Public,1001-1200,1001-1200,1201-1400,1001-1200,-,-,10.8,701+,14.5,701+,42.0,478,7.7,801+,2.6,801+,4.6,801+,9.0,801+,42.6,801+,4.0,801+,43.7,801+,6.0,601+,10.8,601+,24.2,589,3.5,701+,2.0,701+,2.7,701+,4.3,701+,6.3,701+,1.3,701+
University of Warsaw,Poland,PL,Europe,XL,CO,VH,5,Public,271,258,262,284=,48.3,38.1,61.0,168,62.8,175,59.5,304,10.0,801+,13.5,801+,15.7,801+,21.8,733,85.9,238,74.4,186,74.0,259=,48.7,169,53.4,150,41.9,375,6.3,701+,9.8,701+,8.6,701+,62.1,233,36.7,204,80,150=
University of Washington,United States,US,Americas,XL,FC,VH,5,Public,81,76,63,80,72.7,69.2,90.1,68,74.8,128,49.2,391,69.2,221,14.7,801+,45.8,441,34.2,561,95.0,83,79.9,160,74.9,237=,84.0,58,50.4,168,19.1,692,93.5,62,19.0,600,33.2,392,94.0,59,70,74,88.1,106=
University of Waterloo,Canada,CA,Americas,XL,CO,VH,4,Public,119,115,112,154,65.7,58.1,53.0,209,74.2,130,8.8,801+,88.3,108,81.5,283,76.6,247,78.9,219,83.5,285,72.0,201,90.5,60,40.7,208,66.7,117,6.8,701+,82.9,100,76.8,241,77.9,172,55.4,281,55.9,112,97.1,36=
University of West Bohemia,Czech Republic,CZ,Europe,M,CO,VH,3,Public,1401+,1201-1400,1201-1400,1201-1400,-,-,7.2,701+,5.3,701+,12.5,801+,7.9,801+,,,6.2,801+,4.8,801+,40.9,801+,15.5,801+,19.5,801+,5.9,601+,2.0,601+,11.9,701+,4.3,701+,,,,,2.7,701+,11.4,701+,1,701+
University of Westminster,United Kingdom,UK,Europe,L,CO,HI,3,Public,801-850,741-750,711-720,701-750,-,-,12.3,701+,11.4,701+,7.1,801+,9.0,801+,85.2,257,99.2,65,99.2,54,37.6,801+,34.2,498,40.3,801+,12.9,601+,6.7,601+,5.9,701+,6.0,701+,78.4,235,100.0,28,1.9,701+,16.3,515,1.9,701+
University of Windsor,Canada,CA,Americas,L,CO,VH,5,Public,546,547,641-650,751-800,30.2,-,5.1,701+,7.1,701+,2.7,801+,58.2,299,89.4,228,94.6,132,95.0,110,49.5,801+,34.4,497,68.7,339=,3.6,601+,4.8,601+,2.3,701+,33.1,411,87.6,195,75.1,184,6.1,701+,20.4,409,6.4,701+
University of Wisconsin-Madison,United States,US,Americas,XL,FC,VH,5,Public,110,116,102,83=,66.6,60.0,85.7,78,63.1,172,84.3,141,28.1,606,57.7,400,37.0,527,42.6,488,88.9,192,91.0,96,72.5,281=,80.2,71,47.8,182,61.3,229,37.4,376,30.9,483,22.8,501,83.6,126,73.1,61,83.7,126=
University of Wisconsin Milwaukee,United States,US,Americas,L,CO,VH,5,Public,1201-1400,1201-1400,1001-1200,1001-1200,-,-,9.0,701+,3.8,701+,13.8,801+,15.3,801+,11.8,801+,12.4,801+,9.4,801+,37.0,801+,16.0,801+,46.3,801+,8.3,601+,2.7,601+,8.8,701+,13.4,671,6.6,701+,3.9,701+,4.1,701+,10.2,701+,11.8,644=
University of Witwatersrand,South Africa,ZA,,L,FC,VH,5,A,,,=264,428=,,37.9,,,,,,,,,,,,,,,,,,,,,25.7,341,43.0,214,10.9,701+,27.7,453,79.9,229,7.5,701+,92.4,65,96.7,21,62.5,239=
University of Wollongong,Australia,AU,Oceania,L,FC,VH,3,Public,184,167,162,185=,57.5,50.1,41.6,287,33.1,434,21.1,801+,95.6,66,99.5,113,82.2,211,83.8,179,88.6,197,25.8,626,86.1,98=,29.7,290,25.1,382,16.3,701+,93.8,60,95.6,146,56.0,265,72.7,186,17.1,492,92.3,75=
University of Wolverhampton,United Kingdom,UK,Europe,L,CO,HI,5,Public,1001-1200,1001-1200,1001-1200,1001-1200,-,-,3.1,701+,3.7,701+,14.0,801+,14.9,801+,40.8,493,78.9,228,80.9,198,55.7,756,5.9,801+,31.0,801+,3.4,601+,3.2,601+,10.4,701+,9.4,701+,34.7,457,72.1,200,3.7,701+,8.8,701+,1.4,701+
University of Wroclaw,Poland,PL,Europe,L,CO,VH,4,Public,801-850,851-900,901-950,801-1000,-,-,20.6,599,22.0,603,45.0,436,6.9,801+,7.2,801+,15.6,801+,21.7,736,63.2,648,18.5,749,45.3,801+,14.8,589,14.4,569,28.4,539,4.2,701+,5.0,701+,7.6,701+,7.7,701+,12.1,701+,7.3,701+
University of Wyoming,United States,US,Americas,M,CO,VH,5,Public,1001-1200,1001-1200,1001-1200,801-1000,-,-,3.6,701+,2.3,701+,39.4,515,29.6,592,12.6,801+,8.1,801+,13.5,801+,52.0,801+,10.6,801+,43.4,801+,3.0,601+,1.4,601+,25.9,570,23.4,508,7.7,701+,4.0,701+,10.7,660,9.8,701+,6.3,701+
University of York,United Kingdom,UK,Europe,L,FC,VH,4,Public,169,184,167,162,59.4,49.4,56.8,197,42.3,317,55.8,335,53.8,344,92.4,208,75.4,253,77.8,223,96.0,58,41.0,427,93.2,34,43.5,194,35.3,275,45.0,351,40.3,342,88.3,192,78.2,171,79.2,150,19.8,421,97.8,26=
University of Zagreb,Croatia,HR,Europe,XL,FC,VH,5,Public,701-710,651-660,751-760,801-1000,-,-,23.2,545,12.8,701+,26.8,700,8.1,801+,1.9,801+,5.1,801+,10.0,801+,92.1,145,98.4,34,60.9,486=,16.2,539,4.7,601+,23.8,597,4.2,701+,1.5,701+,2.7,701+,74.2,176,44.8,158,19.2,549=
University of Zilina,Slovakia,,Europe,M,FO,VH,,Public,1001-1200,1001-1200,,,-,,6.3,701+,7.3,701+,59.5,302,13.9,801+,5.5,801+,12.3,801+,14.7,801+,25.6,801+,5.6,801+,36.5,801+,,,,,,,,,,,,,,,,,,
University of Zurich,Switzerland,CH,,L,FC,VH,5,A,,,=91,83=,,61.6,,,,,,,,,,,,,,,,,,,,,59.1,126,27.6,352,89.9,88,52.0,248,100.0,60,53.0,274,87.2,100,75.2,58,80.2,149
University of Zurich (UZH),Switzerland,,Europe,L,FO,VH,,Public,100,109,,,68.5,,71.0,132,43.5,308,95.2,72,52.3,361,100.0,82,57.8,357,43.1,482,93.5,114,90.8,97,69.8,318,,,,,,,,,,,,,,,,,,
University of Žilina,Slovakia,SK,,M,FO,VH,4,A,,,1001-1200,801-1000,,-,,,,,,,,,,,,,,,,,,,,,5.7,601+,1.0,601+,56.1,264,6.2,701+,2.5,701+,2.9,701+,1.2,701+,13.4,641,1.1,701+
University Paris 2 Panthéon-Assas,France,FR,,L,SP,,5,A,,,851-900,601-650,,-,,,,,,,,,,,,,,,,,,,,,7.1,601+,3.5,601+,71.3,179,1.2,701+,12.5,701+,24.5,479,1.0,701+,27.4,297,1,701+
University POLITEHNICA of Bucharest,Romania,RO,Europe,L,FO,VH,5,Public,1201-1400,1201-1400,1201-1400,1201-1400,-,-,6.3,701+,20.8,630,4.9,801+,14.6,801+,1.7,801+,4.7,801+,3.7,801+,61.4,672,9.4,801+,22.8,801+,5.7,601+,8.7,601+,3.5,701+,6.4,701+,1.5,701+,2.8,701+,17.9,561,6.4,701+,1.2,701+
"University Politehnica of Timisoara, UPT",Romania,RO,,M,FO,VH,5,A,,,1401+,1201-1400,,-,,,,,,,,,,,,,,,,,,,,,4.0,601+,3.4,601+,8.6,701+,3.6,701+,1.2,701+,2.9,701+,1.3,701+,8.5,701+,1,701+
University Toulouse – Jean Jaurès,France,,Europe,L,FO,VH,,Public,1201-1400,1001-1200,,,-,,13.1,701+,4.8,701+,1.8,801+,9.0,801+,34.1,544,31.0,580,23.2,717,64.0,635,2.4,801+,30.1,801+,,,,,,,,,,,,,,,,,,
University Ulm,Germany,DE,,M,FO,VH,4,A,,,=542,375=,,21.7,,,,,,,,,,,,,,,,,,,,,7.6,601+,3.9,601+,78.3,144,33.7,404,41.1,403,21.1,533,14.5,603,7.2,701+,3.2,701+
Università  Cattolica del Sacro Cuore,Italy,IT,Europe,L,FO,VH,5,Private not for Profit,409,442,=505,511-520,36.8,23.0,33.1,370,43.1,311,28.7,663,40.3,466,17.1,764,13.9,801+,19.9,763,72.4,492,42.7,411,62.0,458=,23.5,367,31.4,314,35.0,453,13.4,672,10.4,701+,12.7,668,9.0,696,26,318,44.4,336=
Università degli Studi della Tuscia (University of Tuscia),Italy,IT,,M,CO,VH,3,A,,,1001-1200,1001-1200,,-,,,,,,,,,,,,,,,,,,,,,3.9,601+,1.3,601+,6.1,701+,33.5,409,10.7,701+,6.7,701+,2.4,701+,6.8,701+,14.4,620
Università degli studi di Bergamo,Italy,IT,Europe,L,FO,VH,3,Public,1401+,1201-1400,1201-1400,1201-1400,-,-,7.2,701+,4.2,701+,2.5,801+,11.9,801+,5.8,801+,12.3,801+,18.2,790,39.1,801+,5.5,801+,31.4,801+,5.7,601+,2.3,601+,1.5,701+,6.3,701+,8.4,701+,6.4,701+,1.4,701+,8.5,701+,1.1,701+
Università  degli Studi di Palermo,Italy,,Europe,L,CO,VH,,Public,801-850,851-900,,,-,,17.8,688,4.8,701+,7.1,801+,45.0,415,3.3,801+,3.8,801+,8.8,801+,84.0,274,6.4,801+,44.3,801+,,,,,,,,,,,,,,,,,,
Università  degli Studi di Pavia,Italy,IT,Europe,L,FC,VH,5,Public,423,440,=469,561-570,36.1,24.6,29.4,420,12.9,701+,13.5,801+,72.3,196,8.4,801+,24.6,669,30.7,607,80.4,346,20.4,718,74.9,237=,21.2,413,5.8,601+,7.5,701+,51.0,257,6.1,701+,13.2,657,53.1,296,13.2,652,44.4,336=
Università degli Studi di Perugia,Italy,IT,,L,FC,VH,5,A,,,661-670,801-1000,,-,,,,,,,,,,,,,,,,,,,,,9.3,601+,2.3,601+,3.6,701+,42.4,318,6.9,701+,5.9,701+,27.3,477,6,701+,66,222
Università degli Studi di Roma - Tor Vergata,Italy,,Europe,L,CO,VH,,Public,355,393,,,41.2,,40.7,294,25.2,534,14.9,801+,65.5,246,19.7,716,58.8,348,62.8,315,71.7,505,8.5,801+,70.3,313=,,,,,,,,,,,,,,,,,,
Università degli Studi di Udine,Italy,IT,Europe,M,CO,VH,3,Public,1001-1200,1001-1200,1001-1200,1001-1200,-,-,9.5,701+,4.8,701+,15.2,801+,23.9,657,5.7,801+,8.2,801+,13.6,801+,52.1,801+,2.0,801+,42.8,801+,7.2,601+,2.5,601+,10.2,701+,22.0,528,4.7,701+,4.0,701+,5.8,701+,7.7,701+,20.7,539
Università degli Studi Roma Tre,Italy,IT,Europe,XL,CO,VH,3,Public,901-950,901-950,901-950,801-1000,-,-,24.7,515,14.6,701+,3.3,801+,15.5,796,8.8,801+,7.8,801+,6.0,801+,66.7,594,11.0,801+,56.2,576=,17.5,508,6.9,601+,2.1,701+,14.9,638,9.0,701+,4.6,701+,18.2,558,5.8,701+,8.4,695=
Università del Salento,Italy,IT,,L,CO,VH,4,A,,,1001-1200,,,-,,,,,,,,,,,,,,,,,,,,,7.0,601+,1.6,601+,7.1,701+,22.0,528,1.8,701+,1.5,701+,19.6,546,4.7,701+,,
Università della Calabria,Italy,,Europe,M,CO,VH,,Public,951-1000,901-950,,,-,,11.1,701+,4.5,701+,10.6,801+,34.9,526,9.2,801+,7.9,801+,13.5,801+,79.1,367,1.7,801+,57.5,550=,,,,,,,,,,,,,,,,,,
Università della Svizzera Italiana,Switzerland,,Europe,S,FO,VH,,Public,473,405,,,33.5,,9.3,701+,9.4,701+,70.3,227,43.4,434,100.0,33,100.0,10,100.0,5,42.7,801+,2.2,801+,48.2,751=,,,,,,,,,,,,,,,,,,
Università di Padova,Italy,IT,,XL,FC,VH,5,A,,,219,243=,,43.0,,,,,,,,,,,,,,,,,,,,,57.3,133,22.0,428,7.8,701+,51.8,250,12.9,701+,9.4,701+,91.3,73,13.8,620,95,55
Università Vita-Salute San Raffaele,Italy,IT,Europe,S,SP,VH,3,Private not for Profit,461,389,=595,436=,33.9,19.9,4.8,701+,3.1,701+,89.3,108,99.5,28,6.2,801+,11.3,801+,16.3,801+,35.5,801+,4.1,801+,26.1,801+,3.1,601+,1.7,601+,98.8,40,39.0,352,8.3,701+,3.1,701+,3.6,701+,7.6,701+,1,701+
Universität Bayreuth,Germany,,Europe,M,CO,VH,,Public,448,527,,,34.5,,14.1,701+,22.3,596,64.6,272,39.2,481,63.6,365,39.7,494,45.1,462,82.3,306,16.2,801+,69.9,316=,,,,,,,,,,,,,,,,,,
Universität Bielefeld,Germany,,Europe,L,FO,VH,,Public,1001-1200,1001-1200,,,-,,19.9,620,7.5,701+,16.1,801+,8.8,801+,25.9,636,16.3,794,12.4,801+,68.9,548,4.9,801+,44.1,801+,,,,,,,,,,,,,,,,,,
Universität Bremen,Germany,DE,Europe,L,CO,VH,4,Public,530,592,=514,601-650,30.8,22.7,25.7,491,14.2,701+,15.2,801+,39.5,477,61.4,381,41.9,477,47.2,440,86.9,220,7.6,801+,54.9,605,19.7,450,8.4,601+,16.3,701+,24.4,496,41.7,394,26.7,453,77.7,160,7.2,701+,28.1,467=
Universität des Saarlandes,Germany,DE,Europe,L,FC,VH,4,Public,635,601-610,=600,441=,27.2,19.8,14.0,701+,10.1,701+,96.3,65,12.1,801+,6.3,801+,62.3,325,46.4,449,70.4,520,41.8,419,31.9,801+,11.1,601+,4.5,601+,89.9,87,8.3,701+,4.9,701+,39.2,350,39.0,384,20.1,416,2,701+
Universität Duisburg-Essen,Germany,DE,Europe,XL,FC,VH,4,Public,801-850,801-850,771-780,801-1000,-,-,16.1,701+,8.1,701+,21.9,794,15.3,799,33.0,555,52.7,391,57.2,357,90.5,168,16.9,788,44.9,801+,11.5,601+,5.2,601+,11.4,701+,11.8,701+,36.4,443,42.2,334,54.9,286,11.5,701+,9.2,685=
Universität Düsseldorf,Germany,,Europe,L,FC,VH,,Public,851-900,851-900,,,-,,16.2,701+,11.4,701+,60.4,298,11.5,801+,,,30.6,584,23.0,720,68.5,558,4.9,801+,36.9,801+,,,,,,,,,,,,,,,,,,
Universität Erlangen-Nürnberg,Germany,,Europe,L,FC,VH,,Public,232,224,,,52.2,,37.9,316,46.2,290,5.2,801+,96.7,59,39.5,504,60.6,338,64.4,307,86.7,226,27.1,606,75.4,228=,,,,,,,,,,,,,,,,,,
Universität Freiburg,Germany,,Europe,L,FC,VH,,Public,201,212,,,55.6,,56.8,195,35.3,408,31.1,616,66.4,238,78.7,302,44.2,455,49.4,420,89.5,180,47.2,372,85.6,104=,,,,,,,,,,,,,,,,,,
Universität Hamburg,Germany,DE,Europe,L,FO,VH,5,Public,193,191,205,228,56.5,45.1,64.0,157,51.7,238,25.6,725,54.6,333,58.8,396,31.3,576,37.1,524,93.8,103,49.9,346,94.1,29,51.0,160,28.7,340,16.9,701+,60.0,205,41.6,395,22.3,512,87.2,101,26.8,305,52.8,292=
Universität Hohenheim,Germany,,Europe,M,SP,VH,,Public,711-720,601-610,,,-,,9.1,701+,11.1,701+,19.6,801+,45.4,409,31.8,565,38.4,512,28.7,631,74.1,464,7.7,801+,55.0,604,,,,,,,,,,,,,,,,,,
Universität Innsbruck,Austria,AT,Europe,L,FC,VH,5,Public,350,309,=362,308=,41.5,30.6,27.7,455,12.3,701+,76.9,184,17.7,758,100.0,72,100.0,31,100.0,19,73.9,470,69.9,210,74.7,243=,20.2,433,7.0,601+,69.2,187,11.2,701+,100.0,65,100.0,27,32.9,434,35.7,208,16.5,586=
Universität Jena,Germany,DE,Europe,L,FC,VH,5,Public,575,526,=461,352=,29.1,24.9,23.4,540,10.4,701+,100.0,21,12.7,801+,,,34.1,548,25.5,679,91.1,154,4.9,801+,53.2,641=,18.5,482,6.0,601+,99.9,20,10.0,701+,,,22.4,509,84.0,125,8.1,701+,16.1,592=
Universität Konstanz,Germany,DE,Europe,M,CO,VH,4,Public,440,466,478,541-550,34.9,24.2,25.5,499,18.7,692,50.3,380,33.4,544,91.5,213,26.8,634,32.8,577,63.7,640,23.0,673,69.9,316=,20.4,430,6.9,601+,33.7,473,21.2,541,79.8,230,14.2,638,24.1,506,15.6,536,55.8,271=
Universität Leipzig,Germany,DE,Europe,L,FC,VH,5,Public,535,527,479,420=,30.6,24.1,31.5,391,14.0,701+,85.3,132,13.0,801+,,,24.0,673,18.1,795,82.7,298,15.9,801+,57.2,557,25.4,344,10.2,601+,71.0,181,9.6,701+,,,15.8,602,59.3,249,10,701+,34.6,403=
Universität Mannheim,Germany,DE,Europe,M,FO,VH,5,Public,416,487,=454,541-550,36.5,25.2,20.3,604,76.3,120,4.6,801+,42.4,449,55.7,407,41.2,481,46.6,445,25.7,801+,45.0,390,51.3,677=,16.1,545,48.6,179,2.1,701+,45.1,299,29.1,495,20.9,536,2.0,701+,23.8,355,2.5,701+
Universität Potsdam,Germany,DE,Europe,L,FO,VH,3,Public,477,474,460,601-650,33.4,25.0,22.3,563,5.0,701+,28.4,673,53.7,347,60.9,384,34.9,541,40.6,499,92.6,133,4.2,801+,75.3,231,16.0,547,3.1,601+,16.4,701+,38.6,359,51.0,353,21.8,518,86.3,105,7.2,701+,42.6,345=
Universität Regensburg,Germany,DE,Europe,L,FO,VH,4,Public,691,741-750,741-750,581-590,25.4,-,16.0,701+,11.9,701+,77.3,181,13.3,801+,39.4,505,17.7,768,23.9,708,71.0,512,27.7,600,38.7,801+,11.2,601+,6.7,601+,75.9,159,7.2,701+,,,9.5,701+,27.1,480,14.1,606,1.9,701+
Universität Rostock,Germany,DE,Europe,L,FC,HI,5,Public,851-900,801-850,761-770,601-650,-,-,9.6,701+,5.0,701+,92.6,90,9.5,801+,,,21.2,705,16.0,801+,77.3,398,6.6,801+,39.5,801+,7.7,601+,3.2,601+,79.4,140,5.8,701+,,,14.7,626,47.6,329,9.2,701+,2.8,701+
Universität Siegen,Germany,DE,Europe,L,CO,HI,4,Public,1201-1400,1001-1200,1001-1200,1001-1200,-,-,5.4,701+,1.2,701+,15.4,801+,10.2,801+,53.9,419,37.3,524,42.9,485,42.0,801+,4.9,801+,29.2,801+,4.7,601+,1.9,601+,9.7,701+,6.5,701+,52.4,350,29.1,430,5.7,701+,8.9,701+,1.3,701+
Universität Stuttgart,Germany,DE,Europe,L,FO,VH,5,Public,310,314,312,355=,44.5,33.7,33.4,364,46.1,291,11.0,801+,64.2,253,44.8,468,60.9,337,64.7,306,69.7,537,35.8,480,74.2,253=,23.7,361,27.2,357,6.1,701+,64.8,177,37.4,430,49.8,296,36.5,405,19.4,430,33.8,411=
Universität Ulm,Germany,,Europe,M,FO,VH,,Public,546,554,,,30.2,,10.9,701+,10.2,701+,83.9,147,43.8,430,47.5,450,30.8,582,23.1,718,67.2,585,3.4,801+,38.7,801+,,,,,,,,,,,,,,,,,,
Universität zu Köln,Germany,,Europe,L,FO,VH,,Public,272,285,,,48.2,,45.0,263,50.5,250,23.6,759,43.8,429,39.3,506,47.1,430,52.0,399,92.6,134,64.5,241,88.9,71=,,,,,,,,,,,,,,,,,,
Université Catholique de Louvain (UCL),Belgium,,Europe,L,FC,VH,,Private not for Profit,191,203,,,56.8,,61.7,164,36.0,398,6.4,801+,59.5,291,94.5,185,63.1,319,66.6,292,91.6,150,82.0,150,81.3,157,,,,,,,,,,,,,,,,,,
Université catholique de Louvain (UCLouvain),Belgium,BE,,L,FC,VH,5,B,,,=180,195=,,48.0,,,,,,,,,,,,,,,,,,,,,49.1,166,30.8,317,4.4,701+,60.2,203,89.4,186,39.3,347,83.2,130,51.7,125,54.6,279=
Université Claude Bernard Lyon 1,France,FR,Europe,XL,FC,VH,5,Public,587,562,=452,601-650,28.6,25.5,26.1,486,5.9,701+,9.6,801+,53.0,356,10.1,801+,20.5,723,15.5,801+,91.7,149,16.0,801+,51.0,680=,18.9,471,4.1,601+,8.2,701+,55.3,233,7.9,701+,13.2,659,90.8,78,8.8,701+,26.6,481=
Université Côte d’Azur,France,FR,Europe,XL,FC,VH,1,Public,688,731-740,721-730,751-800,25.6,-,21.6,573,8.2,701+,9.1,801+,27.7,609,36.5,526,51.0,402,55.6,367,83.3,288,13.6,801+,69.2,326=,15.8,551,3.0,601+,5.2,701+,21.8,530,32.8,467,39.7,345,42.6,356,7.8,701+,5.6,701+
Université de Bordeaux,France,,Europe,XL,FO,VH,,Public,494,535,,,32.5,,43.2,274,10.0,701+,13.5,801+,28.1,605,31.7,566,35.2,539,40.9,498,93.5,113,25.3,635,56.5,571=,,,,,,,,,,,,,,,,,,
Université de Bretagne Occidentale (UBO),France,,Europe,L,FO,VH,,,1001-1200,,,,-,,6.2,701+,5.4,701+,32.1,600,25.2,634,,,,,,,82.7,297,3.6,801+,47.2,783=,,,,,,,,,,,,,,,,,,
Université de Caen Normandie,France,FR,Europe,L,FC,HI,5,Public,1201-1400,1001-1200,1001-1200,1201-1400,-,-,11.3,701+,5.2,701+,9.2,801+,10.3,801+,11.0,801+,11.4,801+,8.7,801+,76.4,414,6.6,801+,35.8,801+,9.0,601+,2.6,601+,6.0,701+,5.7,701+,9.3,701+,6.9,701+,36.8,402,6.4,701+,1.2,701+
Université de Franche-Comté,France,FR,Europe,S,CO,VH,,Public,851-900,711-720,1201-1400,,-,-,7.6,701+,3.6,701+,100.0,8,18.7,740,,,,,,,77.4,395,3.8,801+,32.0,801+,5.8,601+,2.1,601+,,,,,,,,,46.0,336,,,,
Université de Fribourg,Switzerland,CH,,M,CO,VH,5,A,,,=563,571-580,,20.9,,,,,,,,,,,,,,,,,,,,,10.7,601+,3.8,601+,5.3,701+,38.8,355,100.0,76,45.4,319,8.9,701+,20.4,411,5.2,701+
Université de Lille,France,FR,Europe,XL,FC,VH,1,Public,654,721-730,631-640,751-800,26.6,-,33.9,358,10.6,701+,6.1,801+,27.0,616,21.0,698,25.4,657,19.1,778,94.2,95,6.9,801+,54.3,617=,25.3,346,4.2,601+,4.4,701+,14.6,643,16.8,637,17.6,580,86.3,106,7,701+,17.2,574=
Université de Limoges,France,FR,Europe,M,SP,VH,,,1201-1400,1201-1400,1201-1400,,-,-,8.9,701+,5.5,701+,22.4,783,9.1,801+,,,,,,,55.9,750,3.6,801+,29.6,801+,6.1,601+,1.9,601+,18.2,701+,7.2,701+,,,,,16.7,578,6.4,701+,,
Université de Liège,Belgium,BE,,L,FC,VH,5,A,,,=421,521-530,,26.7,,,,,,,,,,,,,,,,,,,,,18.1,495,16.3,524,12.9,701+,27.2,461,50.7,355,48.5,306,79.3,149,16.2,516,47.8,318=
Université de Lorraine,France,FR,Europe,XL,FO,VH,5,Public,751-760,801-850,721-730,801-1000,-,-,19.2,644,5.0,701+,8.6,801+,24.7,646,40.5,494,40.0,488,29.9,617,95.6,68,22.3,692,54.5,610=,13.7,601+,3.6,601+,6.4,701+,11.4,701+,28.9,496,28.4,438,93.1,63,10.2,701+,17.2,574=
Université de Montpellier,France,FR,Europe,XL,FO,VH,5,Public,430,448,=382,501-510,35.7,29.0,26.7,471,4.9,701+,11.7,801+,72.3,195,29.0,594,42.8,468,48.0,433,99.4,10,18.8,745,55.3,596=,19.4,461,3.4,601+,8.9,701+,57.6,224,23.9,550,32.3,398,99.8,9,10.7,701+,38.7,370=
Université de Montréal ,Canada,CA,,XL,FC,VH,5,A,,,=141,116=,,52.1,,,,,,,,,,,,,,,,,,,,,56.6,136,34.5,283,77.0,154,24.9,491,88.4,191,52.2,277,65.2,216,36,205,95.5,50
Université de Nantes,France,FR,,XL,CO,VH,5,A,,,771-780,801-1000,,-,,,,,,,,,,,,,,,,,,,,,10.3,601+,2.7,601+,7.1,701+,23.6,505,17.1,625,13.9,642,77.3,161,6.7,701+,15.6,601=
Université de Paris-Cité,France,FR,,XL,FO,VH,1,A,,,236,248=,,41.1,,,,,,,,,,,,,,,,,,,,,31.6,275,5.9,601+,9.2,701+,93.7,61,19.3,598,41.5,336,99.6,11,11.6,701+,46,331=
Université de Poitiers,France,FR,Europe,L,CO,VH,5,Public,1201-1400,1001-1200,1001-1200,1001-1200,-,-,11.1,701+,1.2,701+,7.6,801+,8.5,801+,,,38.9,505,29.1,626,74.6,448,13.6,801+,39.3,801+,8.7,601+,2.0,601+,4.9,701+,6.2,701+,,,29.1,431,36.3,409,7.8,701+,2.3,701+
Université de Rennes 1,France,,Europe,L,FO,VH,,Public,711-720,721-730,,,-,,21.3,581,11.0,701+,15.6,801+,36.7,510,15.9,781,19.0,745,14.4,801+,86.9,218,9.8,801+,49.4,719=,,,,,,,,,,,,,,,,,,
Université de Rennes 1 (University of Rennes),France,FR,,L,FO,VH,5,A,,,711-720,801-1000,,-,,,,,,,,,,,,,,,,,,,,,15.8,550,4.0,601+,12.2,701+,25.0,487,12.6,701+,12.1,677,57.3,265,7.4,701+,13.4,631=
Université de Sfax,Tunisia,TN,Africa,XL,CO,VH,2,Public,1001-1200,1001-1200,1001-1200,,-,-,11.4,701+,4.2,701+,56.3,330,6.1,801+,1.1,801+,5.6,801+,9.6,801+,58.9,708,13.6,801+,49.6,711=,5.9,601+,2.5,601+,40.6,386,4.1,701+,1.1,701+,3.3,701+,4.2,701+,11.3,701+,,
Université de Sherbrooke,Canada,CA,Americas,L,FC,HI,4,Public,901-950,851-900,801-850,751-800,-,-,8.2,701+,4.4,701+,24.2,749,24.2,651,62.6,372,13.9,801+,10.5,801+,55.0,771,31.8,530,48.5,743=,6.9,601+,6.8,601+,19.9,671,20.1,557,56.2,331,8.4,701+,3.2,701+,14.3,592,7.5,701+
Université de Sousse,Tunisia,TN,Africa,L,FC,HI,2,Public,1201-1400,1001-1200,1001-1200,751-800,-,-,6.4,701+,3.9,701+,51.8,365,2.9,801+,1.2,801+,3.7,801+,7.9,801+,36.6,801+,9.4,801+,44.1,801+,3.7,601+,1.1,601+,60.7,233,1.7,701+,1.1,701+,2.1,701+,1.2,701+,7.9,701+,1,701+
Université de Strasbourg,France,FR,Europe,XL,FC,VH,5,Public,420,456,=421,434=,36.3,26.7,50.1,224,16.3,701+,7.3,801+,31.5,570,41.7,484,45.4,445,33.9,564,90.7,166,29.8,552,47.3,780=,39.6,216,7.9,601+,5.3,701+,23.1,512,35.6,449,38.6,357,70.2,194,10.9,701+,14.9,614=
Université de Toulouse II-Le Mirail,France,FR,,XL,FO,VH,5,A,,,1001-1200,1001-1200,,-,,,,,,,,,,,,,,,,,,,,,10.1,601+,2.6,601+,1.2,701+,7.0,701+,28.5,499,21.6,524,12.5,630,6.7,701+,1.1,701+
Université de Tunis,Tunisia,TN,Africa,L,FO,VH,4,Public,1201-1400,1001-1200,1201-1400,1201-1400,-,-,11.3,701+,5.8,701+,28.3,674,3.0,801+,2.5,801+,2.8,801+,7.1,801+,17.4,801+,58.5,280,29.6,801+,6.1,601+,2.5,601+,17.3,701+,1.9,701+,2.2,701+,1.8,701+,1.0,701+,15.5,542,1,701+
Université de Tunis El Manar,Tunisia,TN,Africa,L,FC,VH,2,Public,731-740,771-780,951-1000,1201-1400,-,-,15.8,701+,6.2,701+,39.9,508,9.2,801+,61.9,376,16.7,787,19.9,764,82.5,301,61.3,259,56.7,562=,8.0,601+,2.6,601+,20.8,649,4.8,701+,21.9,573,5.1,701+,50.2,311,27.3,299,8.3,701+
Université du Québec,Canada,CA,Americas,XL,FC,HI,4,Public,851-900,851-900,751-760,571-580,-,-,20.5,600,14.9,701+,2.5,801+,16.8,767,40.3,497,19.0,744,14.4,801+,65.4,616,31.4,531,51.6,669=,17.3,516,11.8,601+,1.6,701+,16.3,610,37.1,435,11.6,683,19.7,545,14.8,563,27.3,478=
Université Grenoble Alpes,France,FR,Europe,XL,FC,VH,1,Public,321,334,294,317=,43.4,35.6,55.3,200,19.2,679,10.4,801+,51.8,365,30.9,579,47.9,421,52.7,390,94.1,97,31.8,529,60.0,502=,44.5,188,10.1,601+,7.8,701+,48.8,276,18.4,611,34.9,380,92.6,64,14.2,596,40.8,360=
Université Ibn Tofail,Morocco,,Africa,XL,CO,HI,,Public,1201-1400,,,,-,,14.6,701+,3.1,701+,1.5,801+,12.0,801+,27.0,624,4.2,801+,9.1,801+,28.6,801+,5.0,801+,36.8,801+,,,,,,,,,,,,,,,,,,
Université Jean Moulin Lyon 3,France,FR,Europe,L,SP,VH,5,Public,1201-1400,1201-1400,1201-1400,1201-1400,-,-,11.2,701+,11.4,701+,2.4,801+,4.3,801+,27.0,626,44.1,456,49.2,421,11.8,801+,5.9,801+,25.4,801+,8.9,601+,3.4,601+,1.8,701+,2.2,701+,25.5,528,30.8,414,1.0,701+,7.1,701+,1.1,701+
Université Laval,Canada,CA,,L,FC,VH,5,A,,,=441,433,,25.9,,,,,,,,,,,,,,,,,,,,,19.9,443,11.0,601+,25.6,577,25.1,484,67.4,290,36.3,372,55.4,280,24.4,343,31,432=
Université Libre de Bruxelles (ULB),Belgium,,Europe,L,FC,VH,,Public,227,230,,,53.1,,43.3,271,46.8,281,4.6,801+,60.3,287,99.2,124,89.6,171,90.4,145,90.9,162,74.8,184,65.2,393=,,,,,,,,,,,,,,,,,,
Université Lumière Lyon 2,France,FR,Europe,L,SP,VH,4,Public,1001-1200,1001-1200,1001-1200,1001-1200,-,-,14.3,701+,5.6,701+,5.6,801+,11.8,801+,33.5,548,48.8,415,53.6,382,62.5,658,2.4,801+,31.9,801+,10.9,601+,2.5,601+,5.5,701+,6.3,701+,28.0,501,38.2,361,12.2,633,6.7,701+,3.7,701+
Université Mohammed V de Rabat,Morocco,MA,Africa,XL,CO,VH,3,Public,1201-1400,1001-1200,1201-1400,1401+,-,-,4.8,701+,3.1,701+,2.4,801+,9.5,801+,4.7,801+,5.7,801+,11.1,801+,75.6,428,75.8,178,42.6,801+,3.1,601+,2.2,601+,1.6,701+,4.0,701+,3.7,701+,2.6,701+,17.6,566,22,376,2.7,701+
Université Paris 1 Panthéon-Sorbonne,France,FR,Europe,XL,FO,VH,5,Public,257,283,=328,300=,49.7,32.6,78.0,103,62.2,180,6.8,801+,4.8,801+,39.0,508,61.2,333,65.0,304,70.8,513,84.3,139,61.8,460=,65.2,104,24.9,385,4.2,701+,3.4,701+,38.2,421,46.4,314,30.0,458,32.2,238,16.3,588=
Université Paris 2 Panthéon-Assas,France,,Europe,L,SP,VH,,Public,1001-1200,901-950,,,-,,8.5,701+,8.2,701+,63.1,280,1.4,801+,15.8,785,38.6,510,44.1,473,6.1,801+,64.4,242,17.0,801+,,,,,,,,,,,,,,,,,,
Université Paris Cité,France,,Europe,XL,FO,VH,,Public,300,302,,,45.5,,37.7,317,13.9,701+,11.0,801+,92.5,91,24.8,653,61.0,336,45.5,455,99.5,6,22.8,676,55.7,582=,,,,,,,,,,,,,,,,,,
Université Paris-Nanterre,France,FR,Europe,XL,FO,VH,5,Public,1201-1400,1001-1200,1201-1400,1201-1400,-,-,14.6,701+,4.7,701+,4.7,801+,4.0,801+,11.7,801+,2.1,801+,1.8,801+,60.0,692,44.3,398,39.8,801+,11.9,601+,2.4,601+,3.0,701+,3.0,701+,9.9,701+,1.5,701+,14.6,601,15.2,553,1.9,701+
Université Paris-Saclay,France,FR,Europe,XL,CO,VH,1,Public,70,73,71,69,75.9,67.6,75.3,112,99.4,19,99.9,24,42.4,450,45.9,463,72.7,263,75.4,233,98.5,16,82.9,146,92.7,39=,58.9,128,99.1,13,99.8,25,45.8,294,39.1,416,60.8,244,98.7,17,34.3,224,73.6,182=
Université Paul Sabatier Toulouse III,France,FR,Europe,L,FO,VH,5,Public,587,580,=511,581-590,28.6,22.8,24.6,519,4.4,701+,45.5,432,36.4,514,6.9,801+,33.2,557,24.8,687,98.1,21,9.3,801+,50.4,696=,18.4,485,3.4,601+,40.4,388,24.8,493,5.5,701+,23.5,493,98.2,20,7.4,701+,21.8,524=
Université Paul-Valéry Montpellier 3,France,,Europe,L,FO,VH,,Public,1201-1400,1001-1200,,,-,,14.9,701+,6.1,701+,4.0,801+,8.7,801+,6.8,801+,45.3,446,33.9,565,50.9,801+,2.4,801+,36.3,801+,,,,,,,,,,,,,,,,,,
Université PSL,France,FR,,L,CO,VH,1,A,,,24,26,,85.8,,,,,,,,,,,,,,,,,,,,,73.7,82,97.0,25,99.3,33,95.7,49,69.2,280,72.7,196,100.0,3,60.8,97,80.4,146=
Université Sorbonne Paris Nord,France,FR,Europe,L,FO,VH,,,1001-1200,951-1000,1401+,,-,-,14.0,701+,7.9,701+,6.0,801+,37.6,496,,,,,,,57.2,729,6.9,801+,33.5,801+,9.5,601+,5.1,601+,,,,,,,,,14.3,611,,,,
"Université Toulouse 1, Capitole",France,FR,Europe,L,FO,VH,5,Public,1001-1200,951-1000,951-1000,1001-1200,-,-,18.3,667,8.7,701+,2.2,801+,10.1,801+,32.1,562,63.0,320,46.9,442,52.2,801+,7.9,801+,33.0,801+,14.0,601+,3.0,601+,1.5,701+,5.4,701+,29.4,493,52.3,276,13.6,615,6.4,701+,1,701+
Uppsala University,Sweden,SE,Europe,L,FC,VH,5,Public,93,103,105,128,70.3,59.4,74.7,113,48.1,268,66.3,260,55.9,318,99.7,106,82.9,207,84.5,174,95.9,60,82.9,145,94.4,26,62.7,111,30.5,320,47.7,330,45.6,296,98.3,108,82.4,152,95.5,47,58.2,105,99.4,12
Ural Federal University,Russia,,Europe,XL,CO,VH,,Public,519,516,,,31.3,,25.8,488,24.7,544,98.2,53,3.5,801+,8.7,801+,49.3,412,54.1,379,91.0,158,5.6,801+,54.4,613=,,,,,,,,,,,,,,,,,,
Ural Federal University - UrFU,Russia,RU,,XL,CO,VH,5,A,,,=473,335=,,24.4,,,,,,,,,,,,,,,,,,,,,21.3,410,13.3,601+,93.2,70,2.1,701+,5.7,701+,25.8,465,63.3,225,7.4,701+,24.8,490=
USI - Università della Svizzera italiana,Switzerland,CH,,S,FO,VH,3,A,,,=328,240=,,32.6,,,,,,,,,,,,,,,,,,,,,5.8,601+,3.9,601+,82.9,120,56.4,229,100.0,23,100.0,11,4.2,701+,7.9,701+,1.2,701+
Utah State University,United States,US,Americas,L,CO,VH,5,Public,1001-1200,1001-1200,1001-1200,1001-1200,-,-,7.4,701+,4.2,701+,8.6,801+,32.8,554,1.1,801+,2.7,801+,2.3,801+,67.2,584,11.3,801+,48.2,751=,6.6,601+,3.2,601+,6.3,701+,24.4,495,1.1,701+,1.7,701+,23.8,510,9.5,701+,15.8,598=
Utrecht University,Netherlands,NL,Europe,XL,FC,VH,5,Public,103,105,=107,112=,67.7,58.8,79.3,100,49.2,258,39.5,514,77.9,165,63.4,367,30.5,586,22.8,723,97.8,23,73.2,194,75.1,235,66.6,102,31.6,311,32.6,487,80.8,108,57.1,323,21.2,531,95.0,54,26.5,309,83.5,128=
UWE Bristol (University of the West of England),United Kingdom,,Europe,XL,CO,HI,,Public,721-730,741-750,,,-,,10.6,701+,15.1,701+,8.9,801+,25.2,633,66.1,354,88.9,176,89.9,150,72.4,493,4.2,801+,53.3,636=,,,,,,,,,,,,,,,,,,
V.N. Karazin Kharkiv National University,Ukraine,UA,Europe,L,FC,HI,5,Public,781-790,741-750,691-700,541-550,-,-,14.3,701+,30.2,470,70.5,222,1.9,801+,4.4,801+,67.8,291,69.0,276,35.2,801+,4.6,801+,46.2,801+,12.6,601+,17.9,491,66.0,204,1.4,701+,3.1,701+,58.8,257,1.6,701+,9.9,701+,1.1,701+
Van Lang University,Viet Nam,,Asia,L,FO,HI,,Private for Profit,1001-1200,,,,-,,31.4,392,10.3,701+,28.9,650,2.3,801+,10.6,801+,1.3,801+,5.7,801+,45.3,801+,4.9,801+,,,,,,,,,,,,,,,,,,,,
Vancouver Island University,Canada,CA,,M,CO,MD,,,,,1001-1200,1001-1200,,-,,,,,,,,,,,,,,,,,,,,,5.0,601+,3.3,601+,58.0,251,1.1,701+,,,,,1.1,701+,6.8,701+,,
Vanderbilt University,United States,US,Americas,L,FC,VH,5,Private not for Profit,250,248,261,199,50.4,38.4,32.3,382,41.8,323,100.0,10,50.6,372,48.4,446,50.9,404,55.5,370,77.9,383,57.5,288,61.8,460=,25.2,348,19.8,459,100.0,9,37.2,377,36.4,442,34.6,383,47.1,332,35.7,206,51.2,299=
Vellore Institute of Technology (VIT),India,IN,,XL,FO,VH,3,B,,,851-900,1001-1200,,-,,,,,,,,,,,,,,,,,,,,,11.2,601+,12.2,601+,6.5,701+,21.3,540,19.0,599,2.2,701+,13.3,622,10.2,701+,9.7,673=
"Vellore Institute of Technology (VIT), Vellore, India",India,,Asia,XL,CO,VH,,Private not for Profit,691,791-800,,,25.4,,20.5,601,26.0,519,11.6,801+,34.3,531,5.0,801+,5.3,801+,10.1,801+,81.2,327,15.8,801+,65.2,393=,,,,,,,,,,,,,,,,,,
Verona University,Italy,IT,Europe,L,FO,VH,3,Public,851-900,771-780,801-850,801-1000,-,-,13.1,701+,5.0,701+,5.9,801+,50.0,375,6.3,801+,8.4,801+,14.1,801+,70.3,523,6.9,801+,52.7,652=,8.7,601+,2.9,601+,4.8,701+,40.0,345,4.7,701+,3.6,701+,32.0,448,6.9,701+,14.7,616
Victoria University,Australia,AU,Oceania,L,CO,HI,3,Public,741-750,741-750,711-720,701-750,-,-,9.2,701+,10.1,701+,3.4,801+,48.7,381,23.6,667,74.6,256,77.1,225,48.9,801+,9.7,801+,59.3,514=,7.6,601+,6.5,601+,2.4,701+,34.6,395,34.1,462,57.6,260,15.0,598,12.3,701+,4.1,701+
Victoria University of Wellington,New Zealand,NZ,Oceania,L,CO,VH,4,Public,240,244,241,275=,51.3,40.5,57.2,192,32.2,445,15.7,801+,44.3,424,100.0,96,56.7,367,60.9,332,70.1,530,77.6,168,83.3,132,44.8,186,25.5,375,9.1,701+,32.3,418,99.5,88,34.6,382,38.1,393,47,149,93.6,66
Vienna University of Technology,Austria,,Europe,M,FO,VH,,Public,197,190,,,55.8,,47.6,246,56.3,211,18.5,801+,71.1,207,91.8,211,95.9,114,71.3,258,71.9,502,29.1,569,59.0,520,,,,,,,,,,,,,,,,,,
Viet Nam National University Ho Chi Minh City (VNU-HCM),Vietnam,VN,,XL,CO,HI,3,A,,,951-1000,801-1000,,-,,,,,,,,,,,,,,,,,,,,,16.9,524,26.4,366,7.0,701+,2.0,701+,2.8,701+,1.2,701+,2.3,701+,21.6,386,3.4,701+
"Vietnam National University, Hanoi",Viet Nam,,Asia,XL,CO,HI,,Public,761-770,851-900,,,-,,24.3,525,33.0,435,9.2,801+,4.3,801+,6.6,801+,1.3,801+,1.3,801+,68.3,562,68.7,223,69.4,323=,,,,,,,,,,,,,,,,,,
"Vietnam National University, Hanoi ",Vietnam,VN,,XL,FO,VH,3,A,,,951-1000,801-1000,,-,,,,,,,,,,,,,,,,,,,,,13.5,601+,21.1,439,9.4,701+,2.3,701+,4.7,701+,1.2,701+,10.7,657,20.8,399,6.1,701+
Vietnam National University - Ho Chi Minh City (VNU-HCM),Viet Nam,,Asia,XL,CO,VH,,Public,801-850,901-950,,,-,,29.1,426,44.7,300,7.1,801+,3.9,801+,7.3,801+,1.2,801+,5.7,801+,46.8,801+,34.4,495,45.1,801+,,,,,,,,,,,,,,,,,,
Vilnius Gediminas Technical University,Lithuania,LT,Europe,M,SP,VH,4,Public,851-900,851-900,801-850,701-750,-,-,13.8,701+,17.4,701+,38.4,529,15.6,790,19.3,723,54.3,381,58.7,347,42.7,801+,9.3,801+,35.1,801+,9.0,601+,16.7,516,40.9,385,7.3,701+,15.8,655,38.8,355,4.7,701+,11.5,701+,1.9,701+
Vilnius University,Lithuania,LT,Europe,L,FC,HI,5,Public,446,439,=473,400=,34.8,24.4,26.9,467,28.0,496,73.1,210,6.2,801+,28.4,601,28.5,609,34.5,557,80.2,351,91.3,93,70.3,313=,19.8,447,27.8,346,83.0,119,3.0,701+,13.0,701+,14.9,622,43.5,351,25.5,325,11.7,647=
Virginia Commonwealth University,United States,US,Americas,L,FC,VH,5,Public,901-950,851-900,761-770,701-750,-,-,9.5,701+,9.9,701+,42.8,464,20.0,712,12.6,801+,6.0,801+,11.5,801+,68.8,550,18.3,753,48.4,746=,6.7,601+,16.5,521,43.1,365,13.7,662,15.9,653,3.2,701+,39.2,383,12.4,701+,12,642=
Virginia Polytechnic Institute and State University,United States,US,,XL,FC,VH,5,A,,,=302,363=,,34.5,,,,,,,,,,,,,,,,,,,,,26.2,337,40.4,232,18.7,701+,34.8,389,71.7,267,17.9,577,70.0,197,20.7,402,52.8,292=
Virginia Polytechnic Institute (Virginia Tech),United States,,Americas,XL,FC,VH,,Public,358,389,,,41.1,,34.5,352,39.4,347,26.3,710,38.7,484,81.6,282,27.9,616,33.9,563,86.1,236,41.1,426,68.2,346=,,,,,,,,,,,,,,,,,,
Voronezh State University,Russia,RU,Europe,L,CO,HI,5,Public,1401+,1201-1400,1201-1400,1001-1200,-,-,5.7,701+,4.7,701+,31.3,610,1.6,801+,3.7,801+,34.5,546,40.2,502,12.2,801+,3.5,801+,20.4,801+,5.9,601+,2.3,601+,19.9,670,1.3,701+,3.4,701+,25.6,466,1.0,701+,6.6,701+,1.4,701+
Vrije Universiteit Amsterdam,Netherlands,NL,Europe,L,FC,VH,5,Public,194,221,207,214,56.2,44.9,53.3,208,28.8,489,23.3,767,80.7,154,82.9,272,57.6,358,42.9,484,90.1,173,56.4,296,68.8,338,39.6,217,15.7,531,23.6,607,68.1,156,68.5,284,40.2,340,70.1,195,20.2,414,89.1,95=
Vrije Universiteit Brussel (VUB),Belgium,BE,Europe,L,FC,VH,4,Public,294,278,259,251,46,38.6,33.3,369,22.1,599,75.6,192,27.7,611,96.8,152,72.1,264,74.8,235,92.2,143,63.2,245,80.0,169=,23.1,373,16.8,512,75.9,160,22.0,527,93.6,158,59.2,252,88.4,94,31.1,244,67.4,215=
VSB - Technical University of Ostrava,Czech Republic,CZ,,M,FO,VH,5,A,,,1001-1200,1201-1400,,-,,,,,,,,,,,,,,,,,,,,,5.4,601+,10.3,601+,15.5,701+,4.3,701+,8.4,701+,22.0,514,1.8,701+,9.4,701+,8.4,695=
Vytautas Magnus University,Lithuania,LT,Europe,M,FO,VH,5,Public,741-750,741-750,801-850,801-1000,-,-,14.0,701+,19.9,658,44.2,447,5.0,801+,46.8,455,70.8,270,73.5,244,62.8,653,26.8,611,47.0,789=,11.0,601+,20.6,449,38.5,410,2.1,701+,15.1,666,40.2,341,2.4,701+,11.4,701+,1.6,701+
Wageningen University & Research,Netherlands,NL,Europe,L,CO,VH,5,Public,153,155,=151,124,61.6,51.3,55.0,203,34.4,420,99.5,37,54.8,329,72.0,329,90.7,159,91.5,134,97.2,34,32.9,516,91.2,53,43.3,196,19.0,472,97.9,47,46.0,292,55.0,336,78.5,170,97.8,22,19,438,71.5,196=
Wake Forest University,United States,US,Americas,M,FC,VH,5,Private not for Profit,791-800,741-750,701-710,438=,-,-,7.4,701+,18.9,688,100.0,6,11.9,801+,6.2,801+,16.0,798,12.1,801+,38.8,801+,28.3,589,42.2,801+,5.4,601+,6.1,601+,100.0,13,11.0,701+,5.4,701+,13.5,654,5.5,701+,16.5,514,2.3,701+
Walailak University,Thailand,,Asia,L,FC,MD,,Public,1401+,,,,-,,8.3,701+,2.7,701+,12.5,801+,5.6,801+,13.9,801+,3.0,801+,7.4,801+,31.5,801+,3.2,801+,43.0,801+,,,,,,,,,,,,,,,,,,
Warsaw University of Life Sciences,Poland,,Europe,L,FO,VH,,Public,1001-1200,1001-1200,,,-,,8.0,701+,7.9,701+,23.1,773,14.6,801+,2.4,801+,11.9,801+,15.8,801+,67.5,576,7.1,801+,42.6,801+,,,,,,,,,,,,,,,,,,
Warsaw University of Life Sciences – SGGW (WULS-SGGW),Poland,PL,,L,FO,VH,5,A,,,1001-1200,1001-1200,,-,,,,,,,,,,,,,,,,,,,,,6.9,601+,5.0,601+,20.2,661,6.0,701+,2.4,701+,7.7,701+,32.3,442,6.3,701+,1.9,701+
Warsaw University of Technology,Poland,PL,Europe,L,FO,VH,5,Public,487,527,=571,521-530,32.8,20.7,28.4,442,72.4,137,55.7,337,9.5,801+,3.4,801+,17.6,771,23.7,710,63.8,638,15.9,801+,38.4,801+,22.8,382,49.8,172,38.7,408,4.3,701+,1.8,701+,10.3,701+,9.7,676,11.5,701+,2.1,701+
Waseda University,Japan,JP,Asia,XL,CO,VH,5,Private not for Profit,196,181,=199,205=,56.1,45.9,73.6,118,97.2,37,29.5,639,7.3,801+,35.2,535,43.7,461,48.9,426,63.1,650,90.7,98,74.3,252,60.2,118,97.3,24,23.7,602,4.3,701+,27.6,503,28.6,436,17.5,569,65.6,87,56.5,268=
Washington State University,United States,US,Americas,L,FC,VH,5,Public,423,466,=419,443=,36.1,26.8,28.7,434,39.9,345,23.1,771,42.7,444,50.7,438,9.2,801+,15.0,801+,77.9,386,15.5,801+,78.5,192=,24.4,354,17.9,489,16.2,701+,35.4,386,50.0,358,5.5,701+,46.5,335,11.1,701+,49.7,309=
Washington University in St. Louis,United States,US,Americas,L,FC,VH,5,Private not for Profit,167,171,=154,118=,59.6,50.5,46.5,251,25.7,529,99.8,31,62.6,263,93.1,199,81.8,214,83.5,182,74.8,445,55.1,301,85.8,102=,38.6,224,10.4,601+,99.8,28,50.7,259,84.3,214,68.0,219,60.5,241,33.7,228,91.4,83
Wayne State University,United States,US,Americas,L,FC,VH,5,Public,781-790,791-800,751-760,601-650,-,-,9.0,701+,6.8,701+,70.3,228,18.0,752,17.9,747,10.5,801+,8.1,801+,69.8,536,34.1,499,66.9,363=,7.8,601+,3.2,601+,64.7,214,12.3,693,12.5,701+,4.8,701+,41.9,364,15.4,545,6.4,701+
Wesleyan University,United States,US,,S,FO,VH,,B,,,851-900,601-650,,-,,,,,,,,,,,,,,,,,,,,,4.4,601+,1.8,601+,63.5,221,8.6,701+,18.0,614,16.8,587,1.0,701+,27.7,293,,
West University of Timisoara,Romania,,Europe,L,CO,HI,,Public,1201-1400,1201-1400,,,-,,13.7,701+,17.0,701+,7.4,801+,5.5,801+,2.0,801+,10.6,801+,14.8,801+,29.8,801+,32.8,518,42.2,801+,,,,,,,,,,,,,,,,,,
West Virginia University,United States,US,Americas,L,FC,VH,5,Public,1001-1200,1001-1200,901-950,1001-1200,-,-,6.4,701+,7.5,701+,15.0,801+,28.4,603,8.3,801+,8.8,801+,6.8,801+,66.9,591,21.4,700,44.6,801+,6.4,601+,6.2,601+,11.7,701+,21.5,536,6.5,701+,5.2,701+,25.4,495,14.1,603,20.3,542=
Western Michigan University,United States,US,Americas,L,FC,HI,5,Public,1201-1400,1201-1400,1001-1200,1001-1200,-,-,5.0,701+,9.5,701+,15.7,801+,10.7,801+,37.6,517,17.5,774,23.6,712,33.0,801+,26.3,619,37.6,801+,5.3,601+,3.6,601+,10.8,701+,5.8,701+,32.3,472,10.4,701+,2.2,701+,17,498,1.9,701+
Western Sydney University,Australia,AU,Oceania,XL,FC,VH,3,Public,400,384,=375,501-510,37.5,29.5,26.3,480,22.5,593,7.4,801+,44.5,419,100.0,59,67.7,292,70.9,263,87.3,211,11.8,801+,82.6,140,18.4,483,15.0,546,4.5,701+,29.5,437,100.0,48,39.2,351,68.3,206,10.3,701+,90.4,92=
Western University,Canada,CA,Americas,L,FC,VH,5,Public,151,120,114,172=,62,57.4,42.3,282,53.5,227,5.2,801+,93.5,84,100.0,85,68.7,283,71.7,254,83.6,282,98.0,42,94.0,30=,32.1,273,47.4,186,3.7,701+,98.3,30,99.7,86,54.6,268,56.4,274,93.3,30,99.6,8
Western Washington University,United States,US,,L,CO,HI,5,,,,1401+,1201-1400,,-,,,,,,,,,,,,,,,,,,,,,2.8,601+,3.4,601+,7.0,701+,4.3,701+,14.5,676,1.4,701+,1.0,701+,7.3,701+,,
Westfälische Wilhelms-Universität Münster ,Germany,DE,,L,FC,VH,5,A,,,=384,384=,,28.6,,,,,,,,,,,,,,,,,,,,,31.5,278,24.6,389,55.3,271,12.5,688,30.3,489,4.9,701+,59.1,252,26.1,314,27.6,471=
William & Mary,United States,,Americas,M,CO,VH,,Public,1001-1200,1001-1200,,,-,,10.0,701+,14.9,701+,26.4,708,16.2,779,6.0,801+,9.0,801+,14.7,801+,37.9,801+,38.6,450,44.4,801+,,,,,,,,,,,,,,,,,,
Worcester Polytechnic Institute,United States,US,Americas,M,FO,VH,5,Private not for Profit,851-900,901-950,851-900,801-1000,-,-,3.7,701+,15.3,701+,20.5,801+,40.7,461,36.9,522,36.6,530,27.4,647,29.4,801+,16.7,791,47.3,780=,3.9,601+,5.7,601+,17.1,701+,27.5,457,42.7,390,24.2,485,1.7,701+,11.8,701+,1.3,701+
Wroclaw University of Science and Technology (WRUST),Poland,PL,,L,FO,VH,5,A,,,901-950,801-1000,,-,,,,,,,,,,,,,,,,,,,,,11.9,601+,17.2,505,32.7,484,5.3,701+,3.3,701+,5.3,701+,8.4,701+,8.4,701+,1.8,701+
Wroclaw University of Science and Technology (WUST),Poland,,Europe,L,SP,VH,,Public,851-900,901-950,,,-,,15.0,701+,31.0,461,45.7,429,10.8,801+,4.7,801+,10.6,801+,15.9,801+,68.8,553,4.0,801+,31.2,801+,,,,,,,,,,,,,,,,,,
Wuhan University,China (Mainland),CN,Asia,XL,FC,VH,4,Public,186,194,194,194,57.3,46.6,53.6,205,46.7,283,21.3,801+,98.0,46,47.1,452,10.7,801+,8.2,801+,77.8,387,58.9,276,60.8,491=,40.9,204,44.0,205,12.8,701+,87.4,82,40.7,405,5.0,701+,48.4,324,35,218,44.4,336=
Wuhan University of Technology,China (Mainland),CN,Asia,XL,CO,VH,2,Public,951-1000,801-850,851-900,801-1000,-,-,7.2,701+,4.6,701+,24.1,751,41.2,457,,,4.4,801+,3.5,801+,64.2,632,10.1,801+,34.9,801+,6.9,601+,2.1,601+,12.1,701+,41.1,332,,,2.6,701+,9.7,673,7,701+,2.4,701+
Xi'an Jiaotong-Liverpool University,China (Mainland),CN,Asia,L,CO,HI,2,Private not for Profit,1001-1200,1001-1200,1001-1200,1001-1200,-,-,5.9,701+,5.4,701+,8.1,801+,12.0,801+,95.2,177,5.2,801+,10.2,801+,45.9,801+,1.3,801+,44.0,801+,4.3,601+,2.1,601+,5.7,701+,5.8,701+,97.5,122,3.1,701+,1.6,701+,6.9,701+,1.8,701+
Xi'an Jiaotong University,China (Mainland),CN,Asia,XL,FC,VH,4,Public,305,295,291,302,45,35.8,28.5,441,44.2,302,15.9,801+,97.8,49,5.5,801+,6.8,801+,5.3,801+,82.9,295,34.9,491,55.8,581,21.4,406,42.2,222,17.4,701+,80.9,106,4.4,701+,4.1,701+,36.8,403,20.8,397,34.6,403=
Xiamen University,China (Mainland),CN,Asia,XL,FC,VH,4,Public,341,362,=392,422=,42.1,28.2,34.3,354,24.2,556,25.0,733,83.9,132,10.8,801+,9.3,801+,7.1,801+,64.7,626,54.4,308,54.1,623,25.9,340,11.6,601+,20.0,664,65.3,170,5.4,701+,3.4,701+,25.4,494,21.5,387,17.1,579=
Yale University,United States,US,Americas,L,FC,VH,5,Private not for Profit,21,23,16,18,90.4,87.7,100.0,9,100.0,7,100.0,12,64.8,250,86.7,247,72.7,262,75.4,232,92.9,131,99.8,18,82.4,144=,99.9,9,99.9,7,100.0,3,45.8,293,89.8,184,78.8,169,85.8,112,99.9,9,99.2,13
Yamaguchi University,Japan,JP,Asia,M,FC,HI,4,Public,1401+,1201-1400,1001-1200,801-1000,-,-,4.4,701+,2.9,701+,46.1,425,8.2,801+,8.0,801+,4.5,801+,8.9,801+,15.4,801+,1.7,801+,22.5,801+,4.0,601+,1.7,601+,43.2,363,4.5,701+,7.0,701+,2.7,701+,1.2,701+,8,701+,1.1,701+
Yarmouk University,Jordan,JO,Asia,L,FC,HI,3,Public,851-900,951-1000,1001-1200,1201-1400,-,-,23.4,541,32.0,448,5.3,801+,5.2,801+,7.7,801+,25.9,646,28.4,634,44.6,801+,42.3,414,45.3,801+,11.9,601+,14.5,564,2.8,701+,2.5,701+,7.8,701+,13.9,643,3.9,701+,28.4,283,1.1,701+
Yerevan State University,Armenia,AM,Asia,M,CO,HI,5,Public,1001-1200,901-950,1001-1200,801-1000,-,-,8.7,701+,6.0,701+,64.8,271,1.9,801+,8.7,801+,3.0,801+,7.2,801+,21.2,801+,90.0,106,13.3,801+,7.0,601+,3.0,601+,45.4,347,1.4,701+,5.2,701+,1.6,701+,1.0,701+,35.2,215,1,701+
Yeshiva University,United States,US,Americas,M,FC,MD,5,Private not for Profit,624,413,=369,246=,27.5,30.0,3.8,701+,4.6,701+,62.7,282,72.8,191,36.4,527,27.7,618,30.0,615,15.3,801+,4.9,801+,36.4,801+,2.8,601+,3.3,601+,75.0,167,99.7,14,,,8.9,701+,3.6,701+,10.4,701+,1.3,701+
Yessenov University,Kazakhstan,,Asia,M,CO,MD,,Public,1201-1400,,,,-,,16.7,701+,6.9,701+,19.2,801+,1.2,801+,38.4,514,28.3,612,27.9,642,2.7,801+,4.3,801+,15.9,801+,,,,,,,,,,,,,,,,,,
Yeungnam University,Republic of Korea,,Asia,L,FC,VH,,Private for Profit,901-950,951-1000,,,-,,5.1,701+,4.7,701+,18.9,801+,47.5,395,38.6,511,17.8,763,23.3,716,46.7,801+,4.9,801+,33.5,801+,,,,,,,,,,,,,,,,,,
Yeungnam University ,South Korea,KR,,L,FC,HI,4,C,,,951-1000,801-1000,,-,,,,,,,,,,,,,,,,,,,,,5.5,601+,3.2,601+,14.3,701+,23.3,511,39.8,413,6.1,701+,2.5,701+,4.5,701+,1.3,701+
Yildiz Technical University,Turkey,TR,Asia,L,CO,VH,5,Public,731-740,851-900,951-1000,1001-1200,-,-,13.4,701+,43.2,310,5.6,801+,26.0,624,9.5,801+,27.8,617,33.8,566,55.4,763,26.7,613,63.7,429=,8.1,601+,21.5,433,5.1,701+,9.3,701+,8.7,701+,21.6,523,2.0,701+,10.6,701+,24.4,497=
Yogyakarta State University,Indonesia,ID,,L,FO,HI,2,A,,,1201-1400,,,-,,,,,,,,,,,,,,,,,,,,,9.6,601+,2.8,601+,8.0,701+,1.4,701+,15.4,662,1.8,701+,1.0,701+,7.8,701+,1,701+
Yokohama City University,Japan,JP,Asia,M,FO,VH,4,Public,1001-1200,901-950,801-850,501-510,-,-,3.3,701+,3.7,701+,96.7,64,19.0,730,7.2,801+,6.0,801+,10.0,801+,15.0,801+,3.5,801+,14.5,801+,3.3,601+,2.6,601+,97.7,49,10.3,701+,4.1,701+,2.4,701+,1.1,701+,8.5,701+,1,701+
Yokohama National University,Japan,JP,Asia,M,CO,VH,4,Public,1001-1200,1001-1200,951-1000,801-1000,-,-,11.6,701+,24.5,548,22.9,777,11.3,801+,17.2,762,12.5,801+,18.2,792,28.1,801+,22.5,684,41.2,801+,9.6,601+,18.3,480,16.7,701+,8.3,701+,8.8,701+,9.4,701+,2.0,701+,16.2,517,12.7,636=
Yonsei University,Republic of Korea,,Asia,L,FC,VH,,Private not for Profit,50,56,,,82.9,,91.6,64,97.8,34,84.3,142,67.9,231,30.5,582,74.3,258,76.7,227,78.0,382,94.4,78,87.7,86,,,,,,,,,,,,,,,,,,
Yonsei University,South Korea,KR,,L,FC,VH,4,B,,,=76,73,,65.2,,,,,,,,,,,,,,,,,,,,,80.0,72,96.3,31,87.4,97,36.2,385,19.6,594,49.7,298,25.0,498,70.9,69,38.1,377=
York University,Canada,CA,Americas,XL,CO,VH,4,Public,333,362,353,456,42.4,31.1,33.4,366,31.7,451,5.0,801+,37.8,493,87.3,242,78.9,227,80.9,197,73.5,482,82.2,149,84.5,119=,23.0,377,21.0,441,4.6,701+,29.2,440,50.6,356,81.2,157,28.0,471,53.2,119,80.8,144
Youngsan University,Republic of Korea,,Asia,M,SP,MD,,Private for Profit,1401+,1201-1400,,,-,,6.5,701+,11.9,701+,25.6,726,2.0,801+,3.5,801+,25.3,658,24.7,689,2.5,801+,1.9,801+,11.5,801+,,,,,,,,,,,,,,,,,,
Youngsan University,South Korea,KR,,M,FO,MD,3,C,,,1201-1400,1201-1400,,-,,,,,,,,,,,,,,,,,,,,,5.7,601+,10.6,601+,17.5,701+,1.3,701+,2.8,701+,5.9,701+,1.0,701+,6.6,701+,,
Yuan Ze University,Taiwan,TW,Asia,M,CO,VH,3,Private for Profit,1001-1200,1201-1400,1201-1400,1201-1400,-,-,8.6,701+,9.7,701+,13.7,801+,19.7,716,22.2,684,23.0,689,25.9,671,38.9,801+,2.1,801+,42.9,801+,5.4,601+,5.4,601+,7.4,701+,10.6,701+,7.0,701+,9.6,701+,1.0,701+,7.9,701+,1,701+
Zagazig University,Egypt,EG,Africa,XL,FC,VH,3,Public,1201-1400,1201-1400,1201-1400,1201-1400,-,-,11.3,701+,9.1,701+,4.5,801+,5.1,801+,1.3,801+,8.1,801+,12.0,801+,69.8,535,5.2,801+,53.0,646=,6.6,601+,3.8,601+,2.9,701+,2.4,701+,1.2,701+,2.4,701+,15.3,593,2.8,701+,7.7,701+
Zarqa University,Jordan,,Asia,M,FC,HI,,Private not for Profit,1201-1400,,,,-,,7.9,701+,4.1,701+,9.0,801+,3.8,801+,24.9,652,63.5,314,58.1,351,15.0,801+,5.4,801+,12.1,801+,,,,,,,,,,,,,,,,,,
Zayed University,United Arab Emirates,AE,Asia,M,SP,VH,3,Public,595,621-630,701-710,701-750,28.4,-,19.8,625,31.7,452,34.7,567,21.8,688,100.0,17,2.8,801+,7.1,801+,48.5,801+,29.3,561,41.1,801+,14.5,597,17.3,503,22.0,628,6.3,701+,100.0,13,2.0,701+,8.3,701+,17,499,2.8,701+
Zhejiang University,China (Mainland),CN,Asia,XL,FC,VH,4,Public,49,47,=44,42=,84,77.8,87.0,75,97.2,36,53.0,355,100.0,11,94.1,189,23.5,683,17.7,801+,94.0,100,74.4,185,63.0,441=,73.8,81,95.7,36,66.5,198,97.6,37,97.7,120,26.5,456,74.7,174,37.7,194,51.5,297=
Zhengzhou University,China (Mainland),CN,Asia,XL,FC,VH,4,Public,618,511,621-630,801-1000,27.7,-,7.1,701+,23.8,564,7.0,801+,82.7,137,,,4.1,801+,3.3,801+,62.3,661,11.4,801+,42.3,801+,5.4,601+,19.7,461,4.7,701+,65.6,168,,,2.5,701+,4.4,701+,6.7,701+,3.2,701+
Zurich University of Applied Sciences (ZHAW),Switzerland,,Europe,M,CO,VH,,,801-850,781-790,,,-,,7.2,701+,12.5,701+,81.1,164,5.0,801+,73.9,319,25.1,659,31.2,597,43.1,801+,7.4,801+,55.1,602=,,,,,,,,,,,,,,,,,,
Zürcher Hochschule Winterthur,Switzerland,CH,,,CO,,,,,,1401+,,,-,,,,,,,,,,,,,,,,,,,,,5.7,601+,6.7,601+,,,,,,,,,1.7,701+,,,,
École Normale Supérieure de Lyon,France,FR,,S,CO,VH,5,A,,,=184,111,,47.6,,,,,,,,,,,,,,,,,,,,,30.5,285,14.4,570,95.7,59,98.4,27,70.8,272,14.6,628,34.3,425,10,701+,5.9,701+
École Polytechnique Fédérale de Lausanne,Switzerland,,Europe,M,FO,VH,,Public,22,26,,,90.2,,92.7,55,88.0,79,90.0,103,93.1,87,100.0,12,100.0,17,100.0,11,83.6,281,47.3,371,85.3,107=,,,,,,,,,,,,,,,,,,
Óbuda University,Hungary,HU,,M,FO,VH,2,A,,,1201-1400,1201-1400,,-,,,,,,,,,,,,,,,,,,,,,4.5,601+,3.9,601+,2.1,701+,6.6,701+,13.6,693,7.6,701+,1.3,701+,5.6,701+,1,701+
